time_s,coarse_peak_frequency_hz,refined_frequency_hz,apparent_velocity_m_s,angle_corrected_apparent_velocity_m_s,corrected_velocity_m_s,display_velocity_m_s,ridge_quality_flag,ridge_refinement_status,ridge_selection_origin,selected_candidate_rank,signal_state,velocity_origin,is_pre_event_display_only,channel,analysis_mode
0.0007439636149900033,58593749.980019182,nan,nan,nan,nan,nan,candidate,boundary_peak,strongest_peak,1,peak_at_band_boundary,peak_at_band_boundary,false,pdv_channel_2,automatic
0.0007439668149900044,58593749.980019182,nan,nan,nan,nan,nan,candidate,boundary_peak,strongest_peak,1,peak_at_band_boundary,peak_at_band_boundary,false,pdv_channel_2,automatic
0.00074397001499000549,58593749.980019182,nan,nan,nan,nan,nan,candidate,boundary_peak,strongest_peak,1,peak_at_band_boundary,peak_at_band_boundary,false,pdv_channel_2,automatic
0.00074397321499000658,58593749.980019182,nan,nan,nan,nan,nan,candidate,boundary_peak,strongest_peak,1,peak_at_band_boundary,peak_at_band_boundary,false,pdv_channel_2,automatic
0.00074397641499000767,58593749.980019182,nan,nan,nan,nan,nan,candidate,boundary_peak,strongest_peak,1,peak_at_band_boundary,peak_at_band_boundary,false,pdv_channel_2,automatic
0.00074397961499000876,58593749.980019182,nan,nan,nan,nan,nan,candidate,boundary_peak,strongest_peak,1,peak_at_band_boundary,peak_at_band_boundary,false,pdv_channel_2,automatic
0.00074398281499000985,156249999.94671783,nan,nan,nan,nan,nan,candidate,refined,strongest_peak,1,no_detectable_beat,no_detectable_beat,false,pdv_channel_2,automatic
0.00074398601499001094,58593749.980019182,nan,nan,nan,nan,nan,candidate,boundary_peak,strongest_peak,1,peak_at_band_boundary,peak_at_band_boundary,false,pdv_channel_2,automatic
0.00074398921499001203,58593749.980019182,nan,nan,nan,nan,nan,candidate,boundary_peak,strongest_peak,1,peak_at_band_boundary,peak_at_band_boundary,false,pdv_channel_2,automatic
0.00074399241499001313,58593749.980019182,nan,nan,nan,nan,nan,candidate,boundary_peak,strongest_peak,1,peak_at_band_boundary,peak_at_band_boundary,false,pdv_channel_2,automatic
0.00074399561499001422,58593749.980019182,nan,nan,nan,nan,nan,candidate,boundary_peak,strongest_peak,1,peak_at_band_boundary,peak_at_band_boundary,false,pdv_channel_2,automatic
0.00074399881499001531,58593749.980019182,nan,nan,nan,nan,nan,candidate,boundary_peak,strongest_peak,1,peak_at_band_boundary,peak_at_band_boundary,false,pdv_channel_2,automatic
0.0007440020149900164,58593749.980019182,nan,nan,nan,nan,nan,candidate,boundary_peak,strongest_peak,1,peak_at_band_boundary,peak_at_band_boundary,false,pdv_channel_2,automatic
0.00074400521499001749,58593749.980019182,nan,nan,nan,nan,nan,candidate,boundary_peak,strongest_peak,1,peak_at_band_boundary,peak_at_band_boundary,false,pdv_channel_2,automatic
0.00074400841499001858,58593749.980019182,nan,nan,nan,nan,nan,candidate,boundary_peak,strongest_peak,1,peak_at_band_boundary,peak_at_band_boundary,false,pdv_channel_2,automatic
0.00074401161499001967,58593749.980019182,nan,nan,nan,nan,nan,candidate,boundary_peak,strongest_peak,1,peak_at_band_boundary,peak_at_band_boundary,false,pdv_channel_2,automatic
0.00074401481499002076,58593749.980019182,nan,nan,nan,nan,nan,candidate,boundary_peak,strongest_peak,1,peak_at_band_boundary,peak_at_band_boundary,false,pdv_channel_2,automatic
0.00074401801499002186,58593749.980019182,nan,nan,nan,nan,nan,candidate,boundary_peak,strongest_peak,1,peak_at_band_boundary,peak_at_band_boundary,false,pdv_channel_2,automatic
0.00074402121499002295,58593749.980019182,nan,nan,nan,nan,nan,candidate,boundary_peak,strongest_peak,1,peak_at_band_boundary,peak_at_band_boundary,false,pdv_channel_2,automatic
0.00074402441499002404,58593749.980019182,nan,nan,nan,nan,nan,candidate,boundary_peak,strongest_peak,1,peak_at_band_boundary,peak_at_band_boundary,false,pdv_channel_2,automatic
0.00074402761499002513,58593749.980019182,nan,nan,nan,nan,nan,candidate,boundary_peak,strongest_peak,1,peak_at_band_boundary,peak_at_band_boundary,false,pdv_channel_2,automatic
0.00074403081499002622,58593749.980019182,nan,nan,nan,nan,nan,candidate,boundary_peak,strongest_peak,1,peak_at_band_boundary,peak_at_band_boundary,false,pdv_channel_2,automatic
0.00074403401499002731,58593749.980019182,nan,nan,nan,nan,nan,candidate,boundary_peak,strongest_peak,1,peak_at_band_boundary,peak_at_band_boundary,false,pdv_channel_2,automatic
0.0007440372149900284,58593749.980019182,nan,nan,nan,nan,nan,candidate,boundary_peak,strongest_peak,1,peak_at_band_boundary,peak_at_band_boundary,false,pdv_channel_2,automatic
0.00074404041499002949,58593749.980019182,nan,nan,nan,nan,nan,candidate,boundary_peak,strongest_peak,1,peak_at_band_boundary,peak_at_band_boundary,false,pdv_channel_2,automatic
0.00074404361499003059,58593749.980019182,nan,nan,nan,nan,nan,candidate,boundary_peak,strongest_peak,1,peak_at_band_boundary,peak_at_band_boundary,false,pdv_channel_2,automatic
0.00074404681499003168,58593749.980019182,nan,nan,nan,nan,nan,candidate,boundary_peak,strongest_peak,1,peak_at_band_boundary,peak_at_band_boundary,false,pdv_channel_2,automatic
0.00074405001499003277,58593749.980019182,nan,nan,nan,nan,nan,candidate,boundary_peak,strongest_peak,1,peak_at_band_boundary,peak_at_band_boundary,false,pdv_channel_2,automatic
0.00074405321499003386,58593749.980019182,nan,nan,nan,nan,nan,candidate,boundary_peak,strongest_peak,1,peak_at_band_boundary,peak_at_band_boundary,false,pdv_channel_2,automatic
0.00074405641499003495,58593749.980019182,nan,nan,nan,nan,nan,candidate,boundary_peak,strongest_peak,1,peak_at_band_boundary,peak_at_band_boundary,false,pdv_channel_2,automatic
0.00074405961499003604,58593749.980019182,nan,nan,nan,nan,nan,candidate,boundary_peak,strongest_peak,1,peak_at_band_boundary,peak_at_band_boundary,false,pdv_channel_2,automatic
0.00074406281499003713,58593749.980019182,nan,nan,nan,nan,nan,candidate,boundary_peak,strongest_peak,1,peak_at_band_boundary,peak_at_band_boundary,false,pdv_channel_2,automatic
0.00074406601499003822,58593749.980019182,nan,nan,nan,nan,nan,candidate,boundary_peak,strongest_peak,1,peak_at_band_boundary,peak_at_band_boundary,false,pdv_channel_2,automatic
0.00074406921499003931,58593749.980019182,nan,nan,nan,nan,nan,candidate,boundary_peak,strongest_peak,1,peak_at_band_boundary,peak_at_band_boundary,false,pdv_channel_2,automatic
0.00074407241499004041,58593749.980019182,nan,nan,nan,nan,nan,candidate,boundary_peak,strongest_peak,1,peak_at_band_boundary,peak_at_band_boundary,false,pdv_channel_2,automatic
0.0007440756149900415,58593749.980019182,nan,nan,nan,nan,nan,candidate,boundary_peak,strongest_peak,1,peak_at_band_boundary,peak_at_band_boundary,false,pdv_channel_2,automatic
0.00074407881499004259,58593749.980019182,nan,nan,nan,nan,nan,candidate,boundary_peak,strongest_peak,1,peak_at_band_boundary,peak_at_band_boundary,false,pdv_channel_2,automatic
0.00074408201499004368,58593749.980019182,nan,nan,nan,nan,nan,candidate,boundary_peak,strongest_peak,1,peak_at_band_boundary,peak_at_band_boundary,false,pdv_channel_2,automatic
0.00074408521499004477,58593749.980019182,nan,nan,nan,nan,nan,candidate,boundary_peak,strongest_peak,1,peak_at_band_boundary,peak_at_band_boundary,false,pdv_channel_2,automatic
0.00074408841499004586,58593749.980019182,nan,nan,nan,nan,nan,candidate,boundary_peak,strongest_peak,1,peak_at_band_boundary,peak_at_band_boundary,false,pdv_channel_2,automatic
0.00074409161499004695,58593749.980019182,nan,nan,nan,nan,nan,candidate,boundary_peak,strongest_peak,1,peak_at_band_boundary,peak_at_band_boundary,false,pdv_channel_2,automatic
0.00074409481499004804,58593749.980019182,nan,nan,nan,nan,nan,candidate,boundary_peak,strongest_peak,1,peak_at_band_boundary,peak_at_band_boundary,false,pdv_channel_2,automatic
0.00074409801499004914,58593749.980019182,nan,nan,nan,nan,nan,candidate,boundary_peak,strongest_peak,1,peak_at_band_boundary,peak_at_band_boundary,false,pdv_channel_2,automatic
0.00074410121499005023,58593749.980019182,nan,nan,nan,nan,nan,candidate,boundary_peak,strongest_peak,1,peak_at_band_boundary,peak_at_band_boundary,false,pdv_channel_2,automatic
0.00074410441499005132,58593749.980019182,nan,nan,nan,nan,nan,candidate,boundary_peak,strongest_peak,1,peak_at_band_boundary,peak_at_band_boundary,false,pdv_channel_2,automatic
0.00074410761499005241,58593749.980019182,nan,nan,nan,nan,nan,candidate,boundary_peak,strongest_peak,1,no_detectable_beat,no_detectable_beat,false,pdv_channel_2,automatic
0.0007441108149900535,58593749.980019182,nan,nan,nan,nan,nan,candidate,boundary_peak,strongest_peak,1,peak_at_band_boundary,peak_at_band_boundary,false,pdv_channel_2,automatic
0.00074411401499005459,58593749.980019182,nan,nan,nan,nan,nan,candidate,boundary_peak,strongest_peak,1,peak_at_band_boundary,peak_at_band_boundary,false,pdv_channel_2,automatic
0.00074411721499005568,58593749.980019182,nan,nan,nan,nan,nan,candidate,boundary_peak,strongest_peak,1,peak_at_band_boundary,peak_at_band_boundary,false,pdv_channel_2,automatic
0.00074412041499005677,58593749.980019182,nan,nan,nan,nan,nan,candidate,boundary_peak,strongest_peak,1,peak_at_band_boundary,peak_at_band_boundary,false,pdv_channel_2,automatic
0.00074412361499005787,58593749.980019182,nan,nan,nan,nan,nan,candidate,boundary_peak,strongest_peak,1,peak_at_band_boundary,peak_at_band_boundary,false,pdv_channel_2,automatic
0.00074412681499005896,58593749.980019182,nan,nan,nan,nan,nan,candidate,boundary_peak,strongest_peak,1,ambiguous_peak,ambiguous_peak,false,pdv_channel_2,automatic
0.00074413001499006005,58593749.980019182,nan,nan,nan,nan,nan,candidate,boundary_peak,strongest_peak,1,peak_at_band_boundary,peak_at_band_boundary,false,pdv_channel_2,automatic
0.00074413321499006114,58593749.980019182,nan,nan,nan,nan,nan,candidate,boundary_peak,strongest_peak,1,peak_at_band_boundary,peak_at_band_boundary,false,pdv_channel_2,automatic
0.00074413641499006223,58593749.980019182,nan,nan,nan,nan,nan,candidate,boundary_peak,strongest_peak,1,peak_at_band_boundary,peak_at_band_boundary,false,pdv_channel_2,automatic
0.00074413961499006332,58593749.980019182,nan,nan,nan,nan,nan,candidate,boundary_peak,strongest_peak,1,peak_at_band_boundary,peak_at_band_boundary,false,pdv_channel_2,automatic
0.00074414281499006441,58593749.980019182,nan,nan,nan,nan,nan,candidate,boundary_peak,strongest_peak,1,peak_at_band_boundary,peak_at_band_boundary,false,pdv_channel_2,automatic
0.0007441460149900655,58593749.980019182,nan,nan,nan,nan,nan,candidate,boundary_peak,strongest_peak,1,peak_at_band_boundary,peak_at_band_boundary,false,pdv_channel_2,automatic
0.0007441492149900666,58593749.980019182,nan,nan,nan,nan,nan,candidate,boundary_peak,strongest_peak,1,peak_at_band_boundary,peak_at_band_boundary,false,pdv_channel_2,automatic
0.00074415241499006769,58593749.980019182,nan,nan,nan,nan,nan,candidate,boundary_peak,strongest_peak,1,peak_at_band_boundary,peak_at_band_boundary,false,pdv_channel_2,automatic
0.00074415561499006878,58593749.980019182,nan,nan,nan,nan,nan,candidate,boundary_peak,strongest_peak,1,peak_at_band_boundary,peak_at_band_boundary,false,pdv_channel_2,automatic
0.00074415881499006987,58593749.980019182,nan,nan,nan,nan,nan,candidate,boundary_peak,strongest_peak,1,peak_at_band_boundary,peak_at_band_boundary,false,pdv_channel_2,automatic
0.00074416201499007096,58593749.980019182,nan,nan,nan,nan,nan,candidate,boundary_peak,strongest_peak,1,peak_at_band_boundary,peak_at_band_boundary,false,pdv_channel_2,automatic
0.00074416521499007205,58593749.980019182,nan,nan,nan,nan,nan,candidate,boundary_peak,strongest_peak,1,peak_at_band_boundary,peak_at_band_boundary,false,pdv_channel_2,automatic
0.00074416841499007314,58593749.980019182,nan,nan,nan,nan,nan,candidate,boundary_peak,strongest_peak,1,peak_at_band_boundary,peak_at_band_boundary,false,pdv_channel_2,automatic
0.00074417161499007423,58593749.980019182,nan,nan,nan,nan,nan,candidate,boundary_peak,strongest_peak,1,peak_at_band_boundary,peak_at_band_boundary,false,pdv_channel_2,automatic
0.00074417481499007533,58593749.980019182,nan,nan,nan,nan,nan,candidate,boundary_peak,strongest_peak,1,peak_at_band_boundary,peak_at_band_boundary,false,pdv_channel_2,automatic
0.00074417801499007642,58593749.980019182,nan,nan,nan,nan,nan,candidate,boundary_peak,strongest_peak,1,peak_at_band_boundary,peak_at_band_boundary,false,pdv_channel_2,automatic
0.00074418121499007751,58593749.980019182,nan,nan,nan,nan,nan,candidate,boundary_peak,strongest_peak,1,peak_at_band_boundary,peak_at_band_boundary,false,pdv_channel_2,automatic
0.0007441844149900786,58593749.980019182,nan,nan,nan,nan,nan,candidate,boundary_peak,strongest_peak,1,no_detectable_beat,no_detectable_beat,false,pdv_channel_2,automatic
0.00074418761499007969,58593749.980019182,nan,nan,nan,nan,nan,candidate,boundary_peak,strongest_peak,1,ambiguous_peak,ambiguous_peak,false,pdv_channel_2,automatic
0.00074419081499008078,58593749.980019182,nan,nan,nan,nan,nan,candidate,boundary_peak,strongest_peak,1,peak_at_band_boundary,peak_at_band_boundary,false,pdv_channel_2,automatic
0.00074419401499008187,58593749.980019182,nan,nan,nan,nan,nan,candidate,boundary_peak,strongest_peak,1,peak_at_band_boundary,peak_at_band_boundary,false,pdv_channel_2,automatic
0.00074419721499008296,58593749.980019182,nan,nan,nan,nan,nan,candidate,boundary_peak,strongest_peak,1,peak_at_band_boundary,peak_at_band_boundary,false,pdv_channel_2,automatic
0.00074420041499008405,58593749.980019182,nan,nan,nan,nan,nan,candidate,boundary_peak,strongest_peak,1,peak_at_band_boundary,peak_at_band_boundary,false,pdv_channel_2,automatic
0.00074420361499008515,58593749.980019182,nan,nan,nan,nan,nan,candidate,boundary_peak,strongest_peak,1,peak_at_band_boundary,peak_at_band_boundary,false,pdv_channel_2,automatic
0.00074420681499008624,58593749.980019182,nan,nan,nan,nan,nan,candidate,boundary_peak,strongest_peak,1,peak_at_band_boundary,peak_at_band_boundary,false,pdv_channel_2,automatic
0.00074421001499008733,58593749.980019182,nan,nan,nan,nan,nan,candidate,boundary_peak,strongest_peak,1,peak_at_band_boundary,peak_at_band_boundary,false,pdv_channel_2,automatic
0.00074421321499008842,58593749.980019182,nan,nan,nan,nan,nan,candidate,boundary_peak,strongest_peak,1,peak_at_band_boundary,peak_at_band_boundary,false,pdv_channel_2,automatic
0.00074421641499008951,58593749.980019182,nan,nan,nan,nan,nan,candidate,boundary_peak,strongest_peak,1,peak_at_band_boundary,peak_at_band_boundary,false,pdv_channel_2,automatic
0.0007442196149900906,58593749.980019182,nan,nan,nan,nan,nan,candidate,boundary_peak,strongest_peak,1,peak_at_band_boundary,peak_at_band_boundary,false,pdv_channel_2,automatic
0.00074422281499009169,58593749.980019182,nan,nan,nan,nan,nan,candidate,boundary_peak,strongest_peak,1,peak_at_band_boundary,peak_at_band_boundary,false,pdv_channel_2,automatic
0.00074422601499009278,58593749.980019182,nan,nan,nan,nan,nan,candidate,boundary_peak,strongest_peak,1,peak_at_band_boundary,peak_at_band_boundary,false,pdv_channel_2,automatic
0.00074422921499009388,58593749.980019182,nan,nan,nan,nan,nan,candidate,boundary_peak,strongest_peak,1,peak_at_band_boundary,peak_at_band_boundary,false,pdv_channel_2,automatic
0.00074423241499009497,58593749.980019182,nan,nan,nan,nan,nan,candidate,boundary_peak,strongest_peak,1,peak_at_band_boundary,peak_at_band_boundary,false,pdv_channel_2,automatic
0.00074423561499009606,58593749.980019182,nan,nan,nan,nan,nan,candidate,boundary_peak,strongest_peak,1,peak_at_band_boundary,peak_at_band_boundary,false,pdv_channel_2,automatic
0.00074423881499009715,58593749.980019182,nan,nan,nan,nan,nan,candidate,boundary_peak,strongest_peak,1,peak_at_band_boundary,peak_at_band_boundary,false,pdv_channel_2,automatic
0.00074424201499009824,58593749.980019182,nan,nan,nan,nan,nan,candidate,boundary_peak,strongest_peak,1,peak_at_band_boundary,peak_at_band_boundary,false,pdv_channel_2,automatic
0.00074424521499009933,58593749.980019182,nan,nan,nan,nan,nan,candidate,boundary_peak,strongest_peak,1,peak_at_band_boundary,peak_at_band_boundary,false,pdv_channel_2,automatic
0.00074424841499010042,58593749.980019182,nan,nan,nan,nan,nan,candidate,boundary_peak,strongest_peak,1,peak_at_band_boundary,peak_at_band_boundary,false,pdv_channel_2,automatic
0.00074425161499010151,58593749.980019182,nan,nan,nan,nan,nan,candidate,boundary_peak,strongest_peak,1,peak_at_band_boundary,peak_at_band_boundary,false,pdv_channel_2,automatic
0.00074425481499010261,58593749.980019182,nan,nan,nan,nan,nan,candidate,boundary_peak,strongest_peak,1,peak_at_band_boundary,peak_at_band_boundary,false,pdv_channel_2,automatic
0.0007442580149901037,58593749.980019182,nan,nan,nan,nan,nan,candidate,boundary_peak,strongest_peak,1,peak_at_band_boundary,peak_at_band_boundary,false,pdv_channel_2,automatic
0.00074426121499010479,58593749.980019182,nan,nan,nan,nan,nan,candidate,boundary_peak,strongest_peak,1,peak_at_band_boundary,peak_at_band_boundary,false,pdv_channel_2,automatic
0.00074426441499010588,58593749.980019182,nan,nan,nan,nan,nan,candidate,boundary_peak,strongest_peak,1,peak_at_band_boundary,peak_at_band_boundary,false,pdv_channel_2,automatic
0.00074426761499010697,58593749.980019182,nan,nan,nan,nan,nan,candidate,boundary_peak,strongest_peak,1,peak_at_band_boundary,peak_at_band_boundary,false,pdv_channel_2,automatic
0.00074427081499010806,58593749.980019182,nan,nan,nan,nan,nan,candidate,boundary_peak,strongest_peak,1,peak_at_band_boundary,peak_at_band_boundary,false,pdv_channel_2,automatic
0.00074427401499010915,58593749.980019182,nan,nan,nan,nan,nan,candidate,boundary_peak,strongest_peak,1,no_detectable_beat,no_detectable_beat,false,pdv_channel_2,automatic
0.00074427721499011024,58593749.980019182,nan,nan,nan,nan,nan,candidate,boundary_peak,strongest_peak,1,peak_at_band_boundary,peak_at_band_boundary,false,pdv_channel_2,automatic
0.00074428041499011134,58593749.980019182,nan,nan,nan,nan,nan,candidate,boundary_peak,strongest_peak,1,peak_at_band_boundary,peak_at_band_boundary,false,pdv_channel_2,automatic
0.00074428361499011243,58593749.980019182,nan,nan,nan,nan,nan,candidate,boundary_peak,strongest_peak,1,peak_at_band_boundary,peak_at_band_boundary,false,pdv_channel_2,automatic
0.00074428681499011352,58593749.980019182,nan,nan,nan,nan,nan,candidate,boundary_peak,strongest_peak,1,peak_at_band_boundary,peak_at_band_boundary,false,pdv_channel_2,automatic
0.00074429001499011461,58593749.980019182,nan,nan,nan,nan,nan,candidate,boundary_peak,strongest_peak,1,peak_at_band_boundary,peak_at_band_boundary,false,pdv_channel_2,automatic
0.0007442932149901157,58593749.980019182,nan,nan,nan,nan,nan,candidate,boundary_peak,strongest_peak,1,peak_at_band_boundary,peak_at_band_boundary,false,pdv_channel_2,automatic
0.00074429641499011679,58593749.980019182,nan,nan,nan,nan,nan,candidate,boundary_peak,strongest_peak,1,peak_at_band_boundary,peak_at_band_boundary,false,pdv_channel_2,automatic
0.00074429961499011788,58593749.980019182,nan,nan,nan,nan,nan,candidate,boundary_peak,strongest_peak,1,peak_at_band_boundary,peak_at_band_boundary,false,pdv_channel_2,automatic
0.00074430281499011897,58593749.980019182,nan,nan,nan,nan,nan,candidate,boundary_peak,strongest_peak,1,peak_at_band_boundary,peak_at_band_boundary,false,pdv_channel_2,automatic
0.00074430601499012007,58593749.980019182,nan,nan,nan,nan,nan,candidate,boundary_peak,strongest_peak,1,peak_at_band_boundary,peak_at_band_boundary,false,pdv_channel_2,automatic
0.00074430921499012116,58593749.980019182,nan,nan,nan,nan,nan,candidate,boundary_peak,strongest_peak,1,peak_at_band_boundary,peak_at_band_boundary,false,pdv_channel_2,automatic
0.00074431241499012225,58593749.980019182,nan,nan,nan,nan,nan,candidate,boundary_peak,strongest_peak,1,peak_at_band_boundary,peak_at_band_boundary,false,pdv_channel_2,automatic
0.00074431561499012334,58593749.980019182,nan,nan,nan,nan,nan,candidate,boundary_peak,strongest_peak,1,peak_at_band_boundary,peak_at_band_boundary,false,pdv_channel_2,automatic
0.00074431881499012443,58593749.980019182,nan,nan,nan,nan,nan,candidate,boundary_peak,strongest_peak,1,peak_at_band_boundary,peak_at_band_boundary,false,pdv_channel_2,automatic
0.00074432201499012552,58593749.980019182,nan,nan,nan,nan,nan,candidate,boundary_peak,strongest_peak,1,peak_at_band_boundary,peak_at_band_boundary,false,pdv_channel_2,automatic
0.00074432521499012661,58593749.980019182,nan,nan,nan,nan,nan,candidate,boundary_peak,strongest_peak,1,peak_at_band_boundary,peak_at_band_boundary,false,pdv_channel_2,automatic
0.0007443284149901277,58593749.980019182,nan,nan,nan,nan,nan,candidate,boundary_peak,strongest_peak,1,peak_at_band_boundary,peak_at_band_boundary,false,pdv_channel_2,automatic
0.00074433161499012879,58593749.980019182,nan,nan,nan,nan,nan,candidate,boundary_peak,strongest_peak,1,peak_at_band_boundary,peak_at_band_boundary,false,pdv_channel_2,automatic
0.00074433481499012989,136718749.95337811,nan,nan,nan,nan,nan,candidate,refined,strongest_peak,1,unstable_detection,unstable_detection,false,pdv_channel_2,automatic
0.00074433801499013098,58593749.980019182,nan,nan,nan,nan,nan,candidate,boundary_peak,strongest_peak,1,peak_at_band_boundary,peak_at_band_boundary,false,pdv_channel_2,automatic
0.00074434121499013207,58593749.980019182,nan,nan,nan,nan,nan,candidate,boundary_peak,strongest_peak,1,peak_at_band_boundary,peak_at_band_boundary,false,pdv_channel_2,automatic
0.00074434441499013316,58593749.980019182,nan,nan,nan,nan,nan,candidate,boundary_peak,strongest_peak,1,peak_at_band_boundary,peak_at_band_boundary,false,pdv_channel_2,automatic
0.00074434761499013425,58593749.980019182,nan,nan,nan,nan,nan,candidate,boundary_peak,strongest_peak,1,peak_at_band_boundary,peak_at_band_boundary,false,pdv_channel_2,automatic
0.00074435081499013534,58593749.980019182,nan,nan,nan,nan,nan,candidate,boundary_peak,strongest_peak,1,peak_at_band_boundary,peak_at_band_boundary,false,pdv_channel_2,automatic
0.00074435401499013643,58593749.980019182,nan,nan,nan,nan,nan,candidate,boundary_peak,strongest_peak,1,peak_at_band_boundary,peak_at_band_boundary,false,pdv_channel_2,automatic
0.00074435721499013752,58593749.980019182,nan,nan,nan,nan,nan,candidate,boundary_peak,strongest_peak,1,peak_at_band_boundary,peak_at_band_boundary,false,pdv_channel_2,automatic
0.00074436041499013862,58593749.980019182,nan,nan,nan,nan,nan,candidate,boundary_peak,strongest_peak,1,peak_at_band_boundary,peak_at_band_boundary,false,pdv_channel_2,automatic
0.00074436361499013971,58593749.980019182,nan,nan,nan,nan,nan,candidate,boundary_peak,strongest_peak,1,peak_at_band_boundary,peak_at_band_boundary,false,pdv_channel_2,automatic
0.0007443668149901408,58593749.980019182,nan,nan,nan,nan,nan,candidate,boundary_peak,strongest_peak,1,peak_at_band_boundary,peak_at_band_boundary,false,pdv_channel_2,automatic
0.00074437001499014189,58593749.980019182,nan,nan,nan,nan,nan,candidate,boundary_peak,strongest_peak,1,peak_at_band_boundary,peak_at_band_boundary,false,pdv_channel_2,automatic
0.00074437321499014298,58593749.980019182,nan,nan,nan,nan,nan,candidate,boundary_peak,strongest_peak,1,peak_at_band_boundary,peak_at_band_boundary,false,pdv_channel_2,automatic
0.00074437641499014407,58593749.980019182,nan,nan,nan,nan,nan,candidate,boundary_peak,strongest_peak,1,peak_at_band_boundary,peak_at_band_boundary,false,pdv_channel_2,automatic
0.00074437961499014516,58593749.980019182,nan,nan,nan,nan,nan,candidate,boundary_peak,strongest_peak,1,peak_at_band_boundary,peak_at_band_boundary,false,pdv_channel_2,automatic
0.00074438281499014625,58593749.980019182,nan,nan,nan,nan,nan,candidate,boundary_peak,strongest_peak,1,peak_at_band_boundary,peak_at_band_boundary,false,pdv_channel_2,automatic
0.00074438601499014735,58593749.980019182,nan,nan,nan,nan,nan,candidate,boundary_peak,strongest_peak,1,peak_at_band_boundary,peak_at_band_boundary,false,pdv_channel_2,automatic
0.00074438921499014844,58593749.980019182,nan,nan,nan,nan,nan,candidate,boundary_peak,strongest_peak,1,peak_at_band_boundary,peak_at_band_boundary,false,pdv_channel_2,automatic
0.00074439241499014953,58593749.980019182,nan,nan,nan,nan,nan,candidate,boundary_peak,strongest_peak,1,peak_at_band_boundary,peak_at_band_boundary,false,pdv_channel_2,automatic
0.00074439561499015062,58593749.980019182,nan,nan,nan,nan,nan,candidate,boundary_peak,strongest_peak,1,peak_at_band_boundary,peak_at_band_boundary,false,pdv_channel_2,automatic
0.00074439881499015171,58593749.980019182,nan,nan,nan,nan,nan,candidate,boundary_peak,strongest_peak,1,peak_at_band_boundary,peak_at_band_boundary,false,pdv_channel_2,automatic
0.0007444020149901528,58593749.980019182,nan,nan,nan,nan,nan,candidate,boundary_peak,strongest_peak,1,peak_at_band_boundary,peak_at_band_boundary,false,pdv_channel_2,automatic
0.00074440521499015389,58593749.980019182,nan,nan,nan,nan,nan,candidate,boundary_peak,strongest_peak,1,peak_at_band_boundary,peak_at_band_boundary,false,pdv_channel_2,automatic
0.00074440841499015498,1708984374.4172263,nan,nan,nan,nan,nan,candidate,refined,strongest_peak,1,ambiguous_peak,ambiguous_peak,false,pdv_channel_2,automatic
0.00074441161499015608,58593749.980019182,nan,nan,nan,nan,nan,candidate,boundary_peak,strongest_peak,1,peak_at_band_boundary,peak_at_band_boundary,false,pdv_channel_2,automatic
0.00074441481499015717,58593749.980019182,nan,nan,nan,nan,nan,candidate,boundary_peak,strongest_peak,1,peak_at_band_boundary,peak_at_band_boundary,false,pdv_channel_2,automatic
0.00074441801499015826,58593749.980019182,nan,nan,nan,nan,nan,candidate,boundary_peak,strongest_peak,1,peak_at_band_boundary,peak_at_band_boundary,false,pdv_channel_2,automatic
0.00074442121499015935,58593749.980019182,nan,nan,nan,nan,nan,candidate,boundary_peak,strongest_peak,1,peak_at_band_boundary,peak_at_band_boundary,false,pdv_channel_2,automatic
0.00074442441499016044,58593749.980019182,nan,nan,nan,nan,nan,candidate,boundary_peak,strongest_peak,1,peak_at_band_boundary,peak_at_band_boundary,false,pdv_channel_2,automatic
0.00074442761499016153,58593749.980019182,nan,nan,nan,nan,nan,candidate,boundary_peak,strongest_peak,1,peak_at_band_boundary,peak_at_band_boundary,false,pdv_channel_2,automatic
0.00074443081499016262,58593749.980019182,nan,nan,nan,nan,nan,candidate,boundary_peak,strongest_peak,1,peak_at_band_boundary,peak_at_band_boundary,false,pdv_channel_2,automatic
0.00074443401499016371,58593749.980019182,nan,nan,nan,nan,nan,candidate,boundary_peak,strongest_peak,1,peak_at_band_boundary,peak_at_band_boundary,false,pdv_channel_2,automatic
0.00074443721499016481,58593749.980019182,nan,nan,nan,nan,nan,candidate,boundary_peak,strongest_peak,1,peak_at_band_boundary,peak_at_band_boundary,false,pdv_channel_2,automatic
0.0007444404149901659,58593749.980019182,nan,nan,nan,nan,nan,candidate,boundary_peak,strongest_peak,1,peak_at_band_boundary,peak_at_band_boundary,false,pdv_channel_2,automatic
0.00074444361499016699,58593749.980019182,nan,nan,nan,nan,nan,candidate,boundary_peak,strongest_peak,1,peak_at_band_boundary,peak_at_band_boundary,false,pdv_channel_2,automatic
0.00074444681499016808,58593749.980019182,nan,nan,nan,nan,nan,candidate,boundary_peak,strongest_peak,1,peak_at_band_boundary,peak_at_band_boundary,false,pdv_channel_2,automatic
0.00074445001499016917,58593749.980019182,nan,nan,nan,nan,nan,candidate,boundary_peak,strongest_peak,1,peak_at_band_boundary,peak_at_band_boundary,false,pdv_channel_2,automatic
0.00074445321499017026,58593749.980019182,nan,nan,nan,nan,nan,candidate,boundary_peak,strongest_peak,1,peak_at_band_boundary,peak_at_band_boundary,false,pdv_channel_2,automatic
0.00074445641499017135,58593749.980019182,nan,nan,nan,nan,nan,candidate,boundary_peak,strongest_peak,1,peak_at_band_boundary,peak_at_band_boundary,false,pdv_channel_2,automatic
0.00074445961499017244,58593749.980019182,nan,nan,nan,nan,nan,candidate,boundary_peak,strongest_peak,1,peak_at_band_boundary,peak_at_band_boundary,false,pdv_channel_2,automatic
0.00074446281499017353,58593749.980019182,nan,nan,nan,nan,nan,candidate,boundary_peak,strongest_peak,1,peak_at_band_boundary,peak_at_band_boundary,false,pdv_channel_2,automatic
0.00074446601499017463,58593749.980019182,nan,nan,nan,nan,nan,candidate,boundary_peak,strongest_peak,1,peak_at_band_boundary,peak_at_band_boundary,false,pdv_channel_2,automatic
0.00074446921499017572,58593749.980019182,nan,nan,nan,nan,nan,candidate,boundary_peak,strongest_peak,1,peak_at_band_boundary,peak_at_band_boundary,false,pdv_channel_2,automatic
0.00074447241499017681,58593749.980019182,nan,nan,nan,nan,nan,candidate,boundary_peak,strongest_peak,1,peak_at_band_boundary,peak_at_band_boundary,false,pdv_channel_2,automatic
0.0007444756149901779,58593749.980019182,nan,nan,nan,nan,nan,candidate,boundary_peak,strongest_peak,1,peak_at_band_boundary,peak_at_band_boundary,false,pdv_channel_2,automatic
0.00074447881499017899,58593749.980019182,nan,nan,nan,nan,nan,candidate,boundary_peak,strongest_peak,1,peak_at_band_boundary,peak_at_band_boundary,false,pdv_channel_2,automatic
0.00074448201499018008,58593749.980019182,nan,nan,nan,nan,nan,candidate,boundary_peak,strongest_peak,1,peak_at_band_boundary,peak_at_band_boundary,false,pdv_channel_2,automatic
0.00074448521499018117,58593749.980019182,nan,nan,nan,nan,nan,candidate,boundary_peak,strongest_peak,1,peak_at_band_boundary,peak_at_band_boundary,false,pdv_channel_2,automatic
0.00074448841499018226,58593749.980019182,nan,nan,nan,nan,nan,candidate,boundary_peak,strongest_peak,1,peak_at_band_boundary,peak_at_band_boundary,false,pdv_channel_2,automatic
0.00074449161499018336,58593749.980019182,nan,nan,nan,nan,nan,candidate,boundary_peak,strongest_peak,1,peak_at_band_boundary,peak_at_band_boundary,false,pdv_channel_2,automatic
0.00074449481499018445,58593749.980019182,nan,nan,nan,nan,nan,candidate,boundary_peak,strongest_peak,1,peak_at_band_boundary,peak_at_band_boundary,false,pdv_channel_2,automatic
0.00074449801499018554,58593749.980019182,nan,nan,nan,nan,nan,candidate,boundary_peak,strongest_peak,1,peak_at_band_boundary,peak_at_band_boundary,false,pdv_channel_2,automatic
0.00074450121499018663,58593749.980019182,nan,nan,nan,nan,nan,candidate,boundary_peak,strongest_peak,1,peak_at_band_boundary,peak_at_band_boundary,false,pdv_channel_2,automatic
0.00074450441499018772,58593749.980019182,nan,nan,nan,nan,nan,candidate,boundary_peak,strongest_peak,1,peak_at_band_boundary,peak_at_band_boundary,false,pdv_channel_2,automatic
0.00074450761499018881,58593749.980019182,nan,nan,nan,nan,nan,candidate,boundary_peak,strongest_peak,1,peak_at_band_boundary,peak_at_band_boundary,false,pdv_channel_2,automatic
0.0007445108149901899,58593749.980019182,nan,nan,nan,nan,nan,candidate,boundary_peak,strongest_peak,1,peak_at_band_boundary,peak_at_band_boundary,false,pdv_channel_2,automatic
0.00074451401499019099,58593749.980019182,nan,nan,nan,nan,nan,candidate,boundary_peak,strongest_peak,1,peak_at_band_boundary,peak_at_band_boundary,false,pdv_channel_2,automatic
0.00074451721499019209,58593749.980019182,nan,nan,nan,nan,nan,candidate,boundary_peak,strongest_peak,1,peak_at_band_boundary,peak_at_band_boundary,false,pdv_channel_2,automatic
0.00074452041499019318,58593749.980019182,nan,nan,nan,nan,nan,candidate,boundary_peak,strongest_peak,1,peak_at_band_boundary,peak_at_band_boundary,false,pdv_channel_2,automatic
0.00074452361499019427,58593749.980019182,nan,nan,nan,nan,nan,candidate,boundary_peak,strongest_peak,1,peak_at_band_boundary,peak_at_band_boundary,false,pdv_channel_2,automatic
0.00074452681499019536,58593749.980019182,nan,nan,nan,nan,nan,candidate,boundary_peak,strongest_peak,1,peak_at_band_boundary,peak_at_band_boundary,false,pdv_channel_2,automatic
0.00074453001499019645,58593749.980019182,nan,nan,nan,nan,nan,candidate,boundary_peak,strongest_peak,1,peak_at_band_boundary,peak_at_band_boundary,false,pdv_channel_2,automatic
0.00074453321499019754,58593749.980019182,nan,nan,nan,nan,nan,candidate,boundary_peak,strongest_peak,1,peak_at_band_boundary,peak_at_band_boundary,false,pdv_channel_2,automatic
0.00074453641499019863,58593749.980019182,nan,nan,nan,nan,nan,candidate,boundary_peak,strongest_peak,1,peak_at_band_boundary,peak_at_band_boundary,false,pdv_channel_2,automatic
0.00074453961499019972,58593749.980019182,nan,nan,nan,nan,nan,candidate,boundary_peak,strongest_peak,1,peak_at_band_boundary,peak_at_band_boundary,false,pdv_channel_2,automatic
0.00074454281499020082,58593749.980019182,nan,nan,nan,nan,nan,candidate,boundary_peak,strongest_peak,1,peak_at_band_boundary,peak_at_band_boundary,false,pdv_channel_2,automatic
0.00074454601499020191,58593749.980019182,nan,nan,nan,nan,nan,candidate,boundary_peak,strongest_peak,1,peak_at_band_boundary,peak_at_band_boundary,false,pdv_channel_2,automatic
0.000744549214990203,58593749.980019182,nan,nan,nan,nan,nan,candidate,boundary_peak,strongest_peak,1,peak_at_band_boundary,peak_at_band_boundary,false,pdv_channel_2,automatic
0.00074455241499020409,58593749.980019182,nan,nan,nan,nan,nan,candidate,boundary_peak,strongest_peak,1,peak_at_band_boundary,peak_at_band_boundary,false,pdv_channel_2,automatic
0.00074455561499020518,58593749.980019182,nan,nan,nan,nan,nan,candidate,boundary_peak,strongest_peak,1,peak_at_band_boundary,peak_at_band_boundary,false,pdv_channel_2,automatic
0.00074455881499020627,58593749.980019182,nan,nan,nan,nan,nan,candidate,boundary_peak,strongest_peak,1,peak_at_band_boundary,peak_at_band_boundary,false,pdv_channel_2,automatic
0.00074456201499020736,58593749.980019182,nan,nan,nan,nan,nan,candidate,boundary_peak,strongest_peak,1,peak_at_band_boundary,peak_at_band_boundary,false,pdv_channel_2,automatic
0.00074456521499020845,58593749.980019182,nan,nan,nan,nan,nan,candidate,boundary_peak,strongest_peak,1,peak_at_band_boundary,peak_at_band_boundary,false,pdv_channel_2,automatic
0.00074456841499020955,58593749.980019182,nan,nan,nan,nan,nan,candidate,boundary_peak,strongest_peak,1,peak_at_band_boundary,peak_at_band_boundary,false,pdv_channel_2,automatic
0.00074457161499021064,58593749.980019182,nan,nan,nan,nan,nan,candidate,boundary_peak,strongest_peak,1,peak_at_band_boundary,peak_at_band_boundary,false,pdv_channel_2,automatic
0.00074457481499021173,58593749.980019182,nan,nan,nan,nan,nan,candidate,boundary_peak,strongest_peak,1,peak_at_band_boundary,peak_at_band_boundary,false,pdv_channel_2,automatic
0.00074457801499021282,58593749.980019182,nan,nan,nan,nan,nan,candidate,boundary_peak,strongest_peak,1,peak_at_band_boundary,peak_at_band_boundary,false,pdv_channel_2,automatic
0.00074458121499021391,58593749.980019182,nan,nan,nan,nan,nan,candidate,boundary_peak,strongest_peak,1,peak_at_band_boundary,peak_at_band_boundary,false,pdv_channel_2,automatic
0.000744584414990215,58593749.980019182,nan,nan,nan,nan,nan,candidate,boundary_peak,strongest_peak,1,peak_at_band_boundary,peak_at_band_boundary,false,pdv_channel_2,automatic
0.00074458761499021609,58593749.980019182,nan,nan,nan,nan,nan,candidate,boundary_peak,strongest_peak,1,peak_at_band_boundary,peak_at_band_boundary,false,pdv_channel_2,automatic
0.00074459081499021718,58593749.980019182,nan,nan,nan,nan,nan,candidate,boundary_peak,strongest_peak,1,peak_at_band_boundary,peak_at_band_boundary,false,pdv_channel_2,automatic
0.00074459401499021827,58593749.980019182,nan,nan,nan,nan,nan,candidate,boundary_peak,strongest_peak,1,peak_at_band_boundary,peak_at_band_boundary,false,pdv_channel_2,automatic
0.00074459721499021937,58593749.980019182,nan,nan,nan,nan,nan,candidate,boundary_peak,strongest_peak,1,peak_at_band_boundary,peak_at_band_boundary,false,pdv_channel_2,automatic
0.00074460041499022046,58593749.980019182,nan,nan,nan,nan,nan,candidate,boundary_peak,strongest_peak,1,peak_at_band_boundary,peak_at_band_boundary,false,pdv_channel_2,automatic
0.00074460361499022155,58593749.980019182,nan,nan,nan,nan,nan,candidate,boundary_peak,strongest_peak,1,peak_at_band_boundary,peak_at_band_boundary,false,pdv_channel_2,automatic
0.00074460681499022264,58593749.980019182,nan,nan,nan,nan,nan,candidate,boundary_peak,strongest_peak,1,peak_at_band_boundary,peak_at_band_boundary,false,pdv_channel_2,automatic
0.00074461001499022373,58593749.980019182,nan,nan,nan,nan,nan,candidate,boundary_peak,strongest_peak,1,peak_at_band_boundary,peak_at_band_boundary,false,pdv_channel_2,automatic
0.00074461321499022482,58593749.980019182,nan,nan,nan,nan,nan,candidate,boundary_peak,strongest_peak,1,peak_at_band_boundary,peak_at_band_boundary,false,pdv_channel_2,automatic
0.00074461641499022591,58593749.980019182,nan,nan,nan,nan,nan,candidate,boundary_peak,strongest_peak,1,peak_at_band_boundary,peak_at_band_boundary,false,pdv_channel_2,automatic
0.000744619614990227,58593749.980019182,nan,nan,nan,nan,nan,candidate,boundary_peak,strongest_peak,1,peak_at_band_boundary,peak_at_band_boundary,false,pdv_channel_2,automatic
0.0007446228149902281,58593749.980019182,nan,nan,nan,nan,nan,candidate,boundary_peak,strongest_peak,1,peak_at_band_boundary,peak_at_band_boundary,false,pdv_channel_2,automatic
0.00074462601499022919,58593749.980019182,nan,nan,nan,nan,nan,candidate,boundary_peak,strongest_peak,1,peak_at_band_boundary,peak_at_band_boundary,false,pdv_channel_2,automatic
0.00074462921499023028,58593749.980019182,nan,nan,nan,nan,nan,candidate,boundary_peak,strongest_peak,1,peak_at_band_boundary,peak_at_band_boundary,false,pdv_channel_2,automatic
0.00074463241499023137,58593749.980019182,nan,nan,nan,nan,nan,candidate,boundary_peak,strongest_peak,1,peak_at_band_boundary,peak_at_band_boundary,false,pdv_channel_2,automatic
0.00074463561499023246,58593749.980019182,nan,nan,nan,nan,nan,candidate,boundary_peak,strongest_peak,1,peak_at_band_boundary,peak_at_band_boundary,false,pdv_channel_2,automatic
0.00074463881499023355,58593749.980019182,nan,nan,nan,nan,nan,candidate,boundary_peak,strongest_peak,1,peak_at_band_boundary,peak_at_band_boundary,false,pdv_channel_2,automatic
0.00074464201499023464,58593749.980019182,nan,nan,nan,nan,nan,candidate,boundary_peak,strongest_peak,1,peak_at_band_boundary,peak_at_band_boundary,false,pdv_channel_2,automatic
0.00074464521499023573,58593749.980019182,nan,nan,nan,nan,nan,candidate,boundary_peak,strongest_peak,1,peak_at_band_boundary,peak_at_band_boundary,false,pdv_channel_2,automatic
0.00074464841499023683,58593749.980019182,nan,nan,nan,nan,nan,candidate,boundary_peak,strongest_peak,1,peak_at_band_boundary,peak_at_band_boundary,false,pdv_channel_2,automatic
0.00074465161499023792,58593749.980019182,nan,nan,nan,nan,nan,candidate,boundary_peak,strongest_peak,1,peak_at_band_boundary,peak_at_band_boundary,false,pdv_channel_2,automatic
0.00074465481499023901,58593749.980019182,nan,nan,nan,nan,nan,candidate,boundary_peak,strongest_peak,1,peak_at_band_boundary,peak_at_band_boundary,false,pdv_channel_2,automatic
0.0007446580149902401,58593749.980019182,nan,nan,nan,nan,nan,candidate,boundary_peak,strongest_peak,1,peak_at_band_boundary,peak_at_band_boundary,false,pdv_channel_2,automatic
0.00074466121499024119,58593749.980019182,nan,nan,nan,nan,nan,candidate,boundary_peak,strongest_peak,1,peak_at_band_boundary,peak_at_band_boundary,false,pdv_channel_2,automatic
0.00074466441499024228,58593749.980019182,nan,nan,nan,nan,nan,candidate,boundary_peak,strongest_peak,1,peak_at_band_boundary,peak_at_band_boundary,false,pdv_channel_2,automatic
0.00074466761499024337,58593749.980019182,nan,nan,nan,nan,nan,candidate,boundary_peak,strongest_peak,1,peak_at_band_boundary,peak_at_band_boundary,false,pdv_channel_2,automatic
0.00074467081499024446,58593749.980019182,nan,nan,nan,nan,nan,candidate,boundary_peak,strongest_peak,1,peak_at_band_boundary,peak_at_band_boundary,false,pdv_channel_2,automatic
0.00074467401499024556,58593749.980019182,nan,nan,nan,nan,nan,candidate,boundary_peak,strongest_peak,1,peak_at_band_boundary,peak_at_band_boundary,false,pdv_channel_2,automatic
0.00074467721499024665,58593749.980019182,nan,nan,nan,nan,nan,candidate,boundary_peak,strongest_peak,1,peak_at_band_boundary,peak_at_band_boundary,false,pdv_channel_2,automatic
0.00074468041499024774,58593749.980019182,nan,nan,nan,nan,nan,candidate,boundary_peak,strongest_peak,1,peak_at_band_boundary,peak_at_band_boundary,false,pdv_channel_2,automatic
0.00074468361499024883,58593749.980019182,nan,nan,nan,nan,nan,candidate,boundary_peak,strongest_peak,1,peak_at_band_boundary,peak_at_band_boundary,false,pdv_channel_2,automatic
0.00074468681499024992,58593749.980019182,nan,nan,nan,nan,nan,candidate,boundary_peak,strongest_peak,1,peak_at_band_boundary,peak_at_band_boundary,false,pdv_channel_2,automatic
0.00074469001499025101,58593749.980019182,nan,nan,nan,nan,nan,candidate,boundary_peak,strongest_peak,1,peak_at_band_boundary,peak_at_band_boundary,false,pdv_channel_2,automatic
0.0007446932149902521,58593749.980019182,nan,nan,nan,nan,nan,candidate,boundary_peak,strongest_peak,1,peak_at_band_boundary,peak_at_band_boundary,false,pdv_channel_2,automatic
0.00074469641499025319,58593749.980019182,nan,nan,nan,nan,nan,candidate,boundary_peak,strongest_peak,1,peak_at_band_boundary,peak_at_band_boundary,false,pdv_channel_2,automatic
0.00074469961499025429,58593749.980019182,nan,nan,nan,nan,nan,candidate,boundary_peak,strongest_peak,1,peak_at_band_boundary,peak_at_band_boundary,false,pdv_channel_2,automatic
0.00074470281499025538,58593749.980019182,nan,nan,nan,nan,nan,candidate,boundary_peak,strongest_peak,1,peak_at_band_boundary,peak_at_band_boundary,false,pdv_channel_2,automatic
0.00074470601499025647,58593749.980019182,nan,nan,nan,nan,nan,candidate,boundary_peak,strongest_peak,1,peak_at_band_boundary,peak_at_band_boundary,false,pdv_channel_2,automatic
0.00074470921499025756,58593749.980019182,nan,nan,nan,nan,nan,candidate,boundary_peak,strongest_peak,1,peak_at_band_boundary,peak_at_band_boundary,false,pdv_channel_2,automatic
0.00074471241499025865,58593749.980019182,nan,nan,nan,nan,nan,candidate,boundary_peak,strongest_peak,1,peak_at_band_boundary,peak_at_band_boundary,false,pdv_channel_2,automatic
0.00074471561499025974,58593749.980019182,nan,nan,nan,nan,nan,candidate,boundary_peak,strongest_peak,1,peak_at_band_boundary,peak_at_band_boundary,false,pdv_channel_2,automatic
0.00074471881499026083,58593749.980019182,nan,nan,nan,nan,nan,candidate,boundary_peak,strongest_peak,1,peak_at_band_boundary,peak_at_band_boundary,false,pdv_channel_2,automatic
0.00074472201499026192,58593749.980019182,nan,nan,nan,nan,nan,candidate,boundary_peak,strongest_peak,1,peak_at_band_boundary,peak_at_band_boundary,false,pdv_channel_2,automatic
0.00074472521499026301,58593749.980019182,nan,nan,nan,nan,nan,candidate,boundary_peak,strongest_peak,1,peak_at_band_boundary,peak_at_band_boundary,false,pdv_channel_2,automatic
0.00074472841499026411,58593749.980019182,nan,nan,nan,nan,nan,candidate,boundary_peak,strongest_peak,1,peak_at_band_boundary,peak_at_band_boundary,false,pdv_channel_2,automatic
0.0007447316149902652,58593749.980019182,nan,nan,nan,nan,nan,candidate,boundary_peak,strongest_peak,1,peak_at_band_boundary,peak_at_band_boundary,false,pdv_channel_2,automatic
0.00074473481499026629,58593749.980019182,nan,nan,nan,nan,nan,candidate,boundary_peak,strongest_peak,1,peak_at_band_boundary,peak_at_band_boundary,false,pdv_channel_2,automatic
0.00074473801499026738,58593749.980019182,nan,nan,nan,nan,nan,candidate,boundary_peak,strongest_peak,1,peak_at_band_boundary,peak_at_band_boundary,false,pdv_channel_2,automatic
0.00074474121499026847,58593749.980019182,nan,nan,nan,nan,nan,candidate,boundary_peak,strongest_peak,1,peak_at_band_boundary,peak_at_band_boundary,false,pdv_channel_2,automatic
0.00074474441499026956,58593749.980019182,nan,nan,nan,nan,nan,candidate,boundary_peak,strongest_peak,1,peak_at_band_boundary,peak_at_band_boundary,false,pdv_channel_2,automatic
0.00074474761499027065,58593749.980019182,nan,nan,nan,nan,nan,candidate,boundary_peak,strongest_peak,1,peak_at_band_boundary,peak_at_band_boundary,false,pdv_channel_2,automatic
0.00074475081499027174,58593749.980019182,nan,nan,nan,nan,nan,candidate,boundary_peak,strongest_peak,1,peak_at_band_boundary,peak_at_band_boundary,false,pdv_channel_2,automatic
0.00074475401499027284,58593749.980019182,nan,nan,nan,nan,nan,candidate,boundary_peak,strongest_peak,1,peak_at_band_boundary,peak_at_band_boundary,false,pdv_channel_2,automatic
0.00074475721499027393,58593749.980019182,nan,nan,nan,nan,nan,candidate,boundary_peak,strongest_peak,1,peak_at_band_boundary,peak_at_band_boundary,false,pdv_channel_2,automatic
0.00074476041499027502,58593749.980019182,nan,nan,nan,nan,nan,candidate,boundary_peak,strongest_peak,1,peak_at_band_boundary,peak_at_band_boundary,false,pdv_channel_2,automatic
0.00074476361499027611,58593749.980019182,nan,nan,nan,nan,nan,candidate,boundary_peak,strongest_peak,1,peak_at_band_boundary,peak_at_band_boundary,false,pdv_channel_2,automatic
0.0007447668149902772,58593749.980019182,nan,nan,nan,nan,nan,candidate,boundary_peak,strongest_peak,1,peak_at_band_boundary,peak_at_band_boundary,false,pdv_channel_2,automatic
0.00074477001499027829,58593749.980019182,nan,nan,nan,nan,nan,candidate,boundary_peak,strongest_peak,1,peak_at_band_boundary,peak_at_band_boundary,false,pdv_channel_2,automatic
0.00074477321499027938,58593749.980019182,nan,nan,nan,nan,nan,candidate,boundary_peak,strongest_peak,1,peak_at_band_boundary,peak_at_band_boundary,false,pdv_channel_2,automatic
0.00074477641499028047,58593749.980019182,nan,nan,nan,nan,nan,candidate,boundary_peak,strongest_peak,1,peak_at_band_boundary,peak_at_band_boundary,false,pdv_channel_2,automatic
0.00074477961499028157,58593749.980019182,nan,nan,nan,nan,nan,candidate,boundary_peak,strongest_peak,1,peak_at_band_boundary,peak_at_band_boundary,false,pdv_channel_2,automatic
0.00074478281499028266,58593749.980019182,nan,nan,nan,nan,nan,candidate,boundary_peak,strongest_peak,1,peak_at_band_boundary,peak_at_band_boundary,false,pdv_channel_2,automatic
0.00074478601499028375,58593749.980019182,nan,nan,nan,nan,nan,candidate,boundary_peak,strongest_peak,1,peak_at_band_boundary,peak_at_band_boundary,false,pdv_channel_2,automatic
0.00074478921499028484,58593749.980019182,nan,nan,nan,nan,nan,candidate,boundary_peak,strongest_peak,1,peak_at_band_boundary,peak_at_band_boundary,false,pdv_channel_2,automatic
0.00074479241499028593,58593749.980019182,nan,nan,nan,nan,nan,candidate,boundary_peak,strongest_peak,1,peak_at_band_boundary,peak_at_band_boundary,false,pdv_channel_2,automatic
0.00074479561499028702,58593749.980019182,nan,nan,nan,nan,nan,candidate,boundary_peak,strongest_peak,1,peak_at_band_boundary,peak_at_band_boundary,false,pdv_channel_2,automatic
0.00074479881499028811,58593749.980019182,nan,nan,nan,nan,nan,candidate,boundary_peak,strongest_peak,1,peak_at_band_boundary,peak_at_band_boundary,false,pdv_channel_2,automatic
0.0007448020149902892,58593749.980019182,nan,nan,nan,nan,nan,candidate,boundary_peak,strongest_peak,1,peak_at_band_boundary,peak_at_band_boundary,false,pdv_channel_2,automatic
0.0007448052149902903,58593749.980019182,nan,nan,nan,nan,nan,candidate,boundary_peak,strongest_peak,1,peak_at_band_boundary,peak_at_band_boundary,false,pdv_channel_2,automatic
0.00074480841499029139,58593749.980019182,nan,nan,nan,nan,nan,candidate,boundary_peak,strongest_peak,1,peak_at_band_boundary,peak_at_band_boundary,false,pdv_channel_2,automatic
0.00074481161499029248,58593749.980019182,nan,nan,nan,nan,nan,candidate,boundary_peak,strongest_peak,1,peak_at_band_boundary,peak_at_band_boundary,false,pdv_channel_2,automatic
0.00074481481499029357,58593749.980019182,nan,nan,nan,nan,nan,candidate,boundary_peak,strongest_peak,1,peak_at_band_boundary,peak_at_band_boundary,false,pdv_channel_2,automatic
0.00074481801499029466,58593749.980019182,nan,nan,nan,nan,nan,candidate,boundary_peak,strongest_peak,1,peak_at_band_boundary,peak_at_band_boundary,false,pdv_channel_2,automatic
0.00074482121499029575,58593749.980019182,nan,nan,nan,nan,nan,candidate,boundary_peak,strongest_peak,1,peak_at_band_boundary,peak_at_band_boundary,false,pdv_channel_2,automatic
0.00074482441499029684,58593749.980019182,nan,nan,nan,nan,nan,candidate,boundary_peak,strongest_peak,1,peak_at_band_boundary,peak_at_band_boundary,false,pdv_channel_2,automatic
0.00074482761499029793,58593749.980019182,nan,nan,nan,nan,nan,candidate,boundary_peak,strongest_peak,1,peak_at_band_boundary,peak_at_band_boundary,false,pdv_channel_2,automatic
0.00074483081499029902,58593749.980019182,nan,nan,nan,nan,nan,candidate,boundary_peak,strongest_peak,1,peak_at_band_boundary,peak_at_band_boundary,false,pdv_channel_2,automatic
0.00074483401499030012,58593749.980019182,nan,nan,nan,nan,nan,candidate,boundary_peak,strongest_peak,1,peak_at_band_boundary,peak_at_band_boundary,false,pdv_channel_2,automatic
0.00074483721499030121,58593749.980019182,nan,nan,nan,nan,nan,candidate,boundary_peak,strongest_peak,1,peak_at_band_boundary,peak_at_band_boundary,false,pdv_channel_2,automatic
0.0007448404149903023,58593749.980019182,nan,nan,nan,nan,nan,candidate,boundary_peak,strongest_peak,1,peak_at_band_boundary,peak_at_band_boundary,false,pdv_channel_2,automatic
0.00074484361499030339,58593749.980019182,nan,nan,nan,nan,nan,candidate,boundary_peak,strongest_peak,1,peak_at_band_boundary,peak_at_band_boundary,false,pdv_channel_2,automatic
0.00074484681499030448,58593749.980019182,nan,nan,nan,nan,nan,candidate,boundary_peak,strongest_peak,1,peak_at_band_boundary,peak_at_band_boundary,false,pdv_channel_2,automatic
0.00074485001499030557,58593749.980019182,nan,nan,nan,nan,nan,candidate,boundary_peak,strongest_peak,1,peak_at_band_boundary,peak_at_band_boundary,false,pdv_channel_2,automatic
0.00074485321499030666,58593749.980019182,nan,nan,nan,nan,nan,candidate,boundary_peak,strongest_peak,1,peak_at_band_boundary,peak_at_band_boundary,false,pdv_channel_2,automatic
0.00074485641499030775,58593749.980019182,nan,nan,nan,nan,nan,candidate,boundary_peak,strongest_peak,1,peak_at_band_boundary,peak_at_band_boundary,false,pdv_channel_2,automatic
0.00074485961499030885,58593749.980019182,nan,nan,nan,nan,nan,candidate,boundary_peak,strongest_peak,1,peak_at_band_boundary,peak_at_band_boundary,false,pdv_channel_2,automatic
0.00074486281499030994,58593749.980019182,nan,nan,nan,nan,nan,candidate,boundary_peak,strongest_peak,1,peak_at_band_boundary,peak_at_band_boundary,false,pdv_channel_2,automatic
0.00074486601499031103,58593749.980019182,nan,nan,nan,nan,nan,candidate,boundary_peak,strongest_peak,1,peak_at_band_boundary,peak_at_band_boundary,false,pdv_channel_2,automatic
0.00074486921499031212,58593749.980019182,nan,nan,nan,nan,nan,candidate,boundary_peak,strongest_peak,1,peak_at_band_boundary,peak_at_band_boundary,false,pdv_channel_2,automatic
0.00074487241499031321,58593749.980019182,nan,nan,nan,nan,nan,candidate,boundary_peak,strongest_peak,1,peak_at_band_boundary,peak_at_band_boundary,false,pdv_channel_2,automatic
0.0007448756149903143,58593749.980019182,nan,nan,nan,nan,nan,candidate,boundary_peak,strongest_peak,1,peak_at_band_boundary,peak_at_band_boundary,false,pdv_channel_2,automatic
0.00074487881499031539,58593749.980019182,nan,nan,nan,nan,nan,candidate,boundary_peak,strongest_peak,1,peak_at_band_boundary,peak_at_band_boundary,false,pdv_channel_2,automatic
0.00074488201499031648,58593749.980019182,nan,nan,nan,nan,nan,candidate,boundary_peak,strongest_peak,1,peak_at_band_boundary,peak_at_band_boundary,false,pdv_channel_2,automatic
0.00074488521499031758,58593749.980019182,nan,nan,nan,nan,nan,candidate,boundary_peak,strongest_peak,1,peak_at_band_boundary,peak_at_band_boundary,false,pdv_channel_2,automatic
0.00074488841499031867,58593749.980019182,nan,nan,nan,nan,nan,candidate,boundary_peak,strongest_peak,1,peak_at_band_boundary,peak_at_band_boundary,false,pdv_channel_2,automatic
0.00074489161499031976,58593749.980019182,nan,nan,nan,nan,nan,candidate,boundary_peak,strongest_peak,1,peak_at_band_boundary,peak_at_band_boundary,false,pdv_channel_2,automatic
0.00074489481499032085,58593749.980019182,nan,nan,nan,nan,nan,candidate,boundary_peak,strongest_peak,1,peak_at_band_boundary,peak_at_band_boundary,false,pdv_channel_2,automatic
0.00074489801499032194,58593749.980019182,nan,nan,nan,nan,nan,candidate,boundary_peak,strongest_peak,1,peak_at_band_boundary,peak_at_band_boundary,false,pdv_channel_2,automatic
0.00074490121499032303,58593749.980019182,nan,nan,nan,nan,nan,candidate,boundary_peak,strongest_peak,1,peak_at_band_boundary,peak_at_band_boundary,false,pdv_channel_2,automatic
0.00074490441499032412,58593749.980019182,nan,nan,nan,nan,nan,candidate,boundary_peak,strongest_peak,1,peak_at_band_boundary,peak_at_band_boundary,false,pdv_channel_2,automatic
0.00074490761499032521,58593749.980019182,nan,nan,nan,nan,nan,candidate,boundary_peak,strongest_peak,1,peak_at_band_boundary,peak_at_band_boundary,false,pdv_channel_2,automatic
0.00074491081499032631,58593749.980019182,nan,nan,nan,nan,nan,candidate,boundary_peak,strongest_peak,1,peak_at_band_boundary,peak_at_band_boundary,false,pdv_channel_2,automatic
0.0007449140149903274,58593749.980019182,nan,nan,nan,nan,nan,candidate,boundary_peak,strongest_peak,1,peak_at_band_boundary,peak_at_band_boundary,false,pdv_channel_2,automatic
0.00074491721499032849,58593749.980019182,nan,nan,nan,nan,nan,candidate,boundary_peak,strongest_peak,1,peak_at_band_boundary,peak_at_band_boundary,false,pdv_channel_2,automatic
0.00074492041499032958,58593749.980019182,nan,nan,nan,nan,nan,candidate,boundary_peak,strongest_peak,1,peak_at_band_boundary,peak_at_band_boundary,false,pdv_channel_2,automatic
0.00074492361499033067,58593749.980019182,nan,nan,nan,nan,nan,candidate,boundary_peak,strongest_peak,1,peak_at_band_boundary,peak_at_band_boundary,false,pdv_channel_2,automatic
0.00074492681499033176,58593749.980019182,nan,nan,nan,nan,nan,candidate,boundary_peak,strongest_peak,1,peak_at_band_boundary,peak_at_band_boundary,false,pdv_channel_2,automatic
0.00074493001499033285,58593749.980019182,nan,nan,nan,nan,nan,candidate,boundary_peak,strongest_peak,1,peak_at_band_boundary,peak_at_band_boundary,false,pdv_channel_2,automatic
0.00074493321499033394,58593749.980019182,nan,nan,nan,nan,nan,candidate,boundary_peak,strongest_peak,1,peak_at_band_boundary,peak_at_band_boundary,false,pdv_channel_2,automatic
0.00074493641499033504,58593749.980019182,nan,nan,nan,nan,nan,candidate,boundary_peak,strongest_peak,1,peak_at_band_boundary,peak_at_band_boundary,false,pdv_channel_2,automatic
0.00074493961499033613,58593749.980019182,nan,nan,nan,nan,nan,candidate,boundary_peak,strongest_peak,1,peak_at_band_boundary,peak_at_band_boundary,false,pdv_channel_2,automatic
0.00074494281499033722,58593749.980019182,nan,nan,nan,nan,nan,candidate,boundary_peak,strongest_peak,1,peak_at_band_boundary,peak_at_band_boundary,false,pdv_channel_2,automatic
0.00074494601499033831,58593749.980019182,nan,nan,nan,nan,nan,candidate,boundary_peak,strongest_peak,1,peak_at_band_boundary,peak_at_band_boundary,false,pdv_channel_2,automatic
0.0007449492149903394,58593749.980019182,nan,nan,nan,nan,nan,candidate,boundary_peak,strongest_peak,1,peak_at_band_boundary,peak_at_band_boundary,false,pdv_channel_2,automatic
0.00074495241499034049,58593749.980019182,nan,nan,nan,nan,nan,candidate,boundary_peak,strongest_peak,1,peak_at_band_boundary,peak_at_band_boundary,false,pdv_channel_2,automatic
0.00074495561499034158,58593749.980019182,nan,nan,nan,nan,nan,candidate,boundary_peak,strongest_peak,1,peak_at_band_boundary,peak_at_band_boundary,false,pdv_channel_2,automatic
0.00074495881499034267,58593749.980019182,nan,nan,nan,nan,nan,candidate,boundary_peak,strongest_peak,1,peak_at_band_boundary,peak_at_band_boundary,false,pdv_channel_2,automatic
0.00074496201499034376,58593749.980019182,nan,nan,nan,nan,nan,candidate,boundary_peak,strongest_peak,1,peak_at_band_boundary,peak_at_band_boundary,false,pdv_channel_2,automatic
0.00074496521499034486,58593749.980019182,nan,nan,nan,nan,nan,candidate,boundary_peak,strongest_peak,1,peak_at_band_boundary,peak_at_band_boundary,false,pdv_channel_2,automatic
0.00074496841499034595,58593749.980019182,nan,nan,nan,nan,nan,candidate,boundary_peak,strongest_peak,1,peak_at_band_boundary,peak_at_band_boundary,false,pdv_channel_2,automatic
0.00074497161499034704,58593749.980019182,nan,nan,nan,nan,nan,candidate,boundary_peak,strongest_peak,1,peak_at_band_boundary,peak_at_band_boundary,false,pdv_channel_2,automatic
0.00074497481499034813,58593749.980019182,nan,nan,nan,nan,nan,candidate,boundary_peak,strongest_peak,1,peak_at_band_boundary,peak_at_band_boundary,false,pdv_channel_2,automatic
0.00074497801499034922,58593749.980019182,nan,nan,nan,nan,nan,candidate,boundary_peak,strongest_peak,1,peak_at_band_boundary,peak_at_band_boundary,false,pdv_channel_2,automatic
0.00074498121499035031,58593749.980019182,nan,nan,nan,nan,nan,candidate,boundary_peak,strongest_peak,1,peak_at_band_boundary,peak_at_band_boundary,false,pdv_channel_2,automatic
0.0007449844149903514,58593749.980019182,nan,nan,nan,nan,nan,candidate,boundary_peak,strongest_peak,1,peak_at_band_boundary,peak_at_band_boundary,false,pdv_channel_2,automatic
0.00074498761499035249,58593749.980019182,nan,nan,nan,nan,nan,candidate,boundary_peak,strongest_peak,1,peak_at_band_boundary,peak_at_band_boundary,false,pdv_channel_2,automatic
0.00074499081499035359,58593749.980019182,nan,nan,nan,nan,nan,candidate,boundary_peak,strongest_peak,1,peak_at_band_boundary,peak_at_band_boundary,false,pdv_channel_2,automatic
0.00074499401499035468,58593749.980019182,nan,nan,nan,nan,nan,candidate,boundary_peak,strongest_peak,1,peak_at_band_boundary,peak_at_band_boundary,false,pdv_channel_2,automatic
0.00074499721499035577,58593749.980019182,nan,nan,nan,nan,nan,candidate,boundary_peak,strongest_peak,1,peak_at_band_boundary,peak_at_band_boundary,false,pdv_channel_2,automatic
0.00074500041499035686,58593749.980019182,nan,nan,nan,nan,nan,candidate,boundary_peak,strongest_peak,1,peak_at_band_boundary,peak_at_band_boundary,false,pdv_channel_2,automatic
0.00074500361499035795,58593749.980019182,nan,nan,nan,nan,nan,candidate,boundary_peak,strongest_peak,1,peak_at_band_boundary,peak_at_band_boundary,false,pdv_channel_2,automatic
0.00074500681499035904,58593749.980019182,nan,nan,nan,nan,nan,candidate,boundary_peak,strongest_peak,1,peak_at_band_boundary,peak_at_band_boundary,false,pdv_channel_2,automatic
0.00074501001499036013,58593749.980019182,nan,nan,nan,nan,nan,candidate,boundary_peak,strongest_peak,1,peak_at_band_boundary,peak_at_band_boundary,false,pdv_channel_2,automatic
0.00074501321499036122,58593749.980019182,nan,nan,nan,nan,nan,candidate,boundary_peak,strongest_peak,1,peak_at_band_boundary,peak_at_band_boundary,false,pdv_channel_2,automatic
0.00074501641499036232,58593749.980019182,nan,nan,nan,nan,nan,candidate,boundary_peak,strongest_peak,1,peak_at_band_boundary,peak_at_band_boundary,false,pdv_channel_2,automatic
0.00074501961499036341,58593749.980019182,nan,nan,nan,nan,nan,candidate,boundary_peak,strongest_peak,1,peak_at_band_boundary,peak_at_band_boundary,false,pdv_channel_2,automatic
0.0007450228149903645,58593749.980019182,nan,nan,nan,nan,nan,candidate,boundary_peak,strongest_peak,1,peak_at_band_boundary,peak_at_band_boundary,false,pdv_channel_2,automatic
0.00074502601499036559,58593749.980019182,nan,nan,nan,nan,nan,candidate,boundary_peak,strongest_peak,1,peak_at_band_boundary,peak_at_band_boundary,false,pdv_channel_2,automatic
0.00074502921499036668,58593749.980019182,nan,nan,nan,nan,nan,candidate,boundary_peak,strongest_peak,1,peak_at_band_boundary,peak_at_band_boundary,false,pdv_channel_2,automatic
0.00074503241499036777,58593749.980019182,nan,nan,nan,nan,nan,candidate,boundary_peak,strongest_peak,1,peak_at_band_boundary,peak_at_band_boundary,false,pdv_channel_2,automatic
0.00074503561499036886,58593749.980019182,nan,nan,nan,nan,nan,candidate,boundary_peak,strongest_peak,1,peak_at_band_boundary,peak_at_band_boundary,false,pdv_channel_2,automatic
0.00074503881499036995,58593749.980019182,nan,nan,nan,nan,nan,candidate,boundary_peak,strongest_peak,1,no_detectable_beat,no_detectable_beat,false,pdv_channel_2,automatic
0.00074504201499037105,58593749.980019182,nan,nan,nan,nan,nan,candidate,boundary_peak,strongest_peak,1,peak_at_band_boundary,peak_at_band_boundary,false,pdv_channel_2,automatic
0.00074504521499037214,58593749.980019182,nan,nan,nan,nan,nan,candidate,boundary_peak,strongest_peak,1,peak_at_band_boundary,peak_at_band_boundary,false,pdv_channel_2,automatic
0.00074504841499037323,58593749.980019182,nan,nan,nan,nan,nan,candidate,boundary_peak,strongest_peak,1,peak_at_band_boundary,peak_at_band_boundary,false,pdv_channel_2,automatic
0.00074505161499037432,58593749.980019182,nan,nan,nan,nan,nan,candidate,boundary_peak,strongest_peak,1,peak_at_band_boundary,peak_at_band_boundary,false,pdv_channel_2,automatic
0.00074505481499037541,58593749.980019182,nan,nan,nan,nan,nan,candidate,boundary_peak,strongest_peak,1,peak_at_band_boundary,peak_at_band_boundary,false,pdv_channel_2,automatic
0.0007450580149903765,58593749.980019182,nan,nan,nan,nan,nan,candidate,boundary_peak,strongest_peak,1,peak_at_band_boundary,peak_at_band_boundary,false,pdv_channel_2,automatic
0.00074506121499037759,58593749.980019182,nan,nan,nan,nan,nan,candidate,boundary_peak,strongest_peak,1,peak_at_band_boundary,peak_at_band_boundary,false,pdv_channel_2,automatic
0.00074506441499037868,58593749.980019182,nan,nan,nan,nan,nan,candidate,boundary_peak,strongest_peak,1,peak_at_band_boundary,peak_at_band_boundary,false,pdv_channel_2,automatic
0.00074506761499037978,58593749.980019182,nan,nan,nan,nan,nan,candidate,boundary_peak,strongest_peak,1,peak_at_band_boundary,peak_at_band_boundary,false,pdv_channel_2,automatic
0.00074507081499038087,58593749.980019182,nan,nan,nan,nan,nan,candidate,boundary_peak,strongest_peak,1,peak_at_band_boundary,peak_at_band_boundary,false,pdv_channel_2,automatic
0.00074507401499038196,58593749.980019182,nan,nan,nan,nan,nan,candidate,boundary_peak,strongest_peak,1,peak_at_band_boundary,peak_at_band_boundary,false,pdv_channel_2,automatic
0.00074507721499038305,58593749.980019182,nan,nan,nan,nan,nan,candidate,boundary_peak,strongest_peak,1,peak_at_band_boundary,peak_at_band_boundary,false,pdv_channel_2,automatic
0.00074508041499038414,58593749.980019182,nan,nan,nan,nan,nan,candidate,boundary_peak,strongest_peak,1,peak_at_band_boundary,peak_at_band_boundary,false,pdv_channel_2,automatic
0.00074508361499038523,58593749.980019182,nan,nan,nan,nan,nan,candidate,boundary_peak,strongest_peak,1,peak_at_band_boundary,peak_at_band_boundary,false,pdv_channel_2,automatic
0.00074508681499038632,58593749.980019182,nan,nan,nan,nan,nan,candidate,boundary_peak,strongest_peak,1,peak_at_band_boundary,peak_at_band_boundary,false,pdv_channel_2,automatic
0.00074509001499038741,58593749.980019182,nan,nan,nan,nan,nan,candidate,boundary_peak,strongest_peak,1,peak_at_band_boundary,peak_at_band_boundary,false,pdv_channel_2,automatic
0.0007450932149903885,58593749.980019182,nan,nan,nan,nan,nan,candidate,boundary_peak,strongest_peak,1,peak_at_band_boundary,peak_at_band_boundary,false,pdv_channel_2,automatic
0.0007450964149903896,58593749.980019182,nan,nan,nan,nan,nan,candidate,boundary_peak,strongest_peak,1,peak_at_band_boundary,peak_at_band_boundary,false,pdv_channel_2,automatic
0.00074509961499039069,58593749.980019182,nan,nan,nan,nan,nan,candidate,boundary_peak,strongest_peak,1,peak_at_band_boundary,peak_at_band_boundary,false,pdv_channel_2,automatic
0.00074510281499039178,58593749.980019182,nan,nan,nan,nan,nan,candidate,boundary_peak,strongest_peak,1,peak_at_band_boundary,peak_at_band_boundary,false,pdv_channel_2,automatic
0.00074510601499039287,58593749.980019182,nan,nan,nan,nan,nan,candidate,boundary_peak,strongest_peak,1,peak_at_band_boundary,peak_at_band_boundary,false,pdv_channel_2,automatic
0.00074510921499039396,58593749.980019182,nan,nan,nan,nan,nan,candidate,boundary_peak,strongest_peak,1,peak_at_band_boundary,peak_at_band_boundary,false,pdv_channel_2,automatic
0.00074511241499039505,58593749.980019182,nan,nan,nan,nan,nan,candidate,boundary_peak,strongest_peak,1,peak_at_band_boundary,peak_at_band_boundary,false,pdv_channel_2,automatic
0.00074511561499039614,58593749.980019182,nan,nan,nan,nan,nan,candidate,boundary_peak,strongest_peak,1,peak_at_band_boundary,peak_at_band_boundary,false,pdv_channel_2,automatic
0.00074511881499039723,58593749.980019182,nan,nan,nan,nan,nan,candidate,boundary_peak,strongest_peak,1,peak_at_band_boundary,peak_at_band_boundary,false,pdv_channel_2,automatic
0.00074512201499039833,58593749.980019182,nan,nan,nan,nan,nan,candidate,boundary_peak,strongest_peak,1,peak_at_band_boundary,peak_at_band_boundary,false,pdv_channel_2,automatic
0.00074512521499039942,58593749.980019182,nan,nan,nan,nan,nan,candidate,boundary_peak,strongest_peak,1,peak_at_band_boundary,peak_at_band_boundary,false,pdv_channel_2,automatic
0.00074512841499040051,58593749.980019182,nan,nan,nan,nan,nan,candidate,boundary_peak,strongest_peak,1,peak_at_band_boundary,peak_at_band_boundary,false,pdv_channel_2,automatic
0.0007451316149904016,58593749.980019182,nan,nan,nan,nan,nan,candidate,boundary_peak,strongest_peak,1,peak_at_band_boundary,peak_at_band_boundary,false,pdv_channel_2,automatic
0.00074513481499040269,58593749.980019182,nan,nan,nan,nan,nan,candidate,boundary_peak,strongest_peak,1,peak_at_band_boundary,peak_at_band_boundary,false,pdv_channel_2,automatic
0.00074513801499040378,58593749.980019182,nan,nan,nan,nan,nan,candidate,boundary_peak,strongest_peak,1,peak_at_band_boundary,peak_at_band_boundary,false,pdv_channel_2,automatic
0.00074514121499040487,58593749.980019182,nan,nan,nan,nan,nan,candidate,boundary_peak,strongest_peak,1,peak_at_band_boundary,peak_at_band_boundary,false,pdv_channel_2,automatic
0.00074514441499040596,58593749.980019182,nan,nan,nan,nan,nan,candidate,boundary_peak,strongest_peak,1,peak_at_band_boundary,peak_at_band_boundary,false,pdv_channel_2,automatic
0.00074514761499040706,58593749.980019182,nan,nan,nan,nan,nan,candidate,boundary_peak,strongest_peak,1,peak_at_band_boundary,peak_at_band_boundary,false,pdv_channel_2,automatic
0.00074515081499040815,58593749.980019182,nan,nan,nan,nan,nan,candidate,boundary_peak,strongest_peak,1,peak_at_band_boundary,peak_at_band_boundary,false,pdv_channel_2,automatic
0.00074515401499040924,58593749.980019182,nan,nan,nan,nan,nan,candidate,boundary_peak,strongest_peak,1,peak_at_band_boundary,peak_at_band_boundary,false,pdv_channel_2,automatic
0.00074515721499041033,58593749.980019182,nan,nan,nan,nan,nan,candidate,boundary_peak,strongest_peak,1,peak_at_band_boundary,peak_at_band_boundary,false,pdv_channel_2,automatic
0.00074516041499041142,58593749.980019182,nan,nan,nan,nan,nan,candidate,boundary_peak,strongest_peak,1,peak_at_band_boundary,peak_at_band_boundary,false,pdv_channel_2,automatic
0.00074516361499041251,58593749.980019182,nan,nan,nan,nan,nan,candidate,boundary_peak,strongest_peak,1,peak_at_band_boundary,peak_at_band_boundary,false,pdv_channel_2,automatic
0.0007451668149904136,58593749.980019182,nan,nan,nan,nan,nan,candidate,boundary_peak,strongest_peak,1,peak_at_band_boundary,peak_at_band_boundary,false,pdv_channel_2,automatic
0.00074517001499041469,58593749.980019182,nan,nan,nan,nan,nan,candidate,boundary_peak,strongest_peak,1,peak_at_band_boundary,peak_at_band_boundary,false,pdv_channel_2,automatic
0.00074517321499041579,58593749.980019182,nan,nan,nan,nan,nan,candidate,boundary_peak,strongest_peak,1,peak_at_band_boundary,peak_at_band_boundary,false,pdv_channel_2,automatic
0.00074517641499041688,58593749.980019182,nan,nan,nan,nan,nan,candidate,boundary_peak,strongest_peak,1,peak_at_band_boundary,peak_at_band_boundary,false,pdv_channel_2,automatic
0.00074517961499041797,58593749.980019182,nan,nan,nan,nan,nan,candidate,boundary_peak,strongest_peak,1,peak_at_band_boundary,peak_at_band_boundary,false,pdv_channel_2,automatic
0.00074518281499041906,58593749.980019182,nan,nan,nan,nan,nan,candidate,boundary_peak,strongest_peak,1,peak_at_band_boundary,peak_at_band_boundary,false,pdv_channel_2,automatic
0.00074518601499042015,58593749.980019182,nan,nan,nan,nan,nan,candidate,boundary_peak,strongest_peak,1,peak_at_band_boundary,peak_at_band_boundary,false,pdv_channel_2,automatic
0.00074518921499042124,58593749.980019182,nan,nan,nan,nan,nan,candidate,boundary_peak,strongest_peak,1,peak_at_band_boundary,peak_at_band_boundary,false,pdv_channel_2,automatic
0.00074519241499042233,58593749.980019182,nan,nan,nan,nan,nan,candidate,boundary_peak,strongest_peak,1,peak_at_band_boundary,peak_at_band_boundary,false,pdv_channel_2,automatic
0.00074519561499042342,58593749.980019182,nan,nan,nan,nan,nan,candidate,boundary_peak,strongest_peak,1,peak_at_band_boundary,peak_at_band_boundary,false,pdv_channel_2,automatic
0.00074519881499042452,58593749.980019182,nan,nan,nan,nan,nan,candidate,boundary_peak,strongest_peak,1,peak_at_band_boundary,peak_at_band_boundary,false,pdv_channel_2,automatic
0.00074520201499042561,58593749.980019182,nan,nan,nan,nan,nan,candidate,boundary_peak,strongest_peak,1,peak_at_band_boundary,peak_at_band_boundary,false,pdv_channel_2,automatic
0.0007452052149904267,58593749.980019182,nan,nan,nan,nan,nan,candidate,boundary_peak,strongest_peak,1,peak_at_band_boundary,peak_at_band_boundary,false,pdv_channel_2,automatic
0.00074520841499042779,58593749.980019182,nan,nan,nan,nan,nan,candidate,boundary_peak,strongest_peak,1,peak_at_band_boundary,peak_at_band_boundary,false,pdv_channel_2,automatic
0.00074521161499042888,58593749.980019182,nan,nan,nan,nan,nan,candidate,boundary_peak,strongest_peak,1,peak_at_band_boundary,peak_at_band_boundary,false,pdv_channel_2,automatic
0.00074521481499042997,58593749.980019182,nan,nan,nan,nan,nan,candidate,boundary_peak,strongest_peak,1,peak_at_band_boundary,peak_at_band_boundary,false,pdv_channel_2,automatic
0.00074521801499043106,58593749.980019182,nan,nan,nan,nan,nan,candidate,boundary_peak,strongest_peak,1,peak_at_band_boundary,peak_at_band_boundary,false,pdv_channel_2,automatic
0.00074522121499043215,58593749.980019182,nan,nan,nan,nan,nan,candidate,boundary_peak,strongest_peak,1,peak_at_band_boundary,peak_at_band_boundary,false,pdv_channel_2,automatic
0.00074522441499043324,58593749.980019182,nan,nan,nan,nan,nan,candidate,boundary_peak,strongest_peak,1,peak_at_band_boundary,peak_at_band_boundary,false,pdv_channel_2,automatic
0.00074522761499043434,58593749.980019182,nan,nan,nan,nan,nan,candidate,boundary_peak,strongest_peak,1,peak_at_band_boundary,peak_at_band_boundary,false,pdv_channel_2,automatic
0.00074523081499043543,58593749.980019182,nan,nan,nan,nan,nan,candidate,boundary_peak,strongest_peak,1,peak_at_band_boundary,peak_at_band_boundary,false,pdv_channel_2,automatic
0.00074523401499043652,58593749.980019182,nan,nan,nan,nan,nan,candidate,boundary_peak,strongest_peak,1,peak_at_band_boundary,peak_at_band_boundary,false,pdv_channel_2,automatic
0.00074523721499043761,58593749.980019182,nan,nan,nan,nan,nan,candidate,boundary_peak,strongest_peak,1,peak_at_band_boundary,peak_at_band_boundary,false,pdv_channel_2,automatic
0.0007452404149904387,58593749.980019182,nan,nan,nan,nan,nan,candidate,boundary_peak,strongest_peak,1,peak_at_band_boundary,peak_at_band_boundary,false,pdv_channel_2,automatic
0.00074524361499043979,58593749.980019182,nan,nan,nan,nan,nan,candidate,boundary_peak,strongest_peak,1,peak_at_band_boundary,peak_at_band_boundary,false,pdv_channel_2,automatic
0.00074524681499044088,58593749.980019182,nan,nan,nan,nan,nan,candidate,boundary_peak,strongest_peak,1,peak_at_band_boundary,peak_at_band_boundary,false,pdv_channel_2,automatic
0.00074525001499044197,58593749.980019182,nan,nan,nan,nan,nan,candidate,boundary_peak,strongest_peak,1,peak_at_band_boundary,peak_at_band_boundary,false,pdv_channel_2,automatic
0.00074525321499044307,58593749.980019182,nan,nan,nan,nan,nan,candidate,boundary_peak,strongest_peak,1,peak_at_band_boundary,peak_at_band_boundary,false,pdv_channel_2,automatic
0.00074525641499044416,58593749.980019182,nan,nan,nan,nan,nan,candidate,boundary_peak,strongest_peak,1,peak_at_band_boundary,peak_at_band_boundary,false,pdv_channel_2,automatic
0.00074525961499044525,58593749.980019182,nan,nan,nan,nan,nan,candidate,boundary_peak,strongest_peak,1,peak_at_band_boundary,peak_at_band_boundary,false,pdv_channel_2,automatic
0.00074526281499044634,58593749.980019182,nan,nan,nan,nan,nan,candidate,boundary_peak,strongest_peak,1,peak_at_band_boundary,peak_at_band_boundary,false,pdv_channel_2,automatic
0.00074526601499044743,58593749.980019182,nan,nan,nan,nan,nan,candidate,boundary_peak,strongest_peak,1,peak_at_band_boundary,peak_at_band_boundary,false,pdv_channel_2,automatic
0.00074526921499044852,58593749.980019182,nan,nan,nan,nan,nan,candidate,boundary_peak,strongest_peak,1,peak_at_band_boundary,peak_at_band_boundary,false,pdv_channel_2,automatic
0.00074527241499044961,58593749.980019182,nan,nan,nan,nan,nan,candidate,boundary_peak,strongest_peak,1,peak_at_band_boundary,peak_at_band_boundary,false,pdv_channel_2,automatic
0.0007452756149904507,58593749.980019182,nan,nan,nan,nan,nan,candidate,boundary_peak,strongest_peak,1,peak_at_band_boundary,peak_at_band_boundary,false,pdv_channel_2,automatic
0.0007452788149904518,58593749.980019182,nan,nan,nan,nan,nan,candidate,boundary_peak,strongest_peak,1,peak_at_band_boundary,peak_at_band_boundary,false,pdv_channel_2,automatic
0.00074528201499045289,58593749.980019182,nan,nan,nan,nan,nan,candidate,boundary_peak,strongest_peak,1,peak_at_band_boundary,peak_at_band_boundary,false,pdv_channel_2,automatic
0.00074528521499045398,58593749.980019182,nan,nan,nan,nan,nan,candidate,boundary_peak,strongest_peak,1,peak_at_band_boundary,peak_at_band_boundary,false,pdv_channel_2,automatic
0.00074528841499045507,58593749.980019182,nan,nan,nan,nan,nan,candidate,boundary_peak,strongest_peak,1,peak_at_band_boundary,peak_at_band_boundary,false,pdv_channel_2,automatic
0.00074529161499045616,58593749.980019182,nan,nan,nan,nan,nan,candidate,boundary_peak,strongest_peak,1,peak_at_band_boundary,peak_at_band_boundary,false,pdv_channel_2,automatic
0.00074529481499045725,58593749.980019182,nan,nan,nan,nan,nan,candidate,boundary_peak,strongest_peak,1,peak_at_band_boundary,peak_at_band_boundary,false,pdv_channel_2,automatic
0.00074529801499045834,58593749.980019182,nan,nan,nan,nan,nan,candidate,boundary_peak,strongest_peak,1,peak_at_band_boundary,peak_at_band_boundary,false,pdv_channel_2,automatic
0.00074530121499045943,58593749.980019182,nan,nan,nan,nan,nan,candidate,boundary_peak,strongest_peak,1,peak_at_band_boundary,peak_at_band_boundary,false,pdv_channel_2,automatic
0.00074530441499046053,58593749.980019182,nan,nan,nan,nan,nan,candidate,boundary_peak,strongest_peak,1,peak_at_band_boundary,peak_at_band_boundary,false,pdv_channel_2,automatic
0.00074530761499046162,58593749.980019182,nan,nan,nan,nan,nan,candidate,boundary_peak,strongest_peak,1,peak_at_band_boundary,peak_at_band_boundary,false,pdv_channel_2,automatic
0.00074531081499046271,58593749.980019182,nan,nan,nan,nan,nan,candidate,boundary_peak,strongest_peak,1,peak_at_band_boundary,peak_at_band_boundary,false,pdv_channel_2,automatic
0.0007453140149904638,58593749.980019182,nan,nan,nan,nan,nan,candidate,boundary_peak,strongest_peak,1,peak_at_band_boundary,peak_at_band_boundary,false,pdv_channel_2,automatic
0.00074531721499046489,58593749.980019182,nan,nan,nan,nan,nan,candidate,boundary_peak,strongest_peak,1,peak_at_band_boundary,peak_at_band_boundary,false,pdv_channel_2,automatic
0.00074532041499046598,58593749.980019182,nan,nan,nan,nan,nan,candidate,boundary_peak,strongest_peak,1,peak_at_band_boundary,peak_at_band_boundary,false,pdv_channel_2,automatic
0.00074532361499046707,58593749.980019182,nan,nan,nan,nan,nan,candidate,boundary_peak,strongest_peak,1,peak_at_band_boundary,peak_at_band_boundary,false,pdv_channel_2,automatic
0.00074532681499046816,58593749.980019182,nan,nan,nan,nan,nan,candidate,boundary_peak,strongest_peak,1,peak_at_band_boundary,peak_at_band_boundary,false,pdv_channel_2,automatic
0.00074533001499046926,58593749.980019182,nan,nan,nan,nan,nan,candidate,boundary_peak,strongest_peak,1,peak_at_band_boundary,peak_at_band_boundary,false,pdv_channel_2,automatic
0.00074533321499047035,58593749.980019182,nan,nan,nan,nan,nan,candidate,boundary_peak,strongest_peak,1,peak_at_band_boundary,peak_at_band_boundary,false,pdv_channel_2,automatic
0.00074533641499047144,58593749.980019182,nan,nan,nan,nan,nan,candidate,boundary_peak,strongest_peak,1,peak_at_band_boundary,peak_at_band_boundary,false,pdv_channel_2,automatic
0.00074533961499047253,58593749.980019182,nan,nan,nan,nan,nan,candidate,boundary_peak,strongest_peak,1,peak_at_band_boundary,peak_at_band_boundary,false,pdv_channel_2,automatic
0.00074534281499047362,58593749.980019182,nan,nan,nan,nan,nan,candidate,boundary_peak,strongest_peak,1,peak_at_band_boundary,peak_at_band_boundary,false,pdv_channel_2,automatic
0.00074534601499047471,58593749.980019182,nan,nan,nan,nan,nan,candidate,boundary_peak,strongest_peak,1,peak_at_band_boundary,peak_at_band_boundary,false,pdv_channel_2,automatic
0.0007453492149904758,58593749.980019182,nan,nan,nan,nan,nan,candidate,boundary_peak,strongest_peak,1,peak_at_band_boundary,peak_at_band_boundary,false,pdv_channel_2,automatic
0.00074535241499047689,58593749.980019182,nan,nan,nan,nan,nan,candidate,boundary_peak,strongest_peak,1,peak_at_band_boundary,peak_at_band_boundary,false,pdv_channel_2,automatic
0.00074535561499047798,58593749.980019182,nan,nan,nan,nan,nan,candidate,boundary_peak,strongest_peak,1,peak_at_band_boundary,peak_at_band_boundary,false,pdv_channel_2,automatic
0.00074535881499047908,58593749.980019182,nan,nan,nan,nan,nan,candidate,boundary_peak,strongest_peak,1,peak_at_band_boundary,peak_at_band_boundary,false,pdv_channel_2,automatic
0.00074536201499048017,58593749.980019182,nan,nan,nan,nan,nan,candidate,boundary_peak,strongest_peak,1,peak_at_band_boundary,peak_at_band_boundary,false,pdv_channel_2,automatic
0.00074536521499048126,58593749.980019182,nan,nan,nan,nan,nan,candidate,boundary_peak,strongest_peak,1,peak_at_band_boundary,peak_at_band_boundary,false,pdv_channel_2,automatic
0.00074536841499048235,58593749.980019182,nan,nan,nan,nan,nan,candidate,boundary_peak,strongest_peak,1,peak_at_band_boundary,peak_at_band_boundary,false,pdv_channel_2,automatic
0.00074537161499048344,58593749.980019182,nan,nan,nan,nan,nan,candidate,boundary_peak,strongest_peak,1,peak_at_band_boundary,peak_at_band_boundary,false,pdv_channel_2,automatic
0.00074537481499048453,58593749.980019182,nan,nan,nan,nan,nan,candidate,boundary_peak,strongest_peak,1,peak_at_band_boundary,peak_at_band_boundary,false,pdv_channel_2,automatic
0.00074537801499048562,58593749.980019182,nan,nan,nan,nan,nan,candidate,boundary_peak,strongest_peak,1,peak_at_band_boundary,peak_at_band_boundary,false,pdv_channel_2,automatic
0.00074538121499048671,58593749.980019182,nan,nan,nan,nan,nan,candidate,boundary_peak,strongest_peak,1,peak_at_band_boundary,peak_at_band_boundary,false,pdv_channel_2,automatic
0.00074538441499048781,58593749.980019182,nan,nan,nan,nan,nan,candidate,boundary_peak,strongest_peak,1,peak_at_band_boundary,peak_at_band_boundary,false,pdv_channel_2,automatic
0.0007453876149904889,58593749.980019182,nan,nan,nan,nan,nan,candidate,boundary_peak,strongest_peak,1,peak_at_band_boundary,peak_at_band_boundary,false,pdv_channel_2,automatic
0.00074539081499048999,58593749.980019182,nan,nan,nan,nan,nan,candidate,boundary_peak,strongest_peak,1,peak_at_band_boundary,peak_at_band_boundary,false,pdv_channel_2,automatic
0.00074539401499049108,58593749.980019182,nan,nan,nan,nan,nan,candidate,boundary_peak,strongest_peak,1,peak_at_band_boundary,peak_at_band_boundary,false,pdv_channel_2,automatic
0.00074539721499049217,58593749.980019182,nan,nan,nan,nan,nan,candidate,boundary_peak,strongest_peak,1,peak_at_band_boundary,peak_at_band_boundary,false,pdv_channel_2,automatic
0.00074540041499049326,58593749.980019182,nan,nan,nan,nan,nan,candidate,boundary_peak,strongest_peak,1,peak_at_band_boundary,peak_at_band_boundary,false,pdv_channel_2,automatic
0.00074540361499049435,58593749.980019182,nan,nan,nan,nan,nan,candidate,boundary_peak,strongest_peak,1,peak_at_band_boundary,peak_at_band_boundary,false,pdv_channel_2,automatic
0.00074540681499049544,58593749.980019182,nan,nan,nan,nan,nan,candidate,boundary_peak,strongest_peak,1,peak_at_band_boundary,peak_at_band_boundary,false,pdv_channel_2,automatic
0.00074541001499049654,58593749.980019182,nan,nan,nan,nan,nan,candidate,boundary_peak,strongest_peak,1,peak_at_band_boundary,peak_at_band_boundary,false,pdv_channel_2,automatic
0.00074541321499049763,58593749.980019182,nan,nan,nan,nan,nan,candidate,boundary_peak,strongest_peak,1,peak_at_band_boundary,peak_at_band_boundary,false,pdv_channel_2,automatic
0.00074541641499049872,58593749.980019182,nan,nan,nan,nan,nan,candidate,boundary_peak,strongest_peak,1,peak_at_band_boundary,peak_at_band_boundary,false,pdv_channel_2,automatic
0.00074541961499049981,58593749.980019182,nan,nan,nan,nan,nan,candidate,boundary_peak,strongest_peak,1,peak_at_band_boundary,peak_at_band_boundary,false,pdv_channel_2,automatic
0.0007454228149905009,58593749.980019182,nan,nan,nan,nan,nan,candidate,boundary_peak,strongest_peak,1,peak_at_band_boundary,peak_at_band_boundary,false,pdv_channel_2,automatic
0.00074542601499050199,58593749.980019182,nan,nan,nan,nan,nan,candidate,boundary_peak,strongest_peak,1,peak_at_band_boundary,peak_at_band_boundary,false,pdv_channel_2,automatic
0.00074542921499050308,58593749.980019182,nan,nan,nan,nan,nan,candidate,boundary_peak,strongest_peak,1,peak_at_band_boundary,peak_at_band_boundary,false,pdv_channel_2,automatic
0.00074543241499050417,58593749.980019182,nan,nan,nan,nan,nan,candidate,boundary_peak,strongest_peak,1,peak_at_band_boundary,peak_at_band_boundary,false,pdv_channel_2,automatic
0.00074543561499050527,58593749.980019182,nan,nan,nan,nan,nan,candidate,boundary_peak,strongest_peak,1,peak_at_band_boundary,peak_at_band_boundary,false,pdv_channel_2,automatic
0.00074543881499050636,58593749.980019182,nan,nan,nan,nan,nan,candidate,boundary_peak,strongest_peak,1,peak_at_band_boundary,peak_at_band_boundary,false,pdv_channel_2,automatic
0.00074544201499050745,58593749.980019182,nan,nan,nan,nan,nan,candidate,boundary_peak,strongest_peak,1,peak_at_band_boundary,peak_at_band_boundary,false,pdv_channel_2,automatic
0.00074544521499050854,58593749.980019182,nan,nan,nan,nan,nan,candidate,boundary_peak,strongest_peak,1,peak_at_band_boundary,peak_at_band_boundary,false,pdv_channel_2,automatic
0.00074544841499050963,58593749.980019182,nan,nan,nan,nan,nan,candidate,boundary_peak,strongest_peak,1,peak_at_band_boundary,peak_at_band_boundary,false,pdv_channel_2,automatic
0.00074545161499051072,58593749.980019182,nan,nan,nan,nan,nan,candidate,boundary_peak,strongest_peak,1,peak_at_band_boundary,peak_at_band_boundary,false,pdv_channel_2,automatic
0.00074545481499051181,58593749.980019182,nan,nan,nan,nan,nan,candidate,boundary_peak,strongest_peak,1,peak_at_band_boundary,peak_at_band_boundary,false,pdv_channel_2,automatic
0.0007454580149905129,58593749.980019182,nan,nan,nan,nan,nan,candidate,boundary_peak,strongest_peak,1,peak_at_band_boundary,peak_at_band_boundary,false,pdv_channel_2,automatic
0.000745461214990514,58593749.980019182,nan,nan,nan,nan,nan,candidate,boundary_peak,strongest_peak,1,peak_at_band_boundary,peak_at_band_boundary,false,pdv_channel_2,automatic
0.00074546441499051509,58593749.980019182,nan,nan,nan,nan,nan,candidate,boundary_peak,strongest_peak,1,peak_at_band_boundary,peak_at_band_boundary,false,pdv_channel_2,automatic
0.00074546761499051618,58593749.980019182,nan,nan,nan,nan,nan,candidate,boundary_peak,strongest_peak,1,peak_at_band_boundary,peak_at_band_boundary,false,pdv_channel_2,automatic
0.00074547081499051727,58593749.980019182,nan,nan,nan,nan,nan,candidate,boundary_peak,strongest_peak,1,peak_at_band_boundary,peak_at_band_boundary,false,pdv_channel_2,automatic
0.00074547401499051836,58593749.980019182,nan,nan,nan,nan,nan,candidate,boundary_peak,strongest_peak,1,peak_at_band_boundary,peak_at_band_boundary,false,pdv_channel_2,automatic
0.00074547721499051945,58593749.980019182,nan,nan,nan,nan,nan,candidate,boundary_peak,strongest_peak,1,peak_at_band_boundary,peak_at_band_boundary,false,pdv_channel_2,automatic
0.00074548041499052054,58593749.980019182,nan,nan,nan,nan,nan,candidate,boundary_peak,strongest_peak,1,peak_at_band_boundary,peak_at_band_boundary,false,pdv_channel_2,automatic
0.00074548361499052163,58593749.980019182,nan,nan,nan,nan,nan,candidate,boundary_peak,strongest_peak,1,peak_at_band_boundary,peak_at_band_boundary,false,pdv_channel_2,automatic
0.00074548681499052272,58593749.980019182,nan,nan,nan,nan,nan,candidate,boundary_peak,strongest_peak,1,peak_at_band_boundary,peak_at_band_boundary,false,pdv_channel_2,automatic
0.00074549001499052382,58593749.980019182,nan,nan,nan,nan,nan,candidate,boundary_peak,strongest_peak,1,peak_at_band_boundary,peak_at_band_boundary,false,pdv_channel_2,automatic
0.00074549321499052491,58593749.980019182,nan,nan,nan,nan,nan,candidate,boundary_peak,strongest_peak,1,peak_at_band_boundary,peak_at_band_boundary,false,pdv_channel_2,automatic
0.000745496414990526,58593749.980019182,nan,nan,nan,nan,nan,candidate,boundary_peak,strongest_peak,1,peak_at_band_boundary,peak_at_band_boundary,false,pdv_channel_2,automatic
0.00074549961499052709,58593749.980019182,nan,nan,nan,nan,nan,candidate,boundary_peak,strongest_peak,1,peak_at_band_boundary,peak_at_band_boundary,false,pdv_channel_2,automatic
0.00074550281499052818,58593749.980019182,nan,nan,nan,nan,nan,candidate,boundary_peak,strongest_peak,1,peak_at_band_boundary,peak_at_band_boundary,false,pdv_channel_2,automatic
0.00074550601499052927,58593749.980019182,nan,nan,nan,nan,nan,candidate,boundary_peak,strongest_peak,1,peak_at_band_boundary,peak_at_band_boundary,false,pdv_channel_2,automatic
0.00074550921499053036,58593749.980019182,nan,nan,nan,nan,nan,candidate,boundary_peak,strongest_peak,1,peak_at_band_boundary,peak_at_band_boundary,false,pdv_channel_2,automatic
0.00074551241499053145,58593749.980019182,nan,nan,nan,nan,nan,candidate,boundary_peak,strongest_peak,1,peak_at_band_boundary,peak_at_band_boundary,false,pdv_channel_2,automatic
0.00074551561499053255,58593749.980019182,nan,nan,nan,nan,nan,candidate,boundary_peak,strongest_peak,1,peak_at_band_boundary,peak_at_band_boundary,false,pdv_channel_2,automatic
0.00074551881499053364,58593749.980019182,nan,nan,nan,nan,nan,candidate,boundary_peak,strongest_peak,1,peak_at_band_boundary,peak_at_band_boundary,false,pdv_channel_2,automatic
0.00074552201499053473,58593749.980019182,nan,nan,nan,nan,nan,candidate,boundary_peak,strongest_peak,1,peak_at_band_boundary,peak_at_band_boundary,false,pdv_channel_2,automatic
0.00074552521499053582,58593749.980019182,nan,nan,nan,nan,nan,candidate,boundary_peak,strongest_peak,1,peak_at_band_boundary,peak_at_band_boundary,false,pdv_channel_2,automatic
0.00074552841499053691,58593749.980019182,nan,nan,nan,nan,nan,candidate,boundary_peak,strongest_peak,1,peak_at_band_boundary,peak_at_band_boundary,false,pdv_channel_2,automatic
0.000745531614990538,58593749.980019182,nan,nan,nan,nan,nan,candidate,boundary_peak,strongest_peak,1,peak_at_band_boundary,peak_at_band_boundary,false,pdv_channel_2,automatic
0.00074553481499053909,58593749.980019182,nan,nan,nan,nan,nan,candidate,boundary_peak,strongest_peak,1,peak_at_band_boundary,peak_at_band_boundary,false,pdv_channel_2,automatic
0.00074553801499054018,58593749.980019182,nan,nan,nan,nan,nan,candidate,boundary_peak,strongest_peak,1,peak_at_band_boundary,peak_at_band_boundary,false,pdv_channel_2,automatic
0.00074554121499054128,58593749.980019182,nan,nan,nan,nan,nan,candidate,boundary_peak,strongest_peak,1,peak_at_band_boundary,peak_at_band_boundary,false,pdv_channel_2,automatic
0.00074554441499054237,58593749.980019182,nan,nan,nan,nan,nan,candidate,boundary_peak,strongest_peak,1,peak_at_band_boundary,peak_at_band_boundary,false,pdv_channel_2,automatic
0.00074554761499054346,58593749.980019182,nan,nan,nan,nan,nan,candidate,boundary_peak,strongest_peak,1,peak_at_band_boundary,peak_at_band_boundary,false,pdv_channel_2,automatic
0.00074555081499054455,58593749.980019182,nan,nan,nan,nan,nan,candidate,boundary_peak,strongest_peak,1,peak_at_band_boundary,peak_at_band_boundary,false,pdv_channel_2,automatic
0.00074555401499054564,58593749.980019182,nan,nan,nan,nan,nan,candidate,boundary_peak,strongest_peak,1,peak_at_band_boundary,peak_at_band_boundary,false,pdv_channel_2,automatic
0.00074555721499054673,58593749.980019182,nan,nan,nan,nan,nan,candidate,boundary_peak,strongest_peak,1,peak_at_band_boundary,peak_at_band_boundary,false,pdv_channel_2,automatic
0.00074556041499054782,58593749.980019182,nan,nan,nan,nan,nan,candidate,boundary_peak,strongest_peak,1,peak_at_band_boundary,peak_at_band_boundary,false,pdv_channel_2,automatic
0.00074556361499054891,58593749.980019182,nan,nan,nan,nan,nan,candidate,boundary_peak,strongest_peak,1,peak_at_band_boundary,peak_at_band_boundary,false,pdv_channel_2,automatic
0.00074556681499055001,58593749.980019182,nan,nan,nan,nan,nan,candidate,boundary_peak,strongest_peak,1,peak_at_band_boundary,peak_at_band_boundary,false,pdv_channel_2,automatic
0.0007455700149905511,58593749.980019182,nan,nan,nan,nan,nan,candidate,boundary_peak,strongest_peak,1,peak_at_band_boundary,peak_at_band_boundary,false,pdv_channel_2,automatic
0.00074557321499055219,58593749.980019182,nan,nan,nan,nan,nan,candidate,boundary_peak,strongest_peak,1,peak_at_band_boundary,peak_at_band_boundary,false,pdv_channel_2,automatic
0.00074557641499055328,58593749.980019182,nan,nan,nan,nan,nan,candidate,boundary_peak,strongest_peak,1,peak_at_band_boundary,peak_at_band_boundary,false,pdv_channel_2,automatic
0.00074557961499055437,58593749.980019182,nan,nan,nan,nan,nan,candidate,boundary_peak,strongest_peak,1,peak_at_band_boundary,peak_at_band_boundary,false,pdv_channel_2,automatic
0.00074558281499055546,58593749.980019182,nan,nan,nan,nan,nan,candidate,boundary_peak,strongest_peak,1,peak_at_band_boundary,peak_at_band_boundary,false,pdv_channel_2,automatic
0.00074558601499055655,58593749.980019182,nan,nan,nan,nan,nan,candidate,boundary_peak,strongest_peak,1,peak_at_band_boundary,peak_at_band_boundary,false,pdv_channel_2,automatic
0.00074558921499055764,58593749.980019182,nan,nan,nan,nan,nan,candidate,boundary_peak,strongest_peak,1,peak_at_band_boundary,peak_at_band_boundary,false,pdv_channel_2,automatic
0.00074559241499055874,58593749.980019182,nan,nan,nan,nan,nan,candidate,boundary_peak,strongest_peak,1,peak_at_band_boundary,peak_at_band_boundary,false,pdv_channel_2,automatic
0.00074559561499055983,58593749.980019182,nan,nan,nan,nan,nan,candidate,boundary_peak,strongest_peak,1,peak_at_band_boundary,peak_at_band_boundary,false,pdv_channel_2,automatic
0.00074559881499056092,58593749.980019182,nan,nan,nan,nan,nan,candidate,boundary_peak,strongest_peak,1,peak_at_band_boundary,peak_at_band_boundary,false,pdv_channel_2,automatic
0.00074560201499056201,58593749.980019182,nan,nan,nan,nan,nan,candidate,boundary_peak,strongest_peak,1,peak_at_band_boundary,peak_at_band_boundary,false,pdv_channel_2,automatic
0.0007456052149905631,58593749.980019182,nan,nan,nan,nan,nan,candidate,boundary_peak,strongest_peak,1,peak_at_band_boundary,peak_at_band_boundary,false,pdv_channel_2,automatic
0.00074560841499056419,58593749.980019182,nan,nan,nan,nan,nan,candidate,boundary_peak,strongest_peak,1,peak_at_band_boundary,peak_at_band_boundary,false,pdv_channel_2,automatic
0.00074561161499056528,58593749.980019182,nan,nan,nan,nan,nan,candidate,boundary_peak,strongest_peak,1,peak_at_band_boundary,peak_at_band_boundary,false,pdv_channel_2,automatic
0.00074561481499056637,58593749.980019182,nan,nan,nan,nan,nan,candidate,boundary_peak,strongest_peak,1,peak_at_band_boundary,peak_at_band_boundary,false,pdv_channel_2,automatic
0.00074561801499056746,58593749.980019182,nan,nan,nan,nan,nan,candidate,boundary_peak,strongest_peak,1,peak_at_band_boundary,peak_at_band_boundary,false,pdv_channel_2,automatic
0.00074562121499056856,58593749.980019182,nan,nan,nan,nan,nan,candidate,boundary_peak,strongest_peak,1,peak_at_band_boundary,peak_at_band_boundary,false,pdv_channel_2,automatic
0.00074562441499056965,58593749.980019182,nan,nan,nan,nan,nan,candidate,boundary_peak,strongest_peak,1,peak_at_band_boundary,peak_at_band_boundary,false,pdv_channel_2,automatic
0.00074562761499057074,58593749.980019182,nan,nan,nan,nan,nan,candidate,boundary_peak,strongest_peak,1,peak_at_band_boundary,peak_at_band_boundary,false,pdv_channel_2,automatic
0.00074563081499057183,58593749.980019182,nan,nan,nan,nan,nan,candidate,boundary_peak,strongest_peak,1,peak_at_band_boundary,peak_at_band_boundary,false,pdv_channel_2,automatic
0.00074563401499057292,58593749.980019182,nan,nan,nan,nan,nan,candidate,boundary_peak,strongest_peak,1,peak_at_band_boundary,peak_at_band_boundary,false,pdv_channel_2,automatic
0.00074563721499057401,58593749.980019182,nan,nan,nan,nan,nan,candidate,boundary_peak,strongest_peak,1,peak_at_band_boundary,peak_at_band_boundary,false,pdv_channel_2,automatic
0.0007456404149905751,58593749.980019182,nan,nan,nan,nan,nan,candidate,boundary_peak,strongest_peak,1,peak_at_band_boundary,peak_at_band_boundary,false,pdv_channel_2,automatic
0.00074564361499057619,58593749.980019182,nan,nan,nan,nan,nan,candidate,boundary_peak,strongest_peak,1,peak_at_band_boundary,peak_at_band_boundary,false,pdv_channel_2,automatic
0.00074564681499057729,58593749.980019182,nan,nan,nan,nan,nan,candidate,boundary_peak,strongest_peak,1,peak_at_band_boundary,peak_at_band_boundary,false,pdv_channel_2,automatic
0.00074565001499057838,58593749.980019182,nan,nan,nan,nan,nan,candidate,boundary_peak,strongest_peak,1,peak_at_band_boundary,peak_at_band_boundary,false,pdv_channel_2,automatic
0.00074565321499057947,58593749.980019182,nan,nan,nan,nan,nan,candidate,boundary_peak,strongest_peak,1,peak_at_band_boundary,peak_at_band_boundary,false,pdv_channel_2,automatic
0.00074565641499058056,58593749.980019182,nan,nan,nan,nan,nan,candidate,boundary_peak,strongest_peak,1,peak_at_band_boundary,peak_at_band_boundary,false,pdv_channel_2,automatic
0.00074565961499058165,58593749.980019182,nan,nan,nan,nan,nan,candidate,boundary_peak,strongest_peak,1,peak_at_band_boundary,peak_at_band_boundary,false,pdv_channel_2,automatic
0.00074566281499058274,58593749.980019182,nan,nan,nan,nan,nan,candidate,boundary_peak,strongest_peak,1,peak_at_band_boundary,peak_at_band_boundary,false,pdv_channel_2,automatic
0.00074566601499058383,58593749.980019182,nan,nan,nan,nan,nan,candidate,boundary_peak,strongest_peak,1,peak_at_band_boundary,peak_at_band_boundary,false,pdv_channel_2,automatic
0.00074566921499058492,58593749.980019182,nan,nan,nan,nan,nan,candidate,boundary_peak,strongest_peak,1,peak_at_band_boundary,peak_at_band_boundary,false,pdv_channel_2,automatic
0.00074567241499058602,58593749.980019182,nan,nan,nan,nan,nan,candidate,boundary_peak,strongest_peak,1,peak_at_band_boundary,peak_at_band_boundary,false,pdv_channel_2,automatic
0.00074567561499058711,58593749.980019182,nan,nan,nan,nan,nan,candidate,boundary_peak,strongest_peak,1,peak_at_band_boundary,peak_at_band_boundary,false,pdv_channel_2,automatic
0.0007456788149905882,58593749.980019182,nan,nan,nan,nan,nan,candidate,boundary_peak,strongest_peak,1,peak_at_band_boundary,peak_at_band_boundary,false,pdv_channel_2,automatic
0.00074568201499058929,58593749.980019182,nan,nan,nan,nan,nan,candidate,boundary_peak,strongest_peak,1,peak_at_band_boundary,peak_at_band_boundary,false,pdv_channel_2,automatic
0.00074568521499059038,58593749.980019182,nan,nan,nan,nan,nan,candidate,boundary_peak,strongest_peak,1,peak_at_band_boundary,peak_at_band_boundary,false,pdv_channel_2,automatic
0.00074568841499059147,58593749.980019182,nan,nan,nan,nan,nan,candidate,boundary_peak,strongest_peak,1,peak_at_band_boundary,peak_at_band_boundary,false,pdv_channel_2,automatic
0.00074569161499059256,58593749.980019182,nan,nan,nan,nan,nan,candidate,boundary_peak,strongest_peak,1,peak_at_band_boundary,peak_at_band_boundary,false,pdv_channel_2,automatic
0.00074569481499059365,58593749.980019182,nan,nan,nan,nan,nan,candidate,boundary_peak,strongest_peak,1,peak_at_band_boundary,peak_at_band_boundary,false,pdv_channel_2,automatic
0.00074569801499059475,58593749.980019182,nan,nan,nan,nan,nan,candidate,boundary_peak,strongest_peak,1,peak_at_band_boundary,peak_at_band_boundary,false,pdv_channel_2,automatic
0.00074570121499059584,58593749.980019182,nan,nan,nan,nan,nan,candidate,boundary_peak,strongest_peak,1,peak_at_band_boundary,peak_at_band_boundary,false,pdv_channel_2,automatic
0.00074570441499059693,58593749.980019182,nan,nan,nan,nan,nan,candidate,boundary_peak,strongest_peak,1,peak_at_band_boundary,peak_at_band_boundary,false,pdv_channel_2,automatic
0.00074570761499059802,58593749.980019182,nan,nan,nan,nan,nan,candidate,boundary_peak,strongest_peak,1,peak_at_band_boundary,peak_at_band_boundary,false,pdv_channel_2,automatic
0.00074571081499059911,58593749.980019182,nan,nan,nan,nan,nan,candidate,boundary_peak,strongest_peak,1,peak_at_band_boundary,peak_at_band_boundary,false,pdv_channel_2,automatic
0.0007457140149906002,58593749.980019182,nan,nan,nan,nan,nan,candidate,boundary_peak,strongest_peak,1,peak_at_band_boundary,peak_at_band_boundary,false,pdv_channel_2,automatic
0.00074571721499060129,58593749.980019182,nan,nan,nan,nan,nan,candidate,boundary_peak,strongest_peak,1,peak_at_band_boundary,peak_at_band_boundary,false,pdv_channel_2,automatic
0.00074572041499060238,58593749.980019182,nan,nan,nan,nan,nan,candidate,boundary_peak,strongest_peak,1,peak_at_band_boundary,peak_at_band_boundary,false,pdv_channel_2,automatic
0.00074572361499060348,58593749.980019182,nan,nan,nan,nan,nan,candidate,boundary_peak,strongest_peak,1,peak_at_band_boundary,peak_at_band_boundary,false,pdv_channel_2,automatic
0.00074572681499060457,58593749.980019182,nan,nan,nan,nan,nan,candidate,boundary_peak,strongest_peak,1,peak_at_band_boundary,peak_at_band_boundary,false,pdv_channel_2,automatic
0.00074573001499060566,58593749.980019182,nan,nan,nan,nan,nan,candidate,boundary_peak,strongest_peak,1,peak_at_band_boundary,peak_at_band_boundary,false,pdv_channel_2,automatic
0.00074573321499060675,58593749.980019182,nan,nan,nan,nan,nan,candidate,boundary_peak,strongest_peak,1,peak_at_band_boundary,peak_at_band_boundary,false,pdv_channel_2,automatic
0.00074573641499060784,58593749.980019182,nan,nan,nan,nan,nan,candidate,boundary_peak,strongest_peak,1,peak_at_band_boundary,peak_at_band_boundary,false,pdv_channel_2,automatic
0.00074573961499060893,58593749.980019182,nan,nan,nan,nan,nan,candidate,boundary_peak,strongest_peak,1,peak_at_band_boundary,peak_at_band_boundary,false,pdv_channel_2,automatic
0.00074574281499061002,58593749.980019182,nan,nan,nan,nan,nan,candidate,boundary_peak,strongest_peak,1,peak_at_band_boundary,peak_at_band_boundary,false,pdv_channel_2,automatic
0.00074574601499061111,58593749.980019182,nan,nan,nan,nan,nan,candidate,boundary_peak,strongest_peak,1,peak_at_band_boundary,peak_at_band_boundary,false,pdv_channel_2,automatic
0.0007457492149906122,58593749.980019182,nan,nan,nan,nan,nan,candidate,boundary_peak,strongest_peak,1,peak_at_band_boundary,peak_at_band_boundary,false,pdv_channel_2,automatic
0.0007457524149906133,58593749.980019182,nan,nan,nan,nan,nan,candidate,boundary_peak,strongest_peak,1,peak_at_band_boundary,peak_at_band_boundary,false,pdv_channel_2,automatic
0.00074575561499061439,58593749.980019182,nan,nan,nan,nan,nan,candidate,boundary_peak,strongest_peak,1,peak_at_band_boundary,peak_at_band_boundary,false,pdv_channel_2,automatic
0.00074575881499061548,58593749.980019182,nan,nan,nan,nan,nan,candidate,boundary_peak,strongest_peak,1,peak_at_band_boundary,peak_at_band_boundary,false,pdv_channel_2,automatic
0.00074576201499061657,58593749.980019182,nan,nan,nan,nan,nan,candidate,boundary_peak,strongest_peak,1,peak_at_band_boundary,peak_at_band_boundary,false,pdv_channel_2,automatic
0.00074576521499061766,58593749.980019182,nan,nan,nan,nan,nan,candidate,boundary_peak,strongest_peak,1,peak_at_band_boundary,peak_at_band_boundary,false,pdv_channel_2,automatic
0.00074576841499061875,58593749.980019182,nan,nan,nan,nan,nan,candidate,boundary_peak,strongest_peak,1,peak_at_band_boundary,peak_at_band_boundary,false,pdv_channel_2,automatic
0.00074577161499061984,58593749.980019182,nan,nan,nan,nan,nan,candidate,boundary_peak,strongest_peak,1,peak_at_band_boundary,peak_at_band_boundary,false,pdv_channel_2,automatic
0.00074577481499062093,58593749.980019182,nan,nan,nan,nan,nan,candidate,boundary_peak,strongest_peak,1,peak_at_band_boundary,peak_at_band_boundary,false,pdv_channel_2,automatic
0.00074577801499062203,58593749.980019182,nan,nan,nan,nan,nan,candidate,boundary_peak,strongest_peak,1,peak_at_band_boundary,peak_at_band_boundary,false,pdv_channel_2,automatic
0.00074578121499062312,58593749.980019182,nan,nan,nan,nan,nan,candidate,boundary_peak,strongest_peak,1,peak_at_band_boundary,peak_at_band_boundary,false,pdv_channel_2,automatic
0.00074578441499062421,58593749.980019182,nan,nan,nan,nan,nan,candidate,boundary_peak,strongest_peak,1,peak_at_band_boundary,peak_at_band_boundary,false,pdv_channel_2,automatic
0.0007457876149906253,58593749.980019182,nan,nan,nan,nan,nan,candidate,boundary_peak,strongest_peak,1,peak_at_band_boundary,peak_at_band_boundary,false,pdv_channel_2,automatic
0.00074579081499062639,58593749.980019182,nan,nan,nan,nan,nan,candidate,boundary_peak,strongest_peak,1,peak_at_band_boundary,peak_at_band_boundary,false,pdv_channel_2,automatic
0.00074579401499062748,58593749.980019182,nan,nan,nan,nan,nan,candidate,boundary_peak,strongest_peak,1,peak_at_band_boundary,peak_at_band_boundary,false,pdv_channel_2,automatic
0.00074579721499062857,58593749.980019182,nan,nan,nan,nan,nan,candidate,boundary_peak,strongest_peak,1,peak_at_band_boundary,peak_at_band_boundary,false,pdv_channel_2,automatic
0.00074580041499062966,58593749.980019182,nan,nan,nan,nan,nan,candidate,boundary_peak,strongest_peak,1,peak_at_band_boundary,peak_at_band_boundary,false,pdv_channel_2,automatic
0.00074580361499063076,58593749.980019182,nan,nan,nan,nan,nan,candidate,boundary_peak,strongest_peak,1,peak_at_band_boundary,peak_at_band_boundary,false,pdv_channel_2,automatic
0.00074580681499063185,58593749.980019182,nan,nan,nan,nan,nan,candidate,boundary_peak,strongest_peak,1,peak_at_band_boundary,peak_at_band_boundary,false,pdv_channel_2,automatic
0.00074581001499063294,58593749.980019182,nan,nan,nan,nan,nan,candidate,boundary_peak,strongest_peak,1,peak_at_band_boundary,peak_at_band_boundary,false,pdv_channel_2,automatic
0.00074581321499063403,58593749.980019182,nan,nan,nan,nan,nan,candidate,boundary_peak,strongest_peak,1,peak_at_band_boundary,peak_at_band_boundary,false,pdv_channel_2,automatic
0.00074581641499063512,58593749.980019182,nan,nan,nan,nan,nan,candidate,boundary_peak,strongest_peak,1,peak_at_band_boundary,peak_at_band_boundary,false,pdv_channel_2,automatic
0.00074581961499063621,58593749.980019182,nan,nan,nan,nan,nan,candidate,boundary_peak,strongest_peak,1,peak_at_band_boundary,peak_at_band_boundary,false,pdv_channel_2,automatic
0.0007458228149906373,58593749.980019182,nan,nan,nan,nan,nan,candidate,boundary_peak,strongest_peak,1,peak_at_band_boundary,peak_at_band_boundary,false,pdv_channel_2,automatic
0.00074582601499063839,58593749.980019182,nan,nan,nan,nan,nan,candidate,boundary_peak,strongest_peak,1,peak_at_band_boundary,peak_at_band_boundary,false,pdv_channel_2,automatic
0.00074582921499063949,58593749.980019182,nan,nan,nan,nan,nan,candidate,boundary_peak,strongest_peak,1,peak_at_band_boundary,peak_at_band_boundary,false,pdv_channel_2,automatic
0.00074583241499064058,58593749.980019182,nan,nan,nan,nan,nan,candidate,boundary_peak,strongest_peak,1,peak_at_band_boundary,peak_at_band_boundary,false,pdv_channel_2,automatic
0.00074583561499064167,58593749.980019182,nan,nan,nan,nan,nan,candidate,boundary_peak,strongest_peak,1,peak_at_band_boundary,peak_at_band_boundary,false,pdv_channel_2,automatic
0.00074583881499064276,58593749.980019182,nan,nan,nan,nan,nan,candidate,boundary_peak,strongest_peak,1,peak_at_band_boundary,peak_at_band_boundary,false,pdv_channel_2,automatic
0.00074584201499064385,58593749.980019182,nan,nan,nan,nan,nan,candidate,boundary_peak,strongest_peak,1,peak_at_band_boundary,peak_at_band_boundary,false,pdv_channel_2,automatic
0.00074584521499064494,58593749.980019182,nan,nan,nan,nan,nan,candidate,boundary_peak,strongest_peak,1,peak_at_band_boundary,peak_at_band_boundary,false,pdv_channel_2,automatic
0.00074584841499064603,58593749.980019182,nan,nan,nan,nan,nan,candidate,boundary_peak,strongest_peak,1,peak_at_band_boundary,peak_at_band_boundary,false,pdv_channel_2,automatic
0.00074585161499064712,58593749.980019182,nan,nan,nan,nan,nan,candidate,boundary_peak,strongest_peak,1,peak_at_band_boundary,peak_at_band_boundary,false,pdv_channel_2,automatic
0.00074585481499064822,58593749.980019182,nan,nan,nan,nan,nan,candidate,boundary_peak,strongest_peak,1,peak_at_band_boundary,peak_at_band_boundary,false,pdv_channel_2,automatic
0.00074585801499064931,58593749.980019182,nan,nan,nan,nan,nan,candidate,boundary_peak,strongest_peak,1,peak_at_band_boundary,peak_at_band_boundary,false,pdv_channel_2,automatic
0.0007458612149906504,58593749.980019182,nan,nan,nan,nan,nan,candidate,boundary_peak,strongest_peak,1,peak_at_band_boundary,peak_at_band_boundary,false,pdv_channel_2,automatic
0.00074586441499065149,58593749.980019182,nan,nan,nan,nan,nan,candidate,boundary_peak,strongest_peak,1,peak_at_band_boundary,peak_at_band_boundary,false,pdv_channel_2,automatic
0.00074586761499065258,58593749.980019182,nan,nan,nan,nan,nan,candidate,boundary_peak,strongest_peak,1,peak_at_band_boundary,peak_at_band_boundary,false,pdv_channel_2,automatic
0.00074587081499065367,58593749.980019182,nan,nan,nan,nan,nan,candidate,boundary_peak,strongest_peak,1,peak_at_band_boundary,peak_at_band_boundary,false,pdv_channel_2,automatic
0.00074587401499065476,58593749.980019182,nan,nan,nan,nan,nan,candidate,boundary_peak,strongest_peak,1,peak_at_band_boundary,peak_at_band_boundary,false,pdv_channel_2,automatic
0.00074587721499065585,58593749.980019182,nan,nan,nan,nan,nan,candidate,boundary_peak,strongest_peak,1,peak_at_band_boundary,peak_at_band_boundary,false,pdv_channel_2,automatic
0.00074588041499065694,58593749.980019182,nan,nan,nan,nan,nan,candidate,boundary_peak,strongest_peak,1,peak_at_band_boundary,peak_at_band_boundary,false,pdv_channel_2,automatic
0.00074588361499065804,58593749.980019182,nan,nan,nan,nan,nan,candidate,boundary_peak,strongest_peak,1,peak_at_band_boundary,peak_at_band_boundary,false,pdv_channel_2,automatic
0.00074588681499065913,58593749.980019182,nan,nan,nan,nan,nan,candidate,boundary_peak,strongest_peak,1,peak_at_band_boundary,peak_at_band_boundary,false,pdv_channel_2,automatic
0.00074589001499066022,58593749.980019182,nan,nan,nan,nan,nan,candidate,boundary_peak,strongest_peak,1,peak_at_band_boundary,peak_at_band_boundary,false,pdv_channel_2,automatic
0.00074589321499066131,58593749.980019182,nan,nan,nan,nan,nan,candidate,boundary_peak,strongest_peak,1,peak_at_band_boundary,peak_at_band_boundary,false,pdv_channel_2,automatic
0.0007458964149906624,58593749.980019182,nan,nan,nan,nan,nan,candidate,boundary_peak,strongest_peak,1,peak_at_band_boundary,peak_at_band_boundary,false,pdv_channel_2,automatic
0.00074589961499066349,58593749.980019182,nan,nan,nan,nan,nan,candidate,boundary_peak,strongest_peak,1,peak_at_band_boundary,peak_at_band_boundary,false,pdv_channel_2,automatic
0.00074590281499066458,58593749.980019182,nan,nan,nan,nan,nan,candidate,boundary_peak,strongest_peak,1,peak_at_band_boundary,peak_at_band_boundary,false,pdv_channel_2,automatic
0.00074590601499066567,58593749.980019182,nan,nan,nan,nan,nan,candidate,boundary_peak,strongest_peak,1,peak_at_band_boundary,peak_at_band_boundary,false,pdv_channel_2,automatic
0.00074590921499066677,58593749.980019182,nan,nan,nan,nan,nan,candidate,boundary_peak,strongest_peak,1,peak_at_band_boundary,peak_at_band_boundary,false,pdv_channel_2,automatic
0.00074591241499066786,58593749.980019182,nan,nan,nan,nan,nan,candidate,boundary_peak,strongest_peak,1,peak_at_band_boundary,peak_at_band_boundary,false,pdv_channel_2,automatic
0.00074591561499066895,58593749.980019182,nan,nan,nan,nan,nan,candidate,boundary_peak,strongest_peak,1,peak_at_band_boundary,peak_at_band_boundary,false,pdv_channel_2,automatic
0.00074591881499067004,58593749.980019182,nan,nan,nan,nan,nan,candidate,boundary_peak,strongest_peak,1,peak_at_band_boundary,peak_at_band_boundary,false,pdv_channel_2,automatic
0.00074592201499067113,58593749.980019182,nan,nan,nan,nan,nan,candidate,boundary_peak,strongest_peak,1,peak_at_band_boundary,peak_at_band_boundary,false,pdv_channel_2,automatic
0.00074592521499067222,58593749.980019182,nan,nan,nan,nan,nan,candidate,boundary_peak,strongest_peak,1,peak_at_band_boundary,peak_at_band_boundary,false,pdv_channel_2,automatic
0.00074592841499067331,58593749.980019182,nan,nan,nan,nan,nan,candidate,boundary_peak,strongest_peak,1,peak_at_band_boundary,peak_at_band_boundary,false,pdv_channel_2,automatic
0.0007459316149906744,58593749.980019182,nan,nan,nan,nan,nan,candidate,boundary_peak,strongest_peak,1,peak_at_band_boundary,peak_at_band_boundary,false,pdv_channel_2,automatic
0.0007459348149906755,58593749.980019182,nan,nan,nan,nan,nan,candidate,boundary_peak,strongest_peak,1,peak_at_band_boundary,peak_at_band_boundary,false,pdv_channel_2,automatic
0.00074593801499067659,58593749.980019182,nan,nan,nan,nan,nan,candidate,boundary_peak,strongest_peak,1,peak_at_band_boundary,peak_at_band_boundary,false,pdv_channel_2,automatic
0.00074594121499067768,58593749.980019182,nan,nan,nan,nan,nan,candidate,boundary_peak,strongest_peak,1,peak_at_band_boundary,peak_at_band_boundary,false,pdv_channel_2,automatic
0.00074594441499067877,58593749.980019182,nan,nan,nan,nan,nan,candidate,boundary_peak,strongest_peak,1,peak_at_band_boundary,peak_at_band_boundary,false,pdv_channel_2,automatic
0.00074594761499067986,58593749.980019182,nan,nan,nan,nan,nan,candidate,boundary_peak,strongest_peak,1,peak_at_band_boundary,peak_at_band_boundary,false,pdv_channel_2,automatic
0.00074595081499068095,58593749.980019182,nan,nan,nan,nan,nan,candidate,boundary_peak,strongest_peak,1,peak_at_band_boundary,peak_at_band_boundary,false,pdv_channel_2,automatic
0.00074595401499068204,58593749.980019182,nan,nan,nan,nan,nan,candidate,boundary_peak,strongest_peak,1,peak_at_band_boundary,peak_at_band_boundary,false,pdv_channel_2,automatic
0.00074595721499068313,58593749.980019182,nan,nan,nan,nan,nan,candidate,boundary_peak,strongest_peak,1,peak_at_band_boundary,peak_at_band_boundary,false,pdv_channel_2,automatic
0.00074596041499068423,58593749.980019182,nan,nan,nan,nan,nan,candidate,boundary_peak,strongest_peak,1,peak_at_band_boundary,peak_at_band_boundary,false,pdv_channel_2,automatic
0.00074596361499068532,58593749.980019182,nan,nan,nan,nan,nan,candidate,boundary_peak,strongest_peak,1,peak_at_band_boundary,peak_at_band_boundary,false,pdv_channel_2,automatic
0.00074596681499068641,58593749.980019182,nan,nan,nan,nan,nan,candidate,boundary_peak,strongest_peak,1,peak_at_band_boundary,peak_at_band_boundary,false,pdv_channel_2,automatic
0.0007459700149906875,58593749.980019182,nan,nan,nan,nan,nan,candidate,boundary_peak,strongest_peak,1,peak_at_band_boundary,peak_at_band_boundary,false,pdv_channel_2,automatic
0.00074597321499068859,58593749.980019182,nan,nan,nan,nan,nan,candidate,boundary_peak,strongest_peak,1,peak_at_band_boundary,peak_at_band_boundary,false,pdv_channel_2,automatic
0.00074597641499068968,58593749.980019182,nan,nan,nan,nan,nan,candidate,boundary_peak,strongest_peak,1,peak_at_band_boundary,peak_at_band_boundary,false,pdv_channel_2,automatic
0.00074597961499069077,58593749.980019182,nan,nan,nan,nan,nan,candidate,boundary_peak,strongest_peak,1,peak_at_band_boundary,peak_at_band_boundary,false,pdv_channel_2,automatic
0.00074598281499069186,58593749.980019182,nan,nan,nan,nan,nan,candidate,boundary_peak,strongest_peak,1,peak_at_band_boundary,peak_at_band_boundary,false,pdv_channel_2,automatic
0.00074598601499069295,58593749.980019182,nan,nan,nan,nan,nan,candidate,boundary_peak,strongest_peak,1,peak_at_band_boundary,peak_at_band_boundary,false,pdv_channel_2,automatic
0.00074598921499069405,58593749.980019182,nan,nan,nan,nan,nan,candidate,boundary_peak,strongest_peak,1,peak_at_band_boundary,peak_at_band_boundary,false,pdv_channel_2,automatic
0.00074599241499069514,58593749.980019182,nan,nan,nan,nan,nan,candidate,boundary_peak,strongest_peak,1,peak_at_band_boundary,peak_at_band_boundary,false,pdv_channel_2,automatic
0.00074599561499069623,58593749.980019182,nan,nan,nan,nan,nan,candidate,boundary_peak,strongest_peak,1,peak_at_band_boundary,peak_at_band_boundary,false,pdv_channel_2,automatic
0.00074599881499069732,58593749.980019182,nan,nan,nan,nan,nan,candidate,boundary_peak,strongest_peak,1,peak_at_band_boundary,peak_at_band_boundary,false,pdv_channel_2,automatic
0.00074600201499069841,58593749.980019182,nan,nan,nan,nan,nan,candidate,boundary_peak,strongest_peak,1,peak_at_band_boundary,peak_at_band_boundary,false,pdv_channel_2,automatic
0.0007460052149906995,58593749.980019182,nan,nan,nan,nan,nan,candidate,boundary_peak,strongest_peak,1,peak_at_band_boundary,peak_at_band_boundary,false,pdv_channel_2,automatic
0.00074600841499070059,58593749.980019182,nan,nan,nan,nan,nan,candidate,boundary_peak,strongest_peak,1,peak_at_band_boundary,peak_at_band_boundary,false,pdv_channel_2,automatic
0.00074601161499070168,58593749.980019182,nan,nan,nan,nan,nan,candidate,boundary_peak,strongest_peak,1,peak_at_band_boundary,peak_at_band_boundary,false,pdv_channel_2,automatic
0.00074601481499070278,58593749.980019182,nan,nan,nan,nan,nan,candidate,boundary_peak,strongest_peak,1,peak_at_band_boundary,peak_at_band_boundary,false,pdv_channel_2,automatic
0.00074601801499070387,58593749.980019182,nan,nan,nan,nan,nan,candidate,boundary_peak,strongest_peak,1,peak_at_band_boundary,peak_at_band_boundary,false,pdv_channel_2,automatic
0.00074602121499070496,58593749.980019182,nan,nan,nan,nan,nan,candidate,boundary_peak,strongest_peak,1,peak_at_band_boundary,peak_at_band_boundary,false,pdv_channel_2,automatic
0.00074602441499070605,58593749.980019182,nan,nan,nan,nan,nan,candidate,boundary_peak,strongest_peak,1,peak_at_band_boundary,peak_at_band_boundary,false,pdv_channel_2,automatic
0.00074602761499070714,58593749.980019182,nan,nan,nan,nan,nan,candidate,boundary_peak,strongest_peak,1,peak_at_band_boundary,peak_at_band_boundary,false,pdv_channel_2,automatic
0.00074603081499070823,58593749.980019182,nan,nan,nan,nan,nan,candidate,boundary_peak,strongest_peak,1,peak_at_band_boundary,peak_at_band_boundary,false,pdv_channel_2,automatic
0.00074603401499070932,58593749.980019182,nan,nan,nan,nan,nan,candidate,boundary_peak,strongest_peak,1,peak_at_band_boundary,peak_at_band_boundary,false,pdv_channel_2,automatic
0.00074603721499071041,58593749.980019182,nan,nan,nan,nan,nan,candidate,boundary_peak,strongest_peak,1,peak_at_band_boundary,peak_at_band_boundary,false,pdv_channel_2,automatic
0.00074604041499071151,58593749.980019182,nan,nan,nan,nan,nan,candidate,boundary_peak,strongest_peak,1,peak_at_band_boundary,peak_at_band_boundary,false,pdv_channel_2,automatic
0.0007460436149907126,58593749.980019182,nan,nan,nan,nan,nan,candidate,boundary_peak,strongest_peak,1,peak_at_band_boundary,peak_at_band_boundary,false,pdv_channel_2,automatic
0.00074604681499071369,136718749.95337811,nan,nan,nan,nan,nan,candidate,refined,strongest_peak,1,ambiguous_peak,ambiguous_peak,false,pdv_channel_2,automatic
0.00074605001499071478,58593749.980019182,nan,nan,nan,nan,nan,candidate,boundary_peak,strongest_peak,1,peak_at_band_boundary,peak_at_band_boundary,false,pdv_channel_2,automatic
0.00074605321499071587,58593749.980019182,nan,nan,nan,nan,nan,candidate,boundary_peak,strongest_peak,1,peak_at_band_boundary,peak_at_band_boundary,false,pdv_channel_2,automatic
0.00074605641499071696,58593749.980019182,nan,nan,nan,nan,nan,candidate,boundary_peak,strongest_peak,1,peak_at_band_boundary,peak_at_band_boundary,false,pdv_channel_2,automatic
0.00074605961499071805,58593749.980019182,nan,nan,nan,nan,nan,candidate,boundary_peak,strongest_peak,1,peak_at_band_boundary,peak_at_band_boundary,false,pdv_channel_2,automatic
0.00074606281499071914,58593749.980019182,nan,nan,nan,nan,nan,candidate,boundary_peak,strongest_peak,1,peak_at_band_boundary,peak_at_band_boundary,false,pdv_channel_2,automatic
0.00074606601499072024,58593749.980019182,nan,nan,nan,nan,nan,candidate,boundary_peak,strongest_peak,1,peak_at_band_boundary,peak_at_band_boundary,false,pdv_channel_2,automatic
0.00074606921499072133,58593749.980019182,nan,nan,nan,nan,nan,candidate,boundary_peak,strongest_peak,1,peak_at_band_boundary,peak_at_band_boundary,false,pdv_channel_2,automatic
0.00074607241499072242,58593749.980019182,nan,nan,nan,nan,nan,candidate,boundary_peak,strongest_peak,1,peak_at_band_boundary,peak_at_band_boundary,false,pdv_channel_2,automatic
0.00074607561499072351,58593749.980019182,nan,nan,nan,nan,nan,candidate,boundary_peak,strongest_peak,1,peak_at_band_boundary,peak_at_band_boundary,false,pdv_channel_2,automatic
0.0007460788149907246,58593749.980019182,nan,nan,nan,nan,nan,candidate,boundary_peak,strongest_peak,1,peak_at_band_boundary,peak_at_band_boundary,false,pdv_channel_2,automatic
0.00074608201499072569,146484374.95004797,nan,nan,nan,nan,nan,candidate,refined,strongest_peak,1,unstable_detection,unstable_detection,false,pdv_channel_2,automatic
0.00074608521499072678,58593749.980019182,nan,nan,nan,nan,nan,candidate,boundary_peak,strongest_peak,1,peak_at_band_boundary,peak_at_band_boundary,false,pdv_channel_2,automatic
0.00074608841499072787,58593749.980019182,nan,nan,nan,nan,nan,candidate,boundary_peak,strongest_peak,1,peak_at_band_boundary,peak_at_band_boundary,false,pdv_channel_2,automatic
0.00074609161499072897,58593749.980019182,nan,nan,nan,nan,nan,candidate,boundary_peak,strongest_peak,1,no_detectable_beat,no_detectable_beat,false,pdv_channel_2,automatic
0.00074609481499073006,58593749.980019182,nan,nan,nan,nan,nan,candidate,boundary_peak,strongest_peak,1,peak_at_band_boundary,peak_at_band_boundary,false,pdv_channel_2,automatic
0.00074609801499073115,58593749.980019182,nan,nan,nan,nan,nan,candidate,boundary_peak,strongest_peak,1,peak_at_band_boundary,peak_at_band_boundary,false,pdv_channel_2,automatic
0.00074610121499073224,58593749.980019182,nan,nan,nan,nan,nan,candidate,boundary_peak,strongest_peak,1,peak_at_band_boundary,peak_at_band_boundary,false,pdv_channel_2,automatic
0.00074610441499073333,58593749.980019182,nan,nan,nan,nan,nan,candidate,boundary_peak,strongest_peak,1,peak_at_band_boundary,peak_at_band_boundary,false,pdv_channel_2,automatic
0.00074610761499073442,58593749.980019182,nan,nan,nan,nan,nan,candidate,boundary_peak,strongest_peak,1,peak_at_band_boundary,peak_at_band_boundary,false,pdv_channel_2,automatic
0.00074611081499073551,58593749.980019182,nan,nan,nan,nan,nan,candidate,boundary_peak,strongest_peak,1,peak_at_band_boundary,peak_at_band_boundary,false,pdv_channel_2,automatic
0.0007461140149907366,58593749.980019182,nan,nan,nan,nan,nan,candidate,boundary_peak,strongest_peak,1,peak_at_band_boundary,peak_at_band_boundary,false,pdv_channel_2,automatic
0.00074611721499073769,146484374.95004797,nan,nan,nan,nan,nan,candidate,refined,strongest_peak,1,unstable_detection,unstable_detection,false,pdv_channel_2,automatic
0.00074612041499073879,58593749.980019182,nan,nan,nan,nan,nan,candidate,boundary_peak,strongest_peak,1,peak_at_band_boundary,peak_at_band_boundary,false,pdv_channel_2,automatic
0.00074612361499073988,58593749.980019182,nan,nan,nan,nan,nan,candidate,boundary_peak,strongest_peak,1,peak_at_band_boundary,peak_at_band_boundary,false,pdv_channel_2,automatic
0.00074612681499074097,58593749.980019182,nan,nan,nan,nan,nan,candidate,boundary_peak,strongest_peak,1,peak_at_band_boundary,peak_at_band_boundary,false,pdv_channel_2,automatic
0.00074613001499074206,58593749.980019182,nan,nan,nan,nan,nan,candidate,boundary_peak,strongest_peak,1,peak_at_band_boundary,peak_at_band_boundary,false,pdv_channel_2,automatic
0.00074613321499074315,58593749.980019182,nan,nan,nan,nan,nan,candidate,boundary_peak,strongest_peak,1,peak_at_band_boundary,peak_at_band_boundary,false,pdv_channel_2,automatic
0.00074613641499074424,58593749.980019182,nan,nan,nan,nan,nan,candidate,boundary_peak,strongest_peak,1,peak_at_band_boundary,peak_at_band_boundary,false,pdv_channel_2,automatic
0.00074613961499074533,58593749.980019182,nan,nan,nan,nan,nan,candidate,boundary_peak,strongest_peak,1,peak_at_band_boundary,peak_at_band_boundary,false,pdv_channel_2,automatic
0.00074614281499074642,58593749.980019182,nan,nan,nan,nan,nan,candidate,boundary_peak,strongest_peak,1,peak_at_band_boundary,peak_at_band_boundary,false,pdv_channel_2,automatic
0.00074614601499074752,58593749.980019182,nan,nan,nan,nan,nan,candidate,boundary_peak,strongest_peak,1,peak_at_band_boundary,peak_at_band_boundary,false,pdv_channel_2,automatic
0.00074614921499074861,146484374.95004797,nan,nan,nan,nan,nan,candidate,refined,strongest_peak,1,unstable_detection,unstable_detection,false,pdv_channel_2,automatic
0.0007461524149907497,58593749.980019182,nan,nan,nan,nan,nan,candidate,boundary_peak,strongest_peak,1,peak_at_band_boundary,peak_at_band_boundary,false,pdv_channel_2,automatic
0.00074615561499075079,58593749.980019182,nan,nan,nan,nan,nan,candidate,boundary_peak,strongest_peak,1,peak_at_band_boundary,peak_at_band_boundary,false,pdv_channel_2,automatic
0.00074615881499075188,58593749.980019182,nan,nan,nan,nan,nan,candidate,boundary_peak,strongest_peak,1,peak_at_band_boundary,peak_at_band_boundary,false,pdv_channel_2,automatic
0.00074616201499075297,58593749.980019182,nan,nan,nan,nan,nan,candidate,boundary_peak,strongest_peak,1,peak_at_band_boundary,peak_at_band_boundary,false,pdv_channel_2,automatic
0.00074616521499075406,58593749.980019182,nan,nan,nan,nan,nan,candidate,boundary_peak,strongest_peak,1,ambiguous_peak,ambiguous_peak,false,pdv_channel_2,automatic
0.00074616841499075515,58593749.980019182,nan,nan,nan,nan,nan,candidate,boundary_peak,strongest_peak,1,peak_at_band_boundary,peak_at_band_boundary,false,pdv_channel_2,automatic
0.00074617161499075625,58593749.980019182,nan,nan,nan,nan,nan,candidate,boundary_peak,strongest_peak,1,peak_at_band_boundary,peak_at_band_boundary,false,pdv_channel_2,automatic
0.00074617481499075734,126953124.95670824,nan,nan,nan,nan,nan,candidate,refined,strongest_peak,1,unstable_detection,unstable_detection,false,pdv_channel_2,automatic
0.00074617801499075843,117187499.96003836,nan,nan,nan,nan,nan,candidate,refined,strongest_peak,1,unstable_detection,unstable_detection,false,pdv_channel_2,automatic
0.00074618121499075952,58593749.980019182,nan,nan,nan,nan,nan,candidate,boundary_peak,strongest_peak,1,peak_at_band_boundary,peak_at_band_boundary,false,pdv_channel_2,automatic
0.00074618441499076061,117187499.96003836,nan,nan,nan,nan,nan,candidate,refined,strongest_peak,1,ambiguous_peak,ambiguous_peak,false,pdv_channel_2,automatic
0.0007461876149907617,58593749.980019182,nan,nan,nan,nan,nan,candidate,boundary_peak,strongest_peak,1,no_detectable_beat,no_detectable_beat,false,pdv_channel_2,automatic
0.00074619081499076279,58593749.980019182,nan,nan,nan,nan,nan,candidate,boundary_peak,strongest_peak,1,peak_at_band_boundary,peak_at_band_boundary,false,pdv_channel_2,automatic
0.00074619401499076388,87890624.970028773,nan,nan,nan,nan,nan,candidate,refined,strongest_peak,1,unstable_detection,unstable_detection,false,pdv_channel_2,automatic
0.00074619721499076498,136718749.95337811,nan,nan,nan,nan,nan,candidate,refined,strongest_peak,1,unstable_detection,unstable_detection,false,pdv_channel_2,automatic
0.00074620041499076607,58593749.980019182,nan,nan,nan,nan,nan,candidate,boundary_peak,strongest_peak,1,peak_at_band_boundary,peak_at_band_boundary,false,pdv_channel_2,automatic
0.00074620361499076716,58593749.980019182,nan,nan,nan,nan,nan,candidate,boundary_peak,strongest_peak,1,peak_at_band_boundary,peak_at_band_boundary,false,pdv_channel_2,automatic
0.00074620681499076825,126953124.95670824,nan,nan,nan,nan,nan,candidate,refined,strongest_peak,1,unstable_detection,unstable_detection,false,pdv_channel_2,automatic
0.00074621001499076934,87890624.970028773,nan,nan,nan,nan,nan,candidate,refined,strongest_peak,1,unstable_detection,unstable_detection,false,pdv_channel_2,automatic
0.00074621321499077043,253906249.91341648,nan,nan,nan,nan,nan,candidate,refined,strongest_peak,1,ambiguous_peak,ambiguous_peak,false,pdv_channel_2,automatic
0.00074621641499077152,263671874.91008633,nan,nan,nan,nan,nan,candidate,refined,strongest_peak,1,ambiguous_peak,ambiguous_peak,false,pdv_channel_2,automatic
0.00074621961499077261,224609374.92340687,nan,nan,nan,nan,nan,candidate,refined,strongest_peak,1,ambiguous_peak,ambiguous_peak,false,pdv_channel_2,automatic
0.00074622281499077371,517578124.82350278,516129728.41578728,400.00053952223516,400.00053952223516,318.18215191916528,318.18215191916528,candidate,refined,strongest_peak,1,measured,quality_gated_measurement,false,pdv_channel_2,automatic
0.0007462260149907748,537109374.81684256,541228461.09825611,419.45205735114848,419.45205735114848,333.52505782479818,333.52505782479818,candidate,refined,strongest_peak,1,measured,quality_gated_measurement,false,pdv_channel_2,automatic
0.00074622921499077589,556640624.81018221,556336636.74063945,431.16089347399554,431.16089347399554,342.75788535481485,342.75788535481485,candidate,refined,strongest_peak,1,measured,quality_gated_measurement,false,pdv_channel_2,automatic
0.00074623241499077698,566406249.8068521,563121903.93381393,436.4194755487058,436.4194755487058,346.9037891794294,346.9037891794294,candidate,refined,strongest_peak,1,measured,quality_gated_measurement,false,pdv_channel_2,automatic
0.00074623561499077807,566406249.8068521,561637490.27613962,435.26905496400821,435.26905496400821,345.9968245165831,345.9968245165831,candidate,refined,strongest_peak,1,measured,quality_gated_measurement,false,pdv_channel_2,automatic
0.00074623881499077916,556640624.81018221,559088105.8842603,433.29328206030175,433.29328206030175,344.43912550503615,344.43912550503615,candidate,refined,strongest_peak,1,measured,quality_gated_measurement,false,pdv_channel_2,automatic
0.00074624201499078025,556640624.81018221,555493094.45586491,430.50714820329529,430.50714820329529,342.24243901878697,342.24243901878697,candidate,refined,strongest_peak,1,measured,quality_gated_measurement,false,pdv_channel_2,automatic
0.00074624521499078134,546874999.81351244,550266332.14238012,426.45640741034458,426.45640741034458,339.0484835269811,339.0484835269811,candidate,refined,strongest_peak,1,measured,quality_gated_measurement,false,pdv_channel_2,automatic
0.00074624841499078243,546874999.81351244,546140977.94604123,423.25925790818195,423.25925790818195,336.52739791515791,336.52739791515791,candidate,refined,strongest_peak,1,measured,quality_gated_measurement,false,pdv_channel_2,automatic
0.00074625161499078353,546874999.81351244,543448415.68041372,421.17252215232065,421.17252215232065,334.88183566422401,334.88183566422401,candidate,refined,strongest_peak,1,measured,quality_gated_measurement,false,pdv_channel_2,automatic
0.00074625481499078462,537109374.81684256,540380884.25154614,418.79518529494828,418.79518529494828,333.00702912615372,333.00702912615372,candidate,refined,strongest_peak,1,measured,quality_gated_measurement,false,pdv_channel_2,automatic
0.00074625801499078571,537109374.81684256,536839681.98298281,416.05075353681167,416.05075353681167,330.84261701687302,330.84261701687302,candidate,refined,strongest_peak,1,measured,quality_gated_measurement,false,pdv_channel_2,automatic
0.0007462612149907868,537109374.81684256,534897616.41745192,414.54565272352522,414.54565272352522,329.65556082350378,329.65556082350378,candidate,refined,strongest_peak,1,measured,quality_gated_measurement,false,pdv_channel_2,automatic
0.00074626441499078789,537109374.81684256,536861553.82271051,416.06770421260063,416.06770421260063,330.85598562470074,330.85598562470074,candidate,refined,strongest_peak,1,measured,quality_gated_measurement,false,pdv_channel_2,automatic
0.00074626761499078898,537109374.81684256,541193596.90624404,419.4250376023391,419.4250376023391,333.50374938434805,333.50374938434805,candidate,refined,strongest_peak,1,measured,quality_gated_measurement,false,pdv_channel_2,automatic
0.00074627081499079007,546874999.81351244,546041553.92169893,423.18220428931664,423.18220428931664,336.46663600337075,336.46663600337075,candidate,refined,strongest_peak,1,measured,quality_gated_measurement,false,pdv_channel_2,automatic
0.00074627401499079116,546874999.81351244,549746115.54191947,426.0532395449876,426.0532395449876,338.73057742839086,338.73057742839086,candidate,refined,strongest_peak,1,measured,quality_gated_measurement,false,pdv_channel_2,automatic
0.00074627721499079226,556640624.81018221,552037034.10979652,427.82870143509228,427.82870143509228,340.13054694515222,340.13054694515222,candidate,refined,strongest_peak,1,measured,quality_gated_measurement,false,pdv_channel_2,automatic
0.00074628041499079335,546874999.81351244,550984569.3984015,427.01304128376114,427.01304128376114,339.48739665858471,339.48739665858471,candidate,refined,strongest_peak,1,measured,quality_gated_measurement,false,pdv_channel_2,automatic
0.00074628361499079444,546874999.81351244,549534292.47536778,425.88907666841004,425.88907666841004,338.60113093976253,338.60113093976253,candidate,refined,strongest_peak,1,measured,quality_gated_measurement,false,pdv_channel_2,automatic
0.00074628681499079553,546874999.81351244,549742095.02648759,426.05012364552789,426.05012364552789,338.72812046840579,338.72812046840579,candidate,refined,strongest_peak,1,measured,quality_gated_measurement,false,pdv_channel_2,automatic
0.00074629001499079662,546874999.81351244,547841543.77869284,424.57719642848696,424.57719642848696,337.56666620956725,337.56666620956725,candidate,refined,strongest_peak,1,measured,quality_gated_measurement,false,pdv_channel_2,automatic
0.00074629321499079771,546874999.81351244,546500787.08029032,423.53810998722497,423.53810998722497,336.7472905986333,336.7472905986333,candidate,refined,strongest_peak,1,measured,quality_gated_measurement,false,pdv_channel_2,automatic
0.0007462964149907988,546874999.81351244,549394594.87293315,425.78081102652317,425.78081102652317,338.51576057937814,338.51576057937814,candidate,refined,strongest_peak,1,measured,quality_gated_measurement,false,pdv_channel_2,automatic
0.00074629961499079989,556640624.81018221,553308608.58396041,428.81417165256931,428.81417165256931,340.90757952830978,340.90757952830978,candidate,refined,strongest_peak,1,measured,quality_gated_measurement,false,pdv_channel_2,automatic
0.00074630281499080099,556640624.81018221,552127976.04498219,427.89918143486119,427.89918143486119,340.18612014780371,340.18612014780371,candidate,refined,strongest_peak,1,measured,quality_gated_measurement,false,pdv_channel_2,automatic
0.00074630601499080208,546874999.81351244,547398832.65501988,424.23409530764042,424.23409530764042,337.29611432104838,337.29611432104838,candidate,refined,strongest_peak,1,measured,quality_gated_measurement,false,pdv_channel_2,automatic
0.00074630921499080317,546874999.81351244,545579621.31731665,422.82420652092043,422.82420652092043,336.18432972299911,336.18432972299911,candidate,refined,strongest_peak,1,measured,quality_gated_measurement,false,pdv_channel_2,automatic
0.00074631241499080426,546874999.81351244,546993603.77010894,423.92004292183441,423.92004292183441,337.04846719740874,337.04846719740874,candidate,refined,strongest_peak,1,measured,quality_gated_measurement,false,pdv_channel_2,automatic
0.00074631561499080535,546874999.81351244,548290857.79179037,424.92541478863751,424.92541478863751,337.84125145659067,337.84125145659067,candidate,refined,strongest_peak,1,measured,quality_gated_measurement,false,pdv_channel_2,automatic
0.00074631881499080644,546874999.81351244,549150133.98367727,425.59135383734986,425.59135383734986,338.36636807952954,338.36636807952954,candidate,refined,strongest_peak,1,measured,quality_gated_measurement,false,pdv_channel_2,automatic
0.00074632201499080753,546874999.81351244,549875379.08953869,426.15341879439251,426.15341879439251,338.80957104345015,338.80957104345015,candidate,refined,strongest_peak,1,measured,quality_gated_measurement,false,pdv_channel_2,automatic
0.00074632521499080862,546874999.81351244,550956325.455562,426.99115222806051,426.99115222806051,339.47013693887692,339.47013693887692,candidate,refined,strongest_peak,1,measured,quality_gated_measurement,false,pdv_channel_2,automatic
0.00074632841499080972,556640624.81018221,552513817.99321961,428.1982089447452,428.1982089447452,340.42190132876783,340.42190132876783,candidate,refined,strongest_peak,1,measured,quality_gated_measurement,false,pdv_channel_2,automatic
0.00074633161499081081,556640624.81018221,554947979.5026077,430.08468411452094,430.08468411452094,341.90934322761717,341.90934322761717,candidate,refined,strongest_peak,1,measured,quality_gated_measurement,false,pdv_channel_2,automatic
0.0007463348149908119,556640624.81018221,556347919.44054973,431.16963756642605,431.16963756642605,342.76477960277259,342.76477960277259,candidate,refined,strongest_peak,1,measured,quality_gated_measurement,false,pdv_channel_2,automatic
0.00074633801499081299,556640624.81018221,553260004.0007925,428.77650310061421,428.77650310061421,340.87787855282312,340.87787855282312,candidate,refined,strongest_peak,1,measured,quality_gated_measurement,false,pdv_channel_2,automatic
0.00074634121499081408,546874999.81351244,548308559.25204504,424.93913342033488,424.93913342033488,337.8520691536051,337.8520691536051,candidate,refined,strongest_peak,1,measured,quality_gated_measurement,false,pdv_channel_2,automatic
0.00074634441499081517,546874999.81351244,545961251.82643187,423.11997016548469,423.11997016548469,336.41756018446569,336.41756018446569,candidate,refined,strongest_peak,1,measured,quality_gated_measurement,false,pdv_channel_2,automatic
0.00074634761499081626,546874999.81351244,548473397.57971156,425.06688312427644,425.06688312427644,337.95280483448619,337.95280483448619,candidate,refined,strongest_peak,1,measured,quality_gated_measurement,false,pdv_channel_2,automatic
0.00074635081499081735,556640624.81018221,552799601.71612036,428.41969132999327,428.41969132999327,340.59653782992558,340.59653782992558,candidate,refined,strongest_peak,1,measured,quality_gated_measurement,false,pdv_channel_2,automatic
0.00074635401499081845,556640624.81018221,555277018.79124594,430.33968956321559,430.33968956321559,342.11040499705575,342.11040499705575,candidate,refined,strongest_peak,1,measured,quality_gated_measurement,false,pdv_channel_2,automatic
0.00074635721499081954,556640624.81018221,553276121.48179817,428.78899414839356,428.78899414839356,340.88772752163015,340.88772752163015,candidate,refined,strongest_peak,1,measured,quality_gated_measurement,false,pdv_channel_2,automatic
0.00074636041499082063,546874999.81351244,550434412.43955529,426.58666964065532,426.58666964065532,339.15119742997251,339.15119742997251,candidate,refined,strongest_peak,1,measured,quality_gated_measurement,false,pdv_channel_2,automatic
0.00074636361499082172,546874999.81351244,549936056.08187973,426.20044346345679,426.20044346345679,338.84665101128155,338.84665101128155,candidate,refined,strongest_peak,1,measured,quality_gated_measurement,false,pdv_channel_2,automatic
0.00074636681499082281,546874999.81351244,549233721.74249673,425.65613435043497,425.65613435043497,338.41744945815134,338.41744945815134,candidate,refined,strongest_peak,1,measured,quality_gated_measurement,false,pdv_channel_2,automatic
0.0007463700149908239,546874999.81351244,551041852.97319841,427.05743605422879,427.05743605422879,339.52240231701029,339.52240231701029,candidate,refined,strongest_peak,1,measured,quality_gated_measurement,false,pdv_channel_2,automatic
0.00074637321499082499,556640624.81018221,556749409.24866962,431.48079216771896,431.48079216771896,343.01010757335735,343.01010757335735,candidate,refined,strongest_peak,1,measured,quality_gated_measurement,false,pdv_channel_2,automatic
0.00074637641499082608,566406249.8068521,562734344.33119071,436.1191168566728,436.1191168566728,346.66699530981595,346.66699530981595,candidate,refined,strongest_peak,1,measured,quality_gated_measurement,false,pdv_channel_2,automatic
0.00074637961499082717,566406249.8068521,563620359.33423829,436.80577848403465,436.80577848403465,347.20833697269398,347.20833697269398,candidate,refined,strongest_peak,1,measured,quality_gated_measurement,false,pdv_channel_2,automatic
0.00074638281499082827,556640624.81018221,559303993.46507156,433.46059493543044,433.46059493543044,344.57103720009508,344.57103720009508,candidate,refined,strongest_peak,1,measured,quality_gated_measurement,false,pdv_channel_2,automatic
0.00074638601499082936,556640624.81018221,555034538.90601993,430.15176765216546,430.15176765216546,341.96223605404555,341.96223605404555,candidate,refined,strongest_peak,1,measured,quality_gated_measurement,false,pdv_channel_2,automatic
0.00074638921499083045,556640624.81018221,555464174.32581651,430.48473510250778,430.48473510250778,342.22476726565094,342.22476726565094,candidate,refined,strongest_peak,1,measured,quality_gated_measurement,false,pdv_channel_2,automatic
0.00074639241499083154,556640624.81018221,558173273.76670349,432.58428716919519,432.58428716919519,343.88013987027779,343.88013987027779,candidate,refined,strongest_peak,1,measured,quality_gated_measurement,false,pdv_channel_2,automatic
0.00074639561499083263,556640624.81018221,557216414.90034366,431.8427215477663,431.8427215477663,343.29546678729588,343.29546678729588,candidate,refined,strongest_peak,1,measured,quality_gated_measurement,false,pdv_channel_2,automatic
0.00074639881499083372,556640624.81018221,552540379.55250359,428.21879415319029,428.21879415319029,340.43813257753413,340.43813257753413,candidate,refined,strongest_peak,1,measured,quality_gated_measurement,false,pdv_channel_2,automatic
0.00074640201499083481,546874999.81351244,547974818.83169615,424.68048459456452,424.68048459456452,337.6481135911518,337.6481135911518,candidate,refined,strongest_peak,1,measured,quality_gated_measurement,false,pdv_channel_2,automatic
0.0007464052149908359,546874999.81351244,546770494.64692545,423.74713335136721,423.74713335136721,336.91211809973544,336.91211809973544,candidate,refined,strongest_peak,1,measured,quality_gated_measurement,false,pdv_channel_2,automatic
0.000746408414990837,546874999.81351244,548587243.9914186,425.15511409334943,425.15511409334943,338.02237828909034,338.02237828909034,candidate,refined,strongest_peak,1,measured,quality_gated_measurement,false,pdv_channel_2,automatic
0.00074641161499083809,546874999.81351244,549431453.97531307,425.80937683086762,425.80937683086762,338.53828549901505,338.53828549901505,candidate,refined,strongest_peak,1,measured,quality_gated_measurement,false,pdv_channel_2,automatic
0.00074641481499083918,546874999.81351244,547875551.16477764,424.60355215270266,424.60355215270266,337.58744890329905,337.58744890329905,candidate,refined,strongest_peak,1,measured,quality_gated_measurement,false,pdv_channel_2,automatic
0.00074641801499084027,546874999.81351244,547890336.09690392,424.61501047510052,424.61501047510052,337.59648431117375,337.59648431117375,candidate,refined,strongest_peak,1,measured,quality_gated_measurement,false,pdv_channel_2,automatic
0.00074642121499084136,546874999.81351244,550414498.74196386,426.57123652502202,426.57123652502202,339.13902817885077,339.13902817885077,candidate,refined,strongest_peak,1,measured,quality_gated_measurement,false,pdv_channel_2,automatic
0.00074642441499084245,556640624.81018221,553479370.87626576,428.94651242910595,428.94651242910595,341.01192767993734,341.01192767993734,candidate,refined,strongest_peak,1,measured,quality_gated_measurement,false,pdv_channel_2,automatic
0.00074642761499084354,556640624.81018221,554488983.18137884,429.7289619655686,429.7289619655686,341.62886866715741,341.62886866715741,candidate,refined,strongest_peak,1,measured,quality_gated_measurement,false,pdv_channel_2,automatic
0.00074643081499084463,556640624.81018221,552594116.31225061,428.2604401419942,428.2604401419942,340.47097003960999,340.47097003960999,candidate,refined,strongest_peak,1,measured,quality_gated_measurement,false,pdv_channel_2,automatic
0.00074643401499084573,546874999.81351244,550864052.05695593,426.91964034414082,426.91964034414082,339.41374911675678,339.41374911675678,candidate,refined,strongest_peak,1,measured,quality_gated_measurement,false,pdv_channel_2,automatic
0.00074643721499084682,546874999.81351244,550095047.69288647,426.323661961987,426.323661961987,338.94381130119854,338.94381130119854,candidate,refined,strongest_peak,1,measured,quality_gated_measurement,false,pdv_channel_2,automatic
0.00074644041499084791,546874999.81351244,549851993.93350542,426.1352952984667,426.1352952984667,338.79528026627946,338.79528026627946,candidate,refined,strongest_peak,1,measured,quality_gated_measurement,false,pdv_channel_2,automatic
0.000746443614990849,546874999.81351244,549295929.3966229,425.70434528238275,425.70434528238275,338.45546518342042,338.45546518342042,candidate,refined,strongest_peak,1,measured,quality_gated_measurement,false,pdv_channel_2,automatic
0.00074644681499085009,546874999.81351244,548595561.18014181,425.16155991460988,425.16155991460988,338.02746105819153,338.02746105819153,candidate,refined,strongest_peak,1,measured,quality_gated_measurement,false,pdv_channel_2,automatic
0.00074645001499085118,546874999.81351244,549528445.3302356,425.88454513093257,425.88454513093257,338.59755770457514,338.59755770457514,candidate,refined,strongest_peak,1,measured,quality_gated_measurement,false,pdv_channel_2,automatic
0.00074645321499085227,556640624.81018221,552137299.84903359,427.90640738300101,427.90640738300101,340.19181777525307,340.19181777525307,candidate,refined,strongest_peak,1,measured,quality_gated_measurement,false,pdv_channel_2,automatic
0.00074645641499085336,556640624.81018221,555189826.89030838,430.272115839989,430.272115839989,342.05712586846778,342.05712586846778,candidate,refined,strongest_peak,1,measured,quality_gated_measurement,false,pdv_channel_2,automatic
0.00074645961499085446,556640624.81018221,556330895.15835893,431.15644374772819,431.15644374772819,342.75437698384047,342.75437698384047,candidate,refined,strongest_peak,1,measured,quality_gated_measurement,false,pdv_channel_2,automatic
0.00074646281499085555,556640624.81018221,555702951.79604828,430.66978764193743,430.66978764193743,342.37067290183529,342.37067290183529,candidate,refined,strongest_peak,1,measured,quality_gated_measurement,false,pdv_channel_2,automatic
0.00074646601499085664,556640624.81018221,556391026.38427222,431.20304544781095,431.20304544781095,342.79111991510621,342.79111991510621,candidate,refined,strongest_peak,1,measured,quality_gated_measurement,false,pdv_channel_2,automatic
0.00074646921499085773,556640624.81018221,558565235.57008541,432.8880575668162,432.8880575668162,344.11963939603993,344.11963939603993,candidate,refined,strongest_peak,1,measured,quality_gated_measurement,false,pdv_channel_2,automatic
0.00074647241499085882,556640624.81018221,558921335.31350648,433.16403486796753,433.16403486796753,344.33722501440712,344.33722501440712,candidate,refined,strongest_peak,1,measured,quality_gated_measurement,false,pdv_channel_2,automatic
0.00074647561499085991,556640624.81018221,556184512.35950947,431.04299707861981,431.04299707861981,342.66493025759786,342.66493025759786,candidate,refined,strongest_peak,1,measured,quality_gated_measurement,false,pdv_channel_2,automatic
0.000746478814990861,556640624.81018221,553110104.07120121,428.66033065518093,428.66033065518093,340.78627853500984,340.78627853500984,candidate,refined,strongest_peak,1,measured,quality_gated_measurement,false,pdv_channel_2,automatic
0.00074648201499086209,556640624.81018221,552172235.638713,427.93348262000256,427.93348262000256,340.21316647024162,340.21316647024162,candidate,refined,strongest_peak,1,measured,quality_gated_measurement,false,pdv_channel_2,automatic
0.00074648521499086319,556640624.81018221,552853311.88211811,428.4613167086415,428.4613167086415,340.62935891487109,340.62935891487109,candidate,refined,strongest_peak,1,measured,quality_gated_measurement,false,pdv_channel_2,automatic
0.00074648841499086428,556640624.81018221,553336245.6326611,428.83559036531233,428.83559036531233,340.92446778840264,340.92446778840264,candidate,refined,strongest_peak,1,measured,quality_gated_measurement,false,pdv_channel_2,automatic
0.00074649161499086537,556640624.81018221,554302205.58361924,429.5842093273049,429.5842093273049,341.5147356941556,341.5147356941556,candidate,refined,strongest_peak,1,measured,quality_gated_measurement,false,pdv_channel_2,automatic
0.00074649481499086646,556640624.81018221,555320066.94256735,430.3730518804897,430.3730518804897,342.13670980013256,342.13670980013256,candidate,refined,strongest_peak,1,measured,quality_gated_measurement,false,pdv_channel_2,automatic
0.00074649801499086755,556640624.81018221,555265980.01297271,430.33113451005386,430.33113451005386,342.10365968986525,342.10365968986525,candidate,refined,strongest_peak,1,measured,quality_gated_measurement,false,pdv_channel_2,automatic
0.00074650121499086864,556640624.81018221,555731024.28070045,430.69154381754282,430.69154381754282,342.38782663775214,342.38782663775214,candidate,refined,strongest_peak,1,measured,quality_gated_measurement,false,pdv_channel_2,automatic
0.00074650441499086973,556640624.81018221,556840612.95521486,431.55147504029151,431.55147504029151,343.0658368561111,343.0658368561111,candidate,refined,strongest_peak,1,measured,quality_gated_measurement,false,pdv_channel_2,automatic
0.00074650761499087082,556640624.81018221,557306910.92138743,431.91285596407528,431.91285596407528,343.35076326471813,343.35076326471813,candidate,refined,strongest_peak,1,measured,quality_gated_measurement,false,pdv_channel_2,automatic
0.00074651081499087191,556640624.81018221,556796977.68710852,431.5176577075091,431.5176577075091,343.03917388993716,343.03917388993716,candidate,refined,strongest_peak,1,measured,quality_gated_measurement,false,pdv_channel_2,automatic
0.00074651401499087301,556640624.81018221,555067905.1371007,430.17762648125301,430.17762648125301,341.98262474246138,341.98262474246138,candidate,refined,strongest_peak,1,measured,quality_gated_measurement,false,pdv_channel_2,automatic
0.0007465172149908741,556640624.81018221,552549136.42620468,428.22558073030865,428.22558073030865,340.44348373017874,340.44348373017874,candidate,refined,strongest_peak,1,measured,quality_gated_measurement,false,pdv_channel_2,automatic
0.00074652041499087519,546874999.81351244,551082877.54161704,427.08923009475319,427.08923009475319,339.54747217313843,339.54747217313843,candidate,refined,strongest_peak,1,measured,quality_gated_measurement,false,pdv_channel_2,automatic
0.00074652361499087628,546874999.81351244,551000354.1367842,427.02527445600776,427.02527445600776,339.49704262311718,339.49704262311718,candidate,refined,strongest_peak,1,measured,quality_gated_measurement,false,pdv_channel_2,automatic
0.00074652681499087737,546874999.81351244,551565093.06093299,427.46294712222306,427.46294712222306,339.84214990186837,339.84214990186837,candidate,refined,strongest_peak,1,measured,quality_gated_measurement,false,pdv_channel_2,automatic
0.00074653001499087846,556640624.81018221,552754356.45832527,428.38462625520208,428.38462625520208,340.56888944136136,340.56888944136136,candidate,refined,strongest_peak,1,measured,quality_gated_measurement,false,pdv_channel_2,automatic
0.00074653321499087955,556640624.81018221,554474969.09617066,429.71810104953227,429.71810104953227,341.62030518211208,341.62030518211208,candidate,refined,strongest_peak,1,measured,quality_gated_measurement,false,pdv_channel_2,automatic
0.00074653641499088064,556640624.81018221,556123907.27430701,430.99602813758793,430.99602813758793,342.62789766375022,342.62789766375022,candidate,refined,strongest_peak,1,measured,quality_gated_measurement,false,pdv_channel_2,automatic
0.00074653961499088174,556640624.81018221,557822548.86052942,432.31247536691029,432.31247536691029,343.66583606259672,343.66583606259672,candidate,refined,strongest_peak,1,measured,quality_gated_measurement,false,pdv_channel_2,automatic
0.00074654281499088283,556640624.81018221,559132296.84589839,433.32753005557123,433.32753005557123,344.46612711380249,344.46612711380249,candidate,refined,strongest_peak,1,measured,quality_gated_measurement,false,pdv_channel_2,automatic
0.00074654601499088392,556640624.81018221,559543294.22347379,433.64605302319217,433.64605302319217,344.71725433413405,344.71725433413405,candidate,refined,strongest_peak,1,measured,quality_gated_measurement,false,pdv_channel_2,automatic
0.00074654921499088501,556640624.81018221,559281653.11708963,433.44328116574445,433.44328116574445,344.55738681327017,344.55738681327017,candidate,refined,strongest_peak,1,measured,quality_gated_measurement,false,pdv_channel_2,automatic
0.0007465524149908861,556640624.81018221,558093495.03613484,432.52245865300449,432.52245865300449,343.83139268581266,343.83139268581266,candidate,refined,strongest_peak,1,measured,quality_gated_measurement,false,pdv_channel_2,automatic
0.00074655561499088719,556640624.81018221,555917525.54044044,430.83608229384134,430.83608229384134,342.50178834557249,342.50178834557249,candidate,refined,strongest_peak,1,measured,quality_gated_measurement,false,pdv_channel_2,automatic
0.00074655881499088828,556640624.81018221,552827625.73090506,428.44140994145141,428.44140994145141,340.61366268381306,340.61366268381306,candidate,refined,strongest_peak,1,measured,quality_gated_measurement,false,pdv_channel_2,automatic
0.00074656201499088937,546874999.81351244,550110535.30300832,426.33566485983147,426.33566485983147,338.9532758177412,338.9532758177412,candidate,refined,strongest_peak,1,measured,quality_gated_measurement,false,pdv_channel_2,automatic
0.00074656521499089047,546874999.81351244,549641308.97217047,425.97201445343211,425.97201445343211,338.6665294857853,338.6665294857853,candidate,refined,strongest_peak,1,measured,quality_gated_measurement,false,pdv_channel_2,automatic
0.00074656841499089156,546874999.81351244,550474933.40646768,426.61807339001246,426.61807339001246,339.17595976242308,339.17595976242308,candidate,refined,strongest_peak,1,measured,quality_gated_measurement,false,pdv_channel_2,automatic
0.00074657161499089265,546874999.81351244,551643883.80628288,427.52400994986925,427.52400994986925,339.89029804332881,339.89029804332881,candidate,refined,strongest_peak,1,measured,quality_gated_measurement,false,pdv_channel_2,automatic
0.00074657481499089374,556640624.81018221,553291931.36697435,428.80124680940514,428.80124680940514,340.89738852442878,340.89738852442878,candidate,refined,strongest_peak,1,measured,quality_gated_measurement,false,pdv_channel_2,automatic
0.00074657801499089483,556640624.81018221,554287313.94734371,429.57266830919139,429.57266830919139,341.50563594516848,341.50563594516848,candidate,refined,strongest_peak,1,measured,quality_gated_measurement,false,pdv_channel_2,automatic
0.00074658121499089592,556640624.81018221,554781502.01964462,429.9556640652246,429.9556640652246,341.80761561945781,341.80761561945781,candidate,refined,strongest_peak,1,measured,quality_gated_measurement,false,pdv_channel_2,automatic
0.00074658441499089701,556640624.81018221,555609957.58660018,430.59771712961515,430.59771712961515,342.31384859307275,342.31384859307275,candidate,refined,strongest_peak,1,measured,quality_gated_measurement,false,pdv_channel_2,automatic
0.0007465876149908981,556640624.81018221,556633600.30627465,431.39104023736286,431.39104023736286,342.93934335357221,342.93934335357221,candidate,refined,strongest_peak,1,measured,quality_gated_measurement,false,pdv_channel_2,automatic
0.0007465908149908992,556640624.81018221,557276863.81988847,431.88956946041355,431.88956946041355,343.33240336213305,343.33240336213305,candidate,refined,strongest_peak,1,measured,quality_gated_measurement,false,pdv_channel_2,automatic
0.00074659401499090029,556640624.81018221,557019680.73452377,431.6902525692559,431.6902525692559,343.17525454784106,343.17525454784106,candidate,refined,strongest_peak,1,measured,quality_gated_measurement,false,pdv_channel_2,automatic
0.00074659721499090138,556640624.81018221,555326111.3699789,430.37773631173366,430.37773631173366,342.1404032784879,342.1404032784879,candidate,refined,strongest_peak,1,measured,quality_gated_measurement,false,pdv_channel_2,automatic
0.00074660041499090247,556640624.81018221,552190610.36751771,427.9477230348262,427.9477230348262,340.22439496483321,340.22439496483321,candidate,refined,strongest_peak,1,measured,quality_gated_measurement,false,pdv_channel_2,automatic
0.00074660361499090356,546874999.81351244,549348074.82363415,425.74475798831645,425.74475798831645,338.48733175294649,338.48733175294649,candidate,refined,strongest_peak,1,measured,quality_gated_measurement,false,pdv_channel_2,automatic
0.00074660681499090465,546874999.81351244,547657121.60592306,424.43426924459038,424.43426924459038,337.45396140507148,337.45396140507148,candidate,refined,strongest_peak,1,measured,quality_gated_measurement,false,pdv_channel_2,automatic
0.00074661001499090574,546874999.81351244,547740459.89386642,424.49885641774648,424.49885641774648,337.50489146632924,337.50489146632924,candidate,refined,strongest_peak,1,measured,quality_gated_measurement,false,pdv_channel_2,automatic
0.00074661321499090683,546874999.81351244,548630149.07056928,425.18836552969117,425.18836552969117,338.04859827296701,338.04859827296701,candidate,refined,strongest_peak,1,measured,quality_gated_measurement,false,pdv_channel_2,automatic
0.00074661641499090793,546874999.81351244,549650072.83024216,425.97880644343769,425.97880644343769,338.67188513746089,338.67188513746089,candidate,refined,strongest_peak,1,measured,quality_gated_measurement,false,pdv_channel_2,automatic
0.00074661961499090902,546874999.81351244,551433383.73736799,427.36087239646019,427.36087239646019,339.76166368438618,339.76166368438618,candidate,refined,strongest_peak,1,measured,quality_gated_measurement,false,pdv_channel_2,automatic
0.00074662281499091011,556640624.81018221,554058923.74852455,429.39566590510651,429.39566590510651,341.3660745710954,341.3660745710954,candidate,refined,strongest_peak,1,measured,quality_gated_measurement,false,pdv_channel_2,automatic
0.0007466260149909112,556640624.81018221,557040944.89202797,431.70673229132166,431.70673229132166,343.18824779323973,343.18824779323973,candidate,refined,strongest_peak,1,measured,quality_gated_measurement,false,pdv_channel_2,automatic
0.00074662921499091229,556640624.81018221,558224030.81377316,432.62362388067419,432.62362388067419,343.91115391056553,343.91115391056553,candidate,refined,strongest_peak,1,measured,quality_gated_measurement,false,pdv_channel_2,automatic
0.00074663241499091338,556640624.81018221,557156047.27472651,431.79593663791303,431.79593663791303,343.25857985333022,343.25857985333022,candidate,refined,strongest_peak,1,measured,quality_gated_measurement,false,pdv_channel_2,automatic
0.00074663561499091447,556640624.81018221,555260554.45893812,430.32692970567706,430.32692970567706,342.10034437433075,342.10034437433075,candidate,refined,strongest_peak,1,measured,quality_gated_measurement,false,pdv_channel_2,automatic
0.00074663881499091556,556640624.81018221,553117450.06639504,428.66602380145616,428.66602380145616,340.79076748976405,340.79076748976405,candidate,refined,strongest_peak,1,measured,quality_gated_measurement,false,pdv_channel_2,automatic
0.00074664201499091665,556640624.81018221,552137964.34085774,427.90692236416476,427.90692236416476,340.19222383554307,340.19222383554307,candidate,refined,strongest_peak,1,measured,quality_gated_measurement,false,pdv_channel_2,automatic
0.00074664521499091775,556640624.81018221,552598152.90839112,428.2635685040031,428.2635685040031,340.47343672194228,340.47343672194228,candidate,refined,strongest_peak,1,measured,quality_gated_measurement,false,pdv_channel_2,automatic
0.00074664841499091884,556640624.81018221,552905380.43457115,428.50166983679264,428.50166983679264,340.66117682142004,340.66117682142004,candidate,refined,strongest_peak,1,measured,quality_gated_measurement,false,pdv_channel_2,automatic
0.00074665161499091993,556640624.81018221,552709917.47141993,428.35018604035042,428.35018604035042,340.54173372925862,340.54173372925862,candidate,refined,strongest_peak,1,measured,quality_gated_measurement,false,pdv_channel_2,automatic
0.00074665481499092102,556640624.81018221,552256083.36765063,427.99846460992921,427.99846460992921,340.26440441357261,340.26440441357261,candidate,refined,strongest_peak,1,measured,quality_gated_measurement,false,pdv_channel_2,automatic
0.00074665801499092211,556640624.81018221,552919600.06509817,428.51269005045106,428.51269005045106,340.66986610951335,340.66986610951335,candidate,refined,strongest_peak,1,measured,quality_gated_measurement,false,pdv_channel_2,automatic
0.0007466612149909232,556640624.81018221,554697739.62301672,429.89074820783793,429.89074820783793,341.75643173639799,341.75643173639799,candidate,refined,strongest_peak,1,measured,quality_gated_measurement,false,pdv_channel_2,automatic
0.00074666441499092429,556640624.81018221,555073120.437451,430.1816683390245,430.1816683390245,341.98581159036388,341.98581159036388,candidate,refined,strongest_peak,1,measured,quality_gated_measurement,false,pdv_channel_2,automatic
0.00074666761499092538,556640624.81018221,554725604.19893134,429.91234325417179,429.91234325417179,341.77345868216076,341.77345868216076,candidate,refined,strongest_peak,1,measured,quality_gated_measurement,false,pdv_channel_2,automatic
0.00074667081499092648,556640624.81018221,554128746.05897284,429.44977819570397,429.44977819570397,341.40874062712396,341.40874062712396,candidate,refined,strongest_peak,1,measured,quality_gated_measurement,false,pdv_channel_2,automatic
0.00074667401499092757,556640624.81018221,552552936.99416709,428.22852617047948,428.22852617047948,340.44580618201513,340.44580618201513,candidate,refined,strongest_peak,1,measured,quality_gated_measurement,false,pdv_channel_2,automatic
0.00074667721499092866,546874999.81351244,550407580.12648559,426.56587459802631,426.56587459802631,339.13480021537936,339.13480021537936,candidate,refined,strongest_peak,1,measured,quality_gated_measurement,false,pdv_channel_2,automatic
0.00074668041499092975,546874999.81351244,548209403.611251,424.86228779871954,424.86228779871954,337.79147323003082,337.79147323003082,candidate,refined,strongest_peak,1,measured,quality_gated_measurement,false,pdv_channel_2,automatic
0.00074668361499093084,546874999.81351244,548135159.01214612,424.80474823441324,424.80474823441324,337.7461008654185,337.7461008654185,candidate,refined,strongest_peak,1,measured,quality_gated_measurement,false,pdv_channel_2,automatic
0.00074668681499093193,546874999.81351244,550343227.96112311,426.51600166987038,426.51600166987038,339.09547460901109,339.09547460901109,candidate,refined,strongest_peak,1,measured,quality_gated_measurement,false,pdv_channel_2,automatic
0.00074669001499093302,556640624.81018221,552793233.20534027,428.41475573413868,428.41475573413868,340.59264617324311,340.59264617324311,candidate,refined,strongest_peak,1,measured,quality_gated_measurement,false,pdv_channel_2,automatic
0.00074669321499093411,556640624.81018221,553919905.69220889,429.28792691146191,429.28792691146191,341.28112520020818,341.28112520020818,candidate,refined,strongest_peak,1,measured,quality_gated_measurement,false,pdv_channel_2,automatic
0.00074669641499093521,556640624.81018221,554195136.52238524,429.50123080484855,429.50123080484855,341.44930955643463,341.44930955643463,candidate,refined,strongest_peak,1,measured,quality_gated_measurement,false,pdv_channel_2,automatic
0.0007466996149909363,556640624.81018221,554676477.3654542,429.87426995822699,429.87426995822699,341.74343920283565,341.74343920283565,candidate,refined,strongest_peak,1,measured,quality_gated_measurement,false,pdv_channel_2,automatic
0.00074670281499093739,556640624.81018221,555212179.55729759,430.28943915690564,430.28943915690564,342.07078460484365,342.07078460484365,candidate,refined,strongest_peak,1,measured,quality_gated_measurement,false,pdv_channel_2,automatic
0.00074670601499093848,556640624.81018221,555922868.20192432,430.84022285649132,430.84022285649132,342.50505297749129,342.50505297749129,candidate,refined,strongest_peak,1,measured,quality_gated_measurement,false,pdv_channel_2,automatic
0.00074670921499093957,556640624.81018221,556973680.78748691,431.65460261030233,431.65460261030233,343.14714673797477,343.14714673797477,candidate,refined,strongest_peak,1,measured,quality_gated_measurement,false,pdv_channel_2,automatic
0.00074671241499094066,556640624.81018221,557001674.10619867,431.67629743230395,431.67629743230395,343.16425177906399,343.16425177906399,candidate,refined,strongest_peak,1,measured,quality_gated_measurement,false,pdv_channel_2,automatic
0.00074671561499094175,556640624.81018221,556544052.91241717,431.32164100712333,431.32164100712333,342.88462598102853,342.88462598102853,candidate,refined,strongest_peak,1,measured,quality_gated_measurement,false,pdv_channel_2,automatic
0.00074671881499094284,556640624.81018221,555505520.05587411,430.51677804330245,430.51677804330245,342.25003172561622,342.25003172561622,candidate,refined,strongest_peak,1,measured,quality_gated_measurement,false,pdv_channel_2,automatic
0.00074672201499094394,556640624.81018221,553874963.54964137,429.25309675097208,429.25309675097208,341.25366249473825,341.25366249473825,candidate,refined,strongest_peak,1,measured,quality_gated_measurement,false,pdv_channel_2,automatic
0.00074672521499094503,556640624.81018221,552534987.43220484,428.21461525995875,428.21461525995875,340.43483755892237,340.43483755892237,candidate,refined,strongest_peak,1,measured,quality_gated_measurement,false,pdv_channel_2,automatic
0.00074672841499094612,546874999.81351244,551465546.84004498,427.38579880103487,427.38579880103487,339.78131824127479,339.78131824127479,candidate,refined,strongest_peak,1,measured,quality_gated_measurement,false,pdv_channel_2,automatic
0.00074673161499094721,546874999.81351244,550975088.93607855,427.00569392546089,427.00569392546089,339.48160320048021,339.48160320048021,candidate,refined,strongest_peak,1,measured,quality_gated_measurement,false,pdv_channel_2,automatic
0.0007467348149909483,546874999.81351244,550776340.93783164,426.85166422681954,426.85166422681954,339.36014920948907,339.36014920948907,candidate,refined,strongest_peak,1,measured,quality_gated_measurement,false,pdv_channel_2,automatic
0.00074673801499094939,546874999.81351244,550162697.26470733,426.37609038014818,426.37609038014818,338.9851521044377,338.9851521044377,candidate,refined,strongest_peak,1,measured,quality_gated_measurement,false,pdv_channel_2,automatic
0.00074674121499095048,546874999.81351244,549854627.79954624,426.13733654464835,426.13733654464835,338.79688983426604,338.79688983426604,candidate,refined,strongest_peak,1,measured,quality_gated_measurement,false,pdv_channel_2,automatic
0.00074674441499095157,546874999.81351244,550356193.38275373,426.52604987163414,426.52604987163414,339.10339778082283,339.10339778082283,candidate,refined,strongest_peak,1,measured,quality_gated_measurement,false,pdv_channel_2,automatic
0.00074674761499095267,546874999.81351244,550595200.30508018,426.71128023643712,426.71128023643712,339.24945468583877,339.24945468583877,candidate,refined,strongest_peak,1,measured,quality_gated_measurement,false,pdv_channel_2,automatic
0.00074675081499095376,546874999.81351244,550352889.26080811,426.52348917712629,426.52348917712629,339.10137863137106,339.10137863137106,candidate,refined,strongest_peak,1,measured,quality_gated_measurement,false,pdv_channel_2,automatic
0.00074675401499095485,546874999.81351244,549663821.59370315,425.98946173511996,425.98946173511996,338.68028709640396,338.68028709640396,candidate,refined,strongest_peak,1,measured,quality_gated_measurement,false,pdv_channel_2,automatic
0.00074675721499095594,546874999.81351244,547683164.08047605,424.45445216236891,424.45445216236891,337.46987660354631,337.46987660354631,candidate,refined,strongest_peak,1,measured,quality_gated_measurement,false,pdv_channel_2,automatic
0.00074676041499095703,546874999.81351244,544089774.75999129,421.66957543899326,421.66957543899326,335.2738089913617,335.2738089913617,candidate,refined,strongest_peak,1,measured,quality_gated_measurement,false,pdv_channel_2,automatic
0.00074676361499095812,537109374.81684256,540465996.85740376,418.86114756448791,418.86114756448791,333.05904922030885,333.05904922030885,candidate,refined,strongest_peak,1,measured,quality_gated_measurement,false,pdv_channel_2,automatic
0.00074676681499095921,537109374.81684256,536987154.82499373,416.16504498937013,416.16504498937013,330.93275596831273,330.93275596831273,candidate,refined,strongest_peak,1,measured,quality_gated_measurement,false,pdv_channel_2,automatic
0.0007467700149909603,537109374.81684256,532976828.55600423,413.05704213090326,413.05704213090326,328.48147552050443,328.48147552050443,candidate,refined,strongest_peak,1,measured,quality_gated_measurement,false,pdv_channel_2,automatic
0.00074677321499096139,527343749.82017267,529386233.10919118,410.27433065962316,410.27433065962316,326.28662394341148,326.28662394341148,candidate,refined,strongest_peak,1,measured,quality_gated_measurement,false,pdv_channel_2,automatic
0.00074677641499096249,527343749.82017267,527415483.98677558,408.74700008975105,408.74700008975105,325.08189675973938,325.08189675973938,candidate,refined,strongest_peak,1,measured,quality_gated_measurement,false,pdv_channel_2,automatic
0.00074677961499096358,527343749.82017267,525896171.87083536,407.56953319989742,407.56953319989742,324.15310971550849,324.15310971550849,candidate,refined,strongest_peak,1,measured,quality_gated_measurement,false,pdv_channel_2,automatic
0.00074678281499096467,527343749.82017267,523255554.08534932,405.52305441614573,405.52305441614573,322.53879284047071,322.53879284047071,candidate,refined,strongest_peak,1,measured,quality_gated_measurement,false,pdv_channel_2,automatic
0.00074678601499096576,517578124.82350278,520013571.57725996,403.01051797237648,403.01051797237648,320.55674589910808,320.55674589910808,candidate,refined,strongest_peak,1,measured,quality_gated_measurement,false,pdv_channel_2,automatic
0.00074678921499096685,517578124.82350278,516824535.6794523,400.53901515157554,400.53901515157554,318.60697000537664,318.60697000537664,candidate,refined,strongest_peak,1,measured,quality_gated_measurement,false,pdv_channel_2,automatic
0.00074679241499096794,517578124.82350278,513597335.70283848,398.03793516969984,398.03793516969984,316.63376016398547,316.63376016398547,candidate,refined,strongest_peak,1,measured,quality_gated_measurement,false,pdv_channel_2,automatic
0.00074679561499096903,507812499.82683295,510542532.96095425,395.67046304473956,395.67046304473956,314.7658656618143,314.7658656618143,candidate,refined,strongest_peak,1,measured,quality_gated_measurement,false,pdv_channel_2,automatic
0.00074679881499097012,507812499.82683295,507765202.29064775,393.51803177525198,393.51803177525198,313.06755514399106,313.06755514399106,candidate,refined,strongest_peak,1,measured,quality_gated_measurement,false,pdv_channel_2,automatic
0.00074680201499097122,507812499.82683295,504877622.85656852,391.28015771384059,391.28015771384059,311.30174781057099,311.30174781057099,candidate,refined,strongest_peak,1,measured,quality_gated_measurement,false,pdv_channel_2,automatic
0.00074680521499097231,498046874.83016306,501605540.15003103,388.74429361627404,388.74429361627404,309.3007096159638,309.3007096159638,candidate,refined,strongest_peak,1,measured,quality_gated_measurement,false,pdv_channel_2,automatic
0.0007468084149909734,498046874.83016306,497148723.56067044,385.29026075951958,385.29026075951958,306.57497653000883,306.57497653000883,candidate,refined,strongest_peak,1,measured,quality_gated_measurement,false,pdv_channel_2,automatic
0.00074681161499097449,488281249.83349323,491778434.75031435,381.12828693149362,381.12828693149362,303.29030893816889,303.29030893816889,candidate,refined,strongest_peak,1,measured,quality_gated_measurement,false,pdv_channel_2,automatic
0.00074681481499097558,488281249.83349323,486244295.46798229,376.83932898768626,376.83932898768626,299.90511654901786,299.90511654901786,candidate,refined,strongest_peak,1,measured,quality_gated_measurement,false,pdv_channel_2,automatic
0.00074681801499097667,478515624.83682334,480451272.21230257,372.34973596453449,372.34973596453449,296.36122820330871,296.36122820330871,candidate,refined,strongest_peak,1,measured,quality_gated_measurement,false,pdv_channel_2,automatic
0.00074682121499097776,478515624.83682334,473764071.62832922,367.16715551195512,367.16715551195512,292.26988989893897,292.26988989893897,candidate,refined,strongest_peak,1,measured,quality_gated_measurement,false,pdv_channel_2,automatic
0.00074682441499097885,468749999.84015346,466276814.28370339,361.36453106987011,361.36453106987011,287.68850153965883,287.68850153965883,candidate,refined,strongest_peak,1,measured,quality_gated_measurement,false,pdv_channel_2,automatic
0.00074682761499097995,458984374.84348363,458098035.63150221,355.02597761441422,355.02597761441422,282.68328743410416,282.68328743410416,candidate,refined,strongest_peak,1,measured,quality_gated_measurement,false,pdv_channel_2,automatic
0.00074683081499098104,449218749.84681374,449333796.77470905,348.23369250039951,348.23369250039951,277.31897210588772,277.31897210588772,candidate,refined,strongest_peak,1,measured,quality_gated_measurement,false,pdv_channel_2,automatic
0.00074683401499098213,439453124.85014391,440688530.22623479,341.53361092533197,341.53361092533197,272.02663536434807,272.02663536434807,candidate,refined,strongest_peak,1,measured,quality_gated_measurement,false,pdv_channel_2,automatic
0.00074683721499098322,429687499.85347402,432447358.41069496,335.14670276828861,335.14670276828861,266.98087915143077,266.98087915143077,candidate,refined,strongest_peak,1,measured,quality_gated_measurement,false,pdv_channel_2,automatic
0.00074684041499098431,429687499.85347402,424927470.16610849,329.3187893787341,329.3187893787341,262.37604974870544,262.37604974870544,candidate,refined,strongest_peak,1,measured,quality_gated_measurement,false,pdv_channel_2,automatic
0.0007468436149909854,419921874.85680419,417773943.85056466,323.77480648418759,323.77480648418759,257.9949432488109,257.9949432488109,candidate,refined,strongest_peak,1,measured,quality_gated_measurement,false,pdv_channel_2,automatic
0.00074684681499098649,410156249.8601343,411548479.45432949,318.95007157710535,318.95007157710535,254.18171880508257,254.18171880508257,candidate,refined,strongest_peak,1,measured,quality_gated_measurement,false,pdv_channel_2,automatic
0.00074685001499098758,410156249.8601343,405947484.89529198,314.60930079385128,314.60930079385128,250.75059088659569,250.75059088659569,candidate,refined,strongest_peak,1,measured,quality_gated_measurement,false,pdv_channel_2,automatic
0.00074685321499098868,400390624.86346442,399143863.12658769,309.33649392310548,309.33649392310548,246.5822196803237,246.5822196803237,candidate,refined,strongest_peak,1,measured,quality_gated_measurement,false,pdv_channel_2,automatic
0.00074685641499098977,390624999.86679459,389862467.16051805,302.14341204940149,302.14341204940149,240.89485028422519,240.89485028422519,candidate,refined,strongest_peak,1,measured,quality_gated_measurement,false,pdv_channel_2,automatic
0.00074685961499099086,380859374.8701247,379330946.12399733,293.98148324609792,293.98148324609792,234.44009423782941,234.44009423782941,candidate,refined,strongest_peak,1,measured,quality_gated_measurement,false,pdv_channel_2,automatic
0.00074686281499099195,371093749.87345487,370629443.9463495,287.23781905842088,287.23781905842088,229.105847352457,229.105847352457,candidate,refined,strongest_peak,1,measured,quality_gated_measurement,false,pdv_channel_2,automatic
0.00074686601499099304,361328124.87678498,363045736.14248985,281.36044551042966,281.36044551042966,224.45600063168018,224.45600063168018,candidate,refined,strongest_peak,1,measured,quality_gated_measurement,false,pdv_channel_2,automatic
0.00074686921499099413,351562499.88011509,354110532.03580081,274.4356623277456,274.4356623277456,218.97647894520998,218.97647894520998,candidate,refined,strongest_peak,1,measured,quality_gated_measurement,false,pdv_channel_2,automatic
0.00074687241499099522,341796874.88344526,343845670.65827018,266.48039476015941,266.48039476015941,212.68014230418072,212.68014230418072,candidate,refined,strongest_peak,1,measured,quality_gated_measurement,false,pdv_channel_2,automatic
0.00074687561499099631,332031249.88677537,334633007.51092333,259.34058082096556,259.34058082096556,207.02789938916635,207.02789938916635,candidate,refined,strongest_peak,1,measured,quality_gated_measurement,false,pdv_channel_2,automatic
0.00074687881499099741,332031249.88677537,327273977.27953064,253.63733239163625,253.63733239163625,202.5120001964377,202.5120001964377,candidate,refined,strongest_peak,1,measured,quality_gated_measurement,false,pdv_channel_2,automatic
0.0007468820149909985,322265624.89010555,320440716.37844068,248.34155519329153,248.34155519329153,198.3179962428535,198.3179962428535,candidate,refined,strongest_peak,1,measured,quality_gated_measurement,false,pdv_channel_2,automatic
0.00074688521499099959,312499999.89343566,314597040.11594915,243.8127060898606,243.8127060898606,194.73078166871989,194.73078166871989,candidate,refined,strongest_peak,1,measured,quality_gated_measurement,false,pdv_channel_2,automatic
0.00074688841499100068,312499999.89343566,310233243.33564591,240.43076358512559,240.43076358512559,192.0516539940196,192.0516539940196,candidate,refined,strongest_peak,1,measured,quality_gated_measurement,false,pdv_channel_2,automatic
0.00074689161499100177,302734374.89676577,306755345.96359223,237.73539312178397,237.73539312178397,189.91619802189709,189.91619802189709,candidate,refined,strongest_peak,1,measured,quality_gated_measurement,false,pdv_channel_2,automatic
0.00074689481499100286,302734374.89676577,304503275.31392866,235.99003836829471,235.99003836829471,188.53330340337507,188.53330340337507,candidate,refined,strongest_peak,1,measured,quality_gated_measurement,false,pdv_channel_2,automatic
0.00074689801499100395,302734374.89676577,303014642.69340235,234.83634808738682,234.83634808738682,187.61915550881702,187.61915550881702,candidate,refined,strongest_peak,1,measured,quality_gated_measurement,false,pdv_channel_2,automatic
0.00074690121499100504,302734374.89676577,301909535.61259276,233.97989009975939,233.97989009975939,186.94050132834138,186.94050132834138,candidate,refined,strongest_peak,1,measured,quality_gated_measurement,false,pdv_channel_2,automatic
0.00074690441499100613,302734374.89676577,301463817.62759209,233.63445866138386,233.63445866138386,186.66677695801511,186.66677695801511,candidate,refined,strongest_peak,1,measured,quality_gated_measurement,false,pdv_channel_2,automatic
0.00074690761499100723,302734374.89676577,301239147.90444875,233.46033962594777,233.46033962594777,186.52880150910681,186.52880150910681,candidate,refined,strongest_peak,1,measured,quality_gated_measurement,false,pdv_channel_2,automatic
0.00074691081499100832,302734374.89676577,300780526.83157468,233.10490829447036,233.10490829447036,186.2471479059345,186.2471479059345,candidate,refined,strongest_peak,1,measured,quality_gated_measurement,false,pdv_channel_2,automatic
0.00074691401499100941,302734374.89676577,300324037.97452301,232.75112943025533,232.75112943025533,185.96680026641664,185.96680026641664,candidate,refined,strongest_peak,1,measured,quality_gated_measurement,false,pdv_channel_2,automatic
0.0007469172149910105,302734374.89676577,300581909.83720678,232.95098012383525,232.95098012383525,186.12516987994425,186.12516987994425,candidate,refined,strongest_peak,1,measured,quality_gated_measurement,false,pdv_channel_2,automatic
0.00074692041499101159,302734374.89676577,301104007.62653816,233.35560591056708,233.35560591056708,186.44580798619899,186.44580798619899,candidate,refined,strongest_peak,1,measured,quality_gated_measurement,false,pdv_channel_2,automatic
0.00074692361499101268,302734374.89676577,300689543.50216138,233.03439621417508,233.03439621417508,186.19127176770536,186.19127176770536,candidate,refined,strongest_peak,1,measured,quality_gated_measurement,false,pdv_channel_2,automatic
0.00074692681499101377,302734374.89676577,299186215.05603939,231.86931666843051,231.86931666843051,185.26800354296759,185.26800354296759,candidate,refined,strongest_peak,1,measured,quality_gated_measurement,false,pdv_channel_2,automatic
0.00074693001499101486,302734374.89676577,299764604.51614821,232.31756850001486,232.31756850001486,185.62322556011839,185.62322556011839,candidate,refined,strongest_peak,1,measured,quality_gated_measurement,false,pdv_channel_2,automatic
0.00074693321499101596,302734374.89676577,300895182.81994343,233.19376668545615,233.19376668545615,186.31756207893162,186.31756207893162,candidate,refined,strongest_peak,1,measured,quality_gated_measurement,false,pdv_channel_2,automatic
0.00074693641499101705,302734374.89676577,300729967.7209118,233.06572498370664,233.06572498370664,186.21609775292927,186.21609775292927,candidate,refined,strongest_peak,1,measured,quality_gated_measurement,false,pdv_channel_2,automatic
0.00074693961499101814,302734374.89676577,301374377.8353889,233.5651428224264,233.5651428224264,186.61184978490647,186.61184978490647,candidate,refined,strongest_peak,1,measured,quality_gated_measurement,false,pdv_channel_2,automatic
0.00074694281499101923,302734374.89676577,304647808.56341308,236.10205163664514,236.10205163664514,188.62205723976328,188.62205723976328,candidate,refined,strongest_peak,1,measured,quality_gated_measurement,false,pdv_channel_2,automatic
0.00074694601499102032,312499999.89343566,309708342.05169213,240.02396509006141,240.02396509006141,191.72937316508344,191.72937316508344,candidate,refined,strongest_peak,1,measured,quality_gated_measurement,false,pdv_channel_2,automatic
0.00074694921499102141,312499999.89343566,312351759.45932776,242.07261358097901,242.07261358097901,193.35234298520024,193.35234298520024,candidate,refined,strongest_peak,1,measured,quality_gated_measurement,false,pdv_channel_2,automatic
0.0007469524149910225,312499999.89343566,311983846.35789126,241.78748092736572,241.78748092736572,193.12646342266379,193.12646342266379,candidate,refined,strongest_peak,1,measured,quality_gated_measurement,false,pdv_channel_2,automatic
0.00074695561499102359,312499999.89343566,314976466.67876303,244.10676167604134,244.10676167604134,194.96371394126837,194.96371394126837,candidate,refined,strongest_peak,1,measured,quality_gated_measurement,false,pdv_channel_2,automatic
0.00074695881499102469,322265624.89010555,321603864.95870364,249.24299534299533,249.24299534299533,199.03194538348524,199.03194538348524,candidate,refined,strongest_peak,1,measured,quality_gated_measurement,false,pdv_channel_2,automatic
0.00074696201499102578,322265624.89010555,320782930.19053274,248.60677089766287,248.60677089766287,198.52805179681164,198.52805179681164,candidate,refined,strongest_peak,1,measured,quality_gated_measurement,false,pdv_channel_2,automatic
0.00074696521499102687,312499999.89343566,312172018.90076667,241.93331464809415,241.93331464809415,193.24199187718168,193.24199187718168,candidate,refined,strongest_peak,1,measured,quality_gated_measurement,false,pdv_channel_2,automatic
0.00074696841499102796,312499999.89343566,308510661.27660835,239.09576248937148,239.09576248937148,190.99399991795835,190.99399991795835,candidate,refined,strongest_peak,1,measured,quality_gated_measurement,false,pdv_channel_2,automatic
0.00074697161499102905,312499999.89343566,309803587.13830167,240.09778003218381,240.09778003218381,191.78785242752906,191.78785242752906,candidate,refined,strongest_peak,1,measured,quality_gated_measurement,false,pdv_channel_2,automatic
0.00074697481499103014,312499999.89343566,311353774.51676661,241.29917525049413,241.29917525049413,192.7396269159328,192.7396269159328,candidate,refined,strongest_peak,1,measured,quality_gated_measurement,false,pdv_channel_2,automatic
0.00074697801499103123,312499999.89343566,313630682.65887898,243.06377906063122,243.06377906063122,194.13751854198043,194.13751854198043,candidate,refined,strongest_peak,1,measured,quality_gated_measurement,false,pdv_channel_2,automatic
0.00074698121499103232,322265624.89010555,317851217.98330122,246.33469393705843,246.33469393705843,196.72846667786723,196.72846667786723,candidate,refined,strongest_peak,1,measured,quality_gated_measurement,false,pdv_channel_2,automatic
0.00074698441499103342,322265624.89010555,322152821.44878697,249.66843662280991,249.66843662280991,199.36889154929881,199.36889154929881,candidate,refined,strongest_peak,1,measured,quality_gated_measurement,false,pdv_channel_2,automatic
0.00074698761499103451,322265624.89010555,318564880.87374872,246.88778267715526,246.88778267715526,197.16654982932033,197.16654982932033,candidate,refined,strongest_peak,1,measured,quality_gated_measurement,false,pdv_channel_2,automatic
0.0007469908149910356,312499999.89343566,307624368.056633,238.40888524389058,238.40888524389058,190.44980284857101,190.44980284857101,candidate,refined,strongest_peak,1,measured,quality_gated_measurement,false,pdv_channel_2,automatic
0.00074699401499103669,302734374.89676577,299878618.34893638,232.40592922042569,232.40592922042569,185.69324730621548,185.69324730621548,candidate,refined,strongest_peak,1,measured,quality_gated_measurement,false,pdv_channel_2,automatic
0.00074699721499103778,302734374.89676577,302049886.8503446,234.08866230901705,234.08866230901705,187.02669315726746,187.02669315726746,candidate,refined,strongest_peak,1,measured,quality_gated_measurement,false,pdv_channel_2,automatic
0.00074700041499103887,312499999.89343566,310503159.92594802,240.63994894260972,240.63994894260972,192.21737663774221,192.21737663774221,candidate,refined,strongest_peak,1,measured,quality_gated_measurement,false,pdv_channel_2,automatic
0.00074700361499103996,322265624.89010555,318241730.05572474,246.63734079318667,246.63734079318667,196.96818416064849,196.96818416064849,candidate,refined,strongest_peak,1,measured,quality_gated_measurement,false,pdv_channel_2,automatic
0.00074700681499104105,322265624.89010555,324204871.60395736,251.25877549306693,251.25877549306693,200.62838586632211,200.62838586632211,candidate,refined,strongest_peak,1,measured,quality_gated_measurement,false,pdv_channel_2,automatic
0.00074701001499104215,332031249.88677537,328710783.88134295,254.75085750804078,254.75085750804078,203.3937673189767,203.3937673189767,candidate,refined,strongest_peak,1,measured,quality_gated_measurement,false,pdv_channel_2,automatic
0.00074701321499104324,332031249.88677537,330651683.16771501,256.25505445497913,256.25505445497913,204.58484558421762,204.58484558421762,candidate,refined,strongest_peak,1,measured,quality_gated_measurement,false,pdv_channel_2,automatic
0.00074701641499104433,332031249.88677537,331175257.36284548,256.66082445620526,256.66082445620526,204.90613930837031,204.90613930837031,candidate,refined,strongest_peak,1,measured,quality_gated_measurement,false,pdv_channel_2,automatic
0.00074701961499104542,332031249.88677537,331536297.78159529,256.94063078073634,256.94063078073634,205.12769100284598,205.12769100284598,candidate,refined,strongest_peak,1,measured,quality_gated_measurement,false,pdv_channel_2,automatic
0.00074702281499104651,332031249.88677537,332870296.55036795,257.97447982653517,257.97447982653517,205.94627940213925,205.94627940213925,candidate,refined,strongest_peak,1,measured,quality_gated_measurement,false,pdv_channel_2,automatic
0.0007470260149910476,332031249.88677537,334671055.90671706,259.37006832770572,259.37006832770572,207.05124581222549,207.05124581222549,candidate,refined,strongest_peak,1,measured,quality_gated_measurement,false,pdv_channel_2,automatic
0.00074702921499104869,332031249.88677537,335555221.37518936,260.05529656577176,260.05529656577176,207.59376193245618,207.59376193245618,candidate,refined,strongest_peak,1,measured,quality_gated_measurement,false,pdv_channel_2,automatic
0.00074703241499104978,332031249.88677537,336242649.86782837,260.58805364756699,260.58805364756699,208.0155538812256,208.0155538812256,candidate,refined,strongest_peak,1,measured,quality_gated_measurement,false,pdv_channel_2,automatic
0.00074703561499105087,341796874.88344526,337811356.58710885,261.80380135500934,261.80380135500934,208.97805352253562,208.97805352253562,candidate,refined,strongest_peak,1,measured,quality_gated_measurement,false,pdv_channel_2,automatic
0.00074703881499105197,341796874.88344526,340164110.57432288,263.62718569510025,263.62718569510025,210.42154652685866,210.42154652685866,candidate,refined,strongest_peak,1,measured,quality_gated_measurement,false,pdv_channel_2,automatic
0.00074704201499105306,341796874.88344526,342134608.93329692,265.15432192330513,265.15432192330513,211.63044994060994,211.63044994060994,candidate,refined,strongest_peak,1,measured,quality_gated_measurement,false,pdv_channel_2,automatic
0.00074704521499105415,341796874.88344526,342703845.06835073,265.59547992797184,265.59547992797184,211.97966643772489,211.97966643772489,candidate,refined,strongest_peak,1,measured,quality_gated_measurement,false,pdv_channel_2,automatic
0.00074704841499105524,341796874.88344526,342918177.44057852,265.76158751644834,265.76158751644834,212.11115439806801,212.11115439806801,candidate,refined,strongest_peak,1,measured,quality_gated_measurement,false,pdv_channel_2,automatic
0.00074705161499105633,341796874.88344526,344000463.87884605,266.60035950610569,266.60035950610569,212.77510184814625,212.77510184814625,candidate,refined,strongest_peak,1,measured,quality_gated_measurement,false,pdv_channel_2,automatic
0.00074705481499105742,341796874.88344526,345440313.04169792,267.71624260731591,267.71624260731591,213.65837583139552,213.65837583139552,candidate,refined,strongest_peak,1,measured,quality_gated_measurement,false,pdv_channel_2,automatic
0.00074705801499105851,341796874.88344526,346400171.17261422,268.46013265877599,268.46013265877599,214.24718303296635,214.24718303296635,candidate,refined,strongest_peak,1,measured,quality_gated_measurement,false,pdv_channel_2,automatic
0.0007470612149910596,351562499.88011509,347500606.56029403,269.31297008422786,269.31297008422786,214.92220829139714,214.92220829139714,candidate,refined,strongest_peak,1,measured,quality_gated_measurement,false,pdv_channel_2,automatic
0.0007470644149910607,351562499.88011509,349105324.31170434,270.55662634157085,270.55662634157085,215.90653728613316,215.90653728613316,candidate,refined,strongest_peak,1,measured,quality_gated_measurement,false,pdv_channel_2,automatic
0.00074706761499106179,351562499.88011509,350364272.71894222,271.53231135718022,271.53231135718022,216.67874643548399,216.67874643548399,candidate,refined,strongest_peak,1,measured,quality_gated_measurement,false,pdv_channel_2,automatic
0.00074707081499106288,351562499.88011509,350500103.47657788,271.63758019434783,271.63758019434783,216.76206044532654,216.76206044532654,candidate,refined,strongest_peak,1,measured,quality_gated_measurement,false,pdv_channel_2,automatic
0.00074707401499106397,351562499.88011509,350127431.03163886,271.34875904952014,271.34875904952014,216.5334750914059,216.5334750914059,candidate,refined,strongest_peak,1,measured,quality_gated_measurement,false,pdv_channel_2,automatic
0.00074707721499106506,351562499.88011509,350198505.30123943,271.40384160846054,271.40384160846054,216.57706992822833,216.57706992822833,candidate,refined,strongest_peak,1,measured,quality_gated_measurement,false,pdv_channel_2,automatic
0.00074708041499106615,351562499.88011509,351091252.22952598,272.09572047788265,272.09572047788265,217.12464808922289,217.12464808922289,candidate,refined,strongest_peak,1,measured,quality_gated_measurement,false,pdv_channel_2,automatic
0.00074708361499106724,351562499.88011509,351917696.77299911,272.73621499907432,272.73621499907432,217.63154862617037,217.63154862617037,candidate,refined,strongest_peak,1,measured,quality_gated_measurement,false,pdv_channel_2,automatic
0.00074708681499106833,351562499.88011509,351341381.67877436,272.2895708010501,272.2895708010501,217.27806625330987,217.27806625330987,candidate,refined,strongest_peak,1,measured,quality_gated_measurement,false,pdv_channel_2,automatic
0.00074709001499106943,351562499.88011509,350007023.69042969,271.25544336008301,271.25544336008301,216.4596206544596,216.4596206544596,candidate,refined,strongest_peak,1,measured,quality_gated_measurement,false,pdv_channel_2,automatic
0.00074709321499107052,351562499.88011509,350549467.74189663,271.67583749996987,271.67583749996987,216.79233875671895,216.79233875671895,candidate,refined,strongest_peak,1,measured,quality_gated_measurement,false,pdv_channel_2,automatic
0.00074709641499107161,351562499.88011509,352040676.47548324,272.83152426849949,272.83152426849949,217.70697750729539,217.70697750729539,candidate,refined,strongest_peak,1,measured,quality_gated_measurement,false,pdv_channel_2,automatic
0.0007470996149910727,351562499.88011509,351157576.57787478,272.14712184785293,272.14712184785293,217.16532855137115,217.16532855137115,candidate,refined,strongest_peak,1,measured,quality_gated_measurement,false,pdv_channel_2,automatic
0.00074710281499107379,351562499.88011509,349867907.58610308,271.1476283792299,271.1476283792299,216.37429053515504,216.37429053515504,candidate,refined,strongest_peak,1,measured,quality_gated_measurement,false,pdv_channel_2,automatic
0.00074710601499107488,351562499.88011509,349005801.29281545,270.47949600193198,270.47949600193198,215.84549124953881,215.84549124953881,candidate,refined,strongest_peak,1,measured,quality_gated_measurement,false,pdv_channel_2,automatic
0.00074710921499107597,341796874.88344526,345641916.49914968,267.87248528684103,267.87248528684103,213.78204685204096,213.78204685204096,candidate,refined,strongest_peak,1,measured,quality_gated_measurement,false,pdv_channel_2,automatic
0.00074711241499107706,341796874.88344526,342490789.28230846,265.43036169378905,265.43036169378905,211.84896096521129,211.84896096521129,candidate,refined,strongest_peak,1,measured,quality_gated_measurement,false,pdv_channel_2,automatic
0.00074711561499107816,341796874.88344526,339127575.68612695,262.8238711567484,262.8238711567484,209.78560794081875,209.78560794081875,candidate,refined,strongest_peak,1,measured,quality_gated_measurement,false,pdv_channel_2,automatic
0.00074711881499107925,332031249.88677537,334136168.89034867,258.95553089002021,258.95553089002021,206.7230381607618,206.7230381607618,candidate,refined,strongest_peak,1,measured,quality_gated_measurement,false,pdv_channel_2,automatic
0.00074712201499108034,332031249.88677537,328911938.6777249,254.9067524752368,254.9067524752368,203.51721333982385,203.51721333982385,candidate,refined,strongest_peak,1,measured,quality_gated_measurement,false,pdv_channel_2,automatic
0.00074712521499108143,322265624.89010555,320751733.47719252,248.5825934448242,248.5825934448242,198.50890290038728,198.50890290038728,candidate,refined,strongest_peak,1,measured,quality_gated_measurement,false,pdv_channel_2,automatic
0.00074712841499108252,312499999.89343566,311136112.52152473,241.13048720418166,241.13048720418166,192.60599049557595,192.60599049557595,candidate,refined,strongest_peak,1,measured,quality_gated_measurement,false,pdv_channel_2,automatic
0.00074713161499108361,302734374.89676577,302285970.52576268,234.27162715746607,234.27162715746607,187.17167499089086,187.17167499089086,candidate,refined,strongest_peak,1,measured,quality_gated_measurement,false,pdv_channel_2,automatic
0.0007471348149910847,292968749.90009594,295299783.24770027,228.85733201696772,228.85733201696772,182.8809771060335,182.8809771060335,candidate,refined,strongest_peak,1,measured,quality_gated_measurement,false,pdv_channel_2,automatic
0.00074713801499108579,292968749.90009594,290163982.74694085,224.87708662887917,224.87708662887917,179.72619910323351,179.72619910323351,candidate,refined,strongest_peak,1,measured,quality_gated_measurement,false,pdv_channel_2,automatic
0.00074714121499108688,283203124.90342605,286900481.65392566,222.34787328179237,222.34787328179237,177.72128461179008,177.72128461179008,candidate,refined,strongest_peak,1,measured,quality_gated_measurement,false,pdv_channel_2,automatic
0.00074714441499108798,283203124.90342605,287553784.59550464,222.8541830615161,222.8541830615161,178.12265269319923,178.12265269319923,candidate,refined,strongest_peak,1,measured,quality_gated_measurement,false,pdv_channel_2,automatic
0.00074714761499108907,292968749.90009594,288655190.17370725,223.70777238462313,223.70777238462313,178.79930354136798,178.79930354136798,candidate,refined,strongest_peak,1,measured,quality_gated_measurement,false,pdv_channel_2,automatic
0.00074715081499109016,292968749.90009594,291892157.11316419,226.21642176270225,226.21642176270225,180.78781879391647,180.78781879391647,candidate,refined,strongest_peak,1,measured,quality_gated_measurement,false,pdv_channel_2,automatic
0.00074715401499109125,292968749.90009594,296604593.36835206,229.86855986047283,229.86855986047283,183.68241333272462,183.68241333272462,candidate,refined,strongest_peak,1,measured,quality_gated_measurement,false,pdv_channel_2,automatic
0.00074715721499109234,292968749.90009594,295050871.55879396,228.66442545806532,228.66442545806532,182.72808808420331,182.72808808420331,candidate,refined,strongest_peak,1,measured,quality_gated_measurement,false,pdv_channel_2,automatic
0.00074716041499109343,292968749.90009594,289980001.21503651,224.73450094165329,224.73450094165329,179.61317596808701,179.61317596808701,candidate,refined,strongest_peak,1,measured,quality_gated_measurement,false,pdv_channel_2,automatic
0.00074716361499109452,283203124.90342605,283279551.01472217,219.54165203640969,219.54165203640969,175.49656622449811,175.49656622449811,candidate,refined,strongest_peak,1,measured,quality_gated_measurement,false,pdv_channel_2,automatic
0.00074716681499109561,273437499.90675622,278126005.78763884,215.54765448542011,215.54765448542011,172.32979867512753,172.32979867512753,candidate,refined,strongest_peak,1,measured,quality_gated_measurement,false,pdv_channel_2,automatic
0.00074717001499109671,273437499.90675622,272169823.25740278,210.93161302448715,210.93161302448715,168.66922381840635,168.66922381840635,candidate,refined,strongest_peak,1,measured,quality_gated_measurement,false,pdv_channel_2,automatic
0.0007471732149910978,273437499.90675622,268931943.34909368,208.4222560955476,208.4222560955476,166.67899970535794,166.67899970535794,candidate,refined,strongest_peak,1,measured,quality_gated_measurement,false,pdv_channel_2,automatic
0.00074717641499109889,263671874.91008633,267502243.7497015,207.31423890601866,207.31423890601866,165.80014541402321,165.80014541402321,candidate,refined,strongest_peak,1,measured,quality_gated_measurement,false,pdv_channel_2,automatic
0.00074717961499109998,263671874.91008633,267135877.90993977,207.03030538020332,207.03030538020332,165.57492954167975,165.57492954167975,candidate,refined,strongest_peak,1,measured,quality_gated_measurement,false,pdv_channel_2,automatic
0.00074718281499110107,263671874.91008633,266625949.14133146,206.63511058453187,206.63511058453187,165.26145709185246,165.26145709185246,candidate,refined,strongest_peak,1,measured,quality_gated_measurement,false,pdv_channel_2,automatic
0.00074718601499110216,263671874.91008633,267240332.82714337,207.11125794103611,207.11125794103611,165.63914131378169,165.63914131378169,candidate,refined,strongest_peak,1,measured,quality_gated_measurement,false,pdv_channel_2,automatic
0.00074718921499110325,263671874.91008633,268142942.3182531,207.81078029664616,207.81078029664616,166.19399561758195,166.19399561758195,candidate,refined,strongest_peak,1,measured,quality_gated_measurement,false,pdv_channel_2,automatic
0.00074719241499110434,263671874.91008633,267213997.33789253,207.09084793686671,207.09084793686671,165.6229520672419,165.6229520672419,candidate,refined,strongest_peak,1,measured,quality_gated_measurement,false,pdv_channel_2,automatic
0.00074719561499110544,263671874.91008633,264898775.75651625,205.29655121130008,205.29655121130008,164.19966187722059,164.19966187722059,candidate,refined,strongest_peak,1,measured,quality_gated_measurement,false,pdv_channel_2,automatic
0.00074719881499110653,263671874.91008633,263391728.62235588,204.12858968232581,204.12858968232581,163.27314486902037,163.27314486902037,candidate,refined,strongest_peak,1,measured,quality_gated_measurement,false,pdv_channel_2,automatic
0.00074720201499110762,263671874.91008633,261219408.08680052,202.4450412672704,202.4450412672704,161.93754808929685,161.93754808929685,candidate,refined,strongest_peak,1,measured,quality_gated_measurement,false,pdv_channel_2,automatic
0.00074720521499110871,253906249.91341648,252137286.45765033,195.40639700467901,195.40639700467901,156.35263812448824,156.35263812448824,candidate,refined,strongest_peak,1,measured,quality_gated_measurement,false,pdv_channel_2,automatic
0.0007472084149911098,507812499.82683295,nan,nan,nan,nan,nan,candidate,refined,strongest_peak,1,ambiguous_peak,ambiguous_peak,false,pdv_channel_2,automatic
0.00074721161499111089,507812499.82683295,nan,nan,nan,nan,nan,candidate,refined,strongest_peak,1,unstable_detection,unstable_detection,false,pdv_channel_2,automatic
0.00074721481499111198,234374999.92007673,nan,nan,nan,nan,nan,candidate,refined,strongest_peak,1,ambiguous_peak,ambiguous_peak,false,pdv_channel_2,automatic
0.00074721801499111307,253906249.91341648,249327703.27663907,193.22897003939528,193.22897003939528,154.62459708276077,154.62459708276077,candidate,refined,strongest_peak,1,measured,quality_gated_measurement,false,pdv_channel_2,automatic
0.00074722121499111417,253906249.91341648,251950968.15929872,195.2620003234565,195.2620003234565,156.23804750478828,156.23804750478828,candidate,refined,strongest_peak,1,measured,quality_gated_measurement,false,pdv_channel_2,automatic
0.00074722441499111526,253906249.91341648,252901947.01428443,195.99900893607042,195.99900893607042,156.82291707121044,156.82291707121044,candidate,refined,strongest_peak,1,measured,quality_gated_measurement,false,pdv_channel_2,automatic
0.00074722761499111635,253906249.91341648,255455171.5476293,197.97775794941271,197.97775794941271,158.39310831675203,158.39310831675203,candidate,refined,strongest_peak,1,measured,quality_gated_measurement,false,pdv_channel_2,automatic
0.00074723081499111744,263671874.91008633,260273979.55052558,201.71233415165733,201.71233415165733,161.35624667280663,161.35624667280663,candidate,refined,strongest_peak,1,measured,quality_gated_measurement,false,pdv_channel_2,automatic
0.00074723401499111853,273437499.90675622,270339228.48965043,209.51290207947909,209.51290207947909,167.54403813146769,167.54403813146769,candidate,refined,strongest_peak,1,measured,quality_gated_measurement,false,pdv_channel_2,automatic
0.00074723721499111962,292968749.90009594,288965982.88460404,223.94863673556813,223.94863673556813,178.99023586774049,178.99023586774049,candidate,refined,strongest_peak,1,measured,quality_gated_measurement,false,pdv_channel_2,automatic
0.00074724041499112071,312499999.89343566,nan,nan,nan,nan,nan,candidate,refined,strongest_peak,1,ambiguous_peak,ambiguous_peak,false,pdv_channel_2,automatic
0.0007472436149911218,312499999.89343566,nan,nan,nan,nan,nan,candidate,refined,strongest_peak,1,ambiguous_peak,ambiguous_peak,false,pdv_channel_2,automatic
0.0007472468149911229,292968749.90009594,294943298.14046282,228.58105605885868,228.58105605885868,182.66201293829411,182.66201293829411,candidate,refined,strongest_peak,1,measured,quality_gated_measurement,false,pdv_channel_2,automatic
0.00074725001499112399,292968749.90009594,288574083.04452556,223.64491435950731,223.64491435950731,178.74947592798907,178.74947592798907,candidate,refined,strongest_peak,1,measured,quality_gated_measurement,false,pdv_channel_2,automatic
0.00074725321499112508,283203124.90342605,287569745.3656776,222.86655265840014,222.86655265840014,178.13245837769688,178.13245837769688,candidate,refined,strongest_peak,1,measured,quality_gated_measurement,false,pdv_channel_2,automatic
0.00074725641499112617,292968749.90009594,290376830.2285049,225.0420434270913,225.0420434270913,179.85695437274495,179.85695437274495,candidate,refined,strongest_peak,1,measured,quality_gated_measurement,false,pdv_channel_2,automatic
0.00074725961499112726,283203124.90342605,279773298.9258762,216.82430666755405,216.82430666755405,173.34208471971507,173.34208471971507,candidate,refined,strongest_peak,1,measured,quality_gated_measurement,false,pdv_channel_2,automatic
0.00074726281499112835,253906249.91341648,257024815.62284949,199.19423210770836,199.19423210770836,159.35834974333869,159.35834974333869,candidate,refined,strongest_peak,1,measured,quality_gated_measurement,false,pdv_channel_2,automatic
0.00074726601499112944,263671874.91008633,262355810.76186603,203.32575334044617,203.32575334044617,162.63624807524471,162.63624807524471,candidate,refined,strongest_peak,1,measured,quality_gated_measurement,false,pdv_channel_2,automatic
0.00074726921499113053,292968749.90009594,294133738.30761439,227.95364718840113,227.95364718840113,182.16474821040748,182.16474821040748,candidate,refined,strongest_peak,1,measured,quality_gated_measurement,false,pdv_channel_2,automatic
0.00074727241499113162,312499999.89343566,309603266.48099029,239.94253152276747,239.94253152276747,191.66485794031075,191.66485794031075,candidate,refined,strongest_peak,1,measured,quality_gated_measurement,false,pdv_channel_2,automatic
0.00074727561499113272,302734374.89676577,303278381.21846217,235.04074544430819,235.04074544430819,187.7811162251505,187.7811162251505,candidate,refined,strongest_peak,1,measured,quality_gated_measurement,false,pdv_channel_2,automatic
0.00074727881499113381,478515624.83682334,nan,nan,nan,nan,nan,candidate,refined,strongest_peak,1,ambiguous_peak,ambiguous_peak,false,pdv_channel_2,automatic
0.0007472820149911349,537109374.81684256,nan,nan,nan,nan,nan,candidate,refined,strongest_peak,1,ambiguous_peak,ambiguous_peak,false,pdv_channel_2,automatic
0.00074728521499113599,585937499.80019188,nan,nan,nan,nan,nan,candidate,refined,strongest_peak,1,unstable_detection,unstable_detection,false,pdv_channel_2,automatic
0.00074728841499113708,546874999.81351244,nan,nan,nan,nan,nan,candidate,refined,strongest_peak,1,ambiguous_peak,ambiguous_peak,false,pdv_channel_2,automatic
0.00074729161499113817,488281249.83349323,nan,nan,nan,nan,nan,candidate,refined,strongest_peak,1,unstable_detection,unstable_detection,false,pdv_channel_2,automatic
0.00074729481499113926,449218749.84681374,nan,nan,nan,nan,nan,candidate,refined,strongest_peak,1,ambiguous_peak,ambiguous_peak,false,pdv_channel_2,automatic
0.00074729801499114035,478515624.83682334,475167982.64225149,368.25518654774493,368.25518654774493,293.12886458883719,293.12886458883719,candidate,refined,strongest_peak,1,measured,quality_gated_measurement,false,pdv_channel_2,automatic
0.00074730121499114145,488281249.83349323,485720558.18818122,376.43343259584043,376.43343259584043,299.58473398949951,299.58473398949951,candidate,refined,strongest_peak,1,measured,quality_gated_measurement,false,pdv_channel_2,automatic
0.00074730441499114254,498046874.83016306,499704704.72538084,387.27114616217017,387.27114616217017,308.13820691929305,308.13820691929305,candidate,refined,strongest_peak,1,measured,quality_gated_measurement,false,pdv_channel_2,automatic
0.00074730761499114363,488281249.83349323,490416110.60128814,380.07248571599831,380.07248571599831,302.45701437274403,302.45701437274403,candidate,refined,strongest_peak,1,measured,quality_gated_measurement,false,pdv_channel_2,automatic
0.00074731081499114472,478515624.83682334,nan,nan,nan,nan,nan,candidate,refined,strongest_peak,1,ambiguous_peak,ambiguous_peak,false,pdv_channel_2,automatic
0.00074731401499114581,507812499.82683295,511114149.25974947,396.11346567630585,396.11346567630585,315.11539401897039,315.11539401897039,candidate,refined,strongest_peak,1,measured,quality_gated_measurement,false,pdv_channel_2,automatic
0.0007473172149911469,507812499.82683295,508746391.43350464,394.27845336096607,394.27845336096607,313.66755138037047,313.66755138037047,candidate,refined,strongest_peak,1,measured,quality_gated_measurement,false,pdv_channel_2,automatic
0.00074732041499114799,507812499.82683295,506117633.12654722,392.24116567307408,392.24116567307408,312.06004675776785,312.06004675776785,candidate,refined,strongest_peak,1,measured,quality_gated_measurement,false,pdv_channel_2,automatic
0.00074732361499114908,507812499.82683295,508747304.09933358,394.27916067698351,394.27916067698351,313.66810947024493,313.66810947024493,candidate,refined,strongest_peak,1,measured,quality_gated_measurement,false,pdv_channel_2,automatic
0.00074732681499115018,517578124.82350278,519064055.87697941,402.27464330465904,402.27464330465904,319.97622247263968,319.97622247263968,candidate,refined,strongest_peak,1,measured,quality_gated_measurement,false,pdv_channel_2,automatic
0.00074733001499115127,517578124.82350278,517048618.9483062,400.71267968493731,400.71267968493731,318.74397768543969,318.74397768543969,candidate,refined,strongest_peak,1,measured,quality_gated_measurement,false,pdv_channel_2,automatic
0.00074733321499115236,488281249.83349323,485306672.65599549,376.1126713083965,376.1126713083965,299.33154835488926,299.33154835488926,candidate,refined,strongest_peak,1,measured,quality_gated_measurement,false,pdv_channel_2,automatic
0.00074733641499115345,488281249.83349323,486975944.74723077,377.40635717910385,377.40635717910385,300.3526790901355,300.3526790901355,candidate,refined,strongest_peak,1,measured,quality_gated_measurement,false,pdv_channel_2,automatic
0.00074733961499115454,498046874.83016306,499749851.38678437,387.30613482475786,387.30613482475786,308.16581789129208,308.16581789129208,candidate,refined,strongest_peak,1,measured,quality_gated_measurement,false,pdv_channel_2,automatic
0.00074734281499115563,498046874.83016306,497737063.48203439,385.74622419857667,385.74622419857667,306.93480928230252,306.93480928230252,candidate,refined,strongest_peak,1,measured,quality_gated_measurement,false,pdv_channel_2,automatic
0.00074734601499115672,488281249.83349323,491847104.29344088,381.18150582741669,381.18150582741669,303.33231162443525,303.33231162443525,candidate,refined,strongest_peak,1,measured,quality_gated_measurement,false,pdv_channel_2,automatic
0.00074734921499115781,488281249.83349323,485489977.76560634,376.25473276834492,376.25473276834492,299.44368155903709,299.44368155903709,candidate,refined,strongest_peak,1,measured,quality_gated_measurement,false,pdv_channel_2,automatic
0.00074735241499115891,468749999.84015346,472786097.66956955,366.40922569391643,366.40922569391643,291.67150995838341,291.67150995838341,candidate,refined,strongest_peak,1,measured,quality_gated_measurement,false,pdv_channel_2,automatic
0.00074735561499116,468749999.84015346,471007291.03113747,365.03065054913151,365.03065054913151,290.58310912498337,290.58310912498337,candidate,refined,strongest_peak,1,measured,quality_gated_measurement,false,pdv_channel_2,automatic
0.00074735881499116109,517578124.82350278,nan,nan,nan,nan,nan,candidate,refined,strongest_peak,1,ambiguous_peak,ambiguous_peak,false,pdv_channel_2,automatic
0.00074736201499116218,58593749.980019182,nan,nan,nan,nan,nan,candidate,boundary_peak,strongest_peak,1,ambiguous_peak,ambiguous_peak,false,pdv_channel_2,automatic
0.00074736521499116327,517578124.82350278,517002705.80578232,400.67709699948131,400.67709699948131,318.71590578036199,318.71590578036199,candidate,refined,strongest_peak,1,measured,quality_gated_measurement,false,pdv_channel_2,automatic
0.00074736841499116436,507812499.82683295,504951481.63025492,391.33739826344754,391.33739826344754,311.34691482379293,311.34691482379293,candidate,refined,strongest_peak,1,measured,quality_gated_measurement,false,pdv_channel_2,automatic
0.00074737161499116545,498046874.83016306,498680798.30436081,386.47761868587963,386.47761868587963,307.51199672384956,307.51199672384956,candidate,refined,strongest_peak,1,measured,quality_gated_measurement,false,pdv_channel_2,automatic
0.00074737481499116654,498046874.83016306,502427709.47000319,389.38147483925246,389.38147483925246,309.80351630363748,309.80351630363748,candidate,refined,strongest_peak,1,measured,quality_gated_measurement,false,pdv_channel_2,automatic
0.00074737801499116764,517578124.82350278,514200577.2948671,398.505447403522,398.505447403522,317.00260843076893,317.00260843076893,candidate,refined,strongest_peak,1,measured,quality_gated_measurement,false,pdv_channel_2,automatic
0.00074738121499116873,507812499.82683295,512416679.74664712,397.12292680365152,397.12292680365152,315.9118452416439,315.9118452416439,candidate,refined,strongest_peak,1,measured,quality_gated_measurement,false,pdv_channel_2,automatic
0.00074738441499116982,507812499.82683295,505263405.80785304,391.5791395010861,391.5791395010861,311.53766588323094,311.53766588323094,candidate,refined,strongest_peak,1,measured,quality_gated_measurement,false,pdv_channel_2,automatic
0.00074738761499117091,488281249.83349323,492410353.64988351,381.61802407865969,381.61802407865969,303.67682915508948,303.67682915508948,candidate,refined,strongest_peak,1,measured,quality_gated_measurement,false,pdv_channel_2,automatic
0.000747390814991172,498046874.83016306,498358422.89499682,386.22777774362254,386.22777774362254,307.31483319658031,307.31483319658031,candidate,refined,strongest_peak,1,measured,quality_gated_measurement,false,pdv_channel_2,automatic
0.00074739401499117309,517578124.82350278,514277451.70433444,398.56502507085918,398.56502507085918,317.04961254860046,317.04961254860046,candidate,refined,strongest_peak,1,measured,quality_gated_measurement,false,pdv_channel_2,automatic
0.00074739721499117418,517578124.82350278,513519790.52949876,397.97783766036156,397.97783766036156,316.5863453992323,316.5863453992323,candidate,refined,strongest_peak,1,measured,quality_gated_measurement,false,pdv_channel_2,automatic
0.00074740041499117527,507812499.82683295,507192660.7752617,393.0743121008278,393.0743121008278,312.71744215555765,312.71744215555765,candidate,refined,strongest_peak,1,measured,quality_gated_measurement,false,pdv_channel_2,automatic
0.00074740361499117636,498046874.83016306,499160734.24737298,386.84956904171406,386.84956904171406,307.80552171527523,307.80552171527523,candidate,refined,strongest_peak,1,measured,quality_gated_measurement,false,pdv_channel_2,automatic
0.00074740681499117746,498046874.83016306,494084068.46550894,382.9151530607694,382.9151530607694,304.70055578126818,304.70055578126818,candidate,refined,strongest_peak,1,measured,quality_gated_measurement,false,pdv_channel_2,automatic
0.00074741001499117855,498046874.83016306,497943562.57641047,385.90626099671812,385.90626099671812,307.06110472504781,307.06110472504781,candidate,refined,strongest_peak,1,measured,quality_gated_measurement,false,pdv_channel_2,automatic
0.00074741321499117964,498046874.83016306,494092553.77303571,382.92172917410267,382.92172917410267,304.70574574181046,304.70574574181046,candidate,refined,strongest_peak,1,measured,quality_gated_measurement,false,pdv_channel_2,automatic
0.00074741641499118073,488281249.83349323,485731803.57138109,376.44214776782036,376.44214776782036,299.59161308780199,299.59161308780199,candidate,refined,strongest_peak,1,measured,quality_gated_measurement,false,pdv_channel_2,automatic
0.00074741961499118182,488281249.83349323,489573157.56585693,379.4191971135391,379.4191971135391,301.94139470189111,301.94139470189111,candidate,refined,strongest_peak,1,measured,quality_gated_measurement,false,pdv_channel_2,automatic
0.00074742281499118291,488281249.83349323,nan,nan,nan,nan,nan,candidate,refined,strongest_peak,1,ambiguous_peak,ambiguous_peak,false,pdv_channel_2,automatic
0.000747426014991184,488281249.83349323,nan,nan,nan,nan,nan,candidate,refined,strongest_peak,1,ambiguous_peak,ambiguous_peak,false,pdv_channel_2,automatic
0.00074742921499118509,498046874.83016306,nan,nan,nan,nan,nan,candidate,refined,strongest_peak,1,ambiguous_peak,ambiguous_peak,false,pdv_channel_2,automatic
0.00074743241499118619,517578124.82350278,nan,nan,nan,nan,nan,candidate,refined,strongest_peak,1,ambiguous_peak,ambiguous_peak,false,pdv_channel_2,automatic
0.00074743561499118728,58593749.980019182,nan,nan,nan,nan,nan,candidate,boundary_peak,strongest_peak,1,ambiguous_peak,ambiguous_peak,false,pdv_channel_2,automatic
0.00074743881499118837,58593749.980019182,nan,nan,nan,nan,nan,candidate,boundary_peak,strongest_peak,1,ambiguous_peak,ambiguous_peak,false,pdv_channel_2,automatic
0.00074744201499118946,488281249.83349323,nan,nan,nan,nan,nan,candidate,refined,strongest_peak,1,ambiguous_peak,ambiguous_peak,false,pdv_channel_2,automatic
0.00074744521499119055,58593749.980019182,nan,nan,nan,nan,nan,candidate,boundary_peak,strongest_peak,1,ambiguous_peak,ambiguous_peak,false,pdv_channel_2,automatic
0.00074744841499119164,58593749.980019182,nan,nan,nan,nan,nan,candidate,boundary_peak,strongest_peak,1,peak_at_band_boundary,peak_at_band_boundary,false,pdv_channel_2,automatic
0.00074745161499119273,58593749.980019182,nan,nan,nan,nan,nan,candidate,boundary_peak,strongest_peak,1,peak_at_band_boundary,peak_at_band_boundary,false,pdv_channel_2,automatic
0.00074745481499119382,58593749.980019182,nan,nan,nan,nan,nan,candidate,boundary_peak,strongest_peak,1,peak_at_band_boundary,peak_at_band_boundary,false,pdv_channel_2,automatic
0.00074745801499119492,58593749.980019182,nan,nan,nan,nan,nan,candidate,boundary_peak,strongest_peak,1,ambiguous_peak,ambiguous_peak,false,pdv_channel_2,automatic
0.00074746121499119601,58593749.980019182,nan,nan,nan,nan,nan,candidate,boundary_peak,strongest_peak,1,peak_at_band_boundary,peak_at_band_boundary,false,pdv_channel_2,automatic
0.0007474644149911971,58593749.980019182,nan,nan,nan,nan,nan,candidate,boundary_peak,strongest_peak,1,peak_at_band_boundary,peak_at_band_boundary,false,pdv_channel_2,automatic
0.00074746761499119819,498046874.83016306,nan,nan,nan,nan,nan,candidate,refined,strongest_peak,1,ambiguous_peak,ambiguous_peak,false,pdv_channel_2,automatic
0.00074747081499119928,488281249.83349323,492993217.11779726,382.06974326629285,382.06974326629285,304.03334046596308,304.03334046596308,candidate,refined,strongest_peak,1,measured,quality_gated_measurement,false,pdv_channel_2,automatic
0.00074747401499120037,498046874.83016306,494996067.3891679,383.62195222660512,383.62195222660512,305.25836738067869,305.25836738067869,candidate,refined,strongest_peak,1,measured,quality_gated_measurement,false,pdv_channel_2,automatic
0.00074747721499120146,498046874.83016306,502026561.12419331,389.07058487124982,389.07058487124982,309.55819046553961,309.55819046553961,candidate,refined,strongest_peak,1,measured,quality_gated_measurement,false,pdv_channel_2,automatic
0.00074748041499120255,507812499.82683295,508137657.88283181,393.80668485919466,393.80668485919466,313.295312506176,313.295312506176,candidate,refined,strongest_peak,1,measured,quality_gated_measurement,false,pdv_channel_2,automatic
0.00074748361499120365,507812499.82683295,507158740.35742486,393.04802377700423,393.04802377700423,312.69669949019686,312.69669949019686,candidate,refined,strongest_peak,1,measured,quality_gated_measurement,false,pdv_channel_2,automatic
0.00074748681499120474,517578124.82350278,514738870.7738049,398.92262484969882,398.92262484969882,317.33174158749642,317.33174158749642,candidate,refined,strongest_peak,1,measured,quality_gated_measurement,false,pdv_channel_2,automatic
0.00074749001499120583,527343749.82017267,523278051.94517785,405.54049025751283,405.54049025751283,322.55254697739059,322.55254697739059,candidate,refined,strongest_peak,1,measured,quality_gated_measurement,false,pdv_channel_2,automatic
0.00074749321499120692,517578124.82350278,517936448.98676366,401.40074796474181,401.40074796474181,319.28680474452165,319.28680474452165,candidate,refined,strongest_peak,1,measured,quality_gated_measurement,false,pdv_channel_2,automatic
0.00074749641499120801,507812499.82683295,504337703.46773404,390.86172018749386,390.86172018749386,310.9715681102291,310.9715681102291,candidate,refined,strongest_peak,1,measured,quality_gated_measurement,false,pdv_channel_2,automatic
0.0007474996149912091,498046874.83016306,499401640.09618658,387.03627107454457,387.03627107454457,307.95285693677164,307.95285693677164,candidate,refined,strongest_peak,1,measured,quality_gated_measurement,false,pdv_channel_2,automatic
0.00074750281499121019,527343749.82017267,524979285.24517202,406.8589460650083,406.8589460650083,323.59258724063432,323.59258724063432,candidate,refined,strongest_peak,1,measured,quality_gated_measurement,false,pdv_channel_2,automatic
0.00074750601499121128,537109374.81684256,540682871.1482631,419.02922513990387,419.02922513990387,333.19160062175422,333.19160062175422,candidate,refined,strongest_peak,1,measured,quality_gated_measurement,false,pdv_channel_2,automatic
0.00074750921499121238,517578124.82350278,518469202.78469092,401.81363215813548,401.81363215813548,319.6125314174223,319.6125314174223,candidate,refined,strongest_peak,1,measured,quality_gated_measurement,false,pdv_channel_2,automatic
0.00074751241499121347,507812499.82683295,508371504.3062892,393.98791583737415,393.98791583737415,313.4383093764215,313.4383093764215,candidate,refined,strongest_peak,1,measured,quality_gated_measurement,false,pdv_channel_2,automatic
0.00074751561499121456,507812499.82683295,505522276.3607195,391.77976417955762,391.77976417955762,311.6959723148575,311.6959723148575,candidate,refined,strongest_peak,1,measured,quality_gated_measurement,false,pdv_channel_2,automatic
0.00074751881499121565,507812499.82683295,503447440.08175296,390.17176606335852,390.17176606335852,310.42713439935596,310.42713439935596,candidate,refined,strongest_peak,1,measured,quality_gated_measurement,false,pdv_channel_2,automatic
0.00074752201499121674,507812499.82683295,503985299.93360162,390.58860744854127,390.58860744854127,310.75605938861747,310.75605938861747,candidate,refined,strongest_peak,1,measured,quality_gated_measurement,false,pdv_channel_2,automatic
0.00074752521499121783,507812499.82683295,507196692.72517228,393.07743686200854,393.07743686200854,312.71990773137964,312.71990773137964,candidate,refined,strongest_peak,1,measured,quality_gated_measurement,false,pdv_channel_2,automatic
0.00074752841499121892,507812499.82683295,507957111.93079567,393.66676174636666,393.66676174636666,313.18490845545119,313.18490845545119,candidate,refined,strongest_peak,1,measured,quality_gated_measurement,false,pdv_channel_2,automatic
0.00074753161499122001,507812499.82683295,504355472.39778984,390.87549110828712,390.87549110828712,310.98243448216795,310.98243448216795,candidate,refined,strongest_peak,1,measured,quality_gated_measurement,false,pdv_channel_2,automatic
0.0007475348149912211,507812499.82683295,506294997.23816472,392.37862285957766,392.37862285957766,312.16850833830551,312.16850833830551,candidate,refined,strongest_peak,1,measured,quality_gated_measurement,false,pdv_channel_2,automatic
0.0007475380149912222,517578124.82350278,517349692.29889899,400.94601153164672,400.94601153164672,318.92805742391801,318.92805742391801,candidate,refined,strongest_peak,1,measured,quality_gated_measurement,false,pdv_channel_2,automatic
0.00074754121499122329,517578124.82350278,519754546.2743057,402.8097733625869,402.8097733625869,320.39838154862639,320.39838154862639,candidate,refined,strongest_peak,1,measured,quality_gated_measurement,false,pdv_channel_2,automatic
0.00074754441499122438,527343749.82017267,523854993.67715383,405.98762009979419,405.98762009979419,322.90526045235794,322.90526045235794,candidate,refined,strongest_peak,1,measured,quality_gated_measurement,false,pdv_channel_2,automatic
0.00074754761499122547,527343749.82017267,nan,nan,nan,nan,nan,candidate,refined,strongest_peak,1,ambiguous_peak,ambiguous_peak,false,pdv_channel_2,automatic
0.00074755081499122656,517578124.82350278,nan,nan,nan,nan,nan,candidate,refined,strongest_peak,1,ambiguous_peak,ambiguous_peak,false,pdv_channel_2,automatic
0.00074755401499122765,507812499.82683295,511950404.70348305,396.76156364519937,396.76156364519937,315.62673649044706,315.62673649044706,candidate,refined,strongest_peak,1,measured,quality_gated_measurement,false,pdv_channel_2,automatic
0.00074755721499122874,498046874.83016306,502791189.31561685,389.66317171960304,389.66317171960304,310.02580424843342,310.02580424843342,candidate,refined,strongest_peak,1,measured,quality_gated_measurement,false,pdv_channel_2,automatic
0.00074756041499122983,507812499.82683295,506101785.06336713,392.22888342410954,392.22888342410954,312.05035534581634,312.05035534581634,candidate,refined,strongest_peak,1,measured,quality_gated_measurement,false,pdv_channel_2,automatic
0.00074756361499123093,507812499.82683295,505602439.53546959,391.84189063998895,391.84189063998895,311.74499415648148,311.74499415648148,candidate,refined,strongest_peak,1,measured,quality_gated_measurement,false,pdv_channel_2,automatic
0.00074756681499123202,498046874.83016306,499367135.52050573,387.00953002839191,387.00953002839191,307.93175437446547,307.93175437446547,candidate,refined,strongest_peak,1,measured,quality_gated_measurement,false,pdv_channel_2,automatic
0.00074757001499123311,498046874.83016306,500432756.91176814,387.83538660662032,387.83538660662032,308.58346943329275,308.58346943329275,candidate,refined,strongest_peak,1,measured,quality_gated_measurement,false,pdv_channel_2,automatic
0.0007475732149912342,507812499.82683295,503077759.54768139,389.88526364945307,389.88526364945307,310.20105679959846,310.20105679959846,candidate,refined,strongest_peak,1,measured,quality_gated_measurement,false,pdv_channel_2,automatic
0.00074757641499123529,507812499.82683295,504111825.54234082,390.68666479531413,390.68666479531413,310.83343495281832,310.83343495281832,candidate,refined,strongest_peak,1,measured,quality_gated_measurement,false,pdv_channel_2,automatic
0.00074757961499123638,498046874.83016306,502127621.84154123,389.14890692719445,389.14890692719445,309.61999519733706,309.61999519733706,candidate,refined,strongest_peak,1,measured,quality_gated_measurement,false,pdv_channel_2,automatic
0.00074758281499123747,507812499.82683295,504365448.26671183,390.88322240670169,390.88322240670169,310.98853510146984,310.98853510146984,candidate,refined,strongest_peak,1,measured,quality_gated_measurement,false,pdv_channel_2,automatic
0.00074758601499123856,507812499.82683295,506797735.09382522,392.76824469771452,392.76824469771452,312.47594055600541,312.47594055600541,candidate,refined,strongest_peak,1,measured,quality_gated_measurement,false,pdv_channel_2,automatic
0.00074758921499123966,507812499.82683295,504078321.26738769,390.66069898222543,390.66069898222543,310.81294573927522,310.81294573927522,candidate,refined,strongest_peak,1,measured,quality_gated_measurement,false,pdv_channel_2,automatic
0.00074759241499124075,498046874.83016306,502592615.80692917,389.50927725037008,389.50927725037008,309.90436577449651,309.90436577449651,candidate,refined,strongest_peak,1,measured,quality_gated_measurement,false,pdv_channel_2,automatic
0.00074759561499124184,507812499.82683295,504055525.08073628,390.64303193757064,390.64303193757064,310.79900494662087,310.79900494662087,candidate,refined,strongest_peak,1,measured,quality_gated_measurement,false,pdv_channel_2,automatic
0.00074759881499124293,507812499.82683295,505129185.31168205,391.47511861655357,391.47511861655357,311.45558611272287,311.45558611272287,candidate,refined,strongest_peak,1,measured,quality_gated_measurement,false,pdv_channel_2,automatic
0.00074760201499124402,507812499.82683295,503245082.53262913,390.0149389627876,390.0149389627876,310.30338309946501,310.30338309946501,candidate,refined,strongest_peak,1,measured,quality_gated_measurement,false,pdv_channel_2,automatic
0.00074760521499124511,507812499.82683295,506484571.49480265,392.52554290847206,392.52554290847206,312.28443631392037,312.28443631392037,candidate,refined,strongest_peak,1,measured,quality_gated_measurement,false,pdv_channel_2,automatic
0.0007476084149912462,507812499.82683295,nan,nan,nan,nan,nan,candidate,refined,strongest_peak,1,ambiguous_peak,ambiguous_peak,false,pdv_channel_2,automatic
0.00074761161499124729,507812499.82683295,nan,nan,nan,nan,nan,candidate,refined,strongest_peak,1,unstable_detection,unstable_detection,false,pdv_channel_2,automatic
0.00074761481499124839,507812499.82683295,nan,nan,nan,nan,nan,candidate,refined,strongest_peak,1,ambiguous_peak,ambiguous_peak,false,pdv_channel_2,automatic
0.00074761801499124948,58593749.980019182,nan,nan,nan,nan,nan,candidate,boundary_peak,strongest_peak,1,peak_at_band_boundary,peak_at_band_boundary,false,pdv_channel_2,automatic
0.00074762121499125057,58593749.980019182,nan,nan,nan,nan,nan,candidate,boundary_peak,strongest_peak,1,ambiguous_peak,ambiguous_peak,false,pdv_channel_2,automatic
0.00074762441499125166,58593749.980019182,nan,nan,nan,nan,nan,candidate,boundary_peak,strongest_peak,1,peak_at_band_boundary,peak_at_band_boundary,false,pdv_channel_2,automatic
0.00074762761499125275,58593749.980019182,nan,nan,nan,nan,nan,candidate,boundary_peak,strongest_peak,1,ambiguous_peak,ambiguous_peak,false,pdv_channel_2,automatic
0.00074763081499125384,507812499.82683295,509257143.08230025,394.67428588878266,394.67428588878266,313.97987177598208,313.97987177598208,candidate,refined,strongest_peak,1,measured,quality_gated_measurement,false,pdv_channel_2,automatic
0.00074763401499125493,498046874.83016306,500096717.03294069,387.57495570052902,387.57495570052902,308.37795465955702,308.37795465955702,candidate,refined,strongest_peak,1,measured,quality_gated_measurement,false,pdv_channel_2,automatic
0.00074763721499125602,498046874.83016306,498186391.14158529,386.09445313472861,386.09445313472861,307.20961882765243,307.20961882765243,candidate,refined,strongest_peak,1,measured,quality_gated_measurement,false,pdv_channel_2,automatic
0.00074764041499125712,498046874.83016306,502407129.92442417,389.36552569142873,389.36552569142873,309.79093073863129,309.79093073863129,candidate,refined,strongest_peak,1,measured,quality_gated_measurement,false,pdv_channel_2,automatic
0.00074764361499125821,507812499.82683295,506774489.5509963,392.75022940202211,392.75022940202211,312.46172559094595,312.46172559094595,candidate,refined,strongest_peak,1,measured,quality_gated_measurement,false,pdv_channel_2,automatic
0.0007476468149912593,507812499.82683295,509468753.09724635,394.8382836503659,394.8382836503659,314.10926879174303,314.10926879174303,candidate,refined,strongest_peak,1,measured,quality_gated_measurement,false,pdv_channel_2,automatic
0.00074765001499126039,507812499.82683295,508004285.57953173,393.70332132413711,393.70332132413711,313.21375522523505,313.21375522523505,candidate,refined,strongest_peak,1,measured,quality_gated_measurement,false,pdv_channel_2,automatic
0.00074765321499126148,507812499.82683295,505811761.06163251,392.00411482276519,392.00411482276519,311.87299934901466,311.87299934901466,candidate,refined,strongest_peak,1,measured,quality_gated_measurement,false,pdv_channel_2,automatic
0.00074765641499126257,507812499.82683295,504428109.21007061,390.9317846378047,390.9317846378047,311.02685460404183,311.02685460404183,candidate,refined,strongest_peak,1,measured,quality_gated_measurement,false,pdv_channel_2,automatic
0.00074765961499126366,507812499.82683295,508097273.95711166,393.77538731676151,393.77538731676151,313.27061771855875,313.27061771855875,candidate,refined,strongest_peak,1,measured,quality_gated_measurement,false,pdv_channel_2,automatic
0.00074766281499126475,507812499.82683295,509586525.05774838,394.92955691975499,394.92955691975499,314.18128475864012,314.18128475864012,candidate,refined,strongest_peak,1,measured,quality_gated_measurement,false,pdv_channel_2,automatic
0.00074766601499126584,507812499.82683295,508172535.50443375,393.83371501593615,393.83371501593615,313.31664017355001,313.31664017355001,candidate,refined,strongest_peak,1,measured,quality_gated_measurement,false,pdv_channel_2,automatic
0.00074766921499126694,507812499.82683295,506316975.86128497,392.39565629249586,392.39565629249586,312.18194866922329,312.18194866922329,candidate,refined,strongest_peak,1,measured,quality_gated_measurement,false,pdv_channel_2,automatic
0.00074767241499126803,507812499.82683295,504072413.49160099,390.65612045599079,390.65612045599079,310.80933289528349,310.80933289528349,candidate,refined,strongest_peak,1,measured,quality_gated_measurement,false,pdv_channel_2,automatic
0.00074767561499126912,517578124.82350278,517077012.77140439,400.73468489783841,400.73468489783841,318.76133803573015,318.76133803573015,candidate,refined,strongest_peak,1,measured,quality_gated_measurement,false,pdv_channel_2,automatic
0.00074767881499127021,527343749.82017267,524642268.25297761,406.59775789605766,406.59775789605766,323.38655582683742,323.38655582683742,candidate,refined,strongest_peak,1,measured,quality_gated_measurement,false,pdv_channel_2,automatic
0.0007476820149912713,517578124.82350278,515892683.95761716,399.81683006715332,399.81683006715332,318.03721745526246,318.03721745526246,candidate,refined,strongest_peak,1,measured,quality_gated_measurement,false,pdv_channel_2,automatic
0.00074768521499127239,507812499.82683295,510773875.65827733,395.84975363516492,395.84975363516492,314.90732603296271,314.90732603296271,candidate,refined,strongest_peak,1,measured,quality_gated_measurement,false,pdv_channel_2,automatic
0.00074768841499127348,507812499.82683295,506793428.94885379,392.76490743536169,392.76490743536169,312.47330729029159,312.47330729029159,candidate,refined,strongest_peak,1,measured,quality_gated_measurement,false,pdv_channel_2,automatic
0.00074769161499127457,507812499.82683295,505379560.20673871,391.66915916022248,391.66915916022248,311.60869756099902,311.60869756099902,candidate,refined,strongest_peak,1,measured,quality_gated_measurement,false,pdv_channel_2,automatic
0.00074769481499127567,507812499.82683295,506784112.22134602,392.75768697154314,392.75768697154314,312.4676099851664,312.4676099851664,candidate,refined,strongest_peak,1,measured,quality_gated_measurement,false,pdv_channel_2,automatic
0.00074769801499127676,507812499.82683295,512515790.26011479,397.19973745158893,397.19973745158893,315.97244712732999,315.97244712732999,candidate,refined,strongest_peak,1,measured,quality_gated_measurement,false,pdv_channel_2,automatic
0.00074770121499127785,517578124.82350278,514492591.1263237,398.73175812290089,398.73175812290089,317.18115717146628,317.18115717146628,candidate,refined,strongest_peak,1,measured,quality_gated_measurement,false,pdv_channel_2,automatic
0.00074770441499127894,507812499.82683295,509650286.44888306,394.97897199788434,394.97897199788434,314.22027393320036,314.22027393320036,candidate,refined,strongest_peak,1,measured,quality_gated_measurement,false,pdv_channel_2,automatic
0.00074770761499128003,507812499.82683295,507520634.96194685,393.32849209550881,393.32849209550881,312.91800097343486,312.91800097343486,candidate,refined,strongest_peak,1,measured,quality_gated_measurement,false,pdv_channel_2,automatic
0.00074771081499128112,507812499.82683295,511092897.705975,396.0969957221306,396.0969957221306,315.10239930925485,315.10239930925485,candidate,refined,strongest_peak,1,measured,quality_gated_measurement,false,pdv_channel_2,automatic
0.00074771401499128221,507812499.82683295,511968394.64813191,396.77550585230222,396.77550585230222,315.63773666971127,315.63773666971127,candidate,refined,strongest_peak,1,measured,quality_gated_measurement,false,pdv_channel_2,automatic
0.0007477172149912833,507812499.82683295,511442654.50571966,396.36805724193272,396.36805724193272,315.31626490033443,315.31626490033443,candidate,refined,strongest_peak,1,measured,quality_gated_measurement,false,pdv_channel_2,automatic
0.0007477204149912844,507812499.82683295,511307591.0792166,396.26338308639288,396.26338308639288,315.23367788606322,315.23367788606322,candidate,refined,strongest_peak,1,measured,quality_gated_measurement,false,pdv_channel_2,automatic
0.00074772361499128549,507812499.82683295,509307086.21874219,394.7129918195252,394.7129918195252,314.01041145164407,314.01041145164407,candidate,refined,strongest_peak,1,measured,quality_gated_measurement,false,pdv_channel_2,automatic
0.00074772681499128658,507812499.82683295,510523339.49701923,395.65558811018991,395.65558811018991,314.75412930693778,314.75412930693778,candidate,refined,strongest_peak,1,measured,quality_gated_measurement,false,pdv_channel_2,automatic
0.00074773001499128767,507812499.82683295,510852594.73764729,395.91076092167663,395.91076092167663,314.95546069463592,314.95546069463592,candidate,refined,strongest_peak,1,measured,quality_gated_measurement,false,pdv_channel_2,automatic
0.00074773321499128876,507812499.82683295,511538928.39035642,396.4426695025262,396.4426695025262,315.37513322719889,315.37513322719889,candidate,refined,strongest_peak,1,measured,quality_gated_measurement,false,pdv_channel_2,automatic
0.00074773641499128985,517578124.82350278,513522394.7832424,397.97985595701289,397.97985595701289,316.58793776336245,316.58793776336245,candidate,refined,strongest_peak,1,measured,quality_gated_measurement,false,pdv_channel_2,automatic
0.00074773961499129094,507812499.82683295,511768152.75914145,396.62031838833462,396.62031838833462,315.51529605449724,315.51529605449724,candidate,refined,strongest_peak,1,measured,quality_gated_measurement,false,pdv_channel_2,automatic
0.00074774281499129203,517578124.82350278,513238159.00665951,397.7595732301611,397.7595732301611,316.41414215141634,316.41414215141634,candidate,refined,strongest_peak,1,measured,quality_gated_measurement,false,pdv_channel_2,automatic
0.00074774601499129313,517578124.82350278,513203435.49891871,397.732662511662,397.732662511662,316.3929104517216,316.3929104517216,candidate,refined,strongest_peak,1,measured,quality_gated_measurement,false,pdv_channel_2,automatic
0.00074774921499129422,517578124.82350278,513527612.53610039,397.98389971547778,397.98389971547778,316.5911281444811,316.5911281444811,candidate,refined,strongest_peak,1,measured,quality_gated_measurement,false,pdv_channel_2,automatic
0.00074775241499129531,517578124.82350278,517381049.96916437,400.9703137261024,400.9703137261024,318.94722981669366,318.94722981669366,candidate,refined,strongest_peak,1,measured,quality_gated_measurement,false,pdv_channel_2,automatic
0.0007477556149912964,517578124.82350278,513108933.51317471,397.65942347271039,397.65942347271039,316.33512712325262,316.33512712325262,candidate,refined,strongest_peak,1,measured,quality_gated_measurement,false,pdv_channel_2,automatic
0.00074775881499129749,507812499.82683295,511922908.14356995,396.74025381126671,396.74025381126671,315.60992336487698,315.60992336487698,candidate,refined,strongest_peak,1,measured,quality_gated_measurement,false,pdv_channel_2,automatic
0.00074776201499129858,517578124.82350278,514337945.92437065,398.61190809138725,398.61190809138725,317.08660111673839,317.08660111673839,candidate,refined,strongest_peak,1,measured,quality_gated_measurement,false,pdv_channel_2,automatic
0.00074776521499129967,507812499.82683295,510462487.46617204,395.6084277862833,395.6084277862833,314.71691968753231,314.71691968753231,candidate,refined,strongest_peak,1,measured,quality_gated_measurement,false,pdv_channel_2,automatic
0.00074776841499130076,507812499.82683295,510688756.27894765,395.78378611618444,395.78378611618444,314.85527768652565,314.85527768652565,candidate,refined,strongest_peak,1,measured,quality_gated_measurement,false,pdv_channel_2,automatic
0.00074777161499130186,507812499.82683295,512476244.10659444,397.16908918261066,397.16908918261066,315.94826633914676,315.94826633914676,candidate,refined,strongest_peak,1,measured,quality_gated_measurement,false,pdv_channel_2,automatic
0.00074777481499130295,507812499.82683295,507511245.49720961,393.32121526033745,393.32121526033745,312.91225925601634,312.91225925601634,candidate,refined,strongest_peak,1,measured,quality_gated_measurement,false,pdv_channel_2,automatic
0.00074777801499130404,507812499.82683295,507996346.69467443,393.6971686883727,393.6971686883727,313.20890058461612,313.20890058461612,candidate,refined,strongest_peak,1,measured,quality_gated_measurement,false,pdv_channel_2,automatic
0.00074778121499130513,517578124.82350278,519290996.43226999,402.45052223500926,402.45052223500926,320.1149722164165,320.1149722164165,candidate,refined,strongest_peak,1,measured,quality_gated_measurement,false,pdv_channel_2,automatic
0.00074778441499130622,517578124.82350278,514308733.00127834,398.58926807599073,398.58926807599073,317.06873918007392,317.06873918007392,candidate,refined,strongest_peak,1,measured,quality_gated_measurement,false,pdv_channel_2,automatic
0.00074778761499130731,507812499.82683295,503526551.30485106,390.23307726125955,390.23307726125955,310.47551457738069,310.47551457738069,candidate,refined,strongest_peak,1,measured,quality_gated_measurement,false,pdv_channel_2,automatic
0.0007477908149913084,498046874.83016306,501766189.04700798,388.86879651143119,388.86879651143119,309.39895674618566,309.39895674618566,candidate,refined,strongest_peak,1,measured,quality_gated_measurement,false,pdv_channel_2,automatic
0.00074779401499130949,507812499.82683295,508545828.72309995,394.12301726040243,394.12301726040243,313.54490824408884,313.54490824408884,candidate,refined,strongest_peak,1,measured,quality_gated_measurement,false,pdv_channel_2,automatic
0.00074779721499131058,517578124.82350278,nan,nan,nan,nan,nan,candidate,refined,strongest_peak,1,ambiguous_peak,ambiguous_peak,false,pdv_channel_2,automatic
0.00074780041499131168,58593749.980019182,nan,nan,nan,nan,nan,candidate,boundary_peak,strongest_peak,1,ambiguous_peak,ambiguous_peak,false,pdv_channel_2,automatic
0.00074780361499131277,58593749.980019182,nan,nan,nan,nan,nan,candidate,boundary_peak,strongest_peak,1,ambiguous_peak,ambiguous_peak,false,pdv_channel_2,automatic
0.00074780681499131386,527343749.82017267,nan,nan,nan,nan,nan,candidate,refined,strongest_peak,1,ambiguous_peak,ambiguous_peak,false,pdv_channel_2,automatic
0.00074781001499131495,58593749.980019182,nan,nan,nan,nan,nan,candidate,boundary_peak,strongest_peak,1,ambiguous_peak,ambiguous_peak,false,pdv_channel_2,automatic
0.00074781321499131604,498046874.83016306,nan,nan,nan,nan,nan,candidate,refined,strongest_peak,1,ambiguous_peak,ambiguous_peak,false,pdv_channel_2,automatic
0.00074781641499131713,507812499.82683295,504970645.31273043,391.35225011736605,391.35225011736605,311.35863402251186,311.35863402251186,candidate,refined,strongest_peak,1,measured,quality_gated_measurement,false,pdv_channel_2,automatic
0.00074781961499131822,507812499.82683295,504566744.36841047,391.03922688551813,391.03922688551813,311.11163503233411,311.11163503233411,candidate,refined,strongest_peak,1,measured,quality_gated_measurement,false,pdv_channel_2,automatic
0.00074782281499131931,507812499.82683295,504950508.93994367,391.33664442845634,391.33664442845634,311.34631999276672,311.34631999276672,candidate,refined,strongest_peak,1,measured,quality_gated_measurement,false,pdv_channel_2,automatic
0.00074782601499132041,517578124.82350278,517005565.82341892,400.67931351314968,400.67931351314968,318.71765443372385,318.71765443372385,candidate,refined,strongest_peak,1,measured,quality_gated_measurement,false,pdv_channel_2,automatic
0.0007478292149913215,517578124.82350278,513159707.91328722,397.69877363279761,397.69877363279761,316.36617318901989,316.36617318901989,candidate,refined,strongest_peak,1,measured,quality_gated_measurement,false,pdv_channel_2,automatic
0.00074783241499132259,488281249.83349323,nan,nan,nan,nan,nan,candidate,refined,strongest_peak,1,ambiguous_peak,ambiguous_peak,false,pdv_channel_2,automatic
0.00074783561499132368,498046874.83016306,495471076.1430642,383.99008401087474,383.99008401087474,305.54889661371988,305.54889661371988,candidate,refined,strongest_peak,1,measured,quality_gated_measurement,false,pdv_channel_2,automatic
0.00074783881499132477,507812499.82683295,503539941.34873307,390.24345454526815,390.24345454526815,310.48370320338665,310.48370320338665,candidate,refined,strongest_peak,1,measured,quality_gated_measurement,false,pdv_channel_2,automatic
0.00074784201499132586,507812499.82683295,506394663.24089366,392.4558640116926,392.4558640116926,312.2294558875646,312.2294558875646,candidate,refined,strongest_peak,1,measured,quality_gated_measurement,false,pdv_channel_2,automatic
0.00074784521499132695,507812499.82683295,505225274.65673828,391.54958785897219,391.54958785897219,311.51434758400444,311.51434758400444,candidate,refined,strongest_peak,1,measured,quality_gated_measurement,false,pdv_channel_2,automatic
0.00074784841499132804,498046874.83016306,nan,nan,nan,nan,nan,candidate,refined,strongest_peak,1,ambiguous_peak,ambiguous_peak,false,pdv_channel_2,automatic
0.00074785161499132914,498046874.83016306,501564499.31568736,388.71248696965768,388.71248696965768,309.27561046546373,309.27561046546373,candidate,refined,strongest_peak,1,measured,quality_gated_measurement,false,pdv_channel_2,automatic
0.00074785481499133023,498046874.83016306,500677428.50249964,388.02500708943722,388.02500708943722,308.73310461211423,308.73310461211423,candidate,refined,strongest_peak,1,measured,quality_gated_measurement,false,pdv_channel_2,automatic
0.00074785801499133132,498046874.83016306,497766859.29597706,385.76931595438219,385.76931595438219,306.95303251471773,306.95303251471773,candidate,refined,strongest_peak,1,measured,quality_gated_measurement,false,pdv_channel_2,automatic
0.00074786121499133241,498046874.83016306,496800827.10460973,385.02064100607254,385.02064100607254,306.36219901624429,306.36219901624429,candidate,refined,strongest_peak,1,measured,quality_gated_measurement,false,pdv_channel_2,automatic
0.0007478644149913335,498046874.83016306,494206203.00975907,383.0098073325633,383.0098073325633,304.77525818489494,304.77525818489494,candidate,refined,strongest_peak,1,measured,quality_gated_measurement,false,pdv_channel_2,automatic
0.00074786761499133459,498046874.83016306,497200732.45571923,385.33056765318241,385.33056765318241,306.6067856694383,306.6067856694383,candidate,refined,strongest_peak,1,measured,quality_gated_measurement,false,pdv_channel_2,automatic
0.00074787081499133568,507812499.82683295,504691716.5131287,391.13608029767471,391.13608029767471,311.18805986846832,311.18805986846832,candidate,refined,strongest_peak,1,measured,quality_gated_measurement,false,pdv_channel_2,automatic
0.00074787401499133677,517578124.82350278,513694502.88301951,398.11323973434014,398.11323973434014,316.69317266338436,316.69317266338436,candidate,refined,strongest_peak,1,measured,quality_gated_measurement,false,pdv_channel_2,automatic
0.00074787721499133787,507812499.82683295,nan,nan,nan,nan,nan,candidate,refined,strongest_peak,1,ambiguous_peak,ambiguous_peak,false,pdv_channel_2,automatic
0.00074788041499133896,498046874.83016306,502758244.8040157,389.63763972311216,389.63763972311216,310.00565691943876,310.00565691943876,candidate,refined,strongest_peak,1,measured,quality_gated_measurement,false,pdv_channel_2,automatic
0.00074788361499134005,498046874.83016306,494169449.07026941,382.98132302945879,382.98132302945879,304.75277801194727,304.75277801194727,candidate,refined,strongest_peak,1,measured,quality_gated_measurement,false,pdv_channel_2,automatic
0.00074788681499134114,498046874.83016306,493714104.34223145,382.62843086522935,382.62843086522935,304.47426990686205,304.47426990686205,candidate,refined,strongest_peak,1,measured,quality_gated_measurement,false,pdv_channel_2,automatic
0.00074789001499134223,507812499.82683295,503836434.0749194,390.47323640806252,390.47323640806252,310.66502164750977,310.66502164750977,candidate,refined,strongest_peak,1,measured,quality_gated_measurement,false,pdv_channel_2,automatic
0.00074789321499134332,488281249.83349323,490090697.05256414,379.8202902157372,379.8202902157372,302.25796544205656,302.25796544205656,candidate,refined,strongest_peak,1,measured,quality_gated_measurement,false,pdv_channel_2,automatic
0.00074789641499134441,478515624.83682334,nan,nan,nan,nan,nan,candidate,refined,strongest_peak,1,ambiguous_peak,ambiguous_peak,false,pdv_channel_2,automatic
0.0007478996149913455,58593749.980019182,nan,nan,nan,nan,nan,candidate,boundary_peak,strongest_peak,1,ambiguous_peak,ambiguous_peak,false,pdv_channel_2,automatic
0.0007479028149913466,58593749.980019182,nan,nan,nan,nan,nan,candidate,boundary_peak,strongest_peak,1,ambiguous_peak,ambiguous_peak,false,pdv_channel_2,automatic
0.00074790601499134769,507812499.82683295,nan,nan,nan,nan,nan,candidate,refined,strongest_peak,1,ambiguous_peak,ambiguous_peak,false,pdv_channel_2,automatic
0.00074790921499134878,507812499.82683295,nan,nan,nan,nan,nan,candidate,refined,strongest_peak,1,ambiguous_peak,ambiguous_peak,false,pdv_channel_2,automatic
0.00074791241499134987,498046874.83016306,493603143.6387251,382.54243632001197,382.54243632001197,304.40640132582951,304.40640132582951,candidate,refined,strongest_peak,1,measured,quality_gated_measurement,false,pdv_channel_2,automatic
0.00074791561499135096,488281249.83349323,488859906.61355156,378.86642762550247,378.86642762550247,301.50510584784706,301.50510584784706,candidate,refined,strongest_peak,1,measured,quality_gated_measurement,false,pdv_channel_2,automatic
0.00074791881499135205,498046874.83016306,496434014.29439014,384.73636107815236,384.73636107815236,306.13785071724078,306.13785071724078,candidate,refined,strongest_peak,1,measured,quality_gated_measurement,false,pdv_channel_2,automatic
0.00074792201499135314,507812499.82683295,503227651.96169454,390.00143027031328,390.00143027031328,310.29272345428552,310.29272345428552,candidate,refined,strongest_peak,1,measured,quality_gated_measurement,false,pdv_channel_2,automatic
0.00074792521499135423,507812499.82683295,503834554.74071485,390.47177992405398,390.47177992405398,310.66387235409792,310.66387235409792,candidate,refined,strongest_peak,1,measured,quality_gated_measurement,false,pdv_channel_2,automatic
0.00074792841499135532,507812499.82683295,505982713.4736656,392.1366029420908,392.1366029420908,311.97754057496456,311.97754057496456,candidate,refined,strongest_peak,1,measured,quality_gated_measurement,false,pdv_channel_2,automatic
0.00074793161499135642,507812499.82683295,509480855.2830146,394.8476628443363,394.8476628443363,314.11666912155886,314.11666912155886,candidate,refined,strongest_peak,1,measured,quality_gated_measurement,false,pdv_channel_2,automatic
0.00074793481499135751,507812499.82683295,507817626.1225276,393.5586602449589,393.5586602449589,313.09961250803883,313.09961250803883,candidate,refined,strongest_peak,1,measured,quality_gated_measurement,false,pdv_channel_2,automatic
0.0007479380149913586,498046874.83016306,502403308.59684354,389.36256416255372,389.36256416255372,309.78859377856247,309.78859377856247,candidate,refined,strongest_peak,1,measured,quality_gated_measurement,false,pdv_channel_2,automatic
0.00074794121499135969,498046874.83016306,497759385.35024714,385.76352364644151,385.76352364644151,306.94846142210338,306.94846142210338,candidate,refined,strongest_peak,1,measured,quality_gated_measurement,false,pdv_channel_2,automatic
0.00074794441499136078,498046874.83016306,499788579.65266287,387.3361492308137,387.3361492308137,308.18950345951976,308.18950345951976,candidate,refined,strongest_peak,1,measured,quality_gated_measurement,false,pdv_channel_2,automatic
0.00074794761499136187,498046874.83016306,502426750.87852287,389.38073193085523,389.38073193085523,309.80293007040837,309.80293007040837,candidate,refined,strongest_peak,1,measured,quality_gated_measurement,false,pdv_channel_2,automatic
0.00074795081499136296,507812499.82683295,504055775.36674911,390.64322590923058,390.64322590923058,310.7991580066963,310.7991580066963,candidate,refined,strongest_peak,1,measured,quality_gated_measurement,false,pdv_channel_2,automatic
0.00074795401499136405,507812499.82683295,505064483.80033284,391.42497494525793,391.42497494525793,311.41601917675695,311.41601917675695,candidate,refined,strongest_peak,1,measured,quality_gated_measurement,false,pdv_channel_2,automatic
0.00074795721499136515,507812499.82683295,510586388.58056116,395.70445114993487,395.70445114993487,314.79268233524903,314.79268233524903,candidate,refined,strongest_peak,1,measured,quality_gated_measurement,false,pdv_channel_2,automatic
0.00074796041499136624,517578124.82350278,514125541.49586535,398.44729465929566,398.44729465929566,316.95672845803932,316.95672845803932,candidate,refined,strongest_peak,1,measured,quality_gated_measurement,false,pdv_channel_2,automatic
0.00074796361499136733,517578124.82350278,514531688.14070475,398.76205830904615,398.76205830904615,317.20506256055478,317.20506256055478,candidate,refined,strongest_peak,1,measured,quality_gated_measurement,false,pdv_channel_2,automatic
0.00074796681499136842,507812499.82683295,509107727.40062016,394.55848873548064,394.55848873548064,313.88850559222186,313.88850559222186,candidate,refined,strongest_peak,1,measured,quality_gated_measurement,false,pdv_channel_2,automatic
0.00074797001499136951,507812499.82683295,507651072.88001198,393.42958148200927,393.42958148200927,312.99776450002821,312.99776450002821,candidate,refined,strongest_peak,1,measured,quality_gated_measurement,false,pdv_channel_2,automatic
0.0007479732149913706,507812499.82683295,505082817.51146418,391.43918357138472,391.43918357138472,311.42723080121914,311.42723080121914,candidate,refined,strongest_peak,1,measured,quality_gated_measurement,false,pdv_channel_2,automatic
0.00074797641499137169,498046874.83016306,501719529.03285414,388.83263500046195,388.83263500046195,309.370421173875,309.370421173875,candidate,refined,strongest_peak,1,measured,quality_gated_measurement,false,pdv_channel_2,automatic
0.00074797961499137278,498046874.83016306,498551765.02600348,386.3776178951527,386.3776178951527,307.43308060585656,307.43308060585656,candidate,refined,strongest_peak,1,measured,quality_gated_measurement,false,pdv_channel_2,automatic
0.00074798281499137388,507812499.82683295,504585729.94039613,391.05394070380697,391.05394070380697,311.12324538343017,311.12324538343017,candidate,refined,strongest_peak,1,measured,quality_gated_measurement,false,pdv_channel_2,automatic
0.00074798601499137497,527343749.82017267,nan,nan,nan,nan,nan,candidate,refined,strongest_peak,1,ambiguous_peak,ambiguous_peak,false,pdv_channel_2,automatic
0.00074798921499137606,58593749.980019182,nan,nan,nan,nan,nan,candidate,boundary_peak,strongest_peak,1,ambiguous_peak,ambiguous_peak,false,pdv_channel_2,automatic
0.00074799241499137715,58593749.980019182,nan,nan,nan,nan,nan,candidate,boundary_peak,strongest_peak,1,ambiguous_peak,ambiguous_peak,false,pdv_channel_2,automatic
0.00074799561499137824,58593749.980019182,nan,nan,nan,nan,nan,candidate,boundary_peak,strongest_peak,1,peak_at_band_boundary,peak_at_band_boundary,false,pdv_channel_2,automatic
0.00074799881499137933,58593749.980019182,nan,nan,nan,nan,nan,candidate,boundary_peak,strongest_peak,1,ambiguous_peak,ambiguous_peak,false,pdv_channel_2,automatic
0.00074800201499138042,517578124.82350278,nan,nan,nan,nan,nan,candidate,refined,strongest_peak,1,ambiguous_peak,ambiguous_peak,false,pdv_channel_2,automatic
0.00074800521499138151,58593749.980019182,nan,nan,nan,nan,nan,candidate,boundary_peak,strongest_peak,1,peak_at_band_boundary,peak_at_band_boundary,false,pdv_channel_2,automatic
0.00074800841499138261,58593749.980019182,nan,nan,nan,nan,nan,candidate,boundary_peak,strongest_peak,1,ambiguous_peak,ambiguous_peak,false,pdv_channel_2,automatic
0.0007480116149913837,58593749.980019182,nan,nan,nan,nan,nan,candidate,boundary_peak,strongest_peak,1,ambiguous_peak,ambiguous_peak,false,pdv_channel_2,automatic
0.00074801481499138479,58593749.980019182,nan,nan,nan,nan,nan,candidate,boundary_peak,strongest_peak,1,peak_at_band_boundary,peak_at_band_boundary,false,pdv_channel_2,automatic
0.00074801801499138588,58593749.980019182,nan,nan,nan,nan,nan,candidate,boundary_peak,strongest_peak,1,peak_at_band_boundary,peak_at_band_boundary,false,pdv_channel_2,automatic
0.00074802121499138697,517578124.82350278,nan,nan,nan,nan,nan,candidate,refined,strongest_peak,1,ambiguous_peak,ambiguous_peak,false,pdv_channel_2,automatic
0.00074802441499138806,58593749.980019182,nan,nan,nan,nan,nan,candidate,boundary_peak,strongest_peak,1,ambiguous_peak,ambiguous_peak,false,pdv_channel_2,automatic
0.00074802761499138915,58593749.980019182,nan,nan,nan,nan,nan,candidate,boundary_peak,strongest_peak,1,ambiguous_peak,ambiguous_peak,false,pdv_channel_2,automatic
0.00074803081499139024,58593749.980019182,nan,nan,nan,nan,nan,candidate,boundary_peak,strongest_peak,1,ambiguous_peak,ambiguous_peak,false,pdv_channel_2,automatic
0.00074803401499139134,58593749.980019182,nan,nan,nan,nan,nan,candidate,boundary_peak,strongest_peak,1,ambiguous_peak,ambiguous_peak,false,pdv_channel_2,automatic
0.00074803721499139243,507812499.82683295,nan,nan,nan,nan,nan,candidate,refined,strongest_peak,1,ambiguous_peak,ambiguous_peak,false,pdv_channel_2,automatic
0.00074804041499139352,507812499.82683295,nan,nan,nan,nan,nan,candidate,refined,strongest_peak,1,unstable_detection,unstable_detection,false,pdv_channel_2,automatic
0.00074804361499139461,507812499.82683295,nan,nan,nan,nan,nan,candidate,refined,strongest_peak,1,ambiguous_peak,ambiguous_peak,false,pdv_channel_2,automatic
0.0007480468149913957,58593749.980019182,nan,nan,nan,nan,nan,candidate,boundary_peak,strongest_peak,1,ambiguous_peak,ambiguous_peak,false,pdv_channel_2,automatic
0.00074805001499139679,527343749.82017267,nan,nan,nan,nan,nan,candidate,refined,strongest_peak,1,ambiguous_peak,ambiguous_peak,false,pdv_channel_2,automatic
0.00074805321499139788,58593749.980019182,nan,nan,nan,nan,nan,candidate,boundary_peak,strongest_peak,1,ambiguous_peak,ambiguous_peak,false,pdv_channel_2,automatic
0.00074805641499139897,58593749.980019182,nan,nan,nan,nan,nan,candidate,boundary_peak,strongest_peak,1,ambiguous_peak,ambiguous_peak,false,pdv_channel_2,automatic
0.00074805961499140006,58593749.980019182,nan,nan,nan,nan,nan,candidate,boundary_peak,strongest_peak,1,ambiguous_peak,ambiguous_peak,false,pdv_channel_2,automatic
0.00074806281499140116,498046874.83016306,nan,nan,nan,nan,nan,candidate,refined,strongest_peak,1,ambiguous_peak,ambiguous_peak,false,pdv_channel_2,automatic
0.00074806601499140225,498046874.83016306,nan,nan,nan,nan,nan,candidate,refined,strongest_peak,1,ambiguous_peak,ambiguous_peak,false,pdv_channel_2,automatic
0.00074806921499140334,507812499.82683295,nan,nan,nan,nan,nan,candidate,refined,strongest_peak,1,ambiguous_peak,ambiguous_peak,false,pdv_channel_2,automatic
0.00074807241499140443,517578124.82350278,nan,nan,nan,nan,nan,candidate,refined,strongest_peak,1,ambiguous_peak,ambiguous_peak,false,pdv_channel_2,automatic
0.00074807561499140552,517578124.82350278,nan,nan,nan,nan,nan,candidate,refined,strongest_peak,1,ambiguous_peak,ambiguous_peak,false,pdv_channel_2,automatic
0.00074807881499140661,507812499.82683295,505451461.62054569,391.72488275592292,391.72488275592292,311.65266722821349,311.65266722821349,candidate,refined,strongest_peak,1,measured,quality_gated_measurement,false,pdv_channel_2,automatic
0.0007480820149914077,498046874.83016306,498201463.99328899,386.10613459479896,386.10613459479896,307.21883737362896,307.21883737362896,candidate,refined,strongest_peak,1,measured,quality_gated_measurement,false,pdv_channel_2,automatic
0.00074808521499140879,498046874.83016306,499917195.07002336,387.43582617926808,387.43582617926808,308.26816241809075,308.26816241809075,candidate,refined,strongest_peak,1,measured,quality_gated_measurement,false,pdv_channel_2,automatic
0.00074808841499140989,507812499.82683295,503756293.78629273,390.41112768437688,390.41112768437688,310.61601239509719,310.61601239509719,candidate,refined,strongest_peak,1,measured,quality_gated_measurement,false,pdv_channel_2,automatic
0.00074809161499141098,517578124.82350278,nan,nan,nan,nan,nan,candidate,refined,strongest_peak,1,ambiguous_peak,ambiguous_peak,false,pdv_channel_2,automatic
0.00074809481499141207,517578124.82350278,nan,nan,nan,nan,nan,candidate,refined,strongest_peak,1,ambiguous_peak,ambiguous_peak,false,pdv_channel_2,automatic
0.00074809801499141316,507812499.82683295,nan,nan,nan,nan,nan,candidate,refined,strongest_peak,1,unstable_detection,unstable_detection,false,pdv_channel_2,automatic
0.00074810121499141425,498046874.83016306,nan,nan,nan,nan,nan,candidate,refined,strongest_peak,1,unstable_detection,unstable_detection,false,pdv_channel_2,automatic
0.00074810441499141534,498046874.83016306,nan,nan,nan,nan,nan,candidate,refined,strongest_peak,1,ambiguous_peak,ambiguous_peak,false,pdv_channel_2,automatic
0.00074810761499141643,58593749.980019182,nan,nan,nan,nan,nan,candidate,boundary_peak,strongest_peak,1,ambiguous_peak,ambiguous_peak,false,pdv_channel_2,automatic
0.00074811081499141752,527343749.82017267,nan,nan,nan,nan,nan,candidate,refined,strongest_peak,1,ambiguous_peak,ambiguous_peak,false,pdv_channel_2,automatic
0.00074811401499141862,498046874.83016306,499150435.44937181,386.84158747326313,386.84158747326313,307.79922307693784,307.79922307693784,candidate,refined,strongest_peak,1,measured,quality_gated_measurement,false,pdv_channel_2,automatic
0.00074811721499141971,507812499.82683295,504160616.28731912,390.72447762267234,390.72447762267234,310.8632724384853,310.8632724384853,candidate,refined,strongest_peak,1,measured,quality_gated_measurement,false,pdv_channel_2,automatic
0.0007481204149914208,507812499.82683295,506628007.68625998,392.63670595685147,392.63670595685147,312.37214981877031,312.37214981877031,candidate,refined,strongest_peak,1,measured,quality_gated_measurement,false,pdv_channel_2,automatic
0.00074812361499142189,498046874.83016306,502715457.13479942,389.60447927946956,389.60447927946956,309.9794899575042,309.9794899575042,candidate,refined,strongest_peak,1,measured,quality_gated_measurement,false,pdv_channel_2,automatic
0.00074812681499142298,517578124.82350278,nan,nan,nan,nan,nan,candidate,refined,strongest_peak,1,ambiguous_peak,ambiguous_peak,false,pdv_channel_2,automatic
0.00074813001499142407,58593749.980019182,nan,nan,nan,nan,nan,candidate,boundary_peak,strongest_peak,1,ambiguous_peak,ambiguous_peak,false,pdv_channel_2,automatic
0.00074813321499142516,58593749.980019182,nan,nan,nan,nan,nan,candidate,boundary_peak,strongest_peak,1,ambiguous_peak,ambiguous_peak,false,pdv_channel_2,automatic
0.00074813641499142625,507812499.82683295,512262603.18322635,397.00351746700039,397.00351746700039,315.81763375112547,315.81763375112547,candidate,refined,strongest_peak,1,measured,quality_gated_measurement,false,pdv_channel_2,automatic
0.00074813961499142735,498046874.83016306,500453296.67240596,387.8513049211146,387.8513049211146,308.59603107312017,308.59603107312017,candidate,refined,strongest_peak,1,measured,quality_gated_measurement,false,pdv_channel_2,automatic
0.00074814281499142844,498046874.83016306,495116968.56732273,383.71565063967512,383.71565063967512,305.33231429061993,305.33231429061993,candidate,refined,strongest_peak,1,measured,quality_gated_measurement,false,pdv_channel_2,automatic
0.00074814601499142953,498046874.83016306,500159139.97324848,387.62333347926756,387.62333347926756,308.41613127498846,308.41613127498846,candidate,refined,strongest_peak,1,measured,quality_gated_measurement,false,pdv_channel_2,automatic
0.00074814921499143062,507812499.82683295,507650990.00963438,393.42951725746661,393.42951725746661,312.99771382437569,312.99771382437569,candidate,refined,strongest_peak,1,measured,quality_gated_measurement,false,pdv_channel_2,automatic
0.00074815241499143171,507812499.82683295,509254058.03435218,394.67189497662292,394.67189497662292,313.97798530247093,313.97798530247093,candidate,refined,strongest_peak,1,measured,quality_gated_measurement,false,pdv_channel_2,automatic
0.0007481556149914328,498046874.83016306,500523603.31002128,387.90579256526649,387.90579256526649,308.63902894527115,308.63902894527115,candidate,refined,strongest_peak,1,measured,quality_gated_measurement,false,pdv_channel_2,automatic
0.00074815881499143389,507812499.82683295,504078830.18600082,390.66109339415061,390.66109339415061,310.81325696358772,310.81325696358772,candidate,refined,strongest_peak,1,measured,quality_gated_measurement,false,pdv_channel_2,automatic
0.00074816201499143498,507812499.82683295,506185233.74651361,392.29355615354802,392.29355615354802,312.10138587952423,312.10138587952423,candidate,refined,strongest_peak,1,measured,quality_gated_measurement,false,pdv_channel_2,automatic
0.00074816521499143608,507812499.82683295,508569786.4492355,394.1415844981575,394.1415844981575,313.55955829966723,313.55955829966723,candidate,refined,strongest_peak,1,measured,quality_gated_measurement,false,pdv_channel_2,automatic
0.00074816841499143717,507812499.82683295,511650902.52711213,396.52944945851192,396.52944945851192,315.44360162966905,315.44360162966905,candidate,refined,strongest_peak,1,measured,quality_gated_measurement,false,pdv_channel_2,automatic
0.00074817161499143826,507812499.82683295,507731502.22783744,393.49191422657401,393.49191422657401,313.046947418564,313.046947418564,candidate,refined,strongest_peak,1,measured,quality_gated_measurement,false,pdv_channel_2,automatic
0.00074817481499143935,507812499.82683295,nan,nan,nan,nan,nan,candidate,refined,strongest_peak,1,ambiguous_peak,ambiguous_peak,false,pdv_channel_2,automatic
0.00074817801499144044,517578124.82350278,nan,nan,nan,nan,nan,candidate,refined,strongest_peak,1,ambiguous_peak,ambiguous_peak,false,pdv_channel_2,automatic
0.00074818121499144153,517578124.82350278,nan,nan,nan,nan,nan,candidate,refined,strongest_peak,1,ambiguous_peak,ambiguous_peak,false,pdv_channel_2,automatic
0.00074818441499144262,517578124.82350278,nan,nan,nan,nan,nan,candidate,refined,strongest_peak,1,ambiguous_peak,ambiguous_peak,false,pdv_channel_2,automatic
0.00074818761499144371,58593749.980019182,nan,nan,nan,nan,nan,candidate,boundary_peak,strongest_peak,1,ambiguous_peak,ambiguous_peak,false,pdv_channel_2,automatic
0.0007481908149914448,58593749.980019182,nan,nan,nan,nan,nan,candidate,boundary_peak,strongest_peak,1,ambiguous_peak,ambiguous_peak,false,pdv_channel_2,automatic
0.0007481940149914459,517578124.82350278,nan,nan,nan,nan,nan,candidate,refined,strongest_peak,1,ambiguous_peak,ambiguous_peak,false,pdv_channel_2,automatic
0.00074819721499144699,507812499.82683295,509727170.2886284,395.03855697368698,395.03855697368698,314.26728724335089,314.26728724335089,candidate,refined,strongest_peak,1,measured,quality_gated_measurement,false,pdv_channel_2,automatic
0.00074820041499144808,507812499.82683295,509717260.77503908,395.03087710065529,395.03087710065529,314.26122772829063,314.26122772829063,candidate,refined,strongest_peak,1,measured,quality_gated_measurement,false,pdv_channel_2,automatic
0.00074820361499144917,517578124.82350278,512725054.23106444,397.36191702907496,397.36191702907496,316.10040287611315,316.10040287611315,candidate,refined,strongest_peak,1,measured,quality_gated_measurement,false,pdv_channel_2,automatic
0.00074820681499145026,507812499.82683295,512501078.28651881,397.18833567205206,397.18833567205206,315.96345138400397,315.96345138400397,candidate,refined,strongest_peak,1,measured,quality_gated_measurement,false,pdv_channel_2,automatic
0.00074821001499145135,507812499.82683295,506022248.99525094,392.16724297131947,392.16724297131947,312.00171738999734,312.00171738999734,candidate,refined,strongest_peak,1,measured,quality_gated_measurement,false,pdv_channel_2,automatic
0.00074821321499145244,507812499.82683295,507158644.18784493,393.04794924557984,393.04794924557984,312.69664068154748,312.69664068154748,candidate,refined,strongest_peak,1,measured,quality_gated_measurement,false,pdv_channel_2,automatic
0.00074821641499145353,507812499.82683295,505770225.07797533,391.97192443543088,391.97192443543088,311.84759912166919,311.84759912166919,candidate,refined,strongest_peak,1,measured,quality_gated_measurement,false,pdv_channel_2,automatic
0.00074821961499145463,507812499.82683295,503836322.6832369,390.47315007950857,390.47315007950857,310.66495352672274,310.66495352672274,candidate,refined,strongest_peak,1,measured,quality_gated_measurement,false,pdv_channel_2,automatic
0.00074822281499145572,507812499.82683295,505189473.84208333,391.52184222761457,391.52184222761457,311.49245433963227,311.49245433963227,candidate,refined,strongest_peak,1,measured,quality_gated_measurement,false,pdv_channel_2,automatic
0.00074822601499145681,507812499.82683295,509484669.04794586,394.85061851215801,394.85061851215801,314.11900118910904,314.11900118910904,candidate,refined,strongest_peak,1,measured,quality_gated_measurement,false,pdv_channel_2,automatic
0.0007482292149914579,507812499.82683295,507507874.21480989,393.31860251647765,393.31860251647765,312.9101976951697,312.9101976951697,candidate,refined,strongest_peak,1,measured,quality_gated_measurement,false,pdv_channel_2,automatic
0.00074823241499145899,507812499.82683295,508710807.14900899,394.25087554048196,394.25087554048196,313.6457917898627,313.6457917898627,candidate,refined,strongest_peak,1,measured,quality_gated_measurement,false,pdv_channel_2,automatic
0.00074823561499146008,507812499.82683295,511130935.37182373,396.12647491316341,396.12647491316341,315.12565823726777,315.12565823726777,candidate,refined,strongest_peak,1,measured,quality_gated_measurement,false,pdv_channel_2,automatic
0.00074823881499146117,507812499.82683295,507057740.80413717,392.96974912320633,392.96974912320633,312.63493721383901,312.63493721383901,candidate,refined,strongest_peak,1,measured,quality_gated_measurement,false,pdv_channel_2,automatic
0.00074824201499146226,507812499.82683295,505475444.67677206,391.74346962449835,391.74346962449835,311.66733350701128,311.66733350701128,candidate,refined,strongest_peak,1,measured,quality_gated_measurement,false,pdv_channel_2,automatic
0.00074824521499146336,507812499.82683295,510269011.3631354,395.45848380642991,395.45848380642991,314.59861325198369,314.59861325198369,candidate,refined,strongest_peak,1,measured,quality_gated_measurement,false,pdv_channel_2,automatic
0.00074824841499146445,507812499.82683295,nan,nan,nan,nan,nan,candidate,refined,strongest_peak,1,ambiguous_peak,ambiguous_peak,false,pdv_channel_2,automatic
0.00074825161499146554,507812499.82683295,nan,nan,nan,nan,nan,candidate,refined,strongest_peak,1,ambiguous_peak,ambiguous_peak,false,pdv_channel_2,automatic
0.00074825481499146663,58593749.980019182,nan,nan,nan,nan,nan,candidate,boundary_peak,strongest_peak,1,ambiguous_peak,ambiguous_peak,false,pdv_channel_2,automatic
0.00074825801499146772,58593749.980019182,nan,nan,nan,nan,nan,candidate,boundary_peak,strongest_peak,1,peak_at_band_boundary,peak_at_band_boundary,false,pdv_channel_2,automatic
0.00074826121499146881,58593749.980019182,nan,nan,nan,nan,nan,candidate,boundary_peak,strongest_peak,1,peak_at_band_boundary,peak_at_band_boundary,false,pdv_channel_2,automatic
0.0007482644149914699,58593749.980019182,nan,nan,nan,nan,nan,candidate,boundary_peak,strongest_peak,1,peak_at_band_boundary,peak_at_band_boundary,false,pdv_channel_2,automatic
0.00074826761499147099,58593749.980019182,nan,nan,nan,nan,nan,candidate,boundary_peak,strongest_peak,1,ambiguous_peak,ambiguous_peak,false,pdv_channel_2,automatic
0.00074827081499147209,498046874.83016306,nan,nan,nan,nan,nan,candidate,refined,strongest_peak,1,ambiguous_peak,ambiguous_peak,false,pdv_channel_2,automatic
0.00074827401499147318,498046874.83016306,nan,nan,nan,nan,nan,candidate,refined,strongest_peak,1,ambiguous_peak,ambiguous_peak,false,pdv_channel_2,automatic
0.00074827721499147427,498046874.83016306,499822598.99181402,387.36251421865586,387.36251421865586,308.21030911346196,308.21030911346196,candidate,refined,strongest_peak,1,measured,quality_gated_measurement,false,pdv_channel_2,automatic
0.00074828041499147536,507812499.82683295,503527330.33416957,390.23368100898142,390.23368100898142,310.47599098959034,310.47599098959034,candidate,refined,strongest_peak,1,measured,quality_gated_measurement,false,pdv_channel_2,automatic
0.00074828361499147645,507812499.82683295,506399809.23647511,392.45985215826823,392.45985215826823,312.2326027535413,312.2326027535413,candidate,refined,strongest_peak,1,measured,quality_gated_measurement,false,pdv_channel_2,automatic
0.00074828681499147754,507812499.82683295,nan,nan,nan,nan,nan,candidate,refined,strongest_peak,1,ambiguous_peak,ambiguous_peak,false,pdv_channel_2,automatic
0.00074829001499147863,498046874.83016306,nan,nan,nan,nan,nan,candidate,refined,strongest_peak,1,unstable_detection,unstable_detection,false,pdv_channel_2,automatic
0.00074829321499147972,498046874.83016306,nan,nan,nan,nan,nan,candidate,refined,strongest_peak,1,ambiguous_peak,ambiguous_peak,false,pdv_channel_2,automatic
0.00074829641499148081,488281249.83349323,nan,nan,nan,nan,nan,candidate,refined,strongest_peak,1,ambiguous_peak,ambiguous_peak,false,pdv_channel_2,automatic
0.00074829961499148191,58593749.980019182,nan,nan,nan,nan,nan,candidate,boundary_peak,strongest_peak,1,ambiguous_peak,ambiguous_peak,false,pdv_channel_2,automatic
0.000748302814991483,58593749.980019182,nan,nan,nan,nan,nan,candidate,boundary_peak,strongest_peak,1,peak_at_band_boundary,peak_at_band_boundary,false,pdv_channel_2,automatic
0.00074830601499148409,58593749.980019182,nan,nan,nan,nan,nan,candidate,boundary_peak,strongest_peak,1,ambiguous_peak,ambiguous_peak,false,pdv_channel_2,automatic
0.00074830921499148518,468749999.84015346,nan,nan,nan,nan,nan,candidate,refined,strongest_peak,1,ambiguous_peak,ambiguous_peak,false,pdv_channel_2,automatic
0.00074831241499148627,478515624.83682334,nan,nan,nan,nan,nan,candidate,refined,strongest_peak,1,ambiguous_peak,ambiguous_peak,false,pdv_channel_2,automatic
0.00074831561499148736,488281249.83349323,nan,nan,nan,nan,nan,candidate,refined,strongest_peak,1,unstable_detection,unstable_detection,false,pdv_channel_2,automatic
0.00074831881499148845,498046874.83016306,nan,nan,nan,nan,nan,candidate,refined,strongest_peak,1,ambiguous_peak,ambiguous_peak,false,pdv_channel_2,automatic
0.00074832201499148954,507812499.82683295,nan,nan,nan,nan,nan,candidate,refined,strongest_peak,1,ambiguous_peak,ambiguous_peak,false,pdv_channel_2,automatic
0.00074832521499149064,507812499.82683295,504283391.61993384,390.81962850544875,390.81962850544875,310.93835434424142,310.93835434424142,candidate,refined,strongest_peak,1,measured,quality_gated_measurement,false,pdv_channel_2,automatic
0.00074832841499149173,498046874.83016306,497378194.04827321,385.46810038741171,385.46810038741171,306.71532267748205,306.71532267748205,candidate,refined,strongest_peak,1,measured,quality_gated_measurement,false,pdv_channel_2,automatic
0.00074833161499149282,498046874.83016306,501310581.45024258,388.51570062393802,388.51570062393802,309.12032273338144,309.12032273338144,candidate,refined,strongest_peak,1,measured,quality_gated_measurement,false,pdv_channel_2,automatic
0.00074833481499149391,507812499.82683295,506105090.54866058,392.23144517521195,392.23144517521195,312.05237671729685,312.05237671729685,candidate,refined,strongest_peak,1,measured,quality_gated_measurement,false,pdv_channel_2,automatic
0.000748338014991495,507812499.82683295,512223324.59830683,396.97307656368781,396.97307656368781,315.793616472476,315.793616472476,candidate,refined,strongest_peak,1,measured,quality_gated_measurement,false,pdv_channel_2,automatic
0.00074834121499149609,517578124.82350278,514227082.67954922,398.52598907665066,398.52598907665066,317.01881489965416,317.01881489965416,candidate,refined,strongest_peak,1,measured,quality_gated_measurement,false,pdv_channel_2,automatic
0.00074834441499149718,507812499.82683295,507637091.17988628,393.41874566441186,393.41874566441186,312.98921461915529,312.98921461915529,candidate,refined,strongest_peak,1,measured,quality_gated_measurement,false,pdv_channel_2,automatic
0.00074834761499149827,507812499.82683295,505299820.04411072,391.60736053418577,391.60736053418577,311.55993422600858,311.55993422600858,candidate,refined,strongest_peak,1,measured,quality_gated_measurement,false,pdv_channel_2,automatic
0.00074835081499149937,507812499.82683295,510041912.29113936,395.28248202563299,395.28248202563299,314.4597466317777,314.4597466317777,candidate,refined,strongest_peak,1,measured,quality_gated_measurement,false,pdv_channel_2,automatic
0.00074835401499150046,517578124.82350278,514886048.30774534,399.03668743850261,399.03668743850261,317.42173105177613,317.42173105177613,candidate,refined,strongest_peak,1,measured,quality_gated_measurement,false,pdv_channel_2,automatic
0.00074835721499150155,507812499.82683295,508705555.06247044,394.2468051734146,394.2468051734146,313.64258016732697,313.64258016732697,candidate,refined,strongest_peak,1,measured,quality_gated_measurement,false,pdv_channel_2,automatic
0.00074836041499150264,507812499.82683295,503347131.19639629,390.09402667720713,390.09402667720713,310.36579077917065,310.36579077917065,candidate,refined,strongest_peak,1,measured,quality_gated_measurement,false,pdv_channel_2,automatic
0.00074836361499150373,507812499.82683295,503169561.40793079,389.95641009114638,389.95641009114638,310.25719822251079,310.25719822251079,candidate,refined,strongest_peak,1,measured,quality_gated_measurement,false,pdv_channel_2,automatic
0.00074836681499150482,498046874.83016306,497212945.41485083,385.34003269650941,385.34003269650941,306.61425522851584,306.61425522851584,candidate,refined,strongest_peak,1,measured,quality_gated_measurement,false,pdv_channel_2,automatic
0.00074837001499150591,498046874.83016306,nan,nan,nan,nan,nan,candidate,refined,strongest_peak,1,ambiguous_peak,ambiguous_peak,false,pdv_channel_2,automatic
0.000748373214991507,58593749.980019182,nan,nan,nan,nan,nan,candidate,boundary_peak,strongest_peak,1,ambiguous_peak,ambiguous_peak,false,pdv_channel_2,automatic
0.0007483764149915081,58593749.980019182,nan,nan,nan,nan,nan,candidate,boundary_peak,strongest_peak,1,peak_at_band_boundary,peak_at_band_boundary,false,pdv_channel_2,automatic
0.00074837961499150919,58593749.980019182,nan,nan,nan,nan,nan,candidate,boundary_peak,strongest_peak,1,peak_at_band_boundary,peak_at_band_boundary,false,pdv_channel_2,automatic
0.00074838281499151028,507812499.82683295,nan,nan,nan,nan,nan,candidate,refined,strongest_peak,1,ambiguous_peak,ambiguous_peak,false,pdv_channel_2,automatic
0.00074838601499151137,58593749.980019182,nan,nan,nan,nan,nan,candidate,boundary_peak,strongest_peak,1,ambiguous_peak,ambiguous_peak,false,pdv_channel_2,automatic
0.00074838921499151246,58593749.980019182,nan,nan,nan,nan,nan,candidate,boundary_peak,strongest_peak,1,peak_at_band_boundary,peak_at_band_boundary,false,pdv_channel_2,automatic
0.00074839241499151355,58593749.980019182,nan,nan,nan,nan,nan,candidate,boundary_peak,strongest_peak,1,peak_at_band_boundary,peak_at_band_boundary,false,pdv_channel_2,automatic
0.00074839561499151464,58593749.980019182,nan,nan,nan,nan,nan,candidate,boundary_peak,strongest_peak,1,peak_at_band_boundary,peak_at_band_boundary,false,pdv_channel_2,automatic
0.00074839881499151573,58593749.980019182,nan,nan,nan,nan,nan,candidate,boundary_peak,strongest_peak,1,ambiguous_peak,ambiguous_peak,false,pdv_channel_2,automatic
0.00074840201499151683,498046874.83016306,502404639.2334137,389.36359540589564,389.36359540589564,309.78940753884035,309.78940753884035,candidate,refined,strongest_peak,1,measured,quality_gated_measurement,false,pdv_channel_2,automatic
0.00074840521499151792,498046874.83016306,496164247.49722207,384.52729181034709,384.52729181034709,305.97285636983509,305.97285636983509,candidate,refined,strongest_peak,1,measured,quality_gated_measurement,false,pdv_channel_2,automatic
0.00074840841499151901,498046874.83016306,498986452.43383688,386.71450063622359,386.71450063622359,307.69893261712309,307.69893261712309,candidate,refined,strongest_peak,1,measured,quality_gated_measurement,false,pdv_channel_2,automatic
0.0007484116149915201,517578124.82350278,nan,nan,nan,nan,nan,candidate,refined,strongest_peak,1,ambiguous_peak,ambiguous_peak,false,pdv_channel_2,automatic
0.00074841481499152119,58593749.980019182,nan,nan,nan,nan,nan,candidate,boundary_peak,strongest_peak,1,ambiguous_peak,ambiguous_peak,false,pdv_channel_2,automatic
0.00074841801499152228,537109374.81684256,nan,nan,nan,nan,nan,candidate,refined,strongest_peak,1,ambiguous_peak,ambiguous_peak,false,pdv_channel_2,automatic
0.00074842121499152337,517578124.82350278,520407637.08061874,403.31591873747954,403.31591873747954,320.79767064839228,320.79767064839228,candidate,refined,strongest_peak,1,measured,quality_gated_measurement,false,pdv_channel_2,automatic
0.00074842441499152446,507812499.82683295,503864403.15057027,390.49491244169195,390.49491244169195,310.68212593183239,310.68212593183239,candidate,refined,strongest_peak,1,measured,quality_gated_measurement,false,pdv_channel_2,automatic
0.00074842761499152555,498046874.83016306,502685337.04869044,389.58113621273509,389.58113621273509,309.96106989327166,309.96106989327166,candidate,refined,strongest_peak,1,measured,quality_gated_measurement,false,pdv_channel_2,automatic
0.00074843081499152665,507812499.82683295,507264819.54167825,393.13023514480062,393.13023514480062,312.76156790508014,312.76156790508014,candidate,refined,strongest_peak,1,measured,quality_gated_measurement,false,pdv_channel_2,automatic
0.00074843401499152774,507812499.82683295,507717942.54016477,393.48140546862771,393.48140546862771,313.0386556112565,313.0386556112565,candidate,refined,strongest_peak,1,measured,quality_gated_measurement,false,pdv_channel_2,automatic
0.00074843721499152883,507812499.82683295,509668116.35851026,394.99279017784545,394.99279017784545,314.23117665960217,314.23117665960217,candidate,refined,strongest_peak,1,measured,quality_gated_measurement,false,pdv_channel_2,automatic
0.00074844041499152992,507812499.82683295,511609442.75358468,396.49731813402815,396.49731813402815,315.41825039287204,315.41825039287204,candidate,refined,strongest_peak,1,measured,quality_gated_measurement,false,pdv_channel_2,automatic
0.00074844361499153101,507812499.82683295,511929113.24583608,396.74506276552296,396.74506276552296,315.61371755519366,315.61371755519366,candidate,refined,strongest_peak,1,measured,quality_gated_measurement,false,pdv_channel_2,automatic
0.0007484468149915321,507812499.82683295,510012289.84312207,395.25952462841957,395.25952462841957,314.44163304949757,314.44163304949757,candidate,refined,strongest_peak,1,measured,quality_gated_measurement,false,pdv_channel_2,automatic
0.00074845001499153319,507812499.82683295,510952072.79505295,395.98785641616604,395.98785641616604,315.01628884236555,315.01628884236555,candidate,refined,strongest_peak,1,measured,quality_gated_measurement,false,pdv_channel_2,automatic
0.00074845321499153428,517578124.82350278,516367808.21082371,400.18505136338837,400.18505136338837,318.32771886256393,318.32771886256393,candidate,refined,strongest_peak,1,measured,quality_gated_measurement,false,pdv_channel_2,automatic
0.00074845641499153538,517578124.82350278,516816934.62103438,400.53312433130162,400.53312433130162,318.60232260220818,318.60232260220818,candidate,refined,strongest_peak,1,measured,quality_gated_measurement,false,pdv_channel_2,automatic
0.00074845961499153647,507812499.82683295,509858218.47395843,395.14011931731778,395.14011931731778,314.34742110110363,314.34742110110363,candidate,refined,strongest_peak,1,measured,quality_gated_measurement,false,pdv_channel_2,automatic
0.00074846281499153756,507812499.82683295,512038512.54939437,396.82984722578061,396.82984722578061,315.68061111731879,315.68061111731879,candidate,refined,strongest_peak,1,measured,quality_gated_measurement,false,pdv_channel_2,automatic
0.00074846601499153865,507812499.82683295,512180036.18688118,396.93952804483291,396.93952804483291,315.76714732831658,315.76714732831658,candidate,refined,strongest_peak,1,measured,quality_gated_measurement,false,pdv_channel_2,automatic
0.00074846921499153974,507812499.82683295,505066623.85436314,391.42663348713143,391.42663348713143,311.41732788534841,311.41732788534841,candidate,refined,strongest_peak,1,measured,quality_gated_measurement,false,pdv_channel_2,automatic
0.00074847241499154083,517578124.82350278,512911683.15111387,397.50655444211327,397.50655444211327,316.21451792181915,316.21451792181915,candidate,refined,strongest_peak,1,measured,quality_gated_measurement,false,pdv_channel_2,automatic
0.00074847561499154192,517578124.82350278,517118549.10605693,400.76687555719411,400.76687555719411,318.7867338733044,318.7867338733044,candidate,refined,strongest_peak,1,measured,quality_gated_measurement,false,pdv_channel_2,automatic
0.00074847881499154301,507812499.82683295,511342947.46996522,396.29078428922304,396.29078428922304,315.25529721823369,315.25529721823369,candidate,refined,strongest_peak,1,measured,quality_gated_measurement,false,pdv_channel_2,automatic
0.00074848201499154411,507812499.82683295,503389233.02909249,390.12665559754669,390.12665559754669,310.39153805020487,310.39153805020487,candidate,refined,strongest_peak,1,measured,quality_gated_measurement,false,pdv_channel_2,automatic
0.0007484852149915452,507812499.82683295,506755005.02780861,392.73512889655166,392.73512889655166,312.44981053634388,312.44981053634388,candidate,refined,strongest_peak,1,measured,quality_gated_measurement,false,pdv_channel_2,automatic
0.00074848841499154629,507812499.82683295,510866135.74951583,395.92125520587479,395.92125520587479,314.96374066370538,314.96374066370538,candidate,refined,strongest_peak,1,measured,quality_gated_measurement,false,pdv_channel_2,automatic
0.00074849161499154738,507812499.82683295,506406042.0783779,392.4646826107429,392.4646826107429,312.23641424463273,312.23641424463273,candidate,refined,strongest_peak,1,measured,quality_gated_measurement,false,pdv_channel_2,automatic
0.00074849481499154847,507812499.82683295,508929729.24878812,394.42054016781077,394.42054016781077,313.779661228973,313.779661228973,candidate,refined,strongest_peak,1,measured,quality_gated_measurement,false,pdv_channel_2,automatic
0.00074849801499154956,507812499.82683295,503513702.62209296,390.22311953212204,390.22311953212204,310.46765701685433,310.46765701685433,candidate,refined,strongest_peak,1,measured,quality_gated_measurement,false,pdv_channel_2,automatic
0.00074850121499155065,498046874.83016306,499159916.73574227,386.84893547020027,386.84893547020027,307.8050217336563,307.8050217336563,candidate,refined,strongest_peak,1,measured,quality_gated_measurement,false,pdv_channel_2,automatic
0.00074850441499155174,498046874.83016306,498786667.67071086,386.55966744480094,386.55966744480094,307.57674578221054,307.57674578221054,candidate,refined,strongest_peak,1,measured,quality_gated_measurement,false,pdv_channel_2,automatic
0.00074850761499155284,498046874.83016306,498345873.3170079,386.21805182068113,386.21805182068113,307.30715790309773,307.30715790309773,candidate,refined,strongest_peak,1,measured,quality_gated_measurement,false,pdv_channel_2,automatic
0.00074851081499155393,498046874.83016306,496813935.5730024,385.03080006907686,385.03080006907686,306.37021632992992,306.37021632992992,candidate,refined,strongest_peak,1,measured,quality_gated_measurement,false,pdv_channel_2,automatic
0.00074851401499155502,507812499.82683295,505428000.54950583,391.70670042586704,391.70670042586704,311.63832015176342,311.63832015176342,candidate,refined,strongest_peak,1,measured,quality_gated_measurement,false,pdv_channel_2,automatic
0.00074851721499155611,507812499.82683295,503981359.37046111,390.58555351210737,390.58555351210737,310.75364957116716,310.75364957116716,candidate,refined,strongest_peak,1,measured,quality_gated_measurement,false,pdv_channel_2,automatic
0.0007485204149915572,498046874.83016306,494279857.11970848,383.06688926777406,383.06688926777406,304.82030793021175,304.82030793021175,candidate,refined,strongest_peak,1,measured,quality_gated_measurement,false,pdv_channel_2,automatic
0.00074852361499155829,498046874.83016306,497025053.87861753,385.19441675592856,385.19441675592856,306.49933885580646,306.49933885580646,candidate,refined,strongest_peak,1,measured,quality_gated_measurement,false,pdv_channel_2,automatic
0.00074852681499155938,507812499.82683295,504940125.99043882,391.32859764259007,391.32859764259007,311.3399704887085,311.3399704887085,candidate,refined,strongest_peak,1,measured,quality_gated_measurement,false,pdv_channel_2,automatic
0.00074853001499156047,517578124.82350278,nan,nan,nan,nan,nan,candidate,refined,strongest_peak,1,ambiguous_peak,ambiguous_peak,false,pdv_channel_2,automatic
0.00074853321499156157,517578124.82350278,nan,nan,nan,nan,nan,candidate,refined,strongest_peak,1,ambiguous_peak,ambiguous_peak,false,pdv_channel_2,automatic
0.00074853641499156266,498046874.83016306,nan,nan,nan,nan,nan,candidate,refined,strongest_peak,1,ambiguous_peak,ambiguous_peak,false,pdv_channel_2,automatic
0.00074853961499156375,507812499.82683295,504820613.44326031,391.23597541852672,391.23597541852672,311.26688468554659,311.26688468554659,candidate,refined,strongest_peak,1,measured,quality_gated_measurement,false,pdv_channel_2,automatic
0.00074854281499156484,498046874.83016306,500491468.21493322,387.88088786657323,387.88088786657323,308.61937588938696,308.61937588938696,candidate,refined,strongest_peak,1,measured,quality_gated_measurement,false,pdv_channel_2,automatic
0.00074854601499156593,498046874.83016306,501794415.73082304,388.89067219138786,388.89067219138786,309.41621915166974,309.41621915166974,candidate,refined,strongest_peak,1,measured,quality_gated_measurement,false,pdv_channel_2,automatic
0.00074854921499156702,507812499.82683295,508850738.86650068,394.35932262153801,394.35932262153801,313.73135917879313,313.73135917879313,candidate,refined,strongest_peak,1,measured,quality_gated_measurement,false,pdv_channel_2,automatic
0.00074855241499156811,507812499.82683295,508716002.19111276,394.25490169811241,394.25490169811241,313.64896852976733,313.64896852976733,candidate,refined,strongest_peak,1,measured,quality_gated_measurement,false,pdv_channel_2,automatic
0.0007485556149915692,507812499.82683295,510033106.59111708,395.27565760811575,395.27565760811575,314.45436210902983,314.45436210902983,candidate,refined,strongest_peak,1,measured,quality_gated_measurement,false,pdv_channel_2,automatic
0.00074855881499157029,507812499.82683295,503022091.56171745,389.84212096033104,389.84212096033104,310.1670130047317,310.1670130047317,candidate,refined,strongest_peak,1,measured,quality_gated_measurement,false,pdv_channel_2,automatic
0.00074856201499157139,498046874.83016306,498039675.6905573,385.98074866018192,385.98074866018192,307.11988763687515,307.11988763687515,candidate,refined,strongest_peak,1,measured,quality_gated_measurement,false,pdv_channel_2,automatic
0.00074856521499157248,507812499.82683295,504259827.29033083,390.8013661500064,390.8013661500064,310.92394384899347,310.92394384899347,candidate,refined,strongest_peak,1,measured,quality_gated_measurement,false,pdv_channel_2,automatic
0.00074856841499157357,507812499.82683295,509437370.43012053,394.81396208334343,394.81396208334343,314.09007869063663,314.09007869063663,candidate,refined,strongest_peak,1,measured,quality_gated_measurement,false,pdv_channel_2,automatic
0.00074857161499157466,517578124.82350278,514669870.29034901,398.86914947502049,398.86914947502049,317.2895522188727,317.2895522188727,candidate,refined,strongest_peak,1,measured,quality_gated_measurement,false,pdv_channel_2,automatic
0.00074857481499157575,517578124.82350278,517912133.412956,401.38190339504092,401.38190339504092,319.27193809147872,319.27193809147872,candidate,refined,strongest_peak,1,measured,quality_gated_measurement,false,pdv_channel_2,automatic
0.00074857801499157684,517578124.82350278,516176093.55320483,400.03647250373376,400.03647250373376,318.21050057264858,318.21050057264858,candidate,refined,strongest_peak,1,measured,quality_gated_measurement,false,pdv_channel_2,automatic
0.00074858121499157793,517578124.82350278,nan,nan,nan,nan,nan,candidate,refined,strongest_peak,1,ambiguous_peak,ambiguous_peak,false,pdv_channel_2,automatic
0.00074858441499157902,507812499.82683295,nan,nan,nan,nan,nan,candidate,refined,strongest_peak,1,ambiguous_peak,ambiguous_peak,false,pdv_channel_2,automatic
0.00074858761499158012,507812499.82683295,nan,nan,nan,nan,nan,candidate,refined,strongest_peak,1,unstable_detection,unstable_detection,false,pdv_channel_2,automatic
0.00074859081499158121,507812499.82683295,nan,nan,nan,nan,nan,candidate,refined,strongest_peak,1,unstable_detection,unstable_detection,false,pdv_channel_2,automatic
0.0007485940149915823,527343749.82017267,nan,nan,nan,nan,nan,candidate,refined,strongest_peak,1,ambiguous_peak,ambiguous_peak,false,pdv_channel_2,automatic
0.00074859721499158339,527343749.82017267,nan,nan,nan,nan,nan,candidate,refined,strongest_peak,1,ambiguous_peak,ambiguous_peak,false,pdv_channel_2,automatic
0.00074860041499158448,507812499.82683295,nan,nan,nan,nan,nan,candidate,refined,strongest_peak,1,ambiguous_peak,ambiguous_peak,false,pdv_channel_2,automatic
0.00074860361499158557,517578124.82350278,nan,nan,nan,nan,nan,candidate,refined,strongest_peak,1,ambiguous_peak,ambiguous_peak,false,pdv_channel_2,automatic
0.00074860681499158666,517578124.82350278,513189059.65703487,397.72152123420204,397.72152123420204,316.38412033524668,316.38412033524668,candidate,refined,strongest_peak,1,measured,quality_gated_measurement,false,pdv_channel_2,automatic
0.00074861001499158775,507812499.82683295,507597404.34581107,393.38798836800356,393.38798836800356,312.96494590736773,312.96494590736773,candidate,refined,strongest_peak,1,measured,quality_gated_measurement,false,pdv_channel_2,automatic
0.00074861321499158885,507812499.82683295,511103089.888053,396.10489466324105,396.10489466324105,315.10863153399606,315.10863153399606,candidate,refined,strongest_peak,1,measured,quality_gated_measurement,false,pdv_channel_2,automatic
0.00074861641499158994,507812499.82683295,509216683.98475039,394.64293008818157,394.64293008818157,313.95513146722146,313.95513146722146,candidate,refined,strongest_peak,1,measured,quality_gated_measurement,false,pdv_channel_2,automatic
0.00074861961499159103,507812499.82683295,505287361.20181888,391.59770493140962,391.59770493140962,311.55231529052202,311.55231529052202,candidate,refined,strongest_peak,1,measured,quality_gated_measurement,false,pdv_channel_2,automatic
0.00074862281499159212,517578124.82350278,512969584.1575228,397.55142772208018,397.55142772208018,316.24992166886295,316.24992166886295,candidate,refined,strongest_peak,1,measured,quality_gated_measurement,false,pdv_channel_2,automatic
0.00074862601499159321,527343749.82017267,nan,nan,nan,nan,nan,candidate,refined,strongest_peak,1,ambiguous_peak,ambiguous_peak,false,pdv_channel_2,automatic
0.0007486292149915943,507812499.82683295,nan,nan,nan,nan,nan,candidate,refined,strongest_peak,1,ambiguous_peak,ambiguous_peak,false,pdv_channel_2,automatic
0.00074863241499159539,498046874.83016306,nan,nan,nan,nan,nan,candidate,refined,strongest_peak,1,unstable_detection,unstable_detection,false,pdv_channel_2,automatic
0.00074863561499159648,498046874.83016306,nan,nan,nan,nan,nan,candidate,refined,strongest_peak,1,unstable_detection,unstable_detection,false,pdv_channel_2,automatic
0.00074863881499159758,517578124.82350278,nan,nan,nan,nan,nan,candidate,refined,strongest_peak,1,ambiguous_peak,ambiguous_peak,false,pdv_channel_2,automatic
0.00074864201499159867,58593749.980019182,nan,nan,nan,nan,nan,candidate,boundary_peak,strongest_peak,1,ambiguous_peak,ambiguous_peak,false,pdv_channel_2,automatic
0.00074864521499159976,507812499.82683295,nan,nan,nan,nan,nan,candidate,refined,strongest_peak,1,unstable_detection,unstable_detection,false,pdv_channel_2,automatic
0.00074864841499160085,498046874.83016306,nan,nan,nan,nan,nan,candidate,refined,strongest_peak,1,unstable_detection,unstable_detection,false,pdv_channel_2,automatic
0.00074865161499160194,498046874.83016306,nan,nan,nan,nan,nan,candidate,refined,strongest_peak,1,ambiguous_peak,ambiguous_peak,false,pdv_channel_2,automatic
0.00074865481499160303,507812499.82683295,508438303.58064777,394.039685275002,394.039685275002,313.479156971451,313.479156971451,candidate,refined,strongest_peak,1,measured,quality_gated_measurement,false,pdv_channel_2,automatic
0.00074865801499160412,498046874.83016306,502725257.04518312,389.61207421001694,389.61207421001694,309.9854831316045,309.9854831316045,candidate,refined,strongest_peak,1,measured,quality_gated_measurement,false,pdv_channel_2,automatic
0.00074866121499160521,498046874.83016306,497622616.21221513,385.6575275644667,385.6575275644667,306.86481281637595,306.86481281637595,candidate,refined,strongest_peak,1,measured,quality_gated_measurement,false,pdv_channel_2,automatic
0.00074866441499160631,507812499.82683295,nan,nan,nan,nan,nan,candidate,refined,strongest_peak,1,ambiguous_peak,ambiguous_peak,false,pdv_channel_2,automatic
0.0007486676149916074,507812499.82683295,nan,nan,nan,nan,nan,candidate,refined,strongest_peak,1,ambiguous_peak,ambiguous_peak,false,pdv_channel_2,automatic
0.00074867081499160849,507812499.82683295,503153498.54719877,389.94396137407904,389.94396137407904,310.24737498691934,310.24737498691934,candidate,refined,strongest_peak,1,measured,quality_gated_measurement,false,pdv_channel_2,automatic
0.00074867401499160958,498046874.83016306,498241489.85717654,386.1371546393118,386.1371546393118,307.24331715399467,307.24331715399467,candidate,refined,strongest_peak,1,measured,quality_gated_measurement,false,pdv_channel_2,automatic
0.00074867721499161067,498046874.83016306,499193061.22834659,386.87462245196861,386.87462245196861,307.82529255555966,307.82529255555966,candidate,refined,strongest_peak,1,measured,quality_gated_measurement,false,pdv_channel_2,automatic
0.00074868041499161176,498046874.83016306,500179804.45471483,387.63934845240396,387.63934845240396,308.42876924783627,308.42876924783627,candidate,refined,strongest_peak,1,measured,quality_gated_measurement,false,pdv_channel_2,automatic
0.00074868361499161285,498046874.83016306,nan,nan,nan,nan,nan,candidate,refined,strongest_peak,1,ambiguous_peak,ambiguous_peak,false,pdv_channel_2,automatic
0.00074868681499161394,507812499.82683295,nan,nan,nan,nan,nan,candidate,refined,strongest_peak,1,ambiguous_peak,ambiguous_peak,false,pdv_channel_2,automatic
0.00074869001499161503,58593749.980019182,nan,nan,nan,nan,nan,candidate,boundary_peak,strongest_peak,1,peak_at_band_boundary,peak_at_band_boundary,false,pdv_channel_2,automatic
0.00074869321499161613,58593749.980019182,nan,nan,nan,nan,nan,candidate,boundary_peak,strongest_peak,1,ambiguous_peak,ambiguous_peak,false,pdv_channel_2,automatic
0.00074869641499161722,58593749.980019182,nan,nan,nan,nan,nan,candidate,boundary_peak,strongest_peak,1,ambiguous_peak,ambiguous_peak,false,pdv_channel_2,automatic
0.00074869961499161831,498046874.83016306,nan,nan,nan,nan,nan,candidate,refined,strongest_peak,1,unstable_detection,unstable_detection,false,pdv_channel_2,automatic
0.0007487028149916194,498046874.83016306,nan,nan,nan,nan,nan,candidate,refined,strongest_peak,1,unstable_detection,unstable_detection,false,pdv_channel_2,automatic
0.00074870601499162049,507812499.82683295,nan,nan,nan,nan,nan,candidate,refined,strongest_peak,1,ambiguous_peak,ambiguous_peak,false,pdv_channel_2,automatic
0.00074870921499162158,507812499.82683295,nan,nan,nan,nan,nan,candidate,refined,strongest_peak,1,unstable_detection,unstable_detection,false,pdv_channel_2,automatic
0.00074871241499162267,517578124.82350278,nan,nan,nan,nan,nan,candidate,refined,strongest_peak,1,ambiguous_peak,ambiguous_peak,false,pdv_channel_2,automatic
0.00074871561499162376,517578124.82350278,nan,nan,nan,nan,nan,candidate,refined,strongest_peak,1,ambiguous_peak,ambiguous_peak,false,pdv_channel_2,automatic
0.00074871881499162486,507812499.82683295,nan,nan,nan,nan,nan,candidate,refined,strongest_peak,1,unstable_detection,unstable_detection,false,pdv_channel_2,automatic
0.00074872201499162595,498046874.83016306,nan,nan,nan,nan,nan,candidate,refined,strongest_peak,1,unstable_detection,unstable_detection,false,pdv_channel_2,automatic
0.00074872521499162704,488281249.83349323,nan,nan,nan,nan,nan,candidate,refined,strongest_peak,1,ambiguous_peak,ambiguous_peak,false,pdv_channel_2,automatic
0.00074872841499162813,507812499.82683295,nan,nan,nan,nan,nan,candidate,refined,strongest_peak,1,ambiguous_peak,ambiguous_peak,false,pdv_channel_2,automatic
0.00074873161499162922,58593749.980019182,nan,nan,nan,nan,nan,candidate,boundary_peak,strongest_peak,1,ambiguous_peak,ambiguous_peak,false,pdv_channel_2,automatic
0.00074873481499163031,58593749.980019182,nan,nan,nan,nan,nan,candidate,boundary_peak,strongest_peak,1,peak_at_band_boundary,peak_at_band_boundary,false,pdv_channel_2,automatic
0.0007487380149916314,58593749.980019182,nan,nan,nan,nan,nan,candidate,boundary_peak,strongest_peak,1,peak_at_band_boundary,peak_at_band_boundary,false,pdv_channel_2,automatic
0.00074874121499163249,58593749.980019182,nan,nan,nan,nan,nan,candidate,boundary_peak,strongest_peak,1,peak_at_band_boundary,peak_at_band_boundary,false,pdv_channel_2,automatic
0.00074874441499163359,58593749.980019182,nan,nan,nan,nan,nan,candidate,boundary_peak,strongest_peak,1,peak_at_band_boundary,peak_at_band_boundary,false,pdv_channel_2,automatic
0.00074874761499163468,58593749.980019182,nan,nan,nan,nan,nan,candidate,boundary_peak,strongest_peak,1,ambiguous_peak,ambiguous_peak,false,pdv_channel_2,automatic
0.00074875081499163577,488281249.83349323,nan,nan,nan,nan,nan,candidate,refined,strongest_peak,1,ambiguous_peak,ambiguous_peak,false,pdv_channel_2,automatic
0.00074875401499163686,507812499.82683295,505328695.4223361,391.62973895231045,391.62973895231045,311.57759233299083,311.57759233299083,candidate,refined,strongest_peak,1,measured,quality_gated_measurement,false,pdv_channel_2,automatic
0.00074875721499163795,507812499.82683295,506220842.25193876,392.32115274525256,392.32115274525256,312.12316116962467,312.12316116962467,candidate,refined,strongest_peak,1,measured,quality_gated_measurement,false,pdv_channel_2,automatic
0.00074876041499163904,498046874.83016306,501862854.89248192,388.94371254167351,388.94371254167351,309.45807400200204,309.45807400200204,candidate,refined,strongest_peak,1,measured,quality_gated_measurement,false,pdv_channel_2,automatic
0.00074876361499164013,507812499.82683295,503466128.55997801,390.18624963398292,390.18624963398292,310.43856327522229,310.43856327522229,candidate,refined,strongest_peak,1,measured,quality_gated_measurement,false,pdv_channel_2,automatic
0.00074876681499164122,507812499.82683295,508203639.54946172,393.85782065083282,393.85782065083282,313.33566028853278,313.33566028853278,candidate,refined,strongest_peak,1,measured,quality_gated_measurement,false,pdv_channel_2,automatic
0.00074877001499164232,507812499.82683295,509743965.61279643,395.05157334991725,395.05157334991725,314.27755732340682,314.27755732340682,candidate,refined,strongest_peak,1,measured,quality_gated_measurement,false,pdv_channel_2,automatic
0.00074877321499164341,498046874.83016306,502130307.8681829,389.15098859784172,389.15098859784172,309.62163786344814,309.62163786344814,candidate,refined,strongest_peak,1,measured,quality_gated_measurement,false,pdv_channel_2,automatic
0.0007487764149916445,507812499.82683295,503044047.18096828,389.85913656525042,389.85913656525042,310.18043998238102,310.18043998238102,candidate,refined,strongest_peak,1,measured,quality_gated_measurement,false,pdv_channel_2,automatic
0.00074877961499164559,507812499.82683295,511613148.43496698,396.5001900370994,396.5001900370994,315.42051629127536,315.42051629127536,candidate,refined,strongest_peak,1,measured,quality_gated_measurement,false,pdv_channel_2,automatic
0.00074878281499164668,517578124.82350278,513020904.5443002,397.59120102183266,397.59120102183266,316.28130164855941,316.28130164855941,candidate,refined,strongest_peak,1,measured,quality_gated_measurement,false,pdv_channel_2,automatic
0.00074878601499164777,517578124.82350278,514576805.06376475,398.79702392441766,398.79702392441766,317.23264873033156,317.23264873033156,candidate,refined,strongest_peak,1,measured,quality_gated_measurement,false,pdv_channel_2,automatic
0.00074878921499164886,527343749.82017267,525433778.52503836,407.21117835690472,407.21117835690472,323.8704346975432,323.8704346975432,candidate,refined,strongest_peak,1,measured,quality_gated_measurement,false,pdv_channel_2,automatic
0.00074879241499164995,517578124.82350278,515744593.49160028,399.70205995599019,399.70205995599019,317.94667124229102,317.94667124229102,candidate,refined,strongest_peak,1,measured,quality_gated_measurement,false,pdv_channel_2,automatic
0.00074879561499165105,507812499.82683295,506710049.02458084,392.70028799405014,392.70028799405014,312.42231930613667,312.42231930613667,candidate,refined,strongest_peak,1,measured,quality_gated_measurement,false,pdv_channel_2,automatic
0.00074879881499165214,507812499.82683295,506795194.48477471,392.76627572570038,392.76627572570038,312.47438693933577,312.47438693933577,candidate,refined,strongest_peak,1,measured,quality_gated_measurement,false,pdv_channel_2,automatic
0.00074880201499165323,507812499.82683295,511125250.89378107,396.1220694426803,396.1220694426803,315.12218234492997,315.12218234492997,candidate,refined,strongest_peak,1,measured,quality_gated_measurement,false,pdv_channel_2,automatic
0.00074880521499165432,517578124.82350278,nan,nan,nan,nan,nan,candidate,refined,strongest_peak,1,ambiguous_peak,ambiguous_peak,false,pdv_channel_2,automatic
0.00074880841499165541,507812499.82683295,505132017.85062951,391.47731383423786,391.47731383423786,311.45731829522339,311.45731829522339,candidate,refined,strongest_peak,1,measured,quality_gated_measurement,false,pdv_channel_2,automatic
0.0007488116149916565,498046874.83016306,500791110.70780474,388.11311079854869,388.11311079854869,308.80262967281175,308.80262967281175,candidate,refined,strongest_peak,1,measured,quality_gated_measurement,false,pdv_channel_2,automatic
0.00074881481499165759,507812499.82683295,509100249.62553942,394.55269345979303,394.55269345979303,313.88393300233275,313.88393300233275,candidate,refined,strongest_peak,1,measured,quality_gated_measurement,false,pdv_channel_2,automatic
0.00074881801499165868,507812499.82683295,512020450.53065217,396.81584916125541,396.81584916125541,315.66956687983446,315.66956687983446,candidate,refined,strongest_peak,1,measured,quality_gated_measurement,false,pdv_channel_2,automatic
0.00074882121499165977,507812499.82683295,512376732.78222495,397.09196790622434,397.09196790622434,315.88741933585283,315.88741933585283,candidate,refined,strongest_peak,1,measured,quality_gated_measurement,false,pdv_channel_2,automatic
0.00074882441499166087,507812499.82683295,512004627.05675197,396.80358596898276,396.80358596898276,315.65989142475422,315.65989142475422,candidate,refined,strongest_peak,1,measured,quality_gated_measurement,false,pdv_channel_2,automatic
0.00074882761499166196,507812499.82683295,509620595.97764111,394.95596188267183,394.95596188267183,314.20211864160274,314.20211864160274,candidate,refined,strongest_peak,1,measured,quality_gated_measurement,false,pdv_channel_2,automatic
0.00074883081499166305,507812499.82683295,508300722.69662499,393.93306008988435,393.93306008988435,313.3950265449389,313.3950265449389,candidate,refined,strongest_peak,1,measured,quality_gated_measurement,false,pdv_channel_2,automatic
0.00074883401499166414,507812499.82683295,507146575.50007737,393.03859601255994,393.03859601255994,312.68926055886226,312.68926055886226,candidate,refined,strongest_peak,1,measured,quality_gated_measurement,false,pdv_channel_2,automatic
0.00074883721499166523,507812499.82683295,506908240.99266207,392.85388676931308,392.85388676931308,312.5435163404369,312.5435163404369,candidate,refined,strongest_peak,1,measured,quality_gated_measurement,false,pdv_channel_2,automatic
0.00074884041499166632,507812499.82683295,505540020.39910555,391.79351580930677,391.79351580930677,311.70682325586085,311.70682325586085,candidate,refined,strongest_peak,1,measured,quality_gated_measurement,false,pdv_channel_2,automatic
0.00074884361499166741,507812499.82683295,508861050.40897167,394.36731406695304,394.36731406695304,313.73766461627861,313.73766461627861,candidate,refined,strongest_peak,1,measured,quality_gated_measurement,false,pdv_channel_2,automatic
0.0007488468149916685,517578124.82350278,514016206.54439282,398.36256007190445,398.36256007190445,316.88987647492826,316.88987647492826,candidate,refined,strongest_peak,1,measured,quality_gated_measurement,false,pdv_channel_2,automatic
0.0007488500149916696,517578124.82350278,516345909.84508842,400.16808012994352,400.16808012994352,318.31432976882559,318.31432976882559,candidate,refined,strongest_peak,1,measured,quality_gated_measurement,false,pdv_channel_2,automatic
0.00074885321499167069,498046874.83016306,502077665.51838022,389.11019077674467,389.11019077674467,309.58944390157075,309.58944390157075,candidate,refined,strongest_peak,1,measured,quality_gated_measurement,false,pdv_channel_2,automatic
0.00074885641499167178,498046874.83016306,499643731.06172788,387.22389157283908,387.22389157283908,308.10091637480218,308.10091637480218,candidate,refined,strongest_peak,1,measured,quality_gated_measurement,false,pdv_channel_2,automatic
0.00074885961499167287,507812499.82683295,nan,nan,nan,nan,nan,candidate,refined,strongest_peak,1,ambiguous_peak,ambiguous_peak,false,pdv_channel_2,automatic
0.00074886281499167396,517578124.82350278,nan,nan,nan,nan,nan,candidate,refined,strongest_peak,1,ambiguous_peak,ambiguous_peak,false,pdv_channel_2,automatic
0.00074886601499167505,58593749.980019182,nan,nan,nan,nan,nan,candidate,boundary_peak,strongest_peak,1,ambiguous_peak,ambiguous_peak,false,pdv_channel_2,automatic
0.00074886921499167614,58593749.980019182,nan,nan,nan,nan,nan,candidate,boundary_peak,strongest_peak,1,ambiguous_peak,ambiguous_peak,false,pdv_channel_2,automatic
0.00074887241499167723,58593749.980019182,nan,nan,nan,nan,nan,candidate,boundary_peak,strongest_peak,1,ambiguous_peak,ambiguous_peak,false,pdv_channel_2,automatic
0.00074887561499167833,58593749.980019182,nan,nan,nan,nan,nan,candidate,boundary_peak,strongest_peak,1,peak_at_band_boundary,peak_at_band_boundary,false,pdv_channel_2,automatic
0.00074887881499167942,58593749.980019182,nan,nan,nan,nan,nan,candidate,boundary_peak,strongest_peak,1,peak_at_band_boundary,peak_at_band_boundary,false,pdv_channel_2,automatic
0.00074888201499168051,58593749.980019182,nan,nan,nan,nan,nan,candidate,boundary_peak,strongest_peak,1,ambiguous_peak,ambiguous_peak,false,pdv_channel_2,automatic
0.0007488852149916816,468749999.84015346,nan,nan,nan,nan,nan,candidate,refined,strongest_peak,1,ambiguous_peak,ambiguous_peak,false,pdv_channel_2,automatic
0.00074888841499168269,488281249.83349323,nan,nan,nan,nan,nan,candidate,refined,strongest_peak,1,ambiguous_peak,ambiguous_peak,false,pdv_channel_2,automatic
0.00074889161499168378,58593749.980019182,nan,nan,nan,nan,nan,candidate,boundary_peak,strongest_peak,1,peak_at_band_boundary,peak_at_band_boundary,false,pdv_channel_2,automatic
0.00074889481499168487,58593749.980019182,nan,nan,nan,nan,nan,candidate,boundary_peak,strongest_peak,1,peak_at_band_boundary,peak_at_band_boundary,false,pdv_channel_2,automatic
0.00074889801499168596,58593749.980019182,nan,nan,nan,nan,nan,candidate,boundary_peak,strongest_peak,1,ambiguous_peak,ambiguous_peak,false,pdv_channel_2,automatic
0.00074890121499168706,58593749.980019182,nan,nan,nan,nan,nan,candidate,boundary_peak,strongest_peak,1,ambiguous_peak,ambiguous_peak,false,pdv_channel_2,automatic
0.00074890441499168815,58593749.980019182,nan,nan,nan,nan,nan,candidate,boundary_peak,strongest_peak,1,ambiguous_peak,ambiguous_peak,false,pdv_channel_2,automatic
0.00074890761499168924,488281249.83349323,nan,nan,nan,nan,nan,candidate,refined,strongest_peak,1,ambiguous_peak,ambiguous_peak,false,pdv_channel_2,automatic
0.00074891081499169033,488281249.83349323,nan,nan,nan,nan,nan,candidate,refined,strongest_peak,1,ambiguous_peak,ambiguous_peak,false,pdv_channel_2,automatic
0.00074891401499169142,498046874.83016306,nan,nan,nan,nan,nan,candidate,refined,strongest_peak,1,ambiguous_peak,ambiguous_peak,false,pdv_channel_2,automatic
0.00074891721499169251,498046874.83016306,nan,nan,nan,nan,nan,candidate,refined,strongest_peak,1,ambiguous_peak,ambiguous_peak,false,pdv_channel_2,automatic
0.0007489204149916936,498046874.83016306,nan,nan,nan,nan,nan,candidate,refined,strongest_peak,1,ambiguous_peak,ambiguous_peak,false,pdv_channel_2,automatic
0.00074892361499169469,58593749.980019182,nan,nan,nan,nan,nan,candidate,boundary_peak,strongest_peak,1,ambiguous_peak,ambiguous_peak,false,pdv_channel_2,automatic
0.00074892681499169579,478515624.83682334,nan,nan,nan,nan,nan,candidate,refined,strongest_peak,1,ambiguous_peak,ambiguous_peak,false,pdv_channel_2,automatic
0.00074893001499169688,478515624.83682334,nan,nan,nan,nan,nan,candidate,refined,strongest_peak,1,ambiguous_peak,ambiguous_peak,false,pdv_channel_2,automatic
0.00074893321499169797,488281249.83349323,nan,nan,nan,nan,nan,candidate,refined,strongest_peak,1,ambiguous_peak,ambiguous_peak,false,pdv_channel_2,automatic
0.00074893641499169906,507812499.82683295,nan,nan,nan,nan,nan,candidate,refined,strongest_peak,1,ambiguous_peak,ambiguous_peak,false,pdv_channel_2,automatic
0.00074893961499170015,58593749.980019182,nan,nan,nan,nan,nan,candidate,boundary_peak,strongest_peak,1,ambiguous_peak,ambiguous_peak,false,pdv_channel_2,automatic
0.00074894281499170124,58593749.980019182,nan,nan,nan,nan,nan,candidate,boundary_peak,strongest_peak,1,ambiguous_peak,ambiguous_peak,false,pdv_channel_2,automatic
