time_s,time_from_event_s,coarse_peak_frequency_hz,refined_frequency_hz,apparent_velocity_m_s,angle_corrected_apparent_velocity_m_s,corrected_velocity_m_s,display_velocity_m_s,ridge_quality_flag,ridge_refinement_status,ridge_selection_origin,selected_candidate_rank,signal_state,velocity_origin,is_pre_event_display_only,channel,analysis_mode
0.0007439636149900033,-2.2592000007704005e-06,58593749.980019182,nan,nan,nan,nan,nan,candidate,boundary_peak,strongest_peak,1,peak_at_band_boundary,peak_at_band_boundary,false,pdv_channel_1,automatic
0.0007439668149900044,-2.2560000007693093e-06,58593749.980019182,nan,nan,nan,nan,nan,candidate,boundary_peak,strongest_peak,1,peak_at_band_boundary,peak_at_band_boundary,false,pdv_channel_1,automatic
0.00074397001499000549,-2.2528000007682181e-06,58593749.980019182,nan,nan,nan,nan,nan,candidate,boundary_peak,strongest_peak,1,peak_at_band_boundary,peak_at_band_boundary,false,pdv_channel_1,automatic
0.00074397321499000658,-2.2496000007671269e-06,58593749.980019182,nan,nan,nan,nan,nan,candidate,boundary_peak,strongest_peak,1,no_detectable_beat,no_detectable_beat,false,pdv_channel_1,automatic
0.00074397641499000767,-2.2464000007660356e-06,58593749.980019182,nan,nan,nan,nan,nan,candidate,boundary_peak,strongest_peak,1,peak_at_band_boundary,peak_at_band_boundary,false,pdv_channel_1,automatic
0.00074397961499000876,-2.2432000007649444e-06,58593749.980019182,nan,nan,nan,nan,nan,candidate,boundary_peak,strongest_peak,1,ambiguous_peak,ambiguous_peak,false,pdv_channel_1,automatic
0.00074398281499000985,-2.2400000007638532e-06,136718749.95337811,nan,nan,nan,nan,nan,candidate,refined,strongest_peak,1,unstable_detection,unstable_detection,false,pdv_channel_1,automatic
0.00074398601499001094,-2.236800000762762e-06,117187499.96003836,nan,nan,nan,nan,nan,candidate,refined,strongest_peak,1,unstable_detection,unstable_detection,false,pdv_channel_1,automatic
0.00074398921499001203,-2.2336000007616708e-06,58593749.980019182,nan,nan,nan,nan,nan,candidate,boundary_peak,strongest_peak,1,peak_at_band_boundary,peak_at_band_boundary,false,pdv_channel_1,automatic
0.00074399241499001313,-2.2304000007605795e-06,58593749.980019182,nan,nan,nan,nan,nan,candidate,boundary_peak,strongest_peak,1,no_detectable_beat,no_detectable_beat,false,pdv_channel_1,automatic
0.00074399561499001422,-2.2272000007594883e-06,58593749.980019182,nan,nan,nan,nan,nan,candidate,boundary_peak,strongest_peak,1,no_detectable_beat,no_detectable_beat,false,pdv_channel_1,automatic
0.00074399881499001531,-2.2240000007583971e-06,58593749.980019182,nan,nan,nan,nan,nan,candidate,boundary_peak,strongest_peak,1,peak_at_band_boundary,peak_at_band_boundary,false,pdv_channel_1,automatic
0.0007440020149900164,-2.2208000007573059e-06,58593749.980019182,nan,nan,nan,nan,nan,candidate,boundary_peak,strongest_peak,1,peak_at_band_boundary,peak_at_band_boundary,false,pdv_channel_1,automatic
0.00074400521499001749,-2.2176000007562147e-06,126953124.95670824,nan,nan,nan,nan,nan,candidate,refined,strongest_peak,1,no_detectable_beat,no_detectable_beat,false,pdv_channel_1,automatic
0.00074400841499001858,-2.2144000007551234e-06,58593749.980019182,nan,nan,nan,nan,nan,candidate,boundary_peak,strongest_peak,1,peak_at_band_boundary,peak_at_band_boundary,false,pdv_channel_1,automatic
0.00074401161499001967,-2.2112000007540322e-06,58593749.980019182,nan,nan,nan,nan,nan,candidate,boundary_peak,strongest_peak,1,peak_at_band_boundary,peak_at_band_boundary,false,pdv_channel_1,automatic
0.00074401481499002076,-2.208000000752941e-06,117187499.96003836,nan,nan,nan,nan,nan,candidate,refined,strongest_peak,1,ambiguous_peak,ambiguous_peak,false,pdv_channel_1,automatic
0.00074401801499002186,-2.2048000007518498e-06,58593749.980019182,nan,nan,nan,nan,nan,candidate,boundary_peak,strongest_peak,1,peak_at_band_boundary,peak_at_band_boundary,false,pdv_channel_1,automatic
0.00074402121499002295,-2.2016000007507586e-06,126953124.95670824,nan,nan,nan,nan,nan,candidate,refined,strongest_peak,1,unstable_detection,unstable_detection,false,pdv_channel_1,automatic
0.00074402441499002404,-2.1984000007496673e-06,58593749.980019182,nan,nan,nan,nan,nan,candidate,boundary_peak,strongest_peak,1,peak_at_band_boundary,peak_at_band_boundary,false,pdv_channel_1,automatic
0.00074402761499002513,-2.1952000007485761e-06,58593749.980019182,nan,nan,nan,nan,nan,candidate,boundary_peak,strongest_peak,1,peak_at_band_boundary,peak_at_band_boundary,false,pdv_channel_1,automatic
0.00074403081499002622,-2.1920000007474849e-06,58593749.980019182,nan,nan,nan,nan,nan,candidate,boundary_peak,strongest_peak,1,no_detectable_beat,no_detectable_beat,false,pdv_channel_1,automatic
0.00074403401499002731,-2.1888000007463937e-06,58593749.980019182,nan,nan,nan,nan,nan,candidate,boundary_peak,strongest_peak,1,peak_at_band_boundary,peak_at_band_boundary,false,pdv_channel_1,automatic
0.0007440372149900284,-2.1856000007453025e-06,58593749.980019182,nan,nan,nan,nan,nan,candidate,boundary_peak,strongest_peak,1,no_detectable_beat,no_detectable_beat,false,pdv_channel_1,automatic
0.00074404041499002949,-2.1824000007442113e-06,58593749.980019182,nan,nan,nan,nan,nan,candidate,boundary_peak,strongest_peak,1,ambiguous_peak,ambiguous_peak,false,pdv_channel_1,automatic
0.00074404361499003059,-2.17920000074312e-06,58593749.980019182,nan,nan,nan,nan,nan,candidate,boundary_peak,strongest_peak,1,peak_at_band_boundary,peak_at_band_boundary,false,pdv_channel_1,automatic
0.00074404681499003168,-2.1760000007420288e-06,1835937499.3739345,nan,nan,nan,nan,nan,candidate,refined,strongest_peak,1,ambiguous_peak,ambiguous_peak,false,pdv_channel_1,automatic
0.00074405001499003277,-2.1728000007409376e-06,58593749.980019182,nan,nan,nan,nan,nan,candidate,boundary_peak,strongest_peak,1,ambiguous_peak,ambiguous_peak,false,pdv_channel_1,automatic
0.00074405321499003386,-2.1696000007398464e-06,58593749.980019182,nan,nan,nan,nan,nan,candidate,boundary_peak,strongest_peak,1,peak_at_band_boundary,peak_at_band_boundary,false,pdv_channel_1,automatic
0.00074405641499003495,-2.1664000007387552e-06,58593749.980019182,nan,nan,nan,nan,nan,candidate,boundary_peak,strongest_peak,1,peak_at_band_boundary,peak_at_band_boundary,false,pdv_channel_1,automatic
0.00074405961499003604,-2.1632000007376639e-06,58593749.980019182,nan,nan,nan,nan,nan,candidate,boundary_peak,strongest_peak,1,peak_at_band_boundary,peak_at_band_boundary,false,pdv_channel_1,automatic
0.00074406281499003713,-2.1600000007365727e-06,58593749.980019182,nan,nan,nan,nan,nan,candidate,boundary_peak,strongest_peak,1,peak_at_band_boundary,peak_at_band_boundary,false,pdv_channel_1,automatic
0.00074406601499003822,-2.1568000007354815e-06,58593749.980019182,nan,nan,nan,nan,nan,candidate,boundary_peak,strongest_peak,1,peak_at_band_boundary,peak_at_band_boundary,false,pdv_channel_1,automatic
0.00074406921499003931,-2.1536000007343903e-06,58593749.980019182,nan,nan,nan,nan,nan,candidate,boundary_peak,strongest_peak,1,peak_at_band_boundary,peak_at_band_boundary,false,pdv_channel_1,automatic
0.00074407241499004041,-2.1504000007332991e-06,58593749.980019182,nan,nan,nan,nan,nan,candidate,boundary_peak,strongest_peak,1,peak_at_band_boundary,peak_at_band_boundary,false,pdv_channel_1,automatic
0.0007440756149900415,-2.1472000007322078e-06,58593749.980019182,nan,nan,nan,nan,nan,candidate,boundary_peak,strongest_peak,1,peak_at_band_boundary,peak_at_band_boundary,false,pdv_channel_1,automatic
0.00074407881499004259,-2.1440000007311166e-06,117187499.96003836,nan,nan,nan,nan,nan,candidate,refined,strongest_peak,1,unstable_detection,unstable_detection,false,pdv_channel_1,automatic
0.00074408201499004368,-2.1408000007300254e-06,58593749.980019182,nan,nan,nan,nan,nan,candidate,boundary_peak,strongest_peak,1,peak_at_band_boundary,peak_at_band_boundary,false,pdv_channel_1,automatic
0.00074408521499004477,-2.1376000007289342e-06,107421874.96336851,nan,nan,nan,nan,nan,candidate,refined,strongest_peak,1,unstable_detection,unstable_detection,false,pdv_channel_1,automatic
0.00074408841499004586,-2.134400000727843e-06,117187499.96003836,nan,nan,nan,nan,nan,candidate,refined,strongest_peak,1,unstable_detection,unstable_detection,false,pdv_channel_1,automatic
0.00074409161499004695,-2.1312000007267518e-06,58593749.980019182,nan,nan,nan,nan,nan,candidate,boundary_peak,strongest_peak,1,peak_at_band_boundary,peak_at_band_boundary,false,pdv_channel_1,automatic
0.00074409481499004804,-2.1280000007256605e-06,117187499.96003836,nan,nan,nan,nan,nan,candidate,refined,strongest_peak,1,ambiguous_peak,ambiguous_peak,false,pdv_channel_1,automatic
0.00074409801499004914,-2.1248000007245693e-06,1845703124.3706043,nan,nan,nan,nan,nan,candidate,refined,strongest_peak,1,no_detectable_beat,no_detectable_beat,false,pdv_channel_1,automatic
0.00074410121499005023,-2.1216000007234781e-06,58593749.980019182,nan,nan,nan,nan,nan,candidate,boundary_peak,strongest_peak,1,peak_at_band_boundary,peak_at_band_boundary,false,pdv_channel_1,automatic
0.00074410441499005132,-2.1184000007223869e-06,58593749.980019182,nan,nan,nan,nan,nan,candidate,boundary_peak,strongest_peak,1,ambiguous_peak,ambiguous_peak,false,pdv_channel_1,automatic
0.00074410761499005241,-2.1152000007212957e-06,1816406249.3805947,nan,nan,nan,nan,nan,candidate,refined,strongest_peak,1,no_detectable_beat,no_detectable_beat,false,pdv_channel_1,automatic
0.0007441108149900535,-2.1120000007202044e-06,58593749.980019182,nan,nan,nan,nan,nan,candidate,boundary_peak,strongest_peak,1,peak_at_band_boundary,peak_at_band_boundary,false,pdv_channel_1,automatic
0.00074411401499005459,-2.1088000007191132e-06,58593749.980019182,nan,nan,nan,nan,nan,candidate,boundary_peak,strongest_peak,1,ambiguous_peak,ambiguous_peak,false,pdv_channel_1,automatic
0.00074411721499005568,-2.105600000718022e-06,1826171874.3772647,nan,nan,nan,nan,nan,candidate,refined,strongest_peak,1,ambiguous_peak,ambiguous_peak,false,pdv_channel_1,automatic
0.00074412041499005677,-2.1024000007169308e-06,58593749.980019182,nan,nan,nan,nan,nan,candidate,boundary_peak,strongest_peak,1,ambiguous_peak,ambiguous_peak,false,pdv_channel_1,automatic
0.00074412361499005787,-2.0992000007158396e-06,58593749.980019182,nan,nan,nan,nan,nan,candidate,boundary_peak,strongest_peak,1,peak_at_band_boundary,peak_at_band_boundary,false,pdv_channel_1,automatic
0.00074412681499005896,-2.0960000007147483e-06,146484374.95004797,nan,nan,nan,nan,nan,candidate,refined,strongest_peak,1,unstable_detection,unstable_detection,false,pdv_channel_1,automatic
0.00074413001499006005,-2.0928000007136571e-06,58593749.980019182,nan,nan,nan,nan,nan,candidate,boundary_peak,strongest_peak,1,peak_at_band_boundary,peak_at_band_boundary,false,pdv_channel_1,automatic
0.00074413321499006114,-2.0896000007125659e-06,58593749.980019182,nan,nan,nan,nan,nan,candidate,boundary_peak,strongest_peak,1,peak_at_band_boundary,peak_at_band_boundary,false,pdv_channel_1,automatic
0.00074413641499006223,-2.0864000007114747e-06,58593749.980019182,nan,nan,nan,nan,nan,candidate,boundary_peak,strongest_peak,1,peak_at_band_boundary,peak_at_band_boundary,false,pdv_channel_1,automatic
0.00074413961499006332,-2.0832000007103835e-06,58593749.980019182,nan,nan,nan,nan,nan,candidate,boundary_peak,strongest_peak,1,peak_at_band_boundary,peak_at_band_boundary,false,pdv_channel_1,automatic
0.00074414281499006441,-2.0800000007092923e-06,58593749.980019182,nan,nan,nan,nan,nan,candidate,boundary_peak,strongest_peak,1,peak_at_band_boundary,peak_at_band_boundary,false,pdv_channel_1,automatic
0.0007441460149900655,-2.076800000708201e-06,58593749.980019182,nan,nan,nan,nan,nan,candidate,boundary_peak,strongest_peak,1,peak_at_band_boundary,peak_at_band_boundary,false,pdv_channel_1,automatic
0.0007441492149900666,-2.0736000007071098e-06,58593749.980019182,nan,nan,nan,nan,nan,candidate,boundary_peak,strongest_peak,1,ambiguous_peak,ambiguous_peak,false,pdv_channel_1,automatic
0.00074415241499006769,-2.0704000007060186e-06,58593749.980019182,nan,nan,nan,nan,nan,candidate,boundary_peak,strongest_peak,1,peak_at_band_boundary,peak_at_band_boundary,false,pdv_channel_1,automatic
0.00074415561499006878,-2.0672000007049274e-06,58593749.980019182,nan,nan,nan,nan,nan,candidate,boundary_peak,strongest_peak,1,ambiguous_peak,ambiguous_peak,false,pdv_channel_1,automatic
0.00074415881499006987,-2.0640000007038362e-06,126953124.95670824,nan,nan,nan,nan,nan,candidate,refined,strongest_peak,1,ambiguous_peak,ambiguous_peak,false,pdv_channel_1,automatic
0.00074416201499007096,-2.0608000007027449e-06,58593749.980019182,nan,nan,nan,nan,nan,candidate,boundary_peak,strongest_peak,1,peak_at_band_boundary,peak_at_band_boundary,false,pdv_channel_1,automatic
0.00074416521499007205,-2.0576000007016537e-06,117187499.96003836,nan,nan,nan,nan,nan,candidate,refined,strongest_peak,1,ambiguous_peak,ambiguous_peak,false,pdv_channel_1,automatic
0.00074416841499007314,-2.0544000007005625e-06,58593749.980019182,nan,nan,nan,nan,nan,candidate,boundary_peak,strongest_peak,1,ambiguous_peak,ambiguous_peak,false,pdv_channel_1,automatic
0.00074417161499007423,-2.0512000006994713e-06,58593749.980019182,nan,nan,nan,nan,nan,candidate,boundary_peak,strongest_peak,1,peak_at_band_boundary,peak_at_band_boundary,false,pdv_channel_1,automatic
0.00074417481499007533,-2.0480000006983801e-06,117187499.96003836,nan,nan,nan,nan,nan,candidate,refined,strongest_peak,1,unstable_detection,unstable_detection,false,pdv_channel_1,automatic
0.00074417801499007642,-2.0448000006972888e-06,117187499.96003836,nan,nan,nan,nan,nan,candidate,refined,strongest_peak,1,unstable_detection,unstable_detection,false,pdv_channel_1,automatic
0.00074418121499007751,-2.0416000006961976e-06,58593749.980019182,nan,nan,nan,nan,nan,candidate,boundary_peak,strongest_peak,1,peak_at_band_boundary,peak_at_band_boundary,false,pdv_channel_1,automatic
0.0007441844149900786,-2.0384000006951064e-06,107421874.96336851,nan,nan,nan,nan,nan,candidate,refined,strongest_peak,1,no_detectable_beat,no_detectable_beat,false,pdv_channel_1,automatic
0.00074418761499007969,-2.0352000006940152e-06,58593749.980019182,nan,nan,nan,nan,nan,candidate,boundary_peak,strongest_peak,1,peak_at_band_boundary,peak_at_band_boundary,false,pdv_channel_1,automatic
0.00074419081499008078,-2.032000000692924e-06,58593749.980019182,nan,nan,nan,nan,nan,candidate,boundary_peak,strongest_peak,1,peak_at_band_boundary,peak_at_band_boundary,false,pdv_channel_1,automatic
0.00074419401499008187,-2.0288000006918328e-06,58593749.980019182,nan,nan,nan,nan,nan,candidate,boundary_peak,strongest_peak,1,peak_at_band_boundary,peak_at_band_boundary,false,pdv_channel_1,automatic
0.00074419721499008296,-2.0256000006907415e-06,1806640624.383925,nan,nan,nan,nan,nan,candidate,refined,strongest_peak,1,ambiguous_peak,ambiguous_peak,false,pdv_channel_1,automatic
0.00074420041499008405,-2.0224000006896503e-06,58593749.980019182,nan,nan,nan,nan,nan,candidate,boundary_peak,strongest_peak,1,peak_at_band_boundary,peak_at_band_boundary,false,pdv_channel_1,automatic
0.00074420361499008515,-2.0192000006885591e-06,58593749.980019182,nan,nan,nan,nan,nan,candidate,boundary_peak,strongest_peak,1,peak_at_band_boundary,peak_at_band_boundary,false,pdv_channel_1,automatic
0.00074420681499008624,-2.0160000006874679e-06,117187499.96003836,nan,nan,nan,nan,nan,candidate,refined,strongest_peak,1,unstable_detection,unstable_detection,false,pdv_channel_1,automatic
0.00074421001499008733,-2.0128000006863767e-06,58593749.980019182,nan,nan,nan,nan,nan,candidate,boundary_peak,strongest_peak,1,peak_at_band_boundary,peak_at_band_boundary,false,pdv_channel_1,automatic
0.00074421321499008842,-2.0096000006852854e-06,58593749.980019182,nan,nan,nan,nan,nan,candidate,boundary_peak,strongest_peak,1,peak_at_band_boundary,peak_at_band_boundary,false,pdv_channel_1,automatic
0.00074421641499008951,-2.0064000006841942e-06,58593749.980019182,nan,nan,nan,nan,nan,candidate,boundary_peak,strongest_peak,1,peak_at_band_boundary,peak_at_band_boundary,false,pdv_channel_1,automatic
0.0007442196149900906,-2.003200000683103e-06,58593749.980019182,nan,nan,nan,nan,nan,candidate,boundary_peak,strongest_peak,1,peak_at_band_boundary,peak_at_band_boundary,false,pdv_channel_1,automatic
0.00074422281499009169,-2.0000000006820118e-06,58593749.980019182,nan,nan,nan,nan,nan,candidate,boundary_peak,strongest_peak,1,peak_at_band_boundary,peak_at_band_boundary,false,pdv_channel_1,automatic
0.00074422601499009278,-1.9968000006809206e-06,58593749.980019182,nan,nan,nan,nan,nan,candidate,boundary_peak,strongest_peak,1,peak_at_band_boundary,peak_at_band_boundary,false,pdv_channel_1,automatic
0.00074422921499009388,-1.9936000006798293e-06,58593749.980019182,nan,nan,nan,nan,nan,candidate,boundary_peak,strongest_peak,1,peak_at_band_boundary,peak_at_band_boundary,false,pdv_channel_1,automatic
0.00074423241499009497,-1.9904000006787381e-06,58593749.980019182,nan,nan,nan,nan,nan,candidate,boundary_peak,strongest_peak,1,peak_at_band_boundary,peak_at_band_boundary,false,pdv_channel_1,automatic
0.00074423561499009606,-1.9872000006776469e-06,58593749.980019182,nan,nan,nan,nan,nan,candidate,boundary_peak,strongest_peak,1,peak_at_band_boundary,peak_at_band_boundary,false,pdv_channel_1,automatic
0.00074423881499009715,-1.9840000006765557e-06,58593749.980019182,nan,nan,nan,nan,nan,candidate,boundary_peak,strongest_peak,1,peak_at_band_boundary,peak_at_band_boundary,false,pdv_channel_1,automatic
0.00074424201499009824,-1.9808000006754645e-06,58593749.980019182,nan,nan,nan,nan,nan,candidate,boundary_peak,strongest_peak,1,peak_at_band_boundary,peak_at_band_boundary,false,pdv_channel_1,automatic
0.00074424521499009933,-1.9776000006743732e-06,58593749.980019182,nan,nan,nan,nan,nan,candidate,boundary_peak,strongest_peak,1,peak_at_band_boundary,peak_at_band_boundary,false,pdv_channel_1,automatic
0.00074424841499010042,-1.974400000673282e-06,58593749.980019182,nan,nan,nan,nan,nan,candidate,boundary_peak,strongest_peak,1,peak_at_band_boundary,peak_at_band_boundary,false,pdv_channel_1,automatic
0.00074425161499010151,-1.9712000006721908e-06,58593749.980019182,nan,nan,nan,nan,nan,candidate,boundary_peak,strongest_peak,1,peak_at_band_boundary,peak_at_band_boundary,false,pdv_channel_1,automatic
0.00074425481499010261,-1.9680000006710996e-06,58593749.980019182,nan,nan,nan,nan,nan,candidate,boundary_peak,strongest_peak,1,peak_at_band_boundary,peak_at_band_boundary,false,pdv_channel_1,automatic
0.0007442580149901037,-1.9648000006700084e-06,58593749.980019182,nan,nan,nan,nan,nan,candidate,boundary_peak,strongest_peak,1,peak_at_band_boundary,peak_at_band_boundary,false,pdv_channel_1,automatic
0.00074426121499010479,-1.9616000006689172e-06,58593749.980019182,nan,nan,nan,nan,nan,candidate,boundary_peak,strongest_peak,1,peak_at_band_boundary,peak_at_band_boundary,false,pdv_channel_1,automatic
0.00074426441499010588,-1.9584000006678259e-06,58593749.980019182,nan,nan,nan,nan,nan,candidate,boundary_peak,strongest_peak,1,peak_at_band_boundary,peak_at_band_boundary,false,pdv_channel_1,automatic
0.00074426761499010697,-1.9552000006667347e-06,58593749.980019182,nan,nan,nan,nan,nan,candidate,boundary_peak,strongest_peak,1,peak_at_band_boundary,peak_at_band_boundary,false,pdv_channel_1,automatic
0.00074427081499010806,-1.9520000006656435e-06,58593749.980019182,nan,nan,nan,nan,nan,candidate,boundary_peak,strongest_peak,1,peak_at_band_boundary,peak_at_band_boundary,false,pdv_channel_1,automatic
0.00074427401499010915,-1.9488000006645523e-06,58593749.980019182,nan,nan,nan,nan,nan,candidate,boundary_peak,strongest_peak,1,peak_at_band_boundary,peak_at_band_boundary,false,pdv_channel_1,automatic
0.00074427721499011024,-1.9456000006634611e-06,58593749.980019182,nan,nan,nan,nan,nan,candidate,boundary_peak,strongest_peak,1,peak_at_band_boundary,peak_at_band_boundary,false,pdv_channel_1,automatic
0.00074428041499011134,-1.9424000006623698e-06,58593749.980019182,nan,nan,nan,nan,nan,candidate,boundary_peak,strongest_peak,1,peak_at_band_boundary,peak_at_band_boundary,false,pdv_channel_1,automatic
0.00074428361499011243,-1.9392000006612786e-06,58593749.980019182,nan,nan,nan,nan,nan,candidate,boundary_peak,strongest_peak,1,peak_at_band_boundary,peak_at_band_boundary,false,pdv_channel_1,automatic
0.00074428681499011352,-1.9360000006601874e-06,58593749.980019182,nan,nan,nan,nan,nan,candidate,boundary_peak,strongest_peak,1,peak_at_band_boundary,peak_at_band_boundary,false,pdv_channel_1,automatic
0.00074429001499011461,-1.9328000006590962e-06,58593749.980019182,nan,nan,nan,nan,nan,candidate,boundary_peak,strongest_peak,1,peak_at_band_boundary,peak_at_band_boundary,false,pdv_channel_1,automatic
0.0007442932149901157,-1.929600000658005e-06,117187499.96003836,nan,nan,nan,nan,nan,candidate,refined,strongest_peak,1,ambiguous_peak,ambiguous_peak,false,pdv_channel_1,automatic
0.00074429641499011679,-1.9264000006569137e-06,58593749.980019182,nan,nan,nan,nan,nan,candidate,boundary_peak,strongest_peak,1,peak_at_band_boundary,peak_at_band_boundary,false,pdv_channel_1,automatic
0.00074429961499011788,-1.9232000006558225e-06,58593749.980019182,nan,nan,nan,nan,nan,candidate,boundary_peak,strongest_peak,1,peak_at_band_boundary,peak_at_band_boundary,false,pdv_channel_1,automatic
0.00074430281499011897,-1.9200000006547313e-06,107421874.96336851,nan,nan,nan,nan,nan,candidate,refined,strongest_peak,1,unstable_detection,unstable_detection,false,pdv_channel_1,automatic
0.00074430601499012007,-1.9168000006536401e-06,58593749.980019182,nan,nan,nan,nan,nan,candidate,boundary_peak,strongest_peak,1,peak_at_band_boundary,peak_at_band_boundary,false,pdv_channel_1,automatic
0.00074430921499012116,-1.9136000006525489e-06,58593749.980019182,nan,nan,nan,nan,nan,candidate,boundary_peak,strongest_peak,1,peak_at_band_boundary,peak_at_band_boundary,false,pdv_channel_1,automatic
0.00074431241499012225,-1.9104000006514577e-06,97656249.966698647,nan,nan,nan,nan,nan,candidate,refined,strongest_peak,1,unstable_detection,unstable_detection,false,pdv_channel_1,automatic
0.00074431561499012334,-1.9072000006503664e-06,107421874.96336851,nan,nan,nan,nan,nan,candidate,refined,strongest_peak,1,unstable_detection,unstable_detection,false,pdv_channel_1,automatic
0.00074431881499012443,-1.9040000006492752e-06,58593749.980019182,nan,nan,nan,nan,nan,candidate,boundary_peak,strongest_peak,1,peak_at_band_boundary,peak_at_band_boundary,false,pdv_channel_1,automatic
0.00074432201499012552,-1.900800000648184e-06,58593749.980019182,nan,nan,nan,nan,nan,candidate,boundary_peak,strongest_peak,1,peak_at_band_boundary,peak_at_band_boundary,false,pdv_channel_1,automatic
0.00074432521499012661,-1.8976000006470928e-06,97656249.966698647,nan,nan,nan,nan,nan,candidate,refined,strongest_peak,1,unstable_detection,unstable_detection,false,pdv_channel_1,automatic
0.0007443284149901277,-1.8944000006460016e-06,58593749.980019182,nan,nan,nan,nan,nan,candidate,boundary_peak,strongest_peak,1,peak_at_band_boundary,peak_at_band_boundary,false,pdv_channel_1,automatic
0.00074433161499012879,-1.8912000006449103e-06,58593749.980019182,nan,nan,nan,nan,nan,candidate,boundary_peak,strongest_peak,1,peak_at_band_boundary,peak_at_band_boundary,false,pdv_channel_1,automatic
0.00074433481499012989,-1.8880000006438191e-06,107421874.96336851,nan,nan,nan,nan,nan,candidate,refined,strongest_peak,1,unstable_detection,unstable_detection,false,pdv_channel_1,automatic
0.00074433801499013098,-1.8848000006427279e-06,107421874.96336851,nan,nan,nan,nan,nan,candidate,refined,strongest_peak,1,unstable_detection,unstable_detection,false,pdv_channel_1,automatic
0.00074434121499013207,-1.8816000006416367e-06,58593749.980019182,nan,nan,nan,nan,nan,candidate,boundary_peak,strongest_peak,1,peak_at_band_boundary,peak_at_band_boundary,false,pdv_channel_1,automatic
0.00074434441499013316,-1.8784000006405455e-06,107421874.96336851,nan,nan,nan,nan,nan,candidate,refined,strongest_peak,1,unstable_detection,unstable_detection,false,pdv_channel_1,automatic
0.00074434761499013425,-1.8752000006394542e-06,58593749.980019182,nan,nan,nan,nan,nan,candidate,boundary_peak,strongest_peak,1,peak_at_band_boundary,peak_at_band_boundary,false,pdv_channel_1,automatic
0.00074435081499013534,-1.872000000638363e-06,58593749.980019182,nan,nan,nan,nan,nan,candidate,boundary_peak,strongest_peak,1,peak_at_band_boundary,peak_at_band_boundary,false,pdv_channel_1,automatic
0.00074435401499013643,-1.8688000006372718e-06,136718749.95337811,nan,nan,nan,nan,nan,candidate,refined,strongest_peak,1,unstable_detection,unstable_detection,false,pdv_channel_1,automatic
0.00074435721499013752,-1.8656000006361806e-06,58593749.980019182,nan,nan,nan,nan,nan,candidate,boundary_peak,strongest_peak,1,peak_at_band_boundary,peak_at_band_boundary,false,pdv_channel_1,automatic
0.00074436041499013862,-1.8624000006350894e-06,58593749.980019182,nan,nan,nan,nan,nan,candidate,boundary_peak,strongest_peak,1,peak_at_band_boundary,peak_at_band_boundary,false,pdv_channel_1,automatic
0.00074436361499013971,-1.8592000006339982e-06,58593749.980019182,nan,nan,nan,nan,nan,candidate,boundary_peak,strongest_peak,1,peak_at_band_boundary,peak_at_band_boundary,false,pdv_channel_1,automatic
0.0007443668149901408,-1.8560000006329069e-06,58593749.980019182,nan,nan,nan,nan,nan,candidate,boundary_peak,strongest_peak,1,peak_at_band_boundary,peak_at_band_boundary,false,pdv_channel_1,automatic
0.00074437001499014189,-1.8528000006318157e-06,58593749.980019182,nan,nan,nan,nan,nan,candidate,boundary_peak,strongest_peak,1,peak_at_band_boundary,peak_at_band_boundary,false,pdv_channel_1,automatic
0.00074437321499014298,-1.8496000006307245e-06,58593749.980019182,nan,nan,nan,nan,nan,candidate,boundary_peak,strongest_peak,1,peak_at_band_boundary,peak_at_band_boundary,false,pdv_channel_1,automatic
0.00074437641499014407,-1.8464000006296333e-06,58593749.980019182,nan,nan,nan,nan,nan,candidate,boundary_peak,strongest_peak,1,peak_at_band_boundary,peak_at_band_boundary,false,pdv_channel_1,automatic
0.00074437961499014516,-1.8432000006285421e-06,58593749.980019182,nan,nan,nan,nan,nan,candidate,boundary_peak,strongest_peak,1,peak_at_band_boundary,peak_at_band_boundary,false,pdv_channel_1,automatic
0.00074438281499014625,-1.8400000006274508e-06,58593749.980019182,nan,nan,nan,nan,nan,candidate,boundary_peak,strongest_peak,1,peak_at_band_boundary,peak_at_band_boundary,false,pdv_channel_1,automatic
0.00074438601499014735,-1.8368000006263596e-06,58593749.980019182,nan,nan,nan,nan,nan,candidate,boundary_peak,strongest_peak,1,ambiguous_peak,ambiguous_peak,false,pdv_channel_1,automatic
0.00074438921499014844,-1.8336000006252684e-06,58593749.980019182,nan,nan,nan,nan,nan,candidate,boundary_peak,strongest_peak,1,ambiguous_peak,ambiguous_peak,false,pdv_channel_1,automatic
0.00074439241499014953,-1.8304000006241772e-06,58593749.980019182,nan,nan,nan,nan,nan,candidate,boundary_peak,strongest_peak,1,peak_at_band_boundary,peak_at_band_boundary,false,pdv_channel_1,automatic
0.00074439561499015062,-1.827200000623086e-06,58593749.980019182,nan,nan,nan,nan,nan,candidate,boundary_peak,strongest_peak,1,peak_at_band_boundary,peak_at_band_boundary,false,pdv_channel_1,automatic
0.00074439881499015171,-1.8240000006219947e-06,117187499.96003836,nan,nan,nan,nan,nan,candidate,refined,strongest_peak,1,no_detectable_beat,no_detectable_beat,false,pdv_channel_1,automatic
0.0007444020149901528,-1.8208000006209035e-06,58593749.980019182,nan,nan,nan,nan,nan,candidate,boundary_peak,strongest_peak,1,peak_at_band_boundary,peak_at_band_boundary,false,pdv_channel_1,automatic
0.00074440521499015389,-1.8176000006198123e-06,58593749.980019182,nan,nan,nan,nan,nan,candidate,boundary_peak,strongest_peak,1,peak_at_band_boundary,peak_at_band_boundary,false,pdv_channel_1,automatic
0.00074440841499015498,-1.8144000006187211e-06,117187499.96003836,nan,nan,nan,nan,nan,candidate,refined,strongest_peak,1,ambiguous_peak,ambiguous_peak,false,pdv_channel_1,automatic
0.00074441161499015608,-1.8112000006176299e-06,58593749.980019182,nan,nan,nan,nan,nan,candidate,boundary_peak,strongest_peak,1,peak_at_band_boundary,peak_at_band_boundary,false,pdv_channel_1,automatic
0.00074441481499015717,-1.8080000006165386e-06,58593749.980019182,nan,nan,nan,nan,nan,candidate,boundary_peak,strongest_peak,1,peak_at_band_boundary,peak_at_band_boundary,false,pdv_channel_1,automatic
0.00074441801499015826,-1.8048000006154474e-06,146484374.95004797,nan,nan,nan,nan,nan,candidate,refined,strongest_peak,1,unstable_detection,unstable_detection,false,pdv_channel_1,automatic
0.00074442121499015935,-1.8016000006143562e-06,58593749.980019182,nan,nan,nan,nan,nan,candidate,boundary_peak,strongest_peak,1,peak_at_band_boundary,peak_at_band_boundary,false,pdv_channel_1,automatic
0.00074442441499016044,-1.798400000613265e-06,58593749.980019182,nan,nan,nan,nan,nan,candidate,boundary_peak,strongest_peak,1,ambiguous_peak,ambiguous_peak,false,pdv_channel_1,automatic
0.00074442761499016153,-1.7952000006121738e-06,58593749.980019182,nan,nan,nan,nan,nan,candidate,boundary_peak,strongest_peak,1,peak_at_band_boundary,peak_at_band_boundary,false,pdv_channel_1,automatic
0.00074443081499016262,-1.7920000006110826e-06,58593749.980019182,nan,nan,nan,nan,nan,candidate,boundary_peak,strongest_peak,1,peak_at_band_boundary,peak_at_band_boundary,false,pdv_channel_1,automatic
0.00074443401499016371,-1.7888000006099913e-06,117187499.96003836,nan,nan,nan,nan,nan,candidate,refined,strongest_peak,1,unstable_detection,unstable_detection,false,pdv_channel_1,automatic
0.00074443721499016481,-1.7856000006089001e-06,58593749.980019182,nan,nan,nan,nan,nan,candidate,boundary_peak,strongest_peak,1,peak_at_band_boundary,peak_at_band_boundary,false,pdv_channel_1,automatic
0.0007444404149901659,-1.7824000006078089e-06,126953124.95670824,nan,nan,nan,nan,nan,candidate,refined,strongest_peak,1,unstable_detection,unstable_detection,false,pdv_channel_1,automatic
0.00074444361499016699,-1.7792000006067177e-06,58593749.980019182,nan,nan,nan,nan,nan,candidate,boundary_peak,strongest_peak,1,peak_at_band_boundary,peak_at_band_boundary,false,pdv_channel_1,automatic
0.00074444681499016808,-1.7760000006056265e-06,58593749.980019182,nan,nan,nan,nan,nan,candidate,boundary_peak,strongest_peak,1,peak_at_band_boundary,peak_at_band_boundary,false,pdv_channel_1,automatic
0.00074445001499016917,-1.7728000006045352e-06,58593749.980019182,nan,nan,nan,nan,nan,candidate,boundary_peak,strongest_peak,1,no_detectable_beat,no_detectable_beat,false,pdv_channel_1,automatic
0.00074445321499017026,-1.769600000603444e-06,58593749.980019182,nan,nan,nan,nan,nan,candidate,boundary_peak,strongest_peak,1,peak_at_band_boundary,peak_at_band_boundary,false,pdv_channel_1,automatic
0.00074445641499017135,-1.7664000006023528e-06,58593749.980019182,nan,nan,nan,nan,nan,candidate,boundary_peak,strongest_peak,1,peak_at_band_boundary,peak_at_band_boundary,false,pdv_channel_1,automatic
0.00074445961499017244,-1.7632000006012616e-06,58593749.980019182,nan,nan,nan,nan,nan,candidate,boundary_peak,strongest_peak,1,no_detectable_beat,no_detectable_beat,false,pdv_channel_1,automatic
0.00074446281499017353,-1.7600000006001704e-06,58593749.980019182,nan,nan,nan,nan,nan,candidate,boundary_peak,strongest_peak,1,peak_at_band_boundary,peak_at_band_boundary,false,pdv_channel_1,automatic
0.00074446601499017463,-1.7568000005990791e-06,58593749.980019182,nan,nan,nan,nan,nan,candidate,boundary_peak,strongest_peak,1,peak_at_band_boundary,peak_at_band_boundary,false,pdv_channel_1,automatic
0.00074446921499017572,-1.7536000005979879e-06,58593749.980019182,nan,nan,nan,nan,nan,candidate,boundary_peak,strongest_peak,1,peak_at_band_boundary,peak_at_band_boundary,false,pdv_channel_1,automatic
0.00074447241499017681,-1.7504000005968967e-06,58593749.980019182,nan,nan,nan,nan,nan,candidate,boundary_peak,strongest_peak,1,no_detectable_beat,no_detectable_beat,false,pdv_channel_1,automatic
0.0007444756149901779,-1.7472000005958055e-06,58593749.980019182,nan,nan,nan,nan,nan,candidate,boundary_peak,strongest_peak,1,peak_at_band_boundary,peak_at_band_boundary,false,pdv_channel_1,automatic
0.00074447881499017899,-1.7440000005947143e-06,58593749.980019182,nan,nan,nan,nan,nan,candidate,boundary_peak,strongest_peak,1,peak_at_band_boundary,peak_at_band_boundary,false,pdv_channel_1,automatic
0.00074448201499018008,-1.7408000005936231e-06,58593749.980019182,nan,nan,nan,nan,nan,candidate,boundary_peak,strongest_peak,1,peak_at_band_boundary,peak_at_band_boundary,false,pdv_channel_1,automatic
0.00074448521499018117,-1.7376000005925318e-06,58593749.980019182,nan,nan,nan,nan,nan,candidate,boundary_peak,strongest_peak,1,peak_at_band_boundary,peak_at_band_boundary,false,pdv_channel_1,automatic
0.00074448841499018226,-1.7344000005914406e-06,58593749.980019182,nan,nan,nan,nan,nan,candidate,boundary_peak,strongest_peak,1,peak_at_band_boundary,peak_at_band_boundary,false,pdv_channel_1,automatic
0.00074449161499018336,-1.7312000005903494e-06,58593749.980019182,nan,nan,nan,nan,nan,candidate,boundary_peak,strongest_peak,1,peak_at_band_boundary,peak_at_band_boundary,false,pdv_channel_1,automatic
0.00074449481499018445,-1.7280000005892582e-06,58593749.980019182,nan,nan,nan,nan,nan,candidate,boundary_peak,strongest_peak,1,no_detectable_beat,no_detectable_beat,false,pdv_channel_1,automatic
0.00074449801499018554,-1.724800000588167e-06,58593749.980019182,nan,nan,nan,nan,nan,candidate,boundary_peak,strongest_peak,1,peak_at_band_boundary,peak_at_band_boundary,false,pdv_channel_1,automatic
0.00074450121499018663,-1.7216000005870757e-06,58593749.980019182,nan,nan,nan,nan,nan,candidate,boundary_peak,strongest_peak,1,peak_at_band_boundary,peak_at_band_boundary,false,pdv_channel_1,automatic
0.00074450441499018772,-1.7184000005859845e-06,58593749.980019182,nan,nan,nan,nan,nan,candidate,boundary_peak,strongest_peak,1,peak_at_band_boundary,peak_at_band_boundary,false,pdv_channel_1,automatic
0.00074450761499018881,-1.7152000005848933e-06,58593749.980019182,nan,nan,nan,nan,nan,candidate,boundary_peak,strongest_peak,1,peak_at_band_boundary,peak_at_band_boundary,false,pdv_channel_1,automatic
0.0007445108149901899,-1.7120000005838021e-06,58593749.980019182,nan,nan,nan,nan,nan,candidate,boundary_peak,strongest_peak,1,peak_at_band_boundary,peak_at_band_boundary,false,pdv_channel_1,automatic
0.00074451401499019099,-1.7088000005827109e-06,58593749.980019182,nan,nan,nan,nan,nan,candidate,boundary_peak,strongest_peak,1,peak_at_band_boundary,peak_at_band_boundary,false,pdv_channel_1,automatic
0.00074451721499019209,-1.7056000005816196e-06,58593749.980019182,nan,nan,nan,nan,nan,candidate,boundary_peak,strongest_peak,1,peak_at_band_boundary,peak_at_band_boundary,false,pdv_channel_1,automatic
0.00074452041499019318,-1.7024000005805284e-06,58593749.980019182,nan,nan,nan,nan,nan,candidate,boundary_peak,strongest_peak,1,peak_at_band_boundary,peak_at_band_boundary,false,pdv_channel_1,automatic
0.00074452361499019427,-1.6992000005794372e-06,58593749.980019182,nan,nan,nan,nan,nan,candidate,boundary_peak,strongest_peak,1,peak_at_band_boundary,peak_at_band_boundary,false,pdv_channel_1,automatic
0.00074452681499019536,-1.696000000578346e-06,58593749.980019182,nan,nan,nan,nan,nan,candidate,boundary_peak,strongest_peak,1,peak_at_band_boundary,peak_at_band_boundary,false,pdv_channel_1,automatic
0.00074453001499019645,-1.6928000005772548e-06,117187499.96003836,nan,nan,nan,nan,nan,candidate,refined,strongest_peak,1,unstable_detection,unstable_detection,false,pdv_channel_1,automatic
0.00074453321499019754,-1.6896000005761636e-06,58593749.980019182,nan,nan,nan,nan,nan,candidate,boundary_peak,strongest_peak,1,peak_at_band_boundary,peak_at_band_boundary,false,pdv_channel_1,automatic
0.00074453641499019863,-1.6864000005750723e-06,58593749.980019182,nan,nan,nan,nan,nan,candidate,boundary_peak,strongest_peak,1,peak_at_band_boundary,peak_at_band_boundary,false,pdv_channel_1,automatic
0.00074453961499019972,-1.6832000005739811e-06,117187499.96003836,nan,nan,nan,nan,nan,candidate,refined,strongest_peak,1,unstable_detection,unstable_detection,false,pdv_channel_1,automatic
0.00074454281499020082,-1.6800000005728899e-06,58593749.980019182,nan,nan,nan,nan,nan,candidate,boundary_peak,strongest_peak,1,peak_at_band_boundary,peak_at_band_boundary,false,pdv_channel_1,automatic
0.00074454601499020191,-1.6768000005717987e-06,58593749.980019182,nan,nan,nan,nan,nan,candidate,boundary_peak,strongest_peak,1,peak_at_band_boundary,peak_at_band_boundary,false,pdv_channel_1,automatic
0.000744549214990203,-1.6736000005707075e-06,58593749.980019182,nan,nan,nan,nan,nan,candidate,boundary_peak,strongest_peak,1,peak_at_band_boundary,peak_at_band_boundary,false,pdv_channel_1,automatic
0.00074455241499020409,-1.6704000005696162e-06,58593749.980019182,nan,nan,nan,nan,nan,candidate,boundary_peak,strongest_peak,1,peak_at_band_boundary,peak_at_band_boundary,false,pdv_channel_1,automatic
0.00074455561499020518,-1.667200000568525e-06,58593749.980019182,nan,nan,nan,nan,nan,candidate,boundary_peak,strongest_peak,1,peak_at_band_boundary,peak_at_band_boundary,false,pdv_channel_1,automatic
0.00074455881499020627,-1.6640000005674338e-06,58593749.980019182,nan,nan,nan,nan,nan,candidate,boundary_peak,strongest_peak,1,peak_at_band_boundary,peak_at_band_boundary,false,pdv_channel_1,automatic
0.00074456201499020736,-1.6608000005663426e-06,58593749.980019182,nan,nan,nan,nan,nan,candidate,boundary_peak,strongest_peak,1,no_detectable_beat,no_detectable_beat,false,pdv_channel_1,automatic
0.00074456521499020845,-1.6576000005652514e-06,58593749.980019182,nan,nan,nan,nan,nan,candidate,boundary_peak,strongest_peak,1,peak_at_band_boundary,peak_at_band_boundary,false,pdv_channel_1,automatic
0.00074456841499020955,-1.6544000005641601e-06,58593749.980019182,nan,nan,nan,nan,nan,candidate,boundary_peak,strongest_peak,1,peak_at_band_boundary,peak_at_band_boundary,false,pdv_channel_1,automatic
0.00074457161499021064,-1.6512000005630689e-06,58593749.980019182,nan,nan,nan,nan,nan,candidate,boundary_peak,strongest_peak,1,no_detectable_beat,no_detectable_beat,false,pdv_channel_1,automatic
0.00074457481499021173,-1.6480000005619777e-06,58593749.980019182,nan,nan,nan,nan,nan,candidate,boundary_peak,strongest_peak,1,peak_at_band_boundary,peak_at_band_boundary,false,pdv_channel_1,automatic
0.00074457801499021282,-1.6448000005608865e-06,58593749.980019182,nan,nan,nan,nan,nan,candidate,boundary_peak,strongest_peak,1,peak_at_band_boundary,peak_at_band_boundary,false,pdv_channel_1,automatic
0.00074458121499021391,-1.6416000005597953e-06,58593749.980019182,nan,nan,nan,nan,nan,candidate,boundary_peak,strongest_peak,1,peak_at_band_boundary,peak_at_band_boundary,false,pdv_channel_1,automatic
0.000744584414990215,-1.6384000005587041e-06,58593749.980019182,nan,nan,nan,nan,nan,candidate,boundary_peak,strongest_peak,1,peak_at_band_boundary,peak_at_band_boundary,false,pdv_channel_1,automatic
0.00074458761499021609,-1.6352000005576128e-06,58593749.980019182,nan,nan,nan,nan,nan,candidate,boundary_peak,strongest_peak,1,peak_at_band_boundary,peak_at_band_boundary,false,pdv_channel_1,automatic
0.00074459081499021718,-1.6320000005565216e-06,58593749.980019182,nan,nan,nan,nan,nan,candidate,boundary_peak,strongest_peak,1,peak_at_band_boundary,peak_at_band_boundary,false,pdv_channel_1,automatic
0.00074459401499021827,-1.6288000005554304e-06,58593749.980019182,nan,nan,nan,nan,nan,candidate,boundary_peak,strongest_peak,1,peak_at_band_boundary,peak_at_band_boundary,false,pdv_channel_1,automatic
0.00074459721499021937,-1.6256000005543392e-06,58593749.980019182,nan,nan,nan,nan,nan,candidate,boundary_peak,strongest_peak,1,peak_at_band_boundary,peak_at_band_boundary,false,pdv_channel_1,automatic
0.00074460041499022046,-1.622400000553248e-06,58593749.980019182,nan,nan,nan,nan,nan,candidate,boundary_peak,strongest_peak,1,peak_at_band_boundary,peak_at_band_boundary,false,pdv_channel_1,automatic
0.00074460361499022155,-1.6192000005521567e-06,58593749.980019182,nan,nan,nan,nan,nan,candidate,boundary_peak,strongest_peak,1,ambiguous_peak,ambiguous_peak,false,pdv_channel_1,automatic
0.00074460681499022264,-1.6160000005510655e-06,58593749.980019182,nan,nan,nan,nan,nan,candidate,boundary_peak,strongest_peak,1,peak_at_band_boundary,peak_at_band_boundary,false,pdv_channel_1,automatic
0.00074461001499022373,-1.6128000005499743e-06,58593749.980019182,nan,nan,nan,nan,nan,candidate,boundary_peak,strongest_peak,1,peak_at_band_boundary,peak_at_band_boundary,false,pdv_channel_1,automatic
0.00074461321499022482,-1.6096000005488831e-06,58593749.980019182,nan,nan,nan,nan,nan,candidate,boundary_peak,strongest_peak,1,peak_at_band_boundary,peak_at_band_boundary,false,pdv_channel_1,automatic
0.00074461641499022591,-1.6064000005477919e-06,58593749.980019182,nan,nan,nan,nan,nan,candidate,boundary_peak,strongest_peak,1,ambiguous_peak,ambiguous_peak,false,pdv_channel_1,automatic
0.000744619614990227,-1.6032000005467006e-06,58593749.980019182,nan,nan,nan,nan,nan,candidate,boundary_peak,strongest_peak,1,ambiguous_peak,ambiguous_peak,false,pdv_channel_1,automatic
0.0007446228149902281,-1.6000000005456094e-06,58593749.980019182,nan,nan,nan,nan,nan,candidate,boundary_peak,strongest_peak,1,peak_at_band_boundary,peak_at_band_boundary,false,pdv_channel_1,automatic
0.00074462601499022919,-1.5968000005445182e-06,1826171874.3772647,nan,nan,nan,nan,nan,candidate,refined,strongest_peak,1,ambiguous_peak,ambiguous_peak,false,pdv_channel_1,automatic
0.00074462921499023028,-1.593600000543427e-06,58593749.980019182,nan,nan,nan,nan,nan,candidate,boundary_peak,strongest_peak,1,peak_at_band_boundary,peak_at_band_boundary,false,pdv_channel_1,automatic
0.00074463241499023137,-1.5904000005423358e-06,58593749.980019182,nan,nan,nan,nan,nan,candidate,boundary_peak,strongest_peak,1,peak_at_band_boundary,peak_at_band_boundary,false,pdv_channel_1,automatic
0.00074463561499023246,-1.5872000005412445e-06,58593749.980019182,nan,nan,nan,nan,nan,candidate,boundary_peak,strongest_peak,1,ambiguous_peak,ambiguous_peak,false,pdv_channel_1,automatic
0.00074463881499023355,-1.5840000005401533e-06,58593749.980019182,nan,nan,nan,nan,nan,candidate,boundary_peak,strongest_peak,1,peak_at_band_boundary,peak_at_band_boundary,false,pdv_channel_1,automatic
0.00074464201499023464,-1.5808000005390621e-06,58593749.980019182,nan,nan,nan,nan,nan,candidate,boundary_peak,strongest_peak,1,peak_at_band_boundary,peak_at_band_boundary,false,pdv_channel_1,automatic
0.00074464521499023573,-1.5776000005379709e-06,58593749.980019182,nan,nan,nan,nan,nan,candidate,boundary_peak,strongest_peak,1,peak_at_band_boundary,peak_at_band_boundary,false,pdv_channel_1,automatic
0.00074464841499023683,-1.5744000005368797e-06,58593749.980019182,nan,nan,nan,nan,nan,candidate,boundary_peak,strongest_peak,1,ambiguous_peak,ambiguous_peak,false,pdv_channel_1,automatic
0.00074465161499023792,-1.5712000005357885e-06,58593749.980019182,nan,nan,nan,nan,nan,candidate,boundary_peak,strongest_peak,1,peak_at_band_boundary,peak_at_band_boundary,false,pdv_channel_1,automatic
0.00074465481499023901,-1.5680000005346972e-06,58593749.980019182,nan,nan,nan,nan,nan,candidate,boundary_peak,strongest_peak,1,peak_at_band_boundary,peak_at_band_boundary,false,pdv_channel_1,automatic
0.0007446580149902401,-1.564800000533606e-06,58593749.980019182,nan,nan,nan,nan,nan,candidate,boundary_peak,strongest_peak,1,peak_at_band_boundary,peak_at_band_boundary,false,pdv_channel_1,automatic
0.00074466121499024119,-1.5616000005325148e-06,126953124.95670824,nan,nan,nan,nan,nan,candidate,refined,strongest_peak,1,ambiguous_peak,ambiguous_peak,false,pdv_channel_1,automatic
0.00074466441499024228,-1.5584000005314236e-06,58593749.980019182,nan,nan,nan,nan,nan,candidate,boundary_peak,strongest_peak,1,peak_at_band_boundary,peak_at_band_boundary,false,pdv_channel_1,automatic
0.00074466761499024337,-1.5552000005303324e-06,58593749.980019182,nan,nan,nan,nan,nan,candidate,boundary_peak,strongest_peak,1,peak_at_band_boundary,peak_at_band_boundary,false,pdv_channel_1,automatic
0.00074467081499024446,-1.5520000005292411e-06,58593749.980019182,nan,nan,nan,nan,nan,candidate,boundary_peak,strongest_peak,1,peak_at_band_boundary,peak_at_band_boundary,false,pdv_channel_1,automatic
0.00074467401499024556,-1.5488000005281499e-06,58593749.980019182,nan,nan,nan,nan,nan,candidate,boundary_peak,strongest_peak,1,peak_at_band_boundary,peak_at_band_boundary,false,pdv_channel_1,automatic
0.00074467721499024665,-1.5456000005270587e-06,58593749.980019182,nan,nan,nan,nan,nan,candidate,boundary_peak,strongest_peak,1,peak_at_band_boundary,peak_at_band_boundary,false,pdv_channel_1,automatic
0.00074468041499024774,-1.5424000005259675e-06,58593749.980019182,nan,nan,nan,nan,nan,candidate,boundary_peak,strongest_peak,1,peak_at_band_boundary,peak_at_band_boundary,false,pdv_channel_1,automatic
0.00074468361499024883,-1.5392000005248763e-06,58593749.980019182,nan,nan,nan,nan,nan,candidate,boundary_peak,strongest_peak,1,peak_at_band_boundary,peak_at_band_boundary,false,pdv_channel_1,automatic
0.00074468681499024992,-1.536000000523785e-06,58593749.980019182,nan,nan,nan,nan,nan,candidate,boundary_peak,strongest_peak,1,peak_at_band_boundary,peak_at_band_boundary,false,pdv_channel_1,automatic
0.00074469001499025101,-1.5328000005226938e-06,58593749.980019182,nan,nan,nan,nan,nan,candidate,boundary_peak,strongest_peak,1,peak_at_band_boundary,peak_at_band_boundary,false,pdv_channel_1,automatic
0.0007446932149902521,-1.5296000005216026e-06,58593749.980019182,nan,nan,nan,nan,nan,candidate,boundary_peak,strongest_peak,1,peak_at_band_boundary,peak_at_band_boundary,false,pdv_channel_1,automatic
0.00074469641499025319,-1.5264000005205114e-06,58593749.980019182,nan,nan,nan,nan,nan,candidate,boundary_peak,strongest_peak,1,peak_at_band_boundary,peak_at_band_boundary,false,pdv_channel_1,automatic
0.00074469961499025429,-1.5232000005194202e-06,58593749.980019182,nan,nan,nan,nan,nan,candidate,boundary_peak,strongest_peak,1,ambiguous_peak,ambiguous_peak,false,pdv_channel_1,automatic
0.00074470281499025538,-1.520000000518329e-06,58593749.980019182,nan,nan,nan,nan,nan,candidate,boundary_peak,strongest_peak,1,ambiguous_peak,ambiguous_peak,false,pdv_channel_1,automatic
0.00074470601499025647,-1.5168000005172377e-06,58593749.980019182,nan,nan,nan,nan,nan,candidate,boundary_peak,strongest_peak,1,peak_at_band_boundary,peak_at_band_boundary,false,pdv_channel_1,automatic
0.00074470921499025756,-1.5136000005161465e-06,58593749.980019182,nan,nan,nan,nan,nan,candidate,boundary_peak,strongest_peak,1,peak_at_band_boundary,peak_at_band_boundary,false,pdv_channel_1,automatic
0.00074471241499025865,-1.5104000005150553e-06,58593749.980019182,nan,nan,nan,nan,nan,candidate,boundary_peak,strongest_peak,1,peak_at_band_boundary,peak_at_band_boundary,false,pdv_channel_1,automatic
0.00074471561499025974,-1.5072000005139641e-06,58593749.980019182,nan,nan,nan,nan,nan,candidate,boundary_peak,strongest_peak,1,peak_at_band_boundary,peak_at_band_boundary,false,pdv_channel_1,automatic
0.00074471881499026083,-1.5040000005128729e-06,58593749.980019182,nan,nan,nan,nan,nan,candidate,boundary_peak,strongest_peak,1,peak_at_band_boundary,peak_at_band_boundary,false,pdv_channel_1,automatic
0.00074472201499026192,-1.5008000005117816e-06,58593749.980019182,nan,nan,nan,nan,nan,candidate,boundary_peak,strongest_peak,1,peak_at_band_boundary,peak_at_band_boundary,false,pdv_channel_1,automatic
0.00074472521499026301,-1.4976000005106904e-06,58593749.980019182,nan,nan,nan,nan,nan,candidate,boundary_peak,strongest_peak,1,ambiguous_peak,ambiguous_peak,false,pdv_channel_1,automatic
0.00074472841499026411,-1.4944000005095992e-06,58593749.980019182,nan,nan,nan,nan,nan,candidate,boundary_peak,strongest_peak,1,peak_at_band_boundary,peak_at_band_boundary,false,pdv_channel_1,automatic
0.0007447316149902652,-1.491200000508508e-06,58593749.980019182,nan,nan,nan,nan,nan,candidate,boundary_peak,strongest_peak,1,peak_at_band_boundary,peak_at_band_boundary,false,pdv_channel_1,automatic
0.00074473481499026629,-1.4880000005074168e-06,58593749.980019182,nan,nan,nan,nan,nan,candidate,boundary_peak,strongest_peak,1,ambiguous_peak,ambiguous_peak,false,pdv_channel_1,automatic
0.00074473801499026738,-1.4848000005063255e-06,58593749.980019182,nan,nan,nan,nan,nan,candidate,boundary_peak,strongest_peak,1,peak_at_band_boundary,peak_at_band_boundary,false,pdv_channel_1,automatic
0.00074474121499026847,-1.4816000005052343e-06,58593749.980019182,nan,nan,nan,nan,nan,candidate,boundary_peak,strongest_peak,1,peak_at_band_boundary,peak_at_band_boundary,false,pdv_channel_1,automatic
0.00074474441499026956,-1.4784000005041431e-06,126953124.95670824,nan,nan,nan,nan,nan,candidate,refined,strongest_peak,1,unstable_detection,unstable_detection,false,pdv_channel_1,automatic
0.00074474761499027065,-1.4752000005030519e-06,58593749.980019182,nan,nan,nan,nan,nan,candidate,boundary_peak,strongest_peak,1,peak_at_band_boundary,peak_at_band_boundary,false,pdv_channel_1,automatic
0.00074475081499027174,-1.4720000005019607e-06,126953124.95670824,nan,nan,nan,nan,nan,candidate,refined,strongest_peak,1,unstable_detection,unstable_detection,false,pdv_channel_1,automatic
0.00074475401499027284,-1.4688000005008695e-06,58593749.980019182,nan,nan,nan,nan,nan,candidate,boundary_peak,strongest_peak,1,peak_at_band_boundary,peak_at_band_boundary,false,pdv_channel_1,automatic
0.00074475721499027393,-1.4656000004997782e-06,58593749.980019182,nan,nan,nan,nan,nan,candidate,boundary_peak,strongest_peak,1,peak_at_band_boundary,peak_at_band_boundary,false,pdv_channel_1,automatic
0.00074476041499027502,-1.462400000498687e-06,58593749.980019182,nan,nan,nan,nan,nan,candidate,boundary_peak,strongest_peak,1,peak_at_band_boundary,peak_at_band_boundary,false,pdv_channel_1,automatic
0.00074476361499027611,-1.4592000004975958e-06,58593749.980019182,nan,nan,nan,nan,nan,candidate,boundary_peak,strongest_peak,1,peak_at_band_boundary,peak_at_band_boundary,false,pdv_channel_1,automatic
0.0007447668149902772,-1.4560000004965046e-06,58593749.980019182,nan,nan,nan,nan,nan,candidate,boundary_peak,strongest_peak,1,peak_at_band_boundary,peak_at_band_boundary,false,pdv_channel_1,automatic
0.00074477001499027829,-1.4528000004954134e-06,58593749.980019182,nan,nan,nan,nan,nan,candidate,boundary_peak,strongest_peak,1,peak_at_band_boundary,peak_at_band_boundary,false,pdv_channel_1,automatic
0.00074477321499027938,-1.4496000004943221e-06,58593749.980019182,nan,nan,nan,nan,nan,candidate,boundary_peak,strongest_peak,1,peak_at_band_boundary,peak_at_band_boundary,false,pdv_channel_1,automatic
0.00074477641499028047,-1.4464000004932309e-06,58593749.980019182,nan,nan,nan,nan,nan,candidate,boundary_peak,strongest_peak,1,peak_at_band_boundary,peak_at_band_boundary,false,pdv_channel_1,automatic
0.00074477961499028157,-1.4432000004921397e-06,58593749.980019182,nan,nan,nan,nan,nan,candidate,boundary_peak,strongest_peak,1,peak_at_band_boundary,peak_at_band_boundary,false,pdv_channel_1,automatic
0.00074478281499028266,-1.4400000004910485e-06,58593749.980019182,nan,nan,nan,nan,nan,candidate,boundary_peak,strongest_peak,1,peak_at_band_boundary,peak_at_band_boundary,false,pdv_channel_1,automatic
0.00074478601499028375,-1.4368000004899573e-06,58593749.980019182,nan,nan,nan,nan,nan,candidate,boundary_peak,strongest_peak,1,peak_at_band_boundary,peak_at_band_boundary,false,pdv_channel_1,automatic
0.00074478921499028484,-1.433600000488866e-06,58593749.980019182,nan,nan,nan,nan,nan,candidate,boundary_peak,strongest_peak,1,peak_at_band_boundary,peak_at_band_boundary,false,pdv_channel_1,automatic
0.00074479241499028593,-1.4304000004877748e-06,58593749.980019182,nan,nan,nan,nan,nan,candidate,boundary_peak,strongest_peak,1,peak_at_band_boundary,peak_at_band_boundary,false,pdv_channel_1,automatic
0.00074479561499028702,-1.4272000004866836e-06,58593749.980019182,nan,nan,nan,nan,nan,candidate,boundary_peak,strongest_peak,1,peak_at_band_boundary,peak_at_band_boundary,false,pdv_channel_1,automatic
0.00074479881499028811,-1.4240000004855924e-06,58593749.980019182,nan,nan,nan,nan,nan,candidate,boundary_peak,strongest_peak,1,peak_at_band_boundary,peak_at_band_boundary,false,pdv_channel_1,automatic
0.0007448020149902892,-1.4208000004845012e-06,58593749.980019182,nan,nan,nan,nan,nan,candidate,boundary_peak,strongest_peak,1,peak_at_band_boundary,peak_at_band_boundary,false,pdv_channel_1,automatic
0.0007448052149902903,-1.4176000004834099e-06,107421874.96336851,nan,nan,nan,nan,nan,candidate,refined,strongest_peak,1,ambiguous_peak,ambiguous_peak,false,pdv_channel_1,automatic
0.00074480841499029139,-1.4144000004823187e-06,58593749.980019182,nan,nan,nan,nan,nan,candidate,boundary_peak,strongest_peak,1,peak_at_band_boundary,peak_at_band_boundary,false,pdv_channel_1,automatic
0.00074481161499029248,-1.4112000004812275e-06,58593749.980019182,nan,nan,nan,nan,nan,candidate,boundary_peak,strongest_peak,1,peak_at_band_boundary,peak_at_band_boundary,false,pdv_channel_1,automatic
0.00074481481499029357,-1.4080000004801363e-06,58593749.980019182,nan,nan,nan,nan,nan,candidate,boundary_peak,strongest_peak,1,peak_at_band_boundary,peak_at_band_boundary,false,pdv_channel_1,automatic
0.00074481801499029466,-1.4048000004790451e-06,58593749.980019182,nan,nan,nan,nan,nan,candidate,boundary_peak,strongest_peak,1,peak_at_band_boundary,peak_at_band_boundary,false,pdv_channel_1,automatic
0.00074482121499029575,-1.4016000004779539e-06,58593749.980019182,nan,nan,nan,nan,nan,candidate,boundary_peak,strongest_peak,1,peak_at_band_boundary,peak_at_band_boundary,false,pdv_channel_1,automatic
0.00074482441499029684,-1.3984000004768626e-06,58593749.980019182,nan,nan,nan,nan,nan,candidate,boundary_peak,strongest_peak,1,ambiguous_peak,ambiguous_peak,false,pdv_channel_1,automatic
0.00074482761499029793,-1.3952000004757714e-06,58593749.980019182,nan,nan,nan,nan,nan,candidate,boundary_peak,strongest_peak,1,ambiguous_peak,ambiguous_peak,false,pdv_channel_1,automatic
0.00074483081499029902,-1.3920000004746802e-06,58593749.980019182,nan,nan,nan,nan,nan,candidate,boundary_peak,strongest_peak,1,peak_at_band_boundary,peak_at_band_boundary,false,pdv_channel_1,automatic
0.00074483401499030012,-1.388800000473589e-06,58593749.980019182,nan,nan,nan,nan,nan,candidate,boundary_peak,strongest_peak,1,ambiguous_peak,ambiguous_peak,false,pdv_channel_1,automatic
0.00074483721499030121,-1.3856000004724978e-06,126953124.95670824,nan,nan,nan,nan,nan,candidate,refined,strongest_peak,1,unstable_detection,unstable_detection,false,pdv_channel_1,automatic
0.0007448404149903023,-1.3824000004714065e-06,58593749.980019182,nan,nan,nan,nan,nan,candidate,boundary_peak,strongest_peak,1,peak_at_band_boundary,peak_at_band_boundary,false,pdv_channel_1,automatic
0.00074484361499030339,-1.3792000004703153e-06,117187499.96003836,nan,nan,nan,nan,nan,candidate,refined,strongest_peak,1,unstable_detection,unstable_detection,false,pdv_channel_1,automatic
0.00074484681499030448,-1.3760000004692241e-06,107421874.96336851,nan,nan,nan,nan,nan,candidate,refined,strongest_peak,1,unstable_detection,unstable_detection,false,pdv_channel_1,automatic
0.00074485001499030557,-1.3728000004681329e-06,58593749.980019182,nan,nan,nan,nan,nan,candidate,boundary_peak,strongest_peak,1,peak_at_band_boundary,peak_at_band_boundary,false,pdv_channel_1,automatic
0.00074485321499030666,-1.3696000004670417e-06,58593749.980019182,nan,nan,nan,nan,nan,candidate,boundary_peak,strongest_peak,1,peak_at_band_boundary,peak_at_band_boundary,false,pdv_channel_1,automatic
0.00074485641499030775,-1.3664000004659504e-06,58593749.980019182,nan,nan,nan,nan,nan,candidate,boundary_peak,strongest_peak,1,no_detectable_beat,no_detectable_beat,false,pdv_channel_1,automatic
0.00074485961499030885,-1.3632000004648592e-06,58593749.980019182,nan,nan,nan,nan,nan,candidate,boundary_peak,strongest_peak,1,peak_at_band_boundary,peak_at_band_boundary,false,pdv_channel_1,automatic
0.00074486281499030994,-1.360000000463768e-06,58593749.980019182,nan,nan,nan,nan,nan,candidate,boundary_peak,strongest_peak,1,peak_at_band_boundary,peak_at_band_boundary,false,pdv_channel_1,automatic
0.00074486601499031103,-1.3568000004626768e-06,58593749.980019182,nan,nan,nan,nan,nan,candidate,boundary_peak,strongest_peak,1,peak_at_band_boundary,peak_at_band_boundary,false,pdv_channel_1,automatic
0.00074486921499031212,-1.3536000004615856e-06,58593749.980019182,nan,nan,nan,nan,nan,candidate,boundary_peak,strongest_peak,1,peak_at_band_boundary,peak_at_band_boundary,false,pdv_channel_1,automatic
0.00074487241499031321,-1.3504000004604944e-06,58593749.980019182,nan,nan,nan,nan,nan,candidate,boundary_peak,strongest_peak,1,peak_at_band_boundary,peak_at_band_boundary,false,pdv_channel_1,automatic
0.0007448756149903143,-1.3472000004594031e-06,58593749.980019182,nan,nan,nan,nan,nan,candidate,boundary_peak,strongest_peak,1,peak_at_band_boundary,peak_at_band_boundary,false,pdv_channel_1,automatic
0.00074487881499031539,-1.3440000004583119e-06,58593749.980019182,nan,nan,nan,nan,nan,candidate,boundary_peak,strongest_peak,1,ambiguous_peak,ambiguous_peak,false,pdv_channel_1,automatic
0.00074488201499031648,-1.3408000004572207e-06,58593749.980019182,nan,nan,nan,nan,nan,candidate,boundary_peak,strongest_peak,1,peak_at_band_boundary,peak_at_band_boundary,false,pdv_channel_1,automatic
0.00074488521499031758,-1.3376000004561295e-06,58593749.980019182,nan,nan,nan,nan,nan,candidate,boundary_peak,strongest_peak,1,peak_at_band_boundary,peak_at_band_boundary,false,pdv_channel_1,automatic
0.00074488841499031867,-1.3344000004550383e-06,107421874.96336851,nan,nan,nan,nan,nan,candidate,refined,strongest_peak,1,unstable_detection,unstable_detection,false,pdv_channel_1,automatic
0.00074489161499031976,-1.331200000453947e-06,117187499.96003836,nan,nan,nan,nan,nan,candidate,refined,strongest_peak,1,unstable_detection,unstable_detection,false,pdv_channel_1,automatic
0.00074489481499032085,-1.3280000004528558e-06,58593749.980019182,nan,nan,nan,nan,nan,candidate,boundary_peak,strongest_peak,1,peak_at_band_boundary,peak_at_band_boundary,false,pdv_channel_1,automatic
0.00074489801499032194,-1.3248000004517646e-06,107421874.96336851,nan,nan,nan,nan,nan,candidate,refined,strongest_peak,1,unstable_detection,unstable_detection,false,pdv_channel_1,automatic
0.00074490121499032303,-1.3216000004506734e-06,107421874.96336851,nan,nan,nan,nan,nan,candidate,refined,strongest_peak,1,unstable_detection,unstable_detection,false,pdv_channel_1,automatic
0.00074490441499032412,-1.3184000004495822e-06,58593749.980019182,nan,nan,nan,nan,nan,candidate,boundary_peak,strongest_peak,1,peak_at_band_boundary,peak_at_band_boundary,false,pdv_channel_1,automatic
0.00074490761499032521,-1.3152000004484909e-06,58593749.980019182,nan,nan,nan,nan,nan,candidate,boundary_peak,strongest_peak,1,peak_at_band_boundary,peak_at_band_boundary,false,pdv_channel_1,automatic
0.00074491081499032631,-1.3120000004473997e-06,107421874.96336851,nan,nan,nan,nan,nan,candidate,refined,strongest_peak,1,unstable_detection,unstable_detection,false,pdv_channel_1,automatic
0.0007449140149903274,-1.3088000004463085e-06,58593749.980019182,nan,nan,nan,nan,nan,candidate,boundary_peak,strongest_peak,1,peak_at_band_boundary,peak_at_band_boundary,false,pdv_channel_1,automatic
0.00074491721499032849,-1.3056000004452173e-06,58593749.980019182,nan,nan,nan,nan,nan,candidate,boundary_peak,strongest_peak,1,peak_at_band_boundary,peak_at_band_boundary,false,pdv_channel_1,automatic
0.00074492041499032958,-1.3024000004441261e-06,107421874.96336851,nan,nan,nan,nan,nan,candidate,refined,strongest_peak,1,unstable_detection,unstable_detection,false,pdv_channel_1,automatic
0.00074492361499033067,-1.2992000004430349e-06,58593749.980019182,nan,nan,nan,nan,nan,candidate,boundary_peak,strongest_peak,1,peak_at_band_boundary,peak_at_band_boundary,false,pdv_channel_1,automatic
0.00074492681499033176,-1.2960000004419436e-06,58593749.980019182,nan,nan,nan,nan,nan,candidate,boundary_peak,strongest_peak,1,peak_at_band_boundary,peak_at_band_boundary,false,pdv_channel_1,automatic
0.00074493001499033285,-1.2928000004408524e-06,58593749.980019182,nan,nan,nan,nan,nan,candidate,boundary_peak,strongest_peak,1,peak_at_band_boundary,peak_at_band_boundary,false,pdv_channel_1,automatic
0.00074493321499033394,-1.2896000004397612e-06,58593749.980019182,nan,nan,nan,nan,nan,candidate,boundary_peak,strongest_peak,1,peak_at_band_boundary,peak_at_band_boundary,false,pdv_channel_1,automatic
0.00074493641499033504,-1.28640000043867e-06,58593749.980019182,nan,nan,nan,nan,nan,candidate,boundary_peak,strongest_peak,1,ambiguous_peak,ambiguous_peak,false,pdv_channel_1,automatic
0.00074493961499033613,-1.2832000004375788e-06,58593749.980019182,nan,nan,nan,nan,nan,candidate,boundary_peak,strongest_peak,1,ambiguous_peak,ambiguous_peak,false,pdv_channel_1,automatic
0.00074494281499033722,-1.2800000004364875e-06,58593749.980019182,nan,nan,nan,nan,nan,candidate,boundary_peak,strongest_peak,1,peak_at_band_boundary,peak_at_band_boundary,false,pdv_channel_1,automatic
0.00074494601499033831,-1.2768000004353963e-06,58593749.980019182,nan,nan,nan,nan,nan,candidate,boundary_peak,strongest_peak,1,peak_at_band_boundary,peak_at_band_boundary,false,pdv_channel_1,automatic
0.0007449492149903394,-1.2736000004343051e-06,58593749.980019182,nan,nan,nan,nan,nan,candidate,boundary_peak,strongest_peak,1,peak_at_band_boundary,peak_at_band_boundary,false,pdv_channel_1,automatic
0.00074495241499034049,-1.2704000004332139e-06,58593749.980019182,nan,nan,nan,nan,nan,candidate,boundary_peak,strongest_peak,1,peak_at_band_boundary,peak_at_band_boundary,false,pdv_channel_1,automatic
0.00074495561499034158,-1.2672000004321227e-06,58593749.980019182,nan,nan,nan,nan,nan,candidate,boundary_peak,strongest_peak,1,peak_at_band_boundary,peak_at_band_boundary,false,pdv_channel_1,automatic
0.00074495881499034267,-1.2640000004310314e-06,58593749.980019182,nan,nan,nan,nan,nan,candidate,boundary_peak,strongest_peak,1,peak_at_band_boundary,peak_at_band_boundary,false,pdv_channel_1,automatic
0.00074496201499034376,-1.2608000004299402e-06,58593749.980019182,nan,nan,nan,nan,nan,candidate,boundary_peak,strongest_peak,1,peak_at_band_boundary,peak_at_band_boundary,false,pdv_channel_1,automatic
0.00074496521499034486,-1.257600000428849e-06,58593749.980019182,nan,nan,nan,nan,nan,candidate,boundary_peak,strongest_peak,1,peak_at_band_boundary,peak_at_band_boundary,false,pdv_channel_1,automatic
0.00074496841499034595,-1.2544000004277578e-06,58593749.980019182,nan,nan,nan,nan,nan,candidate,boundary_peak,strongest_peak,1,peak_at_band_boundary,peak_at_band_boundary,false,pdv_channel_1,automatic
0.00074497161499034704,-1.2512000004266666e-06,58593749.980019182,nan,nan,nan,nan,nan,candidate,boundary_peak,strongest_peak,1,peak_at_band_boundary,peak_at_band_boundary,false,pdv_channel_1,automatic
0.00074497481499034813,-1.2480000004255754e-06,58593749.980019182,nan,nan,nan,nan,nan,candidate,boundary_peak,strongest_peak,1,peak_at_band_boundary,peak_at_band_boundary,false,pdv_channel_1,automatic
0.00074497801499034922,-1.2448000004244841e-06,58593749.980019182,nan,nan,nan,nan,nan,candidate,boundary_peak,strongest_peak,1,peak_at_band_boundary,peak_at_band_boundary,false,pdv_channel_1,automatic
0.00074498121499035031,-1.2416000004233929e-06,58593749.980019182,nan,nan,nan,nan,nan,candidate,boundary_peak,strongest_peak,1,peak_at_band_boundary,peak_at_band_boundary,false,pdv_channel_1,automatic
0.0007449844149903514,-1.2384000004223017e-06,58593749.980019182,nan,nan,nan,nan,nan,candidate,boundary_peak,strongest_peak,1,peak_at_band_boundary,peak_at_band_boundary,false,pdv_channel_1,automatic
0.00074498761499035249,-1.2352000004212105e-06,58593749.980019182,nan,nan,nan,nan,nan,candidate,boundary_peak,strongest_peak,1,peak_at_band_boundary,peak_at_band_boundary,false,pdv_channel_1,automatic
0.00074499081499035359,-1.2320000004201193e-06,58593749.980019182,nan,nan,nan,nan,nan,candidate,boundary_peak,strongest_peak,1,peak_at_band_boundary,peak_at_band_boundary,false,pdv_channel_1,automatic
0.00074499401499035468,-1.228800000419028e-06,58593749.980019182,nan,nan,nan,nan,nan,candidate,boundary_peak,strongest_peak,1,peak_at_band_boundary,peak_at_band_boundary,false,pdv_channel_1,automatic
0.00074499721499035577,-1.2256000004179368e-06,58593749.980019182,nan,nan,nan,nan,nan,candidate,boundary_peak,strongest_peak,1,peak_at_band_boundary,peak_at_band_boundary,false,pdv_channel_1,automatic
0.00074500041499035686,-1.2224000004168456e-06,58593749.980019182,nan,nan,nan,nan,nan,candidate,boundary_peak,strongest_peak,1,ambiguous_peak,ambiguous_peak,false,pdv_channel_1,automatic
0.00074500361499035795,-1.2192000004157544e-06,58593749.980019182,nan,nan,nan,nan,nan,candidate,boundary_peak,strongest_peak,1,peak_at_band_boundary,peak_at_band_boundary,false,pdv_channel_1,automatic
0.00074500681499035904,-1.2160000004146632e-06,58593749.980019182,nan,nan,nan,nan,nan,candidate,boundary_peak,strongest_peak,1,peak_at_band_boundary,peak_at_band_boundary,false,pdv_channel_1,automatic
0.00074501001499036013,-1.2128000004135719e-06,58593749.980019182,nan,nan,nan,nan,nan,candidate,boundary_peak,strongest_peak,1,peak_at_band_boundary,peak_at_band_boundary,false,pdv_channel_1,automatic
0.00074501321499036122,-1.2096000004124807e-06,58593749.980019182,nan,nan,nan,nan,nan,candidate,boundary_peak,strongest_peak,1,peak_at_band_boundary,peak_at_band_boundary,false,pdv_channel_1,automatic
0.00074501641499036232,-1.2064000004113895e-06,58593749.980019182,nan,nan,nan,nan,nan,candidate,boundary_peak,strongest_peak,1,peak_at_band_boundary,peak_at_band_boundary,false,pdv_channel_1,automatic
0.00074501961499036341,-1.2032000004102983e-06,58593749.980019182,nan,nan,nan,nan,nan,candidate,boundary_peak,strongest_peak,1,peak_at_band_boundary,peak_at_band_boundary,false,pdv_channel_1,automatic
0.0007450228149903645,-1.2000000004092071e-06,58593749.980019182,nan,nan,nan,nan,nan,candidate,boundary_peak,strongest_peak,1,peak_at_band_boundary,peak_at_band_boundary,false,pdv_channel_1,automatic
0.00074502601499036559,-1.1968000004081158e-06,58593749.980019182,nan,nan,nan,nan,nan,candidate,boundary_peak,strongest_peak,1,peak_at_band_boundary,peak_at_band_boundary,false,pdv_channel_1,automatic
0.00074502921499036668,-1.1936000004070246e-06,58593749.980019182,nan,nan,nan,nan,nan,candidate,boundary_peak,strongest_peak,1,ambiguous_peak,ambiguous_peak,false,pdv_channel_1,automatic
0.00074503241499036777,-1.1904000004059334e-06,58593749.980019182,nan,nan,nan,nan,nan,candidate,boundary_peak,strongest_peak,1,peak_at_band_boundary,peak_at_band_boundary,false,pdv_channel_1,automatic
0.00074503561499036886,-1.1872000004048422e-06,58593749.980019182,nan,nan,nan,nan,nan,candidate,boundary_peak,strongest_peak,1,peak_at_band_boundary,peak_at_band_boundary,false,pdv_channel_1,automatic
0.00074503881499036995,-1.184000000403751e-06,58593749.980019182,nan,nan,nan,nan,nan,candidate,boundary_peak,strongest_peak,1,peak_at_band_boundary,peak_at_band_boundary,false,pdv_channel_1,automatic
0.00074504201499037105,-1.1808000004026598e-06,58593749.980019182,nan,nan,nan,nan,nan,candidate,boundary_peak,strongest_peak,1,peak_at_band_boundary,peak_at_band_boundary,false,pdv_channel_1,automatic
0.00074504521499037214,-1.1776000004015685e-06,58593749.980019182,nan,nan,nan,nan,nan,candidate,boundary_peak,strongest_peak,1,peak_at_band_boundary,peak_at_band_boundary,false,pdv_channel_1,automatic
0.00074504841499037323,-1.1744000004004773e-06,117187499.96003836,nan,nan,nan,nan,nan,candidate,refined,strongest_peak,1,no_detectable_beat,no_detectable_beat,false,pdv_channel_1,automatic
0.00074505161499037432,-1.1712000003993861e-06,58593749.980019182,nan,nan,nan,nan,nan,candidate,boundary_peak,strongest_peak,1,peak_at_band_boundary,peak_at_band_boundary,false,pdv_channel_1,automatic
0.00074505481499037541,-1.1680000003982949e-06,58593749.980019182,nan,nan,nan,nan,nan,candidate,boundary_peak,strongest_peak,1,peak_at_band_boundary,peak_at_band_boundary,false,pdv_channel_1,automatic
0.0007450580149903765,-1.1648000003972037e-06,58593749.980019182,nan,nan,nan,nan,nan,candidate,boundary_peak,strongest_peak,1,peak_at_band_boundary,peak_at_band_boundary,false,pdv_channel_1,automatic
0.00074506121499037759,-1.1616000003961124e-06,58593749.980019182,nan,nan,nan,nan,nan,candidate,boundary_peak,strongest_peak,1,peak_at_band_boundary,peak_at_band_boundary,false,pdv_channel_1,automatic
0.00074506441499037868,-1.1584000003950212e-06,58593749.980019182,nan,nan,nan,nan,nan,candidate,boundary_peak,strongest_peak,1,peak_at_band_boundary,peak_at_band_boundary,false,pdv_channel_1,automatic
0.00074506761499037978,-1.15520000039393e-06,58593749.980019182,nan,nan,nan,nan,nan,candidate,boundary_peak,strongest_peak,1,peak_at_band_boundary,peak_at_band_boundary,false,pdv_channel_1,automatic
0.00074507081499038087,-1.1520000003928388e-06,58593749.980019182,nan,nan,nan,nan,nan,candidate,boundary_peak,strongest_peak,1,peak_at_band_boundary,peak_at_band_boundary,false,pdv_channel_1,automatic
0.00074507401499038196,-1.1488000003917476e-06,58593749.980019182,nan,nan,nan,nan,nan,candidate,boundary_peak,strongest_peak,1,peak_at_band_boundary,peak_at_band_boundary,false,pdv_channel_1,automatic
0.00074507721499038305,-1.1456000003906563e-06,58593749.980019182,nan,nan,nan,nan,nan,candidate,boundary_peak,strongest_peak,1,peak_at_band_boundary,peak_at_band_boundary,false,pdv_channel_1,automatic
0.00074508041499038414,-1.1424000003895651e-06,58593749.980019182,nan,nan,nan,nan,nan,candidate,boundary_peak,strongest_peak,1,no_detectable_beat,no_detectable_beat,false,pdv_channel_1,automatic
0.00074508361499038523,-1.1392000003884739e-06,58593749.980019182,nan,nan,nan,nan,nan,candidate,boundary_peak,strongest_peak,1,peak_at_band_boundary,peak_at_band_boundary,false,pdv_channel_1,automatic
0.00074508681499038632,-1.1360000003873827e-06,58593749.980019182,nan,nan,nan,nan,nan,candidate,boundary_peak,strongest_peak,1,peak_at_band_boundary,peak_at_band_boundary,false,pdv_channel_1,automatic
0.00074509001499038741,-1.1328000003862915e-06,58593749.980019182,nan,nan,nan,nan,nan,candidate,boundary_peak,strongest_peak,1,peak_at_band_boundary,peak_at_band_boundary,false,pdv_channel_1,automatic
0.0007450932149903885,-1.1296000003852003e-06,58593749.980019182,nan,nan,nan,nan,nan,candidate,boundary_peak,strongest_peak,1,peak_at_band_boundary,peak_at_band_boundary,false,pdv_channel_1,automatic
0.0007450964149903896,-1.126400000384109e-06,58593749.980019182,nan,nan,nan,nan,nan,candidate,boundary_peak,strongest_peak,1,peak_at_band_boundary,peak_at_band_boundary,false,pdv_channel_1,automatic
0.00074509961499039069,-1.1232000003830178e-06,58593749.980019182,nan,nan,nan,nan,nan,candidate,boundary_peak,strongest_peak,1,peak_at_band_boundary,peak_at_band_boundary,false,pdv_channel_1,automatic
0.00074510281499039178,-1.1200000003819266e-06,58593749.980019182,nan,nan,nan,nan,nan,candidate,boundary_peak,strongest_peak,1,peak_at_band_boundary,peak_at_band_boundary,false,pdv_channel_1,automatic
0.00074510601499039287,-1.1168000003808354e-06,58593749.980019182,nan,nan,nan,nan,nan,candidate,boundary_peak,strongest_peak,1,peak_at_band_boundary,peak_at_band_boundary,false,pdv_channel_1,automatic
0.00074510921499039396,-1.1136000003797442e-06,58593749.980019182,nan,nan,nan,nan,nan,candidate,boundary_peak,strongest_peak,1,peak_at_band_boundary,peak_at_band_boundary,false,pdv_channel_1,automatic
0.00074511241499039505,-1.1104000003786529e-06,58593749.980019182,nan,nan,nan,nan,nan,candidate,boundary_peak,strongest_peak,1,peak_at_band_boundary,peak_at_band_boundary,false,pdv_channel_1,automatic
0.00074511561499039614,-1.1072000003775617e-06,58593749.980019182,nan,nan,nan,nan,nan,candidate,boundary_peak,strongest_peak,1,peak_at_band_boundary,peak_at_band_boundary,false,pdv_channel_1,automatic
0.00074511881499039723,-1.1040000003764705e-06,58593749.980019182,nan,nan,nan,nan,nan,candidate,boundary_peak,strongest_peak,1,peak_at_band_boundary,peak_at_band_boundary,false,pdv_channel_1,automatic
0.00074512201499039833,-1.1008000003753793e-06,58593749.980019182,nan,nan,nan,nan,nan,candidate,boundary_peak,strongest_peak,1,peak_at_band_boundary,peak_at_band_boundary,false,pdv_channel_1,automatic
0.00074512521499039942,-1.0976000003742881e-06,58593749.980019182,nan,nan,nan,nan,nan,candidate,boundary_peak,strongest_peak,1,peak_at_band_boundary,peak_at_band_boundary,false,pdv_channel_1,automatic
0.00074512841499040051,-1.0944000003731968e-06,58593749.980019182,nan,nan,nan,nan,nan,candidate,boundary_peak,strongest_peak,1,peak_at_band_boundary,peak_at_band_boundary,false,pdv_channel_1,automatic
0.0007451316149904016,-1.0912000003721056e-06,58593749.980019182,nan,nan,nan,nan,nan,candidate,boundary_peak,strongest_peak,1,ambiguous_peak,ambiguous_peak,false,pdv_channel_1,automatic
0.00074513481499040269,-1.0880000003710144e-06,58593749.980019182,nan,nan,nan,nan,nan,candidate,boundary_peak,strongest_peak,1,peak_at_band_boundary,peak_at_band_boundary,false,pdv_channel_1,automatic
0.00074513801499040378,-1.0848000003699232e-06,58593749.980019182,nan,nan,nan,nan,nan,candidate,boundary_peak,strongest_peak,1,peak_at_band_boundary,peak_at_band_boundary,false,pdv_channel_1,automatic
0.00074514121499040487,-1.081600000368832e-06,58593749.980019182,nan,nan,nan,nan,nan,candidate,boundary_peak,strongest_peak,1,peak_at_band_boundary,peak_at_band_boundary,false,pdv_channel_1,automatic
0.00074514441499040596,-1.0784000003677408e-06,58593749.980019182,nan,nan,nan,nan,nan,candidate,boundary_peak,strongest_peak,1,peak_at_band_boundary,peak_at_band_boundary,false,pdv_channel_1,automatic
0.00074514761499040706,-1.0752000003666495e-06,58593749.980019182,nan,nan,nan,nan,nan,candidate,boundary_peak,strongest_peak,1,peak_at_band_boundary,peak_at_band_boundary,false,pdv_channel_1,automatic
0.00074515081499040815,-1.0720000003655583e-06,58593749.980019182,nan,nan,nan,nan,nan,candidate,boundary_peak,strongest_peak,1,peak_at_band_boundary,peak_at_band_boundary,false,pdv_channel_1,automatic
0.00074515401499040924,-1.0688000003644671e-06,58593749.980019182,nan,nan,nan,nan,nan,candidate,boundary_peak,strongest_peak,1,peak_at_band_boundary,peak_at_band_boundary,false,pdv_channel_1,automatic
0.00074515721499041033,-1.0656000003633759e-06,58593749.980019182,nan,nan,nan,nan,nan,candidate,boundary_peak,strongest_peak,1,peak_at_band_boundary,peak_at_band_boundary,false,pdv_channel_1,automatic
0.00074516041499041142,-1.0624000003622847e-06,58593749.980019182,nan,nan,nan,nan,nan,candidate,boundary_peak,strongest_peak,1,peak_at_band_boundary,peak_at_band_boundary,false,pdv_channel_1,automatic
0.00074516361499041251,-1.0592000003611934e-06,58593749.980019182,nan,nan,nan,nan,nan,candidate,boundary_peak,strongest_peak,1,peak_at_band_boundary,peak_at_band_boundary,false,pdv_channel_1,automatic
0.0007451668149904136,-1.0560000003601022e-06,58593749.980019182,nan,nan,nan,nan,nan,candidate,boundary_peak,strongest_peak,1,ambiguous_peak,ambiguous_peak,false,pdv_channel_1,automatic
0.00074517001499041469,-1.052800000359011e-06,58593749.980019182,nan,nan,nan,nan,nan,candidate,boundary_peak,strongest_peak,1,peak_at_band_boundary,peak_at_band_boundary,false,pdv_channel_1,automatic
0.00074517321499041579,-1.0496000003579198e-06,58593749.980019182,nan,nan,nan,nan,nan,candidate,boundary_peak,strongest_peak,1,peak_at_band_boundary,peak_at_band_boundary,false,pdv_channel_1,automatic
0.00074517641499041688,-1.0464000003568286e-06,58593749.980019182,nan,nan,nan,nan,nan,candidate,boundary_peak,strongest_peak,1,peak_at_band_boundary,peak_at_band_boundary,false,pdv_channel_1,automatic
0.00074517961499041797,-1.0432000003557373e-06,58593749.980019182,nan,nan,nan,nan,nan,candidate,boundary_peak,strongest_peak,1,peak_at_band_boundary,peak_at_band_boundary,false,pdv_channel_1,automatic
0.00074518281499041906,-1.0400000003546461e-06,58593749.980019182,nan,nan,nan,nan,nan,candidate,boundary_peak,strongest_peak,1,peak_at_band_boundary,peak_at_band_boundary,false,pdv_channel_1,automatic
0.00074518601499042015,-1.0368000003535549e-06,58593749.980019182,nan,nan,nan,nan,nan,candidate,boundary_peak,strongest_peak,1,ambiguous_peak,ambiguous_peak,false,pdv_channel_1,automatic
0.00074518921499042124,-1.0336000003524637e-06,58593749.980019182,nan,nan,nan,nan,nan,candidate,boundary_peak,strongest_peak,1,peak_at_band_boundary,peak_at_band_boundary,false,pdv_channel_1,automatic
0.00074519241499042233,-1.0304000003513725e-06,58593749.980019182,nan,nan,nan,nan,nan,candidate,boundary_peak,strongest_peak,1,peak_at_band_boundary,peak_at_band_boundary,false,pdv_channel_1,automatic
0.00074519561499042342,-1.0272000003502813e-06,58593749.980019182,nan,nan,nan,nan,nan,candidate,boundary_peak,strongest_peak,1,peak_at_band_boundary,peak_at_band_boundary,false,pdv_channel_1,automatic
0.00074519881499042452,-1.02400000034919e-06,58593749.980019182,nan,nan,nan,nan,nan,candidate,boundary_peak,strongest_peak,1,peak_at_band_boundary,peak_at_band_boundary,false,pdv_channel_1,automatic
0.00074520201499042561,-1.0208000003480988e-06,58593749.980019182,nan,nan,nan,nan,nan,candidate,boundary_peak,strongest_peak,1,peak_at_band_boundary,peak_at_band_boundary,false,pdv_channel_1,automatic
0.0007452052149904267,-1.0176000003470076e-06,58593749.980019182,nan,nan,nan,nan,nan,candidate,boundary_peak,strongest_peak,1,peak_at_band_boundary,peak_at_band_boundary,false,pdv_channel_1,automatic
0.00074520841499042779,-1.0144000003459164e-06,58593749.980019182,nan,nan,nan,nan,nan,candidate,boundary_peak,strongest_peak,1,peak_at_band_boundary,peak_at_band_boundary,false,pdv_channel_1,automatic
0.00074521161499042888,-1.0112000003448252e-06,126953124.95670824,nan,nan,nan,nan,nan,candidate,refined,strongest_peak,1,unstable_detection,unstable_detection,false,pdv_channel_1,automatic
0.00074521481499042997,-1.0080000003437339e-06,58593749.980019182,nan,nan,nan,nan,nan,candidate,boundary_peak,strongest_peak,1,peak_at_band_boundary,peak_at_band_boundary,false,pdv_channel_1,automatic
0.00074521801499043106,-1.0048000003426427e-06,58593749.980019182,nan,nan,nan,nan,nan,candidate,boundary_peak,strongest_peak,1,peak_at_band_boundary,peak_at_band_boundary,false,pdv_channel_1,automatic
0.00074522121499043215,-1.0016000003415515e-06,58593749.980019182,nan,nan,nan,nan,nan,candidate,boundary_peak,strongest_peak,1,peak_at_band_boundary,peak_at_band_boundary,false,pdv_channel_1,automatic
0.00074522441499043324,-9.9840000034046028e-07,58593749.980019182,nan,nan,nan,nan,nan,candidate,boundary_peak,strongest_peak,1,peak_at_band_boundary,peak_at_band_boundary,false,pdv_channel_1,automatic
0.00074522761499043434,-9.9520000033936906e-07,58593749.980019182,nan,nan,nan,nan,nan,candidate,boundary_peak,strongest_peak,1,peak_at_band_boundary,peak_at_band_boundary,false,pdv_channel_1,automatic
0.00074523081499043543,-9.9200000033827784e-07,58593749.980019182,nan,nan,nan,nan,nan,candidate,boundary_peak,strongest_peak,1,peak_at_band_boundary,peak_at_band_boundary,false,pdv_channel_1,automatic
0.00074523401499043652,-9.8880000033718662e-07,58593749.980019182,nan,nan,nan,nan,nan,candidate,boundary_peak,strongest_peak,1,peak_at_band_boundary,peak_at_band_boundary,false,pdv_channel_1,automatic
0.00074523721499043761,-9.8560000033609541e-07,58593749.980019182,nan,nan,nan,nan,nan,candidate,boundary_peak,strongest_peak,1,peak_at_band_boundary,peak_at_band_boundary,false,pdv_channel_1,automatic
0.0007452404149904387,-9.8240000033500419e-07,58593749.980019182,nan,nan,nan,nan,nan,candidate,boundary_peak,strongest_peak,1,peak_at_band_boundary,peak_at_band_boundary,false,pdv_channel_1,automatic
0.00074524361499043979,-9.7920000033391297e-07,58593749.980019182,nan,nan,nan,nan,nan,candidate,boundary_peak,strongest_peak,1,peak_at_band_boundary,peak_at_band_boundary,false,pdv_channel_1,automatic
0.00074524681499044088,-9.7600000033282175e-07,58593749.980019182,nan,nan,nan,nan,nan,candidate,boundary_peak,strongest_peak,1,peak_at_band_boundary,peak_at_band_boundary,false,pdv_channel_1,automatic
0.00074525001499044197,-9.7280000033173053e-07,58593749.980019182,nan,nan,nan,nan,nan,candidate,boundary_peak,strongest_peak,1,peak_at_band_boundary,peak_at_band_boundary,false,pdv_channel_1,automatic
0.00074525321499044307,-9.6960000033063931e-07,58593749.980019182,nan,nan,nan,nan,nan,candidate,boundary_peak,strongest_peak,1,peak_at_band_boundary,peak_at_band_boundary,false,pdv_channel_1,automatic
0.00074525641499044416,-9.6640000032954809e-07,58593749.980019182,nan,nan,nan,nan,nan,candidate,boundary_peak,strongest_peak,1,peak_at_band_boundary,peak_at_band_boundary,false,pdv_channel_1,automatic
0.00074525961499044525,-9.6320000032845687e-07,58593749.980019182,nan,nan,nan,nan,nan,candidate,boundary_peak,strongest_peak,1,peak_at_band_boundary,peak_at_band_boundary,false,pdv_channel_1,automatic
0.00074526281499044634,-9.6000000032736565e-07,58593749.980019182,nan,nan,nan,nan,nan,candidate,boundary_peak,strongest_peak,1,peak_at_band_boundary,peak_at_band_boundary,false,pdv_channel_1,automatic
0.00074526601499044743,-9.5680000032627444e-07,58593749.980019182,nan,nan,nan,nan,nan,candidate,boundary_peak,strongest_peak,1,peak_at_band_boundary,peak_at_band_boundary,false,pdv_channel_1,automatic
0.00074526921499044852,-9.5360000032518322e-07,58593749.980019182,nan,nan,nan,nan,nan,candidate,boundary_peak,strongest_peak,1,ambiguous_peak,ambiguous_peak,false,pdv_channel_1,automatic
0.00074527241499044961,-9.50400000324092e-07,58593749.980019182,nan,nan,nan,nan,nan,candidate,boundary_peak,strongest_peak,1,peak_at_band_boundary,peak_at_band_boundary,false,pdv_channel_1,automatic
0.0007452756149904507,-9.4720000032300078e-07,58593749.980019182,nan,nan,nan,nan,nan,candidate,boundary_peak,strongest_peak,1,peak_at_band_boundary,peak_at_band_boundary,false,pdv_channel_1,automatic
0.0007452788149904518,-9.4400000032190956e-07,58593749.980019182,nan,nan,nan,nan,nan,candidate,boundary_peak,strongest_peak,1,peak_at_band_boundary,peak_at_band_boundary,false,pdv_channel_1,automatic
0.00074528201499045289,-9.4080000032081834e-07,58593749.980019182,nan,nan,nan,nan,nan,candidate,boundary_peak,strongest_peak,1,peak_at_band_boundary,peak_at_band_boundary,false,pdv_channel_1,automatic
0.00074528521499045398,-9.3760000031972712e-07,58593749.980019182,nan,nan,nan,nan,nan,candidate,boundary_peak,strongest_peak,1,peak_at_band_boundary,peak_at_band_boundary,false,pdv_channel_1,automatic
0.00074528841499045507,-9.344000003186359e-07,58593749.980019182,nan,nan,nan,nan,nan,candidate,boundary_peak,strongest_peak,1,peak_at_band_boundary,peak_at_band_boundary,false,pdv_channel_1,automatic
0.00074529161499045616,-9.3120000031754468e-07,58593749.980019182,nan,nan,nan,nan,nan,candidate,boundary_peak,strongest_peak,1,peak_at_band_boundary,peak_at_band_boundary,false,pdv_channel_1,automatic
0.00074529481499045725,-9.2800000031645347e-07,58593749.980019182,nan,nan,nan,nan,nan,candidate,boundary_peak,strongest_peak,1,peak_at_band_boundary,peak_at_band_boundary,false,pdv_channel_1,automatic
0.00074529801499045834,-9.2480000031536225e-07,58593749.980019182,nan,nan,nan,nan,nan,candidate,boundary_peak,strongest_peak,1,peak_at_band_boundary,peak_at_band_boundary,false,pdv_channel_1,automatic
0.00074530121499045943,-9.2160000031427103e-07,58593749.980019182,nan,nan,nan,nan,nan,candidate,boundary_peak,strongest_peak,1,peak_at_band_boundary,peak_at_band_boundary,false,pdv_channel_1,automatic
0.00074530441499046053,-9.1840000031317981e-07,58593749.980019182,nan,nan,nan,nan,nan,candidate,boundary_peak,strongest_peak,1,peak_at_band_boundary,peak_at_band_boundary,false,pdv_channel_1,automatic
0.00074530761499046162,-9.1520000031208859e-07,58593749.980019182,nan,nan,nan,nan,nan,candidate,boundary_peak,strongest_peak,1,peak_at_band_boundary,peak_at_band_boundary,false,pdv_channel_1,automatic
0.00074531081499046271,-9.1200000031099737e-07,58593749.980019182,nan,nan,nan,nan,nan,candidate,boundary_peak,strongest_peak,1,peak_at_band_boundary,peak_at_band_boundary,false,pdv_channel_1,automatic
0.0007453140149904638,-9.0880000030990615e-07,58593749.980019182,nan,nan,nan,nan,nan,candidate,boundary_peak,strongest_peak,1,peak_at_band_boundary,peak_at_band_boundary,false,pdv_channel_1,automatic
0.00074531721499046489,-9.0560000030881493e-07,58593749.980019182,nan,nan,nan,nan,nan,candidate,boundary_peak,strongest_peak,1,peak_at_band_boundary,peak_at_band_boundary,false,pdv_channel_1,automatic
0.00074532041499046598,-9.0240000030772372e-07,58593749.980019182,nan,nan,nan,nan,nan,candidate,boundary_peak,strongest_peak,1,peak_at_band_boundary,peak_at_band_boundary,false,pdv_channel_1,automatic
0.00074532361499046707,-8.992000003066325e-07,58593749.980019182,nan,nan,nan,nan,nan,candidate,boundary_peak,strongest_peak,1,peak_at_band_boundary,peak_at_band_boundary,false,pdv_channel_1,automatic
0.00074532681499046816,-8.9600000030554128e-07,58593749.980019182,nan,nan,nan,nan,nan,candidate,boundary_peak,strongest_peak,1,peak_at_band_boundary,peak_at_band_boundary,false,pdv_channel_1,automatic
0.00074533001499046926,-8.9280000030445006e-07,58593749.980019182,nan,nan,nan,nan,nan,candidate,boundary_peak,strongest_peak,1,peak_at_band_boundary,peak_at_band_boundary,false,pdv_channel_1,automatic
0.00074533321499047035,-8.8960000030335884e-07,58593749.980019182,nan,nan,nan,nan,nan,candidate,boundary_peak,strongest_peak,1,peak_at_band_boundary,peak_at_band_boundary,false,pdv_channel_1,automatic
0.00074533641499047144,-8.8640000030226762e-07,58593749.980019182,nan,nan,nan,nan,nan,candidate,boundary_peak,strongest_peak,1,peak_at_band_boundary,peak_at_band_boundary,false,pdv_channel_1,automatic
0.00074533961499047253,-8.832000003011764e-07,58593749.980019182,nan,nan,nan,nan,nan,candidate,boundary_peak,strongest_peak,1,peak_at_band_boundary,peak_at_band_boundary,false,pdv_channel_1,automatic
0.00074534281499047362,-8.8000000030008518e-07,58593749.980019182,nan,nan,nan,nan,nan,candidate,boundary_peak,strongest_peak,1,peak_at_band_boundary,peak_at_band_boundary,false,pdv_channel_1,automatic
0.00074534601499047471,-8.7680000029899396e-07,58593749.980019182,nan,nan,nan,nan,nan,candidate,boundary_peak,strongest_peak,1,peak_at_band_boundary,peak_at_band_boundary,false,pdv_channel_1,automatic
0.0007453492149904758,-8.7360000029790275e-07,58593749.980019182,nan,nan,nan,nan,nan,candidate,boundary_peak,strongest_peak,1,peak_at_band_boundary,peak_at_band_boundary,false,pdv_channel_1,automatic
0.00074535241499047689,-8.7040000029681153e-07,58593749.980019182,nan,nan,nan,nan,nan,candidate,boundary_peak,strongest_peak,1,peak_at_band_boundary,peak_at_band_boundary,false,pdv_channel_1,automatic
0.00074535561499047798,-8.6720000029572031e-07,58593749.980019182,nan,nan,nan,nan,nan,candidate,boundary_peak,strongest_peak,1,peak_at_band_boundary,peak_at_band_boundary,false,pdv_channel_1,automatic
0.00074535881499047908,-8.6400000029462909e-07,58593749.980019182,nan,nan,nan,nan,nan,candidate,boundary_peak,strongest_peak,1,peak_at_band_boundary,peak_at_band_boundary,false,pdv_channel_1,automatic
0.00074536201499048017,-8.6080000029353787e-07,58593749.980019182,nan,nan,nan,nan,nan,candidate,boundary_peak,strongest_peak,1,peak_at_band_boundary,peak_at_band_boundary,false,pdv_channel_1,automatic
0.00074536521499048126,-8.5760000029244665e-07,58593749.980019182,nan,nan,nan,nan,nan,candidate,boundary_peak,strongest_peak,1,peak_at_band_boundary,peak_at_band_boundary,false,pdv_channel_1,automatic
0.00074536841499048235,-8.5440000029135543e-07,58593749.980019182,nan,nan,nan,nan,nan,candidate,boundary_peak,strongest_peak,1,peak_at_band_boundary,peak_at_band_boundary,false,pdv_channel_1,automatic
0.00074537161499048344,-8.5120000029026421e-07,58593749.980019182,nan,nan,nan,nan,nan,candidate,boundary_peak,strongest_peak,1,peak_at_band_boundary,peak_at_band_boundary,false,pdv_channel_1,automatic
0.00074537481499048453,-8.4800000028917299e-07,58593749.980019182,nan,nan,nan,nan,nan,candidate,boundary_peak,strongest_peak,1,peak_at_band_boundary,peak_at_band_boundary,false,pdv_channel_1,automatic
0.00074537801499048562,-8.4480000028808178e-07,58593749.980019182,nan,nan,nan,nan,nan,candidate,boundary_peak,strongest_peak,1,peak_at_band_boundary,peak_at_band_boundary,false,pdv_channel_1,automatic
0.00074538121499048671,-8.4160000028699056e-07,58593749.980019182,nan,nan,nan,nan,nan,candidate,boundary_peak,strongest_peak,1,peak_at_band_boundary,peak_at_band_boundary,false,pdv_channel_1,automatic
0.00074538441499048781,-8.3840000028589934e-07,58593749.980019182,nan,nan,nan,nan,nan,candidate,boundary_peak,strongest_peak,1,peak_at_band_boundary,peak_at_band_boundary,false,pdv_channel_1,automatic
0.0007453876149904889,-8.3520000028480812e-07,58593749.980019182,nan,nan,nan,nan,nan,candidate,boundary_peak,strongest_peak,1,peak_at_band_boundary,peak_at_band_boundary,false,pdv_channel_1,automatic
0.00074539081499048999,-8.320000002837169e-07,58593749.980019182,nan,nan,nan,nan,nan,candidate,boundary_peak,strongest_peak,1,peak_at_band_boundary,peak_at_band_boundary,false,pdv_channel_1,automatic
0.00074539401499049108,-8.2880000028262568e-07,58593749.980019182,nan,nan,nan,nan,nan,candidate,boundary_peak,strongest_peak,1,peak_at_band_boundary,peak_at_band_boundary,false,pdv_channel_1,automatic
0.00074539721499049217,-8.2560000028153446e-07,58593749.980019182,nan,nan,nan,nan,nan,candidate,boundary_peak,strongest_peak,1,peak_at_band_boundary,peak_at_band_boundary,false,pdv_channel_1,automatic
0.00074540041499049326,-8.2240000028044324e-07,58593749.980019182,nan,nan,nan,nan,nan,candidate,boundary_peak,strongest_peak,1,peak_at_band_boundary,peak_at_band_boundary,false,pdv_channel_1,automatic
0.00074540361499049435,-8.1920000027935203e-07,58593749.980019182,nan,nan,nan,nan,nan,candidate,boundary_peak,strongest_peak,1,ambiguous_peak,ambiguous_peak,false,pdv_channel_1,automatic
0.00074540681499049544,-8.1600000027826081e-07,58593749.980019182,nan,nan,nan,nan,nan,candidate,boundary_peak,strongest_peak,1,peak_at_band_boundary,peak_at_band_boundary,false,pdv_channel_1,automatic
0.00074541001499049654,-8.1280000027716959e-07,58593749.980019182,nan,nan,nan,nan,nan,candidate,boundary_peak,strongest_peak,1,peak_at_band_boundary,peak_at_band_boundary,false,pdv_channel_1,automatic
0.00074541321499049763,-8.0960000027607837e-07,58593749.980019182,nan,nan,nan,nan,nan,candidate,boundary_peak,strongest_peak,1,peak_at_band_boundary,peak_at_band_boundary,false,pdv_channel_1,automatic
0.00074541641499049872,-8.0640000027498715e-07,58593749.980019182,nan,nan,nan,nan,nan,candidate,boundary_peak,strongest_peak,1,peak_at_band_boundary,peak_at_band_boundary,false,pdv_channel_1,automatic
0.00074541961499049981,-8.0320000027389593e-07,58593749.980019182,nan,nan,nan,nan,nan,candidate,boundary_peak,strongest_peak,1,peak_at_band_boundary,peak_at_band_boundary,false,pdv_channel_1,automatic
0.0007454228149905009,-8.0000000027280471e-07,58593749.980019182,nan,nan,nan,nan,nan,candidate,boundary_peak,strongest_peak,1,peak_at_band_boundary,peak_at_band_boundary,false,pdv_channel_1,automatic
0.00074542601499050199,-7.9680000027171349e-07,58593749.980019182,nan,nan,nan,nan,nan,candidate,boundary_peak,strongest_peak,1,peak_at_band_boundary,peak_at_band_boundary,false,pdv_channel_1,automatic
0.00074542921499050308,-7.9360000027062227e-07,58593749.980019182,nan,nan,nan,nan,nan,candidate,boundary_peak,strongest_peak,1,peak_at_band_boundary,peak_at_band_boundary,false,pdv_channel_1,automatic
0.00074543241499050417,-7.9040000026953106e-07,58593749.980019182,nan,nan,nan,nan,nan,candidate,boundary_peak,strongest_peak,1,peak_at_band_boundary,peak_at_band_boundary,false,pdv_channel_1,automatic
0.00074543561499050527,-7.8720000026843984e-07,58593749.980019182,nan,nan,nan,nan,nan,candidate,boundary_peak,strongest_peak,1,peak_at_band_boundary,peak_at_band_boundary,false,pdv_channel_1,automatic
0.00074543881499050636,-7.8400000026734862e-07,58593749.980019182,nan,nan,nan,nan,nan,candidate,boundary_peak,strongest_peak,1,peak_at_band_boundary,peak_at_band_boundary,false,pdv_channel_1,automatic
0.00074544201499050745,-7.808000002662574e-07,58593749.980019182,nan,nan,nan,nan,nan,candidate,boundary_peak,strongest_peak,1,peak_at_band_boundary,peak_at_band_boundary,false,pdv_channel_1,automatic
0.00074544521499050854,-7.7760000026516618e-07,58593749.980019182,nan,nan,nan,nan,nan,candidate,boundary_peak,strongest_peak,1,peak_at_band_boundary,peak_at_band_boundary,false,pdv_channel_1,automatic
0.00074544841499050963,-7.7440000026407496e-07,58593749.980019182,nan,nan,nan,nan,nan,candidate,boundary_peak,strongest_peak,1,peak_at_band_boundary,peak_at_band_boundary,false,pdv_channel_1,automatic
0.00074545161499051072,-7.7120000026298374e-07,58593749.980019182,nan,nan,nan,nan,nan,candidate,boundary_peak,strongest_peak,1,peak_at_band_boundary,peak_at_band_boundary,false,pdv_channel_1,automatic
0.00074545481499051181,-7.6800000026189252e-07,58593749.980019182,nan,nan,nan,nan,nan,candidate,boundary_peak,strongest_peak,1,peak_at_band_boundary,peak_at_band_boundary,false,pdv_channel_1,automatic
0.0007454580149905129,-7.648000002608013e-07,58593749.980019182,nan,nan,nan,nan,nan,candidate,boundary_peak,strongest_peak,1,peak_at_band_boundary,peak_at_band_boundary,false,pdv_channel_1,automatic
0.000745461214990514,-7.6160000025971009e-07,58593749.980019182,nan,nan,nan,nan,nan,candidate,boundary_peak,strongest_peak,1,peak_at_band_boundary,peak_at_band_boundary,false,pdv_channel_1,automatic
0.00074546441499051509,-7.5840000025861887e-07,58593749.980019182,nan,nan,nan,nan,nan,candidate,boundary_peak,strongest_peak,1,peak_at_band_boundary,peak_at_band_boundary,false,pdv_channel_1,automatic
0.00074546761499051618,-7.5520000025752765e-07,58593749.980019182,nan,nan,nan,nan,nan,candidate,boundary_peak,strongest_peak,1,peak_at_band_boundary,peak_at_band_boundary,false,pdv_channel_1,automatic
0.00074547081499051727,-7.5200000025643643e-07,58593749.980019182,nan,nan,nan,nan,nan,candidate,boundary_peak,strongest_peak,1,peak_at_band_boundary,peak_at_band_boundary,false,pdv_channel_1,automatic
0.00074547401499051836,-7.4880000025534521e-07,58593749.980019182,nan,nan,nan,nan,nan,candidate,boundary_peak,strongest_peak,1,peak_at_band_boundary,peak_at_band_boundary,false,pdv_channel_1,automatic
0.00074547721499051945,-7.4560000025425399e-07,58593749.980019182,nan,nan,nan,nan,nan,candidate,boundary_peak,strongest_peak,1,peak_at_band_boundary,peak_at_band_boundary,false,pdv_channel_1,automatic
0.00074548041499052054,-7.4240000025316277e-07,58593749.980019182,nan,nan,nan,nan,nan,candidate,boundary_peak,strongest_peak,1,peak_at_band_boundary,peak_at_band_boundary,false,pdv_channel_1,automatic
0.00074548361499052163,-7.3920000025207155e-07,58593749.980019182,nan,nan,nan,nan,nan,candidate,boundary_peak,strongest_peak,1,peak_at_band_boundary,peak_at_band_boundary,false,pdv_channel_1,automatic
0.00074548681499052272,-7.3600000025098034e-07,58593749.980019182,nan,nan,nan,nan,nan,candidate,boundary_peak,strongest_peak,1,peak_at_band_boundary,peak_at_band_boundary,false,pdv_channel_1,automatic
0.00074549001499052382,-7.3280000024988912e-07,58593749.980019182,nan,nan,nan,nan,nan,candidate,boundary_peak,strongest_peak,1,peak_at_band_boundary,peak_at_band_boundary,false,pdv_channel_1,automatic
0.00074549321499052491,-7.296000002487979e-07,58593749.980019182,nan,nan,nan,nan,nan,candidate,boundary_peak,strongest_peak,1,peak_at_band_boundary,peak_at_band_boundary,false,pdv_channel_1,automatic
0.000745496414990526,-7.2640000024770668e-07,58593749.980019182,nan,nan,nan,nan,nan,candidate,boundary_peak,strongest_peak,1,peak_at_band_boundary,peak_at_band_boundary,false,pdv_channel_1,automatic
0.00074549961499052709,-7.2320000024661546e-07,58593749.980019182,nan,nan,nan,nan,nan,candidate,boundary_peak,strongest_peak,1,peak_at_band_boundary,peak_at_band_boundary,false,pdv_channel_1,automatic
0.00074550281499052818,-7.2000000024552424e-07,58593749.980019182,nan,nan,nan,nan,nan,candidate,boundary_peak,strongest_peak,1,peak_at_band_boundary,peak_at_band_boundary,false,pdv_channel_1,automatic
0.00074550601499052927,-7.1680000024443302e-07,58593749.980019182,nan,nan,nan,nan,nan,candidate,boundary_peak,strongest_peak,1,peak_at_band_boundary,peak_at_band_boundary,false,pdv_channel_1,automatic
0.00074550921499053036,-7.136000002433418e-07,58593749.980019182,nan,nan,nan,nan,nan,candidate,boundary_peak,strongest_peak,1,peak_at_band_boundary,peak_at_band_boundary,false,pdv_channel_1,automatic
0.00074551241499053145,-7.1040000024225058e-07,58593749.980019182,nan,nan,nan,nan,nan,candidate,boundary_peak,strongest_peak,1,peak_at_band_boundary,peak_at_band_boundary,false,pdv_channel_1,automatic
0.00074551561499053255,-7.0720000024115937e-07,58593749.980019182,nan,nan,nan,nan,nan,candidate,boundary_peak,strongest_peak,1,peak_at_band_boundary,peak_at_band_boundary,false,pdv_channel_1,automatic
0.00074551881499053364,-7.0400000024006815e-07,58593749.980019182,nan,nan,nan,nan,nan,candidate,boundary_peak,strongest_peak,1,peak_at_band_boundary,peak_at_band_boundary,false,pdv_channel_1,automatic
0.00074552201499053473,-7.0080000023897693e-07,58593749.980019182,nan,nan,nan,nan,nan,candidate,boundary_peak,strongest_peak,1,peak_at_band_boundary,peak_at_band_boundary,false,pdv_channel_1,automatic
0.00074552521499053582,-6.9760000023788571e-07,58593749.980019182,nan,nan,nan,nan,nan,candidate,boundary_peak,strongest_peak,1,peak_at_band_boundary,peak_at_band_boundary,false,pdv_channel_1,automatic
0.00074552841499053691,-6.9440000023679449e-07,58593749.980019182,nan,nan,nan,nan,nan,candidate,boundary_peak,strongest_peak,1,peak_at_band_boundary,peak_at_band_boundary,false,pdv_channel_1,automatic
0.000745531614990538,-6.9120000023570327e-07,58593749.980019182,nan,nan,nan,nan,nan,candidate,boundary_peak,strongest_peak,1,peak_at_band_boundary,peak_at_band_boundary,false,pdv_channel_1,automatic
0.00074553481499053909,-6.8800000023461205e-07,58593749.980019182,nan,nan,nan,nan,nan,candidate,boundary_peak,strongest_peak,1,peak_at_band_boundary,peak_at_band_boundary,false,pdv_channel_1,automatic
0.00074553801499054018,-6.8480000023352083e-07,58593749.980019182,nan,nan,nan,nan,nan,candidate,boundary_peak,strongest_peak,1,peak_at_band_boundary,peak_at_band_boundary,false,pdv_channel_1,automatic
0.00074554121499054128,-6.8160000023242961e-07,58593749.980019182,nan,nan,nan,nan,nan,candidate,boundary_peak,strongest_peak,1,peak_at_band_boundary,peak_at_band_boundary,false,pdv_channel_1,automatic
0.00074554441499054237,-6.784000002313384e-07,58593749.980019182,nan,nan,nan,nan,nan,candidate,boundary_peak,strongest_peak,1,peak_at_band_boundary,peak_at_band_boundary,false,pdv_channel_1,automatic
0.00074554761499054346,-6.7520000023024718e-07,58593749.980019182,nan,nan,nan,nan,nan,candidate,boundary_peak,strongest_peak,1,peak_at_band_boundary,peak_at_band_boundary,false,pdv_channel_1,automatic
0.00074555081499054455,-6.7200000022915596e-07,58593749.980019182,nan,nan,nan,nan,nan,candidate,boundary_peak,strongest_peak,1,peak_at_band_boundary,peak_at_band_boundary,false,pdv_channel_1,automatic
0.00074555401499054564,-6.6880000022806474e-07,58593749.980019182,nan,nan,nan,nan,nan,candidate,boundary_peak,strongest_peak,1,peak_at_band_boundary,peak_at_band_boundary,false,pdv_channel_1,automatic
0.00074555721499054673,-6.6560000022697352e-07,58593749.980019182,nan,nan,nan,nan,nan,candidate,boundary_peak,strongest_peak,1,peak_at_band_boundary,peak_at_band_boundary,false,pdv_channel_1,automatic
0.00074556041499054782,-6.624000002258823e-07,58593749.980019182,nan,nan,nan,nan,nan,candidate,boundary_peak,strongest_peak,1,peak_at_band_boundary,peak_at_band_boundary,false,pdv_channel_1,automatic
0.00074556361499054891,-6.5920000022479108e-07,58593749.980019182,nan,nan,nan,nan,nan,candidate,boundary_peak,strongest_peak,1,peak_at_band_boundary,peak_at_band_boundary,false,pdv_channel_1,automatic
0.00074556681499055001,-6.5600000022369986e-07,58593749.980019182,nan,nan,nan,nan,nan,candidate,boundary_peak,strongest_peak,1,peak_at_band_boundary,peak_at_band_boundary,false,pdv_channel_1,automatic
0.0007455700149905511,-6.5280000022260865e-07,58593749.980019182,nan,nan,nan,nan,nan,candidate,boundary_peak,strongest_peak,1,peak_at_band_boundary,peak_at_band_boundary,false,pdv_channel_1,automatic
0.00074557321499055219,-6.4960000022151743e-07,58593749.980019182,nan,nan,nan,nan,nan,candidate,boundary_peak,strongest_peak,1,peak_at_band_boundary,peak_at_band_boundary,false,pdv_channel_1,automatic
0.00074557641499055328,-6.4640000022042621e-07,58593749.980019182,nan,nan,nan,nan,nan,candidate,boundary_peak,strongest_peak,1,peak_at_band_boundary,peak_at_band_boundary,false,pdv_channel_1,automatic
0.00074557961499055437,-6.4320000021933499e-07,58593749.980019182,nan,nan,nan,nan,nan,candidate,boundary_peak,strongest_peak,1,peak_at_band_boundary,peak_at_band_boundary,false,pdv_channel_1,automatic
0.00074558281499055546,-6.4000000021824377e-07,58593749.980019182,nan,nan,nan,nan,nan,candidate,boundary_peak,strongest_peak,1,peak_at_band_boundary,peak_at_band_boundary,false,pdv_channel_1,automatic
0.00074558601499055655,-6.3680000021715255e-07,58593749.980019182,nan,nan,nan,nan,nan,candidate,boundary_peak,strongest_peak,1,peak_at_band_boundary,peak_at_band_boundary,false,pdv_channel_1,automatic
0.00074558921499055764,-6.3360000021606133e-07,58593749.980019182,nan,nan,nan,nan,nan,candidate,boundary_peak,strongest_peak,1,peak_at_band_boundary,peak_at_band_boundary,false,pdv_channel_1,automatic
0.00074559241499055874,-6.3040000021497011e-07,58593749.980019182,nan,nan,nan,nan,nan,candidate,boundary_peak,strongest_peak,1,peak_at_band_boundary,peak_at_band_boundary,false,pdv_channel_1,automatic
0.00074559561499055983,-6.2720000021387889e-07,58593749.980019182,nan,nan,nan,nan,nan,candidate,boundary_peak,strongest_peak,1,peak_at_band_boundary,peak_at_band_boundary,false,pdv_channel_1,automatic
0.00074559881499056092,-6.2400000021278768e-07,58593749.980019182,nan,nan,nan,nan,nan,candidate,boundary_peak,strongest_peak,1,peak_at_band_boundary,peak_at_band_boundary,false,pdv_channel_1,automatic
0.00074560201499056201,-6.2080000021169646e-07,58593749.980019182,nan,nan,nan,nan,nan,candidate,boundary_peak,strongest_peak,1,peak_at_band_boundary,peak_at_band_boundary,false,pdv_channel_1,automatic
0.0007456052149905631,-6.1760000021060524e-07,58593749.980019182,nan,nan,nan,nan,nan,candidate,boundary_peak,strongest_peak,1,peak_at_band_boundary,peak_at_band_boundary,false,pdv_channel_1,automatic
0.00074560841499056419,-6.1440000020951402e-07,58593749.980019182,nan,nan,nan,nan,nan,candidate,boundary_peak,strongest_peak,1,peak_at_band_boundary,peak_at_band_boundary,false,pdv_channel_1,automatic
0.00074561161499056528,-6.112000002084228e-07,58593749.980019182,nan,nan,nan,nan,nan,candidate,boundary_peak,strongest_peak,1,peak_at_band_boundary,peak_at_band_boundary,false,pdv_channel_1,automatic
0.00074561481499056637,-6.0800000020733158e-07,58593749.980019182,nan,nan,nan,nan,nan,candidate,boundary_peak,strongest_peak,1,peak_at_band_boundary,peak_at_band_boundary,false,pdv_channel_1,automatic
0.00074561801499056746,-6.0480000020624036e-07,58593749.980019182,nan,nan,nan,nan,nan,candidate,boundary_peak,strongest_peak,1,peak_at_band_boundary,peak_at_band_boundary,false,pdv_channel_1,automatic
0.00074562121499056856,-6.0160000020514914e-07,58593749.980019182,nan,nan,nan,nan,nan,candidate,boundary_peak,strongest_peak,1,peak_at_band_boundary,peak_at_band_boundary,false,pdv_channel_1,automatic
0.00074562441499056965,-5.9840000020405792e-07,58593749.980019182,nan,nan,nan,nan,nan,candidate,boundary_peak,strongest_peak,1,peak_at_band_boundary,peak_at_band_boundary,false,pdv_channel_1,automatic
0.00074562761499057074,-5.9520000020296671e-07,58593749.980019182,nan,nan,nan,nan,nan,candidate,boundary_peak,strongest_peak,1,peak_at_band_boundary,peak_at_band_boundary,false,pdv_channel_1,automatic
0.00074563081499057183,-5.9200000020187549e-07,58593749.980019182,nan,nan,nan,nan,nan,candidate,boundary_peak,strongest_peak,1,peak_at_band_boundary,peak_at_band_boundary,false,pdv_channel_1,automatic
0.00074563401499057292,-5.8880000020078427e-07,58593749.980019182,nan,nan,nan,nan,nan,candidate,boundary_peak,strongest_peak,1,peak_at_band_boundary,peak_at_band_boundary,false,pdv_channel_1,automatic
0.00074563721499057401,-5.8560000019969305e-07,58593749.980019182,nan,nan,nan,nan,nan,candidate,boundary_peak,strongest_peak,1,peak_at_band_boundary,peak_at_band_boundary,false,pdv_channel_1,automatic
0.0007456404149905751,-5.8240000019860183e-07,58593749.980019182,nan,nan,nan,nan,nan,candidate,boundary_peak,strongest_peak,1,peak_at_band_boundary,peak_at_band_boundary,false,pdv_channel_1,automatic
0.00074564361499057619,-5.7920000019751061e-07,58593749.980019182,nan,nan,nan,nan,nan,candidate,boundary_peak,strongest_peak,1,peak_at_band_boundary,peak_at_band_boundary,false,pdv_channel_1,automatic
0.00074564681499057729,-5.7600000019641939e-07,58593749.980019182,nan,nan,nan,nan,nan,candidate,boundary_peak,strongest_peak,1,peak_at_band_boundary,peak_at_band_boundary,false,pdv_channel_1,automatic
0.00074565001499057838,-5.7280000019532817e-07,58593749.980019182,nan,nan,nan,nan,nan,candidate,boundary_peak,strongest_peak,1,peak_at_band_boundary,peak_at_band_boundary,false,pdv_channel_1,automatic
0.00074565321499057947,-5.6960000019423696e-07,58593749.980019182,nan,nan,nan,nan,nan,candidate,boundary_peak,strongest_peak,1,peak_at_band_boundary,peak_at_band_boundary,false,pdv_channel_1,automatic
0.00074565641499058056,-5.6640000019314574e-07,58593749.980019182,nan,nan,nan,nan,nan,candidate,boundary_peak,strongest_peak,1,peak_at_band_boundary,peak_at_band_boundary,false,pdv_channel_1,automatic
0.00074565961499058165,-5.6320000019205452e-07,58593749.980019182,nan,nan,nan,nan,nan,candidate,boundary_peak,strongest_peak,1,peak_at_band_boundary,peak_at_band_boundary,false,pdv_channel_1,automatic
0.00074566281499058274,-5.600000001909633e-07,58593749.980019182,nan,nan,nan,nan,nan,candidate,boundary_peak,strongest_peak,1,peak_at_band_boundary,peak_at_band_boundary,false,pdv_channel_1,automatic
0.00074566601499058383,-5.5680000018987208e-07,58593749.980019182,nan,nan,nan,nan,nan,candidate,boundary_peak,strongest_peak,1,peak_at_band_boundary,peak_at_band_boundary,false,pdv_channel_1,automatic
0.00074566921499058492,-5.5360000018878086e-07,58593749.980019182,nan,nan,nan,nan,nan,candidate,boundary_peak,strongest_peak,1,peak_at_band_boundary,peak_at_band_boundary,false,pdv_channel_1,automatic
0.00074567241499058602,-5.5040000018768964e-07,58593749.980019182,nan,nan,nan,nan,nan,candidate,boundary_peak,strongest_peak,1,peak_at_band_boundary,peak_at_band_boundary,false,pdv_channel_1,automatic
0.00074567561499058711,-5.4720000018659842e-07,58593749.980019182,nan,nan,nan,nan,nan,candidate,boundary_peak,strongest_peak,1,peak_at_band_boundary,peak_at_band_boundary,false,pdv_channel_1,automatic
0.0007456788149905882,-5.440000001855072e-07,58593749.980019182,nan,nan,nan,nan,nan,candidate,boundary_peak,strongest_peak,1,peak_at_band_boundary,peak_at_band_boundary,false,pdv_channel_1,automatic
0.00074568201499058929,-5.4080000018441599e-07,58593749.980019182,nan,nan,nan,nan,nan,candidate,boundary_peak,strongest_peak,1,peak_at_band_boundary,peak_at_band_boundary,false,pdv_channel_1,automatic
0.00074568521499059038,-5.3760000018332477e-07,58593749.980019182,nan,nan,nan,nan,nan,candidate,boundary_peak,strongest_peak,1,peak_at_band_boundary,peak_at_band_boundary,false,pdv_channel_1,automatic
0.00074568841499059147,-5.3440000018223355e-07,58593749.980019182,nan,nan,nan,nan,nan,candidate,boundary_peak,strongest_peak,1,peak_at_band_boundary,peak_at_band_boundary,false,pdv_channel_1,automatic
0.00074569161499059256,-5.3120000018114233e-07,58593749.980019182,nan,nan,nan,nan,nan,candidate,boundary_peak,strongest_peak,1,peak_at_band_boundary,peak_at_band_boundary,false,pdv_channel_1,automatic
0.00074569481499059365,-5.2800000018005111e-07,58593749.980019182,nan,nan,nan,nan,nan,candidate,boundary_peak,strongest_peak,1,peak_at_band_boundary,peak_at_band_boundary,false,pdv_channel_1,automatic
0.00074569801499059475,-5.2480000017895989e-07,58593749.980019182,nan,nan,nan,nan,nan,candidate,boundary_peak,strongest_peak,1,peak_at_band_boundary,peak_at_band_boundary,false,pdv_channel_1,automatic
0.00074570121499059584,-5.2160000017786867e-07,58593749.980019182,nan,nan,nan,nan,nan,candidate,boundary_peak,strongest_peak,1,peak_at_band_boundary,peak_at_band_boundary,false,pdv_channel_1,automatic
0.00074570441499059693,-5.1840000017677745e-07,58593749.980019182,nan,nan,nan,nan,nan,candidate,boundary_peak,strongest_peak,1,peak_at_band_boundary,peak_at_band_boundary,false,pdv_channel_1,automatic
0.00074570761499059802,-5.1520000017568623e-07,58593749.980019182,nan,nan,nan,nan,nan,candidate,boundary_peak,strongest_peak,1,peak_at_band_boundary,peak_at_band_boundary,false,pdv_channel_1,automatic
0.00074571081499059911,-5.1200000017459502e-07,58593749.980019182,nan,nan,nan,nan,nan,candidate,boundary_peak,strongest_peak,1,peak_at_band_boundary,peak_at_band_boundary,false,pdv_channel_1,automatic
0.0007457140149906002,-5.088000001735038e-07,58593749.980019182,nan,nan,nan,nan,nan,candidate,boundary_peak,strongest_peak,1,peak_at_band_boundary,peak_at_band_boundary,false,pdv_channel_1,automatic
0.00074571721499060129,-5.0560000017241258e-07,58593749.980019182,nan,nan,nan,nan,nan,candidate,boundary_peak,strongest_peak,1,peak_at_band_boundary,peak_at_band_boundary,false,pdv_channel_1,automatic
0.00074572041499060238,-5.0240000017132136e-07,58593749.980019182,nan,nan,nan,nan,nan,candidate,boundary_peak,strongest_peak,1,peak_at_band_boundary,peak_at_band_boundary,false,pdv_channel_1,automatic
0.00074572361499060348,-4.9920000017023014e-07,58593749.980019182,nan,nan,nan,nan,nan,candidate,boundary_peak,strongest_peak,1,peak_at_band_boundary,peak_at_band_boundary,false,pdv_channel_1,automatic
0.00074572681499060457,-4.9600000016913892e-07,58593749.980019182,nan,nan,nan,nan,nan,candidate,boundary_peak,strongest_peak,1,peak_at_band_boundary,peak_at_band_boundary,false,pdv_channel_1,automatic
0.00074573001499060566,-4.928000001680477e-07,58593749.980019182,nan,nan,nan,nan,nan,candidate,boundary_peak,strongest_peak,1,peak_at_band_boundary,peak_at_band_boundary,false,pdv_channel_1,automatic
0.00074573321499060675,-4.8960000016695648e-07,58593749.980019182,nan,nan,nan,nan,nan,candidate,boundary_peak,strongest_peak,1,peak_at_band_boundary,peak_at_band_boundary,false,pdv_channel_1,automatic
0.00074573641499060784,-4.8640000016586526e-07,58593749.980019182,nan,nan,nan,nan,nan,candidate,boundary_peak,strongest_peak,1,peak_at_band_boundary,peak_at_band_boundary,false,pdv_channel_1,automatic
0.00074573961499060893,-4.8320000016477405e-07,58593749.980019182,nan,nan,nan,nan,nan,candidate,boundary_peak,strongest_peak,1,peak_at_band_boundary,peak_at_band_boundary,false,pdv_channel_1,automatic
0.00074574281499061002,-4.8000000016368283e-07,58593749.980019182,nan,nan,nan,nan,nan,candidate,boundary_peak,strongest_peak,1,peak_at_band_boundary,peak_at_band_boundary,false,pdv_channel_1,automatic
0.00074574601499061111,-4.7680000016259161e-07,58593749.980019182,nan,nan,nan,nan,nan,candidate,boundary_peak,strongest_peak,1,peak_at_band_boundary,peak_at_band_boundary,false,pdv_channel_1,automatic
0.0007457492149906122,-4.7360000016150039e-07,58593749.980019182,nan,nan,nan,nan,nan,candidate,boundary_peak,strongest_peak,1,peak_at_band_boundary,peak_at_band_boundary,false,pdv_channel_1,automatic
0.0007457524149906133,-4.7040000016040917e-07,58593749.980019182,nan,nan,nan,nan,nan,candidate,boundary_peak,strongest_peak,1,peak_at_band_boundary,peak_at_band_boundary,false,pdv_channel_1,automatic
0.00074575561499061439,-4.6720000015931795e-07,58593749.980019182,nan,nan,nan,nan,nan,candidate,boundary_peak,strongest_peak,1,peak_at_band_boundary,peak_at_band_boundary,false,pdv_channel_1,automatic
0.00074575881499061548,-4.6400000015822673e-07,58593749.980019182,nan,nan,nan,nan,nan,candidate,boundary_peak,strongest_peak,1,peak_at_band_boundary,peak_at_band_boundary,false,pdv_channel_1,automatic
0.00074576201499061657,-4.6080000015713551e-07,58593749.980019182,nan,nan,nan,nan,nan,candidate,boundary_peak,strongest_peak,1,peak_at_band_boundary,peak_at_band_boundary,false,pdv_channel_1,automatic
0.00074576521499061766,-4.576000001560443e-07,58593749.980019182,nan,nan,nan,nan,nan,candidate,boundary_peak,strongest_peak,1,peak_at_band_boundary,peak_at_band_boundary,false,pdv_channel_1,automatic
0.00074576841499061875,-4.5440000015495308e-07,58593749.980019182,nan,nan,nan,nan,nan,candidate,boundary_peak,strongest_peak,1,peak_at_band_boundary,peak_at_band_boundary,false,pdv_channel_1,automatic
0.00074577161499061984,-4.5120000015386186e-07,58593749.980019182,nan,nan,nan,nan,nan,candidate,boundary_peak,strongest_peak,1,peak_at_band_boundary,peak_at_band_boundary,false,pdv_channel_1,automatic
0.00074577481499062093,-4.4800000015277064e-07,58593749.980019182,nan,nan,nan,nan,nan,candidate,boundary_peak,strongest_peak,1,peak_at_band_boundary,peak_at_band_boundary,false,pdv_channel_1,automatic
0.00074577801499062203,-4.4480000015167942e-07,58593749.980019182,nan,nan,nan,nan,nan,candidate,boundary_peak,strongest_peak,1,peak_at_band_boundary,peak_at_band_boundary,false,pdv_channel_1,automatic
0.00074578121499062312,-4.416000001505882e-07,58593749.980019182,nan,nan,nan,nan,nan,candidate,boundary_peak,strongest_peak,1,peak_at_band_boundary,peak_at_band_boundary,false,pdv_channel_1,automatic
0.00074578441499062421,-4.3840000014949698e-07,58593749.980019182,nan,nan,nan,nan,nan,candidate,boundary_peak,strongest_peak,1,peak_at_band_boundary,peak_at_band_boundary,false,pdv_channel_1,automatic
0.0007457876149906253,-4.3520000014840576e-07,58593749.980019182,nan,nan,nan,nan,nan,candidate,boundary_peak,strongest_peak,1,peak_at_band_boundary,peak_at_band_boundary,false,pdv_channel_1,automatic
0.00074579081499062639,-4.3200000014731454e-07,58593749.980019182,nan,nan,nan,nan,nan,candidate,boundary_peak,strongest_peak,1,peak_at_band_boundary,peak_at_band_boundary,false,pdv_channel_1,automatic
0.00074579401499062748,-4.2880000014622333e-07,58593749.980019182,nan,nan,nan,nan,nan,candidate,boundary_peak,strongest_peak,1,peak_at_band_boundary,peak_at_band_boundary,false,pdv_channel_1,automatic
0.00074579721499062857,-4.2560000014513211e-07,58593749.980019182,nan,nan,nan,nan,nan,candidate,boundary_peak,strongest_peak,1,peak_at_band_boundary,peak_at_band_boundary,false,pdv_channel_1,automatic
0.00074580041499062966,-4.2240000014404089e-07,58593749.980019182,nan,nan,nan,nan,nan,candidate,boundary_peak,strongest_peak,1,peak_at_band_boundary,peak_at_band_boundary,false,pdv_channel_1,automatic
0.00074580361499063076,-4.1920000014294967e-07,58593749.980019182,nan,nan,nan,nan,nan,candidate,boundary_peak,strongest_peak,1,peak_at_band_boundary,peak_at_band_boundary,false,pdv_channel_1,automatic
0.00074580681499063185,-4.1600000014185845e-07,58593749.980019182,nan,nan,nan,nan,nan,candidate,boundary_peak,strongest_peak,1,peak_at_band_boundary,peak_at_band_boundary,false,pdv_channel_1,automatic
0.00074581001499063294,-4.1280000014076723e-07,58593749.980019182,nan,nan,nan,nan,nan,candidate,boundary_peak,strongest_peak,1,peak_at_band_boundary,peak_at_band_boundary,false,pdv_channel_1,automatic
0.00074581321499063403,-4.0960000013967601e-07,58593749.980019182,nan,nan,nan,nan,nan,candidate,boundary_peak,strongest_peak,1,peak_at_band_boundary,peak_at_band_boundary,false,pdv_channel_1,automatic
0.00074581641499063512,-4.0640000013858479e-07,58593749.980019182,nan,nan,nan,nan,nan,candidate,boundary_peak,strongest_peak,1,peak_at_band_boundary,peak_at_band_boundary,false,pdv_channel_1,automatic
0.00074581961499063621,-4.0320000013749357e-07,58593749.980019182,nan,nan,nan,nan,nan,candidate,boundary_peak,strongest_peak,1,ambiguous_peak,ambiguous_peak,false,pdv_channel_1,automatic
0.0007458228149906373,-4.0000000013640236e-07,58593749.980019182,nan,nan,nan,nan,nan,candidate,boundary_peak,strongest_peak,1,peak_at_band_boundary,peak_at_band_boundary,false,pdv_channel_1,automatic
0.00074582601499063839,-3.9680000013531114e-07,58593749.980019182,nan,nan,nan,nan,nan,candidate,boundary_peak,strongest_peak,1,peak_at_band_boundary,peak_at_band_boundary,false,pdv_channel_1,automatic
0.00074582921499063949,-3.9360000013421992e-07,58593749.980019182,nan,nan,nan,nan,nan,candidate,boundary_peak,strongest_peak,1,peak_at_band_boundary,peak_at_band_boundary,false,pdv_channel_1,automatic
0.00074583241499064058,-3.904000001331287e-07,58593749.980019182,nan,nan,nan,nan,nan,candidate,boundary_peak,strongest_peak,1,peak_at_band_boundary,peak_at_band_boundary,false,pdv_channel_1,automatic
0.00074583561499064167,-3.8720000013203748e-07,58593749.980019182,nan,nan,nan,nan,nan,candidate,boundary_peak,strongest_peak,1,peak_at_band_boundary,peak_at_band_boundary,false,pdv_channel_1,automatic
0.00074583881499064276,-3.8400000013094626e-07,58593749.980019182,nan,nan,nan,nan,nan,candidate,boundary_peak,strongest_peak,1,peak_at_band_boundary,peak_at_band_boundary,false,pdv_channel_1,automatic
0.00074584201499064385,-3.8080000012985504e-07,58593749.980019182,nan,nan,nan,nan,nan,candidate,boundary_peak,strongest_peak,1,peak_at_band_boundary,peak_at_band_boundary,false,pdv_channel_1,automatic
0.00074584521499064494,-3.7760000012876382e-07,58593749.980019182,nan,nan,nan,nan,nan,candidate,boundary_peak,strongest_peak,1,peak_at_band_boundary,peak_at_band_boundary,false,pdv_channel_1,automatic
0.00074584841499064603,-3.7440000012767261e-07,58593749.980019182,nan,nan,nan,nan,nan,candidate,boundary_peak,strongest_peak,1,peak_at_band_boundary,peak_at_band_boundary,false,pdv_channel_1,automatic
0.00074585161499064712,-3.7120000012658139e-07,58593749.980019182,nan,nan,nan,nan,nan,candidate,boundary_peak,strongest_peak,1,peak_at_band_boundary,peak_at_band_boundary,false,pdv_channel_1,automatic
0.00074585481499064822,-3.6800000012549017e-07,58593749.980019182,nan,nan,nan,nan,nan,candidate,boundary_peak,strongest_peak,1,peak_at_band_boundary,peak_at_band_boundary,false,pdv_channel_1,automatic
0.00074585801499064931,-3.6480000012439895e-07,58593749.980019182,nan,nan,nan,nan,nan,candidate,boundary_peak,strongest_peak,1,peak_at_band_boundary,peak_at_band_boundary,false,pdv_channel_1,automatic
0.0007458612149906504,-3.6160000012330773e-07,58593749.980019182,nan,nan,nan,nan,nan,candidate,boundary_peak,strongest_peak,1,peak_at_band_boundary,peak_at_band_boundary,false,pdv_channel_1,automatic
0.00074586441499065149,-3.5840000012221651e-07,58593749.980019182,nan,nan,nan,nan,nan,candidate,boundary_peak,strongest_peak,1,peak_at_band_boundary,peak_at_band_boundary,false,pdv_channel_1,automatic
0.00074586761499065258,-3.5520000012112529e-07,58593749.980019182,nan,nan,nan,nan,nan,candidate,boundary_peak,strongest_peak,1,peak_at_band_boundary,peak_at_band_boundary,false,pdv_channel_1,automatic
0.00074587081499065367,-3.5200000012003407e-07,58593749.980019182,nan,nan,nan,nan,nan,candidate,boundary_peak,strongest_peak,1,peak_at_band_boundary,peak_at_band_boundary,false,pdv_channel_1,automatic
0.00074587401499065476,-3.4880000011894285e-07,58593749.980019182,nan,nan,nan,nan,nan,candidate,boundary_peak,strongest_peak,1,peak_at_band_boundary,peak_at_band_boundary,false,pdv_channel_1,automatic
0.00074587721499065585,-3.4560000011785164e-07,58593749.980019182,nan,nan,nan,nan,nan,candidate,boundary_peak,strongest_peak,1,peak_at_band_boundary,peak_at_band_boundary,false,pdv_channel_1,automatic
0.00074588041499065694,-3.4240000011676042e-07,58593749.980019182,nan,nan,nan,nan,nan,candidate,boundary_peak,strongest_peak,1,peak_at_band_boundary,peak_at_band_boundary,false,pdv_channel_1,automatic
0.00074588361499065804,-3.392000001156692e-07,58593749.980019182,nan,nan,nan,nan,nan,candidate,boundary_peak,strongest_peak,1,peak_at_band_boundary,peak_at_band_boundary,false,pdv_channel_1,automatic
0.00074588681499065913,-3.3600000011457798e-07,58593749.980019182,nan,nan,nan,nan,nan,candidate,boundary_peak,strongest_peak,1,peak_at_band_boundary,peak_at_band_boundary,false,pdv_channel_1,automatic
0.00074589001499066022,-3.3280000011348676e-07,58593749.980019182,nan,nan,nan,nan,nan,candidate,boundary_peak,strongest_peak,1,peak_at_band_boundary,peak_at_band_boundary,false,pdv_channel_1,automatic
0.00074589321499066131,-3.2960000011239554e-07,58593749.980019182,nan,nan,nan,nan,nan,candidate,boundary_peak,strongest_peak,1,peak_at_band_boundary,peak_at_band_boundary,false,pdv_channel_1,automatic
0.0007458964149906624,-3.2640000011130432e-07,58593749.980019182,nan,nan,nan,nan,nan,candidate,boundary_peak,strongest_peak,1,peak_at_band_boundary,peak_at_band_boundary,false,pdv_channel_1,automatic
0.00074589961499066349,-3.232000001102131e-07,58593749.980019182,nan,nan,nan,nan,nan,candidate,boundary_peak,strongest_peak,1,peak_at_band_boundary,peak_at_band_boundary,false,pdv_channel_1,automatic
0.00074590281499066458,-3.2000000010912188e-07,58593749.980019182,nan,nan,nan,nan,nan,candidate,boundary_peak,strongest_peak,1,peak_at_band_boundary,peak_at_band_boundary,false,pdv_channel_1,automatic
0.00074590601499066567,-3.1680000010803067e-07,58593749.980019182,nan,nan,nan,nan,nan,candidate,boundary_peak,strongest_peak,1,peak_at_band_boundary,peak_at_band_boundary,false,pdv_channel_1,automatic
0.00074590921499066677,-3.1360000010693945e-07,58593749.980019182,nan,nan,nan,nan,nan,candidate,boundary_peak,strongest_peak,1,peak_at_band_boundary,peak_at_band_boundary,false,pdv_channel_1,automatic
0.00074591241499066786,-3.1040000010584823e-07,58593749.980019182,nan,nan,nan,nan,nan,candidate,boundary_peak,strongest_peak,1,peak_at_band_boundary,peak_at_band_boundary,false,pdv_channel_1,automatic
0.00074591561499066895,-3.0720000010475701e-07,58593749.980019182,nan,nan,nan,nan,nan,candidate,boundary_peak,strongest_peak,1,peak_at_band_boundary,peak_at_band_boundary,false,pdv_channel_1,automatic
0.00074591881499067004,-3.0400000010366579e-07,58593749.980019182,nan,nan,nan,nan,nan,candidate,boundary_peak,strongest_peak,1,peak_at_band_boundary,peak_at_band_boundary,false,pdv_channel_1,automatic
0.00074592201499067113,-3.0080000010257457e-07,58593749.980019182,nan,nan,nan,nan,nan,candidate,boundary_peak,strongest_peak,1,peak_at_band_boundary,peak_at_band_boundary,false,pdv_channel_1,automatic
0.00074592521499067222,-2.9760000010148335e-07,58593749.980019182,nan,nan,nan,nan,nan,candidate,boundary_peak,strongest_peak,1,peak_at_band_boundary,peak_at_band_boundary,false,pdv_channel_1,automatic
0.00074592841499067331,-2.9440000010039213e-07,58593749.980019182,nan,nan,nan,nan,nan,candidate,boundary_peak,strongest_peak,1,peak_at_band_boundary,peak_at_band_boundary,false,pdv_channel_1,automatic
0.0007459316149906744,-2.9120000009930092e-07,58593749.980019182,nan,nan,nan,nan,nan,candidate,boundary_peak,strongest_peak,1,peak_at_band_boundary,peak_at_band_boundary,false,pdv_channel_1,automatic
0.0007459348149906755,-2.880000000982097e-07,58593749.980019182,nan,nan,nan,nan,nan,candidate,boundary_peak,strongest_peak,1,peak_at_band_boundary,peak_at_band_boundary,false,pdv_channel_1,automatic
0.00074593801499067659,-2.8480000009711848e-07,58593749.980019182,nan,nan,nan,nan,nan,candidate,boundary_peak,strongest_peak,1,peak_at_band_boundary,peak_at_band_boundary,false,pdv_channel_1,automatic
0.00074594121499067768,-2.8160000009602726e-07,58593749.980019182,nan,nan,nan,nan,nan,candidate,boundary_peak,strongest_peak,1,peak_at_band_boundary,peak_at_band_boundary,false,pdv_channel_1,automatic
0.00074594441499067877,-2.7840000009493604e-07,58593749.980019182,nan,nan,nan,nan,nan,candidate,boundary_peak,strongest_peak,1,peak_at_band_boundary,peak_at_band_boundary,false,pdv_channel_1,automatic
0.00074594761499067986,-2.7520000009384482e-07,58593749.980019182,nan,nan,nan,nan,nan,candidate,boundary_peak,strongest_peak,1,peak_at_band_boundary,peak_at_band_boundary,false,pdv_channel_1,automatic
0.00074595081499068095,-2.720000000927536e-07,58593749.980019182,nan,nan,nan,nan,nan,candidate,boundary_peak,strongest_peak,1,peak_at_band_boundary,peak_at_band_boundary,false,pdv_channel_1,automatic
0.00074595401499068204,-2.6880000009166238e-07,58593749.980019182,nan,nan,nan,nan,nan,candidate,boundary_peak,strongest_peak,1,peak_at_band_boundary,peak_at_band_boundary,false,pdv_channel_1,automatic
0.00074595721499068313,-2.6560000009057116e-07,58593749.980019182,nan,nan,nan,nan,nan,candidate,boundary_peak,strongest_peak,1,peak_at_band_boundary,peak_at_band_boundary,false,pdv_channel_1,automatic
0.00074596041499068423,-2.6240000008947995e-07,107421874.96336851,nan,nan,nan,nan,nan,candidate,refined,strongest_peak,1,ambiguous_peak,ambiguous_peak,false,pdv_channel_1,automatic
0.00074596361499068532,-2.5920000008838873e-07,58593749.980019182,nan,nan,nan,nan,nan,candidate,boundary_peak,strongest_peak,1,peak_at_band_boundary,peak_at_band_boundary,false,pdv_channel_1,automatic
0.00074596681499068641,-2.5600000008729751e-07,58593749.980019182,nan,nan,nan,nan,nan,candidate,boundary_peak,strongest_peak,1,peak_at_band_boundary,peak_at_band_boundary,false,pdv_channel_1,automatic
0.0007459700149906875,-2.5280000008620629e-07,58593749.980019182,nan,nan,nan,nan,nan,candidate,boundary_peak,strongest_peak,1,peak_at_band_boundary,peak_at_band_boundary,false,pdv_channel_1,automatic
0.00074597321499068859,-2.4960000008511507e-07,58593749.980019182,nan,nan,nan,nan,nan,candidate,boundary_peak,strongest_peak,1,peak_at_band_boundary,peak_at_band_boundary,false,pdv_channel_1,automatic
0.00074597641499068968,-2.4640000008402385e-07,58593749.980019182,nan,nan,nan,nan,nan,candidate,boundary_peak,strongest_peak,1,peak_at_band_boundary,peak_at_band_boundary,false,pdv_channel_1,automatic
0.00074597961499069077,-2.4320000008293263e-07,58593749.980019182,nan,nan,nan,nan,nan,candidate,boundary_peak,strongest_peak,1,peak_at_band_boundary,peak_at_band_boundary,false,pdv_channel_1,automatic
0.00074598281499069186,-2.4000000008184141e-07,58593749.980019182,nan,nan,nan,nan,nan,candidate,boundary_peak,strongest_peak,1,peak_at_band_boundary,peak_at_band_boundary,false,pdv_channel_1,automatic
0.00074598601499069295,-2.3680000008075019e-07,58593749.980019182,nan,nan,nan,nan,nan,candidate,boundary_peak,strongest_peak,1,peak_at_band_boundary,peak_at_band_boundary,false,pdv_channel_1,automatic
0.00074598921499069405,-2.3360000007965898e-07,58593749.980019182,nan,nan,nan,nan,nan,candidate,boundary_peak,strongest_peak,1,peak_at_band_boundary,peak_at_band_boundary,false,pdv_channel_1,automatic
0.00074599241499069514,-2.3040000007856776e-07,58593749.980019182,nan,nan,nan,nan,nan,candidate,boundary_peak,strongest_peak,1,peak_at_band_boundary,peak_at_band_boundary,false,pdv_channel_1,automatic
0.00074599561499069623,-2.2720000007747654e-07,58593749.980019182,nan,nan,nan,nan,nan,candidate,boundary_peak,strongest_peak,1,peak_at_band_boundary,peak_at_band_boundary,false,pdv_channel_1,automatic
0.00074599881499069732,-2.2400000007638532e-07,58593749.980019182,nan,nan,nan,nan,nan,candidate,boundary_peak,strongest_peak,1,peak_at_band_boundary,peak_at_band_boundary,false,pdv_channel_1,automatic
0.00074600201499069841,-2.208000000752941e-07,58593749.980019182,nan,nan,nan,nan,nan,candidate,boundary_peak,strongest_peak,1,peak_at_band_boundary,peak_at_band_boundary,false,pdv_channel_1,automatic
0.0007460052149906995,-2.1760000007420288e-07,58593749.980019182,nan,nan,nan,nan,nan,candidate,boundary_peak,strongest_peak,1,peak_at_band_boundary,peak_at_band_boundary,false,pdv_channel_1,automatic
0.00074600841499070059,-2.1440000007311166e-07,117187499.96003836,nan,nan,nan,nan,nan,candidate,refined,strongest_peak,1,unstable_detection,unstable_detection,false,pdv_channel_1,automatic
0.00074601161499070168,-2.1120000007202044e-07,58593749.980019182,nan,nan,nan,nan,nan,candidate,boundary_peak,strongest_peak,1,peak_at_band_boundary,peak_at_band_boundary,false,pdv_channel_1,automatic
0.00074601481499070278,-2.0800000007092923e-07,58593749.980019182,nan,nan,nan,nan,nan,candidate,boundary_peak,strongest_peak,1,peak_at_band_boundary,peak_at_band_boundary,false,pdv_channel_1,automatic
0.00074601801499070387,-2.0480000006983801e-07,117187499.96003836,nan,nan,nan,nan,nan,candidate,refined,strongest_peak,1,ambiguous_peak,ambiguous_peak,false,pdv_channel_1,automatic
0.00074602121499070496,-2.0160000006874679e-07,58593749.980019182,nan,nan,nan,nan,nan,candidate,boundary_peak,strongest_peak,1,peak_at_band_boundary,peak_at_band_boundary,false,pdv_channel_1,automatic
0.00074602441499070605,-1.9840000006765557e-07,58593749.980019182,nan,nan,nan,nan,nan,candidate,boundary_peak,strongest_peak,1,peak_at_band_boundary,peak_at_band_boundary,false,pdv_channel_1,automatic
0.00074602761499070714,-1.9520000006656435e-07,58593749.980019182,nan,nan,nan,nan,nan,candidate,boundary_peak,strongest_peak,1,ambiguous_peak,ambiguous_peak,false,pdv_channel_1,automatic
0.00074603081499070823,-1.9200000006547313e-07,58593749.980019182,nan,nan,nan,nan,nan,candidate,boundary_peak,strongest_peak,1,peak_at_band_boundary,peak_at_band_boundary,false,pdv_channel_1,automatic
0.00074603401499070932,-1.8880000006438191e-07,58593749.980019182,nan,nan,nan,nan,nan,candidate,boundary_peak,strongest_peak,1,peak_at_band_boundary,peak_at_band_boundary,false,pdv_channel_1,automatic
0.00074603721499071041,-1.8560000006329069e-07,58593749.980019182,nan,nan,nan,nan,nan,candidate,boundary_peak,strongest_peak,1,no_detectable_beat,no_detectable_beat,false,pdv_channel_1,automatic
0.00074604041499071151,-1.8240000006219947e-07,58593749.980019182,nan,nan,nan,nan,nan,candidate,boundary_peak,strongest_peak,1,peak_at_band_boundary,peak_at_band_boundary,false,pdv_channel_1,automatic
0.0007460436149907126,-1.7920000006110826e-07,58593749.980019182,nan,nan,nan,nan,nan,candidate,boundary_peak,strongest_peak,1,peak_at_band_boundary,peak_at_band_boundary,false,pdv_channel_1,automatic
0.00074604681499071369,-1.7600000006001704e-07,117187499.96003836,nan,nan,nan,nan,nan,candidate,refined,strongest_peak,1,unstable_detection,unstable_detection,false,pdv_channel_1,automatic
0.00074605001499071478,-1.7280000005892582e-07,58593749.980019182,nan,nan,nan,nan,nan,candidate,boundary_peak,strongest_peak,1,peak_at_band_boundary,peak_at_band_boundary,false,pdv_channel_1,automatic
0.00074605321499071587,-1.696000000578346e-07,58593749.980019182,nan,nan,nan,nan,nan,candidate,boundary_peak,strongest_peak,1,peak_at_band_boundary,peak_at_band_boundary,false,pdv_channel_1,automatic
0.00074605641499071696,-1.6640000005674338e-07,97656249.966698647,nan,nan,nan,nan,nan,candidate,refined,strongest_peak,1,unstable_detection,unstable_detection,false,pdv_channel_1,automatic
0.00074605961499071805,-1.6320000005565216e-07,97656249.966698647,nan,nan,nan,nan,nan,candidate,refined,strongest_peak,1,unstable_detection,unstable_detection,false,pdv_channel_1,automatic
0.00074606281499071914,-1.6000000005456094e-07,58593749.980019182,nan,nan,nan,nan,nan,candidate,boundary_peak,strongest_peak,1,peak_at_band_boundary,peak_at_band_boundary,false,pdv_channel_1,automatic
0.00074606601499072024,-1.5680000005346972e-07,58593749.980019182,nan,nan,nan,nan,nan,candidate,boundary_peak,strongest_peak,1,peak_at_band_boundary,peak_at_band_boundary,false,pdv_channel_1,automatic
0.00074606921499072133,-1.536000000523785e-07,722656249.75356996,nan,nan,nan,nan,nan,candidate,refined,strongest_peak,1,no_detectable_beat,no_detectable_beat,false,pdv_channel_1,automatic
0.00074607241499072242,-1.5040000005128729e-07,58593749.980019182,nan,nan,nan,nan,nan,candidate,boundary_peak,strongest_peak,1,peak_at_band_boundary,peak_at_band_boundary,false,pdv_channel_1,automatic
0.00074607561499072351,-1.4720000005019607e-07,58593749.980019182,nan,nan,nan,nan,nan,candidate,boundary_peak,strongest_peak,1,peak_at_band_boundary,peak_at_band_boundary,false,pdv_channel_1,automatic
0.0007460788149907246,-1.4400000004910485e-07,58593749.980019182,nan,nan,nan,nan,nan,candidate,boundary_peak,strongest_peak,1,ambiguous_peak,ambiguous_peak,false,pdv_channel_1,automatic
0.00074608201499072569,-1.4080000004801363e-07,126953124.95670824,nan,nan,nan,nan,nan,candidate,refined,strongest_peak,1,unstable_detection,unstable_detection,false,pdv_channel_1,automatic
0.00074608521499072678,-1.3760000004692241e-07,58593749.980019182,nan,nan,nan,nan,nan,candidate,boundary_peak,strongest_peak,1,peak_at_band_boundary,peak_at_band_boundary,false,pdv_channel_1,automatic
0.00074608841499072787,-1.3440000004583119e-07,58593749.980019182,nan,nan,nan,nan,nan,candidate,boundary_peak,strongest_peak,1,peak_at_band_boundary,peak_at_band_boundary,false,pdv_channel_1,automatic
0.00074609161499072897,-1.3120000004473997e-07,205078124.93006715,nan,nan,nan,nan,nan,candidate,refined,strongest_peak,1,ambiguous_peak,ambiguous_peak,false,pdv_channel_1,automatic
0.00074609481499073006,-1.2800000004364875e-07,58593749.980019182,nan,nan,nan,nan,nan,candidate,boundary_peak,strongest_peak,1,peak_at_band_boundary,peak_at_band_boundary,false,pdv_channel_1,automatic
0.00074609801499073115,-1.2480000004255754e-07,58593749.980019182,nan,nan,nan,nan,nan,candidate,boundary_peak,strongest_peak,1,peak_at_band_boundary,peak_at_band_boundary,false,pdv_channel_1,automatic
0.00074610121499073224,-1.2160000004146632e-07,58593749.980019182,nan,nan,nan,nan,nan,candidate,boundary_peak,strongest_peak,1,peak_at_band_boundary,peak_at_band_boundary,false,pdv_channel_1,automatic
0.00074610441499073333,-1.184000000403751e-07,58593749.980019182,nan,nan,nan,nan,nan,candidate,boundary_peak,strongest_peak,1,peak_at_band_boundary,peak_at_band_boundary,false,pdv_channel_1,automatic
0.00074610761499073442,-1.1520000003928388e-07,58593749.980019182,nan,nan,nan,nan,nan,candidate,boundary_peak,strongest_peak,1,ambiguous_peak,ambiguous_peak,false,pdv_channel_1,automatic
0.00074611081499073551,-1.1200000003819266e-07,58593749.980019182,nan,nan,nan,nan,nan,candidate,boundary_peak,strongest_peak,1,peak_at_band_boundary,peak_at_band_boundary,false,pdv_channel_1,automatic
0.0007461140149907366,-1.0880000003710144e-07,58593749.980019182,nan,nan,nan,nan,nan,candidate,boundary_peak,strongest_peak,1,peak_at_band_boundary,peak_at_band_boundary,false,pdv_channel_1,automatic
0.00074611721499073769,-1.0560000003601022e-07,126953124.95670824,129840787.6073565,100.62661039570129,104.17633285807518,104.17633285807518,104.17633285807518,candidate,refined,strongest_peak,1,measured,quality_gated_measurement,false,pdv_channel_1,automatic
0.00074612041499073879,-1.02400000034919e-07,136718749.95337811,136513635.91247562,105.7980678321686,109.53021956005438,109.53021956005438,109.53021956005438,candidate,refined,strongest_peak,1,measured,quality_gated_measurement,false,pdv_channel_1,automatic
0.00074612361499073988,-9.9200000033827784e-08,126953124.95670824,130354334.00159025,101.02460885123244,104.58837117892659,104.58837117892659,104.58837117892659,candidate,refined,strongest_peak,1,measured,quality_gated_measurement,false,pdv_channel_1,automatic
0.00074612681499074097,-9.6000000032736565e-08,136718749.95337811,133385429.56098801,103.3737079097657,107.02033747964983,107.02033747964983,107.02033747964983,candidate,refined,strongest_peak,1,measured,quality_gated_measurement,false,pdv_channel_1,automatic
0.00074613001499074206,-9.2800000031645347e-08,58593749.980019182,nan,nan,nan,nan,nan,candidate,boundary_peak,strongest_peak,1,peak_at_band_boundary,peak_at_band_boundary,false,pdv_channel_1,automatic
0.00074613321499074315,-8.9600000030554128e-08,58593749.980019182,nan,nan,nan,nan,nan,candidate,boundary_peak,strongest_peak,1,ambiguous_peak,ambiguous_peak,false,pdv_channel_1,automatic
0.00074613641499074424,-8.6400000029462909e-08,58593749.980019182,nan,nan,nan,nan,nan,candidate,boundary_peak,strongest_peak,1,peak_at_band_boundary,peak_at_band_boundary,false,pdv_channel_1,automatic
0.00074613961499074533,-8.320000002837169e-08,117187499.96003836,nan,nan,nan,nan,nan,candidate,refined,strongest_peak,1,unstable_detection,unstable_detection,false,pdv_channel_1,automatic
0.00074614281499074642,-8.0000000027280471e-08,58593749.980019182,nan,nan,nan,nan,nan,candidate,boundary_peak,strongest_peak,1,peak_at_band_boundary,peak_at_band_boundary,false,pdv_channel_1,automatic
0.00074614601499074752,-7.6800000026189252e-08,58593749.980019182,nan,nan,nan,nan,nan,candidate,boundary_peak,strongest_peak,1,peak_at_band_boundary,peak_at_band_boundary,false,pdv_channel_1,automatic
0.00074614921499074861,-7.3600000025098034e-08,117187499.96003836,nan,nan,nan,nan,nan,candidate,refined,strongest_peak,1,unstable_detection,unstable_detection,false,pdv_channel_1,automatic
0.0007461524149907497,-7.0400000024006815e-08,58593749.980019182,nan,nan,nan,nan,nan,candidate,boundary_peak,strongest_peak,1,peak_at_band_boundary,peak_at_band_boundary,false,pdv_channel_1,automatic
0.00074615561499075079,-6.7200000022915596e-08,107421874.96336851,nan,nan,nan,nan,nan,candidate,refined,strongest_peak,1,unstable_detection,unstable_detection,false,pdv_channel_1,automatic
0.00074615881499075188,-6.4000000021824377e-08,117187499.96003836,nan,nan,nan,nan,nan,candidate,refined,strongest_peak,1,unstable_detection,unstable_detection,false,pdv_channel_1,automatic
0.00074616201499075297,-6.0800000020733158e-08,58593749.980019182,nan,nan,nan,nan,nan,candidate,boundary_peak,strongest_peak,1,peak_at_band_boundary,peak_at_band_boundary,false,pdv_channel_1,automatic
0.00074616521499075406,-5.7600000019641939e-08,97656249.966698647,nan,nan,nan,nan,nan,candidate,refined,strongest_peak,1,unstable_detection,unstable_detection,false,pdv_channel_1,automatic
0.00074616841499075515,-5.440000001855072e-08,97656249.966698647,nan,nan,nan,nan,nan,candidate,refined,strongest_peak,1,unstable_detection,unstable_detection,false,pdv_channel_1,automatic
0.00074617161499075625,-5.1200000017459502e-08,58593749.980019182,nan,nan,nan,nan,nan,candidate,boundary_peak,strongest_peak,1,peak_at_band_boundary,peak_at_band_boundary,false,pdv_channel_1,automatic
0.00074617481499075734,-4.8000000016368283e-08,117187499.96003836,nan,nan,nan,nan,nan,candidate,refined,strongest_peak,1,unstable_detection,unstable_detection,false,pdv_channel_1,automatic
0.00074617801499075843,-4.4800000015277064e-08,117187499.96003836,nan,nan,nan,nan,nan,candidate,refined,strongest_peak,1,unstable_detection,unstable_detection,false,pdv_channel_1,automatic
0.00074618121499075952,-4.1600000014185845e-08,58593749.980019182,nan,nan,nan,nan,nan,candidate,boundary_peak,strongest_peak,1,peak_at_band_boundary,peak_at_band_boundary,false,pdv_channel_1,automatic
0.00074618441499076061,-3.8400000013094626e-08,97656249.966698647,nan,nan,nan,nan,nan,candidate,refined,strongest_peak,1,unstable_detection,unstable_detection,false,pdv_channel_1,automatic
0.0007461876149907617,-3.5200000012003407e-08,87890624.970028773,nan,nan,nan,nan,nan,candidate,refined,strongest_peak,1,unstable_detection,unstable_detection,false,pdv_channel_1,automatic
0.00074619081499076279,-3.2000000010912188e-08,58593749.980019182,nan,nan,nan,nan,nan,candidate,boundary_peak,strongest_peak,1,peak_at_band_boundary,peak_at_band_boundary,false,pdv_channel_1,automatic
0.00074619401499076388,-2.880000000982097e-08,97656249.966698647,102326485.20506826,79.303026033927907,82.100533887366254,82.100533887366254,82.100533887366254,candidate,refined,strongest_peak,1,measured,quality_gated_measurement,false,pdv_channel_1,automatic
0.00074619721499076498,-2.5600000008729751e-08,107421874.96336851,111021370.9072081,86.041562453086271,89.076780132946766,89.076780132946766,89.076780132946766,candidate,refined,strongest_peak,1,measured,quality_gated_measurement,false,pdv_channel_1,automatic
0.00074620041499076607,-2.2400000007638532e-08,97656249.966698647,93070550.849216029,72.129676908142429,74.674136403675064,74.674136403675064,74.674136403675064,candidate,refined,strongest_peak,1,measured,quality_gated_measurement,false,pdv_channel_1,automatic
0.00074620361499076716,-1.9200000006547313e-08,87890624.970028773,84273915.719134659,65.312284682329363,67.61625261977791,67.61625261977791,67.61625261977791,candidate,refined,strongest_peak,1,measured,quality_gated_measurement,false,pdv_channel_1,automatic
0.00074620681499076825,-1.6000000005456094e-08,107421874.96336851,109392937.46796592,84.77952653767359,87.770224410897981,87.770224410897981,87.770224410897981,candidate,refined,strongest_peak,1,measured,quality_gated_measurement,false,pdv_channel_1,automatic
0.00074621001499076934,-1.2800000004364875e-08,97656249.966698647,100378107.22640318,77.793033100462466,80.537274170761947,80.537274170761947,80.537274170761947,candidate,refined,strongest_peak,1,measured,quality_gated_measurement,false,pdv_channel_1,automatic
0.00074621321499077043,-9.6000000032736565e-09,253906249.91341648,nan,nan,nan,nan,nan,candidate,refined,strongest_peak,1,ambiguous_peak,ambiguous_peak,false,pdv_channel_1,automatic
0.00074621641499077152,-6.4000000021824377e-09,253906249.91341648,nan,nan,nan,nan,nan,candidate,refined,strongest_peak,1,ambiguous_peak,ambiguous_peak,false,pdv_channel_1,automatic
0.00074621961499077261,-3.2000000010912188e-09,224609374.92340687,nan,nan,nan,nan,nan,candidate,refined,strongest_peak,1,ambiguous_peak,ambiguous_peak,false,pdv_channel_1,automatic
0.00074622281499077371,0,527343749.82017267,530883517.42007512,411.43472600055821,425.94857162192699,425.94857162192699,425.94857162192699,candidate,refined,strongest_peak,1,measured,quality_gated_measurement,false,pdv_channel_1,automatic
0.0007462260149907748,3.2000000010912188e-09,546874999.81351244,542782762.31750679,420.65664079606773,435.49580034748931,435.49580034748931,435.49580034748931,candidate,refined,strongest_peak,1,measured,quality_gated_measurement,false,pdv_channel_1,automatic
0.00074622921499077589,6.4000000021824377e-09,556640624.81018221,554724644.2334913,429.91159928095573,445.07723841757803,445.07723841757803,445.07723841757803,candidate,refined,strongest_peak,1,measured,quality_gated_measurement,false,pdv_channel_1,automatic
0.00074623241499077698,9.6000000032736565e-09,556640624.81018221,561518355.07348168,435.17672518194831,450.52809784973584,450.52809784973584,450.52809784973584,candidate,refined,strongest_peak,1,measured,quality_gated_measurement,false,pdv_channel_1,automatic
0.00074623561499077807,1.2800000004364875e-08,566406249.8068521,561587361.75893855,435.23020536317739,450.58346460748629,450.58346460748629,450.58346460748629,candidate,refined,strongest_peak,1,measured,quality_gated_measurement,false,pdv_channel_1,automatic
0.00074623881499077916,1.6000000005456094e-08,556640624.81018221,559123220.41183102,433.32049581916903,448.60638780507264,448.60638780507264,448.60638780507264,candidate,refined,strongest_peak,1,measured,quality_gated_measurement,false,pdv_channel_1,automatic
0.00074624201499078025,1.9200000006547313e-08,556640624.81018221,555483400.6435653,430.4996354987631,445.68601830709247,445.68601830709247,445.68601830709247,candidate,refined,strongest_peak,1,measured,quality_gated_measurement,false,pdv_channel_1,automatic
0.00074624521499078134,2.2400000007638532e-08,546874999.81351244,550516187.0004071,426.65004492531551,441.70062888207099,441.70062888207099,441.70062888207099,candidate,refined,strongest_peak,1,measured,quality_gated_measurement,false,pdv_channel_1,automatic
0.00074624841499078243,2.5600000008729751e-08,546874999.81351244,546246330.29412055,423.34090597794341,438.27475615218935,438.27475615218935,438.27475615218935,candidate,refined,strongest_peak,1,measured,quality_gated_measurement,false,pdv_channel_1,automatic
0.00074625161499078353,2.880000000982097e-08,546874999.81351244,543226860.77851152,421.00081710334644,435.85211788027647,435.85211788027647,435.85211788027647,candidate,refined,strongest_peak,1,measured,quality_gated_measurement,false,pdv_channel_1,automatic
0.00074625481499078462,3.2000000010912188e-08,537109374.81684256,540105979.84801483,418.58213438221151,433.34811327111601,433.34811327111601,433.34811327111601,candidate,refined,strongest_peak,1,measured,quality_gated_measurement,false,pdv_channel_1,automatic
0.00074625801499078571,3.5200000012003407e-08,537109374.81684256,536848329.27058446,416.05745518470297,430.73437303475856,430.73437303475856,430.73437303475856,candidate,refined,strongest_peak,1,measured,quality_gated_measurement,false,pdv_channel_1,automatic
0.0007462612149907868,3.8400000013094626e-08,537109374.81684256,535552459.34058756,415.05315598895533,429.69464599939602,429.69464599939602,429.69464599939602,candidate,refined,strongest_peak,1,measured,quality_gated_measurement,false,pdv_channel_1,automatic
0.00074626441499078789,4.1600000014185845e-08,537109374.81684256,537231226.07838106,416.35420021074532,431.04158609187539,431.04158609187539,431.04158609187539,candidate,refined,strongest_peak,1,measured,quality_gated_measurement,false,pdv_channel_1,automatic
0.00074626761499078898,4.4800000015277064e-08,537109374.81684256,541211583.817927,419.43897745889342,434.23518249875411,434.23518249875411,434.23518249875411,candidate,refined,strongest_peak,1,measured,quality_gated_measurement,false,pdv_channel_1,automatic
0.00074627081499079007,4.8000000016368283e-08,546874999.81351244,545710915.39705062,422.92595943271425,437.84517187777016,437.84517187777016,437.84517187777016,candidate,refined,strongest_peak,1,measured,quality_gated_measurement,false,pdv_channel_1,automatic
0.00074627401499079116,5.1200000017459502e-08,546874999.81351244,549680858.27114713,426.00266516013903,441.03041203150428,441.03041203150428,441.03041203150428,candidate,refined,strongest_peak,1,measured,quality_gated_measurement,false,pdv_channel_1,automatic
0.00074627721499079226,5.440000001855072e-08,546874999.81351244,551527290.54459083,427.43365017205787,442.51187672886772,442.51187672886772,442.51187672886772,candidate,refined,strongest_peak,1,measured,quality_gated_measurement,false,pdv_channel_1,automatic
0.00074628041499079335,5.7600000019641939e-08,546874999.81351244,551047019.95298624,427.06144046356434,442.12653688354698,442.12653688354698,442.12653688354698,candidate,refined,strongest_peak,1,measured,quality_gated_measurement,false,pdv_channel_1,automatic
0.00074628361499079444,6.0800000020733158e-08,546874999.81351244,550068950.1189369,426.3034363421761,441.34179327202105,441.34179327202105,441.34179327202105,candidate,refined,strongest_peak,1,measured,quality_gated_measurement,false,pdv_channel_1,automatic
0.00074628681499079553,6.4000000021824377e-08,546874999.81351244,549343912.08411527,425.7415318651893,440.76006695133083,440.76006695133083,440.76006695133083,candidate,refined,strongest_peak,1,measured,quality_gated_measurement,false,pdv_channel_1,automatic
0.00074629001499079662,6.7200000022915596e-08,546874999.81351244,547902202.15046906,424.62420666661353,439.60332678747335,439.60332678747335,439.60332678747335,candidate,refined,strongest_peak,1,measured,quality_gated_measurement,false,pdv_channel_1,automatic
0.00074629321499079771,7.0400000024006815e-08,546874999.81351244,547212383.95046139,424.08959756160755,439.0498587152303,439.0498587152303,439.0498587152303,candidate,refined,strongest_peak,1,measured,quality_gated_measurement,false,pdv_channel_1,automatic
0.0007462964149907988,7.3600000025098034e-08,546874999.81351244,549586255.46411347,425.92934798468792,440.9545085061448,440.9545085061448,440.9545085061448,candidate,refined,strongest_peak,1,measured,quality_gated_measurement,false,pdv_channel_1,automatic
0.00074629961499079989,7.6800000026189252e-08,556640624.81018221,552350712.04046154,428.07180183135767,443.17253994122996,443.17253994122996,443.17253994122996,candidate,refined,strongest_peak,1,measured,quality_gated_measurement,false,pdv_channel_1,automatic
0.00074630281499080099,8.0000000027280471e-08,546874999.81351244,551463720.35774517,427.38438327725248,442.46087188619293,442.46087188619293,442.46087188619293,candidate,refined,strongest_peak,1,measured,quality_gated_measurement,false,pdv_channel_1,automatic
0.00074630601499080208,8.320000002837169e-08,546874999.81351244,548015221.25601721,424.71179647341336,439.69400642809995,439.69400642809995,439.69400642809995,candidate,refined,strongest_peak,1,measured,quality_gated_measurement,false,pdv_channel_1,automatic
0.00074630921499080317,8.6400000029462909e-08,546874999.81351244,546166317.79629099,423.27889629212552,438.21055900150736,438.21055900150736,438.21055900150736,candidate,refined,strongest_peak,1,measured,quality_gated_measurement,false,pdv_channel_1,automatic
0.00074631241499080426,8.9600000030554128e-08,546874999.81351244,546861850.13503313,423.81793385465068,438.76861175033599,438.76861175033599,438.76861175033599,candidate,refined,strongest_peak,1,measured,quality_gated_measurement,false,pdv_channel_1,automatic
0.00074631561499080535,9.2800000031645347e-08,546874999.81351244,548139582.495736,424.80817643419539,439.79378630576645,439.79378630576645,439.79378630576645,candidate,refined,strongest_peak,1,measured,quality_gated_measurement,false,pdv_channel_1,automatic
0.00074631881499080644,9.6000000032736565e-08,546874999.81351244,549027865.40764022,425.49659569092114,440.50649036439023,440.50649036439023,440.50649036439023,candidate,refined,strongest_peak,1,measured,quality_gated_measurement,false,pdv_channel_1,automatic
0.00074632201499080753,9.9200000033827784e-08,546874999.81351244,549918446.65460253,426.18679615731696,441.22103846695774,441.22103846695774,441.22103846695774,candidate,refined,strongest_peak,1,measured,quality_gated_measurement,false,pdv_channel_1,automatic
0.00074632521499080862,1.02400000034919e-07,546874999.81351244,551058752.6794703,427.0705333265895,442.13595050804867,442.13595050804867,442.13595050804867,candidate,refined,strongest_peak,1,measured,quality_gated_measurement,false,pdv_channel_1,automatic
0.00074632841499080972,1.0560000003601022e-07,556640624.81018221,552744914.98225367,428.37730911124657,443.48882435104082,443.48882435104082,443.48882435104082,candidate,refined,strongest_peak,1,measured,quality_gated_measurement,false,pdv_channel_1,automatic
0.00074633161499081081,1.0880000003710144e-07,556640624.81018221,554938832.84940243,430.07759545828685,445.2490903060081,445.2490903060081,445.2490903060081,candidate,refined,strongest_peak,1,measured,quality_gated_measurement,false,pdv_channel_1,automatic
0.0007463348149908119,1.1200000003819266e-07,556640624.81018221,555647007.57543731,430.62643087096393,445.81728653571821,445.81728653571821,445.81728653571821,candidate,refined,strongest_peak,1,measured,quality_gated_measurement,false,pdv_channel_1,automatic
0.00074633801499081299,1.1520000003928388e-07,556640624.81018221,553062160.5262953,428.62317440787888,443.7433628362337,443.7433628362337,443.7433628362337,candidate,refined,strongest_peak,1,measured,quality_gated_measurement,false,pdv_channel_1,automatic
0.00074634121499081408,1.184000000403751e-07,546874999.81351244,548745905.42005837,425.27807670054523,440.2802628586868,440.2802628586868,440.2802628586868,candidate,refined,strongest_peak,1,measured,quality_gated_measurement,false,pdv_channel_1,automatic
0.00074634441499081517,1.2160000004146632e-07,546874999.81351244,546736750.84933197,423.72098190823226,438.6682397095646,438.6682397095646,438.6682397095646,candidate,refined,strongest_peak,1,measured,quality_gated_measurement,false,pdv_channel_1,automatic
0.00074634761499081626,1.2480000004255754e-07,546874999.81351244,548607531.19146001,425.17083667338153,440.16923981297771,440.16923981297771,440.16923981297771,candidate,refined,strongest_peak,1,measured,quality_gated_measurement,false,pdv_channel_1,automatic
0.00074635081499081735,1.2800000004364875e-07,556640624.81018221,552459375.89596343,428.15601631937164,443.25972519471622,443.25972519471622,443.25972519471622,candidate,refined,strongest_peak,1,measured,quality_gated_measurement,false,pdv_channel_1,automatic
0.00074635401499081845,1.3120000004473997e-07,556640624.81018221,554506538.30211604,429.74256718413994,444.90224351401991,444.90224351401991,444.90224351401991,candidate,refined,strongest_peak,1,measured,quality_gated_measurement,false,pdv_channel_1,automatic
0.00074635721499081954,1.3440000004583119e-07,556640624.81018221,553243075.68136454,428.76338365305753,443.8885181280404,443.8885181280404,443.8885181280404,candidate,refined,strongest_peak,1,measured,quality_gated_measurement,false,pdv_channel_1,automatic
0.00074636041499082063,1.3760000004692241e-07,546874999.81351244,551048058.8016367,427.06224557126842,442.12737039237567,442.12737039237567,442.12737039237567,candidate,refined,strongest_peak,1,measured,quality_gated_measurement,false,pdv_channel_1,automatic
0.00074636361499082172,1.4080000004801363e-07,546874999.81351244,549745855.68761957,426.05303815790518,441.08256199622741,441.08256199622741,441.08256199622741,candidate,refined,strongest_peak,1,measured,quality_gated_measurement,false,pdv_channel_1,automatic
0.00074636681499082281,1.4400000004910485e-07,546874999.81351244,549585407.81985354,425.92869106038648,440.9538284080632,440.9538284080632,440.9538284080632,candidate,refined,strongest_peak,1,measured,quality_gated_measurement,false,pdv_channel_1,automatic
0.0007463700149908239,1.4720000005019607e-07,546874999.81351244,551637539.59414279,427.51909318546063,442.60033384542606,442.60033384542606,442.60033384542606,candidate,refined,strongest_peak,1,measured,quality_gated_measurement,false,pdv_channel_1,automatic
0.00074637321499082499,1.5040000005128729e-07,556640624.81018221,556826291.05485809,431.54037556751501,446.76347171026964,446.76347171026964,446.76347171026964,candidate,refined,strongest_peak,1,measured,quality_gated_measurement,false,pdv_channel_1,automatic
0.00074637641499082608,1.536000000523785e-07,566406249.8068521,561915088.02524614,435.48419321956578,450.84641218531863,450.84641218531863,450.84641218531863,candidate,refined,strongest_peak,1,measured,quality_gated_measurement,false,pdv_channel_1,automatic
0.00074637961499082717,1.5680000005346972e-07,566406249.8068521,562899432.42928576,436.24706013269645,451.63619012930576,451.63619012930576,451.63619012930576,candidate,refined,strongest_peak,1,measured,quality_gated_measurement,false,pdv_channel_1,automatic
0.00074638281499082827,1.6000000005456094e-07,556640624.81018221,559534978.79374516,433.63960856515251,448.93675762985464,448.93675762985464,448.93675762985464,candidate,refined,strongest_peak,1,measured,quality_gated_measurement,false,pdv_channel_1,automatic
0.00074638601499082936,1.6320000005565216e-07,556640624.81018221,556002081.86850131,430.90161344808848,446.10217650307914,446.10217650307914,446.10217650307914,candidate,refined,strongest_peak,1,measured,quality_gated_measurement,false,pdv_channel_1,automatic
0.00074638921499083045,1.6640000005674338e-07,556640624.81018221,555875427.86804914,430.80345659773809,446.00055705396727,446.00055705396727,446.00055705396727,candidate,refined,strongest_peak,1,measured,quality_gated_measurement,false,pdv_channel_1,automatic
0.00074639241499083154,1.696000000578346e-07,556640624.81018221,557386788.27078879,431.97476090986129,447.21318050832002,447.21318050832002,447.21318050832002,candidate,refined,strongest_peak,1,measured,quality_gated_measurement,false,pdv_channel_1,automatic
0.00074639561499083263,1.7280000005892582e-07,556640624.81018221,556467591.27624857,431.26238323909263,446.47567287431724,446.47567287431724,446.47567287431724,candidate,refined,strongest_peak,1,measured,quality_gated_measurement,false,pdv_channel_1,automatic
0.00074639881499083372,1.7600000006001704e-07,556640624.81018221,552505009.19608593,428.19138212696657,443.29633857292026,443.29633857292026,443.29633857292026,candidate,refined,strongest_peak,1,measured,quality_gated_measurement,false,pdv_channel_1,automatic
0.00074640201499083481,1.7920000006110826e-07,546874999.81351244,548576465.50393772,425.14676076555173,440.14431459907973,440.14431459907973,440.14431459907973,candidate,refined,strongest_peak,1,measured,quality_gated_measurement,false,pdv_channel_1,automatic
0.0007464052149908359,1.8240000006219947e-07,546874999.81351244,547276069.11123145,424.13895356120435,439.10095580597323,439.10095580597323,439.10095580597323,candidate,refined,strongest_peak,1,measured,quality_gated_measurement,false,pdv_channel_1,automatic
0.000746408414990837,1.8560000006329069e-07,546874999.81351244,548235082.6423279,424.8821890478041,439.87040980168547,439.87040980168547,439.87040980168547,candidate,refined,strongest_peak,1,measured,quality_gated_measurement,false,pdv_channel_1,automatic
0.00074641161499083809,1.8880000006438191e-07,546874999.81351244,548757368.16883039,425.28696033084356,440.28945986953022,440.28945986953022,440.28945986953022,candidate,refined,strongest_peak,1,measured,quality_gated_measurement,false,pdv_channel_1,automatic
0.00074641481499083918,1.9200000006547313e-07,546874999.81351244,548109099.4509331,424.78455207447314,439.76932856886856,439.76932856886856,439.76932856886856,candidate,refined,strongest_peak,1,measured,quality_gated_measurement,false,pdv_channel_1,automatic
0.00074641801499084027,1.9520000006656435e-07,546874999.81351244,548319087.05753326,424.94729246958826,439.93780982352177,439.93780982352177,439.93780982352177,candidate,refined,strongest_peak,1,measured,quality_gated_measurement,false,pdv_channel_1,automatic
0.00074642121499084136,1.9840000006765557e-07,546874999.81351244,550552066.87313735,426.67785182668143,441.72941670470613,441.72941670470613,441.72941670470613,candidate,refined,strongest_peak,1,measured,quality_gated_measurement,false,pdv_channel_1,automatic
0.00074642441499084245,2.0160000006874679e-07,556640624.81018221,553224805.31185102,428.74922411668456,443.87385909730784,443.87385909730784,443.87385909730784,candidate,refined,strongest_peak,1,measured,quality_gated_measurement,false,pdv_channel_1,automatic
0.00074642761499084354,2.0480000006983801e-07,556640624.81018221,554044671.51600993,429.38462042490767,444.53166976033174,444.53166976033174,444.53166976033174,candidate,refined,strongest_peak,1,measured,quality_gated_measurement,false,pdv_channel_1,automatic
0.00074643081499084463,2.0800000007092923e-07,556640624.81018221,552812343.7316637,428.42956639203936,443.5429250690986,443.5429250690986,443.5429250690986,candidate,refined,strongest_peak,1,measured,quality_gated_measurement,false,pdv_channel_1,automatic
0.00074643401499084573,2.1120000007202044e-07,546874999.81351244,551091117.49194932,427.09561605626072,442.16191806061693,442.16191806061693,442.16191806061693,candidate,refined,strongest_peak,1,measured,quality_gated_measurement,false,pdv_channel_1,automatic
0.00074643721499084682,2.1440000007311166e-07,546874999.81351244,550203896.2731446,426.40801961168705,441.45006583981512,441.45006583981512,441.45006583981512,candidate,refined,strongest_peak,1,measured,quality_gated_measurement,false,pdv_channel_1,automatic
0.00074644041499084791,2.1760000007420288e-07,546874999.81351244,549752110.65170705,426.05788575507296,441.08758059810748,441.08758059810748,441.08758059810748,candidate,refined,strongest_peak,1,measured,quality_gated_measurement,false,pdv_channel_1,automatic
0.000746443614990849,2.208000000752941e-07,546874999.81351244,549212802.77704203,425.63992215220759,440.65487283578256,440.65487283578256,440.65487283578256,candidate,refined,strongest_peak,1,measured,quality_gated_measurement,false,pdv_channel_1,automatic
0.00074644681499085009,2.2400000007638532e-07,546874999.81351244,548865809.87767816,425.37100265520058,440.37646688608334,440.37646688608334,440.37646688608334,candidate,refined,strongest_peak,1,measured,quality_gated_measurement,false,pdv_channel_1,automatic
0.00074645001499085118,2.2720000007747654e-07,546874999.81351244,549767462.83156276,426.06978369446114,441.09989825135199,441.09989825135199,441.09989825135199,candidate,refined,strongest_peak,1,measured,quality_gated_measurement,false,pdv_channel_1,automatic
0.00074645321499085227,2.3040000007856776e-07,556640624.81018221,552215614.4845047,427.96710122549115,443.06414589790182,443.06414589790182,443.06414589790182,candidate,refined,strongest_peak,1,measured,quality_gated_measurement,false,pdv_channel_1,automatic
0.00074645641499085336,2.3360000007965898e-07,556640624.81018221,554883426.11766005,430.03465524118656,445.20463532206253,445.20463532206253,445.20463532206253,candidate,refined,strongest_peak,1,measured,quality_gated_measurement,false,pdv_channel_1,automatic
0.00074645961499085446,2.3680000008075019e-07,556640624.81018221,556048549.40122068,430.93762578594601,446.13945921866389,446.13945921866389,446.13945921866389,candidate,refined,strongest_peak,1,measured,quality_gated_measurement,false,pdv_channel_1,automatic
0.00074646281499085555,2.4000000008184141e-07,556640624.81018221,556004455.71607077,430.90345317995485,446.10408113365872,446.10408113365872,446.10408113365872,candidate,refined,strongest_peak,1,measured,quality_gated_measurement,false,pdv_channel_1,automatic
0.00074646601499085664,2.4320000008293263e-07,556640624.81018221,556705631.02147746,431.44686404164503,446.66666145494264,446.66666145494264,446.66666145494264,candidate,refined,strongest_peak,1,measured,quality_gated_measurement,false,pdv_channel_1,automatic
0.00074646921499085773,2.4640000008402385e-07,556640624.81018221,558265442.66888416,432.65571806838523,447.91815923441959,447.91815923441959,447.91815923441959,candidate,refined,strongest_peak,1,measured,quality_gated_measurement,false,pdv_channel_1,automatic
0.00074647241499085882,2.4960000008511507e-07,556640624.81018221,558402196.21717954,432.76170206831415,448.02788194505058,448.02788194505058,448.02788194505058,candidate,refined,strongest_peak,1,measured,quality_gated_measurement,false,pdv_channel_1,automatic
0.00074647561499085991,2.5280000008620629e-07,556640624.81018221,556185092.26666367,431.04344650666434,446.24901289021739,446.24901289021739,446.24901289021739,candidate,refined,strongest_peak,1,measured,quality_gated_measurement,false,pdv_channel_1,automatic
0.000746478814990861,2.5600000008729751e-07,556640624.81018221,553540785.09703565,428.99410845020265,444.12738201475474,444.12738201475474,444.12738201475474,candidate,refined,strongest_peak,1,measured,quality_gated_measurement,false,pdv_channel_1,automatic
0.00074648201499086209,2.5920000008838873e-07,556640624.81018221,552464310.58854318,428.15984070612097,443.26368449122253,443.26368449122253,443.26368449122253,candidate,refined,strongest_peak,1,measured,quality_gated_measurement,false,pdv_channel_1,automatic
0.00074648521499086319,2.6240000008947995e-07,556640624.81018221,552722631.4596566,428.36003938123383,443.4709454109165,443.4709454109165,443.4709454109165,candidate,refined,strongest_peak,1,measured,quality_gated_measurement,false,pdv_channel_1,automatic
0.00074648841499086428,2.6560000009057116e-07,556640624.81018221,553351871.99431932,428.84770079559746,443.97580965731225,443.97580965731225,443.97580965731225,candidate,refined,strongest_peak,1,measured,quality_gated_measurement,false,pdv_channel_1,automatic
0.00074649161499086537,2.6880000009166238e-07,556640624.81018221,554240164.05127192,429.53612713973575,444.68852105336543,444.68852105336543,444.68852105336543,candidate,refined,strongest_peak,1,measured,quality_gated_measurement,false,pdv_channel_1,automatic
0.00074649481499086646,2.720000000927536e-07,556640624.81018221,555030324.75995195,430.14850168896277,445.32249783766952,445.32249783766952,445.32249783766952,candidate,refined,strongest_peak,1,measured,quality_gated_measurement,false,pdv_channel_1,automatic
0.00074649801499086755,2.7520000009384482e-07,556640624.81018221,555394640.51899195,430.43084640221878,445.61480259396819,445.61480259396819,445.61480259396819,candidate,refined,strongest_peak,1,measured,quality_gated_measurement,false,pdv_channel_1,automatic
0.00074650121499086864,2.7840000009493604e-07,556640624.81018221,555907563.71219873,430.82836187695403,446.02634089630601,446.02634089630601,446.02634089630601,candidate,refined,strongest_peak,1,measured,quality_gated_measurement,false,pdv_channel_1,automatic
0.00074650441499086973,2.8160000009602726e-07,556640624.81018221,556757319.28618145,431.48692244679063,446.70813296761514,446.70813296761514,446.70813296761514,candidate,refined,strongest_peak,1,measured,quality_gated_measurement,false,pdv_channel_1,automatic
0.00074650761499087082,2.8480000009711848e-07,556640624.81018221,557185817.09334636,431.81900824734345,447.05193348677989,447.05193348677989,447.05193348677989,candidate,refined,strongest_peak,1,measured,quality_gated_measurement,false,pdv_channel_1,automatic
0.00074651081499087191,2.880000000982097e-07,556640624.81018221,556661397.56876016,431.41258311578912,446.63117122896165,446.63117122896165,446.63117122896165,candidate,refined,strongest_peak,1,measured,quality_gated_measurement,false,pdv_channel_1,automatic
0.00074651401499087301,2.9120000009930092e-07,556640624.81018221,554977795.22632968,430.10779130040549,445.28035134210091,445.28035134210091,445.28035134210091,candidate,refined,strongest_peak,1,measured,quality_gated_measurement,false,pdv_channel_1,automatic
0.0007465172149908741,2.9440000010039213e-07,556640624.81018221,552713553.40030825,428.35300388523888,443.46366172949558,443.46366172949558,443.46366172949558,candidate,refined,strongest_peak,1,measured,quality_gated_measurement,false,pdv_channel_1,automatic
0.00074652041499087519,2.9760000010148335e-07,546874999.81351244,551215471.13827944,427.19199013216655,442.26169184581124,442.26169184581124,442.26169184581124,candidate,refined,strongest_peak,1,measured,quality_gated_measurement,false,pdv_channel_1,automatic
0.00074652361499087628,3.0080000010257457e-07,546874999.81351244,550995498.15336215,427.02151106885566,442.08519893230687,442.08519893230687,442.08519893230687,candidate,refined,strongest_peak,1,measured,quality_gated_measurement,false,pdv_channel_1,automatic
0.00074652681499087737,3.0400000010366579e-07,546874999.81351244,551625089.09885168,427.50944405161005,442.59034432698894,442.59034432698894,442.59034432698894,candidate,refined,strongest_peak,1,measured,quality_gated_measurement,false,pdv_channel_1,automatic
0.00074653001499087846,3.0720000010475701e-07,556640624.81018221,552847957.45076656,428.45716702434407,443.57149934628791,443.57149934628791,443.57149934628791,candidate,refined,strongest_peak,1,measured,quality_gated_measurement,false,pdv_channel_1,automatic
0.00074653321499087955,3.1040000010584823e-07,556640624.81018221,554416429.57339966,429.67273291938471,444.82994576314235,444.82994576314235,444.82994576314235,candidate,refined,strongest_peak,1,measured,quality_gated_measurement,false,pdv_channel_1,automatic
0.00074653641499088064,3.1360000010693945e-07,556640624.81018221,556157377.70596051,431.02196772211937,446.22677641619384,446.22677641619384,446.22677641619384,candidate,refined,strongest_peak,1,measured,quality_gated_measurement,false,pdv_channel_1,automatic
0.00074653961499088174,3.1680000010803067e-07,556640624.81018221,557856123.62999761,432.33849581324813,447.58974658978019,447.58974658978019,447.58974658978019,candidate,refined,strongest_peak,1,measured,quality_gated_measurement,false,pdv_channel_1,automatic
0.00074654281499088283,3.2000000010912188e-07,556640624.81018221,559062870.1257503,433.27372434745649,448.55796641448597,448.55796641448597,448.55796641448597,candidate,refined,strongest_peak,1,measured,quality_gated_measurement,false,pdv_channel_1,automatic
0.00074654601499088392,3.232000001102131e-07,556640624.81018221,559495861.46442246,433.60929263492739,448.90537226940558,448.90537226940558,448.90537226940558,candidate,refined,strongest_peak,1,measured,quality_gated_measurement,false,pdv_channel_1,automatic
0.00074654921499088501,3.2640000011130432e-07,556640624.81018221,559174602.8340174,433.3603171963635,448.64761392835322,448.64761392835322,448.64761392835322,candidate,refined,strongest_peak,1,measured,quality_gated_measurement,false,pdv_channel_1,automatic
0.0007465524149908861,3.2960000011239554e-07,556640624.81018221,558010660.24021626,432.45826168616759,447.71373734523974,447.71373734523974,447.71373734523974,candidate,refined,strongest_peak,1,measured,quality_gated_measurement,false,pdv_channel_1,automatic
0.00074655561499088719,3.3280000011348676e-07,556640624.81018221,555792557.19835031,430.73923182872147,445.934066680412,445.934066680412,445.934066680412,candidate,refined,strongest_peak,1,measured,quality_gated_measurement,false,pdv_channel_1,automatic
0.00074655881499088828,3.3600000011457798e-07,556640624.81018221,552844291.62258685,428.45432600750479,443.56855810922605,443.56855810922605,443.56855810922605,candidate,refined,strongest_peak,1,measured,quality_gated_measurement,false,pdv_channel_1,automatic
0.00074656201499088937,3.392000001156692e-07,546874999.81351244,550451217.51425695,426.59969357354913,441.64850132693579,441.64850132693579,441.64850132693579,candidate,refined,strongest_peak,1,measured,quality_gated_measurement,false,pdv_channel_1,automatic
0.00074656521499089047,3.4240000011676042e-07,546874999.81351244,549707409.43458533,426.02324231180364,441.05171506648333,441.05171506648333,441.05171506648333,candidate,refined,strongest_peak,1,measured,quality_gated_measurement,false,pdv_channel_1,automatic
0.00074656841499089156,3.4560000011785164e-07,546874999.81351244,550334814.21545506,426.50948101697765,441.55510641594344,441.55510641594344,441.55510641594344,candidate,refined,strongest_peak,1,measured,quality_gated_measurement,false,pdv_channel_1,automatic
0.00074657161499089265,3.4880000011894285e-07,546874999.81351244,551657691.18680871,427.53471066977676,442.61650225493645,442.61650225493645,442.61650225493645,candidate,refined,strongest_peak,1,measured,quality_gated_measurement,false,pdv_channel_1,automatic
0.00074657481499089374,3.5200000012003407e-07,556640624.81018221,553174193.28400528,428.70999979510407,443.83325109148279,443.83325109148279,443.83325109148279,candidate,refined,strongest_peak,1,measured,quality_gated_measurement,false,pdv_channel_1,automatic
0.00074657801499089483,3.5520000012112529e-07,556640624.81018221,554324536.0599066,429.60151544642758,444.75621600976081,444.75621600976081,444.75621600976081,candidate,refined,strongest_peak,1,measured,quality_gated_measurement,false,pdv_channel_1,automatic
0.00074658121499089592,3.5840000012221651e-07,556640624.81018221,554951389.51882088,430.08732687708618,445.25916501209264,445.25916501209264,445.25916501209264,candidate,refined,strongest_peak,1,measured,quality_gated_measurement,false,pdv_channel_1,automatic
0.00074658441499089701,3.6160000012330773e-07,556640624.81018221,555668069.99612164,430.64275424699429,445.83418573810633,445.83418573810633,445.83418573810633,candidate,refined,strongest_peak,1,measured,quality_gated_measurement,false,pdv_channel_1,automatic
0.0007465876149908981,3.6480000012439895e-07,556640624.81018221,556577976.44039571,431.3479317413067,446.56423920092919,446.56423920092919,446.56423920092919,candidate,refined,strongest_peak,1,measured,quality_gated_measurement,false,pdv_channel_1,automatic
0.0007465908149908992,3.6800000012549017e-07,556640624.81018221,557200317.71075428,431.83024622583457,447.06356789822769,447.06356789822769,447.06356789822769,candidate,refined,strongest_peak,1,measured,quality_gated_measurement,false,pdv_channel_1,automatic
0.00074659401499090029,3.7120000012658139e-07,556640624.81018221,556893829.36605227,431.59271775869053,446.81766033402414,446.81766033402414,446.81766033402414,candidate,refined,strongest_peak,1,measured,quality_gated_measurement,false,pdv_channel_1,automatic
0.00074659721499090138,3.7440000012767261e-07,556640624.81018221,555116661.88144886,430.21541295812284,445.39176948083195,445.39176948083195,445.39176948083195,candidate,refined,strongest_peak,1,measured,quality_gated_measurement,false,pdv_channel_1,automatic
0.00074660041499090247,3.7760000012876382e-07,556640624.81018221,552259798.93370497,428.00134417362136,443.09959680644806,443.09959680644806,443.09959680644806,candidate,refined,strongest_peak,1,measured,quality_gated_measurement,false,pdv_channel_1,automatic
0.00074660361499090356,3.8080000012985504e-07,546874999.81351244,549443158.54715264,425.81844787404327,440.83969626318958,440.83969626318958,440.83969626318958,candidate,refined,strongest_peak,1,measured,quality_gated_measurement,false,pdv_channel_1,automatic
0.00074660681499090465,3.8400000013094626e-07,546874999.81351244,547842812.33060253,424.57817955621698,439.55567601642673,439.55567601642673,439.55567601642673,candidate,refined,strongest_peak,1,measured,quality_gated_measurement,false,pdv_channel_1,automatic
0.00074661001499090574,3.8720000013203748e-07,546874999.81351244,547693797.96499205,424.46269342286882,439.43611597340373,439.43611597340373,439.43611597340373,candidate,refined,strongest_peak,1,measured,quality_gated_measurement,false,pdv_channel_1,automatic
0.00074661321499090683,3.904000001331287e-07,546874999.81351244,548534190.97441816,425.1139980051741,440.11039609365628,440.11039609365628,440.11039609365628,candidate,refined,strongest_peak,1,measured,quality_gated_measurement,false,pdv_channel_1,automatic
0.00074661641499090793,3.9360000013421992e-07,546874999.81351244,549771257.33870518,426.0727244374965,441.1029427325692,441.1029427325692,441.1029427325692,candidate,refined,strongest_peak,1,measured,quality_gated_measurement,false,pdv_channel_1,automatic
0.00074661961499090902,3.9680000013531114e-07,546874999.81351244,551583738.89623857,427.47739764458487,442.55716744512802,442.55716744512802,442.55716744512802,candidate,refined,strongest_peak,1,measured,quality_gated_measurement,false,pdv_channel_1,automatic
0.00074662281499091011,4.0000000013640236e-07,556640624.81018221,554201844.04426849,429.50642913430806,444.65777541574045,444.65777541574045,444.65777541574045,candidate,refined,strongest_peak,1,measured,quality_gated_measurement,false,pdv_channel_1,automatic
0.0007466260149909112,4.0320000013749357e-07,556640624.81018221,556842313.08255517,431.55279263898024,446.77632680858807,446.77632680858807,446.77632680858807,candidate,refined,strongest_peak,1,measured,quality_gated_measurement,false,pdv_channel_1,automatic
0.00074662921499091229,4.0640000013858479e-07,556640624.81018221,557961897.1081562,432.42047025882107,447.67461278068419,447.67461278068419,447.67461278068419,candidate,refined,strongest_peak,1,measured,quality_gated_measurement,false,pdv_channel_1,automatic
0.00074663241499091338,4.0960000013967601e-07,556640624.81018221,557114818.09931314,431.76398402696771,446.99496822207919,446.99496822207919,446.99496822207919,candidate,refined,strongest_peak,1,measured,quality_gated_measurement,false,pdv_channel_1,automatic
0.00074663561499091447,4.1280000014076723e-07,556640624.81018221,555187983.85601008,430.27068748840782,445.44899388541933,445.44899388541933,445.44899388541933,candidate,refined,strongest_peak,1,measured,quality_gated_measurement,false,pdv_channel_1,automatic
0.00074663881499091556,4.1600000014185845e-07,556640624.81018221,553304059.49877763,428.81064611155267,443.93744782554808,443.93744782554808,443.93744782554808,candidate,refined,strongest_peak,1,measured,quality_gated_measurement,false,pdv_channel_1,automatic
0.00074664201499091665,4.1920000014294967e-07,556640624.81018221,552374330.6422807,428.09010624776755,443.19149006753543,443.19149006753543,443.19149006753543,candidate,refined,strongest_peak,1,measured,quality_gated_measurement,false,pdv_channel_1,automatic
0.00074664521499091775,4.2240000014404089e-07,556640624.81018221,552483880.58533895,428.1750074536377,443.27938626366085,443.27938626366085,443.27938626366085,candidate,refined,strongest_peak,1,measured,quality_gated_measurement,false,pdv_channel_1,automatic
0.00074664841499091884,4.2560000014513211e-07,556640624.81018221,552840992.20005631,428.45176895504363,443.56591085372094,443.56591085372094,443.56591085372094,candidate,refined,strongest_peak,1,measured,quality_gated_measurement,false,pdv_channel_1,automatic
0.00074665161499091993,4.2880000014622333e-07,556640624.81018221,552659139.98280263,428.31083348667204,443.4200037203409,443.4200037203409,443.4200037203409,candidate,refined,strongest_peak,1,measured,quality_gated_measurement,false,pdv_channel_1,automatic
0.00074665481499092102,4.3200000014731454e-07,556640624.81018221,552422509.3718406,428.12744476317647,443.23014574315016,443.23014574315016,443.23014574315016,candidate,refined,strongest_peak,1,measured,quality_gated_measurement,false,pdv_channel_1,automatic
0.00074665801499092211,4.3520000014840576e-07,556640624.81018221,553115890.35331643,428.66481502382021,443.78647237405534,443.78647237405534,443.78647237405534,candidate,refined,strongest_peak,1,measured,quality_gated_measurement,false,pdv_channel_1,automatic
0.0007466612149909232,4.3840000014949698e-07,556640624.81018221,554388923.86344218,429.65141599416768,444.80787685822554,444.80787685822554,444.80787685822554,candidate,refined,strongest_peak,1,measured,quality_gated_measurement,false,pdv_channel_1,automatic
0.00074666441499092429,4.416000001505882e-07,556640624.81018221,554980457.29742563,430.10985440550485,445.28248722566798,445.28248722566798,445.28248722566798,candidate,refined,strongest_peak,1,measured,quality_gated_measurement,false,pdv_channel_1,automatic
0.00074666761499092538,4.4480000015167942e-07,556640624.81018221,554726887.76740503,429.91333801973889,445.07903849242422,445.07903849242422,445.07903849242422,candidate,refined,strongest_peak,1,measured,quality_gated_measurement,false,pdv_channel_1,automatic
0.00074667081499092648,4.4800000015277064e-07,556640624.81018221,553975854.59741342,429.33128731299541,444.47645525994182,444.47645525994182,444.47645525994182,candidate,refined,strongest_peak,1,measured,quality_gated_measurement,false,pdv_channel_1,automatic
0.00074667401499092757,4.5120000015386186e-07,556640624.81018221,552496544.74989414,428.18482218116793,443.28954721729013,443.28954721729013,443.28954721729013,candidate,refined,strongest_peak,1,measured,quality_gated_measurement,false,pdv_channel_1,automatic
0.00074667721499092866,4.5440000015495308e-07,546874999.81351244,550347711.53168201,426.51947643705358,441.56545443626123,441.56545443626123,441.56545443626123,candidate,refined,strongest_peak,1,measured,quality_gated_measurement,false,pdv_channel_1,automatic
0.00074668041499092975,4.576000001560443e-07,546874999.81351244,548555168.47346675,425.13025556693674,440.12722716010069,440.12722716010069,440.12722716010069,candidate,refined,strongest_peak,1,measured,quality_gated_measurement,false,pdv_channel_1,automatic
0.00074668361499093084,4.6080000015713551e-07,546874999.81351244,548467133.37292612,425.06202836401775,440.05659316206265,440.05659316206265,440.05659316206265,candidate,refined,strongest_peak,1,measured,quality_gated_measurement,false,pdv_channel_1,automatic
0.00074668681499093193,4.6400000015822673e-07,546874999.81351244,550300641.85223544,426.48299743548245,441.52768859484951,441.52768859484951,441.52768859484951,candidate,refined,strongest_peak,1,measured,quality_gated_measurement,false,pdv_channel_1,automatic
0.00074669001499093302,4.6720000015931795e-07,556640624.81018221,552515359.0566206,428.19940326888099,443.30464267008392,443.30464267008392,443.30464267008392,candidate,refined,strongest_peak,1,measured,quality_gated_measurement,false,pdv_channel_1,automatic
0.00074669321499093411,4.7040000016040917e-07,556640624.81018221,553769880.54205561,429.17165742009308,444.31119423413861,444.31119423413861,444.31119423413861,candidate,refined,strongest_peak,1,measured,quality_gated_measurement,false,pdv_channel_1,automatic
0.00074669641499093521,4.7360000016150039e-07,556640624.81018221,554277331.48720157,429.56493190258124,444.71834193822173,444.71834193822173,444.71834193822173,candidate,refined,strongest_peak,1,measured,quality_gated_measurement,false,pdv_channel_1,automatic
0.0007466996149909363,4.7680000016259161e-07,556640624.81018221,554677539.30383039,429.87509296046852,445.03944429354323,445.03944429354323,445.03944429354323,candidate,refined,strongest_peak,1,measured,quality_gated_measurement,false,pdv_channel_1,automatic
0.00074670281499093739,4.8000000016368283e-07,556640624.81018221,555234686.71173227,430.30688220159249,445.48646540983623,445.48646540983623,445.48646540983623,candidate,refined,strongest_peak,1,measured,quality_gated_measurement,false,pdv_channel_1,automatic
0.00074670601499093848,4.8320000016477405e-07,556640624.81018221,556099226.36817634,430.97690043533663,446.18011932767195,446.18011932767195,446.18011932767195,candidate,refined,strongest_peak,1,measured,quality_gated_measurement,false,pdv_channel_1,automatic
0.00074670921499093957,4.8640000016586526e-07,556640624.81018221,556870672.40760386,431.57477111589299,446.79908060221749,446.79908060221749,446.79908060221749,candidate,refined,strongest_peak,1,measured,quality_gated_measurement,false,pdv_channel_1,automatic
0.00074671241499094066,4.8960000016695648e-07,556640624.81018221,557036737.04373658,431.70347120889585,446.93232074291996,446.93232074291996,446.93232074291996,candidate,refined,strongest_peak,1,measured,quality_gated_measurement,false,pdv_channel_1,automatic
0.00074671561499094175,4.928000001680477e-07,556640624.81018221,556505255.34842384,431.29157289502848,446.505892229822,446.505892229822,446.505892229822,candidate,refined,strongest_peak,1,measured,quality_gated_measurement,false,pdv_channel_1,automatic
0.00074671881499094284,4.9600000016913892e-07,556640624.81018221,555446768.70715928,430.47124574804843,445.65662707440976,445.65662707440976,445.65662707440976,candidate,refined,strongest_peak,1,measured,quality_gated_measurement,false,pdv_channel_1,automatic
0.00074672201499094394,4.9920000017023014e-07,556640624.81018221,553957854.78090405,429.31733745520063,444.46201330444677,444.46201330444677,444.46201330444677,candidate,refined,strongest_peak,1,measured,quality_gated_measurement,false,pdv_channel_1,automatic
0.00074672521499094503,5.0240000017132136e-07,556640624.81018221,552505085.00765145,428.19144088092986,443.29639939949897,443.29639939949897,443.29639939949897,candidate,refined,strongest_peak,1,measured,quality_gated_measurement,false,pdv_channel_1,automatic
0.00074672841499094612,5.0560000017241258e-07,546874999.81351244,551459240.83331549,427.38091164581948,442.45727778886317,442.45727778886317,442.45727778886317,candidate,refined,strongest_peak,1,measured,quality_gated_measurement,false,pdv_channel_1,automatic
0.00074673161499094721,5.088000001735038e-07,546874999.81351244,550969207.18509603,427.0011355684494,442.06410466207234,442.06410466207234,442.06410466207234,candidate,refined,strongest_peak,1,measured,quality_gated_measurement,false,pdv_channel_1,automatic
0.0007467348149909483,5.1200000017459502e-07,546874999.81351244,550647167.609393,426.75155489727956,441.80571973811942,441.80571973811942,441.80571973811942,candidate,refined,strongest_peak,1,measured,quality_gated_measurement,false,pdv_channel_1,automatic
0.00074673801499094939,5.1520000017568623e-07,546874999.81351244,550187243.34353638,426.39511359124072,441.43670454426319,441.43670454426319,441.43670454426319,candidate,refined,strongest_peak,1,measured,quality_gated_measurement,false,pdv_channel_1,automatic
0.00074674121499095048,5.1840000017677745e-07,546874999.81351244,549996656.94351912,426.2474091312273,441.28378963507095,441.28378963507095,441.28378963507095,candidate,refined,strongest_peak,1,measured,quality_gated_measurement,false,pdv_channel_1,automatic
0.00074674441499095157,5.2160000017786867e-07,546874999.81351244,550339418.23155439,426.51304912945466,441.55880039779993,441.55880039779993,441.55880039779993,candidate,refined,strongest_peak,1,measured,quality_gated_measurement,false,pdv_channel_1,automatic
0.00074674761499095267,5.2480000017895989e-07,546874999.81351244,550571834.13165045,426.69317145202911,441.74527674792137,441.74527674792137,441.74527674792137,candidate,refined,strongest_peak,1,measured,quality_gated_measurement,false,pdv_channel_1,automatic
0.00074675081499095376,5.2800000018005111e-07,546874999.81351244,550306323.71165812,426.48740087653505,441.53224737248308,441.53224737248308,441.53224737248308,candidate,refined,strongest_peak,1,measured,quality_gated_measurement,false,pdv_channel_1,automatic
0.00074675401499095485,5.3120000018114233e-07,546874999.81351244,549406437.33379912,425.7899889336943,440.81023340012655,440.81023340012655,440.81023340012655,candidate,refined,strongest_peak,1,measured,quality_gated_measurement,false,pdv_channel_1,automatic
0.00074675721499095594,5.3440000018223355e-07,546874999.81351244,547353767.83942819,424.19917007555682,439.16329652894967,439.16329652894967,439.16329652894967,candidate,refined,strongest_peak,1,measured,quality_gated_measurement,false,pdv_channel_1,automatic
0.00074676041499095703,5.3760000018332477e-07,546874999.81351244,544071387.01604366,421.65532493743382,436.52971425079892,436.52971425079892,436.52971425079892,candidate,refined,strongest_peak,1,measured,quality_gated_measurement,false,pdv_channel_1,automatic
0.00074676361499095812,5.4080000018441599e-07,537109374.81684256,540437823.0371455,418.83931285378776,433.61436401685319,433.61436401685319,433.61436401685319,candidate,refined,strongest_peak,1,measured,quality_gated_measurement,false,pdv_channel_1,automatic
0.00074676681499095921,5.440000001855072e-07,537109374.81684256,536803961.15007412,416.02306989130744,430.69877475954979,430.69877475954979,430.69877475954979,candidate,refined,strongest_peak,1,measured,quality_gated_measurement,false,pdv_channel_1,automatic
0.0007467700149909603,5.4720000018659842e-07,537109374.81684256,532992605.2294426,413.06926905281802,427.64077510978638,427.64077510978638,427.64077510978638,candidate,refined,strongest_peak,1,measured,quality_gated_measurement,false,pdv_channel_1,automatic
0.00074677321499096139,5.5040000018768964e-07,527343749.82017267,529648724.72955316,410.4777616654037,424.95784924023957,424.95784924023957,424.95784924023957,candidate,refined,strongest_peak,1,measured,quality_gated_measurement,false,pdv_channel_1,automatic
0.00074677641499096249,5.5360000018878086e-07,527343749.82017267,527489848.88308078,408.80463288438762,423.22569886649501,423.22569886649501,423.22569886649501,candidate,refined,strongest_peak,1,measured,quality_gated_measurement,false,pdv_channel_1,automatic
0.00074677961499096358,5.5680000018987208e-07,527343749.82017267,525727549.04072124,407.43885050655894,421.81173690310516,421.81173690310516,421.81173690310516,candidate,refined,strongest_peak,1,measured,quality_gated_measurement,false,pdv_channel_1,automatic
0.00074678281499096467,5.600000001909633e-07,527343749.82017267,523264854.38295656,405.53026214679136,419.83582083602982,419.83582083602982,419.83582083602982,candidate,refined,strongest_peak,1,measured,quality_gated_measurement,false,pdv_channel_1,automatic
0.00074678601499096576,5.6320000019205452e-07,517578124.82350278,520196014.89275885,403.15191154188813,417.37357110610958,417.37357110610958,417.37357110610958,candidate,refined,strongest_peak,1,measured,quality_gated_measurement,false,pdv_channel_1,automatic
0.00074678921499096685,5.6640000019314574e-07,517578124.82350278,517005380.82197654,400.6791701370318,414.8136008293481,414.8136008293481,414.8136008293481,candidate,refined,strongest_peak,1,measured,quality_gated_measurement,false,pdv_channel_1,automatic
0.00074679241499096794,5.6960000019423696e-07,517578124.82350278,513800416.10755765,398.19532248335719,412.24213251773131,412.24213251773131,412.24213251773131,candidate,refined,strongest_peak,1,measured,quality_gated_measurement,false,pdv_channel_1,automatic
0.00074679561499096903,5.7280000019532817e-07,507812499.82683295,510824474.18961114,395.88896749694862,409.85441813673248,409.85441813673248,409.85441813673248,candidate,refined,strongest_peak,1,measured,quality_gated_measurement,false,pdv_channel_1,automatic
0.00074679881499097012,5.7600000019641939e-07,507812499.82683295,508046346.99884439,393.7359189241044,407.6254182340009,407.6254182340009,407.6254182340009,candidate,refined,strongest_peak,1,measured,quality_gated_measurement,false,pdv_channel_1,automatic
0.00074680201499097122,5.7920000019751061e-07,507812499.82683295,505115040.80331159,391.46415662256646,405.27351683566513,405.27351683566513,405.27351683566513,candidate,refined,strongest_peak,1,measured,quality_gated_measurement,false,pdv_channel_1,automatic
0.00074680521499097231,5.8240000019860183e-07,498046874.83016306,501590892.70706707,388.73294184797697,402.44595523594853,402.44595523594853,402.44595523594853,candidate,refined,strongest_peak,1,measured,quality_gated_measurement,false,pdv_channel_1,automatic
0.0007468084149909734,5.8560000019969305e-07,498046874.83016306,497163795.48570871,385.30194150142427,398.89392230218374,398.89392230218374,398.89392230218374,candidate,refined,strongest_peak,1,measured,quality_gated_measurement,false,pdv_channel_1,automatic
0.00074681161499097449,5.8880000020078427e-07,488281249.83349323,491880217.85069406,381.20716883428787,394.65470169570318,394.65470169570318,394.65470169570318,candidate,refined,strongest_peak,1,measured,quality_gated_measurement,false,pdv_channel_1,automatic
0.00074681481499097558,5.9200000020187549e-07,488281249.83349323,486169830.10035843,376.78161832777778,390.07303467111149,390.07303467111149,390.07303467111149,candidate,refined,strongest_peak,1,measured,quality_gated_measurement,false,pdv_channel_1,automatic
0.00074681801499097667,5.9520000020296671e-07,478515624.83682334,480055230.51529467,372.04280364935335,385.16705271116103,385.16705271116103,385.16705271116103,candidate,refined,strongest_peak,1,measured,quality_gated_measurement,false,pdv_channel_1,automatic
0.00074682121499097776,5.9840000020405792e-07,468749999.84015346,473207146.67117459,366.73553867016028,379.67256769507782,379.67256769507782,379.67256769507782,candidate,refined,strongest_peak,1,measured,quality_gated_measurement,false,pdv_channel_1,automatic
0.00074682441499097885,6.0160000020514914e-07,468749999.84015346,465607757.13404387,360.84601177888402,373.57528079065486,373.57528079065486,373.57528079065486,candidate,refined,strongest_peak,1,measured,quality_gated_measurement,false,pdv_channel_1,automatic
0.00074682761499097995,6.0480000020624036e-07,458984374.84348363,457390386.91354966,354.477549858001,366.98216385811605,366.98216385811605,366.98216385811605,candidate,refined,strongest_peak,1,measured,quality_gated_measurement,false,pdv_channel_1,automatic
0.00074683081499098104,6.0800000020733158e-07,449218749.84681374,448971431.24990076,347.9528592186731,360.22730705467524,360.22730705467524,360.22730705467524,candidate,refined,strongest_peak,1,measured,quality_gated_measurement,false,pdv_channel_1,automatic
0.00074683401499098213,6.112000002084228e-07,439453124.85014391,440720537.94833678,341.55841690996101,353.60729324545918,353.60729324545918,353.60729324545918,candidate,refined,strongest_peak,1,measured,quality_gated_measurement,false,pdv_channel_1,automatic
0.00074683721499098322,6.1440000020951402e-07,429687499.85347402,432952814.87372959,335.5384315271404,347.37494577220809,347.37494577220809,347.37494577220809,candidate,refined,strongest_peak,1,measured,quality_gated_measurement,false,pdv_channel_1,automatic
0.00074684041499098431,6.1760000021060524e-07,429687499.85347402,425558207.70340478,329.80761097013868,341.44196375533977,341.44196375533977,341.44196375533977,candidate,refined,strongest_peak,1,measured,quality_gated_measurement,false,pdv_channel_1,automatic
0.0007468436149909854,6.2080000021169646e-07,419921874.85680419,418536527.9081043,324.36580912878082,335.80819593047028,335.80819593047028,335.80819593047028,candidate,refined,strongest_peak,1,measured,quality_gated_measurement,false,pdv_channel_1,automatic
0.00074684681499098649,6.2400000021278768e-07,410156249.8601343,411976753.35982245,319.28198385386241,330.54503271798046,330.54503271798046,330.54503271798046,candidate,refined,strongest_peak,1,measured,quality_gated_measurement,false,pdv_channel_1,automatic
0.00074685001499098758,6.2720000021387889e-07,410156249.8601343,405540413.74178988,314.29382064988715,325.38090616890685,325.38090616890685,325.38090616890685,candidate,refined,strongest_peak,1,measured,quality_gated_measurement,false,pdv_channel_1,automatic
0.00074685321499098868,6.3040000021497011e-07,400390624.86346442,398174580.18357259,308.58529964226875,319.47101034434894,319.47101034434894,319.47101034434894,candidate,refined,strongest_peak,1,measured,quality_gated_measurement,false,pdv_channel_1,automatic
0.00074685641499098977,6.3360000021606133e-07,390624999.86679459,388994350.82048953,301.47062188587938,312.10535393186558,312.10535393186558,312.10535393186558,candidate,refined,strongest_peak,1,measured,quality_gated_measurement,false,pdv_channel_1,automatic
0.00074685961499099086,6.3680000021715255e-07,380859374.8701247,379142831.96726894,293.83569477463345,304.20109575442552,304.20109575442552,304.20109575442552,candidate,refined,strongest_peak,1,measured,quality_gated_measurement,false,pdv_channel_1,automatic
0.00074686281499099195,6.4000000021824377e-07,371093749.87345487,370532112.42901313,287.16238713248515,297.2923793079608,297.2923793079608,297.2923793079608,candidate,refined,strongest_peak,1,measured,quality_gated_measurement,false,pdv_channel_1,automatic
0.00074686601499099304,6.4320000021933499e-07,361328124.87678498,362910969.72860295,281.2560015396673,291.17763899139919,291.17763899139919,291.17763899139919,candidate,refined,strongest_peak,1,measured,quality_gated_measurement,false,pdv_channel_1,automatic
0.00074686921499099413,6.4640000022042621e-07,351562499.88011509,354431568.45946813,274.68446555608779,284.37428431889157,284.37428431889157,284.37428431889157,candidate,refined,strongest_peak,1,measured,quality_gated_measurement,false,pdv_channel_1,automatic
0.00074687241499099522,6.4960000022151743e-07,341796874.88344526,344838337.41692078,267.24971149811358,276.67726053546369,276.67726053546369,276.67726053546369,candidate,refined,strongest_peak,1,measured,quality_gated_measurement,false,pdv_channel_1,automatic
0.00074687561499099631,6.5280000022260865e-07,332031249.88677537,335572105.83580506,260.06838202274889,269.24260118594179,269.24260118594179,269.24260118594179,candidate,refined,strongest_peak,1,measured,quality_gated_measurement,false,pdv_channel_1,automatic
0.00074687881499099741,6.5600000022369986e-07,332031249.88677537,327392738.91511077,253.72937265921084,262.67997578447432,262.67997578447432,262.67997578447432,candidate,refined,strongest_peak,1,measured,quality_gated_measurement,false,pdv_channel_1,automatic
0.0007468820149909985,6.5920000022479108e-07,322265624.89010555,320271713.85850638,248.21057824034244,256.96649937803977,256.96649937803977,256.96649937803977,candidate,refined,strongest_peak,1,measured,quality_gated_measurement,false,pdv_channel_1,automatic
0.00074688521499099959,6.624000002258823e-07,312499999.89343566,314361272.95354724,243.62998653899911,252.22432189745493,252.22432189745493,252.22432189745493,candidate,refined,strongest_peak,1,measured,quality_gated_measurement,false,pdv_channel_1,automatic
0.00074688841499100068,6.6560000022697352e-07,312499999.89343566,309918143.58123231,240.18656127545503,248.65942574308545,248.65942574308545,248.65942574308545,candidate,refined,strongest_peak,1,measured,quality_gated_measurement,false,pdv_channel_1,automatic
0.00074689161499100177,6.6880000022806474e-07,302734374.89676577,306774443.97809494,237.75019408302356,246.13711282202854,246.13711282202854,246.13711282202854,candidate,refined,strongest_peak,1,measured,quality_gated_measurement,false,pdv_channel_1,automatic
0.00074689481499100286,6.7200000022915596e-07,302734374.89676577,304609515.45642084,236.07237447872615,244.40010615067436,244.40010615067436,244.40010615067436,candidate,refined,strongest_peak,1,measured,quality_gated_measurement,false,pdv_channel_1,automatic
0.00074689801499100395,6.7520000023024718e-07,302734374.89676577,303103519.30515373,234.90522746149415,243.1917866446974,243.1917866446974,243.1917866446974,candidate,refined,strongest_peak,1,measured,quality_gated_measurement,false,pdv_channel_1,automatic
0.00074690121499100504,6.784000002313384e-07,302734374.89676577,302028460.33919019,234.07205676287239,242.32922486619867,242.32922486619867,242.32922486619867,candidate,refined,strongest_peak,1,measured,quality_gated_measurement,false,pdv_channel_1,automatic
0.00074690441499100613,6.8160000023242961e-07,302734374.89676577,301414406.2250095,233.59616482438236,241.83654527783077,241.83654527783077,241.83654527783077,candidate,refined,strongest_peak,1,measured,quality_gated_measurement,false,pdv_channel_1,automatic
0.00074690761499100723,6.8480000023352083e-07,302734374.89676577,301071207.93840683,233.3301861522653,241.56118389409087,241.56118389409087,241.56118389409087,candidate,refined,strongest_peak,1,measured,quality_gated_measurement,false,pdv_channel_1,automatic
0.00074691081499100832,6.8800000023461205e-07,302734374.89676577,300673817.17605972,233.02220831144629,241.24234177139681,241.24234177139681,241.24234177139681,candidate,refined,strongest_peak,1,measured,quality_gated_measurement,false,pdv_channel_1,automatic
0.00074691401499100941,6.9120000023570327e-07,302734374.89676577,300434835.70018435,232.83699766764286,241.05059760350872,241.05059760350872,241.05059760350872,candidate,refined,strongest_peak,1,measured,quality_gated_measurement,false,pdv_channel_1,automatic
0.0007469172149910105,6.9440000023679449e-07,302734374.89676577,300668737.41660094,233.01827149786573,241.23826608207014,241.23826608207014,241.23826608207014,candidate,refined,strongest_peak,1,measured,quality_gated_measurement,false,pdv_channel_1,automatic
0.00074692041499101159,6.9760000023788571e-07,302734374.89676577,301011023.54456514,233.28354324703798,241.51289560532391,241.51289560532391,241.51289560532391,candidate,refined,strongest_peak,1,measured,quality_gated_measurement,false,pdv_channel_1,automatic
0.00074692361499101268,7.0080000023897693e-07,302734374.89676577,300488562.89149451,232.87863624090824,241.09370502659661,241.09370502659661,241.09370502659661,candidate,refined,strongest_peak,1,measured,quality_gated_measurement,false,pdv_channel_1,automatic
0.00074692681499101377,7.0400000024006815e-07,302734374.89676577,299697753.14445817,232.26575868695508,240.4592074934809,240.4592074934809,240.4592074934809,candidate,refined,strongest_peak,1,measured,quality_gated_measurement,false,pdv_channel_1,automatic
0.00074693001499101486,7.0720000024115937e-07,302734374.89676577,299854517.45527798,232.38725102784042,240.58498562010178,240.58498562010178,240.58498562010178,candidate,refined,strongest_peak,1,measured,quality_gated_measurement,false,pdv_channel_1,automatic
0.00074693321499101596,7.1040000024225058e-07,302734374.89676577,300563192.3630625,232.93647408137343,241.15358316515659,241.15358316515659,241.15358316515659,candidate,refined,strongest_peak,1,measured,quality_gated_measurement,false,pdv_channel_1,automatic
0.00074693641499101705,7.136000002433418e-07,302734374.89676577,300894844.22014081,233.19350427060914,241.41968039771862,241.41968039771862,241.41968039771862,candidate,refined,strongest_peak,1,measured,quality_gated_measurement,false,pdv_channel_1,automatic
0.00074693961499101814,7.1680000024443302e-07,302734374.89676577,301926157.63802403,233.99277216946862,242.24714341517426,242.24714341517426,242.24714341517426,candidate,refined,strongest_peak,1,measured,quality_gated_measurement,false,pdv_channel_1,automatic
0.00074694281499101923,7.2000000024552424e-07,302734374.89676577,304980167.53071439,236.35962983630364,244.69749478006952,244.69749478006952,244.69749478006952,candidate,refined,strongest_peak,1,measured,quality_gated_measurement,false,pdv_channel_1,automatic
0.00074694601499102032,7.2320000024661546e-07,312499999.89343566,309128172.68779266,239.5743338330393,248.02560125495904,248.02560125495904,248.02560125495904,candidate,refined,strongest_peak,1,measured,quality_gated_measurement,false,pdv_channel_1,automatic
0.00074694921499102141,7.2640000024770668e-07,312499999.89343566,311524190.5962534,241.43124771209636,249.94801996301973,249.94801996301973,249.94801996301973,candidate,refined,strongest_peak,1,measured,quality_gated_measurement,false,pdv_channel_1,automatic
0.0007469524149910225,7.296000002487979e-07,312499999.89343566,312377983.56701434,242.0929372644361,250.63305139538326,250.63305139538326,250.63305139538326,candidate,refined,strongest_peak,1,measured,quality_gated_measurement,false,pdv_channel_1,automatic
0.00074695561499102359,7.3280000024988912e-07,312499999.89343566,315406674.20246053,244.44017250690692,253.06308813173237,253.06308813173237,253.06308813173237,candidate,refined,strongest_peak,1,measured,quality_gated_measurement,false,pdv_channel_1,automatic
0.00074695881499102469,7.3600000025098034e-07,322265624.89010555,320239213.14568126,248.18539018790298,256.94042278731831,256.94042278731831,256.94042278731831,candidate,refined,strongest_peak,1,measured,quality_gated_measurement,false,pdv_channel_1,automatic
0.00074696201499102578,7.3920000025207155e-07,322265624.89010555,319935369.46727109,247.94991133713509,256.69663714212794,256.69663714212794,256.69663714212794,candidate,refined,strongest_peak,1,measured,quality_gated_measurement,false,pdv_channel_1,automatic
0.00074696521499102687,7.4240000025316277e-07,312499999.89343566,313572745.14373958,243.01887748639817,251.59165525166421,251.59165525166421,251.59165525166421,candidate,refined,strongest_peak,1,measured,quality_gated_measurement,false,pdv_channel_1,automatic
0.00074696841499102796,7.4560000025425399e-07,312499999.89343566,309379984.23277748,239.76948778040253,248.2276394881772,248.2276394881772,248.2276394881772,candidate,refined,strongest_peak,1,measured,quality_gated_measurement,false,pdv_channel_1,automatic
0.00074697161499102905,7.4880000025534521e-07,312499999.89343566,309968430.56629223,240.22553368887648,248.69977295439378,248.69977295439378,248.69977295439378,candidate,refined,strongest_peak,1,measured,quality_gated_measurement,false,pdv_channel_1,automatic
0.00074697481499103014,7.5200000025643643e-07,312499999.89343566,311769314.74698645,241.62121892891449,250.14469263875503,250.14469263875503,250.14469263875503,candidate,refined,strongest_peak,1,measured,quality_gated_measurement,false,pdv_channel_1,automatic
0.00074697801499103123,7.5520000025752765e-07,312499999.89343566,314134564.35479391,243.45428737496528,252.04242473801276,252.04242473801276,252.04242473801276,candidate,refined,strongest_peak,1,measured,quality_gated_measurement,false,pdv_channel_1,automatic
0.00074698121499103232,7.5840000025861887e-07,322265624.89010555,318113675.71216083,246.53809867692465,255.2350211238107,255.2350211238107,255.2350211238107,candidate,refined,strongest_peak,1,measured,quality_gated_measurement,false,pdv_channel_1,automatic
0.00074698441499103342,7.6160000025971009e-07,322265624.89010555,320884495.47655177,248.68548399432763,257.45815799308036,257.45815799308036,257.45815799308036,candidate,refined,strongest_peak,1,measured,quality_gated_measurement,false,pdv_channel_1,automatic
0.00074698761499103451,7.648000002608013e-07,322265624.89010555,317442240.90096474,246.01773669824766,254.69630276209534,254.69630276209534,254.69630276209534,candidate,refined,strongest_peak,1,measured,quality_gated_measurement,false,pdv_channel_1,automatic
0.0007469908149910356,7.6800000026189252e-07,312499999.89343566,308001670.6977554,238.70129479076044,247.12176472991973,247.12176472991973,247.12176472991973,candidate,refined,strongest_peak,1,measured,quality_gated_measurement,false,pdv_channel_1,automatic
0.00074699401499103669,7.7120000026298374e-07,302734374.89676577,301345079.55399024,233.54243665434242,241.78092178317138,241.78092178317138,241.78092178317138,candidate,refined,strongest_peak,1,measured,quality_gated_measurement,false,pdv_channel_1,automatic
0.00074699721499103778,7.7440000026407496e-07,302734374.89676577,303288823.70882988,235.04883837434315,243.34046360201691,243.34046360201691,243.34046360201691,candidate,refined,strongest_peak,1,measured,quality_gated_measurement,false,pdv_channel_1,automatic
0.00074700041499103887,7.7760000026516618e-07,312499999.89343566,310564912.61898357,240.68780727971227,249.17835379181869,249.17835379181869,249.17835379181869,candidate,refined,strongest_peak,1,measured,quality_gated_measurement,false,pdv_channel_1,automatic
0.00074700361499103996,7.808000002662574e-07,322265624.89010555,318335883.72662693,246.71030988813587,255.41330728877725,255.41330728877725,255.41330728877725,candidate,refined,strongest_peak,1,measured,quality_gated_measurement,false,pdv_channel_1,automatic
0.00074700681499104105,7.8400000026734862e-07,322265624.89010555,324345194.43680131,251.36752568852103,260.23481187394549,260.23481187394549,260.23481187394549,candidate,refined,strongest_peak,1,measured,quality_gated_measurement,false,pdv_channel_1,automatic
0.00074701001499104215,7.8720000026843984e-07,332031249.88677537,328414866.75363255,254.52152173406523,263.50006885300496,263.50006885300496,263.50006885300496,candidate,refined,strongest_peak,1,measured,quality_gated_measurement,false,pdv_channel_1,automatic
0.00074701321499104324,7.9040000026953106e-07,332031249.88677537,330614357.57444894,256.22612712019793,265.26480620626688,265.26480620626688,265.26480620626688,candidate,refined,strongest_peak,1,measured,quality_gated_measurement,false,pdv_channel_1,automatic
0.00074701641499104433,7.9360000027062227e-07,332031249.88677537,331309413.91655493,256.76479578533008,265.82247704441153,265.82247704441153,265.82247704441153,candidate,refined,strongest_peak,1,measured,quality_gated_measurement,false,pdv_channel_1,automatic
0.00074701961499104542,7.9680000027171349e-07,332031249.88677537,331814343.77109653,257.15611642259978,266.22760197907974,266.22760197907974,266.22760197907974,candidate,refined,strongest_peak,1,measured,quality_gated_measurement,false,pdv_channel_1,automatic
0.00074702281499104651,8.0000000027280471e-07,332031249.88677537,332971446.99894583,258.05287142418302,267.15599107188245,267.15599107188245,267.15599107188245,candidate,refined,strongest_peak,1,measured,quality_gated_measurement,false,pdv_channel_1,automatic
0.0007470260149910476,8.0320000027389593e-07,332031249.88677537,334503961.23819071,259.24056995959779,268.38558707510532,268.38558707510532,268.38558707510532,candidate,refined,strongest_peak,1,measured,quality_gated_measurement,false,pdv_channel_1,automatic
0.00074702921499104869,8.0640000027498715e-07,332031249.88677537,335609767.68488461,260.09756995578556,269.27281875777004,269.27281875777004,269.27281875777004,candidate,refined,strongest_peak,1,measured,quality_gated_measurement,false,pdv_channel_1,automatic
0.00074703241499104978,8.0960000027607837e-07,332031249.88677537,336495329.09297967,260.78388004705926,269.98333924764074,269.98333924764074,269.98333924764074,candidate,refined,strongest_peak,1,measured,quality_gated_measurement,false,pdv_channel_1,automatic
0.00074703561499105087,8.1280000027716959e-07,341796874.88344526,337984675.19936424,261.93812327950729,271.17829977259379,271.17829977259379,271.17829977259379,candidate,refined,strongest_peak,1,measured,quality_gated_measurement,false,pdv_channel_1,automatic
0.00074703881499105197,8.1600000027826081e-07,341796874.88344526,340147977.09325093,263.61468224726946,272.91400133697084,272.91400133697084,272.91400133697084,candidate,refined,strongest_peak,1,measured,quality_gated_measurement,false,pdv_channel_1,automatic
0.00074704201499105306,8.1920000027935203e-07,341796874.88344526,341954479.56279135,265.01472166116326,274.36342879381039,274.36342879381039,274.36342879381039,candidate,refined,strongest_peak,1,measured,quality_gated_measurement,false,pdv_channel_1,automatic
0.00074704521499105415,8.2240000028044324e-07,341796874.88344526,342727752.42823082,265.6140081318789,274.98385580218434,274.98385580218434,274.98385580218434,candidate,refined,strongest_peak,1,measured,quality_gated_measurement,false,pdv_channel_1,automatic
0.00074704841499105524,8.2560000028153446e-07,341796874.88344526,343095080.52250338,265.89868740494012,275.27857747264108,275.27857747264108,275.27857747264108,candidate,refined,strongest_peak,1,measured,quality_gated_measurement,false,pdv_channel_1,automatic
0.00074705161499105633,8.2880000028262568e-07,341796874.88344526,344039290.78755355,266.63045036035402,276.03615423008756,276.03615423008756,276.03615423008756,candidate,refined,strongest_peak,1,measured,quality_gated_measurement,false,pdv_channel_1,automatic
0.00074705481499105742,8.320000002837169e-07,341796874.88344526,345311082.63239658,267.61608904010734,277.05656247772703,277.05656247772703,277.05656247772703,candidate,refined,strongest_peak,1,measured,quality_gated_measurement,false,pdv_channel_1,automatic
0.00074705801499105851,8.3520000028480812e-07,341796874.88344526,346419062.46721596,268.47477341209236,277.94553795453351,277.94553795453351,277.94553795453351,candidate,refined,strongest_peak,1,measured,quality_gated_measurement,false,pdv_channel_1,automatic
0.0007470612149910596,8.3840000028589934e-07,351562499.88011509,347599876.00406837,269.38990390315297,278.89295075389555,278.89295075389555,278.89295075389555,candidate,refined,strongest_peak,1,measured,quality_gated_measurement,false,pdv_channel_1,automatic
0.0007470644149910607,8.4160000028699056e-07,351562499.88011509,349041960.75592351,270.50751958584073,280.04999164903489,280.04999164903489,280.04999164903489,candidate,refined,strongest_peak,1,measured,quality_gated_measurement,false,pdv_channel_1,automatic
0.00074706761499106179,8.4480000028808178e-07,351562499.88011509,350143173.80500036,271.36095969887526,280.93353786946608,280.93353786946608,280.93353786946608,candidate,refined,strongest_peak,1,measured,quality_gated_measurement,false,pdv_channel_1,automatic
0.00074707081499106288,8.4800000028917299e-07,351562499.88011509,350433176.9387179,271.58571212750638,281.16621870531719,281.16621870531719,281.16621870531719,candidate,refined,strongest_peak,1,measured,quality_gated_measurement,false,pdv_channel_1,automatic
0.00074707401499106397,8.5120000029026421e-07,351562499.88011509,350231994.00129431,271.42979535100307,281.00480178047695,281.00480178047695,281.00480178047695,candidate,refined,strongest_peak,1,measured,quality_gated_measurement,false,pdv_channel_1,automatic
0.00074707721499106506,8.5440000029135543e-07,351562499.88011509,350366189.29681134,271.53379670502881,281.11247190503019,281.11247190503019,281.11247190503019,candidate,refined,strongest_peak,1,measured,quality_gated_measurement,false,pdv_channel_1,automatic
0.00074708041499106615,8.5760000029244665e-07,351562499.88011509,351131516.1822927,272.12692504127682,281.72652354347406,281.72652354347406,281.72652354347406,candidate,refined,strongest_peak,1,measured,quality_gated_measurement,false,pdv_channel_1,automatic
0.00074708361499106724,8.6080000029353787e-07,351562499.88011509,351726325.26174468,272.58790207785211,282.20376208915644,282.20376208915644,282.20376208915644,candidate,refined,strongest_peak,1,measured,quality_gated_measurement,false,pdv_channel_1,automatic
0.00074708681499106833,8.6400000029462909e-07,351562499.88011509,351216668.40143794,272.19291801111439,281.79484449322138,281.79484449322138,281.79484449322138,candidate,refined,strongest_peak,1,measured,quality_gated_measurement,false,pdv_channel_1,automatic
0.00074709001499106943,8.6720000029572031e-07,351562499.88011509,350399156.58415216,271.55934635271791,281.13892284670061,281.13892284670061,281.13892284670061,candidate,refined,strongest_peak,1,measured,quality_gated_measurement,false,pdv_channel_1,automatic
0.00074709321499107052,8.7040000029681153e-07,351562499.88011509,350815549.52777672,271.88205088402697,281.47301116127528,281.47301116127528,281.47301116127528,candidate,refined,strongest_peak,1,measured,quality_gated_measurement,false,pdv_channel_1,automatic
0.00074709641499107161,8.7360000029790275e-07,351562499.88011509,351594679.0104757,272.48587623311869,282.09813716231776,282.09813716231776,282.09813716231776,candidate,refined,strongest_peak,1,measured,quality_gated_measurement,false,pdv_channel_1,automatic
0.0007470996149910727,8.7680000029899396e-07,351562499.88011509,351090134.47657275,272.09485421934386,281.6933213854407,281.6933213854407,281.6933213854407,candidate,refined,strongest_peak,1,measured,quality_gated_measurement,false,pdv_channel_1,automatic
0.00074710281499107379,8.8000000030008518e-07,351562499.88011509,350020564.5483551,271.26593752497519,280.8351636762165,280.8351636762165,280.8351636762165,candidate,refined,strongest_peak,1,measured,quality_gated_measurement,false,pdv_channel_1,automatic
0.00074710601499107488,8.832000003011764e-07,351562499.88011509,348469050.08552313,270.06351381628042,279.59032305184445,279.59032305184445,279.59032305184445,candidate,refined,strongest_peak,1,measured,quality_gated_measurement,false,pdv_channel_1,automatic
0.00074710921499107597,8.8640000030226762e-07,341796874.88344526,345819936.4144634,268.01045072120911,277.46483573263816,277.46483573263816,277.46483573263816,candidate,refined,strongest_peak,1,measured,quality_gated_measurement,false,pdv_channel_1,automatic
0.00074711241499107706,8.8960000030335884e-07,341796874.88344526,342459866.9791857,265.40639690886894,274.76892084821628,274.76892084821628,274.76892084821628,candidate,refined,strongest_peak,1,measured,quality_gated_measurement,false,pdv_channel_1,automatic
0.00074711561499107816,8.9280000030445006e-07,341796874.88344526,338720505.53434086,262.50839178911417,271.76868517702769,271.76868517702769,271.76868517702769,candidate,refined,strongest_peak,1,measured,quality_gated_measurement,false,pdv_channel_1,automatic
0.00074711881499107925,8.9600000030554128e-07,332031249.88677537,334012567.91910458,258.85974013730606,267.99132303129687,267.99132303129687,267.99132303129687,candidate,refined,strongest_peak,1,measured,quality_gated_measurement,false,pdv_channel_1,automatic
0.00074712201499108034,8.992000003066325e-07,332031249.88677537,327845190.48096585,254.08002262274854,263.04299533938661,263.04299533938661,263.04299533938661,candidate,refined,strongest_peak,1,measured,quality_gated_measurement,false,pdv_channel_1,automatic
0.00074712521499108143,9.0240000030772372e-07,322265624.89010555,319651797.10836875,247.73014275898578,256.46911596796735,256.46911596796735,256.46911596796735,candidate,refined,strongest_peak,1,measured,quality_gated_measurement,false,pdv_channel_1,automatic
0.00074712841499108252,9.0560000030881493e-07,312499999.89343566,310069000.03282529,240.30347502543961,248.78046376360689,248.78046376360689,248.78046376360689,candidate,refined,strongest_peak,1,measured,quality_gated_measurement,false,pdv_channel_1,automatic
0.00074713161499108361,9.0880000030990615e-07,302734374.89676577,301519730.16697049,233.67779087940212,241.92105078829357,241.92105078829357,241.92105078829357,candidate,refined,strongest_peak,1,measured,quality_gated_measurement,false,pdv_channel_1,automatic
0.0007471348149910847,9.1200000031099737e-07,292968749.90009594,295034457.1801793,228.65170431463895,236.71766308711511,236.71766308711511,236.71766308711511,candidate,refined,strongest_peak,1,measured,quality_gated_measurement,false,pdv_channel_1,automatic
0.00074713801499108579,9.1520000031208859e-07,292968749.90009594,290470424.80490965,225.11457922380498,233.05576173344386,233.05576173344386,233.05576173344386,candidate,refined,strongest_peak,1,measured,quality_gated_measurement,false,pdv_channel_1,automatic
0.00074714121499108688,9.1840000031317981e-07,292968749.90009594,288212513.22778094,223.36469775153023,231.24415112665687,231.24415112665687,231.24415112665687,candidate,refined,strongest_peak,1,measured,quality_gated_measurement,false,pdv_channel_1,automatic
0.00074714441499108798,9.2160000031427103e-07,283203124.90342605,288051995.54996496,223.24029655122285,231.11536152716423,231.11536152716423,231.11536152716423,candidate,refined,strongest_peak,1,measured,quality_gated_measurement,false,pdv_channel_1,automatic
0.00074714761499108907,9.2480000031536225e-07,292968749.90009594,289507172.56699634,224.36805873942217,232.28290685777412,232.28290685777412,232.28290685777412,candidate,refined,strongest_peak,1,measured,quality_gated_measurement,false,pdv_channel_1,automatic
0.00074715081499109016,9.2800000031645347e-07,292968749.90009594,292207441.57541311,226.46076722094514,234.44943810123701,234.44943810123701,234.44943810123701,candidate,refined,strongest_peak,1,measured,quality_gated_measurement,false,pdv_channel_1,automatic
0.00074715401499109125,9.3120000031754468e-07,292968749.90009594,294972907.80598992,228.60400354964219,236.66827962132663,236.66827962132663,236.66827962132663,candidate,refined,strongest_peak,1,measured,quality_gated_measurement,false,pdv_channel_1,automatic
0.00074715721499109234,9.344000003186359e-07,292968749.90009594,294389234.43479759,228.15165668696812,236.19997568911694,236.19997568911694,236.19997568911694,candidate,refined,strongest_peak,1,measured,quality_gated_measurement,false,pdv_channel_1,automatic
0.00074716041499109343,9.3760000031972712e-07,292968749.90009594,289570829.35690886,224.41739275160435,232.33398118547041,232.33398118547041,232.33398118547041,candidate,refined,strongest_peak,1,measured,quality_gated_measurement,false,pdv_channel_1,automatic
0.00074716361499109452,9.4080000032081834e-07,283203124.90342605,283888708.80289209,220.01374932224135,227.77499403603153,227.77499403603153,227.77499403603153,candidate,refined,strongest_peak,1,measured,quality_gated_measurement,false,pdv_channel_1,automatic
0.00074716681499109561,9.4400000032190956e-07,273437499.90675622,277968400.71516293,215.42551055425128,223.02489972949729,223.02489972949729,223.02489972949729,candidate,refined,strongest_peak,1,measured,quality_gated_measurement,false,pdv_channel_1,automatic
0.00074717001499109671,9.4720000032300078e-07,273437499.90675622,272866188.69638991,211.47129623970218,218.93119583740804,218.93119583740804,218.93119583740804,candidate,refined,strongest_peak,1,measured,quality_gated_measurement,false,pdv_channel_1,automatic
0.0007471732149910978,9.50400000324092e-07,273437499.90675622,269172806.27584982,208.60892486378361,215.9678509324319,215.9678509324319,215.9678509324319,candidate,refined,strongest_peak,1,measured,quality_gated_measurement,false,pdv_channel_1,automatic
0.00074717641499109889,9.5360000032518322e-07,263671874.91008633,267599379.38638914,207.38951902445157,214.70542911271846,214.70542911271846,214.70542911271846,candidate,refined,strongest_peak,1,measured,quality_gated_measurement,false,pdv_channel_1,automatic
0.00074717961499109998,9.5680000032627444e-07,263671874.91008633,266990310.21092698,206.91749041346841,214.21674913529554,214.21674913529554,214.21674913529554,candidate,refined,strongest_peak,1,measured,quality_gated_measurement,false,pdv_channel_1,automatic
0.00074718281499110107,9.6000000032736565e-07,263671874.91008633,267095825.48289707,206.99926474924524,214.30140815729416,214.30140815729416,214.30140815729416,candidate,refined,strongest_peak,1,measured,quality_gated_measurement,false,pdv_channel_1,automatic
0.00074718601499110216,9.6320000032845687e-07,263671874.91008633,267556474.50571272,207.35626774192735,214.67100485195306,214.67100485195306,214.67100485195306,candidate,refined,strongest_peak,1,measured,quality_gated_measurement,false,pdv_channel_1,automatic
0.00074718921499110325,9.6640000032954809e-07,263671874.91008633,267783346.8458738,207.53209380555219,214.85303338751913,214.85303338751913,214.85303338751913,candidate,refined,strongest_peak,1,measured,quality_gated_measurement,false,pdv_channel_1,automatic
0.00074719241499110434,9.6960000033063931e-07,263671874.91008633,266916772.98771167,206.86049906547655,214.1577473502301,214.1577473502301,214.1577473502301,candidate,refined,strongest_peak,1,measured,quality_gated_measurement,false,pdv_channel_1,automatic
0.00074719561499110544,9.7280000033173053e-07,263671874.91008633,265332503.19359571,205.63268997503667,212.88662584480673,212.88662584480673,212.88662584480673,candidate,refined,strongest_peak,1,measured,quality_gated_measurement,false,pdv_channel_1,automatic
0.00074719881499110653,9.7600000033282175e-07,263671874.91008633,263708760.5055089,204.37428939176939,211.58383369553596,211.58383369553596,211.58383369553596,candidate,refined,strongest_peak,1,measured,quality_gated_measurement,false,pdv_channel_1,automatic
0.00074720201499110762,9.7920000033391297e-07,263671874.91008633,261029009.81569615,202.29748260716451,209.43376510012047,209.43376510012047,209.43376510012047,candidate,refined,strongest_peak,1,measured,quality_gated_measurement,false,pdv_channel_1,automatic
0.00074720521499110871,9.8240000033500419e-07,253906249.91341648,251755467.0522894,195.11048696552427,201.99323970361925,201.99323970361925,201.99323970361925,candidate,refined,strongest_peak,1,measured,quality_gated_measurement,false,pdv_channel_1,automatic
0.0007472084149911098,9.8560000033609541e-07,507812499.82683295,nan,nan,nan,nan,nan,candidate,refined,strongest_peak,1,ambiguous_peak,ambiguous_peak,false,pdv_channel_1,automatic
0.00074721161499111089,9.8880000033718662e-07,507812499.82683295,nan,nan,nan,nan,nan,candidate,refined,strongest_peak,1,ambiguous_peak,ambiguous_peak,false,pdv_channel_1,automatic
0.00074721481499111198,9.9200000033827784e-07,234374999.92007673,nan,nan,nan,nan,nan,candidate,refined,strongest_peak,1,ambiguous_peak,ambiguous_peak,false,pdv_channel_1,automatic
0.00074721801499111307,9.9520000033936906e-07,253906249.91341648,249487836.04381907,193.35307293395977,200.17383081762208,200.17383081762208,200.17383081762208,candidate,refined,strongest_peak,1,measured,quality_gated_measurement,false,pdv_channel_1,automatic
0.00074722121499111417,9.9840000034046028e-07,253906249.91341648,252072736.11909685,195.35637049230004,202.24779706204544,202.24779706204544,202.24779706204544,candidate,refined,strongest_peak,1,measured,quality_gated_measurement,false,pdv_channel_1,automatic
0.00074722441499111526,1.0016000003415515e-06,253906249.91341648,253498242.25460333,196.46113774731757,203.39153628606212,203.39153628606212,203.39153628606212,candidate,refined,strongest_peak,1,measured,quality_gated_measurement,false,pdv_channel_1,automatic
0.00074722761499111635,1.0048000003426427e-06,253906249.91341648,255655588.61070114,198.13308117329339,205.12245948996812,205.12245948996812,205.12245948996812,candidate,refined,strongest_peak,1,measured,quality_gated_measurement,false,pdv_channel_1,automatic
0.00074723081499111744,1.0080000003437339e-06,263671874.91008633,260696044.06768566,202.03943415245638,209.16661368156952,209.16661368156952,209.16661368156952,candidate,refined,strongest_peak,1,measured,quality_gated_measurement,false,pdv_channel_1,automatic
0.00074723401499111853,1.0112000003448252e-06,273437499.90675622,270120837.73702317,209.34364924619297,216.7284935847068,216.7284935847068,216.7284935847068,candidate,refined,strongest_peak,1,measured,quality_gated_measurement,false,pdv_channel_1,automatic
0.00074723721499111962,1.0144000003459164e-06,292968749.90009594,289329345.01218832,224.23024238444594,232.14022886819632,232.14022886819632,232.14022886819632,candidate,refined,strongest_peak,1,measured,quality_gated_measurement,false,pdv_channel_1,automatic
0.00074724041499112071,1.0176000003470076e-06,302734374.89676577,306374805.13490468,237.44047397955111,245.81646697630939,245.81646697630939,245.81646697630939,candidate,refined,strongest_peak,1,measured,quality_gated_measurement,false,pdv_channel_1,automatic
0.0007472436149911218,1.0208000003480988e-06,302734374.89676577,nan,nan,nan,nan,nan,candidate,refined,strongest_peak,1,ambiguous_peak,ambiguous_peak,false,pdv_channel_1,automatic
0.0007472468149911229,1.02400000034919e-06,292968749.90009594,294960242.17533022,228.59418768588091,236.65811749138442,236.65811749138442,236.65811749138442,candidate,refined,strongest_peak,1,measured,quality_gated_measurement,false,pdv_channel_1,automatic
0.00074725001499112399,1.0272000003502813e-06,292968749.90009594,289303022.71051341,224.2098426006479,232.11910945794469,232.11910945794469,232.11910945794469,candidate,refined,strongest_peak,1,measured,quality_gated_measurement,false,pdv_channel_1,automatic
0.00074725321499112508,1.0304000003513725e-06,292968749.90009594,289224350.95085245,224.14887198691065,232.05598803383751,232.05598803383751,232.05598803383751,candidate,refined,strongest_peak,1,measured,quality_gated_measurement,false,pdv_channel_1,automatic
0.00074725641499112617,1.0336000003524637e-06,292968749.90009594,288300174.89965141,223.43263554722984,231.31448550829424,231.31448550829424,231.31448550829424,candidate,refined,strongest_peak,1,measured,quality_gated_measurement,false,pdv_channel_1,automatic
0.00074725961499112726,1.0368000003535549e-06,273437499.90675622,276801759.77625501,214.52136382659762,222.08885815876172,222.08885815876172,222.08885815876172,candidate,refined,strongest_peak,1,measured,quality_gated_measurement,false,pdv_channel_1,automatic
0.00074726281499112835,1.0400000003546461e-06,263671874.91008633,262761507.21715134,203.64016809329229,210.82381540169089,210.82381540169089,210.82381540169089,candidate,refined,strongest_peak,1,measured,quality_gated_measurement,false,pdv_channel_1,automatic
0.00074726601499112944,1.0432000003557373e-06,263671874.91008633,264776068.31619269,205.20145294504934,212.44017641955006,212.44017641955006,212.44017641955006,candidate,refined,strongest_peak,1,measured,quality_gated_measurement,false,pdv_channel_1,automatic
0.00074726921499113053,1.0464000003568286e-06,292968749.90009594,291537981.85320395,225.94193593623305,233.91230443052302,233.91230443052302,233.91230443052302,candidate,refined,strongest_peak,1,measured,quality_gated_measurement,false,pdv_channel_1,automatic
0.00074727241499113162,1.0496000003579198e-06,302734374.89676577,306127662.8749975,237.24893872812305,245.61817509279706,245.61817509279706,245.61817509279706,candidate,refined,strongest_peak,1,measured,quality_gated_measurement,false,pdv_channel_1,automatic
0.00074727561499113272,1.052800000359011e-06,302734374.89676577,301605905.39381367,233.7445766802056,241.99019253705501,241.99019253705501,241.99019253705501,candidate,refined,strongest_peak,1,measured,quality_gated_measurement,false,pdv_channel_1,automatic
0.00074727881499113381,1.0560000003601022e-06,292968749.90009594,nan,nan,nan,nan,nan,candidate,refined,strongest_peak,1,ambiguous_peak,ambiguous_peak,false,pdv_channel_1,automatic
0.0007472820149911349,1.0592000003611934e-06,292968749.90009594,nan,nan,nan,nan,nan,candidate,refined,strongest_peak,1,ambiguous_peak,ambiguous_peak,false,pdv_channel_1,automatic
0.00074728521499113599,1.0624000003622847e-06,576171874.80352199,nan,nan,nan,nan,nan,candidate,refined,strongest_peak,1,ambiguous_peak,ambiguous_peak,false,pdv_channel_1,automatic
0.00074728841499113708,1.0656000003633759e-06,566406249.8068521,nan,nan,nan,nan,nan,candidate,refined,strongest_peak,1,ambiguous_peak,ambiguous_peak,false,pdv_channel_1,automatic
0.00074729161499113817,1.0688000003644671e-06,468749999.84015346,nan,nan,nan,nan,nan,candidate,refined,strongest_peak,1,ambiguous_peak,ambiguous_peak,false,pdv_channel_1,automatic
0.00074729481499113926,1.0720000003655583e-06,468749999.84015346,464982465.6216588,360.36141085678554,373.07358499900158,373.07358499900158,373.07358499900158,candidate,refined,strongest_peak,1,measured,quality_gated_measurement,false,pdv_channel_1,automatic
0.00074729801499114035,1.0752000003666495e-06,468749999.84015346,471849054.81224972,365.68301747949351,378.58291757700368,378.58291757700368,378.58291757700368,candidate,refined,strongest_peak,1,measured,quality_gated_measurement,false,pdv_channel_1,automatic
0.00074730121499114145,1.0784000003677408e-06,488281249.83349323,490793639.66917634,380.36507074361168,393.78289760085732,393.78289760085732,393.78289760085732,candidate,refined,strongest_peak,1,measured,quality_gated_measurement,false,pdv_channel_1,automatic
0.00074730441499114254,1.081600000368832e-06,498046874.83016306,497876039.27286363,385.85393043646928,399.46538329848579,399.46538329848579,399.46538329848579,candidate,refined,strongest_peak,1,measured,quality_gated_measurement,false,pdv_channel_1,automatic
0.00074730761499114363,1.0848000003699232e-06,488281249.83349323,484891989.18378174,375.79129161743083,389.04777301706542,389.04777301706542,389.04777301706542,candidate,refined,strongest_peak,1,measured,quality_gated_measurement,false,pdv_channel_1,automatic
0.00074731081499114472,1.0880000003710144e-06,478515624.83682334,nan,nan,nan,nan,nan,candidate,refined,strongest_peak,1,ambiguous_peak,ambiguous_peak,false,pdv_channel_1,automatic
0.00074731401499114581,1.0912000003721056e-06,498046874.83016306,496017256.80049449,384.41337402038323,397.97400955437502,397.97400955437502,397.97400955437502,candidate,refined,strongest_peak,1,measured,quality_gated_measurement,false,pdv_channel_1,automatic
0.0007473172149911469,1.0944000003731968e-06,507812499.82683295,511697729.54606616,396.56574039820129,410.5550650009464,410.5550650009464,410.5550650009464,candidate,refined,strongest_peak,1,measured,quality_gated_measurement,false,pdv_channel_1,automatic
0.00074732041499114799,1.0976000003742881e-06,507812499.82683295,507068950.58823735,392.97843670588395,406.8412149363931,406.8412149363931,406.8412149363931,candidate,refined,strongest_peak,1,measured,quality_gated_measurement,false,pdv_channel_1,automatic
0.00074732361499114908,1.1008000003753793e-06,507812499.82683295,509548268.96637553,394.89990844894101,408.83046886331113,408.83046886331113,408.83046886331113,candidate,refined,strongest_peak,1,measured,quality_gated_measurement,false,pdv_channel_1,automatic
0.00074732681499115018,1.1040000003764705e-06,517578124.82350278,515540916.82672691,399.54421054071338,413.63860419355177,413.63860419355177,413.63860419355177,candidate,refined,strongest_peak,1,measured,quality_gated_measurement,false,pdv_channel_1,automatic
0.00074733001499115127,1.1072000003775617e-06,507812499.82683295,508992005.79043937,394.46880448759049,408.38415720084453,408.38415720084453,408.38415720084453,candidate,refined,strongest_peak,1,measured,quality_gated_measurement,false,pdv_channel_1,automatic
0.00074733321499115236,1.1104000003786529e-06,488281249.83349323,490960563.73291749,380.49443689301103,393.91682729388185,393.91682729388185,393.91682729388185,candidate,refined,strongest_peak,1,measured,quality_gated_measurement,false,pdv_channel_1,automatic
0.00074733641499115345,1.1136000003797442e-06,488281249.83349323,488813435.792732,378.83041273936732,392.19410272398744,392.19410272398744,392.19410272398744,candidate,refined,strongest_peak,1,measured,quality_gated_measurement,false,pdv_channel_1,automatic
0.00074733961499115454,1.1168000003808354e-06,498046874.83016306,497069818.60564297,385.22910941937329,398.81852098246674,398.81852098246674,398.81852098246674,candidate,refined,strongest_peak,1,measured,quality_gated_measurement,false,pdv_channel_1,automatic
0.00074734281499115563,1.1200000003819266e-06,498046874.83016306,497476145.09618539,385.54401244954369,399.14453258874107,399.14453258874107,399.14453258874107,candidate,refined,strongest_peak,1,measured,quality_gated_measurement,false,pdv_channel_1,automatic
0.00074734601499115672,1.1232000003830178e-06,498046874.83016306,493789145.53316671,382.68658778820418,396.18630889953994,396.18630889953994,396.18630889953994,candidate,refined,strongest_peak,1,measured,quality_gated_measurement,false,pdv_channel_1,automatic
0.00074734921499115781,1.126400000384109e-06,488281249.83349323,486158223.62938768,376.77262331277547,390.06372234633716,390.06372234633716,390.06372234633716,candidate,refined,strongest_peak,1,measured,quality_gated_measurement,false,pdv_channel_1,automatic
0.00074735241499115891,1.1296000003852003e-06,478515624.83682334,474949440.52121866,368.08581640394448,381.07047806980273,381.07047806980273,381.07047806980273,candidate,refined,strongest_peak,1,measured,quality_gated_measurement,false,pdv_channel_1,automatic
0.00074735561499116,1.1328000003862915e-06,468749999.84015346,467370024.06751353,362.21176865232297,374.98921634995759,374.98921634995759,374.98921634995759,candidate,refined,strongest_peak,1,measured,quality_gated_measurement,false,pdv_channel_1,automatic
0.00074735881499116109,1.1360000003873827e-06,439453124.85014391,442832650.22441155,343.19530392391897,355.3019233810324,355.3019233810324,355.3019233810324,candidate,refined,strongest_peak,1,measured,quality_gated_measurement,false,pdv_channel_1,automatic
0.00074736201499116218,1.1392000003884739e-06,546874999.81351244,nan,nan,nan,nan,nan,candidate,refined,strongest_peak,1,ambiguous_peak,ambiguous_peak,false,pdv_channel_1,automatic
0.00074736521499116327,1.1424000003895651e-06,517578124.82350278,516513242.92901772,400.29776326998871,414.41873938485355,414.41873938485355,414.41873938485355,candidate,refined,strongest_peak,1,measured,quality_gated_measurement,false,pdv_channel_1,automatic
0.00074736841499116436,1.1456000003906563e-06,498046874.83016306,501852110.93797505,388.93538597693066,402.65554082051813,402.65554082051813,402.65554082051813,candidate,refined,strongest_peak,1,measured,quality_gated_measurement,false,pdv_channel_1,automatic
0.00074737161499116545,1.1488000003917476e-06,498046874.83016306,500571855.10764062,387.94318770842148,401.62834158688645,401.62834158688645,401.62834158688645,candidate,refined,strongest_peak,1,measured,quality_gated_measurement,false,pdv_channel_1,automatic
0.00074737481499116654,1.1520000003928388e-06,507812499.82683295,504940362.31406718,391.32878079340207,405.13336546432794,405.13336546432794,405.13336546432794,candidate,refined,strongest_peak,1,measured,quality_gated_measurement,false,pdv_channel_1,automatic
0.00074737801499116764,1.15520000039393e-06,507812499.82683295,511094425.16537094,396.0981795031625,410.07101034342151,410.07101034342151,410.07101034342151,candidate,refined,strongest_peak,1,measured,quality_gated_measurement,false,pdv_channel_1,automatic
0.00074738121499116873,1.1584000003950212e-06,507812499.82683295,510521381.7183097,395.65407083169003,409.61123521433251,409.61123521433251,409.61123521433251,candidate,refined,strongest_peak,1,measured,quality_gated_measurement,false,pdv_channel_1,automatic
0.00074738441499116982,1.1616000003961124e-06,498046874.83016306,501061802.40553534,388.32289686428987,402.02144543144061,402.02144543144061,402.02144543144061,candidate,refined,strongest_peak,1,measured,quality_gated_measurement,false,pdv_channel_1,automatic
0.00074738761499117091,1.1648000003972037e-06,498046874.83016306,495327225.30015337,383.87859960761887,397.42037034294725,397.42037034294725,397.42037034294725,candidate,refined,strongest_peak,1,measured,quality_gated_measurement,false,pdv_channel_1,automatic
0.000747390814991172,1.1680000003982949e-06,498046874.83016306,501273554.62367326,388.48700483334676,402.1913425028207,402.1913425028207,402.1913425028207,candidate,refined,strongest_peak,1,measured,quality_gated_measurement,false,pdv_channel_1,automatic
0.00074739401499117309,1.1712000003993861e-06,507812499.82683295,511775768.28890812,396.62622042390382,410.61767853094682,410.61767853094682,410.61767853094682,candidate,refined,strongest_peak,1,measured,quality_gated_measurement,false,pdv_channel_1,automatic
0.00074739721499117418,1.1744000004004773e-06,507812499.82683295,512422769.46055651,397.12764633193132,411.13679282976818,411.13679282976818,411.13679282976818,candidate,refined,strongest_peak,1,measured,quality_gated_measurement,false,pdv_channel_1,automatic
0.00074740041499117527,1.1776000004015685e-06,507812499.82683295,505933876.3889547,392.09875420143987,405.93050059321865,405.93050059321865,405.93050059321865,candidate,refined,strongest_peak,1,measured,quality_gated_measurement,false,pdv_channel_1,automatic
0.00074740361499117636,1.1808000004026598e-06,498046874.83016306,500697373.40141541,388.04046438609691,401.72904981419327,401.72904981419327,401.72904981419327,candidate,refined,strongest_peak,1,measured,quality_gated_measurement,false,pdv_channel_1,automatic
0.00074740681499117746,1.184000000403751e-06,498046874.83016306,498106015.61390406,386.03216210077562,399.649902295137,399.649902295137,399.649902295137,candidate,refined,strongest_peak,1,measured,quality_gated_measurement,false,pdv_channel_1,automatic
0.00074741001499117855,1.1872000004048422e-06,498046874.83016306,496815866.47859621,385.03229652091204,398.61476527669231,398.61476527669231,398.61476527669231,candidate,refined,strongest_peak,1,measured,quality_gated_measurement,false,pdv_channel_1,automatic
0.00074741321499117964,1.1904000004059334e-06,498046874.83016306,494322079.91027242,383.09961193046109,396.61390295595282,396.61390295595282,396.61390295595282,candidate,refined,strongest_peak,1,measured,quality_gated_measurement,false,pdv_channel_1,automatic
0.00074741641499118073,1.1936000004070246e-06,488281249.83349323,490607011.39188033,380.22043382870726,393.63315844804879,393.63315844804879,393.63315844804879,candidate,refined,strongest_peak,1,measured,quality_gated_measurement,false,pdv_channel_1,automatic
0.00074741961499118182,1.1968000004081158e-06,488281249.83349323,487349986.65806484,377.69623966000023,391.01992035045635,391.01992035045635,391.01992035045635,candidate,refined,strongest_peak,1,measured,quality_gated_measurement,false,pdv_channel_1,automatic
0.00074742281499118291,1.2000000004092071e-06,488281249.83349323,483795913.86524254,374.94183324556298,388.1683489984207,388.1683489984207,388.1683489984207,candidate,refined,strongest_peak,1,measured,quality_gated_measurement,false,pdv_channel_1,automatic
0.000747426014991184,1.2032000004102983e-06,488281249.83349323,487293570.96025425,377.65251749419701,390.97465583364436,390.97465583364436,390.97465583364436,candidate,refined,strongest_peak,1,measured,quality_gated_measurement,false,pdv_channel_1,automatic
0.00074742921499118509,1.2064000004113895e-06,507812499.82683295,505203020.29999471,391.53234073249587,405.34410622055748,405.34410622055748,405.34410622055748,candidate,refined,strongest_peak,1,measured,quality_gated_measurement,false,pdv_channel_1,automatic
0.00074743241499118619,1.2096000004124807e-06,517578124.82350278,520633670.35683048,403.49109452654363,417.72471917092383,417.72471917092383,417.72471917092383,candidate,refined,strongest_peak,1,measured,quality_gated_measurement,false,pdv_channel_1,automatic
0.00074743561499118728,1.2128000004135719e-06,517578124.82350278,519412847.69881016,402.54495696657784,416.74520549169995,416.74520549169995,416.74520549169995,candidate,refined,strongest_peak,1,measured,quality_gated_measurement,false,pdv_channel_1,automatic
0.00074743881499118837,1.2160000004146632e-06,507812499.82683295,504392515.68312788,390.90419965442408,404.69380672449267,404.69380672449267,404.69380672449267,candidate,refined,strongest_peak,1,measured,quality_gated_measurement,false,pdv_channel_1,automatic
0.00074744201499118946,1.2192000004157544e-06,488281249.83349323,491961699.42193538,381.27031705199994,394.72007754133585,394.72007754133585,394.72007754133585,candidate,refined,strongest_peak,1,measured,quality_gated_measurement,false,pdv_channel_1,automatic
0.00074744521499119055,1.2224000004168456e-06,488281249.83349323,487524869.55309504,377.83177390364864,391.16023572453543,391.16023572453543,391.16023572453543,candidate,refined,strongest_peak,1,measured,quality_gated_measurement,false,pdv_channel_1,automatic
0.00074744841499119164,1.2256000004179368e-06,478515624.83682334,nan,nan,nan,nan,nan,candidate,refined,strongest_peak,1,ambiguous_peak,ambiguous_peak,false,pdv_channel_1,automatic
0.00074745161499119273,1.228800000419028e-06,468749999.84015346,nan,nan,nan,nan,nan,candidate,refined,strongest_peak,1,ambiguous_peak,ambiguous_peak,false,pdv_channel_1,automatic
0.00074745481499119382,1.2320000004201193e-06,468749999.84015346,nan,nan,nan,nan,nan,candidate,refined,strongest_peak,1,ambiguous_peak,ambiguous_peak,false,pdv_channel_1,automatic
0.00074745801499119492,1.2352000004212105e-06,488281249.83349323,nan,nan,nan,nan,nan,candidate,refined,strongest_peak,1,ambiguous_peak,ambiguous_peak,false,pdv_channel_1,automatic
0.00074746121499119601,1.2384000004223017e-06,507812499.82683295,509678929.60124779,395.00117044096703,408.93530299163655,408.93530299163655,408.93530299163655,candidate,refined,strongest_peak,1,measured,quality_gated_measurement,false,pdv_channel_1,automatic
0.0007474644149911971,1.2416000004233929e-06,517578124.82350278,518670135.56887603,401.96935506587891,416.1492985545076,416.1492985545076,416.1492985545076,candidate,refined,strongest_peak,1,measured,quality_gated_measurement,false,pdv_channel_1,automatic
0.00074746761499119819,1.2448000004244841e-06,507812499.82683295,507803574.70625198,393.54777039734529,407.43063254586798,407.43063254586798,407.43063254586798,candidate,refined,strongest_peak,1,measured,quality_gated_measurement,false,pdv_channel_1,automatic
0.00074747081499119928,1.2480000004255754e-06,498046874.83016306,496327343.98157763,384.65369158572264,398.22280460550502,398.22280460550502,398.22280460550502,candidate,refined,strongest_peak,1,measured,quality_gated_measurement,false,pdv_channel_1,automatic
0.00074747401499120037,1.2512000004266666e-06,498046874.83016306,498618480.68701601,386.42932253243742,400.06107302983787,400.06107302983787,400.06107302983787,candidate,refined,strongest_peak,1,measured,quality_gated_measurement,false,pdv_channel_1,automatic
0.00074747721499120146,1.2544000004277578e-06,507812499.82683295,503731404.14343935,390.39183821116552,404.16337112652656,404.16337112652656,404.16337112652656,candidate,refined,strongest_peak,1,measured,quality_gated_measurement,false,pdv_channel_1,automatic
0.00074748041499120255,1.257600000428849e-06,507812499.82683295,506478292.02247119,392.52067631741517,406.36730650987613,406.36730650987613,406.36730650987613,candidate,refined,strongest_peak,1,measured,quality_gated_measurement,false,pdv_channel_1,automatic
0.00074748361499120365,1.2608000004299402e-06,507812499.82683295,509028374.25177872,394.49699004512848,408.41333703719516,408.41333703719516,408.41333703719516,candidate,refined,strongest_peak,1,measured,quality_gated_measurement,false,pdv_channel_1,automatic
0.00074748681499120474,1.2640000004310314e-06,517578124.82350278,515882748.32670498,399.80912995319636,413.91286895102365,413.91286895102365,413.91286895102365,candidate,refined,strongest_peak,1,measured,quality_gated_measurement,false,pdv_channel_1,automatic
0.00074749001499120583,1.2672000004321227e-06,517578124.82350278,521344239.79245692,404.0417858391541,418.2948367696282,418.2948367696282,418.2948367696282,candidate,refined,strongest_peak,1,measured,quality_gated_measurement,false,pdv_channel_1,automatic
0.00074749321499120692,1.2704000004332139e-06,517578124.82350278,516117201.02972752,399.99083079803881,414.10097950764941,414.10097950764941,414.10097950764941,candidate,refined,strongest_peak,1,measured,quality_gated_measurement,false,pdv_channel_1,automatic
0.00074749641499120801,1.2736000004343051e-06,507812499.82683295,505317623.76817191,391.62115842033324,405.43605705717465,405.43605705717465,405.43605705717465,candidate,refined,strongest_peak,1,measured,quality_gated_measurement,false,pdv_channel_1,automatic
0.0007474996149912091,1.2768000004353963e-06,507812499.82683295,503739768.9457038,390.39832093292046,404.17008253394363,404.17008253394363,404.17008253394363,candidate,refined,strongest_peak,1,measured,quality_gated_measurement,false,pdv_channel_1,automatic
0.00074750281499121019,1.2800000004364875e-06,527343749.82017267,524515113.72275096,406.49921313513198,420.8389527142437,420.8389527142437,420.8389527142437,candidate,refined,strongest_peak,1,measured,quality_gated_measurement,false,pdv_channel_1,automatic
0.00074750601499121128,1.2832000004375788e-06,537109374.81684256,532837369.38590324,412.94896127407503,427.51622333213567,427.51622333213567,427.51622333213567,candidate,refined,strongest_peak,1,measured,quality_gated_measurement,false,pdv_channel_1,automatic
0.00074750921499121238,1.28640000043867e-06,517578124.82350278,520162478.23376232,403.1259206311658,417.34666333533158,417.34666333533158,417.34666333533158,candidate,refined,strongest_peak,1,measured,quality_gated_measurement,false,pdv_channel_1,automatic
0.00074751241499121347,1.2896000004397612e-06,507812499.82683295,508528285.49243373,394.10942125663615,408.01209630219864,408.01209630219864,408.01209630219864,candidate,refined,strongest_peak,1,measured,quality_gated_measurement,false,pdv_channel_1,automatic
0.00074751561499121456,1.2928000004408524e-06,507812499.82683295,506923184.13549823,392.8654677050111,406.72426082066471,406.72426082066471,406.72426082066471,candidate,refined,strongest_peak,1,measured,quality_gated_measurement,false,pdv_channel_1,automatic
0.00074751881499121565,1.2960000004419436e-06,507812499.82683295,504458388.89616764,390.95525139452991,404.7466593749927,404.7466593749927,404.7466593749927,candidate,refined,strongest_peak,1,measured,quality_gated_measurement,false,pdv_channel_1,automatic
0.00074752201499121674,1.2992000004430349e-06,507812499.82683295,504427912.15340382,390.93163191888794,404.72220669446682,404.72220669446682,404.72220669446682,candidate,refined,strongest_peak,1,measured,quality_gated_measurement,false,pdv_channel_1,automatic
0.00074752521499121783,1.3024000004441261e-06,507812499.82683295,506346158.28159612,392.41827266823697,406.26129045109485,406.26129045109485,406.26129045109485,candidate,refined,strongest_peak,1,measured,quality_gated_measurement,false,pdv_channel_1,automatic
0.00074752841499121892,1.3056000004452173e-06,507812499.82683295,506936225.1044066,392.87557445591511,406.734724099137,406.734724099137,406.734724099137,candidate,refined,strongest_peak,1,measured,quality_gated_measurement,false,pdv_channel_1,automatic
0.00074753161499122001,1.3088000004463085e-06,507812499.82683295,506586977.11115569,392.60490726114563,406.45450879957372,406.45450879957372,406.45450879957372,candidate,refined,strongest_peak,1,measured,quality_gated_measurement,false,pdv_channel_1,automatic
0.0007475348149912211,1.3120000004473997e-06,507812499.82683295,510353239.22518915,395.52376039952156,409.47632792784952,409.47632792784952,409.47632792784952,candidate,refined,strongest_peak,1,measured,quality_gated_measurement,false,pdv_channel_1,automatic
0.0007475380149912222,1.3152000004484909e-06,517578124.82350278,516034248.93988115,399.92654292840791,414.03442380753125,414.03442380753125,414.03442380753125,candidate,refined,strongest_peak,1,measured,quality_gated_measurement,false,pdv_channel_1,automatic
0.00074754121499122329,1.3184000004495822e-06,517578124.82350278,519024680.18918669,402.24412714661969,416.4337635447402,416.4337635447402,416.4337635447402,candidate,refined,strongest_peak,1,measured,quality_gated_measurement,false,pdv_channel_1,automatic
0.00074754441499122438,1.3216000004506734e-06,517578124.82350278,521597164.93562961,404.23780282511296,418.49776848614721,418.49776848614721,418.49776848614721,candidate,refined,strongest_peak,1,measured,quality_gated_measurement,false,pdv_channel_1,automatic
0.00074754761499122547,1.3248000004517646e-06,527343749.82017267,523232163.27637827,405.50492653919315,419.8095914849672,419.8095914849672,419.8095914849672,candidate,refined,strongest_peak,1,measured,quality_gated_measurement,false,pdv_channel_1,automatic
0.00074755081499122656,1.3280000004528558e-06,517578124.82350278,519513322.87969553,402.62282523176401,416.82582065185704,416.82582065185704,416.82582065185704,candidate,refined,strongest_peak,1,measured,quality_gated_measurement,false,pdv_channel_1,automatic
0.00074755401499122765,1.331200000453947e-06,507812499.82683295,511158411.30897456,396.14776876445529,410.12234892444206,410.12234892444206,410.12234892444206,candidate,refined,strongest_peak,1,measured,quality_gated_measurement,false,pdv_channel_1,automatic
0.00074755721499122874,1.3344000004550383e-06,507812499.82683295,506652374.69323087,392.65559038725394,406.50697983278235,406.50697983278235,406.50697983278235,candidate,refined,strongest_peak,1,measured,quality_gated_measurement,false,pdv_channel_1,automatic
0.00074756041499122983,1.3376000004561295e-06,507812499.82683295,505061791.48421085,391.42288840026339,405.23079282810687,405.23079282810687,405.23079282810687,candidate,refined,strongest_peak,1,measured,quality_gated_measurement,false,pdv_channel_1,automatic
0.00074756361499123093,1.3408000004572207e-06,507812499.82683295,503715958.43846267,390.37986778980854,404.15097843442618,404.15097843442618,404.15097843442618,candidate,refined,strongest_peak,1,measured,quality_gated_measurement,false,pdv_channel_1,automatic
0.00074756681499123202,1.3440000004583119e-06,498046874.83016306,501532321.83220619,388.68754941995979,402.39896153645134,402.39896153645134,402.39896153645134,candidate,refined,strongest_peak,1,measured,quality_gated_measurement,false,pdv_channel_1,automatic
0.00074757001499123311,1.3472000004594031e-06,498046874.83016306,501674127.28631127,388.79744864689121,402.51273758833895,402.51273758833895,402.51273758833895,candidate,refined,strongest_peak,1,measured,quality_gated_measurement,false,pdv_channel_1,automatic
0.0007475732149912342,1.3504000004604944e-06,507812499.82683295,503634506.83374566,390.31674279615288,404.08562663210591,404.08562663210591,404.08562663210591,candidate,refined,strongest_peak,1,measured,quality_gated_measurement,false,pdv_channel_1,automatic
0.00074757641499123529,1.3536000004615856e-06,507812499.82683295,504591197.45933276,391.0581780309829,404.85321687004222,404.85321687004222,404.85321687004222,candidate,refined,strongest_peak,1,measured,quality_gated_measurement,false,pdv_channel_1,automatic
0.00074757961499123638,1.3568000004626768e-06,507812499.82683295,504257795.77074826,390.79979172232987,404.58571567934968,404.58571567934968,404.58571567934968,candidate,refined,strongest_peak,1,measured,quality_gated_measurement,false,pdv_channel_1,automatic
0.00074758281499123747,1.360000000463768e-06,507812499.82683295,504342309.92428058,390.86529019131746,404.65352468414585,404.65352468414585,404.65352468414585,candidate,refined,strongest_peak,1,measured,quality_gated_measurement,false,pdv_channel_1,automatic
0.00074758601499123856,1.3632000004648592e-06,507812499.82683295,504642803.73306501,391.09817289312537,404.89462259815707,404.89462259815707,404.89462259815707,candidate,refined,strongest_peak,1,measured,quality_gated_measurement,false,pdv_channel_1,automatic
0.00074758921499123966,1.3664000004659504e-06,507812499.82683295,503773778.57153052,390.42467839293613,404.19736978447401,404.19736978447401,404.19736978447401,candidate,refined,strongest_peak,1,measured,quality_gated_measurement,false,pdv_channel_1,automatic
0.00074759241499124075,1.3696000004670417e-06,507812499.82683295,502957487.06206071,389.79205247309704,403.54242723855458,403.54242723855458,403.54242723855458,candidate,refined,strongest_peak,1,measured,quality_gated_measurement,false,pdv_channel_1,automatic
0.00074759561499124184,1.3728000004681329e-06,507812499.82683295,504475678.04888189,390.96865048788345,404.76053113718075,404.76053113718075,404.76053113718075,candidate,refined,strongest_peak,1,measured,quality_gated_measurement,false,pdv_channel_1,automatic
0.00074759881499124293,1.3760000004692241e-06,507812499.82683295,505903713.27133954,392.07537778528814,405.90629954639343,405.90629954639343,405.90629954639343,candidate,refined,strongest_peak,1,measured,quality_gated_measurement,false,pdv_channel_1,automatic
0.00074760201499124402,1.3792000004703153e-06,507812499.82683295,505310636.6321916,391.61574338994848,405.43045100520106,405.43045100520106,405.43045100520106,candidate,refined,strongest_peak,1,measured,quality_gated_measurement,false,pdv_channel_1,automatic
0.00074760521499124511,1.3824000004714065e-06,498046874.83016306,502579513.16737634,389.49912270471668,403.23916402681732,403.23916402681732,403.23916402681732,candidate,refined,strongest_peak,1,measured,quality_gated_measurement,false,pdv_channel_1,automatic
0.0007476084149912462,1.3856000004724978e-06,498046874.83016306,501900410.33146429,388.97281800688484,402.69429330951408,402.69429330951408,402.69429330951408,candidate,refined,strongest_peak,1,measured,quality_gated_measurement,false,pdv_channel_1,automatic
0.00074761161499124729,1.388800000473589e-06,498046874.83016306,502205761.66951632,389.20946529387516,402.93928860889383,402.93928860889383,402.93928860889383,candidate,refined,strongest_peak,1,measured,quality_gated_measurement,false,pdv_channel_1,automatic
0.00074761481499124839,1.3920000004746802e-06,498046874.83016306,500769030.14576095,388.09599836296474,401.78654281764796,401.78654281764796,401.78654281764796,candidate,refined,strongest_peak,1,measured,quality_gated_measurement,false,pdv_channel_1,automatic
0.00074761801499124948,1.3952000004757714e-06,498046874.83016306,nan,nan,nan,nan,nan,candidate,refined,strongest_peak,1,ambiguous_peak,ambiguous_peak,false,pdv_channel_1,automatic
0.00074762121499125057,1.3984000004768626e-06,507812499.82683295,nan,nan,nan,nan,nan,candidate,refined,strongest_peak,1,ambiguous_peak,ambiguous_peak,false,pdv_channel_1,automatic
0.00074762441499125166,1.4016000004779539e-06,527343749.82017267,nan,nan,nan,nan,nan,candidate,refined,strongest_peak,1,ambiguous_peak,ambiguous_peak,false,pdv_channel_1,automatic
0.00074762761499125275,1.4048000004790451e-06,517578124.82350278,518397837.27922094,401.75832389139623,415.93082300624167,415.93082300624167,415.93082300624167,candidate,refined,strongest_peak,1,measured,quality_gated_measurement,false,pdv_channel_1,automatic
0.00074763081499125384,1.4080000004801363e-06,507812499.82683295,505701452.3523587,391.91862557307797,405.74401771486566,405.74401771486566,405.74401771486566,candidate,refined,strongest_peak,1,measured,quality_gated_measurement,false,pdv_channel_1,automatic
0.00074763401499125493,1.4112000004812275e-06,498046874.83016306,500586517.00885791,387.95455068186487,401.64010540263104,401.64010540263104,401.64010540263104,candidate,refined,strongest_peak,1,measured,quality_gated_measurement,false,pdv_channel_1,automatic
0.00074763721499125602,1.4144000004823187e-06,498046874.83016306,500620807.48296726,387.9811257992996,401.66761798870283,401.66761798870283,401.66761798870283,candidate,refined,strongest_peak,1,measured,quality_gated_measurement,false,pdv_channel_1,automatic
0.00074764041499125712,1.4176000004834099e-06,507812499.82683295,503527769.48465264,390.23402135060581,403.999987089922,403.999987089922,403.999987089922,candidate,refined,strongest_peak,1,measured,quality_gated_measurement,false,pdv_channel_1,automatic
0.00074764361499125821,1.4208000004845012e-06,507812499.82683295,506212195.45047569,392.31445147411864,406.15380684180241,406.15380684180241,406.15380684180241,candidate,refined,strongest_peak,1,measured,quality_gated_measurement,false,pdv_channel_1,automatic
0.0007476468149912593,1.4240000004855924e-06,507812499.82683295,507756447.98573107,393.51124718894158,407.39282093817548,407.39282093817548,407.39282093817548,candidate,refined,strongest_peak,1,measured,quality_gated_measurement,false,pdv_channel_1,automatic
0.00074765001499126039,1.4272000004866836e-06,507812499.82683295,508333092.35949242,393.9581465786066,407.85548523133548,407.85548523133548,407.85548523133548,candidate,refined,strongest_peak,1,measured,quality_gated_measurement,false,pdv_channel_1,automatic
0.00074765321499126148,1.4304000004877748e-06,507812499.82683295,506936685.54092103,392.87593129421379,406.73509352532784,406.73509352532784,406.73509352532784,candidate,refined,strongest_peak,1,measured,quality_gated_measurement,false,pdv_channel_1,automatic
0.00074765641499126257,1.433600000488866e-06,507812499.82683295,505952838.43170649,392.11344978457254,405.94571458039314,405.94571458039314,405.94571458039314,candidate,refined,strongest_peak,1,measured,quality_gated_measurement,false,pdv_channel_1,automatic
0.00074765961499126366,1.4368000004899573e-06,507812499.82683295,507667596.98486012,393.44238766326657,407.3215323114498,407.3215323114498,407.3215323114498,candidate,refined,strongest_peak,1,measured,quality_gated_measurement,false,pdv_channel_1,automatic
0.00074766281499126475,1.4400000004910485e-06,507812499.82683295,508154521.88024551,393.81975445719024,407.71221116447668,407.71221116447668,407.71221116447668,candidate,refined,strongest_peak,1,measured,quality_gated_measurement,false,pdv_channel_1,automatic
0.00074766601499126584,1.4432000004921397e-06,507812499.82683295,507248694.05527878,393.11773789284103,406.9854301371526,406.9854301371526,406.9854301371526,candidate,refined,strongest_peak,1,measured,quality_gated_measurement,false,pdv_channel_1,automatic
0.00074766921499126694,1.4464000004932309e-06,507812499.82683295,506972957.62651831,392.90404216055168,406.76419603565819,406.76419603565819,406.76419603565819,candidate,refined,strongest_peak,1,measured,quality_gated_measurement,false,pdv_channel_1,automatic
0.00074767241499126803,1.4496000004943221e-06,507812499.82683295,510778881.87358516,395.85363345202848,409.81783764166909,409.81783764166909,409.81783764166909,candidate,refined,strongest_peak,1,measured,quality_gated_measurement,false,pdv_channel_1,automatic
0.00074767561499126912,1.4528000004954134e-06,517578124.82350278,517990360.18703628,401.44252914495308,415.60388822735047,415.60388822735047,415.60388822735047,candidate,refined,strongest_peak,1,measured,quality_gated_measurement,false,pdv_channel_1,automatic
0.00074767881499127021,1.4560000004965046e-06,517578124.82350278,520536677.29097581,403.41592490050624,417.64689784759702,417.64689784759702,417.64689784759702,candidate,refined,strongest_peak,1,measured,quality_gated_measurement,false,pdv_channel_1,automatic
0.0007476820149912713,1.4592000004975958e-06,517578124.82350278,514692339.91709685,398.88656343575008,412.9577578106676,412.9577578106676,412.9577578106676,candidate,refined,strongest_peak,1,measured,quality_gated_measurement,false,pdv_channel_1,automatic
0.00074768521499127239,1.462400000498687e-06,507812499.82683295,508667176.44449741,394.21706174448548,408.1235339353168,408.1235339353168,408.1235339353168,candidate,refined,strongest_peak,1,measured,quality_gated_measurement,false,pdv_channel_1,automatic
0.00074768841499127348,1.4656000004997782e-06,507812499.82683295,506165741.46699011,392.27844963691734,406.11653499729692,406.11653499729692,406.11653499729692,candidate,refined,strongest_peak,1,measured,quality_gated_measurement,false,pdv_channel_1,automatic
0.00074769161499127457,1.4688000005008695e-06,507812499.82683295,505175026.88620371,391.5106458368079,405.32164601181523,405.32164601181523,405.32164601181523,candidate,refined,strongest_peak,1,measured,quality_gated_measurement,false,pdv_channel_1,automatic
0.00074769481499127567,1.4720000005019607e-06,507812499.82683295,507409636.40729141,393.24246821565083,407.11456046933245,407.11456046933245,407.11456046933245,candidate,refined,strongest_peak,1,measured,quality_gated_measurement,false,pdv_channel_1,automatic
0.00074769801499127676,1.4752000005030519e-06,507812499.82683295,512453234.46488184,397.15125671028341,411.16123609208654,411.16123609208654,411.16123609208654,candidate,refined,strongest_peak,1,measured,quality_gated_measurement,false,pdv_channel_1,automatic
0.00074770121499127785,1.4784000005041431e-06,517578124.82350278,514524663.38050371,398.7566141198904,412.82322437929753,412.82322437929753,412.82322437929753,candidate,refined,strongest_peak,1,measured,quality_gated_measurement,false,pdv_channel_1,automatic
0.00074770441499127894,1.4816000005052343e-06,507812499.82683295,511388752.01812577,396.32628281404749,410.30716026785342,410.30716026785342,410.30716026785342,candidate,refined,strongest_peak,1,measured,quality_gated_measurement,false,pdv_channel_1,automatic
0.00074770761499128003,1.4848000005063255e-06,507812499.82683295,508961674.85794538,394.44529801490768,408.35982150959052,408.35982150959052,408.35982150959052,candidate,refined,strongest_peak,1,measured,quality_gated_measurement,false,pdv_channel_1,automatic
0.00074771081499128112,1.4880000005074168e-06,507812499.82683295,509483788.41797805,394.84993602393297,408.77873360202295,408.77873360202295,408.77873360202295,candidate,refined,strongest_peak,1,measured,quality_gated_measurement,false,pdv_channel_1,automatic
0.00074771401499128221,1.491200000508508e-06,507812499.82683295,510101479.71460843,395.32864677882151,409.27433144386521,409.27433144386521,409.27433144386521,candidate,refined,strongest_peak,1,measured,quality_gated_measurement,false,pdv_channel_1,automatic
0.0007477172149912833,1.4944000005095992e-06,507812499.82683295,510220002.92352355,395.42050226573076,409.36942724150231,409.36942724150231,409.36942724150231,candidate,refined,strongest_peak,1,measured,quality_gated_measurement,false,pdv_channel_1,automatic
0.0007477204149912844,1.4976000005106904e-06,507812499.82683295,510312536.52985901,395.49221581064074,409.44367056636037,409.44367056636037,409.44367056636037,candidate,refined,strongest_peak,1,measured,quality_gated_measurement,false,pdv_channel_1,automatic
0.00074772361499128549,1.5008000005117816e-06,507812499.82683295,511149961.11260718,396.14121986227059,410.11556900200242,410.11556900200242,410.11556900200242,candidate,refined,strongest_peak,1,measured,quality_gated_measurement,false,pdv_channel_1,automatic
0.00074772681499128658,1.5040000005128729e-06,507812499.82683295,512209728.72062832,396.96253975848697,410.96586192705212,410.96586192705212,410.96586192705212,candidate,refined,strongest_peak,1,measured,quality_gated_measurement,false,pdv_channel_1,automatic
0.00074773001499128767,1.5072000005139641e-06,507812499.82683295,512008497.74925894,396.80658575567566,410.80440646270193,410.80440646270193,410.80440646270193,candidate,refined,strongest_peak,1,measured,quality_gated_measurement,false,pdv_channel_1,automatic
0.00074773321499128876,1.5104000005150553e-06,507812499.82683295,511159336.7364828,396.14848597077417,410.12309143106046,410.12309143106046,410.12309143106046,candidate,refined,strongest_peak,1,measured,quality_gated_measurement,false,pdv_channel_1,automatic
0.00074773641499128985,1.5136000005161465e-06,507812499.82683295,511106681.82382071,396.10767841346103,410.08084433899342,410.08084433899342,410.08084433899342,candidate,refined,strongest_peak,1,measured,quality_gated_measurement,false,pdv_channel_1,automatic
0.00074773961499129094,1.5168000005172377e-06,507812499.82683295,512283231.7995044,397.01950464461589,411.02483631678115,411.02483631678115,411.02483631678115,candidate,refined,strongest_peak,1,measured,quality_gated_measurement,false,pdv_channel_1,automatic
0.00074774281499129203,1.520000000518329e-06,517578124.82350278,513882199.39464891,398.25870453085292,412.30775044176926,412.30775044176926,412.30775044176926,candidate,refined,strongest_peak,1,measured,quality_gated_measurement,false,pdv_channel_1,automatic
0.00074774601499129313,1.5232000005194202e-06,517578124.82350278,514122222.12409031,398.44472214616997,412.50033004804368,412.50033004804368,412.50033004804368,candidate,refined,strongest_peak,1,measured,quality_gated_measurement,false,pdv_channel_1,automatic
0.00074774921499129422,1.5264000005205114e-06,517578124.82350278,514026950.77476388,398.37088685044199,412.42389012510296,412.42389012510296,412.42389012510296,candidate,refined,strongest_peak,1,measured,quality_gated_measurement,false,pdv_channel_1,automatic
0.00074775241499129531,1.5296000005216026e-06,517578124.82350278,515023811.34854692,399.14345379512383,413.22371028070427,413.22371028070427,413.22371028070427,candidate,refined,strongest_peak,1,measured,quality_gated_measurement,false,pdv_channel_1,automatic
0.0007477556149912964,1.5328000005226938e-06,517578124.82350278,515389999.29101056,399.42724945053317,413.51751716285344,413.51751716285344,413.51751716285344,candidate,refined,strongest_peak,1,measured,quality_gated_measurement,false,pdv_channel_1,automatic
0.00074775881499129749,1.536000000523785e-06,517578124.82350278,513823537.25722772,398.21324137435147,412.26068351875705,412.26068351875705,412.26068351875705,candidate,refined,strongest_peak,1,measured,quality_gated_measurement,false,pdv_channel_1,automatic
0.00074776201499129858,1.5392000005248763e-06,507812499.82683295,512230841.2981028,396.97890200602967,410.98280137219103,410.98280137219103,410.98280137219103,candidate,refined,strongest_peak,1,measured,quality_gated_measurement,false,pdv_channel_1,automatic
0.00074776521499129967,1.5424000005259675e-06,507812499.82683295,511012182.09701341,396.03444112518537,410.00502351892379,410.00502351892379,410.00502351892379,candidate,refined,strongest_peak,1,measured,quality_gated_measurement,false,pdv_channel_1,automatic
0.00074776841499130076,1.5456000005270587e-06,507812499.82683295,510807370.01340246,395.87571176038688,409.84069478841633,409.84069478841633,409.84069478841633,candidate,refined,strongest_peak,1,measured,quality_gated_measurement,false,pdv_channel_1,automatic
0.00074777161499130186,1.5488000005281499e-06,507812499.82683295,509991496.18426239,395.24340954280336,409.18608736373164,409.18608736373164,409.18608736373164,candidate,refined,strongest_peak,1,measured,quality_gated_measurement,false,pdv_channel_1,automatic
0.00074777481499130295,1.5520000005292411e-06,507812499.82683295,508223208.91063917,393.87298690574534,407.76732145049067,407.76732145049067,407.76732145049067,candidate,refined,strongest_peak,1,measured,quality_gated_measurement,false,pdv_channel_1,automatic
0.00074777801499130404,1.5552000005303324e-06,507812499.82683295,510250353.06928569,395.44402362869641,409.39377834831146,409.39377834831146,409.39377834831146,candidate,refined,strongest_peak,1,measured,quality_gated_measurement,false,pdv_channel_1,automatic
0.00074778121499130513,1.5584000005314236e-06,517578124.82350278,514948343.87507772,399.08496650318523,413.16315978050352,413.16315978050352,413.16315978050352,candidate,refined,strongest_peak,1,measured,quality_gated_measurement,false,pdv_channel_1,automatic
0.00074778441499130622,1.5616000005325148e-06,517578124.82350278,514206355.03518516,398.50992515226847,412.56783316714859,412.56783316714859,412.56783316714859,candidate,refined,strongest_peak,1,measured,quality_gated_measurement,false,pdv_channel_1,automatic
0.00074778761499130731,1.564800000533606e-06,507812499.82683295,508735912.67482173,394.27033232298686,408.1786836963559,408.1786836963559,408.1786836963559,candidate,refined,strongest_peak,1,measured,quality_gated_measurement,false,pdv_channel_1,automatic
0.0007477908149913084,1.5680000005346972e-06,507812499.82683295,505436405.62894446,391.71321436243193,405.53136038129458,405.53136038129458,405.53136038129458,candidate,refined,strongest_peak,1,measured,quality_gated_measurement,false,pdv_channel_1,automatic
0.00074779401499130949,1.5712000005357885e-06,507812499.82683295,506844015.30906981,392.80411186452909,406.66074058048463,406.66074058048463,406.66074058048463,candidate,refined,strongest_peak,1,measured,quality_gated_measurement,false,pdv_channel_1,automatic
0.00074779721499131058,1.5744000005368797e-06,517578124.82350278,513085215.73372096,397.64104219363372,411.66829933650979,411.66829933650979,411.66829933650979,candidate,refined,strongest_peak,1,measured,quality_gated_measurement,false,pdv_channel_1,automatic
0.00074780041499131168,1.5776000005379709e-06,517578124.82350278,517716798.59144658,401.2305189083711,415.38439907941404,415.38439907941404,415.38439907941404,candidate,refined,strongest_peak,1,measured,quality_gated_measurement,false,pdv_channel_1,automatic
0.00074780361499131277,1.5808000005390621e-06,517578124.82350278,520807811.4494192,403.6260538732999,417.86443936794433,417.86443936794433,417.86443936794433,candidate,refined,strongest_peak,1,measured,quality_gated_measurement,false,pdv_channel_1,automatic
0.00074780681499131386,1.5840000005401533e-06,527343749.82017267,524413384.78168035,406.42037320580226,420.75733161334341,420.75733161334341,420.75733161334341,candidate,refined,strongest_peak,1,measured,quality_gated_measurement,false,pdv_channel_1,automatic
0.00074781001499131495,1.5872000005412445e-06,517578124.82350278,519268756.07448655,402.43328595772709,416.6295951561944,416.6295951561944,416.6295951561944,candidate,refined,strongest_peak,1,measured,quality_gated_measurement,false,pdv_channel_1,automatic
0.00074781321499131604,1.5904000005423358e-06,507812499.82683295,507624976.90804088,393.40935710373168,407.28733655993767,407.28733655993767,407.28733655993767,candidate,refined,strongest_peak,1,measured,quality_gated_measurement,false,pdv_channel_1,automatic
0.00074781641499131713,1.593600000543427e-06,498046874.83016306,502375493.30646855,389.34100731251311,403.07547092751275,403.07547092751275,403.07547092751275,candidate,refined,strongest_peak,1,measured,quality_gated_measurement,false,pdv_channel_1,automatic
0.00074781961499131822,1.5968000005445182e-06,498046874.83016306,500383590.9956404,387.7972830216213,401.47728994003205,401.47728994003205,401.47728994003205,candidate,refined,strongest_peak,1,measured,quality_gated_measurement,false,pdv_channel_1,automatic
0.00074782281499131931,1.6000000005456094e-06,507812499.82683295,505216757.08752114,391.54298674282887,405.35512778147165,405.35512778147165,405.35512778147165,candidate,refined,strongest_peak,1,measured,quality_gated_measurement,false,pdv_channel_1,automatic
0.00074782601499132041,1.6032000005467006e-06,517578124.82350278,515884881.8595283,399.81078344113445,413.91458076770056,413.91458076770056,413.91458076770056,candidate,refined,strongest_peak,1,measured,quality_gated_measurement,false,pdv_channel_1,automatic
0.0007478292149913215,1.6064000005477919e-06,507812499.82683295,512129352.17569941,396.90024793616703,410.90137268716995,410.90137268716995,410.90137268716995,candidate,refined,strongest_peak,1,measured,quality_gated_measurement,false,pdv_channel_1,automatic
0.00074783241499132259,1.6096000005488831e-06,498046874.83016306,493280627.8401677,382.29248657612999,395.77830530200879,395.77830530200879,395.77830530200879,candidate,refined,strongest_peak,1,measured,quality_gated_measurement,false,pdv_channel_1,automatic
0.00074783561499132368,1.6128000005499743e-06,488281249.83349323,490632165.66735721,380.23992839220182,393.65334070528218,393.65334070528218,393.65334070528218,candidate,refined,strongest_peak,1,measured,quality_gated_measurement,false,pdv_channel_1,automatic
0.00074783881499132477,1.6160000005510655e-06,498046874.83016306,501399414.15323365,388.58454596875606,402.29232451692008,402.29232451692008,402.29232451692008,candidate,refined,strongest_peak,1,measured,quality_gated_measurement,false,pdv_channel_1,automatic
0.00074784201499132586,1.6192000005521567e-06,507812499.82683295,507304470.3704195,393.16096453707513,407.03018165228724,407.03018165228724,407.03018165228724,candidate,refined,strongest_peak,1,measured,quality_gated_measurement,false,pdv_channel_1,automatic
0.00074784521499132695,1.622400000553248e-06,507812499.82683295,506215989.04856706,392.31739151263946,406.15685059365251,406.15685059365251,406.15685059365251,candidate,refined,strongest_peak,1,measured,quality_gated_measurement,false,pdv_channel_1,automatic
0.00074784841499132804,1.6256000005543392e-06,498046874.83016306,502916057.48225605,389.75994454874842,403.50918666927402,403.50918666927402,403.50918666927402,candidate,refined,strongest_peak,1,measured,quality_gated_measurement,false,pdv_channel_1,automatic
0.00074785161499132914,1.6288000005554304e-06,498046874.83016306,500852557.43910831,388.16073201530895,401.85356002599087,401.85356002599087,401.85356002599087,candidate,refined,strongest_peak,1,measured,quality_gated_measurement,false,pdv_channel_1,automatic
0.00074785481499133023,1.6320000005565216e-06,498046874.83016306,498528863.15405488,386.35986894439253,399.98916938449094,399.98916938449094,399.98916938449094,candidate,refined,strongest_peak,1,measured,quality_gated_measurement,false,pdv_channel_1,automatic
0.00074785801499133132,1.6352000005576128e-06,498046874.83016306,497890752.97997278,385.86533355947893,399.47718868011998,399.47718868011998,399.47718868011998,candidate,refined,strongest_peak,1,measured,quality_gated_measurement,false,pdv_channel_1,automatic
0.00074786121499133241,1.6384000005587041e-06,498046874.83016306,497731538.61781585,385.74194242880731,399.34944478166176,399.34944478166176,399.34944478166176,candidate,refined,strongest_peak,1,measured,quality_gated_measurement,false,pdv_channel_1,automatic
0.0007478644149913335,1.6416000005597953e-06,498046874.83016306,497230482.23844033,385.35362373479126,398.94742768733903,398.94742768733903,398.94742768733903,candidate,refined,strongest_peak,1,measured,quality_gated_measurement,false,pdv_channel_1,automatic
0.00074786761499133459,1.6448000005608865e-06,498046874.83016306,498392583.11494237,386.25425191408033,399.87982658876308,399.87982658876308,399.87982658876308,candidate,refined,strongest_peak,1,measured,quality_gated_measurement,false,pdv_channel_1,automatic
0.00074787081499133568,1.6480000005619777e-06,507812499.82683295,505174656.22593433,391.51035857509908,405.32134861661058,405.32134861661058,405.32134861661058,candidate,refined,strongest_peak,1,measured,quality_gated_measurement,false,pdv_channel_1,automatic
0.00074787401499133677,1.6512000005630689e-06,507812499.82683295,512566632.18019605,397.23913993965192,411.25221950610927,411.25221950610927,411.25221950610927,candidate,refined,strongest_peak,1,measured,quality_gated_measurement,false,pdv_channel_1,automatic
0.00074787721499133787,1.6544000005641601e-06,507812499.82683295,511283161.20489681,396.24444993379501,410.22244063615369,410.22244063615369,410.22244063615369,candidate,refined,strongest_peak,1,measured,quality_gated_measurement,false,pdv_channel_1,automatic
0.00074788041499133896,1.6576000005652514e-06,498046874.83016306,501458706.13794065,388.63049725690399,402.33989679099881,402.33989679099881,402.33989679099881,candidate,refined,strongest_peak,1,measured,quality_gated_measurement,false,pdv_channel_1,automatic
0.00074788361499134005,1.6608000005663426e-06,488281249.83349323,492828495.54441649,381.94208404692279,395.4155419099651,395.4155419099651,395.4155419099651,candidate,refined,strongest_peak,1,measured,quality_gated_measurement,false,pdv_channel_1,automatic
0.00074788681499134114,1.6640000005674338e-06,498046874.83016306,493991265.0469451,382.84323041138242,396.34847727615335,396.34847727615335,396.34847727615335,candidate,refined,strongest_peak,1,measured,quality_gated_measurement,false,pdv_channel_1,automatic
0.00074789001499134223,1.667200000568525e-06,498046874.83016306,498683909.99331367,386.48003024481807,400.11356951662862,400.11356951662862,400.11356951662862,candidate,refined,strongest_peak,1,measured,quality_gated_measurement,false,pdv_channel_1,automatic
0.00074789321499134332,1.6704000005696162e-06,498046874.83016306,494908814.25652033,383.55433104880325,397.08466282794956,397.08466282794956,397.08466282794956,candidate,refined,strongest_peak,1,measured,quality_gated_measurement,false,pdv_channel_1,automatic
0.00074789641499134441,1.6736000005707075e-06,478515624.83682334,482893905.29912364,374.24277660682083,387.44463231157346,387.44463231157346,387.44463231157346,candidate,refined,strongest_peak,1,measured,quality_gated_measurement,false,pdv_channel_1,automatic
0.0007478996149913455,1.6768000005717987e-06,478515624.83682334,480522427.27202296,372.40488113581779,385.54190290836044,385.54190290836044,385.54190290836044,candidate,refined,strongest_peak,1,measured,quality_gated_measurement,false,pdv_channel_1,automatic
0.0007479028149913466,1.6800000005728899e-06,488281249.83349323,490388044.2072354,380.05073426060744,393.45747252736913,393.45747252736913,393.45747252736913,candidate,refined,strongest_peak,1,measured,quality_gated_measurement,false,pdv_channel_1,automatic
0.00074790601499134769,1.6832000005739811e-06,498046874.83016306,501678708.34444237,388.80099896694281,402.5164131501212,402.5164131501212,402.5164131501212,candidate,refined,strongest_peak,1,measured,quality_gated_measurement,false,pdv_channel_1,automatic
0.00074790921499134878,1.6864000005750723e-06,498046874.83016306,502663602.58155274,389.56429200070335,403.30663224664642,403.30663224664642,403.30663224664642,candidate,refined,strongest_peak,1,measured,quality_gated_measurement,false,pdv_channel_1,automatic
0.00074791241499134987,1.6896000005761636e-06,498046874.83016306,495115419.69131625,383.71445026077009,397.25043043412484,397.25043043412484,397.25043043412484,candidate,refined,strongest_peak,1,measured,quality_gated_measurement,false,pdv_channel_1,automatic
0.00074791561499135096,1.6928000005772548e-06,488281249.83349323,489723598.14783323,379.53578856457074,392.92436151405764,392.92436151405764,392.92436151405764,candidate,refined,strongest_peak,1,measured,quality_gated_measurement,false,pdv_channel_1,automatic
0.00074791881499135205,1.696000000578346e-06,498046874.83016306,494799924.39998668,383.4699414099897,396.99729624501248,396.99729624501248,396.99729624501248,candidate,refined,strongest_peak,1,measured,quality_gated_measurement,false,pdv_channel_1,automatic
0.00074792201499135314,1.6992000005794372e-06,498046874.83016306,502800583.61353129,389.67045230048677,403.41653747631739,403.41653747631739,403.41653747631739,candidate,refined,strongest_peak,1,measured,quality_gated_measurement,false,pdv_channel_1,automatic
0.00074792521499135423,1.7024000005805284e-06,507812499.82683295,506313351.35161519,392.39284729750176,406.23496817039461,406.23496817039461,406.23496817039461,candidate,refined,strongest_peak,1,measured,quality_gated_measurement,false,pdv_channel_1,automatic
0.00074792841499135532,1.7056000005816196e-06,507812499.82683295,508040983.24502128,393.7317620148915,407.62111468490866,407.62111468490866,407.62111468490866,candidate,refined,strongest_peak,1,measured,quality_gated_measurement,false,pdv_channel_1,automatic
0.00074793161499135642,1.7088000005827109e-06,507812499.82683295,508977712.78766644,394.45772741044146,408.37268936672353,408.37268936672353,408.37268936672353,candidate,refined,strongest_peak,1,measured,quality_gated_measurement,false,pdv_channel_1,automatic
0.00074793481499135751,1.7120000005838021e-06,507812499.82683295,505855775.51084155,392.03822602090219,405.86783720966446,405.86783720966446,405.86783720966446,candidate,refined,strongest_peak,1,measured,quality_gated_measurement,false,pdv_channel_1,automatic
0.0007479380149913586,1.7152000005848933e-06,498046874.83016306,500752981.96573007,388.08356102344078,401.77366673629115,401.77366673629115,401.77366673629115,candidate,refined,strongest_peak,1,measured,quality_gated_measurement,false,pdv_channel_1,automatic
0.00074794121499135969,1.7184000005859845e-06,498046874.83016306,499525813.11895263,387.1325051671883,400.7890612620734,400.7890612620734,400.7890612620734,candidate,refined,strongest_peak,1,measured,quality_gated_measurement,false,pdv_channel_1,automatic
0.00074794441499136078,1.7216000005870757e-06,498046874.83016306,499896441.47104287,387.41974214005825,401.08643085821876,401.08643085821876,401.08643085821876,candidate,refined,strongest_peak,1,measured,quality_gated_measurement,false,pdv_channel_1,automatic
0.00074794761499136187,1.724800000588167e-06,498046874.83016306,501607653.26676756,388.74593128174484,402.45940288732544,402.45940288732544,402.45940288732544,candidate,refined,strongest_peak,1,measured,quality_gated_measurement,false,pdv_channel_1,automatic
0.00074795081499136296,1.7280000005892582e-06,507812499.82683295,504534706.35504717,391.01439742516158,404.80789185167146,404.80789185167146,404.80789185167146,candidate,refined,strongest_peak,1,measured,quality_gated_measurement,false,pdv_channel_1,automatic
0.00074795401499136405,1.7312000005903494e-06,507812499.82683295,507718423.8206858,393.48177846103147,407.36231266610315,407.36231266610315,407.36231266610315,candidate,refined,strongest_peak,1,measured,quality_gated_measurement,false,pdv_channel_1,automatic
0.00074795721499136515,1.7344000005914406e-06,507812499.82683295,509854668.53400636,395.1373681138549,409.07630519820464,409.07630519820464,409.07630519820464,candidate,refined,strongest_peak,1,measured,quality_gated_measurement,false,pdv_channel_1,automatic
0.00074796041499136624,1.7376000005925318e-06,517578124.82350278,513661613.12928265,398.08775017519406,412.13076546941829,412.13076546941829,412.13076546941829,candidate,refined,strongest_peak,1,measured,quality_gated_measurement,false,pdv_channel_1,automatic
0.00074796361499136733,1.7408000005936231e-06,517578124.82350278,514217955.21452099,398.51891529125379,412.57714044389866,412.57714044389866,412.57714044389866,candidate,refined,strongest_peak,1,measured,quality_gated_measurement,false,pdv_channel_1,automatic
0.00074796681499136842,1.7440000005947143e-06,507812499.82683295,510489054.8097744,395.62901747757513,409.58529807357797,409.58529807357797,409.58529807357797,candidate,refined,strongest_peak,1,measured,quality_gated_measurement,false,pdv_channel_1,automatic
0.00074797001499136951,1.7472000005958055e-06,507812499.82683295,507502704.54941225,393.31459602579451,407.18923267311936,407.18923267311936,407.18923267311936,candidate,refined,strongest_peak,1,measured,quality_gated_measurement,false,pdv_channel_1,automatic
0.0007479732149913706,1.7504000005968967e-06,507812499.82683295,505783727.90864378,391.98238912919891,405.81003060569589,405.81003060569589,405.81003060569589,candidate,refined,strongest_peak,1,measured,quality_gated_measurement,false,pdv_channel_1,automatic
0.00074797641499137169,1.7536000005979879e-06,498046874.83016306,502610184.73234695,389.5228931675689,403.26377302080556,403.26377302080556,403.26377302080556,candidate,refined,strongest_peak,1,measured,quality_gated_measurement,false,pdv_channel_1,automatic
0.00074797961499137278,1.7568000005990791e-06,498046874.83016306,501036088.05814475,388.30296824506217,402.00081380664574,402.00081380664574,402.00081380664574,candidate,refined,strongest_peak,1,measured,quality_gated_measurement,false,pdv_channel_1,automatic
0.00074798281499137388,1.7600000006001704e-06,507812499.82683295,508328281.14623874,393.954417888335,407.85162500711317,407.85162500711317,407.85162500711317,candidate,refined,strongest_peak,1,measured,quality_gated_measurement,false,pdv_channel_1,automatic
0.00074798601499137497,1.7632000006012616e-06,517578124.82350278,518656236.67279375,401.95858342141514,416.1381469275704,416.1381469275704,416.1381469275704,candidate,refined,strongest_peak,1,measured,quality_gated_measurement,false,pdv_channel_1,automatic
0.00074798921499137606,1.7664000006023528e-06,517578124.82350278,521493216.58528435,404.15724285359539,418.41436666654056,418.41436666654056,418.41436666654056,candidate,refined,strongest_peak,1,measured,quality_gated_measurement,false,pdv_channel_1,automatic
0.00074799241499137715,1.769600000603444e-06,517578124.82350278,520269831.65616119,403.20911953352493,417.4327971771803,417.4327971771803,417.4327971771803,candidate,refined,strongest_peak,1,measured,quality_gated_measurement,false,pdv_channel_1,automatic
0.00074799561499137824,1.7728000006045352e-06,517578124.82350278,521395026.29199344,404.0811453762949,418.33558476090207,418.33558476090207,418.33558476090207,candidate,refined,strongest_peak,1,measured,quality_gated_measurement,false,pdv_channel_1,automatic
0.00074799881499137933,1.7760000006056265e-06,517578124.82350278,517009322.45005763,400.68222489879463,414.81676335143794,414.81676335143794,414.81676335143794,candidate,refined,strongest_peak,1,measured,quality_gated_measurement,false,pdv_channel_1,automatic
0.00074800201499138042,1.7792000006067177e-06,507812499.82683295,512155528.35216242,396.92053447292585,410.92237485545934,410.92237485545934,410.92237485545934,candidate,refined,strongest_peak,1,measured,quality_gated_measurement,false,pdv_channel_1,automatic
0.00074800521499138151,1.7824000006078089e-06,517578124.82350278,nan,nan,nan,nan,nan,candidate,refined,strongest_peak,1,ambiguous_peak,ambiguous_peak,false,pdv_channel_1,automatic
0.00074800841499138261,1.7856000006089001e-06,517578124.82350278,nan,nan,nan,nan,nan,candidate,refined,strongest_peak,1,unstable_detection,unstable_detection,false,pdv_channel_1,automatic
0.0007480116149913837,1.7888000006099913e-06,527343749.82017267,nan,nan,nan,nan,nan,candidate,refined,strongest_peak,1,unstable_detection,unstable_detection,false,pdv_channel_1,automatic
0.00074801481499138479,1.7920000006110826e-06,537109374.81684256,nan,nan,nan,nan,nan,candidate,refined,strongest_peak,1,ambiguous_peak,ambiguous_peak,false,pdv_channel_1,automatic
0.00074801801499138588,1.7952000006121738e-06,537109374.81684256,nan,nan,nan,nan,nan,candidate,refined,strongest_peak,1,ambiguous_peak,ambiguous_peak,false,pdv_channel_1,automatic
0.00074802121499138697,1.798400000613265e-06,517578124.82350278,519009602.53763789,402.23244196666934,416.42166615627383,416.42166615627383,416.42166615627383,candidate,refined,strongest_peak,1,measured,quality_gated_measurement,false,pdv_channel_1,automatic
0.00074802441499138806,1.8016000006143562e-06,517578124.82350278,514037818.02525014,398.37930896956885,412.43260934442355,412.43260934442355,412.43260934442355,candidate,refined,strongest_peak,1,measured,quality_gated_measurement,false,pdv_channel_1,automatic
0.00074802761499138915,1.8048000006154474e-06,507812499.82683295,510713030.43915123,395.8025985903422,409.76500246499478,409.76500246499478,409.76500246499478,candidate,refined,strongest_peak,1,measured,quality_gated_measurement,false,pdv_channel_1,automatic
0.00074803081499139024,1.8080000006165386e-06,507812499.82683295,507594196.87613636,393.38550257900567,407.26264053869386,407.26264053869386,407.26264053869386,candidate,refined,strongest_peak,1,measured,quality_gated_measurement,false,pdv_channel_1,automatic
0.00074803401499139134,1.8112000006176299e-06,507812499.82683295,509599252.90128809,394.93942099849829,408.87137526469508,408.87137526469508,408.87137526469508,candidate,refined,strongest_peak,1,measured,quality_gated_measurement,false,pdv_channel_1,automatic
0.00074803721499139243,1.8144000006187211e-06,517578124.82350278,514203003.75984013,398.50732791387611,412.56514430810614,412.56514430810614,412.56514430810614,candidate,refined,strongest_peak,1,measured,quality_gated_measurement,false,pdv_channel_1,automatic
0.00074804041499139352,1.8176000006198123e-06,517578124.82350278,516353196.23883128,400.17372708509424,414.29032767712334,414.29032767712334,414.29032767712334,candidate,refined,strongest_peak,1,measured,quality_gated_measurement,false,pdv_channel_1,automatic
0.00074804361499139461,1.8208000006209035e-06,507812499.82683295,511057163.21719241,396.06930149332413,410.04111362769822,410.04111362769822,410.04111362769822,candidate,refined,strongest_peak,1,measured,quality_gated_measurement,false,pdv_channel_1,automatic
0.0007480468149913957,1.8240000006219947e-06,507812499.82683295,511377014.53064388,396.31718626124899,410.29774282341731,410.29774282341731,410.29774282341731,candidate,refined,strongest_peak,1,measured,quality_gated_measurement,false,pdv_channel_1,automatic
0.00074805001499139679,1.827200000623086e-06,517578124.82350278,519977655.3011477,402.98268285838947,417.19837268104129,417.19837268104129,417.19837268104129,candidate,refined,strongest_peak,1,measured,quality_gated_measurement,false,pdv_channel_1,automatic
0.00074805321499139788,1.8304000006241772e-06,527343749.82017267,524156810.90994191,406.22152845520498,420.55147237945044,420.55147237945044,420.55147237945044,candidate,refined,strongest_peak,1,measured,quality_gated_measurement,false,pdv_channel_1,automatic
0.00074805641499139897,1.8336000006252684e-06,517578124.82350278,521033534.07376409,403.80098890716715,418.0455454416263,418.0455454416263,418.0455454416263,candidate,refined,strongest_peak,1,measured,quality_gated_measurement,false,pdv_channel_1,automatic
0.00074805961499140006,1.8368000006263596e-06,517578124.82350278,516953972.86621875,400.63932897131951,414.77235421948637,414.77235421948637,414.77235421948637,candidate,refined,strongest_peak,1,measured,quality_gated_measurement,false,pdv_channel_1,automatic
0.00074806281499140116,1.8400000006274508e-06,507812499.82683295,509016976.50975889,394.48815679506316,408.40419218380691,408.40419218380691,408.40419218380691,candidate,refined,strongest_peak,1,measured,quality_gated_measurement,false,pdv_channel_1,automatic
0.00074806601499140225,1.8432000006285421e-06,507812499.82683295,503353343.32238871,390.09884107485124,403.86003817037198,403.86003817037198,403.86003817037198,candidate,refined,strongest_peak,1,measured,quality_gated_measurement,false,pdv_channel_1,automatic
0.00074806921499140334,1.8464000006296333e-06,507812499.82683295,508667419.62361974,394.2172502083053,408.12372904742034,408.12372904742034,408.12372904742034,candidate,refined,strongest_peak,1,measured,quality_gated_measurement,false,pdv_channel_1,automatic
0.00074807241499140443,1.8496000006307245e-06,517578124.82350278,519457607.98851675,402.57964619110049,416.78111841956513,416.78111841956513,416.78111841956513,candidate,refined,strongest_peak,1,measured,quality_gated_measurement,false,pdv_channel_1,automatic
0.00074807561499140552,1.8528000006318157e-06,517578124.82350278,519494896.02149761,402.60854441666066,416.81103606414371,416.81103606414371,416.81103606414371,candidate,refined,strongest_peak,1,measured,quality_gated_measurement,false,pdv_channel_1,automatic
0.00074807881499140661,1.8560000006329069e-06,507812499.82683295,508106951.98103523,393.78288778530231,407.67404397722009,407.67404397722009,407.67404397722009,candidate,refined,strongest_peak,1,measured,quality_gated_measurement,false,pdv_channel_1,automatic
0.0007480820149914077,1.8592000006339982e-06,498046874.83016306,502641386.01344073,389.54707416041657,403.28880702671944,403.28880702671944,403.28880702671944,candidate,refined,strongest_peak,1,measured,quality_gated_measurement,false,pdv_channel_1,automatic
0.00074808521499140879,1.8624000006350894e-06,507812499.82683295,503619023.15122026,390.30474294219567,404.07320346913565,404.07320346913565,404.07320346913565,candidate,refined,strongest_peak,1,measured,quality_gated_measurement,false,pdv_channel_1,automatic
0.00074808841499140989,1.8656000006361806e-06,507812499.82683295,510097972.74214488,395.32592887516228,409.27151766294617,409.27151766294617,409.27151766294617,candidate,refined,strongest_peak,1,measured,quality_gated_measurement,false,pdv_channel_1,automatic
0.00074809161499141098,1.8688000006372718e-06,517578124.82350278,519710054.67019165,402.77529236939853,416.98366624774536,416.98366624774536,416.98366624774536,candidate,refined,strongest_peak,1,measured,quality_gated_measurement,false,pdv_channel_1,automatic
0.00074809481499141207,1.872000000638363e-06,517578124.82350278,517560895.98384941,401.10969438748327,415.25931233092939,415.25931233092939,415.25931233092939,candidate,refined,strongest_peak,1,measured,quality_gated_measurement,false,pdv_channel_1,automatic
0.00074809801499141316,1.8752000006394542e-06,498046874.83016306,502921998.04604137,389.76454848568204,403.51395301551753,403.51395301551753,403.51395301551753,candidate,refined,strongest_peak,1,measured,quality_gated_measurement,false,pdv_channel_1,automatic
0.00074810121499141425,1.8784000006405455e-06,498046874.83016306,496061673.27015662,384.44779678437141,398.00964662199584,398.00964662199584,398.00964662199584,candidate,refined,strongest_peak,1,measured,quality_gated_measurement,false,pdv_channel_1,automatic
0.00074810441499141534,1.8816000006416367e-06,507812499.82683295,507800265.80259323,393.54520599700976,407.42797768328359,407.42797768328359,407.42797768328359,candidate,refined,strongest_peak,1,measured,quality_gated_measurement,false,pdv_channel_1,automatic
0.00074810761499141643,1.8848000006427279e-06,517578124.82350278,520719062.1770454,403.55727318721017,417.79323236196336,417.79323236196336,417.79323236196336,candidate,refined,strongest_peak,1,measured,quality_gated_measurement,false,pdv_channel_1,automatic
0.00074811081499141752,1.8880000006438191e-06,517578124.82350278,516801779.76536536,400.52137931815815,414.65024375308082,414.65024375308082,414.65024375308082,candidate,refined,strongest_peak,1,measured,quality_gated_measurement,false,pdv_channel_1,automatic
0.00074811401499141862,1.8912000006449103e-06,507812499.82683295,505279438.67472869,391.59156497291474,405.40541966596601,405.40541966596601,405.40541966596601,candidate,refined,strongest_peak,1,measured,quality_gated_measurement,false,pdv_channel_1,automatic
0.00074811721499141971,1.8944000006460016e-06,507812499.82683295,502987617.48477089,389.81540355069745,403.56660205298118,403.56660205298118,403.56660205298118,candidate,refined,strongest_peak,1,measured,quality_gated_measurement,false,pdv_channel_1,automatic
0.0007481204149914208,1.8976000006470928e-06,507812499.82683295,504123105.80975223,390.69540700255794,404.47764866537096,404.47764866537096,404.47764866537096,candidate,refined,strongest_peak,1,measured,quality_gated_measurement,false,pdv_channel_1,automatic
0.00074812361499142189,1.900800000648184e-06,507812499.82683295,506527248.53418142,392.55861761399058,406.40658623047449,406.40658623047449,406.40658623047449,candidate,refined,strongest_peak,1,measured,quality_gated_measurement,false,pdv_channel_1,automatic
0.00074812681499142298,1.9040000006492752e-06,517578124.82350278,513159093.02054101,397.69829709091925,411.72757396788131,411.72757396788131,411.72757396788131,candidate,refined,strongest_peak,1,measured,quality_gated_measurement,false,pdv_channel_1,automatic
0.00074813001499142407,1.9072000006503664e-06,517578124.82350278,516441287.69249564,400.24199796168409,414.36100688947255,414.36100688947255,414.36100688947255,candidate,refined,strongest_peak,1,measured,quality_gated_measurement,false,pdv_channel_1,automatic
0.00074813321499142516,1.9104000006514577e-06,517578124.82350278,514164883.58127266,398.47778477548633,412.53455900063659,412.53455900063659,412.53455900063659,candidate,refined,strongest_peak,1,measured,quality_gated_measurement,false,pdv_channel_1,automatic
0.00074813641499142625,1.9136000006525489e-06,507812499.82683295,509732302.45236659,395.04253440058409,408.97812611375554,408.97812611375554,408.97812611375554,candidate,refined,strongest_peak,1,measured,quality_gated_measurement,false,pdv_channel_1,automatic
0.00074813961499142735,1.9168000006536401e-06,507812499.82683295,503750048.66579717,390.40628771599279,404.17833035469295,404.17833035469295,404.17833035469295,candidate,refined,strongest_peak,1,measured,quality_gated_measurement,false,pdv_channel_1,automatic
0.00074814281499142844,1.9200000006547313e-06,498046874.83016306,501018516.59733528,388.28935036293484,401.98671553765166,401.98671553765166,401.98671553765166,candidate,refined,strongest_peak,1,measured,quality_gated_measurement,false,pdv_channel_1,automatic
0.00074814601499142953,1.9232000006558225e-06,507812499.82683295,503355634.21683586,390.10061651804779,403.86187624442306,403.86187624442306,403.86187624442306,candidate,refined,strongest_peak,1,measured,quality_gated_measurement,false,pdv_channel_1,automatic
0.00074814921499143062,1.9264000006569137e-06,507812499.82683295,507442166.91120446,393.26767935618346,407.14066096260689,407.14066096260689,407.14066096260689,candidate,refined,strongest_peak,1,measured,quality_gated_measurement,false,pdv_channel_1,automatic
0.00074815241499143171,1.929600000658005e-06,507812499.82683295,506370274.1425404,392.43696246046881,406.2806395478093,406.2806395478093,406.2806395478093,candidate,refined,strongest_peak,1,measured,quality_gated_measurement,false,pdv_channel_1,automatic
0.0007481556149914328,1.9328000006590962e-06,507812499.82683295,504253028.35630476,390.7960969761362,404.58189059662266,404.58189059662266,404.58189059662266,candidate,refined,strongest_peak,1,measured,quality_gated_measurement,false,pdv_channel_1,automatic
0.00074815881499143389,1.9360000006601874e-06,507812499.82683295,503574108.15473998,390.26993381992349,404.03716641398626,404.03716641398626,404.03716641398626,candidate,refined,strongest_peak,1,measured,quality_gated_measurement,false,pdv_channel_1,automatic
0.00074816201499143498,1.9392000006612786e-06,507812499.82683295,505002798.46118796,391.37716880742067,405.18346042265875,405.18346042265875,405.18346042265875,candidate,refined,strongest_peak,1,measured,quality_gated_measurement,false,pdv_channel_1,automatic
0.00074816521499143608,1.9424000006623698e-06,507812499.82683295,507069046.3809706,392.9785109452522,406.8412917946427,406.8412917946427,406.8412917946427,candidate,refined,strongest_peak,1,measured,quality_gated_measurement,false,pdv_channel_1,automatic
0.00074816841499143717,1.9456000006634611e-06,507812499.82683295,510923148.09591991,395.96543977433794,409.93358806397532,409.93358806397532,409.93358806397532,candidate,refined,strongest_peak,1,measured,quality_gated_measurement,false,pdv_channel_1,automatic
0.00074817161499143826,1.9488000006645523e-06,507812499.82683295,511491598.28241557,396.40598866887206,410.3896778407925,410.3896778407925,410.3896778407925,candidate,refined,strongest_peak,1,measured,quality_gated_measurement,false,pdv_channel_1,automatic
0.00074817481499143935,1.9520000006656435e-06,507812499.82683295,508949283.24451286,394.43569451449747,408.34987923436728,408.34987923436728,408.34987923436728,candidate,refined,strongest_peak,1,measured,quality_gated_measurement,false,pdv_channel_1,automatic
0.00074817801499144044,1.9552000006667347e-06,507812499.82683295,511022765.27753353,396.04264309008846,410.01351481782052,410.01351481782052,410.01351481782052,candidate,refined,strongest_peak,1,measured,quality_gated_measurement,false,pdv_channel_1,automatic
0.00074818121499144153,1.9584000006678259e-06,517578124.82350278,516791493.59754187,400.51340753809495,414.64199075906589,414.64199075906589,414.64199075906589,candidate,refined,strongest_peak,1,measured,quality_gated_measurement,false,pdv_channel_1,automatic
0.00074818441499144262,1.9616000006689172e-06,527343749.82017267,524437783.60161901,406.4392822912547,420.77690773910564,420.77690773910564,420.77690773910564,candidate,refined,strongest_peak,1,measured,quality_gated_measurement,false,pdv_channel_1,automatic
0.00074818761499144371,1.9648000006700084e-06,527343749.82017267,527709342.03857243,408.97474007989365,423.40180679411878,423.40180679411878,423.40180679411878,candidate,refined,strongest_peak,1,measured,quality_gated_measurement,false,pdv_channel_1,automatic
0.0007481908149914448,1.9680000006710996e-06,527343749.82017267,523350544.01782829,405.59667161381691,419.90457297539513,419.90457297539513,419.90457297539513,candidate,refined,strongest_peak,1,measured,quality_gated_measurement,false,pdv_channel_1,automatic
0.0007481940149914459,1.9712000006721908e-06,517578124.82350278,514967660.70788747,399.09993704861279,413.17865842959242,413.17865842959242,413.17865842959242,candidate,refined,strongest_peak,1,measured,quality_gated_measurement,false,pdv_channel_1,automatic
0.00074819721499144699,1.974400000673282e-06,507812499.82683295,510283205.98128343,395.46948463549467,409.42013752217895,409.42013752217895,409.42013752217895,candidate,refined,strongest_peak,1,measured,quality_gated_measurement,false,pdv_channel_1,automatic
0.00074820041499144808,1.9776000006743732e-06,507812499.82683295,509898618.58718038,395.17142940506477,409.11156804166825,409.11156804166825,409.11156804166825,candidate,refined,strongest_peak,1,measured,quality_gated_measurement,false,pdv_channel_1,automatic
0.00074820361499144917,1.9808000006754645e-06,507812499.82683295,512247150.79992062,396.99154186993849,410.99588712221947,410.99588712221947,410.99588712221947,candidate,refined,strongest_peak,1,measured,quality_gated_measurement,false,pdv_channel_1,automatic
0.00074820681499145026,1.9840000006765557e-06,507812499.82683295,510712029.83400923,395.80182312135713,409.76419964042589,409.76419964042589,409.76419964042589,candidate,refined,strongest_peak,1,measured,quality_gated_measurement,false,pdv_channel_1,automatic
0.00074821001499145135,1.9872000006776469e-06,507812499.82683295,507665540.56739515,393.44079393973124,407.31988236743547,407.31988236743547,407.31988236743547,candidate,refined,strongest_peak,1,measured,quality_gated_measurement,false,pdv_channel_1,automatic
0.00074821321499145244,1.9904000006787381e-06,507812499.82683295,506498270.18336153,392.53615939210516,406.38333576830217,406.38333576830217,406.38333576830217,candidate,refined,strongest_peak,1,measured,quality_gated_measurement,false,pdv_channel_1,automatic
0.00074821641499145353,1.9936000006798293e-06,507812499.82683295,505740993.29812503,391.94926980604691,405.77574295932533,405.77574295932533,405.77574295932533,candidate,refined,strongest_peak,1,measured,quality_gated_measurement,false,pdv_channel_1,automatic
0.00074821961499145463,1.9968000006809206e-06,507812499.82683295,504929732.80610341,391.32054292473015,405.12483699511455,405.12483699511455,405.12483699511455,candidate,refined,strongest_peak,1,measured,quality_gated_measurement,false,pdv_channel_1,automatic
0.00074822281499145572,2.0000000006820118e-06,507812499.82683295,507159646.90964162,393.04872635497225,406.91398413582363,406.91398413582363,406.91398413582363,candidate,refined,strongest_peak,1,measured,quality_gated_measurement,false,pdv_channel_1,automatic
0.00074822601499145681,2.003200000683103e-06,507812499.82683295,508734771.55889058,394.26944795814018,408.17776813449535,408.17776813449535,408.17776813449535,candidate,refined,strongest_peak,1,measured,quality_gated_measurement,false,pdv_channel_1,automatic
0.0007482292149914579,2.0064000006841942e-06,507812499.82683295,507583507.86789918,393.37721859762183,407.25406433008823,407.25406433008823,407.25406433008823,candidate,refined,strongest_peak,1,measured,quality_gated_measurement,false,pdv_channel_1,automatic
0.00074823241499145899,2.0096000006852854e-06,507812499.82683295,507614208.56642693,393.40101163898089,407.27869669906676,407.27869669906676,407.27869669906676,candidate,refined,strongest_peak,1,measured,quality_gated_measurement,false,pdv_channel_1,automatic
0.00074823561499146008,2.0128000006863767e-06,507812499.82683295,509017401.42094809,394.48848610123474,408.40453310664242,408.40453310664242,408.40453310664242,candidate,refined,strongest_peak,1,measured,quality_gated_measurement,false,pdv_channel_1,automatic
0.00074823881499146117,2.0160000006874679e-06,507812499.82683295,507993900.56612039,393.6952729387433,407.58333841352726,407.58333841352726,407.58333841352726,candidate,refined,strongest_peak,1,measured,quality_gated_measurement,false,pdv_channel_1,automatic
0.00074824201499146226,2.0192000006885591e-06,507812499.82683295,506232558.7778362,392.33023305282308,406.1701451343244,406.1701451343244,406.1701451343244,candidate,refined,strongest_peak,1,measured,quality_gated_measurement,false,pdv_channel_1,automatic
0.00074824521499146336,2.0224000006896503e-06,507812499.82683295,506150027.77788335,392.2662715278596,406.10392729106701,406.10392729106701,406.10392729106701,candidate,refined,strongest_peak,1,measured,quality_gated_measurement,false,pdv_channel_1,automatic
0.00074824841499146445,2.0256000006907415e-06,507812499.82683295,506419375.54423726,392.47501604678388,406.32003551930046,406.32003551930046,406.32003551930046,candidate,refined,strongest_peak,1,measured,quality_gated_measurement,false,pdv_channel_1,automatic
0.00074825161499146554,2.0288000006918328e-06,507812499.82683295,508342896.08200657,393.9657444635551,407.86335114064411,407.86335114064411,407.86335114064411,candidate,refined,strongest_peak,1,measured,quality_gated_measurement,false,pdv_channel_1,automatic
0.00074825481499146663,2.032000000692924e-06,507812499.82683295,511719466.95080024,396.58258688687016,410.57250576938884,410.57250576938884,410.57250576938884,candidate,refined,strongest_peak,1,measured,quality_gated_measurement,false,pdv_channel_1,automatic
0.00074825801499146772,2.0352000006940152e-06,517578124.82350278,nan,nan,nan,nan,nan,candidate,refined,strongest_peak,1,ambiguous_peak,ambiguous_peak,false,pdv_channel_1,automatic
0.00074826121499146881,2.0384000006951064e-06,58593749.980019182,nan,nan,nan,nan,nan,candidate,boundary_peak,strongest_peak,1,ambiguous_peak,ambiguous_peak,false,pdv_channel_1,automatic
0.0007482644149914699,2.0416000006961976e-06,58593749.980019182,nan,nan,nan,nan,nan,candidate,boundary_peak,strongest_peak,1,ambiguous_peak,ambiguous_peak,false,pdv_channel_1,automatic
0.00074826761499147099,2.0448000006972888e-06,517578124.82350278,nan,nan,nan,nan,nan,candidate,refined,strongest_peak,1,ambiguous_peak,ambiguous_peak,false,pdv_channel_1,automatic
0.00074827081499147209,2.0480000006983801e-06,498046874.83016306,500204318.87724257,387.65834712986299,401.3334529206906,401.3334529206906,401.3334529206906,candidate,refined,strongest_peak,1,measured,quality_gated_measurement,false,pdv_channel_1,automatic
0.00074827401499147318,2.0512000006994713e-06,498046874.83016306,500795413.7548908,388.11644566004037,401.80771141726416,401.80771141726416,401.80771141726416,candidate,refined,strongest_peak,1,measured,quality_gated_measurement,false,pdv_channel_1,automatic
0.00074827721499147427,2.0544000007005625e-06,498046874.83016306,502619995.76133382,389.53049671503373,403.27164479238252,403.27164479238252,403.27164479238252,candidate,refined,strongest_peak,1,measured,quality_gated_measurement,false,pdv_channel_1,automatic
0.00074828041499147536,2.0576000007016537e-06,507812499.82683295,503254622.4857415,390.02233242644968,403.78083058908652,403.78083058908652,403.78083058908652,candidate,refined,strongest_peak,1,measured,quality_gated_measurement,false,pdv_channel_1,automatic
0.00074828361499147645,2.0608000007027449e-06,507812499.82683295,504997769.15750951,391.37327109706985,405.17942521597439,405.17942521597439,405.17942521597439,candidate,refined,strongest_peak,1,measured,quality_gated_measurement,false,pdv_channel_1,automatic
0.00074828681499147754,2.0640000007038362e-06,507812499.82683295,503558578.88374913,390.25789863490559,404.02470667361041,404.02470667361041,404.02470667361041,candidate,refined,strongest_peak,1,measured,quality_gated_measurement,false,pdv_channel_1,automatic
0.00074829001499147863,2.0672000007049274e-06,498046874.83016306,499472867.38081479,387.09147222013144,400.74658082937344,400.74658082937344,400.74658082937344,candidate,refined,strongest_peak,1,measured,quality_gated_measurement,false,pdv_channel_1,automatic
0.00074829321499147972,2.0704000007060186e-06,498046874.83016306,494451807.36350173,383.20015070671383,396.71798835621485,396.71798835621485,396.71798835621485,candidate,refined,strongest_peak,1,measured,quality_gated_measurement,false,pdv_channel_1,automatic
0.00074829641499148081,2.0736000007071098e-06,498046874.83016306,493875381.52213556,382.75342067965505,396.25549940012695,396.25549940012695,396.25549940012695,candidate,refined,strongest_peak,1,measured,quality_gated_measurement,false,pdv_channel_1,automatic
0.00074829961499148191,2.076800000708201e-06,498046874.83016306,499644776.69033843,387.22470193501226,400.88451037971237,400.88451037971237,400.88451037971237,candidate,refined,strongest_peak,1,measured,quality_gated_measurement,false,pdv_channel_1,automatic
0.000748302814991483,2.0800000007092923e-06,498046874.83016306,nan,nan,nan,nan,nan,candidate,refined,strongest_peak,1,ambiguous_peak,ambiguous_peak,false,pdv_channel_1,automatic
0.00074830601499148409,2.0832000007103835e-06,478515624.83682334,476131628.10166943,369.00201177879381,382.01899331798614,382.01899331798614,382.01899331798614,candidate,refined,strongest_peak,1,measured,quality_gated_measurement,false,pdv_channel_1,automatic
0.00074830921499148518,2.0864000007114747e-06,468749999.84015346,464491396.94838876,359.98083263500126,372.67958143120546,372.67958143120546,372.67958143120546,candidate,refined,strongest_peak,1,measured,quality_gated_measurement,false,pdv_channel_1,automatic
0.00074831241499148627,2.0896000007125659e-06,468749999.84015346,472336246.05318445,366.06059069121795,378.97381012946289,378.97381012946289,378.97381012946289,candidate,refined,strongest_peak,1,measured,quality_gated_measurement,false,pdv_channel_1,automatic
0.00074831561499148736,2.0928000007136571e-06,488281249.83349323,487183942.91708297,377.56755576073931,390.88669697474921,390.88669697474921,390.88669697474921,candidate,refined,strongest_peak,1,measured,quality_gated_measurement,false,pdv_channel_1,automatic
0.00074831881499148845,2.0960000007147483e-06,498046874.83016306,500345352.14093673,387.76764790922596,401.44660941406539,401.44660941406539,401.44660941406539,candidate,refined,strongest_peak,1,measured,quality_gated_measurement,false,pdv_channel_1,automatic
0.00074832201499148954,2.0992000007158396e-06,507812499.82683295,507862724.94189566,393.59361182996912,407.4780910891393,407.4780910891393,407.4780910891393,candidate,refined,strongest_peak,1,measured,quality_gated_measurement,false,pdv_channel_1,automatic
0.00074832521499149064,2.1024000007169308e-06,507812499.82683295,506522421.90645474,392.55487697750243,406.40271363861876,406.40271363861876,406.40271363861876,candidate,refined,strongest_peak,1,measured,quality_gated_measurement,false,pdv_channel_1,automatic
0.00074832841499149173,2.105600000718022e-06,498046874.83016306,502078367.69866985,389.11073496646912,402.83707545264627,402.83707545264627,402.83707545264627,candidate,refined,strongest_peak,1,measured,quality_gated_measurement,false,pdv_channel_1,automatic
0.00074833161499149282,2.1088000007191132e-06,498046874.83016306,501513685.38705498,388.67310617496759,402.38400878894311,402.38400878894311,402.38400878894311,candidate,refined,strongest_peak,1,measured,quality_gated_measurement,false,pdv_channel_1,automatic
0.00074833481499149391,2.1120000007202044e-06,507812499.82683295,505737634.42062831,391.94666667598693,405.77304800077974,405.77304800077974,405.77304800077974,candidate,refined,strongest_peak,1,measured,quality_gated_measurement,false,pdv_channel_1,automatic
0.000748338014991495,2.1152000007212957e-06,507812499.82683295,509366587.42856932,394.75910525714124,408.68469867271511,408.68469867271511,408.68469867271511,candidate,refined,strongest_peak,1,measured,quality_gated_measurement,false,pdv_channel_1,automatic
0.00074834121499149609,2.1184000007223869e-06,507812499.82683295,509205453.40054893,394.63422638542539,408.55541455139121,408.55541455139121,408.55541455139121,candidate,refined,strongest_peak,1,measured,quality_gated_measurement,false,pdv_channel_1,automatic
0.00074834441499149718,2.1216000007234781e-06,507812499.82683295,508987199.86030042,394.46507989173284,408.38030121547143,408.38030121547143,408.38030121547143,candidate,refined,strongest_peak,1,measured,quality_gated_measurement,false,pdv_channel_1,automatic
0.00074834761499149827,2.1248000007245693e-06,507812499.82683295,512094758.44839811,396.87343779750853,410.87361678922332,410.87361678922332,410.87361678922332,candidate,refined,strongest_peak,1,measured,quality_gated_measurement,false,pdv_channel_1,automatic
0.00074835081499149937,2.1280000007256605e-06,517578124.82350278,513126917.31571764,397.67336091968116,411.7017581437679,411.7017581437679,411.7017581437679,candidate,refined,strongest_peak,1,measured,quality_gated_measurement,false,pdv_channel_1,automatic
0.00074835401499150046,2.1312000007267518e-06,507812499.82683295,509731517.47679079,395.04192604451288,408.97749629720579,408.97749629720579,408.97749629720579,candidate,refined,strongest_peak,1,measured,quality_gated_measurement,false,pdv_channel_1,automatic
0.00074835721499150155,2.134400000727843e-06,507812499.82683295,505734738.60346597,391.9444224176861,405.77072457361817,405.77072457361817,405.77072457361817,candidate,refined,strongest_peak,1,measured,quality_gated_measurement,false,pdv_channel_1,automatic
0.00074836041499150264,2.1376000007289342e-06,507812499.82683295,503771748.65282536,390.42310520593963,404.19574110144919,404.19574110144919,404.19574110144919,candidate,refined,strongest_peak,1,measured,quality_gated_measurement,false,pdv_channel_1,automatic
0.00074836361499150373,2.1408000007300254e-06,498046874.83016306,501998685.23425454,389.04898105654729,402.77314310065702,402.77314310065702,402.77314310065702,candidate,refined,strongest_peak,1,measured,quality_gated_measurement,false,pdv_channel_1,automatic
0.00074836681499150482,2.1440000007311166e-06,498046874.83016306,500639939.94406396,387.99595345664954,401.68296870916851,401.68296870916851,401.68296870916851,candidate,refined,strongest_peak,1,measured,quality_gated_measurement,false,pdv_channel_1,automatic
0.00074837001499150591,2.1472000007322078e-06,507812499.82683295,505233380.68479627,391.55587003071713,405.36846554254771,405.36846554254771,405.36846554254771,candidate,refined,strongest_peak,1,measured,quality_gated_measurement,false,pdv_channel_1,automatic
0.000748373214991507,2.1504000007332991e-06,527343749.82017267,526346682.55649304,407.91867898128208,422.30849189366853,422.30849189366853,422.30849189366853,candidate,refined,strongest_peak,1,measured,quality_gated_measurement,false,pdv_channel_1,automatic
0.0007483764149915081,2.1536000007343903e-06,537109374.81684256,nan,nan,nan,nan,nan,candidate,refined,strongest_peak,1,ambiguous_peak,ambiguous_peak,false,pdv_channel_1,automatic
0.00074837961499150919,2.1568000007354815e-06,527343749.82017267,nan,nan,nan,nan,nan,candidate,refined,strongest_peak,1,ambiguous_peak,ambiguous_peak,false,pdv_channel_1,automatic
0.00074838281499151028,2.1600000007365727e-06,507812499.82683295,nan,nan,nan,nan,nan,candidate,refined,strongest_peak,1,unstable_detection,unstable_detection,false,pdv_channel_1,automatic
0.00074838601499151137,2.1632000007376639e-06,507812499.82683295,nan,nan,nan,nan,nan,candidate,refined,strongest_peak,1,ambiguous_peak,ambiguous_peak,false,pdv_channel_1,automatic
0.00074838921499151246,2.1664000007387552e-06,527343749.82017267,nan,nan,nan,nan,nan,candidate,refined,strongest_peak,1,ambiguous_peak,ambiguous_peak,false,pdv_channel_1,automatic
0.00074839241499151355,2.1696000007398464e-06,546874999.81351244,nan,nan,nan,nan,nan,candidate,refined,strongest_peak,1,ambiguous_peak,ambiguous_peak,false,pdv_channel_1,automatic
0.00074839561499151464,2.1728000007409376e-06,527343749.82017267,nan,nan,nan,nan,nan,candidate,refined,strongest_peak,1,ambiguous_peak,ambiguous_peak,false,pdv_channel_1,automatic
0.00074839881499151573,2.1760000007420288e-06,507812499.82683295,509994073.8643539,395.24540724487429,409.18815553710118,409.18815553710118,409.18815553710118,candidate,refined,strongest_peak,1,measured,quality_gated_measurement,false,pdv_channel_1,automatic
0.00074840201499151683,2.17920000074312e-06,498046874.83016306,502844175.63344371,389.70423611591889,403.45151305571761,403.45151305571761,403.45151305571761,candidate,refined,strongest_peak,1,measured,quality_gated_measurement,false,pdv_channel_1,automatic
0.00074840521499151792,2.1824000007442113e-06,498046874.83016306,501319836.73623759,388.5228734705841,402.22847644857626,402.22847644857626,402.22847644857626,candidate,refined,strongest_peak,1,measured,quality_gated_measurement,false,pdv_channel_1,automatic
0.00074840841499151901,2.1856000007453025e-06,507812499.82683295,504995196.59396785,391.37127736032511,405.17736114781258,405.17736114781258,405.17736114781258,candidate,refined,strongest_peak,1,measured,quality_gated_measurement,false,pdv_channel_1,automatic
0.0007484116149915201,2.1888000007463937e-06,517578124.82350278,514683827.76380289,398.87996651694721,412.95092817776691,412.95092817776691,412.95092817776691,candidate,refined,strongest_peak,1,measured,quality_gated_measurement,false,pdv_channel_1,automatic
0.00074841481499152119,2.1920000007474849e-06,527343749.82017267,529525198.35576338,410.38202872571662,424.85873920810087,424.85873920810087,424.85873920810087,candidate,refined,strongest_peak,1,measured,quality_gated_measurement,false,pdv_channel_1,automatic
0.00074841801499152228,2.1952000007485761e-06,527343749.82017267,532171799.21332991,412.43314439033065,426.98221039894179,426.98221039894179,426.98221039894179,candidate,refined,strongest_peak,1,measured,quality_gated_measurement,false,pdv_channel_1,automatic
0.00074842121499152337,2.1984000007496673e-06,517578124.82350278,516928788.9123559,400.61981140707582,414.75214815012527,414.75214815012527,414.75214815012527,candidate,refined,strongest_peak,1,measured,quality_gated_measurement,false,pdv_channel_1,automatic
0.00074842441499152446,2.2016000007507586e-06,507812499.82683295,504433112.68717515,390.93566233256075,404.72637928573948,404.72637928573948,404.72637928573948,candidate,refined,strongest_peak,1,measured,quality_gated_measurement,false,pdv_channel_1,automatic
0.00074842761499152555,2.2048000007518498e-06,507812499.82683295,503680863.84164137,390.35266947727206,404.12282066930982,404.12282066930982,404.12282066930982,candidate,refined,strongest_peak,1,measured,quality_gated_measurement,false,pdv_channel_1,automatic
0.00074843081499152665,2.208000000752941e-06,507812499.82683295,505789713.32560456,391.98702782734352,405.81483293939311,405.81483293939311,405.81483293939311,candidate,refined,strongest_peak,1,measured,quality_gated_measurement,false,pdv_channel_1,automatic
0.00074843401499152774,2.2112000007540322e-06,507812499.82683295,507480953.74862891,393.2977391551874,407.17178115650358,407.17178115650358,407.17178115650358,candidate,refined,strongest_peak,1,measured,quality_gated_measurement,false,pdv_channel_1,automatic
0.00074843721499152883,2.2144000007551234e-06,507812499.82683295,509611402.8500843,394.94883720881535,408.88112364294602,408.88112364294602,408.88112364294602,candidate,refined,strongest_peak,1,measured,quality_gated_measurement,false,pdv_channel_1,automatic
0.00074844041499152992,2.2176000007562147e-06,507812499.82683295,511612488.29314864,396.49967842719019,410.48667261592766,410.48667261592766,410.48667261592766,candidate,refined,strongest_peak,1,measured,quality_gated_measurement,false,pdv_channel_1,automatic
0.00074844361499153101,2.2208000007573059e-06,507812499.82683295,511763680.64699703,396.61685250142267,410.60798014394214,410.60798014394214,410.60798014394214,candidate,refined,strongest_peak,1,measured,quality_gated_measurement,false,pdv_channel_1,automatic
0.0007484468149915321,2.2240000007583971e-06,507812499.82683295,511433823.63509268,396.36121331719681,410.34332298573366,410.34332298573366,410.34332298573366,candidate,refined,strongest_peak,1,measured,quality_gated_measurement,false,pdv_channel_1,automatic
0.00074845001499153319,2.2272000007594883e-06,507812499.82683295,512521180.8510707,397.20391515957976,411.21575213034043,411.21575213034043,411.21575213034043,candidate,refined,strongest_peak,1,measured,quality_gated_measurement,false,pdv_channel_1,automatic
0.00074845321499153428,2.2304000007605795e-06,517578124.82350278,514344416.31851429,398.61692264684859,412.67860512465091,412.67860512465091,412.67860512465091,candidate,refined,strongest_peak,1,measured,quality_gated_measurement,false,pdv_channel_1,automatic
0.00074845641499153538,2.2336000007616708e-06,517578124.82350278,513756110.79896379,398.16098586919691,412.20658463897519,412.20658463897519,412.20658463897519,candidate,refined,strongest_peak,1,measured,quality_gated_measurement,false,pdv_channel_1,automatic
0.00074845961499153647,2.236800000762762e-06,507812499.82683295,512576580.41705656,397.24684982321884,411.26020136491985,411.26020136491985,411.26020136491985,candidate,refined,strongest_peak,1,measured,quality_gated_measurement,false,pdv_channel_1,automatic
0.00074846281499153756,2.2400000007638532e-06,507812499.82683295,512599104.39765221,397.26430590818046,411.27827323388385,411.27827323388385,411.27827323388385,candidate,refined,strongest_peak,1,measured,quality_gated_measurement,false,pdv_channel_1,automatic
0.00074846601499153865,2.2432000007649444e-06,507812499.82683295,510477769.93281573,395.6202716979322,409.57624377623449,409.57624377623449,409.57624377623449,candidate,refined,strongest_peak,1,measured,quality_gated_measurement,false,pdv_channel_1,automatic
0.00074846921499153974,2.2464000007660356e-06,507812499.82683295,509537191.11096197,394.89132311099553,408.8215806674354,408.8215806674354,408.8215806674354,candidate,refined,strongest_peak,1,measured,quality_gated_measurement,false,pdv_channel_1,automatic
0.00074847241499154083,2.2496000007671269e-06,507812499.82683295,512145511.75059462,396.91277160671081,410.9143381449752,410.9143381449752,410.9143381449752,candidate,refined,strongest_peak,1,measured,quality_gated_measurement,false,pdv_channel_1,automatic
0.00074847561499154192,2.2528000007682181e-06,517578124.82350278,513951179.35995883,398.31216400396806,412.36309576090264,412.36309576090264,412.36309576090264,candidate,refined,strongest_peak,1,measured,quality_gated_measurement,false,pdv_channel_1,automatic
0.00074847881499154301,2.2560000007693093e-06,507812499.82683295,509615629.85653043,394.95211313881106,408.88451513523927,408.88451513523927,408.88451513523927,candidate,refined,strongest_peak,1,measured,quality_gated_measurement,false,pdv_channel_1,automatic
0.00074848201499154411,2.2592000007704005e-06,507812499.82683295,507199991.76217824,393.07999361568812,406.9463543860694,406.9463543860694,406.9463543860694,candidate,refined,strongest_peak,1,measured,quality_gated_measurement,false,pdv_channel_1,automatic
0.0007484852149915452,2.2624000007714917e-06,507812499.82683295,506781411.44242173,392.75559386787683,406.61051105422933,406.61051105422933,406.61051105422933,candidate,refined,strongest_peak,1,measured,quality_gated_measurement,false,pdv_channel_1,automatic
0.00074848841499154629,2.2656000007725829e-06,507812499.82683295,508454977.42905182,394.05260750751518,407.95327838101394,407.95327838101394,407.95327838101394,candidate,refined,strongest_peak,1,measured,quality_gated_measurement,false,pdv_channel_1,automatic
0.00074849161499154738,2.2688000007736742e-06,507812499.82683295,509376364.12671649,394.76668219820527,408.69254289931905,408.69254289931905,408.69254289931905,candidate,refined,strongest_peak,1,measured,quality_gated_measurement,false,pdv_channel_1,automatic
0.00074849481499154847,2.2720000007747654e-06,507812499.82683295,506437509.44370633,392.48906981887239,406.33458505478859,406.33458505478859,406.33458505478859,candidate,refined,strongest_peak,1,measured,quality_gated_measurement,false,pdv_channel_1,automatic
0.00074849801499154956,2.2752000007758566e-06,498046874.83016306,500845868.8537159,388.15554836162983,401.84819351280936,401.84819351280936,401.84819351280936,candidate,refined,strongest_peak,1,measured,quality_gated_measurement,false,pdv_channel_1,automatic
0.00074850121499155065,2.2784000007769478e-06,498046874.83016306,497784988.66007715,385.78336621155978,399.39232983724787,399.39232983724787,399.39232983724787,candidate,refined,strongest_peak,1,measured,quality_gated_measurement,false,pdv_channel_1,automatic
0.00074850441499155174,2.281600000778039e-06,498046874.83016306,499600821.63959736,387.19063677068795,400.84924352650563,400.84924352650563,400.84924352650563,candidate,refined,strongest_peak,1,measured,quality_gated_measurement,false,pdv_channel_1,automatic
0.00074850761499155284,2.2848000007791303e-06,498046874.83016306,500544397.23032469,387.92190785350164,401.60631105996538,401.60631105996538,401.60631105996538,candidate,refined,strongest_peak,1,measured,quality_gated_measurement,false,pdv_channel_1,automatic
0.00074851081499155393,2.2880000007802215e-06,498046874.83016306,500856192.60889393,388.1635492718928,401.85647666462626,401.85647666462626,401.85647666462626,candidate,refined,strongest_peak,1,measured,quality_gated_measurement,false,pdv_channel_1,automatic
0.00074851401499155502,2.2912000007813127e-06,507812499.82683295,503155623.07842034,389.94560788577576,403.70139949967387,403.70139949967387,403.70139949967387,candidate,refined,strongest_peak,1,measured,quality_gated_measurement,false,pdv_channel_1,automatic
0.00074851721499155611,2.2944000007824039e-06,507812499.82683295,503616696.7474665,390.30293997928652,404.07133690458164,404.07133690458164,404.07133690458164,candidate,refined,strongest_peak,1,measured,quality_gated_measurement,false,pdv_channel_1,automatic
0.0007485204149915572,2.2976000007834951e-06,498046874.83016306,499418072.79141939,387.04900641335001,400.70261699113075,400.70261699113075,400.70261699113075,candidate,refined,strongest_peak,1,measured,quality_gated_measurement,false,pdv_channel_1,automatic
0.00074852361499155829,2.3008000007845864e-06,498046874.83016306,498503606.92361617,386.34029536580255,399.96890532481137,399.96890532481137,399.96890532481137,candidate,refined,strongest_peak,1,measured,quality_gated_measurement,false,pdv_channel_1,automatic
0.00074852681499155938,2.3040000007856776e-06,507812499.82683295,506066581.68302292,392.20160080434277,406.03697523144012,406.03697523144012,406.03697523144012,candidate,refined,strongest_peak,1,measured,quality_gated_measurement,false,pdv_channel_1,automatic
0.00074853001499156047,2.3072000007867688e-06,507812499.82683295,512179934.49157166,396.93944923096802,410.94195685391867,410.94195685391867,410.94195685391867,candidate,refined,strongest_peak,1,measured,quality_gated_measurement,false,pdv_channel_1,automatic
0.00074853321499156157,2.31040000078786e-06,507812499.82683295,510003140.17679161,395.2524336370135,409.19542979351718,409.19542979351718,409.19542979351718,candidate,refined,strongest_peak,1,measured,quality_gated_measurement,false,pdv_channel_1,automatic
0.00074853641499156266,2.3136000007889512e-06,507812499.82683295,506457765.27595371,392.50476808886413,406.35083709978471,406.35083709978471,406.35083709978471,candidate,refined,strongest_peak,1,measured,quality_gated_measurement,false,pdv_channel_1,automatic
0.00074853961499156375,2.3168000007900424e-06,507812499.82683295,503715152.99994993,390.37924357496121,404.1503321996633,404.1503321996633,404.1503321996633,candidate,refined,strongest_peak,1,measured,quality_gated_measurement,false,pdv_channel_1,automatic
0.00074854281499156484,2.3200000007911337e-06,498046874.83016306,500595733.57774597,387.96169352275314,401.64750021566311,401.64750021566311,401.64750021566311,candidate,refined,strongest_peak,1,measured,quality_gated_measurement,false,pdv_channel_1,automatic
0.00074854601499156593,2.3232000007922249e-06,507812499.82683295,503178235.60762024,389.96313259590568,403.71954241463999,403.71954241463999,403.71954241463999,candidate,refined,strongest_peak,1,measured,quality_gated_measurement,false,pdv_channel_1,automatic
0.00074854921499156702,2.3264000007933161e-06,507812499.82683295,508197036.02443922,393.85270291894039,407.74632192210777,407.74632192210777,407.74632192210777,candidate,refined,strongest_peak,1,measured,quality_gated_measurement,false,pdv_channel_1,automatic
0.00074855241499156811,2.3296000007944073e-06,507812499.82683295,509342854.65950489,394.74071236111627,408.6656569455717,408.6656569455717,408.6656569455717,candidate,refined,strongest_peak,1,measured,quality_gated_measurement,false,pdv_channel_1,automatic
0.0007485556149915692,2.3328000007954985e-06,507812499.82683295,505792877.40868723,391.98947999173259,405.81737160677557,405.81737160677557,405.81737160677557,candidate,refined,strongest_peak,1,measured,quality_gated_measurement,false,pdv_channel_1,automatic
0.00074855881499157029,2.3360000007965898e-06,498046874.83016306,502734276.20953882,389.61906406239257,403.36333645746521,403.36333645746521,403.36333645746521,candidate,refined,strongest_peak,1,measured,quality_gated_measurement,false,pdv_channel_1,automatic
0.00074856201499157139,2.339200000797681e-06,498046874.83016306,501214062.38428855,388.44089834782363,402.14360955659618,402.14360955659618,402.14360955659618,candidate,refined,strongest_peak,1,measured,quality_gated_measurement,false,pdv_channel_1,automatic
0.00074856521499157248,2.3424000007987722e-06,507812499.82683295,504421843.63768476,390.92692881920567,404.71733768739165,404.71733768739165,404.71733768739165,candidate,refined,strongest_peak,1,measured,quality_gated_measurement,false,pdv_channel_1,automatic
0.00074856841499157357,2.3456000007998634e-06,507812499.82683295,509259990.95839298,394.67649299275456,408.59917216318581,408.59917216318581,408.59917216318581,candidate,refined,strongest_peak,1,measured,quality_gated_measurement,false,pdv_channel_1,automatic
0.00074857161499157466,2.3488000008009546e-06,517578124.82350278,513052259.01389831,397.61550073577121,411.64185687357178,411.64185687357178,411.64185687357178,candidate,refined,strongest_peak,1,measured,quality_gated_measurement,false,pdv_channel_1,automatic
0.00074857481499157575,2.3520000008020459e-06,517578124.82350278,514722763.52915943,398.91014173509853,412.98216786235764,412.98216786235764,412.98216786235764,candidate,refined,strongest_peak,1,measured,quality_gated_measurement,false,pdv_channel_1,automatic
0.00074857801499157684,2.3552000008031371e-06,517578124.82350278,515524920.93067503,399.53181372127312,413.62577006167243,413.62577006167243,413.62577006167243,candidate,refined,strongest_peak,1,measured,quality_gated_measurement,false,pdv_channel_1,automatic
0.00074858121499157793,2.3584000008042283e-06,517578124.82350278,514598220.20595092,398.81362065961196,412.88224189199883,412.88224189199883,412.88224189199883,candidate,refined,strongest_peak,1,measured,quality_gated_measurement,false,pdv_channel_1,automatic
0.00074858441499157902,2.3616000008053195e-06,507812499.82683295,511857194.94498593,396.68932608236406,410.68301031599981,410.68301031599981,410.68301031599981,candidate,refined,strongest_peak,1,measured,quality_gated_measurement,false,pdv_channel_1,automatic
0.00074858761499158012,2.3648000008064107e-06,507812499.82683295,508403673.42622614,394.01284690532526,407.91211517664794,407.91211517664794,407.91211517664794,candidate,refined,strongest_peak,1,measured,quality_gated_measurement,false,pdv_channel_1,automatic
0.00074859081499158121,2.3680000008075019e-06,507812499.82683295,510858124.82681781,395.91504674078379,409.88141735667813,409.88141735667813,409.88141735667813,candidate,refined,strongest_peak,1,measured,quality_gated_measurement,false,pdv_channel_1,automatic
0.0007485940149915823,2.3712000008085932e-06,517578124.82350278,520473971.87383461,403.36732820222181,417.59658684341656,417.59658684341656,417.59658684341656,candidate,refined,strongest_peak,1,measured,quality_gated_measurement,false,pdv_channel_1,automatic
0.00074859721499158339,2.3744000008096844e-06,517578124.82350278,521788120.85050619,404.38579365914228,418.65097987153678,418.65097987153678,418.65097987153678,candidate,refined,strongest_peak,1,measured,quality_gated_measurement,false,pdv_channel_1,automatic
0.00074860041499158448,2.3776000008107756e-06,517578124.82350278,515563091.1568206,399.56139564653597,413.65639552426774,413.65639552426774,413.65639552426774,candidate,refined,strongest_peak,1,measured,quality_gated_measurement,false,pdv_channel_1,automatic
0.00074860361499158557,2.3808000008118668e-06,517578124.82350278,514902503.95996362,399.04944056897182,413.12638062702558,413.12638062702558,413.12638062702558,candidate,refined,strongest_peak,1,measured,quality_gated_measurement,false,pdv_channel_1,automatic
0.00074860681499158666,2.384000000812958e-06,517578124.82350278,515709103.53369343,399.67455523861241,413.77354695452942,413.77354695452942,413.77354695452942,candidate,refined,strongest_peak,1,measured,quality_gated_measurement,false,pdv_channel_1,automatic
0.00074861001499158775,2.3872000008140493e-06,507812499.82683295,511611721.38794017,396.49908407565363,410.48605729793906,410.48605729793906,410.48605729793906,candidate,refined,strongest_peak,1,measured,quality_gated_measurement,false,pdv_channel_1,automatic
0.00074861321499158885,2.3904000008151405e-06,507812499.82683295,509662651.09559697,394.98855459908765,408.92224211104298,408.92224211104298,408.92224211104298,candidate,refined,strongest_peak,1,measured,quality_gated_measurement,false,pdv_channel_1,automatic
0.00074861641499158994,2.3936000008162317e-06,507812499.82683295,509312341.1728639,394.71706440896952,408.64117478399868,408.64117478399868,408.64117478399868,candidate,refined,strongest_peak,1,measured,quality_gated_measurement,false,pdv_channel_1,automatic
0.00074861961499159103,2.3968000008173229e-06,507812499.82683295,508018564.03821701,393.71438712961816,407.60312688004785,407.60312688004785,407.60312688004785,candidate,refined,strongest_peak,1,measured,quality_gated_measurement,false,pdv_channel_1,automatic
0.00074862281499159212,2.4000000008184141e-06,507812499.82683295,511512039.70245212,396.4218307694004,410.40607879011719,410.40607879011719,410.40607879011719,candidate,refined,strongest_peak,1,measured,quality_gated_measurement,false,pdv_channel_1,automatic
0.00074862601499159321,2.4032000008195054e-06,517578124.82350278,516044944.06476921,399.93483165019614,414.04300492376467,414.04300492376467,414.04300492376467,candidate,refined,strongest_peak,1,measured,quality_gated_measurement,false,pdv_channel_1,automatic
0.0007486292149915943,2.4064000008205966e-06,507812499.82683295,512106968.08826762,396.88290026840741,410.88341305995272,410.88341305995272,410.88341305995272,candidate,refined,strongest_peak,1,measured,quality_gated_measurement,false,pdv_channel_1,automatic
0.00074863241499159539,2.4096000008216878e-06,498046874.83016306,501626688.01279801,388.76068320991845,402.47467520717868,402.47467520717868,402.47467520717868,candidate,refined,strongest_peak,1,measured,quality_gated_measurement,false,pdv_channel_1,automatic
0.00074863561499159648,2.412800000822779e-06,507812499.82683295,504597301.7686348,391.06290887069196,404.85811459570635,404.85811459570635,404.85811459570635,candidate,refined,strongest_peak,1,measured,quality_gated_measurement,false,pdv_channel_1,automatic
0.00074863881499159758,2.4160000008238702e-06,517578124.82350278,518067289.28069007,401.50214919253483,415.66561144248675,415.66561144248675,415.66561144248675,candidate,refined,strongest_peak,1,measured,quality_gated_measurement,false,pdv_channel_1,automatic
0.00074864201499159867,2.4192000008249614e-06,517578124.82350278,522103481.60284042,404.63019824220135,418.90400611476088,418.90400611476088,418.90400611476088,candidate,refined,strongest_peak,1,measured,quality_gated_measurement,false,pdv_channel_1,automatic
0.00074864521499159976,2.4224000008260527e-06,507812499.82683295,508425976.53283912,394.03013181295029,407.93000982979271,407.93000982979271,407.93000982979271,candidate,refined,strongest_peak,1,measured,quality_gated_measurement,false,pdv_channel_1,automatic
0.00074864841499160085,2.4256000008271439e-06,498046874.83016306,495956535.5931828,384.36631508471669,397.92529055920397,397.92529055920397,397.92529055920397,candidate,refined,strongest_peak,1,measured,quality_gated_measurement,false,pdv_channel_1,automatic
0.00074865161499160194,2.4288000008282351e-06,498046874.83016306,498537998.79563153,386.36694906661444,399.9964992663817,399.9964992663817,399.9964992663817,candidate,refined,strongest_peak,1,measured,quality_gated_measurement,false,pdv_channel_1,automatic
0.00074865481499160303,2.4320000008293263e-06,507812499.82683295,504061254.00509357,390.64747185394754,404.4280225478102,404.4280225478102,404.4280225478102,candidate,refined,strongest_peak,1,measured,quality_gated_measurement,false,pdv_channel_1,automatic
0.00074865801499160412,2.4352000008304175e-06,507812499.82683295,503347270.25861603,390.09413445042742,403.85516551421586,403.85516551421586,403.85516551421586,candidate,refined,strongest_peak,1,measured,quality_gated_measurement,false,pdv_channel_1,automatic
0.00074866121499160521,2.4384000008315088e-06,498046874.83016306,499292952.18754977,386.95203794535109,400.60222784596061,400.60222784596061,400.60222784596061,candidate,refined,strongest_peak,1,measured,quality_gated_measurement,false,pdv_channel_1,automatic
0.00074866441499160631,2.4416000008326e-06,507812499.82683295,503003625.32710844,389.82780962850904,403.57944576983181,403.57944576983181,403.57944576983181,candidate,refined,strongest_peak,1,measured,quality_gated_measurement,false,pdv_channel_1,automatic
0.0007486676149916074,2.4448000008336912e-06,507812499.82683295,506391403.57010454,392.453337766831,406.29759251243297,406.29759251243297,406.29759251243297,candidate,refined,strongest_peak,1,measured,quality_gated_measurement,false,pdv_channel_1,automatic
0.00074867081499160849,2.4480000008347824e-06,498046874.83016306,502718331.91399109,389.60670723334312,403.35054372668492,403.35054372668492,403.35054372668492,candidate,refined,strongest_peak,1,measured,quality_gated_measurement,false,pdv_channel_1,automatic
0.00074867401499160958,2.4512000008358736e-06,498046874.83016306,499081147.12288094,386.78788902023274,400.43228837374562,400.43228837374562,400.43228837374562,candidate,refined,strongest_peak,1,measured,quality_gated_measurement,false,pdv_channel_1,automatic
0.00074867721499161067,2.4544000008369649e-06,498046874.83016306,500200156.51011336,387.65512129533784,401.33011329104477,401.33011329104477,401.33011329104477,candidate,refined,strongest_peak,1,measured,quality_gated_measurement,false,pdv_channel_1,automatic
0.00074868041499161176,2.4576000008380561e-06,498046874.83016306,502250879.93517131,389.24443194975777,402.97548875483773,402.97548875483773,402.97548875483773,candidate,refined,strongest_peak,1,measured,quality_gated_measurement,false,pdv_channel_1,automatic
0.00074868361499161285,2.4608000008391473e-06,498046874.83016306,502246500.23348993,389.24103768095472,402.97197474919602,402.97197474919602,402.97197474919602,candidate,refined,strongest_peak,1,measured,quality_gated_measurement,false,pdv_channel_1,automatic
0.00074868681499161394,2.4640000008402385e-06,507812499.82683295,504693497.79486626,391.13746079102134,404.93529642302718,404.93529642302718,404.93529642302718,candidate,refined,strongest_peak,1,measured,quality_gated_measurement,false,pdv_channel_1,automatic
0.00074869001499161503,2.4672000008413297e-06,517578124.82350278,518738839.25485444,402.0226004225122,416.20442220394744,416.20442220394744,416.20442220394744,candidate,refined,strongest_peak,1,measured,quality_gated_measurement,false,pdv_channel_1,automatic
0.00074869321499161613,2.470400000842421e-06,517578124.82350278,521910594.06406826,404.48071039965288,418.74924491210959,418.74924491210959,418.74924491210959,candidate,refined,strongest_peak,1,measured,quality_gated_measurement,false,pdv_channel_1,automatic
0.00074869641499161722,2.4736000008435122e-06,507812499.82683295,509829438.4336077,395.11781478604598,409.05606210367631,409.05606210367631,409.05606210367631,candidate,refined,strongest_peak,1,measured,quality_gated_measurement,false,pdv_channel_1,automatic
0.00074869961499161831,2.4768000008446034e-06,498046874.83016306,502720945.47728473,389.60873274489563,403.35264069054841,403.35264069054841,403.35264069054841,candidate,refined,strongest_peak,1,measured,quality_gated_measurement,false,pdv_channel_1,automatic
0.0007487028149916194,2.4800000008456946e-06,507812499.82683295,504158446.24130154,390.72279583700868,404.50600367328701,404.50600367328701,404.50600367328701,candidate,refined,strongest_peak,1,measured,quality_gated_measurement,false,pdv_channel_1,automatic
0.00074870601499162049,2.4832000008467858e-06,507812499.82683295,504797886.55143499,391.21836207736214,405.01905159774037,405.01905159774037,405.01905159774037,candidate,refined,strongest_peak,1,measured,quality_gated_measurement,false,pdv_channel_1,automatic
0.00074870921499162158,2.486400000847877e-06,507812499.82683295,508036410.33069956,393.72821800629214,407.61744565722262,407.61744565722262,407.61744565722262,candidate,refined,strongest_peak,1,measured,quality_gated_measurement,false,pdv_channel_1,automatic
0.00074871241499162267,2.4896000008489683e-06,517578124.82350278,513247469.49804509,397.76678886098495,411.79848186598446,411.79848186598446,411.79848186598446,candidate,refined,strongest_peak,1,measured,quality_gated_measurement,false,pdv_channel_1,automatic
0.00074871561499162376,2.4928000008500595e-06,517578124.82350278,513085259.17316061,397.64107585919947,411.66833418966809,411.66833418966809,411.66833418966809,candidate,refined,strongest_peak,1,measured,quality_gated_measurement,false,pdv_channel_1,automatic
0.00074871881499162486,2.4960000008511507e-06,507812499.82683295,505258364.18956423,391.57523224691226,405.38851078377451,405.38851078377451,405.38851078377451,candidate,refined,strongest_peak,1,measured,quality_gated_measurement,false,pdv_channel_1,automatic
0.00074872201499162595,2.4992000008522419e-06,498046874.83016306,498321901.76600397,386.19947386865306,399.82311618312281,399.82311618312281,399.82311618312281,candidate,refined,strongest_peak,1,measured,quality_gated_measurement,false,pdv_channel_1,automatic
0.00074872521499162704,2.5024000008533331e-06,498046874.83016306,498415671.77835286,386.27214562822348,399.89835152479458,399.89835152479458,399.89835152479458,candidate,refined,strongest_peak,1,measured,quality_gated_measurement,false,pdv_channel_1,automatic
0.00074872841499162813,2.5056000008544244e-06,507812499.82683295,509809977.56389147,395.10273261201587,409.04044788815412,409.04044788815412,409.04044788815412,candidate,refined,strongest_peak,1,measured,quality_gated_measurement,false,pdv_channel_1,automatic
0.00074873161499162922,2.5088000008555156e-06,527343749.82017267,530965317.90929025,411.49812137969997,426.01420334790049,426.01420334790049,426.01420334790049,candidate,refined,strongest_peak,1,measured,quality_gated_measurement,false,pdv_channel_1,automatic
0.00074873481499163031,2.5120000008566068e-06,58593749.980019182,nan,nan,nan,nan,nan,candidate,boundary_peak,strongest_peak,1,ambiguous_peak,ambiguous_peak,false,pdv_channel_1,automatic
0.0007487380149916314,2.515200000857698e-06,58593749.980019182,nan,nan,nan,nan,nan,candidate,boundary_peak,strongest_peak,1,peak_at_band_boundary,peak_at_band_boundary,false,pdv_channel_1,automatic
0.00074874121499163249,2.5184000008587892e-06,58593749.980019182,nan,nan,nan,nan,nan,candidate,boundary_peak,strongest_peak,1,ambiguous_peak,ambiguous_peak,false,pdv_channel_1,automatic
0.00074874441499163359,2.5216000008598805e-06,527343749.82017267,nan,nan,nan,nan,nan,candidate,refined,strongest_peak,1,ambiguous_peak,ambiguous_peak,false,pdv_channel_1,automatic
0.00074874761499163468,2.5248000008609717e-06,507812499.82683295,506008611.96918249,392.15667427611641,405.99046386689884,405.99046386689884,405.99046386689884,candidate,refined,strongest_peak,1,measured,quality_gated_measurement,false,pdv_channel_1,automatic
0.00074875081499163577,2.5280000008620629e-06,498046874.83016306,502012663.81422627,389.05981445602538,402.78435866108958,402.78435866108958,402.78435866108958,candidate,refined,strongest_peak,1,measured,quality_gated_measurement,false,pdv_channel_1,automatic
0.00074875401499163686,2.5312000008631541e-06,507812499.82683295,504324981.6361044,390.8518607679809,404.63962152204886,404.63962152204886,404.63962152204886,candidate,refined,strongest_peak,1,measured,quality_gated_measurement,false,pdv_channel_1,automatic
0.00074875721499163795,2.5344000008642453e-06,507812499.82683295,506432675.10345095,392.4853232051745,406.33070627486995,406.33070627486995,406.33070627486995,candidate,refined,strongest_peak,1,measured,quality_gated_measurement,false,pdv_channel_1,automatic
0.00074876041499163904,2.5376000008653365e-06,507812499.82683295,506137323.08521408,392.25642539104092,406.09373382014957,406.09373382014957,406.09373382014957,candidate,refined,strongest_peak,1,measured,quality_gated_measurement,false,pdv_channel_1,automatic
0.00074876361499164013,2.5408000008664278e-06,507812499.82683295,505934247.5375042,392.09904184156574,405.93079838018951,405.93079838018951,405.93079838018951,candidate,refined,strongest_peak,1,measured,quality_gated_measurement,false,pdv_channel_1,automatic
0.00074876681499164122,2.544000000867519e-06,507812499.82683295,507586096.30090719,393.37922463320308,407.25614113094252,407.25614113094252,407.25614113094252,candidate,refined,strongest_peak,1,measured,quality_gated_measurement,false,pdv_channel_1,automatic
0.00074877001499164232,2.5472000008686102e-06,507812499.82683295,506960191.54194564,392.89414844500789,406.75395330761995,406.75395330761995,406.75395330761995,candidate,refined,strongest_peak,1,measured,quality_gated_measurement,false,pdv_channel_1,automatic
0.00074877321499164341,2.5504000008697014e-06,507812499.82683295,504340988.33368349,390.86426595860468,404.65246432041511,404.65246432041511,404.65246432041511,candidate,refined,strongest_peak,1,measured,quality_gated_measurement,false,pdv_channel_1,automatic
0.0007487764149916445,2.5536000008707926e-06,507812499.82683295,505447965.7284494,391.72217343954827,405.54063550043162,405.54063550043162,405.54063550043162,candidate,refined,strongest_peak,1,measured,quality_gated_measurement,false,pdv_channel_1,automatic
0.00074877961499164559,2.5568000008718839e-06,507812499.82683295,510675014.06545293,395.773135900726,409.7345004442243,409.7345004442243,409.7345004442243,candidate,refined,strongest_peak,1,measured,quality_gated_measurement,false,pdv_channel_1,automatic
0.00074878281499164668,2.5600000008729751e-06,507812499.82683295,512106431.91446698,396.88248473371192,410.88298286678037,410.88298286678037,410.88298286678037,candidate,refined,strongest_peak,1,measured,quality_gated_measurement,false,pdv_channel_1,automatic
0.00074878601499164777,2.5632000008740663e-06,517578124.82350278,515164216.6679163,399.25226791763515,413.33636294983245,413.33636294983245,413.33636294983245,candidate,refined,strongest_peak,1,measured,quality_gated_measurement,false,pdv_channel_1,automatic
0.00074878921499164886,2.5664000008751575e-06,517578124.82350278,520214976.48664474,403.1666067771497,417.38878473314145,417.38878473314145,417.38878473314145,candidate,refined,strongest_peak,1,measured,quality_gated_measurement,false,pdv_channel_1,automatic
0.00074879241499164995,2.5696000008762487e-06,517578124.82350278,516370648.05133945,400.18725223978805,414.30432994761424,414.30432994761424,414.30432994761424,candidate,refined,strongest_peak,1,measured,quality_gated_measurement,false,pdv_channel_1,automatic
0.00074879561499165105,2.57280000087734e-06,507812499.82683295,506943629.28508157,392.88131269593822,406.74066476235038,406.74066476235038,406.74066476235038,candidate,refined,strongest_peak,1,measured,quality_gated_measurement,false,pdv_channel_1,automatic
0.00074879881499165214,2.5760000008784312e-06,507812499.82683295,504261083.8123408,390.8023399545641,404.58835380348393,404.58835380348393,404.58835380348393,candidate,refined,strongest_peak,1,measured,quality_gated_measurement,false,pdv_channel_1,automatic
0.00074880201499165323,2.5792000008795224e-06,507812499.82683295,510793362.46127796,395.86485590749044,409.82945598249461,409.82945598249461,409.82945598249461,candidate,refined,strongest_peak,1,measured,quality_gated_measurement,false,pdv_channel_1,automatic
0.00074880521499165432,2.5824000008806136e-06,517578124.82350278,514947658.46548849,399.08443531075358,413.16260984963185,413.16260984963185,413.16260984963185,candidate,refined,strongest_peak,1,measured,quality_gated_measurement,false,pdv_channel_1,automatic
0.00074880841499165541,2.5856000008817048e-06,507812499.82683295,510740509.34139735,395.82389473958295,409.78704986103821,409.78704986103821,409.78704986103821,candidate,refined,strongest_peak,1,measured,quality_gated_measurement,false,pdv_channel_1,automatic
0.0007488116149916565,2.588800000882796e-06,507812499.82683295,504062226.59968776,390.64822561475802,404.42880289842304,404.42880289842304,404.42880289842304,candidate,refined,strongest_peak,1,measured,quality_gated_measurement,false,pdv_channel_1,automatic
0.00074881481499165759,2.5920000008838873e-06,507812499.82683295,504739436.40910971,391.17306321706002,404.97215476666986,404.97215476666986,404.97215476666986,candidate,refined,strongest_peak,1,measured,quality_gated_measurement,false,pdv_channel_1,automatic
0.00074881801499165868,2.5952000008849785e-06,507812499.82683295,510236685.81591898,395.43343150733722,409.38281257736827,409.38281257736827,409.38281257736827,candidate,refined,strongest_peak,1,measured,quality_gated_measurement,false,pdv_channel_1,automatic
0.00074882121499165977,2.5984000008860697e-06,517578124.82350278,513530770.10446823,397.98634683096287,412.02578500252179,412.02578500252179,412.02578500252179,candidate,refined,strongest_peak,1,measured,quality_gated_measurement,false,pdv_channel_1,automatic
0.00074882441499166087,2.6016000008871609e-06,517578124.82350278,512749052.68118757,397.38051582792036,411.39858259571793,411.39858259571793,411.39858259571793,candidate,refined,strongest_peak,1,measured,quality_gated_measurement,false,pdv_channel_1,automatic
0.00074882761499166196,2.6048000008882521e-06,507812499.82683295,509973873.80070376,395.22975219554542,409.1719482374279,409.1719482374279,409.1719482374279,candidate,refined,strongest_peak,1,measured,quality_gated_measurement,false,pdv_channel_1,automatic
0.00074883081499166305,2.6080000008893434e-06,507812499.82683295,507778162.79717129,393.52807616780774,407.41024357913619,407.41024357913619,407.41024357913619,candidate,refined,strongest_peak,1,measured,quality_gated_measurement,false,pdv_channel_1,automatic
0.00074883401499166414,2.6112000008904346e-06,507812499.82683295,505892928.42859459,392.06701953216083,405.89764644602087,405.89764644602087,405.89764644602087,candidate,refined,strongest_peak,1,measured,quality_gated_measurement,false,pdv_channel_1,automatic
0.00074883721499166523,2.6144000008915258e-06,507812499.82683295,506256776.29537678,392.34900162891699,406.18957579409465,406.18957579409465,406.18957579409465,candidate,refined,strongest_peak,1,measured,quality_gated_measurement,false,pdv_channel_1,automatic
0.00074884041499166632,2.617600000892617e-06,507812499.82683295,510242735.96640068,395.43812037396054,409.38766684929652,409.38766684929652,409.38766684929652,candidate,refined,strongest_peak,1,measured,quality_gated_measurement,false,pdv_channel_1,automatic
0.00074884361499166741,2.6208000008937082e-06,517578124.82350278,514153427.15596414,398.46890604587219,412.52536706335479,412.52536706335479,412.52536706335479,candidate,refined,strongest_peak,1,measured,quality_gated_measurement,false,pdv_channel_1,automatic
0.0007488468149916685,2.6240000008947995e-06,517578124.82350278,516278100.49185282,400.11552788118593,414.23007542759825,414.23007542759825,414.23007542759825,candidate,refined,strongest_peak,1,measured,quality_gated_measurement,false,pdv_channel_1,automatic
0.0007488500149916696,2.6272000008958907e-06,507812499.82683295,509420651.97610146,394.80100528147864,408.7280767698702,408.7280767698702,408.7280767698702,candidate,refined,strongest_peak,1,measured,quality_gated_measurement,false,pdv_channel_1,automatic
0.00074885321499167069,2.6304000008969819e-06,498046874.83016306,498680586.13306302,386.47745425312382,400.11090265378664,400.11090265378664,400.11090265378664,candidate,refined,strongest_peak,1,measured,quality_gated_measurement,false,pdv_channel_1,automatic
0.00074885641499167178,2.6336000008980731e-06,498046874.83016306,493472074.72233337,382.44085790980836,395.9319106096217,395.9319106096217,395.9319106096217,candidate,refined,strongest_peak,1,measured,quality_gated_measurement,false,pdv_channel_1,automatic
0.00074885961499167287,2.6368000008991643e-06,498046874.83016306,502489849.79818082,389.42963359359015,403.16722360527018,403.16722360527018,403.16722360527018,candidate,refined,strongest_peak,1,measured,quality_gated_measurement,false,pdv_channel_1,automatic
0.00074886281499167396,2.6400000009002556e-06,517578124.82350278,515324490.87458163,399.37648042780074,413.46495720291585,413.46495720291585,413.46495720291585,candidate,refined,strongest_peak,1,measured,quality_gated_measurement,false,pdv_channel_1,automatic
0.00074886601499167505,2.6432000009013468e-06,517578124.82350278,516752748.01251876,400.48337970970204,414.61090366358127,414.61090366358127,414.61090366358127,candidate,refined,strongest_peak,1,measured,quality_gated_measurement,false,pdv_channel_1,automatic
0.00074886921499167614,2.646400000902438e-06,517578124.82350278,515686377.38337761,399.65694247211763,413.7553128769062,413.7553128769062,413.7553128769062,candidate,refined,strongest_peak,1,measured,quality_gated_measurement,false,pdv_channel_1,automatic
0.00074887241499167723,2.6496000009035292e-06,517578124.82350278,520860805.39459306,403.66712418080959,417.90695847903123,417.90695847903123,417.90695847903123,candidate,refined,strongest_peak,1,measured,quality_gated_measurement,false,pdv_channel_1,automatic
0.00074887561499167833,2.6528000009046204e-06,517578124.82350278,519055369.83911717,402.26791162531578,416.45838704899774,416.45838704899774,416.45838704899774,candidate,refined,strongest_peak,1,measured,quality_gated_measurement,false,pdv_channel_1,automatic
0.00074887881499167942,2.6560000009057116e-06,498046874.83016306,500428620.55340654,387.83218092889007,401.51341891217356,401.51341891217356,401.51341891217356,candidate,refined,strongest_peak,1,measured,quality_gated_measurement,false,pdv_channel_1,automatic
0.00074888201499168051,2.6592000009068029e-06,488281249.83349323,483485738.13899159,374.7014470577185,387.91948290404576,387.91948290404576,387.91948290404576,candidate,refined,strongest_peak,1,measured,quality_gated_measurement,false,pdv_channel_1,automatic
0.0007488852149916816,2.6624000009078941e-06,478515624.83682334,480915415.23180151,372.70944680464618,385.8572124906691,385.8572124906691,385.8572124906691,candidate,refined,strongest_peak,1,measured,quality_gated_measurement,false,pdv_channel_1,automatic
0.00074888841499168269,2.6656000009089853e-06,488281249.83349323,488705391.97394931,378.74667877981074,392.10741495016708,392.10741495016708,392.10741495016708,candidate,refined,strongest_peak,1,measured,quality_gated_measurement,false,pdv_channel_1,automatic
0.00074889161499168378,2.6688000009100765e-06,517578124.82350278,nan,nan,nan,nan,nan,candidate,refined,strongest_peak,1,ambiguous_peak,ambiguous_peak,false,pdv_channel_1,automatic
0.00074889481499168487,2.6720000009111677e-06,517578124.82350278,nan,nan,nan,nan,nan,candidate,refined,strongest_peak,1,ambiguous_peak,ambiguous_peak,false,pdv_channel_1,automatic
0.00074889801499168596,2.675200000912259e-06,507812499.82683295,508799768.91496342,394.31982090909668,408.22991805075759,408.22991805075759,408.22991805075759,candidate,refined,strongest_peak,1,measured,quality_gated_measurement,false,pdv_channel_1,automatic
0.00074890121499168706,2.6784000009133502e-06,507812499.82683295,503818463.14858675,390.4593089401547,404.23322196512396,404.23322196512396,404.23322196512396,candidate,refined,strongest_peak,1,measured,quality_gated_measurement,false,pdv_channel_1,automatic
0.00074890441499168815,2.6816000009144414e-06,498046874.83016306,498150213.85272741,386.06641573586376,399.6853642676362,399.6853642676362,399.6853642676362,candidate,refined,strongest_peak,1,measured,quality_gated_measurement,false,pdv_channel_1,automatic
0.00074890761499168924,2.6848000009155326e-06,488281249.83349323,489896913.00098294,379.67010757576179,393.06341878692001,393.06341878692001,393.06341878692001,candidate,refined,strongest_peak,1,measured,quality_gated_measurement,false,pdv_channel_1,automatic
0.00074891081499169033,2.6880000009166238e-06,488281249.83349323,490573196.0946725,380.1942269733712,393.60602711495591,393.60602711495591,393.60602711495591,candidate,refined,strongest_peak,1,measured,quality_gated_measurement,false,pdv_channel_1,automatic
0.00074891401499169142,2.6912000009177151e-06,498046874.83016306,497617902.99365294,385.653874820081,399.25827048408178,399.25827048408178,399.25827048408178,candidate,refined,strongest_peak,1,measured,quality_gated_measurement,false,pdv_channel_1,automatic
0.00074891721499169251,2.6944000009188063e-06,498046874.83016306,498972816.53123295,386.70393281170556,400.34537051085988,400.34537051085988,400.34537051085988,candidate,refined,strongest_peak,1,measured,quality_gated_measurement,false,pdv_channel_1,automatic
0.0007489204149916936,2.6976000009198975e-06,498046874.83016306,493579467.19147605,382.52408707339396,396.01807578019731,396.01807578019731,396.01807578019731,candidate,refined,strongest_peak,1,measured,quality_gated_measurement,false,pdv_channel_1,automatic
0.00074892361499169469,2.7008000009209887e-06,488281249.83349323,489117840.96377647,379.06632674692673,392.4383388766388,392.4383388766388,392.4383388766388,candidate,refined,strongest_peak,1,measured,quality_gated_measurement,false,pdv_channel_1,automatic
0.00074892681499169579,2.7040000009220799e-06,478515624.83682334,482690643.0743413,374.08524838261451,387.28154709331034,387.28154709331034,387.28154709331034,candidate,refined,strongest_peak,1,measured,quality_gated_measurement,false,pdv_channel_1,automatic
0.00074893001499169688,2.7072000009231711e-06,478515624.83682334,479509963.34926641,371.62022159568147,384.72956357672575,384.72956357672575,384.72956357672575,candidate,refined,strongest_peak,1,measured,quality_gated_measurement,false,pdv_channel_1,automatic
0.00074893321499169797,2.7104000009242624e-06,488281249.83349323,488041112.10378063,378.23186188042996,391.57443727696563,391.57443727696563,391.57443727696563,candidate,refined,strongest_peak,1,measured,quality_gated_measurement,false,pdv_channel_1,automatic
0.00074893641499169906,2.7136000009253536e-06,498046874.83016306,502164845.4397487,389.17775521580523,402.90645992038912,402.90645992038912,402.90645992038912,candidate,refined,strongest_peak,1,measured,quality_gated_measurement,false,pdv_channel_1,automatic
0.00074893961499170015,2.7168000009264448e-06,507812499.82683295,505966703.2041384,392.12419498320725,405.95683882859345,405.95683882859345,405.95683882859345,candidate,refined,strongest_peak,1,measured,quality_gated_measurement,false,pdv_channel_1,automatic
0.00074894281499170124,2.720000000927536e-06,498046874.83016306,500566972.5207383,387.93940370357217,401.62442409679943,401.62442409679943,401.62442409679943,candidate,refined,strongest_peak,1,measured,quality_gated_measurement,false,pdv_channel_1,automatic
