frame_index,time_s,state_type,state_index,candidate_rank,discrete_frequency_hz,refined_frequency_hz,peak_amplitude,peak_to_background_db,peak_to_competitor_db,cycles_in_window,is_band_boundary,refinement_status,node_cost,winning_predecessor,transition_cost,cumulative_cost,best_candidate_cumulative_cost,null_cumulative_cost,candidate_vs_null_cost_margin,selected_state,selected_rank,selected_cumulative_cost,selected_winning_predecessor,is_selected
0,0.00018258935314000328,candidate,0,1,3769531248.7145677,3772519659.77991,0.00012781680214889808,7.644931244558846,0.1999743947217958,72.375,False,refined,0.35326031331617314,initial,3.0,3.353260313316173,3.353260313316173,0.25,3.103260313316173,NULL,0,0.25,initial,False
0,0.00018258935314000328,candidate,1,2,2470703124.1574755,2474531165.6624784,0.0001249077047404007,7.44495684983705,-0.1999743947217958,47.43749999999999,False,refined,0.39575487219455474,initial,3.0,3.395754872194555,3.353260313316173,0.25,3.103260313316173,NULL,0,0.25,initial,False
0,0.00018258935314000328,candidate,2,3,3242187498.894395,3242284635.9930625,0.00012325667472780824,7.21617337134786,-0.3155500151797508,62.25,False,refined,0.43729587024655536,initial,3.0,3.4372958702465555,3.353260313316173,0.25,3.103260313316173,NULL,0,0.25,initial,False
0,0.00018258935314000328,candidate,3,4,4892578123.331602,4889824842.581747,0.00012166321426115964,7.355135936683022,-0.42857323353082677,93.9375,False,refined,0.42351543659322344,initial,3.0,3.4235154365932234,3.353260313316173,0.25,3.103260313316173,NULL,0,0.25,initial,False
0,0.00018258935314000328,candidate,4,5,4306640623.53141,4306362753.155194,0.00010865729490025168,6.066184920956603,-1.4105811792078882,82.6875,False,refined,0.6782335855570025,initial,3.0,3.6782335855570025,3.353260313316173,0.25,3.103260313316173,NULL,0,0.25,initial,False
0,0.00018258935314000328,NULL,5,0,nan,nan,nan,nan,nan,nan,False,NULL,0.25,initial,0.0,0.25,3.353260313316173,0.25,3.103260313316173,NULL,0,0.25,initial,True
1,0.00018259255314000437,candidate,0,1,4873046873.338263,4869638692.820864,0.000146448230893791,10.948085095889839,0.42320099164764535,93.5625,False,refined,0.0,NULL,3.0,3.25,3.25,0.5,2.75,NULL,0,0.5,NULL,False
1,0.00018259255314000437,candidate,1,2,2480468749.1541457,2476605417.764344,0.00013948389945847955,10.571851611564202,-0.42320099164764535,47.625,False,refined,0.026450061977977835,NULL,3.0,3.276450061977978,3.25,0.5,2.75,NULL,0,0.5,NULL,False
1,0.00018259255314000437,candidate,2,3,3789062498.707907,3786115915.311994,0.00012988147334975751,9.771649647878062,-1.0427384640993864,72.75,False,refined,0.0994237068245023,NULL,3.0,3.3494237068245023,3.25,0.5,2.75,NULL,0,0.5,NULL,False
1,0.00018259255314000437,candidate,3,4,5195312498.228368,5198469058.965725,0.00011309707739731874,8.658007958559537,-2.2446549501102186,99.75,False,refined,0.3415897405979581,NULL,3.0,3.591589740597958,3.25,0.5,2.75,NULL,0,0.5,NULL,False
1,0.00018259255314000437,candidate,4,5,5898437497.988598,5898328047.012432,0.00010101295559721831,7.446716604038404,-3.2261410233481325,113.25,False,refined,0.5846263233534977,NULL,3.0,3.834626323353498,3.25,0.5,2.75,NULL,0,0.5,NULL,False
1,0.00018259255314000437,NULL,5,0,nan,nan,nan,nan,nan,nan,False,NULL,0.25,NULL,0.0,0.5,3.25,0.5,2.75,NULL,0,0.5,NULL,True
2,0.00018259575314000546,candidate,0,1,2382812499.187447,2379737825.0749736,0.0001413436252059614,10.964622457929156,1.2265821028118662,45.75,False,refined,0.0,NULL,3.0,3.5,3.439909996691343,0.75,2.689909996691343,NULL,0,0.75,NULL,False
2,0.00018259575314000546,candidate,1,2,4414062498.494779,4418397539.552288,0.00012272897887755262,9.677210230588846,-1.2265821028118662,84.75,False,refined,0.1250798468374147,NULL,3.0,3.625079846837415,3.439909996691343,0.75,2.689909996691343,NULL,0,0.75,NULL,False
2,0.00018259575314000546,candidate,2,3,4882812498.334932,4882744267.316287,0.000119836631581334,9.44582601719457,-1.4337326557603092,93.75,False,refined,0.17273438840583388,rank_1,0.01717560828550901,3.439909996691343,3.439909996691343,0.75,2.689909996691343,NULL,0,0.75,NULL,False
2,0.00018259575314000546,candidate,3,4,5214843748.221707,5210726853.460706,0.00011624274087082934,9.1902123285446,-1.6982076880905517,100.125,False,refined,0.22760613122396944,NULL,3.0,3.727606131223969,3.439909996691343,0.75,2.689909996691343,NULL,0,0.75,NULL,False
2,0.00018259575314000546,candidate,4,5,2509765624.144155,2504927644.7378073,0.00011227155810867842,8.964492935122985,-2.000129522806171,48.1875,False,refined,0.2803341549069379,rank_2,0.08021485407363585,3.636999070958552,3.439909996691343,0.75,2.689909996691343,NULL,0,0.75,NULL,False
2,0.00018259575314000546,NULL,5,0,nan,nan,nan,nan,nan,nan,False,NULL,0.25,NULL,0.0,0.75,3.439909996691343,0.75,2.689909996691343,NULL,0,0.75,NULL,True
3,0.00018259895314000655,candidate,0,1,2353515624.1974373,2354804769.6503515,0.0001266720338932183,9.352085660243228,0.039075853995482746,45.1875,False,refined,0.09718715096351582,rank_1,0.06216572528072754,3.6593528762442435,3.6593528762442435,1.0,2.6593528762442435,NULL,0,1.0,NULL,False
3,0.00018259895314000655,candidate,1,2,4433593748.488118,4433889126.594496,0.00012610344498299936,9.407139093153187,-0.039075853995482746,85.125,False,refined,0.09137137690173958,rank_2,0.02399892690862981,3.740450150647784,3.6593528762442435,1.0,2.6593528762442435,NULL,0,1.0,NULL,False
3,0.00018259895314000655,candidate,2,3,5302734373.191736,5302288493.786532,0.00010634577542575137,7.7403592216800465,-1.519210030351541,101.8125,False,refined,0.43389674364496433,NULL,3.0,4.183896743644964,3.6593528762442435,1.0,2.6593528762442435,NULL,0,1.0,NULL,False
3,0.00018259895314000655,candidate,3,4,4179687498.574702,4175600950.2504144,0.00010620920879060624,7.915843542353622,-1.5303714047950479,80.25,False,refined,0.40827168144664716,NULL,3.0,4.158271681446648,3.6593528762442435,1.0,2.6593528762442435,NULL,0,1.0,NULL,False
3,0.00018259895314000655,candidate,4,5,4306640623.53141,4307780948.109838,9.737597639320325e-05,7.161636579027739,-2.284578368120931,82.6875,False,refined,0.5685406611533973,NULL,3.0,4.318540661153397,3.6593528762442435,1.0,2.6593528762442435,NULL,0,1.0,NULL,False
3,0.00018259895314000655,NULL,5,0,nan,nan,nan,nan,nan,nan,False,NULL,0.25,NULL,0.0,1.0,3.6593528762442435,1.0,2.6593528762442435,NULL,0,1.0,NULL,True
4,0.00018260215314000764,candidate,0,1,3144531248.927696,3148536837.9989986,0.0001290733976740751,9.350055983582273,0.17756966166146526,60.375,False,refined,0.09749160246265909,NULL,3.0,4.097491602462659,4.097491602462659,1.25,2.847491602462659,NULL,0,1.25,NULL,False
4,0.00018260215314000764,candidate,1,2,4208984373.5647116,4208102334.5121365,0.00012646147976123936,9.225278505212646,-0.17756966166146526,80.8125,False,refined,0.12730632807194464,NULL,3.0,4.127306328071945,4.097491602462659,1.25,2.847491602462659,NULL,0,1.25,NULL,False
4,0.00018260215314000764,candidate,2,3,5302734373.191736,5307421738.16876,0.00012005940451335246,8.56582582860213,-0.6288111487605796,101.8125,False,refined,0.2544268225072168,NULL,3.0,4.254426822507217,4.097491602462659,1.25,2.847491602462659,NULL,0,1.25,NULL,False
4,0.00018260215314000764,candidate,3,4,5751953123.03855,5749549264.311598,0.00010104147848305211,7.137699781238087,-2.126741000223724,110.4375,False,refined,0.5622663453282697,NULL,3.0,4.56226634532827,4.097491602462659,1.25,2.847491602462659,NULL,0,1.25,NULL,False
4,0.00018260215314000764,candidate,4,5,5175781248.235028,5177628131.086406,9.69302852639392e-05,6.707091946719661,-2.487545030643048,99.375,False,refined,0.6494077724072413,NULL,3.0,4.649407772407241,4.097491602462659,1.25,2.847491602462659,NULL,0,1.25,NULL,False
4,0.00018260215314000764,NULL,5,0,nan,nan,nan,nan,nan,nan,False,NULL,0.25,NULL,0.0,1.25,4.097491602462659,1.25,2.847491602462659,NULL,0,1.25,NULL,True
5,0.00018260535314000874,candidate,0,1,4208984373.5647116,4205961153.923965,0.00013441942174421227,10.07679316541517,0.16765461706835794,80.8125,False,refined,0.0,rank_2,0.00045846543111623746,4.127764793503061,4.117205515899621,1.5,2.617205515899621,NULL,0,1.5,NULL,False
5,0.00018260535314000874,candidate,1,2,3154296873.924366,3153389636.4853864,0.0001318497443132137,9.954129769631725,-0.16765461706835794,60.56249999999999,False,refined,0.01735894812201355,rank_1,0.0023549653149487044,4.117205515899621,4.117205515899621,1.5,2.617205515899621,NULL,0,1.5,NULL,False
5,0.00018260535314000874,candidate,2,3,5732421873.04521,5734841883.645909,0.00012303196119007838,9.332954382185319,-0.7688815171419172,110.06249999999999,False,refined,0.148111937493572,NULL,3.0,4.398111937493572,4.117205515899621,1.5,2.617205515899621,NULL,0,1.5,NULL,False
5,0.00018260535314000874,candidate,3,4,5332031248.181746,5329957264.4243355,0.00011081226066418254,8.424351742440095,-1.6774841568871413,102.37499999999999,False,refined,0.3411899984394321,NULL,3.0,4.591189998439432,4.117205515899621,1.5,2.617205515899621,NULL,0,1.5,NULL,False
5,0.00018260535314000874,candidate,4,5,5566406248.101823,5566053173.216256,0.00010766402344019944,8.174007553808487,-1.9278283455187495,106.875,False,refined,0.39438813852364885,NULL,3.0,4.644388138523649,4.117205515899621,1.5,2.617205515899621,NULL,0,1.5,NULL,False
5,0.00018260535314000874,NULL,5,0,nan,nan,nan,nan,nan,nan,False,NULL,0.25,NULL,0.0,1.5,4.117205515899621,1.5,2.617205515899621,NULL,0,1.5,NULL,True
6,0.00018260855314000983,candidate,0,1,1835937499.3739345,1838014432.9890294,0.0001305344652897666,9.124999657272221,0.01144436748160338,35.25,False,refined,0.1312500514091668,NULL,3.0,4.631250051409166,4.5529242521865765,1.75,2.8029242521865765,NULL,0,1.75,NULL,False
6,0.00018260855314000983,candidate,1,2,5009765623.29164,5007726399.476839,0.00013036258874897725,9.221891598013645,-0.01144436748160338,96.1875,False,refined,0.11743153326555344,NULL,3.0,4.617431533265553,4.5529242521865765,1.75,2.8029242521865765,NULL,0,1.75,NULL,False
6,0.00018260855314000983,candidate,2,3,5869140622.998589,5871490614.888825,0.00013022982308864928,9.323364545983805,-0.02029487824650289,112.6875,False,refined,0.10276374799283561,NULL,3.0,4.602763747992835,4.5529242521865765,1.75,2.8029242521865765,NULL,0,1.75,NULL,False
6,0.00018260855314000983,candidate,3,4,4746093748.381554,4741718455.660652,0.00011580294294862601,8.144489047502592,-1.0401119612521281,91.12499999999999,False,refined,0.3433336404528692,NULL,3.0,4.843333640452869,4.5529242521865765,1.75,2.8029242521865765,NULL,0,1.75,NULL,False
6,0.00018260855314000983,candidate,4,5,3173828123.917706,3174197378.547,0.00011231796177817036,7.927816350714174,-1.3055196147810744,60.9375,False,refined,0.39242252331669103,rank_2,0.04329621297026421,4.5529242521865765,4.5529242521865765,1.75,2.8029242521865765,NULL,0,1.75,NULL,False
6,0.00018260855314000983,NULL,5,0,nan,nan,nan,nan,nan,nan,False,NULL,0.25,NULL,0.0,1.75,4.5529242521865765,1.75,2.8029242521865765,NULL,0,1.75,NULL,True
7,0.00018261175314001092,candidate,0,1,4990234373.298301,4988710649.482535,0.00018866688982437544,11.59208991836123,0.4919373280014572,95.8125,False,refined,0.0,rank_2,0.036159874784586134,4.653591408050139,4.653591408050139,2.0,2.653591408050139,NULL,0,2.0,NULL,False
7,0.00018261175314001092,candidate,1,2,4726562498.388214,4727577974.364074,0.00017827843940852509,11.100152590359773,-0.4919373280014572,90.75,False,refined,0.030746083000091073,NULL,3.0,4.780746083000091,4.653591408050139,2.0,2.653591408050139,NULL,0,2.0,NULL,False
7,0.00018261175314001092,candidate,2,3,5878906247.995258,5875377315.654041,0.00014618130265716913,9.328781950801517,-2.216077249783437,112.875,False,refined,0.23918753549123728,rank_3,0.001510644283832966,4.843461927767906,4.653591408050139,2.0,2.653591408050139,NULL,0,2.0,NULL,False
7,0.00018261175314001092,candidate,3,4,1855468749.3672743,1855417265.0198529,0.0001358676934295228,8.663816576863725,-2.8515897506697563,35.625,False,refined,0.37865187288730096,rank_1,0.030285856269305536,5.040187780565772,4.653591408050139,2.0,2.653591408050139,NULL,0,2.0,NULL,False
7,0.00018261175314001092,candidate,4,5,4335937498.52142,4334723073.116034,0.00012484072331449202,7.95807092259631,-3.586788277988644,83.25,False,refined,0.5304636289848438,NULL,3.0,5.280463628984844,4.653591408050139,2.0,2.653591408050139,NULL,0,2.0,NULL,False
7,0.00018261175314001092,NULL,5,0,nan,nan,nan,nan,nan,nan,False,NULL,0.25,NULL,0.0,2.0,4.653591408050139,2.0,2.653591408050139,NULL,0,2.0,NULL,True
8,0.000182614953140012,candidate,0,1,4716796873.391544,4712451044.618419,0.0002165872088090406,12.859551310811863,0.8732646133614352,90.5625,False,refined,0.0,rank_2,0.022882400352998385,4.80362848335309,4.724170059348678,2.25,2.474170059348678,NULL,0,2.25,NULL,False
8,0.000182614953140012,candidate,1,2,4980468748.301631,4976061691.832417,0.00019587074439979314,12.009976893121443,-0.8732646133614352,95.625,False,refined,0.0545790383350897,rank_1,0.015999612963449962,4.724170059348678,4.724170059348678,2.25,2.474170059348678,NULL,0,2.25,NULL,False
8,0.000182614953140012,candidate,2,3,5498046873.1251335,5501541405.721473,0.00013799648073797578,8.88838807681819,-3.9152958717987563,105.5625,False,refined,0.41144778046469377,NULL,3.0,5.411447780464694,4.724170059348678,2.25,2.474170059348678,NULL,0,2.25,NULL,False
8,0.000182614953140012,candidate,3,4,1884765624.3572838,1884449768.3844059,0.0001267107307296671,8.024718824025747,-4.656388181074895,36.1875,False,refined,0.5873164377133189,NULL,3.0,5.587316437713319,4.724170059348678,2.25,2.474170059348678,NULL,0,2.25,NULL,False
8,0.000182614953140012,candidate,4,5,2412109374.1774564,2408004362.28563,0.00012387267453864558,7.950538149512401,-4.853145799104546,46.3125,False,refined,0.610740890017174,NULL,3.0,5.6107408900171745,4.724170059348678,2.25,2.474170059348678,NULL,0,2.25,NULL,False
8,0.000182614953140012,NULL,5,0,nan,nan,nan,nan,nan,nan,False,NULL,0.25,NULL,0.0,2.25,4.724170059348678,2.25,2.474170059348678,NULL,0,2.25,NULL,True
9,0.0001826181531400131,candidate,0,1,4707031248.394875,4702927353.462289,0.00022139078103252798,12.58705558374511,2.5585644363752635,90.375,False,refined,0.0,rank_1,0.009070069323734569,4.8126985526768244,4.8126985526768244,2.5,2.3126985526768244,NULL,0,2.5,NULL,False
9,0.0001826181531400131,candidate,1,2,4980468748.301631,4979038662.727295,0.00016490404568799712,10.04488334399638,-2.5585644363752635,95.625,False,refined,0.15991027727345397,rank_2,0.0008862355708953026,4.8849665721930275,4.8126985526768244,2.5,2.3126985526768244,NULL,0,2.5,NULL,False
9,0.0001826181531400131,candidate,2,3,5996093747.9552965,nan,0.0001431749039366125,8.777966067756626,-3.785852640021359,115.125,True,boundary_peak,1.919920879837841,NULL,3.0,7.169920879837841,4.8126985526768244,2.5,2.3126985526768244,NULL,0,2.5,NULL,False
9,0.0001826181531400131,candidate,3,4,5537109373.111813,5533019030.568597,0.00013808460394479957,8.524226728971946,-4.100285475271859,106.31249999999999,False,refined,0.4776338328586992,NULL,3.0,5.727633832858699,4.8126985526768244,2.5,2.3126985526768244,NULL,0,2.5,NULL,False
9,0.0001826181531400131,candidate,4,5,5263671873.205057,5267415680.115278,0.00012931170608019053,7.916621768452519,-4.670433815292592,101.0625,False,refined,0.6044088481879092,NULL,3.0,5.8544088481879095,4.8126985526768244,2.5,2.3126985526768244,NULL,0,2.5,NULL,False
9,0.0001826181531400131,NULL,5,0,nan,nan,nan,nan,nan,nan,False,NULL,0.25,NULL,0.0,2.5,4.8126985526768244,2.5,2.3126985526768244,NULL,0,2.5,NULL,True
10,0.0001826213531400142,candidate,0,1,4697265623.398205,4695729310.666086,0.00019075214251844437,11.487475229032569,0.6708534889379436,90.1875,False,refined,0.0,rank_1,0.0051811820095965,4.817879734686421,4.817879734686421,2.75,2.0678797346864206,NULL,0,2.75,NULL,False
10,0.0001826213531400142,candidate,1,2,5292968748.195066,5291018660.035165,0.00017657399789056856,10.931372646079307,-0.6708534889379436,101.625,False,refined,0.041928343058621476,NULL,3.0,5.541928343058622,4.817879734686421,2.75,2.0678797346864206,NULL,0,2.75,NULL,False
10,0.0001826213531400142,candidate,2,3,5996093747.9552965,nan,0.00015621242190010537,9.739493647296973,-1.735077178537674,115.125,True,boundary_peak,1.6475182765640586,NULL,3.0,7.147518276564059,4.817879734686421,2.75,2.0678797346864206,NULL,0,2.75,NULL,False
10,0.0001826213531400142,candidate,3,4,4990234373.298301,4988903082.742002,0.0001346750037421017,8.493462071070788,-3.0236485668532076,95.8125,False,refined,0.41495872476770734,rank_2,0.009730678222654438,5.309655975183389,4.817879734686421,2.75,2.0678797346864206,NULL,0,2.75,NULL,False
10,0.0001826213531400142,candidate,4,5,1552734374.4705083,1557093228.1421223,0.00011956776702414472,7.478418999277263,-4.057106118617373,29.812499999999996,False,refined,0.6318062825219963,NULL,3.0,6.131806282521996,4.817879734686421,2.75,2.0678797346864206,NULL,0,2.75,NULL,False
10,0.0001826213531400142,NULL,5,0,nan,nan,nan,nan,nan,nan,False,NULL,0.25,NULL,0.0,2.75,4.817879734686421,2.75,2.0678797346864206,NULL,0,2.75,NULL,True
11,0.00018262455314001528,candidate,0,1,5283203123.198397,5279439601.915717,0.0001877576129395805,11.713978509430865,3.02581881530811,101.4375,False,refined,0.0,rank_2,0.013407458693354789,5.555335801751976,5.239598673901492,3.0,2.239598673901492,NULL,0,3.0,NULL,False
11,0.00018262455314001528,candidate,1,2,4716796873.391544,4714355989.2864485,0.00013252768582086328,8.680600349228742,-3.02581881530811,90.5625,False,refined,0.3870236235724456,rank_1,0.03469531564262614,5.239598673901492,5.239598673901492,3.0,2.239598673901492,NULL,0,3.0,NULL,False
11,0.00018262455314001528,candidate,2,3,2744140624.064232,2740262995.0737023,0.00012606535099968477,8.170483727493707,-3.4600363573280912,52.6875,False,refined,0.49067971320894965,NULL,3.0,6.24067971320895,5.239598673901492,3.0,2.239598673901492,NULL,0,3.0,NULL,False
11,0.00018262455314001528,candidate,3,4,4541015623.451487,4539629715.819669,0.00012113968698840692,7.907756348355104,-3.8062221610757607,87.1875,False,refined,0.5517254328139695,NULL,3.0,6.30172543281397,5.239598673901492,3.0,2.239598673901492,NULL,0,3.0,NULL,False
11,0.00018262455314001528,candidate,4,5,5009765623.29164,5008661657.465076,0.00011309726727989267,7.329735238654411,-4.402908876600451,96.1875,False,refined,0.6757215189893665,rank_4,0.03904012750873349,6.024417621681489,5.239598673901492,3.0,2.239598673901492,NULL,0,3.0,NULL,False
11,0.00018262455314001528,NULL,5,0,nan,nan,nan,nan,nan,nan,False,NULL,0.25,NULL,0.0,3.0,5.239598673901492,3.0,2.239598673901492,NULL,0,3.0,NULL,True
12,0.00018262775314001637,candidate,0,1,5273437498.201727,5269144752.667043,0.0001764871755379516,11.009700702922238,2.7273123174043334,101.25,False,refined,0.0,rank_1,0.01059839210529317,5.565934193857269,5.565934193857269,3.25,2.3159341938572693,NULL,0,3.25,NULL,False
12,0.00018262775314001637,candidate,1,2,4560546873.444827,4564728405.289131,0.00012892808645698144,8.330484566508751,-2.7273123174043334,87.56250000000001,False,refined,0.42088433486145815,NULL,3.0,6.420884334861459,5.565934193857269,3.25,2.3159341938572693,NULL,0,3.25,NULL,False
12,0.00018262775314001637,candidate,2,3,5898437497.988598,5902560311.042091,0.00012789767020039353,8.332935456635111,-2.797010388395842,113.25,False,refined,0.42487283077947346,NULL,3.0,6.424872830779473,5.565934193857269,3.25,2.3159341938572693,NULL,0,3.25,NULL,False
12,0.00018262775314001637,candidate,3,4,2734374999.067562,2737156420.369769,0.0001270275112724231,8.381240344738154,-2.8563072670031087,52.5,False,refined,0.4213331524769711,NULL,3.0,6.421333152476971,5.565934193857269,3.25,2.3159341938572693,NULL,0,3.25,NULL,False
12,0.00018262775314001637,candidate,4,5,2343749999.2007675,2342156176.8838553,0.00011568096872446397,7.3406759825973555,-3.6690247203248827,45.0,False,refined,0.6282126476307018,NULL,3.0,6.6282126476307015,5.565934193857269,3.25,2.3159341938572693,NULL,0,3.25,NULL,False
12,0.00018262775314001637,NULL,5,0,nan,nan,nan,nan,nan,nan,False,NULL,0.25,NULL,0.0,3.25,5.565934193857269,3.25,2.3159341938572693,NULL,0,3.25,NULL,True
13,0.00018263095314001747,candidate,0,1,5263671873.205057,5268377607.272421,0.00015948938789589923,10.411151858051761,1.1376575964248214,101.0625,False,refined,0.0,rank_1,5.8851205648951254e-05,5.5659930450629185,5.5659930450629185,3.5,2.0659930450629185,NULL,0,3.5,NULL,False
13,0.00018263095314001747,candidate,1,2,5546874998.108483,5545687630.156273,0.00013991004988845313,9.27349426162694,-1.1376575964248214,106.5,False,refined,0.18007946053251034,NULL,3.0,6.43007946053251,5.5659930450629185,3.5,2.0659930450629185,NULL,0,3.5,NULL,False
13,0.00018263095314001747,candidate,2,3,3720703123.7312183,3721230164.7758436,0.00012953043257322414,8.569378601435513,-1.807199507890056,71.4375,False,refined,0.3275431790278015,NULL,3.0,6.577543179027802,5.5659930450629185,3.5,2.0659930450629185,NULL,0,3.5,NULL,False
13,0.00018263095314001747,candidate,3,4,5937499997.975278,5937437185.911137,0.00011994094304132845,7.935865216163869,-2.4752866418878927,114.00000000000001,False,refined,0.464325632693413,NULL,3.0,6.714325632693413,5.5659930450629185,3.5,2.0659930450629185,NULL,0,3.5,NULL,False
13,0.00018263095314001747,candidate,4,5,2744140624.064232,2739336470.083861,0.00011270117650400841,7.313735846127329,-3.016066830745663,52.6875,False,refined,0.5914438000025045,NULL,3.0,6.841443800002504,5.5659930450629185,3.5,2.0659930450629185,NULL,0,3.5,NULL,False
13,0.00018263095314001747,NULL,5,0,nan,nan,nan,nan,nan,nan,False,NULL,0.25,NULL,0.0,3.5,5.5659930450629185,3.5,2.0659930450629185,NULL,0,3.5,NULL,True
14,0.00018263415314001856,candidate,0,1,3749999998.7212276,3745220167.7905536,0.00017394853815060597,10.733977855724905,1.6316458957118662,72.0,False,refined,0.0,NULL,3.0,6.5,5.998913505159456,3.75,2.2489135051594564,NULL,0,3.75,NULL,False
14,0.00018263415314001856,candidate,1,2,5576171873.098493,5578052701.054064,0.00014415791373573671,9.10233196001304,-1.6316458957118662,107.0625,False,refined,0.23662807448003575,NULL,3.0,6.736628074480036,5.998913505159456,3.75,2.2489135051594564,NULL,0,3.75,NULL,False
14,0.00018263415314001856,candidate,2,3,5273437498.201727,5271316292.387877,0.00013030097373355263,8.165230197284474,-2.509462442694863,101.25,False,refined,0.4320568730757578,rank_1,0.0008635870207806059,5.998913505159456,5.998913505159456,3.75,2.2489135051594564,NULL,0,3.75,NULL,False
14,0.00018263415314001856,candidate,3,4,1650390624.437207,1649642447.016764,0.00012309576814824072,7.660250203468086,-3.0035532108400798,31.6875,False,refined,0.538684545157292,NULL,3.0,7.038684545157292,5.998913505159456,3.75,2.2489135051594564,NULL,0,3.75,NULL,False
14,0.00018263415314001856,candidate,4,5,2382812499.187447,2387146088.875012,0.00011886155344198554,7.3372117530248016,-3.307587628442006,45.75,False,refined,0.6061424638239051,NULL,3.0,7.106142463823905,5.998913505159456,3.75,2.2489135051594564,NULL,0,3.75,NULL,False
14,0.00018263415314001856,NULL,5,0,nan,nan,nan,nan,nan,nan,False,NULL,0.25,NULL,0.0,3.75,5.998913505159456,3.75,2.2489135051594564,NULL,0,3.75,NULL,True
15,0.00018263735314001965,candidate,0,1,3749999998.7212276,3747038477.153223,0.00017420794259706822,11.176551284132605,2.1914635095816326,72.0,False,refined,0.0,rank_1,0.00033062489383714466,6.500330624893837,6.500330624893837,4.0,2.500330624893837,NULL,0,4.0,NULL,False
15,0.00018263735314001965,candidate,1,2,5986328122.958627,5990155937.661793,0.00013536138091901177,8.970183902278652,-2.1914635095816326,114.9375,False,refined,0.2914388840070542,NULL,3.0,7.0414388840070545,6.500330624893837,4.0,2.500330624893837,NULL,0,4.0,NULL,False
15,0.00018263735314001965,candidate,2,3,2197265624.2507195,2196039106.2909627,0.0001305450971993683,8.705952400592318,-2.506147716177516,42.1875,False,refined,0.350741372172247,NULL,3.0,7.100741372172247,6.500330624893837,4.0,2.500330624893837,NULL,0,4.0,NULL,False
15,0.00018263735314001965,candidate,3,4,2861328124.02427,2861918202.029428,0.00011364808331638041,7.4664345634410445,-3.710116720691561,54.93749999999999,False,refined,0.6119171105270659,NULL,3.0,7.361917110527066,6.500330624893837,4.0,2.500330624893837,NULL,0,4.0,NULL,False
15,0.00018263735314001965,candidate,4,5,4169921873.578032,4165531379.499113,0.00011359315319531312,7.280992865583817,-3.7143159319439967,80.0625,False,refined,0.6399958159089272,NULL,3.0,7.389995815908927,6.500330624893837,4.0,2.500330624893837,NULL,0,4.0,NULL,False
15,0.00018263735314001965,NULL,5,0,nan,nan,nan,nan,nan,nan,False,NULL,0.25,NULL,0.0,4.0,6.500330624893837,4.0,2.500330624893837,NULL,0,4.0,NULL,True
16,0.00018264055314002074,candidate,0,1,5976562497.961957,5974872129.45364,0.00014715461123631713,8.948061542483208,0.4075370917349197,114.75,False,refined,0.15779076862751884,NULL,3.0,7.157790768627519,6.749359431129545,4.25,2.4993594311295446,NULL,0,4.25,NULL,False
16,0.00018264055314002074,candidate,1,2,3740234373.724558,3742431503.9494824,0.00014040967079880946,8.523764548051487,-0.4075370917349197,71.8125,False,refined,0.24690638602570947,rank_1,0.00212242020999839,6.749359431129545,6.749359431129545,4.25,2.4993594311295446,NULL,0,4.25,NULL,False
16,0.00018264055314002074,candidate,2,3,2187499999.25405,2189865322.2462277,0.00013127747667398502,7.95871228246793,-0.9916731057149342,42.0,False,refined,0.36817272673699386,NULL,3.0,7.368172726736994,6.749359431129545,4.25,2.4993594311295446,NULL,0,4.25,NULL,False
16,0.00018264055314002074,candidate,3,4,4169921873.578032,4171612875.8717613,0.00011122149374689864,6.524324908367403,-2.4317030435832443,80.0625,False,refined,0.6733327039688424,NULL,3.0,7.673332703968843,6.749359431129545,4.25,2.4993594311295446,NULL,0,4.25,NULL,False
16,0.00018264055314002074,candidate,4,5,4384765623.504769,4386443120.134968,0.0001089981145086407,6.3005686013456685,-2.6070978057324723,84.1875,False,refined,0.7178583226564292,NULL,3.0,7.717858322656429,6.749359431129545,4.25,2.4993594311295446,NULL,0,4.25,NULL,False
16,0.00018264055314002074,NULL,5,0,nan,nan,nan,nan,nan,nan,False,NULL,0.25,NULL,0.0,4.25,6.749359431129545,4.25,2.4993594311295446,NULL,0,4.25,NULL,True
17,0.00018264375314002183,candidate,0,1,2636718749.1008635,2634026030.364656,0.00013004510360104085,7.726025889746406,0.34603077272670646,50.625,False,refined,0.34109611653803906,NULL,3.0,7.591096116538039,7.591096116538039,4.5,3.091096116538039,NULL,0,4.5,NULL,False
17,0.00018264375314002183,candidate,1,2,4999999998.2949705,5002795851.717162,0.0001249661719290707,7.162201306563762,-0.34603077272670646,96.0,False,refined,0.4472967273108548,NULL,3.0,7.697296727310855,7.591096116538039,4.5,3.091096116538039,NULL,0,4.5,NULL,False
17,0.00018264375314002183,candidate,2,3,5966796872.965287,5968267776.089386,0.00012447198714025218,7.180160041103418,-0.3804476411691571,114.5625,False,refined,0.44675397140755957,rank_1,0.00436174833599331,7.608906488371073,7.591096116538039,4.5,3.091096116538039,NULL,0,4.5,NULL,False
17,0.00018264375314002183,candidate,3,4,2470703124.1574755,2467931329.911548,0.00012027595418744837,6.882378764715309,-0.6783038799432184,47.43749999999999,False,refined,0.5100371777891548,NULL,3.0,7.760037177789155,7.591096116538039,4.5,3.091096116538039,NULL,0,4.5,NULL,False
17,0.00018264375314002183,candidate,4,5,4589843748.434836,4591170810.332603,0.00011506737453812816,6.491235789021026,-1.0628360191478237,88.125,False,refined,0.5927418828435851,NULL,3.0,7.842741882843585,7.591096116538039,4.5,3.091096116538039,NULL,0,4.5,NULL,False
17,0.00018264375314002183,NULL,5,0,nan,nan,nan,nan,nan,nan,False,NULL,0.25,NULL,0.0,4.5,7.591096116538039,4.5,3.091096116538039,NULL,0,4.5,NULL,True
18,0.00018264695314002292,candidate,0,1,5019531248.28831,5022409588.738383,0.00014882595505003458,9.551161905824843,0.9012847340354924,96.375,False,refined,0.06732571412627353,NULL,3.0,7.567325714126273,7.567325714126273,4.75,2.817325714126273,NULL,0,4.75,NULL,False
18,0.00018264695314002292,candidate,1,2,2626953124.1041937,2622606718.9042645,0.00013415734085656724,8.641730372701248,-0.9012847340354924,50.4375,False,refined,0.260070739972031,NULL,3.0,7.760070739972031,7.567325714126273,4.75,2.817325714126273,NULL,0,4.75,NULL,False
18,0.00018264695314002292,candidate,2,3,4570312498.441497,4569788881.940079,0.00012411114215420572,7.965656988820644,-1.5773581179160967,87.75,False,refined,0.40373633404665943,NULL,3.0,7.903736334046659,7.567325714126273,4.75,2.817325714126273,NULL,0,4.75,NULL,False
18,0.00018264695314002292,candidate,3,4,5390624998.161765,5386662785.163612,0.00011405798836137504,7.25262242567279,-2.3110594105276316,103.5,False,refined,0.5565478493070585,NULL,3.0,8.056547849307059,7.567325714126273,4.75,2.817325714126273,NULL,0,4.75,NULL,False
18,0.00018264695314002292,candidate,4,5,5664062498.0685215,5668219812.662629,0.0001075407267049764,6.720900880550547,-2.8221142261861942,108.75,False,refined,0.6682470070540552,NULL,3.0,8.168247007054056,7.567325714126273,4.75,2.817325714126273,NULL,0,4.75,NULL,False
18,0.00018264695314002292,NULL,5,0,nan,nan,nan,nan,nan,nan,False,NULL,0.25,NULL,0.0,4.75,7.567325714126273,4.75,2.817325714126273,NULL,0,4.75,NULL,True
19,0.000182650153140024,candidate,0,1,5644531248.075182,5649385833.593727,0.00015475434153485577,10.593773932991848,0.6518339334824041,108.375,False,refined,0.0,NULL,3.0,7.75,7.650338588715161,5.0,2.6503385887151607,NULL,0,5.0,NULL,False
19,0.000182650153140024,candidate,1,2,5039062498.28165,5037548126.243308,0.0001435658494896131,9.870961853550426,-0.6518339334824041,96.74999999999999,False,refined,0.06009534281008633,rank_1,0.0229175317788014,7.650338588715161,7.650338588715161,5.0,2.6503385887151607,NULL,0,5.0,NULL,False
19,0.000182650153140024,candidate,2,3,5361328123.171756,5365749575.336006,0.00012215813903765035,8.45346562136486,-2.054408673625172,102.9375,False,refined,0.3603806988968443,NULL,3.0,8.110380698896844,7.650338588715161,5.0,2.6503385887151607,NULL,0,5.0,NULL,False
19,0.000182650153140024,candidate,3,4,3789062498.707907,3789547696.592085,0.00011790778400599606,8.195076253797176,-2.362007290707364,72.75,False,refined,0.41836401759963393,NULL,3.0,8.168364017599634,7.650338588715161,5.0,2.6503385887151607,NULL,0,5.0,NULL,False
19,0.000182650153140024,candidate,4,5,2607421874.1108537,2603093539.479578,0.00010850120604017572,7.406040869474726,-3.0841655225484743,50.0625,False,refined,0.5818542147380708,NULL,3.0,8.33185421473807,7.650338588715161,5.0,2.6503385887151607,NULL,0,5.0,NULL,False
19,0.000182650153140024,NULL,5,0,nan,nan,nan,nan,nan,nan,False,NULL,0.25,NULL,0.0,5.0,7.650338588715161,5.0,2.6503385887151607,NULL,0,5.0,NULL,True
20,0.0001826533531400251,candidate,0,1,5624999998.081841,5625041578.886271,0.00015941663448050652,10.551580321053056,0.4490374148393794,107.99999999999999,False,refined,0.0,rank_1,0.05926427372614758,7.809264273726147,7.809264273726147,5.25,2.5592642737261473,NULL,0,5.25,NULL,False
20,0.0001826533531400251,candidate,1,2,3798828123.704577,3799608179.537359,0.00015138462366863763,10.10863294074551,-0.4490374148393794,72.9375,False,refined,0.028064838427461214,NULL,3.0,8.028064838427461,7.809264273726147,5.25,2.5592642737261473,NULL,0,5.25,NULL,False
20,0.0001826533531400251,candidate,2,3,4726562498.388214,4731402423.016585,0.00012226812706676724,8.222301176034463,-2.304407533361683,90.75,False,refined,0.4106802944299357,NULL,3.0,8.410680294429936,7.809264273726147,5.25,2.5592642737261473,NULL,0,5.25,NULL,False
20,0.0001826533531400251,candidate,3,4,1728515624.410566,1730546686.3104687,0.00012128693246088657,8.165665814687646,-2.3743924820122153,33.1875,False,refined,0.42354965792261656,NULL,3.0,8.423549657922617,7.809264273726147,5.25,2.5592642737261473,NULL,0,5.25,NULL,False
20,0.0001826533531400251,candidate,4,5,5351562498.175086,5353643218.354165,0.0001114527903083755,7.318252610845404,-3.108853808781058,102.75,False,refined,0.5965654714220056,NULL,3.0,8.596565471422005,7.809264273726147,5.25,2.5592642737261473,NULL,0,5.25,NULL,False
20,0.0001826533531400251,NULL,5,0,nan,nan,nan,nan,nan,nan,False,NULL,0.25,NULL,0.0,5.25,7.809264273726147,5.25,2.5592642737261473,NULL,0,5.25,NULL,True
21,0.0001826565531400262,candidate,0,1,2978515623.9843087,2981557273.159938,0.0001521496965235469,9.350456595089236,1.0990741796864167,57.1875,False,refined,0.0974315107366146,NULL,3.0,8.347431510736614,8.325436644350546,5.5,2.825436644350546,NULL,0,5.5,NULL,False
21,0.0001826565531400262,candidate,1,2,3828124998.6945868,3825910590.0610166,0.00013406560780846016,8.232676493262865,-1.0990741796864167,73.5,False,refined,0.3337906622409713,rank_2,0.06918167993549994,8.431037180603933,8.325436644350546,5.5,2.825436644350546,NULL,0,5.5,NULL,False
21,0.0001826565531400262,candidate,2,3,1718749999.413896,1716308996.1756372,0.0001287312188350126,7.898712409955291,-1.4517441851339452,33.0,False,refined,0.40592715007757796,NULL,3.0,8.655927150077577,8.325436644350546,5.5,2.825436644350546,NULL,0,5.5,NULL,False
21,0.0001826565531400262,candidate,3,4,5605468748.088502,5601930188.18841,0.00012520789182111455,7.620270009570342,-1.6927877449764672,107.625,False,refined,0.46275873262547784,rank_1,0.0534136379989207,8.325436644350546,8.325436644350546,5.5,2.825436644350546,NULL,0,5.5,NULL,False
21,0.0001826565531400262,candidate,4,5,4794921873.364903,4793996477.335967,0.000109308929630185,6.4594416967497015,-2.87230897619958,92.0625,False,refined,0.7106030565000185,NULL,3.0,8.960603056500018,8.325436644350546,5.5,2.825436644350546,NULL,0,5.5,NULL,False
21,0.0001826565531400262,NULL,5,0,nan,nan,nan,nan,nan,nan,False,NULL,0.25,NULL,0.0,5.5,8.325436644350546,5.5,2.825436644350546,NULL,0,5.5,NULL,True
22,0.00018265975314002729,candidate,0,1,2978515623.9843087,2976979871.2424445,0.00015997535313810835,10.8284643697269,0.6639445740222527,57.1875,False,refined,0.0,rank_1,0.002095260831427174,8.34952677156804,8.34952677156804,5.75,2.5995267715680406,NULL,0,5.75,NULL,False
22,0.00018265975314002729,candidate,1,2,4833984373.351583,4835212689.205985,0.00014820260888882765,10.164519795704647,-0.6639445740222527,92.8125,False,refined,0.041496535876390794,NULL,3.0,8.54149653587639,8.34952677156804,5.75,2.5995267715680406,NULL,0,5.75,NULL,False
22,0.00018265975314002729,candidate,2,3,5400390623.158435,5395699480.806624,0.00012839100400323942,8.918094719293048,-1.9103696504338519,103.6875,False,refined,0.2816838952581585,NULL,3.0,8.781683895258158,8.34952677156804,5.75,2.5995267715680406,NULL,0,5.75,NULL,False
22,0.00018265975314002729,candidate,3,4,1699218749.4205563,1701152104.3440769,0.00011573525153079419,7.950782636811242,-2.8117483536098575,32.625,False,refined,0.48311687657892977,NULL,3.0,8.98311687657893,8.34952677156804,5.75,2.5995267715680406,NULL,0,5.75,NULL,False
22,0.00018265975314002729,candidate,4,5,2294921874.217418,2299174501.187396,0.000114707879079789,7.818953878039645,-2.889196553742366,44.0625,False,refined,0.5077317029029511,NULL,3.0,9.007731702902952,8.34952677156804,5.75,2.5995267715680406,NULL,0,5.75,NULL,False
22,0.00018265975314002729,NULL,5,0,nan,nan,nan,nan,nan,nan,False,NULL,0.25,NULL,0.0,5.75,8.34952677156804,5.75,2.5995267715680406,NULL,0,5.75,NULL,True
23,0.00018266295314002838,candidate,0,1,4853515623.344923,4857249230.704838,0.0001954897367470408,11.6590310905472,2.3050758477002553,93.18750000000001,False,refined,0.0,rank_2,0.04856091612306585,8.590057451999456,8.590057451999456,6.0,2.5900574519994564,NULL,0,6.0,NULL,False
23,0.00018266295314002838,candidate,1,2,2285156249.2207484,2284626094.1302495,0.00014992365776923052,9.310562435486274,-2.3050758477002553,43.875,False,refined,0.2474828751583249,NULL,3.0,8.997482875158324,8.590057451999456,6.0,2.5900574519994564,NULL,0,6.0,NULL,False
23,0.00018266295314002838,candidate,2,3,5400390623.158435,5396747437.339925,0.0001447100609250478,8.856105534461358,-2.612504708211283,103.6875,False,refined,0.33486571409400145,NULL,3.0,9.084865714094,8.590057451999456,6.0,2.5900574519994564,NULL,0,6.0,NULL,False
23,0.00018266295314002838,candidate,3,4,5136718748.248348,5132322412.905238,0.00013906345239492467,8.578130000836985,-2.9582190956272125,98.62499999999999,False,refined,0.398169193351153,NULL,3.0,9.148169193351153,8.590057451999456,6.0,2.5900574519994564,NULL,0,6.0,NULL,False
23,0.00018266295314002838,candidate,4,5,3164062498.9210362,3163794596.746279,0.0001230051936853456,7.439035348391503,-4.024010252079853,60.75000000000001,False,refined,0.6356453384962654,NULL,3.0,9.385645338496266,8.590057451999456,6.0,2.5900574519994564,NULL,0,6.0,NULL,False
23,0.00018266295314002838,NULL,5,0,nan,nan,nan,nan,nan,nan,False,NULL,0.25,NULL,0.0,6.0,8.590057451999456,6.0,2.5900574519994564,NULL,0,6.0,NULL,True
24,0.00018266615314002947,candidate,0,1,4863281248.341593,4865446278.311346,0.0001901682658309894,10.862139922775045,1.8733321850499074,93.375,False,refined,0.0,rank_1,0.006719158946336272,8.596776610945792,8.596776610945792,6.25,2.346776610945792,NULL,0,6.25,NULL,False
24,0.00018266615314002947,candidate,1,2,5117187498.255009,5119270363.388262,0.00015327503955286223,8.900338399500987,-1.8733321850499074,98.25,False,refined,0.2820325016404712,NULL,3.0,9.28203250164047,8.596776610945792,6.25,2.346776610945792,NULL,0,6.25,NULL,False
24,0.00018266615314002947,candidate,2,3,5390624998.161765,5386498154.810599,0.00014044131054626917,8.096660405717593,-2.6328634526949823,103.5,False,refined,0.4500549049357975,NULL,3.0,9.450054904935797,8.596776610945792,6.25,2.346776610945792,NULL,0,6.25,NULL,False
24,0.00018266615314002947,candidate,3,4,2265624999.2274084,2267323312.201385,0.0001389618895033922,8.137293214368801,-2.7248467084062433,43.5,False,refined,0.44970893712007,NULL,3.0,9.44970893712007,8.596776610945792,6.25,2.346776610945792,NULL,0,6.25,NULL,False
24,0.00018266615314002947,candidate,4,5,3164062498.9210362,3165207235.039152,0.00013018493940984151,7.53150512668797,-3.2915460165278176,60.75000000000001,False,refined,0.5759958570297932,NULL,3.0,9.575995857029794,8.596776610945792,6.25,2.346776610945792,NULL,0,6.25,NULL,False
24,0.00018266615314002947,NULL,5,0,nan,nan,nan,nan,nan,nan,False,NULL,0.25,NULL,0.0,6.25,8.596776610945792,6.25,2.346776610945792,NULL,0,6.25,NULL,True
25,0.00018266935314003056,candidate,0,1,5107421873.258339,5109017774.364643,0.00016452005561971356,10.134637824700494,1.3387380558798512,98.0625,False,refined,0.0,NULL,3.0,9.25,9.138229126506227,6.5,2.6382291265062268,NULL,0,6.5,NULL,False
25,0.00018266935314003056,candidate,1,2,4638671873.418185,4636071153.274097,0.00014102040086392157,8.795899768820643,-1.3387380558798512,89.0625,False,refined,0.26428616316939424,NULL,3.0,9.514286163169395,9.138229126506227,6.5,2.6382291265062268,NULL,0,6.5,NULL,False
25,0.00018266935314003056,candidate,2,3,5361328123.171756,5361086828.950621,0.00013342739732859871,8.315161164299703,-1.8194766604007917,102.9375,False,refined,0.3664431166300941,NULL,3.0,9.616443116630094,9.138229126506227,6.5,2.6382291265062268,NULL,0,6.5,NULL,False
25,0.00018266935314003056,candidate,3,4,4853515623.344923,4852196762.701013,0.0001214074045740239,7.607130278204357,-2.6394734544038645,93.18750000000001,False,refined,0.523897549169588,rank_1,0.017554966390846957,9.138229126506227,9.138229126506227,6.5,2.6382291265062268,NULL,0,6.5,NULL,False
25,0.00018266935314003056,candidate,4,5,3154296873.924366,3150538979.875736,0.00011172423732791863,6.773208845164849,-3.3614289795356456,60.56249999999999,False,refined,0.6941079844462505,NULL,3.0,9.944107984446251,9.138229126506227,6.5,2.6382291265062268,NULL,0,6.5,NULL,False
25,0.00018266935314003056,NULL,5,0,nan,nan,nan,nan,nan,nan,False,NULL,0.25,NULL,0.0,6.5,9.138229126506227,6.5,2.6382291265062268,NULL,0,6.5,NULL,True
26,0.00018267255314003165,candidate,0,1,5117187498.255009,5115035879.790524,0.00016009750158766671,11.281831269771754,1.0287056138813977,98.25,False,refined,0.0,rank_1,0.0036217592917011498,9.2536217592917,9.2536217592917,6.75,2.5036217592917005,NULL,0,6.75,NULL,False
26,0.00018267255314003165,candidate,1,2,5996093747.9552965,nan,0.00014221626670596918,10.029089967672187,-1.0287056138813977,115.125,True,boundary_peak,1.5642941008675875,NULL,3.0,11.064294100867588,9.2536217592917,6.75,2.5036217592917005,NULL,0,6.75,NULL,False
26,0.00018267255314003165,candidate,2,3,5351562498.175086,5349063366.550654,0.00014034648389058067,9.943959384055052,-1.1436603572209947,102.75,False,refined,0.07988486471805434,NULL,3.0,9.579884864718053,9.2536217592917,6.75,2.5036217592917005,NULL,0,6.75,NULL,False
26,0.00018267255314003165,candidate,3,4,4667968748.4081955,4664902981.1797085,0.00013162380603809148,9.555153657995907,-1.7010021968411504,89.625,False,refined,0.1730395886031858,NULL,3.0,9.673039588603185,9.2536217592917,6.75,2.5036217592917005,NULL,0,6.75,NULL,False
26,0.00018267255314003165,candidate,4,5,4003906248.6346445,4008617388.953182,0.00011891144642136492,8.591752767529774,-2.5832178544496553,76.875,False,refined,0.3726882007736373,NULL,3.0,9.872688200773638,9.2536217592917,6.75,2.5036217592917005,NULL,0,6.75,NULL,False
26,0.00018267255314003165,NULL,5,0,nan,nan,nan,nan,nan,nan,False,NULL,0.25,NULL,0.0,6.75,9.2536217592917,6.75,2.5036217592917005,NULL,0,6.75,NULL,True
27,0.00018267575314003274,candidate,0,1,5996093747.9552965,nan,0.00019218693653443418,12.407071323477883,3.395051649681946,115.125,True,boundary_peak,1.5,NULL,3.0,11.25,9.654536859137027,7.0,2.6545368591370266,NULL,0,7.0,NULL,False
27,0.00018267575314003274,candidate,1,2,5361328123.171756,5356837857.874609,0.00013000836053795177,9.108834889285333,-3.395051649681946,102.9375,False,refined,0.34586549471232164,rank_3,0.006044271534624508,9.931794630965001,9.654536859137027,7.0,2.6545368591370266,NULL,0,7.0,NULL,False
27,0.00018267575314003274,candidate,2,3,5107421873.258339,5105784452.493511,0.00012732076839730086,8.87449704893311,-3.5764922637136376,98.0625,False,refined,0.39235620914213587,rank_1,0.008558890703190486,9.654536859137027,9.654536859137027,7.0,2.6545368591370266,NULL,0,7.0,NULL,False
27,0.00018267575314003274,candidate,3,4,4140624998.588022,4145181315.714834,0.00012037587103532773,8.369115414944046,-4.063688429664518,79.5,False,refined,0.49861321461242547,NULL,3.0,10.248613214612426,9.654536859137027,7.0,2.6545368591370266,NULL,0,7.0,NULL,False
27,0.00018267575314003274,candidate,4,5,5615234373.085172,5618813166.543231,0.0001136739479983037,7.889730903208214,-4.561258409438533,107.8125,False,refined,0.6016190151086762,NULL,3.0,10.351619015108676,9.654536859137027,7.0,2.6545368591370266,NULL,0,7.0,NULL,False
27,0.00018267575314003274,NULL,5,0,nan,nan,nan,nan,nan,nan,False,NULL,0.25,NULL,0.0,7.0,9.654536859137027,7.0,2.6545368591370266,NULL,0,7.0,NULL,True
28,0.00018267895314003383,candidate,0,1,5996093747.9552965,nan,0.0001942652955985642,13.57191825323076,2.7065650690477483,115.125,True,boundary_peak,1.5,NULL,3.0,11.5,10.106830569056074,7.25,2.856830569056074,NULL,0,7.25,NULL,False
28,0.00018267895314003383,candidate,1,2,5361328123.171756,5364503117.997781,0.00014225481323836188,10.808288434047846,-2.7065650690477483,102.9375,False,refined,0.16916031681548427,rank_2,0.0058756212755887854,10.106830569056074,10.106830569056074,7.25,2.856830569056074,NULL,0,7.25,NULL,False
28,0.00018267895314003383,candidate,2,3,5576171873.098493,5576792886.924132,0.00014194508362222493,11.005971113021804,-2.725497365352094,107.0625,False,refined,0.1703435853345059,NULL,3.0,10.170343585334505,10.106830569056074,7.25,2.856830569056074,NULL,0,7.25,NULL,False
28,0.00018267895314003383,candidate,3,4,4999999998.2949705,4998952798.499146,0.00012725832569121523,10.057288113566871,-3.674180364807027,96.0,False,refined,0.2296362728004392,NULL,3.0,10.22963627280044,10.106830569056074,7.25,2.856830569056074,NULL,0,7.25,NULL,False
28,0.00018267895314003383,candidate,4,5,1708984374.4172263,1705167640.3361666,0.00012461808091930764,9.82944596208684,-3.856283285956934,32.8125,False,refined,0.26660081105928235,NULL,3.0,10.266600811059282,10.106830569056074,7.25,2.856830569056074,NULL,0,7.25,NULL,False
28,0.00018267895314003383,NULL,5,0,nan,nan,nan,nan,nan,nan,False,NULL,0.25,NULL,0.0,7.25,10.106830569056074,7.25,2.856830569056074,NULL,0,7.25,NULL,True
29,0.00018268215314003492,candidate,0,1,5351562498.175086,5352056680.215493,0.00017302338212336115,12.352983892913842,0.19505681959206989,102.75,False,refined,0.0,rank_2,0.015491381346835621,10.12232195040291,10.12232195040291,7.5,2.6223219504029096,NULL,0,7.5,NULL,False
29,0.00018268215314003492,candidate,1,2,5039062498.28165,5039430762.6306505,0.00016918114349444725,12.25214303496772,-0.19505681959206989,96.74999999999999,False,refined,0.012191051224504368,NULL,3.0,10.262191051224505,10.12232195040291,7.5,2.6223219504029096,NULL,0,7.5,NULL,False
29,0.00018268215314003492,candidate,2,3,5996093747.9552965,nan,0.00015379791888462096,11.218639008520341,-1.0230867630916674,115.125,True,boundary_peak,1.5639429226932293,NULL,3.0,11.81394292269323,10.12232195040291,7.5,2.6223219504029096,NULL,0,7.5,NULL,False
29,0.00018268215314003492,candidate,3,4,3466796873.817802,3466151994.268075,0.00012908454960123042,9.81518129821148,-2.544610664836906,66.5625,False,refined,0.1867609718205847,NULL,3.0,10.436760971820584,10.12232195040291,7.5,2.6223219504029096,NULL,0,7.5,NULL,False
29,0.00018268215314003492,candidate,4,5,4804687498.361573,4808716310.203513,0.0001268379757788917,9.750089963560544,-2.6971098909992453,92.25,False,refined,0.2060558736533712,NULL,3.0,10.456055873653371,10.12232195040291,7.5,2.6223219504029096,NULL,0,7.5,NULL,False
29,0.00018268215314003492,NULL,5,0,nan,nan,nan,nan,nan,nan,False,NULL,0.25,NULL,0.0,7.5,10.12232195040291,7.5,2.6223219504029096,NULL,0,7.5,NULL,True
30,0.00018268535314003602,candidate,0,1,5322265623.185076,5323784724.945911,0.00022051055572036023,12.783416501165066,3.296562617091654,102.1875,False,refined,0.0,rank_1,0.07993034547652338,10.202252295879433,10.202252295879433,7.75,2.4522522958794326,NULL,0,7.75,NULL,False
30,0.00018268535314003602,candidate,1,2,5048828123.278319,5046393562.788127,0.00015086943116458603,9.39797198787602,-3.296562617091654,96.93749999999999,False,refined,0.2963393653868255,rank_2,0.004848058603295373,10.563378475214627,10.202252295879433,7.75,2.4522522958794326,NULL,0,7.75,NULL,False
30,0.00018268535314003602,candidate,2,3,4814453123.358243,4811076081.367508,0.0001467097962424248,9.155129208625432,-3.539405396342241,92.4375,False,refined,0.34794345597757526,rank_5,0.0005568519946421321,10.804556181625587,10.202252295879433,7.75,2.4522522958794326,NULL,0,7.75,NULL,False
30,0.00018268535314003602,candidate,3,4,2773437499.0542417,2772401875.728135,0.00014076579892709375,8.807322744848447,-3.898644684047703,53.25,False,refined,0.4225668810257144,NULL,3.0,10.922566881025714,10.202252295879433,7.75,2.4522522958794326,NULL,0,7.75,NULL,False
30,0.00018268535314003602,candidate,4,5,5996093747.9552965,nan,0.00013464226343847346,8.400428035729455,-4.284959597872495,115.125,True,boundary_peak,2.0077457695076126,NULL,3.0,12.507745769507613,10.202252295879433,7.75,2.4522522958794326,NULL,0,7.75,NULL,False
30,0.00018268535314003602,NULL,5,0,nan,nan,nan,nan,nan,nan,False,NULL,0.25,NULL,0.0,7.75,10.202252295879433,7.75,2.4522522958794326,NULL,0,7.75,NULL,True
31,0.0001826885531400371,candidate,0,1,5322265623.185076,5318827414.83657,0.0002151456800970217,12.318365160832023,3.712618095681659,102.1875,False,refined,0.0,rank_1,0.002457492352018064,10.204709788231451,10.204709788231451,8.0,2.204709788231451,NULL,0,8.0,NULL,False
31,0.0001826885531400371,candidate,1,2,2792968749.047581,2792113853.6442432,0.00014031423264949299,8.586047764513278,-3.712618095681659,53.625,False,refined,0.44413146630311195,NULL,3.0,11.194131466303112,10.204709788231451,8.0,2.204709788231451,NULL,0,8.0,NULL,False
31,0.0001826885531400371,candidate,2,3,5791015623.025229,5786910011.348438,0.00013117365108268017,8.095391749239882,-4.297720469453301,111.1875,False,refined,0.554298766954849,NULL,3.0,11.30429876695485,10.204709788231451,8.0,2.204709788231451,NULL,0,8.0,NULL,False
31,0.0001826885531400371,candidate,3,4,4824218748.354913,4825359509.952096,0.0001307639366790798,8.068219345114889,-4.324892873578294,92.625,False,refined,0.5600729028314101,NULL,3.0,11.31007290283141,10.204709788231451,8.0,2.204709788231451,NULL,0,8.0,NULL,False
31,0.0001826885531400371,candidate,4,5,5146484373.245018,5142091309.277132,0.00011236045460258609,6.637107280574366,-5.642382853264909,98.81249999999999,False,refined,0.8570828362429019,NULL,3.0,11.607082836242903,10.204709788231451,8.0,2.204709788231451,NULL,0,8.0,NULL,False
31,0.0001826885531400371,NULL,5,0,nan,nan,nan,nan,nan,nan,False,NULL,0.25,NULL,0.0,8.0,10.204709788231451,8.0,2.204709788231451,NULL,0,8.0,NULL,True
32,0.0001826917531400382,candidate,0,1,5810546873.018569,5807781837.4674425,0.00018876208212038342,12.038713714501794,2.5986124145725764,111.5625,False,refined,0.0,NULL,3.0,11.0,10.461440940733434,8.25,2.211440940733434,NULL,0,8.25,NULL,False
32,0.0001826917531400382,candidate,1,2,5322265623.185076,5320721924.875855,0.00013995362068483982,9.37360693491799,-2.5986124145725764,102.1875,False,refined,0.2563722356730874,rank_1,0.00035891682889541523,10.461440940733434,10.461440940733434,8.25,2.211440940733434,NULL,0,8.25,NULL,False
32,0.0001826917531400382,candidate,2,3,2802734374.044251,2803044409.780167,0.00013259902531086938,8.817441727633701,-3.0674885480746994,53.8125,False,refined,0.3691017751096135,NULL,3.0,11.369101775109613,10.461440940733434,8.25,2.211440940733434,NULL,0,8.25,NULL,False
32,0.0001826917531400382,candidate,3,4,4492187498.468138,4490565667.22306,0.00011002699030079339,7.218687773778374,-4.688310515783032,86.25,False,refined,0.7102162411696834,NULL,3.0,11.710216241169684,10.461440940733434,8.25,2.211440940733434,NULL,0,8.25,NULL,False
32,0.0001826917531400382,candidate,4,5,5937499997.975278,5937297790.022145,0.0001050137553514059,6.8556143657436674,-5.0933713952588455,114.00000000000001,False,refined,0.7899935573421277,NULL,3.0,11.789993557342127,10.461440940733434,8.25,2.211440940733434,NULL,0,8.25,NULL,False
32,0.0001826917531400382,NULL,5,0,nan,nan,nan,nan,nan,nan,False,NULL,0.25,NULL,0.0,8.25,10.461440940733434,8.25,2.211440940733434,NULL,0,8.25,NULL,True
33,0.0001826949531400393,candidate,0,1,5810546873.018569,5807080288.863526,0.00018413030999559388,10.319042062548265,4.531456412105248,111.5625,False,refined,0.0,rank_1,4.9217044365672465e-05,11.000049217044365,11.000049217044365,8.5,2.5000492170443653,NULL,0,8.5,NULL,False
33,0.0001826949531400393,candidate,1,2,2060546874.2973413,2056428490.2470639,0.00010928296354124355,5.787585650443017,-4.531456412105248,39.5625,False,refined,0.9150781781901255,NULL,3.0,12.165078178190125,11.000049217044365,8.5,2.5000492170443653,NULL,0,8.5,NULL,False
33,0.0001826949531400393,candidate,2,3,2792968749.047581,2796280616.8028884,0.0001068969247073094,5.586006311795746,-4.723201461030344,53.625,False,refined,0.9572991445450346,NULL,3.0,12.207299144545035,11.000049217044365,8.5,2.5000492170443653,NULL,0,8.5,NULL,False
33,0.0001826949531400393,candidate,3,4,4492187498.468138,4488117959.991299,0.00010548258653863987,5.61157629801432,-4.838890274717178,86.25,False,refined,0.9606941974676756,NULL,3.0,12.210694197467676,11.000049217044365,8.5,2.5000492170443653,NULL,0,8.5,NULL,False
33,0.0001826949531400393,candidate,4,5,4228515623.558051,4232380435.256411,0.00010538986703142499,5.503658468739578,-4.846528555063703,81.1875,False,refined,0.9773592643805447,NULL,3.0,12.227359264380544,11.000049217044365,8.5,2.5000492170443653,NULL,0,8.5,NULL,False
33,0.0001826949531400393,NULL,5,0,nan,nan,nan,nan,nan,nan,False,NULL,0.25,NULL,0.0,8.5,11.000049217044365,8.5,2.5000492170443653,NULL,0,8.5,NULL,True
34,0.00018269815314004038,candidate,0,1,2060546874.2973413,2059332106.6476054,0.00014614043336681518,8.153602584991617,0.15940311404418317,39.5625,False,refined,0.2769596122512574,NULL,3.0,11.776959612251257,11.551046164068579,8.75,2.8010461640685786,NULL,0,8.75,NULL,False
34,0.00018269815314004038,candidate,1,2,2480468749.1541457,2482754679.901031,0.00014348292951962743,8.01345246887693,-0.15940311404418317,47.625,False,refined,0.30794482429622205,NULL,3.0,11.807944824296221,11.551046164068579,8.75,2.8010461640685786,NULL,0,8.75,NULL,False
34,0.00018269815314004038,candidate,2,3,4345703123.518089,4342018268.189396,0.00013435683011819136,7.423389747058549,-0.7302128379330686,83.4375,False,refined,0.4321298403120345,NULL,3.0,11.932129840312035,11.551046164068579,8.75,2.8010461640685786,NULL,0,8.75,NULL,False
34,0.00018269815314004038,candidate,3,4,5781249998.02856,5783343384.825302,0.00012927333329179939,7.146159459627608,-1.0652288741818872,111.0,False,refined,0.49465288569222676,rank_1,0.056344061331986536,11.551046164068579,11.551046164068579,8.75,2.8010461640685786,NULL,0,8.75,NULL,False
34,0.00018269815314004038,candidate,4,5,5624999998.081841,5624107428.049022,0.00012738891255853582,6.994333230190506,-1.1927752110518597,107.99999999999999,False,refined,0.5253984661621653,NULL,3.0,12.025398466162166,11.551046164068579,8.75,2.8010461640685786,NULL,0,8.75,NULL,False
34,0.00018269815314004038,NULL,5,0,nan,nan,nan,nan,nan,nan,False,NULL,0.25,NULL,0.0,8.75,11.551046164068579,8.75,2.8010461640685786,NULL,0,8.75,NULL,True
35,0.00018270135314004147,candidate,0,1,2050781249.3006716,2047630604.8239484,0.00015838512517631843,10.095997728845019,0.023929264383424353,39.375,False,refined,0.0,NULL,3.0,11.75,11.75,9.0,2.75,NULL,0,9.0,NULL,False
35,0.00018270135314004147,candidate,1,2,2490234374.1508155,2489536280.099134,0.0001579493812533754,9.801457991697315,-0.023929264383424353,47.8125,False,refined,0.0312768802693667,NULL,3.0,11.781276880269367,11.75,9.0,2.75,NULL,0,9.0,NULL,False
35,0.00018270135314004147,candidate,2,3,4345703123.518089,4348186776.976876,0.00014281384247429748,9.04608613699513,-0.8988817591890452,83.4375,False,refined,0.19926718940004573,NULL,3.0,11.949267189400047,11.75,9.0,2.75,NULL,0,9.0,NULL,False
35,0.00018270135314004147,candidate,3,4,5615234373.085172,5613515083.466413,0.00012803847007857263,7.979629402221828,-1.8474783203426792,107.8125,False,refined,0.4185229846881432,NULL,3.0,12.168522984688144,11.75,9.0,2.75,NULL,0,9.0,NULL,False
35,0.00018270135314004147,candidate,4,5,4785156248.368234,4784433570.200063,0.00010583743872765904,6.25911672125822,-3.5015014163207514,91.875,False,refined,0.779976330331314,NULL,3.0,12.529976330331314,11.75,9.0,2.75,NULL,0,9.0,NULL,False
35,0.00018270135314004147,NULL,5,0,nan,nan,nan,nan,nan,nan,False,NULL,0.25,NULL,0.0,9.0,11.75,9.0,2.75,NULL,0,9.0,NULL,True
36,0.00018270455314004256,candidate,0,1,5068359373.27166,5065375861.647861,0.00013040751147902488,8.41597103472509,0.16562587207324064,97.3125,False,refined,0.2376043447912366,NULL,3.0,12.237604344791237,12.074815029369377,9.25,2.8248150293693772,NULL,0,9.25,NULL,False
36,0.00018270455314004256,candidate,1,2,2490234374.1508155,2494521575.1313586,0.000127944409397047,8.128658563735991,-0.16562587207324064,47.8125,False,refined,0.2910528324441789,rank_2,0.0024853166558323823,12.074815029369377,12.074815029369377,9.25,2.8248150293693772,NULL,0,9.25,NULL,False
36,0.00018270455314004256,candidate,2,3,4785156248.368234,4783077958.459062,0.00012733801985865043,8.209080728356373,-0.20689030636871664,91.875,False,refined,0.2815685348945889,NULL,3.0,12.281568534894589,12.074815029369377,9.25,2.8248150293693772,NULL,0,9.25,NULL,False
36,0.00018270455314004256,candidate,3,4,1992187499.3206522,1989687388.8339825,0.0001258431988961294,8.106513872534231,-0.30945716219085817,38.25,False,refined,0.30336399175679396,NULL,3.0,12.303363991756793,12.074815029369377,9.25,2.8248150293693772,NULL,0,9.25,NULL,False
36,0.00018270455314004256,candidate,4,5,4355468748.514759,4354827201.464765,0.00012008877617042442,7.466058284057384,-0.7160037713007217,83.62499999999999,False,refined,0.4248414930976875,rank_3,0.004409523737934707,12.37851820623567,12.074815029369377,9.25,2.8248150293693772,NULL,0,9.25,NULL,False
36,0.00018270455314004256,NULL,5,0,nan,nan,nan,nan,nan,nan,False,NULL,0.25,NULL,0.0,9.25,12.074815029369377,9.25,2.8248150293693772,NULL,0,9.25,NULL,True
37,0.00018270775314004365,candidate,0,1,5009765623.29164,5008239427.754392,0.00020145743751808263,12.355286984303646,3.2636823721014085,96.1875,False,refined,0.0,NULL,3.0,12.25,12.25,9.5,2.75,NULL,0,9.5,NULL,False
37,0.00018270775314004365,candidate,1,2,4707031248.394875,4711027664.400583,0.0001383563788748617,9.091604612202238,-3.2636823721014085,90.375,False,refined,0.3402394564260024,NULL,3.0,12.590239456426003,12.25,9.5,2.75,NULL,0,9.5,NULL,False
37,0.00018270775314004365,candidate,2,3,5683593748.061861,5684515530.3944645,0.00012264274212490367,8.11076909019742,-4.310829067151589,109.125,False,refined,0.5528114531673612,NULL,3.0,12.802811453167362,12.25,9.5,2.75,NULL,0,9.5,NULL,False
37,0.00018270775314004365,candidate,3,4,3349609373.8577633,3346147972.8423886,0.00012019925468866311,7.935967541918316,-4.4856306154306935,64.3125,False,refined,0.5899567821766709,NULL,3.0,12.839956782176671,12.25,9.5,2.75,NULL,0,9.5,NULL,False
37,0.00018270775314004365,candidate,4,5,1953124999.333973,1957995120.394917,0.00011610780347298868,7.424479018451677,-4.786437927806162,37.5,False,refined,0.6854805177201335,NULL,3.0,12.935480517720134,12.25,9.5,2.75,NULL,0,9.5,NULL,False
37,0.00018270775314004365,NULL,5,0,nan,nan,nan,nan,nan,nan,False,NULL,0.25,NULL,0.0,9.5,12.25,9.5,2.75,NULL,0,9.5,NULL,True
38,0.00018271095314004475,candidate,0,1,5009765623.29164,5007678625.098434,0.00024007900998756143,13.611094603130143,4.502419755121387,96.1875,False,refined,0.0,rank_1,3.1449961892867423e-05,12.250031449961893,12.250031449961893,9.75,2.5000314499618934,NULL,0,9.75,NULL,False
38,0.00018271095314004475,candidate,1,2,5751953123.03855,5748784837.918126,0.00014296614399069517,9.124260215310498,-4.502419755121387,110.4375,False,refined,0.412762202398512,NULL,3.0,12.912762202398511,12.250031449961893,9.75,2.5000314499618934,NULL,0,9.75,NULL,False
38,0.00018271095314004475,candidate,2,3,5947265622.971948,5948058831.12614,0.00013364741374010137,8.374639671203816,-5.0878726508006356,114.1875,False,refined,0.5617960899944673,NULL,3.0,13.061796089994468,12.250031449961893,9.75,2.5000314499618934,NULL,0,9.75,NULL,False
38,0.00018271095314004475,candidate,3,4,4716796873.391544,4712292490.179049,0.00012243966697706536,7.608627153855103,-5.8486410366188135,90.5625,False,refined,0.7242459917104104,NULL,3.0,13.22424599171041,12.250031449961893,9.75,2.5000314499618934,NULL,0,9.75,NULL,False
38,0.00018271095314004475,candidate,4,5,2753906249.0609016,2751718724.0537834,0.0001094044864801052,6.611038018261199,-6.826381190581117,52.875,False,refined,0.9349931216721399,NULL,3.0,13.43499312167214,12.250031449961893,9.75,2.5000314499618934,NULL,0,9.75,NULL,False
38,0.00018271095314004475,NULL,5,0,nan,nan,nan,nan,nan,nan,False,NULL,0.25,NULL,0.0,9.75,12.250031449961893,9.75,2.5000314499618934,NULL,0,9.75,NULL,True
39,0.00018271415314004584,candidate,0,1,5029296873.28498,5033161126.629605,0.00020353090236129633,12.540359050366332,2.831668334843087,96.5625,False,refined,0.0,rank_1,0.06493578842861243,12.314967238390507,12.314967238390507,10.0,2.3149672383905067,NULL,0,10.0,NULL,False
39,0.00018271415314004584,candidate,1,2,5947265622.971948,5948167412.250577,0.00014690850571565271,9.511014641389108,-2.831668334843087,114.1875,False,refined,0.2503270747193267,NULL,3.0,13.000327074719326,12.314967238390507,10.0,2.3149672383905067,NULL,0,10.0,NULL,False
39,0.00018271415314004584,candidate,2,3,3583984373.77784,3579105009.8983364,0.00013102026863390145,8.603188309623446,-3.8258374504405523,68.8125,False,refined,0.4486365942090176,NULL,3.0,13.198636594209017,12.314967238390507,10.0,2.3149672383905067,NULL,0,10.0,NULL,False
39,0.00018271415314004584,candidate,3,4,5781249998.02856,5776758779.018156,0.0001307367608281383,8.584373009951278,-3.8446527501127203,111.0,False,refined,0.4526348453893533,NULL,3.0,13.202634845389353,12.314967238390507,10.0,2.3149672383905067,NULL,0,10.0,NULL,False
39,0.00018271415314004584,candidate,4,5,1914062499.3472934,1915355400.3270168,0.00011721049442493717,7.6329088009456925,-4.7932772029073245,36.75,False,refined,0.6546435050398539,NULL,3.0,13.404643505039854,12.314967238390507,10.0,2.3149672383905067,NULL,0,10.0,NULL,False
39,0.00018271415314004584,NULL,5,0,nan,nan,nan,nan,nan,nan,False,NULL,0.25,NULL,0.0,10.0,12.314967238390507,10.0,2.3149672383905067,NULL,0,10.0,NULL,True
40,0.00018271735314004693,candidate,0,1,5058593748.27499,5063295593.813282,0.00018676306499397594,10.898503036922751,1.958434390877537,97.125,False,refined,0.0,rank_1,0.09080861124440892,12.405775849634916,12.405775849634916,10.25,2.1557758496349155,NULL,0,10.25,NULL,False
40,0.00018271735314004693,candidate,1,2,5957031247.968617,5961592688.311517,0.00014906279940548199,8.929112633495757,-1.958434390877537,114.375,False,refined,0.2830352544054825,NULL,3.0,13.283035254405483,12.405775849634916,10.25,2.1557758496349155,NULL,0,10.25,NULL,False
40,0.00018271735314004693,candidate,2,3,4765624998.374894,4761656954.178008,0.00014756795370825972,8.85149496445547,-2.0459787505272065,91.5,False,refined,0.3001494272396298,NULL,3.0,13.30014942723963,12.405775849634916,10.25,2.1557758496349155,NULL,0,10.25,NULL,False
40,0.00018271735314004693,candidate,3,4,3613281248.76785,3608843918.5815234,0.00011316224732480614,6.44604438707745,-4.351788578420059,69.375,False,refined,0.8050801280896362,NULL,3.0,13.805080128089637,12.405775849634916,10.25,2.1557758496349155,NULL,0,10.25,NULL,False
40,0.00018271735314004693,candidate,4,5,1914062499.3472934,1910874438.250487,0.00011307125101861456,6.537342496850318,-4.358775907188459,36.75,False,refined,0.791822119671731,NULL,3.0,13.791822119671732,12.405775849634916,10.25,2.1557758496349155,NULL,0,10.25,NULL,False
40,0.00018271735314004693,NULL,5,0,nan,nan,nan,nan,nan,nan,False,NULL,0.25,NULL,0.0,10.25,12.405775849634916,10.25,2.1557758496349155,NULL,0,10.25,NULL,True
41,0.00018272055314004802,candidate,0,1,4824218748.354913,4826774507.835395,0.00015869068880178017,9.39808164128305,0.3940273084812862,92.625,False,refined,0.09028775380754261,NULL,3.0,13.340287753807543,13.340287753807543,10.5,2.8402877538075426,NULL,0,10.5,NULL,False
41,0.00018272055314004802,candidate,1,2,5449218748.141785,5449139123.644094,0.00015165267659198676,8.89305495874301,-0.3940273084812862,104.625,False,refined,0.19066846296862894,NULL,3.0,13.44066846296863,13.340287753807543,10.5,2.8402877538075426,NULL,0,10.5,NULL,False
41,0.00018272055314004802,candidate,2,3,1796874999.387255,1796459115.6887562,0.00013350588681834195,7.83009996186637,-1.501020585557189,34.5,False,refined,0.4192987923173688,NULL,3.0,13.669298792317369,13.340287753807543,10.5,2.8402877538075426,NULL,0,10.5,NULL,False
41,0.00018272055314004802,candidate,3,4,5263671873.205057,5268279740.647599,0.00013294302445249177,7.757566372539602,-1.5377178093528965,101.0625,False,refined,0.4324724072036158,NULL,3.0,13.682472407203615,13.340287753807543,10.5,2.8402877538075426,NULL,0,10.5,NULL,False
41,0.00018272055314004802,candidate,4,5,5966796872.965287,5968756133.794924,0.00012807530896047324,7.469231900923452,-1.8617206600033054,114.5625,False,refined,0.4959727561116888,NULL,3.0,13.745972756111689,13.340287753807543,10.5,2.8402877538075426,NULL,0,10.5,NULL,False
41,0.00018272055314004802,NULL,5,0,nan,nan,nan,nan,nan,nan,False,NULL,0.25,NULL,0.0,10.5,13.340287753807543,10.5,2.8402877538075426,NULL,0,10.5,NULL,True
42,0.0001827237531400491,candidate,0,1,4863281248.341593,4861836882.114158,0.00018720267038200392,11.225036470889203,1.684453595809412,93.375,False,refined,0.0,rank_1,0.12293700900640486,13.463224762813947,13.463224762813947,10.75,2.7132247628139474,NULL,0,10.75,NULL,False
42,0.0001827237531400491,candidate,1,2,5468749998.135124,5471827129.380335,0.00015420177033350155,9.50617267657841,-1.684453595809412,105.0,False,refined,0.17935244825132668,rank_2,0.05147456042876768,13.671495471648724,13.463224762813947,10.75,2.7132247628139474,NULL,0,10.75,NULL,False
42,0.0001827237531400491,candidate,2,3,4140624998.588022,4136139737.3090563,0.0001478588706344905,9.159079476514504,-2.049293096652125,79.5,False,refined,0.25421889706358214,NULL,3.0,13.754218897063582,13.463224762813947,10.75,2.7132247628139474,NULL,0,10.75,NULL,False
42,0.0001827237531400491,candidate,3,4,4296874998.53474,4292157650.5955286,0.00012726850436225375,7.915314416597843,-3.3518219824611073,82.5,False,refined,0.5221917114141428,NULL,3.0,14.022191711414143,13.463224762813947,10.75,2.7132247628139474,NULL,0,10.75,NULL,False
42,0.0001827237531400491,candidate,4,5,1777343749.3939154,1782135250.657195,0.00012596328411502026,7.812694997201275,-3.4413612893914802,34.125,False,refined,0.5431808310067763,NULL,3.0,14.043180831006776,13.463224762813947,10.75,2.7132247628139474,NULL,0,10.75,NULL,False
42,0.0001827237531400491,NULL,5,0,nan,nan,nan,nan,nan,nan,False,NULL,0.25,NULL,0.0,10.75,13.463224762813947,10.75,2.7132247628139474,NULL,0,10.75,NULL,True
43,0.0001827269531400502,candidate,0,1,4882812498.334932,4878628002.302882,0.00022670578242784133,12.636433772858808,3.311232784666309,93.75,False,refined,0.0,rank_1,0.02819417171921921,13.491418934533167,13.491418934533167,11.0,2.4914189345331668,NULL,0,11.0,NULL,False
43,0.0001827269531400502,candidate,1,2,4306640623.53141,4305289787.440415,0.00015484634484895315,9.431538550440415,-3.311232784666309,82.6875,False,refined,0.2922212664755821,NULL,3.0,14.042221266475583,13.491418934533167,11.0,2.4914189345331668,NULL,0,11.0,NULL,False
43,0.0001827269531400502,candidate,2,3,5517578123.118473,5519195721.831498,0.00013677627487429443,8.353734814204055,-4.389036520902669,105.9375,False,refined,0.5212545604258086,NULL,3.0,14.271254560425808,13.491418934533167,11.0,2.4914189345331668,NULL,0,11.0,NULL,False
43,0.0001827269531400502,candidate,3,4,4140624998.588022,4139231248.5653477,0.00013047848263934077,7.944297336026658,-4.798473999080066,79.5,False,refined,0.6082600245385055,NULL,3.0,14.358260024538506,13.491418934533167,11.0,2.4914189345331668,NULL,0,11.0,NULL,False
43,0.0001827269531400502,candidate,4,5,5175781248.235028,5170970980.913866,0.00013000308241025067,7.897573517420318,-4.830178956839957,99.375,False,refined,0.6172501571894496,NULL,3.0,14.36725015718945,13.491418934533167,11.0,2.4914189345331668,NULL,0,11.0,NULL,False
43,0.0001827269531400502,NULL,5,0,nan,nan,nan,nan,nan,nan,False,NULL,0.25,NULL,0.0,11.0,13.491418934533167,11.0,2.4914189345331668,NULL,0,11.0,NULL,True
44,0.0001827301531400513,candidate,0,1,4873046873.338263,4873540978.644875,0.00021119428649568752,11.913650648120742,3.197392386526854,93.5625,False,refined,0.0,rank_1,0.002587780969712924,13.494006715502879,13.494006715502879,11.25,2.244006715502879,NULL,0,11.25,NULL,False
44,0.0001827301531400513,candidate,1,2,5136718748.248348,5134187642.503969,0.00014615461915079084,8.716258261593888,-3.197392386526854,98.62499999999999,False,refined,0.3923982849188452,NULL,3.0,14.392398284918846,13.494006715502879,11.25,2.244006715502879,NULL,0,11.25,NULL,False
44,0.0001827301531400513,candidate,2,3,4306640623.53141,4308846017.3690815,0.00013532579858888154,7.699952429248649,-3.8660313254969836,82.6875,False,refined,0.5866340934562642,NULL,3.0,14.586634093456265,13.494006715502879,11.25,2.244006715502879,NULL,0,11.25,NULL,False
44,0.0001827301531400513,candidate,3,4,4023437498.627984,4026188063.7040715,0.00013033594833217717,7.58734010955477,-4.1923589735014755,77.25,False,refined,0.6239214194106267,NULL,3.0,14.623921419410626,13.494006715502879,11.25,2.244006715502879,NULL,0,11.25,NULL,False
44,0.0001827301531400513,candidate,4,5,4726562498.388214,4729628950.360911,0.00013020613432155782,7.712636257025807,-4.201014391094935,90.75,False,refined,0.6056679608895624,NULL,3.0,14.605667960889562,13.494006715502879,11.25,2.244006715502879,NULL,0,11.25,NULL,False
44,0.0001827301531400513,NULL,5,0,nan,nan,nan,nan,nan,nan,False,NULL,0.25,NULL,0.0,11.25,13.494006715502879,11.25,2.244006715502879,NULL,0,11.25,NULL,True
45,0.00018273335314005238,candidate,0,1,5244140623.211717,5241406437.045264,0.00016540032952419806,10.108550564679772,0.7494983148099088,100.68749999999999,False,refined,0.0,NULL,3.0,14.25,13.637218591772118,11.5,2.1372185917721183,NULL,0,11.5,NULL,False
45,0.00018273335314005238,candidate,1,2,4882812498.334932,4884594704.683349,0.00015172650524190572,9.439001695598295,-0.7494983148099088,93.75,False,refined,0.1309933903358751,rank_1,0.012218485933363995,13.637218591772118,13.637218591772118,11.5,2.1372185917721183,NULL,0,11.5,NULL,False
45,0.00018273335314005238,candidate,2,3,4765624998.374894,4768333915.484853,0.0001475827978121112,9.11853794073795,-0.9900126239418228,91.5,False,refined,0.19409509788567147,NULL,3.0,14.444095097885672,13.637218591772118,11.5,2.1372185917721183,NULL,0,11.5,NULL,False
45,0.00018273335314005238,candidate,3,4,5097656248.261669,5096189160.245573,0.00014239508809939556,8.88767277383037,-1.3008272365778328,97.875,False,refined,0.24815078621155895,NULL,3.0,14.498150786211559,13.637218591772118,11.5,2.1372185917721183,NULL,0,11.5,NULL,False
45,0.00018273335314005238,candidate,4,5,4023437498.627984,4021729679.2969875,0.00013585564388237146,8.318364217786067,-1.7091737066028578,77.25,False,refined,0.3590687239947685,NULL,3.0,14.609068723994769,13.637218591772118,11.5,2.1372185917721183,NULL,0,11.5,NULL,False
45,0.00018273335314005238,NULL,5,0,nan,nan,nan,nan,nan,nan,False,NULL,0.25,NULL,0.0,11.5,13.637218591772118,11.5,2.1372185917721183,NULL,0,11.5,NULL,True
46,0.00018273655314005348,candidate,0,1,5253906248.208387,5253234127.898168,0.0001738236423563272,10.696415214362718,1.3482100743245162,100.875,False,refined,0.0,rank_1,0.013989427091185396,14.263989427091186,14.263989427091186,11.75,2.513989427091186,NULL,0,11.75,NULL,False
46,0.00018273655314005348,candidate,1,2,4765624998.374894,4766547347.068127,0.0001488326937878722,9.303983683150223,-1.3482100743245162,91.5,False,refined,0.1886655771727488,rank_3,0.00031918267076432483,14.633079857729186,14.263989427091186,11.75,2.513989427091186,NULL,0,11.75,NULL,False
46,0.00018273655314005348,candidate,2,3,3437499998.827792,3440774901.7062564,0.00013463981386443286,8.512955893952467,-2.218706869193401,66.0,False,refined,0.36172579523171744,NULL,3.0,14.861725795231717,14.263989427091186,11.75,2.513989427091186,NULL,0,11.75,NULL,False
46,0.00018273655314005348,candidate,3,4,1484374999.4938195,1483204928.8318822,0.00013123974664678843,8.084711948381749,-2.4408692540458343,28.500000000000004,False,refined,0.43984753612060234,NULL,3.0,14.939847536120602,14.263989427091186,11.75,2.513989427091186,NULL,0,11.75,NULL,False
46,0.00018273655314005348,candidate,4,5,5361328123.171756,5365751744.070415,0.00013028350121069152,8.192026717508263,-2.504388496854455,102.9375,False,refined,0.427720273427164,NULL,3.0,14.927720273427164,14.263989427091186,11.75,2.513989427091186,NULL,0,11.75,NULL,False
46,0.00018273655314005348,NULL,5,0,nan,nan,nan,nan,nan,nan,False,NULL,0.25,NULL,0.0,11.75,14.263989427091186,11.75,2.513989427091186,NULL,0,11.75,NULL,True
47,0.00018273975314005457,candidate,0,1,5253906248.208387,5258700531.522155,0.000153026332710082,8.945209621254104,0.327055754154566,100.875,False,refined,0.15821855681188435,rank_1,0.0029881568580340367,14.425196140761106,14.425196140761106,12.0,2.4251961407611056,NULL,0,12.0,NULL,False
47,0.00018273975314005457,candidate,1,2,5996093747.9552965,nan,0.00013896146829257133,8.091712128562154,-0.8374355233977759,115.125,True,boundary_peak,1.8385829009280379,NULL,3.0,16.58858290092804,14.425196140761106,12.0,2.4251961407611056,NULL,0,12.0,NULL,False
47,0.00018273975314005457,candidate,2,3,3281249998.8810744,3281714697.3307796,0.00012727922153351977,7.34503642008014,-1.6001732011739644,63.0,False,refined,0.4982553620613518,NULL,3.0,15.248255362061352,14.425196140761106,12.0,2.4251961407611056,NULL,0,12.0,NULL,False
47,0.00018273975314005457,candidate,3,4,5781249998.02856,5782603812.079445,0.0001259384563144754,7.182868828664599,-1.6921560963464977,111.0,False,refined,0.5283294317219662,NULL,3.0,15.278329431721966,14.425196140761106,12.0,2.4251961407611056,NULL,0,12.0,NULL,False
47,0.00018273975314005457,candidate,4,5,2031249999.3073318,2031555888.6613262,0.00012227156726389126,7.043095524720497,-1.9488138297322966,39.0,False,refined,0.5653365356501939,NULL,3.0,15.315336535650195,14.425196140761106,12.0,2.4251961407611056,NULL,0,12.0,NULL,False
47,0.00018273975314005457,NULL,5,0,nan,nan,nan,nan,nan,nan,False,NULL,0.25,NULL,0.0,12.0,14.425196140761106,12.0,2.4251961407611056,NULL,0,12.0,NULL,True
48,0.00018274295314005566,candidate,0,1,5771484373.03189,5775285424.994591,0.00016860936142756988,8.744649846501948,0.7948454730878307,110.8125,False,refined,0.18830252302470774,NULL,3.0,15.188302523024708,15.188302523024708,12.25,2.938302523024708,NULL,0,12.25,NULL,False
48,0.00018274295314005566,candidate,1,2,2382812499.187447,2387597901.318107,0.00015386484722004518,8.053893020851337,-0.7948454730878307,45.75,False,refined,0.34159388894028886,NULL,3.0,15.341593888940288,15.188302523024708,12.25,2.938302523024708,NULL,0,12.25,NULL,False
48,0.00018274295314005566,candidate,2,3,5996093747.9552965,nan,0.00014826087081897552,7.609636196695346,-1.11710273895401,115.125,True,boundary_peak,1.9283734916803237,NULL,3.0,16.928373491680325,15.188302523024708,12.25,2.938302523024708,NULL,0,12.25,NULL,False
48,0.00018274295314005566,candidate,3,4,2041015624.3040016,2037615783.95019,0.00014740271120361383,7.652490006819042,-1.1675242389003415,39.1875,False,refined,0.4250967639084151,NULL,3.0,15.425096763908416,15.188302523024708,12.25,2.938302523024708,NULL,0,12.25,NULL,False
48,0.00018274295314005566,candidate,4,5,4560546873.444827,4564786458.167043,0.00014038263573229166,7.204509109262647,-1.5913658282821252,87.56250000000001,False,refined,0.5187839978782358,NULL,3.0,15.518783997878236,15.188302523024708,12.25,2.938302523024708,NULL,0,12.25,NULL,False
48,0.00018274295314005566,NULL,5,0,nan,nan,nan,nan,nan,nan,False,NULL,0.25,NULL,0.0,12.25,15.188302523024708,12.25,2.938302523024708,NULL,0,12.25,NULL,True
49,0.00018274615314005675,candidate,0,1,4541015623.451487,4543644299.460457,0.00018361481852870163,10.30324476611205,0.6101394728408405,87.1875,False,refined,0.0,NULL,3.0,15.25,15.25,12.5,2.75,NULL,0,12.5,NULL,False
49,0.00018274615314005675,candidate,1,2,5771484373.03189,5773941448.674752,0.00017115939950004613,9.763172280523396,-0.6101394728408405,110.8125,False,refined,0.07365787497404319,rank_1,0.00018062723482867023,15.262141025233579,15.25,12.5,2.75,NULL,0,12.5,NULL,False
49,0.00018274615314005675,candidate,2,3,4960937498.308291,4958604949.667431,0.00016442811186690814,9.344611606844788,-0.9586331592672614,95.25,False,refined,0.1582228314274856,NULL,3.0,15.408222831427485,15.25,12.5,2.75,NULL,0,12.5,NULL,False
49,0.00018274615314005675,candidate,3,4,2031249999.3073318,2029143761.0108302,0.00015587426593470892,8.765793447181025,-1.4226661303380705,39.0,False,refined,0.27404761606897565,NULL,3.0,15.524047616068975,15.25,12.5,2.75,NULL,0,12.5,NULL,False
49,0.00018274615314005675,candidate,4,5,5996093747.9552965,nan,0.0001414849219536466,7.835367563006725,-2.2639513639612296,115.125,True,boundary_peak,1.966191825796568,NULL,3.0,17.216191825796567,15.25,12.5,2.75,NULL,0,12.5,NULL,False
49,0.00018274615314005675,NULL,5,0,nan,nan,nan,nan,nan,nan,False,NULL,0.25,NULL,0.0,12.5,15.25,12.5,2.75,NULL,0,12.5,NULL,True
50,0.00018274935314005784,candidate,0,1,4521484373.458147,4521653899.449302,0.0001965790170354731,10.48232652270305,1.9316365660894697,86.8125,False,refined,0.0,rank_1,0.04835776926506115,15.298357769265062,15.298357769265062,12.75,2.5483577692650616,NULL,0,12.75,NULL,False
50,0.00018274935314005784,candidate,1,2,5078124998.26833,5077119601.247515,0.00015738209813850336,8.55068995661358,-1.9316365660894697,97.5,False,refined,0.3381237918885549,NULL,3.0,15.838123791888554,15.298357769265062,12.75,2.5483577692650616,NULL,0,12.75,NULL,False
50,0.00018274935314005784,candidate,2,3,2011718749.313992,2013582774.0716298,0.00015309065277209743,8.263636783193942,-2.1717696848426993,38.625,False,refined,0.39619008782357745,NULL,3.0,15.896190087823577,15.298357769265062,12.75,2.5483577692650616,NULL,0,12.75,NULL,False
50,0.00018274935314005784,candidate,3,4,5996093747.9552965,nan,0.00015114754345585816,7.971553621229788,-2.282721319298835,115.125,True,boundary_peak,1.9469370392717091,NULL,3.0,17.44693703927171,15.298357769265062,12.75,2.5483577692650616,NULL,0,12.75,NULL,False
50,0.00018274935314005784,candidate,4,5,4873046873.338263,4876453164.470989,0.00014454014342015764,7.795433820142987,-2.6709735559971826,93.5625,False,refined,0.4976207742283758,NULL,3.0,15.997620774228375,15.298357769265062,12.75,2.5483577692650616,NULL,0,12.75,NULL,False
50,0.00018274935314005784,NULL,5,0,nan,nan,nan,nan,nan,nan,False,NULL,0.25,NULL,0.0,12.75,15.298357769265062,12.75,2.5483577692650616,NULL,0,12.75,NULL,True
51,0.00018275255314005893,candidate,0,1,5019531248.28831,5017767483.22246,0.0001973459457629997,11.262366837846098,2.026939911702632,96.375,False,refined,0.0,NULL,3.0,15.75,15.580603903709681,13.0,2.5806039037096813,NULL,0,13.0,NULL,False
51,0.00018275255314005893,candidate,1,2,4882812498.334932,4879206772.468978,0.00015627201540120158,9.207942115331749,-2.026939911702632,93.75,False,refined,0.2454924271816522,NULL,3.0,15.995492427181652,15.580603903709681,13.0,2.5806039037096813,NULL,0,13.0,NULL,False
51,0.00018275255314005893,candidate,2,3,4521484373.458147,4517335570.405059,0.00015316942488426946,9.047925473159175,-2.20112254152097,86.8125,False,refined,0.28038133787118436,rank_1,0.0018647965734351441,15.580603903709681,15.580603903709681,13.0,2.5806039037096813,NULL,0,13.0,NULL,False
51,0.00018275255314005893,candidate,3,4,3173828123.917706,3175465416.6605496,0.00015170380090618525,8.950247093372505,-2.2846349336618754,60.9375,False,refined,0.3002526193479914,NULL,3.0,16.05025261934799,15.580603903709681,13.0,2.5806039037096813,NULL,0,13.0,NULL,False
51,0.00018275255314005893,candidate,4,5,1982421874.3239825,1978141434.751486,0.00013883182907817846,8.180098760399979,-3.054783266634402,38.0625,False,refined,0.46390914010465334,NULL,3.0,16.213909140104654,15.580603903709681,13.0,2.5806039037096813,NULL,0,13.0,NULL,False
51,0.00018275255314005893,NULL,5,0,nan,nan,nan,nan,nan,nan,False,NULL,0.25,NULL,0.0,13.0,15.580603903709681,13.0,2.5806039037096813,NULL,0,13.0,NULL,True
52,0.00018275575314006002,candidate,0,1,4990234373.298301,4988804408.000556,0.00018935707354325254,10.507283309624826,0.8403438431794541,95.8125,False,refined,0.0,rank_1,0.08388597263096578,15.833885972630966,15.833885972630966,13.25,2.5838859726309664,NULL,0,13.25,NULL,False
52,0.00018275575314006002,candidate,1,2,3154296873.924366,3159175355.613257,0.00017189543403938474,9.573632284086147,-0.8403438431794541,60.56249999999999,False,refined,0.1164766475857939,NULL,3.0,16.116476647585795,15.833885972630966,13.25,2.5838859726309664,NULL,0,13.25,NULL,False
52,0.00018275575314006002,candidate,2,3,1806640624.383925,1810950441.2509992,0.00014158345244648642,7.981902611793572,-2.5253806978312543,34.6875,False,refined,0.4605509018454176,NULL,3.0,16.46055090184542,15.833885972630966,13.25,2.5838859726309664,NULL,0,13.25,NULL,False
52,0.00018275575314006002,candidate,3,4,5107421873.258339,5104982505.029712,0.00012876229841295517,7.157427053170071,-3.349856256454755,98.0625,False,refined,0.6357519580529115,NULL,3.0,16.63575195805291,15.833885972630966,13.25,2.5838859726309664,NULL,0,13.25,NULL,False
52,0.00018275575314006002,candidate,4,5,2861328124.02427,2861183988.493781,0.00012024107926805596,6.236861966067542,-3.944573346314204,54.93749999999999,False,refined,0.8110065392345065,NULL,3.0,16.811006539234505,15.833885972630966,13.25,2.5838859726309664,NULL,0,13.25,NULL,False
52,0.00018275575314006002,NULL,5,0,nan,nan,nan,nan,nan,nan,False,NULL,0.25,NULL,0.0,13.25,15.833885972630966,13.25,2.5838859726309664,NULL,0,13.25,NULL,True
53,0.00018275895314006111,candidate,0,1,4980468748.301631,4980830953.112481,0.00018637726780481567,10.993640852440771,0.9715635272451806,95.625,False,refined,0.0,rank_1,0.006357598285216513,15.840243570916183,15.840243570916183,13.5,2.340243570916183,NULL,0,13.5,NULL,False
53,0.00018275895314006111,candidate,1,2,3154296873.924366,3151634464.473367,0.00016665362492479364,9.704266636252141,-0.9715635272451806,60.56249999999999,False,refined,0.1050827250150026,rank_2,0.0056865039183667246,16.227245876519163,15.840243570916183,13.5,2.340243570916183,NULL,0,13.5,NULL,False
53,0.00018275895314006111,candidate,2,3,5839843748.008579,5843165405.807445,0.00015479073925163126,9.230048622754943,-1.6129593310794466,112.125,False,refined,0.216302664779224,NULL,3.0,16.466302664779224,15.840243570916183,13.5,2.340243570916183,NULL,0,13.5,NULL,False
53,0.00018275895314006111,candidate,3,4,1796874999.387255,1799687714.3238378,0.00013516443735483104,8.189252896381687,-2.790609999718079,34.5,False,refined,0.4460251905251269,NULL,3.0,16.696025190525127,15.840243570916183,13.5,2.340243570916183,NULL,0,13.5,NULL,False
53,0.00018275895314006111,candidate,4,5,4648437498.414855,4644339436.368187,0.00012999208974963207,7.667287674640129,-3.129520307843956,89.24999999999999,False,refined,0.545501868044228,NULL,3.0,16.795501868044227,15.840243570916183,13.5,2.340243570916183,NULL,0,13.5,NULL,False
53,0.00018275895314006111,NULL,5,0,nan,nan,nan,nan,nan,nan,False,NULL,0.25,NULL,0.0,13.5,15.840243570916183,13.5,2.340243570916183,NULL,0,13.5,NULL,True
54,0.0001827621531400622,candidate,0,1,5009765623.29164,5011701788.945758,0.0001671342802560996,10.248987148839896,1.0860856224805726,96.1875,False,refined,0.0,rank_1,0.09530085050451238,15.935544421420696,15.935544421420696,13.75,2.185544421420696,NULL,0,13.75,NULL,False
54,0.0001827621531400622,candidate,1,2,5849609373.005249,5846717593.738699,0.0001474895512829163,9.182624217755997,-1.0860856224805726,112.3125,False,refined,0.19048671874163625,rank_3,0.0012618039098949323,16.658051187430754,15.935544421420696,13.75,2.185544421420696,NULL,0,13.75,NULL,False
54,0.0001827621531400622,candidate,2,3,3154296873.924366,3152520827.774188,0.00013852419438371868,8.586117168181335,-1.6307980471323535,60.56249999999999,False,refined,0.3140073027185718,rank_2,7.856399010419928e-05,16.54133174322784,15.935544421420696,13.75,2.185544421420696,NULL,0,13.75,NULL,False
54,0.0001827621531400622,candidate,3,4,5996093747.9552965,nan,0.0001364640710943482,8.455970972446236,-1.7609442428674527,115.125,True,boundary_peak,1.8416633693122804,NULL,3.0,18.34166336931228,15.935544421420696,13.75,2.185544421420696,NULL,0,13.75,NULL,False
54,0.0001827621531400622,candidate,4,5,4667968748.4081955,4670871400.552338,0.00013249411500342403,8.209521190062485,-2.0173789368134987,89.625,False,refined,0.39465800504147086,NULL,3.0,16.89465800504147,15.935544421420696,13.75,2.185544421420696,NULL,0,13.75,NULL,False
54,0.0001827621531400622,NULL,5,0,nan,nan,nan,nan,nan,nan,False,NULL,0.25,NULL,0.0,13.75,15.935544421420696,13.75,2.185544421420696,NULL,0,13.75,NULL,True
55,0.0001827653531400633,candidate,0,1,4707031248.394875,4709678054.009387,0.0001413767729284285,8.195976843639619,0.9256359908597123,90.375,False,refined,0.2706034734540572,NULL,3.0,17.020603473454056,16.460381421166968,14.0,2.460381421166968,NULL,0,14.0,NULL,False
55,0.0001827653531400633,candidate,1,2,2929687499.0009594,2925155761.7663846,0.00012708557688323504,7.31458576815049,-0.9256359908597123,56.25,False,refined,0.4606643842061585,NULL,3.0,17.210664384206158,16.460381421166968,14.0,2.460381421166968,NULL,0,14.0,NULL,False
55,0.0001827653531400633,candidate,2,3,4999999998.2949705,5004075218.066971,0.000123027577405178,7.042992990812467,-1.2075118404995955,96.0,False,refined,0.5190205414093547,rank_1,0.005816458336916254,16.460381421166968,16.460381421166968,14.0,2.460381421166968,NULL,0,14.0,NULL,False
55,0.0001827653531400633,candidate,3,4,2021484374.3106618,2022673416.7792602,0.00012265237524517988,7.010567870663715,-1.2340420237906713,38.8125,False,refined,0.5255424458873597,NULL,3.0,17.27554244588736,16.460381421166968,14.0,2.460381421166968,NULL,0,14.0,NULL,False
55,0.0001827653531400633,candidate,4,5,5693359373.058531,5692497478.213592,0.00011911321458144946,6.707614466797072,-1.488362376842547,109.3125,False,refined,0.5868804785330984,NULL,3.0,17.3368804785331,16.460381421166968,14.0,2.460381421166968,NULL,0,14.0,NULL,False
55,0.0001827653531400633,NULL,5,0,nan,nan,nan,nan,nan,nan,False,NULL,0.25,NULL,0.0,14.0,16.460381421166968,14.0,2.460381421166968,NULL,0,14.0,NULL,True
56,0.0001827685531400644,candidate,0,1,4716796873.391544,4720747842.285244,0.00016612712582190695,11.395546900415336,0.7901252257588531,90.5625,False,refined,0.0,NULL,3.0,17.0,17.0,14.25,2.75,NULL,0,14.25,NULL,False
56,0.0001827685531400644,candidate,1,2,3730468748.727888,3734495662.539192,0.000151682085105204,10.5173314074578,-0.7901252257588531,71.625,False,refined,0.04938282660992832,NULL,3.0,17.04938282660993,17.0,14.25,2.75,NULL,0,14.25,NULL,False
56,0.0001827685531400644,candidate,2,3,2021484374.3106618,2019580937.8349078,0.00012413180942403516,8.81515912942005,-2.531149307702627,38.8125,False,refined,0.3359229623184068,NULL,3.0,17.335922962318406,17.0,14.25,2.75,NULL,0,14.25,NULL,False
56,0.0001827685531400644,candidate,3,4,4951171873.311622,4947303758.130809,0.00012054215710357743,8.483544467860273,-2.786031849321766,95.06250000000001,False,refined,0.4015953204035694,rank_3,0.32229986632832464,17.184276607898862,17.0,14.25,2.75,NULL,0,14.25,NULL,False
56,0.0001827685531400644,candidate,4,5,3232421873.897725,3237249898.9169416,0.00011741811470471131,8.293347664836803,-3.0141089683798494,62.0625,False,refined,0.4443796607982201,NULL,3.0,17.44437966079822,17.0,14.25,2.75,NULL,0,14.25,NULL,False
56,0.0001827685531400644,NULL,5,0,nan,nan,nan,nan,nan,nan,False,NULL,0.25,NULL,0.0,14.25,17.0,14.25,2.75,NULL,0,14.25,NULL,True
57,0.00018277175314006548,candidate,0,1,3740234373.724558,3737830559.527703,0.0001478302012649552,10.081585221454255,0.042573828910166256,71.8125,False,refined,0.0,rank_2,0.0011121537923977126,17.050494980402327,17.050410871623285,14.5,2.550410871623285,NULL,0,14.5,NULL,False
57,0.00018277175314006548,candidate,1,2,4697265623.398205,4698896067.227735,0.0001471073854257487,10.020615350980533,-0.042573828910166256,90.1875,False,refined,0.002660864306885391,rank_1,0.0477500073163991,17.050410871623285,17.050410871623285,14.5,2.550410871623285,NULL,0,14.5,NULL,False
57,0.00018277175314006548,candidate,2,3,5478515623.131794,5481237926.026772,0.0001323110130815062,9.00561256014778,-0.9633434682511943,105.1875,False,refined,0.20936708274353266,NULL,3.0,17.459367082743533,17.050410871623285,14.5,2.550410871623285,NULL,0,14.5,NULL,False
57,0.00018277175314006548,candidate,3,4,3134765623.9310265,3138227906.5792074,0.00013024770385384476,8.906633719808301,-1.0998618469538357,60.1875,False,refined,0.23274630746336955,NULL,3.0,17.48274630746337,17.050410871623285,14.5,2.550410871623285,NULL,0,14.5,NULL,False
57,0.00018277175314006548,candidate,4,5,2675781249.087543,2675585497.972728,0.0001263930200917191,8.64569402716846,-1.3608015395936768,51.375,False,refined,0.2881959921493358,NULL,3.0,17.538195992149337,17.050410871623285,14.5,2.550410871623285,NULL,0,14.5,NULL,False
57,0.00018277175314006548,NULL,5,0,nan,nan,nan,nan,nan,nan,False,NULL,0.25,NULL,0.0,14.5,17.050410871623285,14.5,2.550410871623285,NULL,0,14.5,NULL,True
58,0.00018277495314006657,candidate,0,1,5498046873.1251335,5500068232.637049,0.00016061719342765242,10.018391486556792,1.102502895934112,105.5625,False,refined,0.0,rank_3,0.03545804470370483,17.49482512744724,17.49482512744724,14.75,2.744825127447239,NULL,0,14.75,NULL,False
58,0.00018277495314006657,candidate,1,2,3154296873.924366,3152881733.691769,0.00014147082563701938,8.925635380907186,-1.102502895934112,60.56249999999999,False,refined,0.23006112385980404,NULL,3.0,17.730061123859805,17.49482512744724,14.75,2.744825127447239,NULL,0,14.75,NULL,False
58,0.00018277495314006657,candidate,2,3,2666015624.090873,2663688505.9120584,0.00012263991754168647,7.747103000193558,-2.3432036614668217,51.18749999999999,False,refined,0.48438477881264264,NULL,3.0,17.984384778812643,17.49482512744724,14.75,2.744825127447239,NULL,0,14.75,NULL,False
58,0.00018277495314006657,candidate,3,4,2031249999.3073318,2026951893.2538602,0.00011772517652219102,7.417971743358276,-2.6984536520392677,39.0,False,refined,0.5559575917487128,NULL,3.0,18.05595759174871,17.49482512744724,14.75,2.744825127447239,NULL,0,14.75,NULL,False
58,0.00018277495314006657,candidate,4,5,5234374998.215047,5237133548.26843,0.00010639856166459621,6.451012759382211,-3.5771255174590877,100.49999999999999,False,refined,0.7559184309338614,NULL,3.0,18.25591843093386,17.49482512744724,14.75,2.744825127447239,NULL,0,14.75,NULL,False
58,0.00018277495314006657,NULL,5,0,nan,nan,nan,nan,nan,nan,False,NULL,0.25,NULL,0.0,14.75,17.49482512744724,14.75,2.744825127447239,NULL,0,14.75,NULL,True
59,0.00018277815314006766,candidate,0,1,5507812498.121803,5509774598.745879,0.00018416765464006349,11.627005840196265,3.4891780979179376,105.75,False,refined,0.0,rank_1,0.009421354303865242,17.504246481751103,17.504246481751103,15.0,2.504246481751103,NULL,0,15.0,NULL,False
59,0.00018277815314006766,candidate,1,2,5166015623.2383585,5166987981.729627,0.00012324078402937202,8.155561558924829,-3.4891780979179376,99.1875,False,refined,0.4947393972811468,NULL,3.0,18.244739397281148,17.504246481751103,15.0,2.504246481751103,NULL,0,15.0,NULL,False
59,0.00018277815314006766,candidate,2,3,2031249999.3073318,2034825831.935425,0.00011208873856497346,7.241994367842768,-4.31302751487042,39.0,False,refined,0.6832650645029861,NULL,3.0,18.433265064502987,17.504246481751103,15.0,2.504246481751103,NULL,0,15.0,NULL,False
59,0.00018277815314006766,candidate,3,4,3291015623.877744,3288222688.2789454,0.00010771818318726764,6.896535130857746,-4.658486751855442,63.1875,False,refined,0.7566751523623032,NULL,3.0,18.506675152362302,17.504246481751103,15.0,2.504246481751103,NULL,0,15.0,NULL,False
59,0.00018277815314006766,candidate,4,5,4033203123.624654,4030579337.2613125,9.80748660510704e-05,6.099910043848382,-5.473112675609233,77.4375,False,refined,0.9270830356483197,NULL,3.0,18.67708303564832,17.504246481751103,15.0,2.504246481751103,NULL,0,15.0,NULL,False
59,0.00018277815314006766,NULL,5,0,nan,nan,nan,nan,nan,nan,False,NULL,0.25,NULL,0.0,15.0,17.504246481751103,15.0,2.504246481751103,NULL,0,15.0,NULL,True
60,0.00018278135314006875,candidate,0,1,5498046873.1251335,5498817033.162427,0.00015850649886296907,11.004430227289266,2.7319063616224337,105.5625,False,refined,0.0,rank_1,0.01200682435156567,17.51625330610267,17.51625330610267,15.25,2.2662533061026693,NULL,0,15.25,NULL,False
60,0.00018278135314006875,candidate,1,2,4521484373.458147,4521967687.683787,0.00011573154613077372,8.239355143619322,-2.7319063616224337,86.8125,False,refined,0.43484087605850374,NULL,3.0,18.434840876058505,17.51625330610267,15.25,2.2662533061026693,NULL,0,15.25,NULL,False
60,0.00018278135314006875,candidate,2,3,5175781248.235028,5172394680.493614,0.00011466786961752279,8.221343392155589,-2.8121065862114314,99.375,False,refined,0.4425551528148761,NULL,3.0,18.442555152814876,17.51625330610267,15.25,2.2662533061026693,NULL,0,15.25,NULL,False
60,0.00018278135314006875,candidate,3,4,3271484373.8844047,3272339197.5216355,0.00011466013492448828,8.129382734025015,-2.81269249537889,62.8125,False,refined,0.45638587085742843,NULL,3.0,18.456385870857428,17.51625330610267,15.25,2.2662533061026693,NULL,0,15.25,NULL,False
60,0.00018278135314006875,candidate,4,5,4003906248.6346445,3999582039.0918646,0.00011033552789805838,7.85779630663046,-3.1466339206588056,76.875,False,refined,0.5179951740466063,NULL,3.0,18.517995174046607,17.51625330610267,15.25,2.2662533061026693,NULL,0,15.25,NULL,False
60,0.00018278135314006875,NULL,5,0,nan,nan,nan,nan,nan,nan,False,NULL,0.25,NULL,0.0,15.25,17.51625330610267,15.25,2.2662533061026693,NULL,0,15.25,NULL,True
61,0.00018278455314006984,candidate,0,1,5898437497.988598,5899770934.2853155,0.00012992380383603874,9.602390788351212,0.40239943379654974,113.25,False,refined,0.059641381747318256,NULL,3.0,18.30964138174732,18.009353183882894,15.5,2.5093531838828937,NULL,0,15.5,NULL,False
61,0.00018278455314006984,candidate,1,2,1699218749.4205563,1701939592.738623,0.00012404199869280313,9.199991354554662,-0.40239943379654974,32.625,False,refined,0.14515126142908508,NULL,3.0,18.395151261429085,18.009353183882894,15.5,2.5093531838828937,NULL,0,15.5,NULL,False
61,0.00018278455314006984,candidate,2,3,4531249998.454817,4534776764.325838,0.00012059243963280439,8.938404173335837,-0.6473729182914312,87.0,False,refined,0.19970018139283896,NULL,3.0,18.44970018139284,18.009353183882894,15.5,2.5093531838828937,NULL,0,15.5,NULL,False
61,0.00018278455314006984,candidate,3,4,5458984373.138454,5461385156.087959,0.00011138658198316178,8.203896510300943,-1.337116995096963,104.8125,False,refined,0.3529853356484187,rank_1,0.14011454213180574,18.009353183882894,18.009353183882894,15.5,2.5093531838828937,NULL,0,15.5,NULL,False
61,0.00018278455314006984,candidate,4,5,3984374998.6413045,3986185171.2654333,0.00010996434726379955,8.016913819702873,-1.4487365293468368,76.5,False,refined,0.3880089601287463,NULL,3.0,18.638008960128747,18.009353183882894,15.5,2.5093531838828937,NULL,0,15.5,NULL,False
61,0.00018278455314006984,NULL,5,0,nan,nan,nan,nan,nan,nan,False,NULL,0.25,NULL,0.0,15.5,18.009353183882894,15.5,2.5093531838828937,NULL,0,15.5,NULL,True
62,0.00018278775314007093,candidate,0,1,5898437497.988598,5899884789.676799,0.00015653132862736621,10.406203096650106,1.87436266519998,113.25,False,refined,0.0,rank_1,1.2963050169817071e-06,18.309642678052334,18.309642678052334,15.75,2.5596426780523345,NULL,0,15.75,NULL,False
62,0.00018278775314007093,candidate,1,2,1728515624.410566,1731502991.29568,0.00012614880425428743,8.591481013635258,-1.87436266519998,33.1875,False,refined,0.32842551452971,rank_2,0.08739945342434083,18.810976229383133,18.309642678052334,15.75,2.5596426780523345,NULL,0,15.75,NULL,False
62,0.00018278775314007093,candidate,2,3,58593749.98001918,nan,0.00012180451741384425,8.107022663203152,-2.178757521364334,1.125,True,boundary_peak,2.138868945604798,NULL,3.0,20.6388689456048,18.309642678052334,15.75,2.5596426780523345,NULL,0,15.75,NULL,False
62,0.00018278775314007093,candidate,3,4,3076171873.9510074,3076814804.748731,0.0001054859398633662,6.937025615669263,-3.428133895873895,59.0625,False,refined,0.6737045261417289,NULL,3.0,19.17370452614173,18.309642678052334,15.75,2.5596426780523345,NULL,0,15.75,NULL,False
62,0.00018278775314007093,candidate,4,5,4003906248.6346445,4001548700.5197167,0.00010400850991689389,6.823871861281727,-3.5506479408275027,76.875,False,refined,0.6983347171094598,NULL,3.0,19.19833471710946,18.309642678052334,15.75,2.5596426780523345,NULL,0,15.75,NULL,False
62,0.00018278775314007093,NULL,5,0,nan,nan,nan,nan,nan,nan,False,NULL,0.25,NULL,0.0,15.75,18.309642678052334,15.75,2.5596426780523345,NULL,0,15.75,NULL,True
63,0.00018279095314007203,candidate,0,1,5898437497.988598,5895748441.546034,0.00014923238618354124,9.697777498851474,0.7519301884780738,113.25,False,refined,0.04533337517227887,rank_1,0.0017109375858882791,18.356686990810502,18.356686990810502,16.0,2.356686990810502,NULL,0,16.0,NULL,False
63,0.00018279095314007203,candidate,1,2,4023437498.627984,4023105244.5988855,0.00013685686075709402,8.9458473103734,-0.7519301884780738,77.25,False,refined,0.20511854022386955,NULL,3.0,18.955118540223868,18.356686990810502,16.0,2.356686990810502,NULL,0,16.0,NULL,False
63,0.00018279095314007203,candidate,2,3,1738281249.4072359,1742628192.7090542,0.00013466821118263933,8.76054965456432,-0.8919598384862049,33.375,False,refined,0.24166504172073977,NULL,3.0,18.99166504172074,18.356686990810502,16.0,2.356686990810502,NULL,0,16.0,NULL,False
63,0.00018279095314007203,candidate,3,4,58593749.98001918,nan,0.00012721074120819088,8.134473120445191,-1.3867860038872415,1.125,True,boundary_peak,2.085253157176174,NULL,3.0,20.835253157176176,18.356686990810502,16.0,2.356686990810502,NULL,0,16.0,NULL,False
63,0.00018279095314007203,candidate,4,5,5566406248.101823,5569048082.338223,0.00012540997950335396,8.186462620580501,-1.5106197283912515,106.875,False,refined,0.366444339937378,NULL,3.0,19.116444339937377,18.356686990810502,16.0,2.356686990810502,NULL,0,16.0,NULL,False
63,0.00018279095314007203,NULL,5,0,nan,nan,nan,nan,nan,nan,False,NULL,0.25,NULL,0.0,16.0,18.356686990810502,16.0,2.356686990810502,NULL,0,16.0,NULL,True
64,0.00018279415314007312,candidate,0,1,5566406248.101823,5562856256.511221,0.00016113952461536702,9.632770552788763,0.36519501005233046,106.875,False,refined,0.055084417081685544,NULL,3.0,19.055084417081687,19.055084417081687,16.25,2.8050844170816873,NULL,0,16.25,NULL,False
64,0.00018279415314007312,candidate,1,2,3496093748.8078113,3491233148.3989444,0.0001545049250075616,9.331401850788632,-0.36519501005233046,67.125,False,refined,0.12311441050997585,NULL,3.0,19.123114410509977,19.055084417081687,16.25,2.8050844170816873,NULL,0,16.25,NULL,False
64,0.00018279415314007312,candidate,2,3,2812499999.0409207,2810588682.7199183,0.0001361891936379189,8.171581960713539,-1.4611885920752243,53.99999999999999,False,refined,0.3655869928976707,NULL,3.0,19.365586992897672,19.055084417081687,16.25,2.8050844170816873,NULL,0,16.25,NULL,False
64,0.00018279415314007312,candidate,3,4,1738281249.4072359,1733463762.3441489,0.00013168555185037937,7.8397064269025485,-1.753279000215251,33.375,False,refined,0.4336239734780709,NULL,3.0,19.43362397347807,19.055084417081687,16.25,2.8050844170816873,NULL,0,16.25,NULL,False
64,0.00018279415314007312,candidate,4,5,4013671873.6313143,4009393001.143938,0.00012592274777944835,7.579724637212344,-2.1419577230944853,77.0625,False,refined,0.49691366211155374,rank_2,0.018802562056774975,19.470834764392194,19.055084417081687,16.25,2.8050844170816873,NULL,0,16.25,NULL,False
64,0.00018279415314007312,NULL,5,0,nan,nan,nan,nan,nan,nan,False,NULL,0.25,NULL,0.0,16.25,19.055084417081687,16.25,2.8050844170816873,NULL,0,16.25,NULL,True
65,0.0001827973531400742,candidate,0,1,3476562498.8144717,3480239807.6797633,0.0001592831171485008,9.109167638941393,0.4791205574925339,66.75,False,refined,0.133624854158791,rank_2,0.012085354016800436,19.26882461868557,19.26882461868557,16.5,2.7688246186855707,NULL,0,16.5,NULL,False
65,0.0001827973531400742,candidate,1,2,1679687499.4272168,1677760439.1077924,0.00015073486569037808,8.63004708144886,-0.4791205574925339,32.25,False,refined,0.23543797262595445,NULL,3.0,19.485437972625956,19.26882461868557,16.5,2.7688246186855707,NULL,0,16.5,NULL,False
65,0.0001827973531400742,candidate,2,3,2812499999.0409207,2817248465.636432,0.00014871456485424767,8.512842808750891,-0.5963248301905022,53.99999999999999,False,refined,0.2603438805742727,NULL,3.0,19.510343880574272,19.26882461868557,16.5,2.7688246186855707,NULL,0,16.5,NULL,False
65,0.0001827973531400742,candidate,3,4,5576171873.098493,5580000183.788035,0.00014392303929880012,8.203268382421118,-0.8807884905017538,107.0625,False,refined,0.32455902329319186,rank_1,0.02939142424727029,19.409034864622146,19.26882461868557,16.5,2.7688246186855707,NULL,0,16.5,NULL,False
65,0.0001827973531400742,candidate,4,5,3935546873.657955,3936234973.121224,0.00013521854413971304,7.73821660801663,-1.422669809746937,75.5625,False,refined,0.428184371906689,NULL,3.0,19.67818437190669,19.26882461868557,16.5,2.7688246186855707,NULL,0,16.5,NULL,False
65,0.0001827973531400742,NULL,5,0,nan,nan,nan,nan,nan,nan,False,NULL,0.25,NULL,0.0,16.5,19.26882461868557,16.5,2.7688246186855707,NULL,0,16.5,NULL,True
66,0.0001828005531400753,candidate,0,1,4726562498.388214,4723727059.413446,0.00016697416353511266,9.505211145984989,0.7488356892468673,90.75,False,refined,0.07421832810225171,NULL,3.0,19.57421832810225,19.57421832810225,16.75,2.8242183281022513,NULL,0,16.75,NULL,False
66,0.0001828005531400753,candidate,1,2,4208984373.5647116,4209823194.4086595,0.00015318191412441005,8.679700433791941,-0.7488356892468673,80.8125,False,refined,0.244847165509138,NULL,3.0,19.74484716550914,19.57421832810225,16.75,2.8242183281022513,NULL,0,16.75,NULL,False
66,0.0001828005531400753,candidate,2,3,1669921874.4305468,1672539324.2357829,0.00014829280029161673,8.3274606029849,-1.0305842050544367,32.0625,False,refined,0.31529242236816735,rank_2,0.002726004050671894,19.803456399044794,19.57421832810225,16.75,2.8242183281022513,NULL,0,16.75,NULL,False
66,0.0001828005531400753,candidate,3,4,3476562498.8144717,3471728167.185077,0.00012498848354464812,6.769808408663911,-2.515585552460511,66.75,False,refined,0.6417528357291953,rank_1,0.007244802391078068,19.917822256805845,19.57421832810225,16.75,2.8242183281022513,NULL,0,16.75,NULL,False
66,0.0001828005531400753,candidate,4,5,2402343749.1807866,2405538258.2667923,0.00012188970087601887,6.727825549712394,-2.7336453051735354,46.125,False,refined,0.6616789991164869,NULL,3.0,20.161678999116486,19.57421832810225,16.75,2.8242183281022513,NULL,0,16.75,NULL,False
66,0.0001828005531400753,NULL,5,0,nan,nan,nan,nan,nan,nan,False,NULL,0.25,NULL,0.0,16.75,19.57421832810225,16.75,2.8242183281022513,NULL,0,16.75,NULL,True
67,0.0001828037531400764,candidate,0,1,4208984373.5647116,4206851808.8161554,0.0001935982099393823,11.56902418656581,0.9025061969582548,80.8125,False,refined,0.0,rank_2,0.0008829132339340494,19.745730078743073,19.678918888925743,17.0,2.678918888925743,NULL,0,17.0,NULL,False
67,0.0001828037531400764,candidate,1,2,4746093748.381554,4745702937.897275,0.0001744922037242339,10.678600121068627,-0.9025061969582548,91.12499999999999,False,refined,0.05640663730989093,rank_1,0.04829392351359984,19.678918888925743,19.678918888925743,17.0,2.678918888925743,NULL,0,17.0,NULL,False
67,0.0001828037531400764,candidate,2,3,1494140624.4904892,1492099120.5135646,0.00012306352542141842,7.645666614996509,-3.9354397030303723,28.6875,False,refined,0.5991149891899219,NULL,3.0,20.34911498918992,19.678918888925743,17.0,2.678918888925743,NULL,0,17.0,NULL,False
67,0.0001828037531400764,candidate,3,4,2421874999.174126,2417120305.232545,0.00011662452336607495,7.1226583749606664,-4.40222911105467,46.49999999999999,False,refined,0.7067405631968169,NULL,3.0,20.456740563196817,19.678918888925743,17.0,2.678918888925743,NULL,0,17.0,NULL,False
67,0.0001828037531400764,candidate,4,5,58593749.98001918,nan,0.00011324832451457542,6.732945481891974,-4.657391039053538,1.125,True,boundary_peak,2.49989511765705,NULL,3.0,22.24989511765705,19.678918888925743,17.0,2.678918888925743,NULL,0,17.0,NULL,False
67,0.0001828037531400764,NULL,5,0,nan,nan,nan,nan,nan,nan,False,NULL,0.25,NULL,0.0,17.0,19.678918888925743,17.0,2.678918888925743,NULL,0,17.0,NULL,True
68,0.00018280695314007748,candidate,0,1,1484374999.4938195,1482706267.685003,0.00019855050508775008,13.168273459799753,0.4349401327490199,28.500000000000004,False,refined,0.0,NULL,3.0,20.0,19.78358291780011,17.25,2.5335829178001106,NULL,0,17.25,NULL,False
68,0.00018280695314007748,candidate,1,2,4199218748.568042,4196522684.57437,0.00018885304409708238,12.733333327050733,-0.4349401327490199,80.625,False,refined,0.027183758296813743,rank_1,0.010669080760224143,19.78358291780011,19.78358291780011,17.25,2.5335829178001106,NULL,0,17.25,NULL,False
68,0.00018280695314007748,candidate,2,3,4785156248.368234,4787769300.40772,0.0001518663784275268,10.976989341345842,-2.32818719571652,91.875,False,refined,0.1455116997322825,rank_2,0.17695788548601427,20.00138847414404,19.78358291780011,17.25,2.5335829178001106,NULL,0,17.25,NULL,False
68,0.00018280695314007748,candidate,3,4,5449218748.141785,5447021762.319895,0.00012145273289506311,8.86028203401473,-4.269274091392052,104.625,False,refined,0.4377873256097937,NULL,3.0,20.437787325609793,19.78358291780011,17.25,2.5335829178001106,NULL,0,17.25,NULL,False
68,0.00018280695314007748,candidate,4,5,3603515623.77118,3601110644.846749,0.00010505568949617462,7.60503119723591,-5.529028374941518,69.1875,False,refined,0.7048095938484584,NULL,3.0,20.70480959384846,19.78358291780011,17.25,2.5335829178001106,NULL,0,17.25,NULL,False
68,0.00018280695314007748,NULL,5,0,nan,nan,nan,nan,nan,nan,False,NULL,0.25,NULL,0.0,17.25,19.78358291780011,17.25,2.5335829178001106,NULL,0,17.25,NULL,True
69,0.00018281015314007857,candidate,0,1,1484374999.4938195,1488205993.0431774,0.00023981191123212877,14.929799665571029,4.02349072799896,28.500000000000004,False,refined,0.0,rank_1,0.0030246979015345695,20.003024697901534,20.003024697901534,17.5,2.503024697901534,NULL,0,17.5,NULL,False
69,0.00018281015314007857,candidate,1,2,5439453123.145114,5443133097.738819,0.0001509024232483626,10.859605527353411,-4.02349072799896,104.43749999999999,False,refined,0.251468170499935,NULL,3.0,20.501468170499933,20.003024697901534,17.5,2.503024697901534,NULL,0,17.5,NULL,False
69,0.00018281015314007857,candidate,2,3,4189453123.5713716,4186039503.3125343,0.0001416573893899111,10.310465927501262,-4.572630327851108,80.4375,False,refined,0.28578939549069426,rank_2,0.010989708936850051,20.080362022227657,20.003024697901534,17.5,2.503024697901534,NULL,0,17.5,NULL,False
69,0.00018281015314007857,candidate,3,4,5869140622.998589,5872328635.54946,0.00013017165850904582,9.576010013475447,-5.307086241876924,112.6875,False,refined,0.39529138809599074,NULL,3.0,20.64529138809599,20.003024697901534,17.5,2.503024697901534,NULL,0,17.5,NULL,False
69,0.00018281015314007857,candidate,4,5,4804687498.361573,4806011405.330973,0.00012727189989322304,9.380331794057524,-5.502764461294847,92.25,False,refined,0.43687300972229937,rank_3,0.03327743920309736,20.471538923069435,20.003024697901534,17.5,2.503024697901534,NULL,0,17.5,NULL,False
69,0.00018281015314007857,NULL,5,0,nan,nan,nan,nan,nan,nan,False,NULL,0.25,NULL,0.0,17.5,20.003024697901534,17.5,2.503024697901534,NULL,0,17.5,NULL,True
70,0.00018281335314007966,candidate,0,1,1513671874.483829,1510244445.5843642,0.00020492473150439912,12.783482003928217,3.382006318597357,29.0625,False,refined,0.0,rank_1,0.048569339041014334,20.051594036942546,20.051594036942546,17.75,2.3015940369425465,NULL,0,17.75,NULL,False
70,0.00018281335314007966,candidate,1,2,5439453123.145114,5440237447.092524,0.0001388334317252133,9.39487963932458,-3.382006318597357,104.43749999999999,False,refined,0.30214344901364776,NULL,3.0,20.80214344901365,20.051594036942546,17.75,2.3015940369425465,NULL,0,17.75,NULL,False
70,0.00018281335314007966,candidate,2,3,5869140622.998589,5870151658.156506,0.0001370516447721293,9.196011389469918,-3.494202456322002,112.6875,False,refined,0.3389859450996374,NULL,3.0,20.838985945099637,20.051594036942546,17.75,2.3015940369425465,NULL,0,17.75,NULL,False
70,0.00018281335314007966,candidate,3,4,4628906248.421515,4628526185.496701,0.0001146951533910623,7.609307508190684,-5.040986163791343,88.875,False,refined,0.6736655090083564,NULL,3.0,21.173665509008355,20.051594036942546,17.75,2.3015940369425465,NULL,0,17.75,NULL,False
70,0.00018281335314007966,candidate,4,5,4882812498.334932,4883310123.678093,0.00011364528528842696,7.656026927228705,-5.120859030693232,93.75,False,refined,0.6716496503340212,NULL,3.0,21.17164965033402,20.051594036942546,17.75,2.3015940369425465,NULL,0,17.75,NULL,False
70,0.00018281335314007966,NULL,5,0,nan,nan,nan,nan,nan,nan,False,NULL,0.25,NULL,0.0,17.75,20.051594036942546,17.75,2.3015940369425465,NULL,0,17.75,NULL,True
71,0.00018281655314008076,candidate,0,1,1533203124.4771688,1530145246.1721778,0.0001411727756962844,9.287860138296296,0.08714659964893734,29.437500000000004,False,refined,0.10682097925555567,rank_1,0.03960418640359228,20.198019202601696,20.198019202601696,18.0,2.198019202601696,NULL,0,18.0,NULL,False
71,0.00018281655314008076,candidate,1,2,4892578123.331602,4891591992.755426,0.00013976345363768693,9.289662292468792,-0.08714659964893734,93.9375,False,refined,0.11199731860773976,NULL,3.0,20.861997318607738,20.198019202601696,18.0,2.198019202601696,NULL,0,18.0,NULL,False
71,0.00018281655314008076,candidate,2,3,1416015624.5171304,1415608805.5989115,0.00012264193243807472,8.07638522901665,-1.2222393758913785,27.1875,False,refined,0.36493217664071376,NULL,3.0,21.114932176640714,20.198019202601696,18.0,2.198019202601696,NULL,0,18.0,NULL,False
71,0.00018281655314008076,candidate,3,4,5341796873.178415,5341029206.767714,0.00012132350169129005,7.982504261921726,-1.3161203429863022,102.56249999999999,False,refined,0.38488188214838503,NULL,3.0,21.134881882148385,20.198019202601696,18.0,2.198019202601696,NULL,0,18.0,NULL,False
71,0.00018281655314008076,candidate,4,5,4765624998.374894,4769931076.376309,0.00011833064751886374,7.754785883650941,-1.5330742546453546,91.5,False,refined,0.43259925836769353,NULL,3.0,21.182599258367695,20.198019202601696,18.0,2.198019202601696,NULL,0,18.0,NULL,False
71,0.00018281655314008076,NULL,5,0,nan,nan,nan,nan,nan,nan,False,NULL,0.25,NULL,0.0,18.0,20.198019202601696,18.0,2.198019202601696,NULL,0,18.0,NULL,True
72,0.00018281975314008185,candidate,0,1,4863281248.341593,4864943774.853133,0.0001589202543838711,10.325310031007637,1.175950323571442,93.375,False,refined,0.0,rank_2,0.07101275173681,20.933010070344547,20.933010070344547,18.25,2.6830100703445474,NULL,0,18.25,NULL,False
72,0.00018281975314008185,candidate,1,2,4082031248.608003,4080828258.919285,0.0001387975292873983,9.180757943798836,-1.175950323571442,78.375,False,refined,0.19638320365338968,NULL,3.0,21.19638320365339,20.933010070344547,18.25,2.6830100703445474,NULL,0,18.25,NULL,False
72,0.00018281975314008185,candidate,2,3,4550781248.448156,4555498947.758796,0.0001255430650519163,8.308977785380671,-2.047730481989607,87.37499999999999,False,refined,0.38163648731724975,NULL,3.0,21.381636487317248,20.933010070344547,18.25,2.6830100703445474,NULL,0,18.25,NULL,False
72,0.00018281975314008185,candidate,3,4,1396484374.5237906,1393950434.316165,0.00010708770212868415,6.869576782839832,-3.4287930383305376,26.8125,False,refined,0.6838630474696837,NULL,3.0,21.683863047469682,20.933010070344547,18.25,2.6830100703445474,NULL,0,18.25,NULL,False
72,0.00018281975314008185,candidate,4,5,5341796873.178415,5339724677.561587,0.00010692158424169103,6.883032700031784,-3.4422773309758536,102.56249999999999,False,refined,0.6826874281812233,NULL,3.0,21.68268742818122,20.933010070344547,18.25,2.6830100703445474,NULL,0,18.25,NULL,False
72,0.00018281975314008185,NULL,5,0,nan,nan,nan,nan,nan,nan,False,NULL,0.25,NULL,0.0,18.25,20.933010070344547,18.25,2.6830100703445474,NULL,0,18.25,NULL,True
73,0.00018282295314008294,candidate,0,1,4072265623.6113334,4070926513.866129,0.0002062307881680233,13.089699948104485,1.9113538319260126,78.1875,False,refined,0.0,rank_2,0.00980445550976973,21.20618765916316,21.08372293125731,18.5,2.5837229312573093,NULL,0,18.5,NULL,False
73,0.00018282295314008294,candidate,1,2,4843749998.348252,4847265187.121817,0.00016549535543036823,11.12403676281736,-1.9113538319260126,92.99999999999999,False,refined,0.11945961449537579,rank_1,0.031253246417385666,21.08372293125731,21.08372293125731,18.5,2.5837229312573093,NULL,0,18.5,NULL,False
73,0.00018282295314008294,candidate,2,3,4697265623.398205,4697552764.227283,0.0001524324194771885,10.392075950820763,-2.625523170994919,90.1875,False,refined,0.16409519818718243,NULL,3.0,21.414095198187184,21.08372293125731,18.5,2.5837229312573093,NULL,0,18.5,NULL,False
73,0.00018282295314008294,candidate,3,4,4550781248.448156,4549128642.439831,0.0001242158833874221,8.608516886755204,-4.403527385396462,87.37499999999999,False,refined,0.48394292857399823,NULL,3.0,21.733942928574,21.08372293125731,18.5,2.5837229312573093,NULL,0,18.5,NULL,False
73,0.00018282295314008294,candidate,4,5,2656249999.094203,2656493361.699712,0.00011327244744682498,7.81301477659186,-5.204584345223822,51.0,False,refined,0.6533343050877098,NULL,3.0,21.90333430508771,21.08372293125731,18.5,2.5837229312573093,NULL,0,18.5,NULL,False
73,0.00018282295314008294,NULL,5,0,nan,nan,nan,nan,nan,nan,False,NULL,0.25,NULL,0.0,18.5,21.08372293125731,18.5,2.5837229312573093,NULL,0,18.5,NULL,True
74,0.00018282615314008403,candidate,0,1,4072265623.6113334,4076363434.6590695,0.00019447670684328116,12.494292373481741,0.8627580907736565,78.1875,False,refined,0.0,rank_1,0.0029560107708710022,21.20914366993403,21.20914366993403,18.75,2.459143669934029,NULL,0,18.75,NULL,False
74,0.00018282615314008403,candidate,1,2,4697265623.398205,4694983995.0633335,0.00017608797019054366,11.639440358397195,-0.8627580907736565,90.1875,False,refined,0.05392238067335353,rank_3,0.000659857501765531,21.468677436362302,21.20914366993403,18.75,2.459143669934029,NULL,0,18.75,NULL,False
74,0.00018282615314008403,candidate,2,3,4853515623.344923,4854013151.580383,0.00015492687829769987,10.398707918924854,-1.9748164332975282,93.18750000000001,False,refined,0.12342602708109551,rank_2,0.004553502433407892,21.21170246077181,21.20914366993403,18.75,2.459143669934029,NULL,0,18.75,NULL,False
74,0.00018282615314008403,candidate,3,4,2646484374.097533,2649123179.4395113,0.00011987845142124687,8.170994998809258,-4.202529353413125,50.8125,False,refined,0.5370088347669316,NULL,3.0,22.037008834766933,21.20914366993403,18.75,2.459143669934029,NULL,0,18.75,NULL,False
74,0.00018282615314008403,candidate,4,5,2294921874.217418,2298087312.1626806,0.00011161027003582965,7.486396625920335,-4.823268658275257,44.0625,False,refined,0.6784947972541533,NULL,3.0,22.178494797254153,21.20914366993403,18.75,2.459143669934029,NULL,0,18.75,NULL,False
74,0.00018282615314008403,NULL,5,0,nan,nan,nan,nan,nan,nan,False,NULL,0.25,NULL,0.0,18.75,21.20914366993403,18.75,2.459143669934029,NULL,0,18.75,NULL,True
75,0.00018282935314008512,candidate,0,1,4707031248.394875,4707626692.879208,0.00016929369797524509,9.493596026236988,0.665446651554884,90.375,False,refined,0.07596059606445182,rank_2,0.01598378080635077,21.560621813233105,21.43206709681526,19.0,2.43206709681526,NULL,0,19.0,NULL,False
75,0.00018282935314008512,candidate,1,2,4863281248.341593,4860091595.344657,0.00015680808787702272,8.83280351692183,-0.665446651554884,93.375,False,refined,0.21666988818390576,rank_3,0.0036947478595437144,21.43206709681526,21.43206709681526,19.0,2.43206709681526,NULL,0,19.0,NULL,False
75,0.00018282935314008512,candidate,2,3,5351562498.175086,5355735640.971581,0.00014265505116089057,8.066760272183533,-1.4870727553602148,102.75,False,refined,0.3829280063824835,NULL,3.0,22.132928006382482,21.43206709681526,19.0,2.43206709681526,NULL,0,19.0,NULL,False
75,0.00018282935314008512,candidate,3,4,5585937498.095162,5582539826.36274,0.00013488203796086727,7.5198625772362515,-1.9737334490007363,107.25,False,refined,0.4953789539771083,NULL,3.0,22.24537895397711,21.43206709681526,19.0,2.43206709681526,NULL,0,19.0,NULL,False
75,0.00018282935314008512,candidate,4,5,1484374999.4938195,1479595696.0273795,0.0001318434568883693,7.35780571177771,-2.1716442015533843,28.500000000000004,False,refined,0.5320569058304301,NULL,3.0,22.28205690583043,21.43206709681526,19.0,2.43206709681526,NULL,0,19.0,NULL,False
75,0.00018282935314008512,NULL,5,0,nan,nan,nan,nan,nan,nan,False,NULL,0.25,NULL,0.0,19.0,21.43206709681526,19.0,2.43206709681526,NULL,0,19.0,NULL,True
76,0.0001828325531400862,candidate,0,1,5361328123.171756,5362952064.846507,0.00017857065240290418,11.250777564137806,0.2620155458782225,102.9375,False,refined,0.0,NULL,3.0,22.0,21.64009952278748,19.25,2.39009952278748,NULL,0,19.25,NULL,False
76,0.0001828325531400862,candidate,1,2,5576171873.098493,5578780042.512952,0.00017326438764367452,10.81367087302934,-0.2620155458782225,107.0625,False,refined,0.016375971617388907,NULL,3.0,22.01637597161739,21.64009952278748,19.25,2.39009952278748,NULL,0,19.25,NULL,False
76,0.0001828325531400862,candidate,2,3,1445312499.50714,1444570316.9737566,0.00015428479842089808,9.981038606405912,-1.269738957731894,27.75,False,refined,0.08220289389735658,NULL,3.0,22.082202893897357,21.64009952278748,19.25,2.39009952278748,NULL,0,19.25,NULL,False
76,0.0001828325531400862,candidate,3,4,4853515623.344923,4853022963.217716,0.00014450798619992827,9.41241283671057,-1.8383647274272352,93.18750000000001,False,refined,0.20303586995761658,rank_2,0.004996556014601859,21.64009952278748,21.64009952278748,19.25,2.39009952278748,NULL,0,19.25,NULL,False
76,0.0001828325531400862,candidate,4,5,5820312498.015239,5816201908.963623,0.00013883731744084466,9.010750373124958,-2.1860774298738495,111.74999999999999,False,refined,0.28501728339837185,NULL,3.0,22.28501728339837,21.64009952278748,19.25,2.39009952278748,NULL,0,19.25,NULL,False
76,0.0001828325531400862,NULL,5,0,nan,nan,nan,nan,nan,nan,False,NULL,0.25,NULL,0.0,19.25,21.64009952278748,19.25,2.39009952278748,NULL,0,19.25,NULL,True
77,0.0001828357531400873,candidate,0,1,5595703123.091832,5591433519.207131,0.00019233162928852752,12.098942178101844,2.601249717569214,107.4375,False,refined,0.0,rank_2,0.016011047245014468,22.032387018862405,22.032387018862405,19.5,2.532387018862405,NULL,0,19.5,NULL,False
77,0.0001828357531400873,candidate,1,2,5341796873.178415,5343454606.078107,0.00014255689409124213,9.490687581887833,-2.601249717569214,102.56249999999999,False,refined,0.23897497006490087,rank_1,0.03801508984254655,22.276990059907448,22.032387018862405,19.5,2.532387018862405,NULL,0,19.5,NULL,False
77,0.0001828357531400873,candidate,2,3,5878906247.995258,5878093605.942893,0.0001368320129176688,9.155335815924879,-2.9572598955595097,112.875,False,refined,0.31152837108373754,NULL,3.0,22.56152837108374,22.032387018862405,19.5,2.532387018862405,NULL,0,19.5,NULL,False
77,0.0001828357531400873,candidate,3,4,1425781249.5138001,1424843233.797956,0.00013217050392529651,8.813715096700383,-3.258323296041654,27.375,False,refined,0.38158794149754593,rank_3,0.03891578106249535,22.5027066164574,22.032387018862405,19.5,2.532387018862405,NULL,0,19.5,NULL,False
77,0.0001828357531400873,candidate,4,5,4794921873.364903,4797166198.870434,0.00012316115133974233,8.212763680178146,-3.8715394099211764,92.0625,False,refined,0.5100566610933517,rank_4,0.3119978123347839,22.462153996215616,22.032387018862405,19.5,2.532387018862405,NULL,0,19.5,NULL,False
77,0.0001828357531400873,NULL,5,0,nan,nan,nan,nan,nan,nan,False,NULL,0.25,NULL,0.0,19.5,22.032387018862405,19.5,2.532387018862405,NULL,0,19.5,NULL,True
78,0.0001828389531400884,candidate,0,1,5615234373.085172,5610560883.614926,0.00019612935255449712,11.97388898721826,2.4892836979885047,107.8125,False,refined,0.0,rank_1,0.036585606918858114,22.068972625781264,22.068972625781264,19.75,2.3189726257812637,NULL,0,19.75,NULL,False
78,0.0001828389531400884,candidate,1,2,3027343748.967658,3024299382.5928726,0.00014725783453736681,9.50647831988709,-2.4892836979885047,58.125,False,refined,0.22960848314121796,NULL,3.0,22.729608483141217,22.068972625781264,19.75,2.3189726257812637,NULL,0,19.75,NULL,False
78,0.0001828389531400884,candidate,2,3,2148437499.26737,2149827708.3125386,0.00014369413435769862,9.293690933295649,-2.7020710845799467,41.25,False,refined,0.2748258027918994,NULL,3.0,22.7748258027919,22.068972625781264,19.75,2.3189726257812637,NULL,0,19.75,NULL,False
78,0.0001828389531400884,candidate,3,4,2539062499.134165,2540557291.3003583,0.00013167449285059318,8.496495813394933,-3.460818806985735,48.75,False,refined,0.44182680342736846,NULL,3.0,22.941826803427368,22.068972625781264,19.75,2.3189726257812637,NULL,0,19.75,NULL,False
78,0.0001828389531400884,candidate,4,5,5888671872.991928,5884403237.308144,0.00013119409932214012,8.349847494818423,-3.4925658466889864,113.0625,False,refined,0.4658082411952982,NULL,3.0,22.965808241195298,22.068972625781264,19.75,2.3189726257812637,NULL,0,19.75,NULL,False
78,0.0001828389531400884,NULL,5,0,nan,nan,nan,nan,nan,nan,False,NULL,0.25,NULL,0.0,19.75,22.068972625781264,19.75,2.3189726257812637,NULL,0,19.75,NULL,True
79,0.00018284215314008949,candidate,0,1,5624999998.081841,5622437852.435073,0.00017821576269954435,11.95613747149233,1.0160898983163147,107.99999999999999,False,refined,0.0,rank_1,0.014106238835473359,22.083078864616738,22.083078864616738,20.0,2.0830788646167377,NULL,0,20.0,NULL,False
79,0.00018284215314008949,candidate,1,2,2119140624.2773604,2117895518.865625,0.00015854100929573988,11.114519301817252,-1.0160898983163147,40.6875,False,refined,0.06350561864476967,NULL,3.0,22.81350561864477,22.083078864616738,20.0,2.0830788646167377,NULL,0,20.0,NULL,False
79,0.00018284215314008949,candidate,2,3,3046874998.9609976,3044044491.5936174,0.00015024664957990003,10.630288731056314,-1.4828263463586389,58.5,False,refined,0.09267664664741493,NULL,3.0,22.842676646647416,22.083078864616738,20.0,2.0830788646167377,NULL,0,20.0,NULL,False
79,0.00018284215314008949,candidate,3,4,2519531249.140825,2522251847.577657,0.0001333773794273616,9.613330533493247,-2.517278666640319,48.37499999999999,False,refined,0.21533033664103285,NULL,3.0,22.96533033664103,22.083078864616738,20.0,2.0830788646167377,NULL,0,20.0,NULL,False
79,0.00018284215314008949,candidate,4,5,2753906249.0609016,2754438642.5037613,0.00011711307868696004,8.44367537545276,-3.6468143127484964,52.875,False,refined,0.4613745882288671,NULL,3.0,23.211374588228868,22.083078864616738,20.0,2.0830788646167377,NULL,0,20.0,NULL,False
79,0.00018284215314008949,NULL,5,0,nan,nan,nan,nan,nan,nan,False,NULL,0.25,NULL,0.0,20.0,22.083078864616738,20.0,2.0830788646167377,NULL,0,20.0,NULL,True
80,0.00018284535314009058,candidate,0,1,3066406248.9543376,3070874102.069249,0.00014310013053195827,8.924601464845132,0.42457801318559696,58.87500000000001,False,refined,0.16130978027323017,rank_3,0.07198279982741271,23.075969226748057,22.366705670635675,20.25,2.1167056706356746,NULL,0,20.25,NULL,False
80,0.00018284535314009058,candidate,1,2,4414062498.494779,4411921644.648633,0.00013627341180397996,8.642870188188931,-0.42457801318559696,84.75,False,refined,0.2301055975957601,NULL,3.0,23.23010559759576,22.366705670635675,20.25,2.1167056706356746,NULL,0,20.25,NULL,False
80,0.00018284535314009058,candidate,2,3,5624999998.081841,5623948231.354767,0.00013433384523715004,8.339463652258843,-0.5490916705545246,107.99999999999999,False,refined,0.28339868157083137,rank_1,0.00022812444810558537,22.366705670635675,22.366705670635675,20.25,2.1167056706356746,NULL,0,20.25,NULL,False
80,0.00018284535314009058,candidate,3,4,2099609374.284021,2100137696.9283655,0.0001234389837618799,7.776994179122081,-1.2837538452940933,40.3125,False,refined,0.4136854884625687,rank_2,0.03153402399554125,23.258725131102878,22.366705670635675,20.25,2.1167056706356746,NULL,0,20.25,NULL,False
80,0.00018284535314009058,candidate,4,5,2499999999.1474853,2500915028.5145826,0.00011999661167316045,7.251396889522983,-1.5294209360110145,48.0,False,refined,0.507879275072241,NULL,3.0,23.50787927507224,22.366705670635675,20.25,2.1167056706356746,NULL,0,20.25,NULL,False
80,0.00018284535314009058,NULL,5,0,nan,nan,nan,nan,nan,nan,False,NULL,0.25,NULL,0.0,20.25,22.366705670635675,20.25,2.1167056706356746,NULL,0,20.25,NULL,True
81,0.00018284855314009167,candidate,0,1,4414062498.494779,4412332184.685173,0.0001514018929486052,9.36169075212665,0.04892162568557623,84.75,False,refined,0.09574638718100248,rank_2,1.6854312160229037e-05,23.325868839088923,23.325868839088923,20.5,2.8258688390889226,NULL,0,20.5,NULL,False
81,0.00018284855314009167,candidate,1,2,5009765623.29164,5011904055.348683,0.00015055154746007412,9.312769126441074,-0.04892162568557623,96.1875,False,refined,0.10614223263918743,NULL,3.0,23.356142232639186,23.325868839088923,20.5,2.8258688390889226,NULL,0,20.5,NULL,False
81,0.00018284855314009167,candidate,2,3,3085937498.947677,3083200481.6432304,0.00011989810325554055,7.260260996015413,-2.026379846515809,59.25,False,refined,0.5376095910049261,rank_1,0.015193963340186304,23.628772781093172,23.325868839088923,20.5,2.8258688390889226,NULL,0,20.5,NULL,False
81,0.00018284855314009167,candidate,3,4,5175781248.235028,5179901848.699459,0.00011871642218687134,7.249280642034641,-2.112410110092009,99.375,False,refined,0.5446335355755544,NULL,3.0,23.794633535575553,23.325868839088923,20.5,2.8258688390889226,NULL,0,20.5,NULL,False
81,0.00018284855314009167,candidate,4,5,2822265624.037591,2822169344.1033244,0.00010611086316446315,5.932633612371498,-3.087429155152197,54.1875,False,refined,0.8030692803412876,NULL,3.0,24.053069280341287,23.325868839088923,20.5,2.8258688390889226,NULL,0,20.5,NULL,False
81,0.00018284855314009167,NULL,5,0,nan,nan,nan,nan,nan,nan,False,NULL,0.25,NULL,0.0,20.5,23.325868839088923,20.5,2.8258688390889226,NULL,0,20.5,NULL,True
82,0.00018285175314009276,candidate,0,1,5009765623.29164,5014022706.788491,0.00013128272250494076,8.411316357136256,0.23575727996782092,96.1875,False,refined,0.2383025464295616,rank_2,0.00044886839234000526,23.594893647461088,23.594893647461088,20.75,2.844893647461088,NULL,0,20.75,NULL,False
82,0.00018285175314009276,candidate,1,2,5869140622.998589,5868637816.46462,0.00012776729797381659,8.188021357264512,-0.23575727996782092,112.6875,False,refined,0.286531626408312,NULL,3.0,23.786531626408312,23.594893647461088,20.75,2.844893647461088,NULL,0,20.75,NULL,False
82,0.00018285175314009276,candidate,2,3,5166015623.2383585,5166040136.9509115,0.00012397078827583504,7.913552122803207,-0.49776423433304906,99.1875,False,refined,0.34407744622533454,NULL,3.0,23.844077446225334,23.594893647461088,20.75,2.844893647461088,NULL,0,20.75,NULL,False
82,0.00018285175314009276,candidate,3,4,4755859373.378224,4760514284.672708,0.00012132785290588758,7.698153051155252,-0.6849412460015802,91.31250000000001,False,refined,0.38808587020181096,NULL,3.0,23.88808587020181,23.594893647461088,20.75,2.844893647461088,NULL,0,20.75,NULL,False
82,0.00018285175314009276,candidate,4,5,4443359373.484788,4448092824.794743,0.00011054979679793609,6.890101781539046,-1.492992515617786,85.3125,False,refined,0.5597967649952547,rank_1,0.12788233810461544,24.013547942188794,23.594893647461088,20.75,2.844893647461088,NULL,0,20.75,NULL,False
82,0.00018285175314009276,NULL,5,0,nan,nan,nan,nan,nan,nan,False,NULL,0.25,NULL,0.0,20.75,23.594893647461088,20.75,2.844893647461088,NULL,0,20.75,NULL,True
83,0.00018285495314009385,candidate,0,1,4228515623.558051,4232021966.0791454,0.0001341815860012291,8.024861326442965,0.42123723891118736,81.1875,False,refined,0.2962708010335553,NULL,3.0,24.046270801033554,24.046270801033554,21.0,3.046270801033554,NULL,0,21.0,NULL,False
83,0.00018285495314009385,candidate,1,2,4824218748.354913,4827937343.943396,0.00012782949078905023,7.83431178135487,-0.42123723891118736,92.625,False,refined,0.3511805602287187,NULL,3.0,24.10118056022872,24.046270801033554,21.0,3.046270801033554,NULL,0,21.0,NULL,False
83,0.00018285495314009385,candidate,2,3,5869140622.998589,5869209272.262833,0.0001203441094422288,7.365145481667836,-0.9453616679953569,112.6875,False,refined,0.45431328199953436,NULL,3.0,24.204313281999536,24.046270801033554,21.0,3.046270801033554,NULL,0,21.0,NULL,False
83,0.00018285495314009385,candidate,3,4,5136718748.248348,5136667825.214336,0.00010947102605421272,6.338866912908783,-1.7678746434875947,98.62499999999999,False,refined,0.6596621282816573,NULL,3.0,24.409662128281656,24.046270801033554,21.0,3.046270801033554,NULL,0,21.0,NULL,False
83,0.00018285495314009385,candidate,4,5,4462890623.478128,4464063147.086328,0.00010762884319622375,6.2317902919310075,-1.9152849676452632,85.68750000000001,False,refined,0.6849367666881778,NULL,3.0,24.43493676668818,24.046270801033554,21.0,3.046270801033554,NULL,0,21.0,NULL,False
83,0.00018285495314009385,NULL,5,0,nan,nan,nan,nan,nan,nan,False,NULL,0.25,NULL,0.0,21.0,24.046270801033554,21.0,3.046270801033554,NULL,0,21.0,NULL,True
84,0.00018285815314009494,candidate,0,1,4462890623.478128,4461683669.400898,0.0001326135343913282,9.259375220491037,0.42710951130470853,85.68750000000001,False,refined,0.1110937169263444,NULL,3.0,24.111093716926344,24.111093716926344,21.25,2.8610937169263444,NULL,0,21.25,NULL,False
84,0.00018285815314009494,candidate,1,2,4228515623.558051,4232318309.037376,0.0001262502870945265,8.814153404049518,-0.42710951130470853,81.1875,False,refined,0.20457133384911652,NULL,3.0,24.204571333849117,24.111093716926344,21.25,2.8610937169263444,NULL,0,21.25,NULL,False
84,0.00018285815314009494,candidate,2,3,4824218748.354913,4821090923.069507,0.00012512776040104153,8.684783838772612,-0.5046835706251063,92.625,False,refined,0.22882514734817738,NULL,3.0,24.22882514734818,24.111093716926344,21.25,2.8610937169263444,NULL,0,21.25,NULL,False
84,0.00018285815314009494,candidate,3,4,4052734373.617994,4050920537.696475,0.0001247197471263042,8.703161696927992,-0.5330525662633967,77.8125,False,refined,0.22784153085226344,NULL,3.0,24.227841530852263,24.111093716926344,21.25,2.8610937169263444,NULL,0,21.25,NULL,False
84,0.00018285815314009494,candidate,4,5,4677734373.404865,4682302274.266518,0.0001236962092240528,8.625241907536925,-0.6046291887918365,89.8125,False,refined,0.24400303816895108,NULL,3.0,24.24400303816895,24.111093716926344,21.25,2.8610937169263444,NULL,0,21.25,NULL,False
84,0.00018285815314009494,NULL,5,0,nan,nan,nan,nan,nan,nan,False,NULL,0.25,NULL,0.0,21.25,24.111093716926344,21.25,2.8610937169263444,NULL,0,21.25,NULL,True
85,0.00018286135314009603,candidate,0,1,4707031248.394875,4709933198.711157,0.00013746307960249053,9.62538511790572,0.4116361131750157,90.375,False,refined,0.05619223231414194,NULL,3.0,24.306192232314142,24.306192232314142,21.5,2.8061922323141424,NULL,0,21.5,NULL,False
85,0.00018286135314009603,candidate,1,2,4999999998.2949705,4997646328.45087,0.00013110047450453277,9.213749004730705,-0.4116361131750157,96.0,False,refined,0.14366490636383278,NULL,3.0,24.39366490636383,24.306192232314142,21.5,2.8061922323141424,NULL,0,21.5,NULL,False
85,0.00018286135314009603,candidate,2,3,4414062498.494779,4418262482.826419,0.00012639695534762054,8.83405559083065,-0.7289891291432937,84.75,False,refined,0.22045348194685843,NULL,3.0,24.47045348194686,24.306192232314142,21.5,2.8061922323141424,NULL,0,21.5,NULL,False
85,0.00018286135314009603,candidate,3,4,3359374998.8544335,3361247347.997004,0.00011531389759847131,8.065378556889877,-1.5260883547538384,64.5,False,refined,0.3855737386386333,NULL,3.0,24.635573738638634,24.306192232314142,21.5,2.8061922323141424,NULL,0,21.5,NULL,False
85,0.00018286135314009603,candidate,4,5,4072265623.6113334,4072570099.9301777,0.00010611550309919988,7.343322275383803,-2.2481446362599122,78.1875,False,refined,0.539010698458674,NULL,3.0,24.789010698458675,24.306192232314142,21.5,2.8061922323141424,NULL,0,21.5,NULL,False
85,0.00018286135314009603,NULL,5,0,nan,nan,nan,nan,nan,nan,False,NULL,0.25,NULL,0.0,21.5,24.306192232314142,21.5,2.8061922323141424,NULL,0,21.5,NULL,True
86,0.00018286455314009712,candidate,0,1,4736328123.384884,4734129230.949027,0.0001785744962481531,11.476255011438727,1.5270335741751495,90.9375,False,refined,0.0,rank_1,0.05854479760560548,24.36473702991975,24.36473702991975,21.75,2.6147370299197483,NULL,0,21.75,NULL,False
86,0.00018286455314009712,candidate,1,2,4990234373.298301,4993387443.395398,0.00014978480382749318,10.138002924586722,-1.5270335741751495,95.8125,False,refined,0.09543959838594684,rank_2,0.0018138101915717803,24.49091831494135,24.36473702991975,21.75,2.6147370299197483,NULL,0,21.75,NULL,False
86,0.00018286455314009712,candidate,2,3,4404296873.498109,4400095962.4498205,0.00012979257811457544,8.815913099609984,-2.7713914922267424,84.5625,False,refined,0.35082500332267375,NULL,3.0,24.850825003322672,24.36473702991975,21.75,2.6147370299197483,NULL,0,21.75,NULL,False
86,0.00018286455314009712,candidate,3,4,5624999998.081841,5626661348.842152,0.0001287598549380825,8.591588718814824,-2.840779098720665,107.99999999999999,False,refined,0.3888103858478179,NULL,3.0,24.88881038584782,24.36473702991975,21.75,2.6147370299197483,NULL,0,21.75,NULL,False
86,0.00018286455314009712,candidate,4,5,5957031247.968617,5958509692.933522,0.00012635664674336974,8.507966079741207,-3.004426832091811,114.375,False,refined,0.4115817650445571,NULL,3.0,24.911581765044556,24.36473702991975,21.75,2.6147370299197483,NULL,0,21.75,NULL,False
86,0.00018286455314009712,NULL,5,0,nan,nan,nan,nan,nan,nan,False,NULL,0.25,NULL,0.0,21.75,24.36473702991975,21.75,2.6147370299197483,NULL,0,21.75,NULL,True
87,0.00018286775314009822,candidate,0,1,5605468748.088502,5607334949.862346,0.00016424725830009224,10.527995179934031,0.09161875353406401,107.625,False,refined,0.0,NULL,3.0,24.75,24.40004693146771,22.0,2.4000469314677098,NULL,0,22.0,NULL,False
87,0.00018286775314009822,candidate,1,2,5966796872.965287,5970141328.2867155,0.00016252388347198513,10.09758484820832,-0.09161875353406401,114.5625,False,refined,0.005726172095879001,NULL,3.0,24.75572617209588,24.40004693146771,22.0,2.4000469314677098,NULL,0,22.0,NULL,False
87,0.00018286775314009822,candidate,2,3,4726562498.388214,4721975421.164881,0.00015814935134007068,10.130304523727975,-0.32861427713662295,90.75,False,refined,0.020538392321038934,rank_1,0.014771509226921055,24.40004693146771,24.40004693146771,22.0,2.4000469314677098,NULL,0,22.0,NULL,False
87,0.00018286775314009822,candidate,3,4,5244140623.211717,5244601881.813771,0.000139346693762099,9.030889600255554,-1.4280292006090445,100.68749999999999,False,refined,0.2346183849997322,NULL,3.0,24.98461838499973,24.40004693146771,22.0,2.4000469314677098,NULL,0,22.0,NULL,False
87,0.00018286775314009822,candidate,4,5,4980468748.301631,4978227961.711666,0.00012141674594735607,7.763055851856588,-2.624390790481854,95.625,False,refined,0.4995660466266276,rank_2,0.022980988491940697,25.013465350059917,24.40004693146771,22.0,2.4000469314677098,NULL,0,22.0,NULL,False
87,0.00018286775314009822,NULL,5,0,nan,nan,nan,nan,nan,nan,False,NULL,0.25,NULL,0.0,22.0,24.40004693146771,22.0,2.4000469314677098,NULL,0,22.0,NULL,True
88,0.0001828709531400993,candidate,0,1,5537109373.111813,5532836025.906862,0.00018105474219627118,10.459970823626312,0.8004268783300716,106.31249999999999,False,refined,0.0,NULL,3.0,25.0,24.890917539541388,22.25,2.6409175395413875,NULL,0,22.25,NULL,False
88,0.0001828709531400993,candidate,1,2,5966796872.965287,5964981247.862242,0.00016511577239025413,9.449986369658836,-0.8004268783300716,114.5625,False,refined,0.13252872444680408,rank_2,0.0026626429987037328,24.890917539541388,24.890917539541388,22.25,2.6409175395413875,NULL,0,22.25,NULL,False
88,0.0001828709531400993,candidate,2,3,5224609373.218377,5223002429.264867,0.00016048495296934056,9.2915407946525,-1.0475117012966706,100.3125,False,refined,0.17173836213316696,NULL,3.0,25.171738362133166,24.890917539541388,22.25,2.6409175395413875,NULL,0,22.25,NULL,False
88,0.0001828709531400993,candidate,3,4,4492187498.468138,4489696238.246271,0.00013824292913957998,8.039727403062011,-2.343339543046774,86.25,False,refined,0.44049961098112167,NULL,3.0,25.44049961098112,24.890917539541388,22.25,2.6409175395413875,NULL,0,22.25,NULL,False
88,0.0001828709531400993,candidate,4,5,4658203123.411526,4659126504.228845,0.00013698112248907956,7.966047134576932,-2.4229836732445786,89.43750000000001,False,refined,0.4565294093912463,rank_3,0.3949986360032767,25.251574976862234,24.890917539541388,22.25,2.6409175395413875,NULL,0,22.25,NULL,False
88,0.0001828709531400993,NULL,5,0,nan,nan,nan,nan,nan,nan,False,NULL,0.25,NULL,0.0,22.25,24.890917539541388,22.25,2.6409175395413875,NULL,0,22.25,NULL,True
89,0.0001828741531401004,candidate,0,1,5507812498.121803,5506855534.377581,0.00016835011890066844,9.387310722565596,0.6945489676869254,105.75,False,refined,0.09190339161516059,rank_1,0.06749859401030739,25.15940198562547,25.15940198562547,22.5,2.6594019856254683,NULL,0,22.5,NULL,False
89,0.0001828741531401004,candidate,1,2,5214843748.221707,5218077809.372551,0.0001554125115985812,8.488045301358103,-0.6945489676869254,100.125,False,refined,0.27020251527671746,rank_3,0.0024251881083793116,25.444366065518263,25.15940198562547,22.5,2.6594019856254683,NULL,0,22.5,NULL,False
89,0.0001828741531401004,candidate,2,3,5976562497.961957,5973230251.221323,0.00013475575398187633,7.343694516531363,-1.933322182212578,114.75,False,refined,0.5192784589085817,rank_2,0.0068046056418134045,25.417000604091783,25.15940198562547,22.5,2.6594019856254683,NULL,0,22.5,NULL,False
89,0.0001828741531401004,candidate,3,4,2763671874.0575714,2764394584.8917265,0.00013131237345524792,7.195881727245599,-2.1581555245914164,53.06249999999999,False,refined,0.5555024612001237,NULL,3.0,25.805502461200124,25.15940198562547,22.5,2.6594019856254683,NULL,0,22.5,NULL,False
89,0.0001828741531401004,candidate,4,5,4511718748.461477,4509559242.160209,0.00012351665976037115,6.614650919250069,-2.68975777706844,86.625,False,refined,0.6759122231792671,NULL,3.0,25.925912223179267,25.15940198562547,22.5,2.6594019856254683,NULL,0,22.5,NULL,False
89,0.0001828741531401004,NULL,5,0,nan,nan,nan,nan,nan,nan,False,NULL,0.25,NULL,0.0,22.5,25.15940198562547,22.5,2.6594019856254683,NULL,0,22.5,NULL,True
90,0.0001828773531401015,candidate,0,1,2763671874.0575714,2761838959.980605,0.00015972066502017084,9.232140551111403,1.1925056583342375,53.06249999999999,False,refined,0.11517891733328955,NULL,3.0,25.61517891733329,25.61517891733329,22.75,2.8651789173332887,NULL,0,22.75,NULL,False
90,0.0001828773531401015,candidate,1,2,5380859373.165095,5381426251.554201,0.00013923096296229387,8.10572071482353,-1.1925056583342375,103.3125,False,refined,0.35867349642236035,NULL,3.0,25.85867349642236,25.61517891733329,22.75,2.8651789173332887,NULL,0,22.75,NULL,False
90,0.0001828773531401015,candidate,2,3,5205078123.225038,5203890739.212112,0.0001384922616902202,7.93608964113254,-1.2387120414272346,99.9375,False,refined,0.3870060564193212,rank_2,0.020127295973720552,25.851499417911302,25.61517891733329,22.75,2.8651789173332887,NULL,0,22.75,NULL,False
90,0.0001828773531401015,candidate,3,4,3916015623.6646156,3913222958.125788,0.0001217128523147807,6.777061847153991,-2.3604933926441696,75.1875,False,refined,0.6309715599671619,NULL,3.0,26.13097155996716,25.61517891733329,22.75,2.8651789173332887,NULL,0,22.75,NULL,False
90,0.0001828773531401015,candidate,4,5,5517578123.118473,5515131753.17819,0.00011301142778770823,6.15591545534536,-3.0047749586997785,105.9375,False,refined,0.7644111166169322,rank_1,0.006849579763556362,25.93066268200596,25.61517891733329,22.75,2.8651789173332887,NULL,0,22.75,NULL,False
90,0.0001828773531401015,NULL,5,0,nan,nan,nan,nan,nan,nan,False,NULL,0.25,NULL,0.0,22.75,25.61517891733329,22.75,2.8651789173332887,NULL,0,22.75,NULL,True
91,0.00018288055314010258,candidate,0,1,5361328123.171756,5363619638.687246,0.00015632404400960843,10.022242831073633,0.2570248833781186,102.9375,False,refined,0.0,NULL,3.0,25.75,25.75,23.0,2.75,NULL,0,23.0,NULL,False
91,0.00018288055314010258,candidate,1,2,5087890623.264999,5088307733.3831,0.0001517660172750583,9.792480804266912,-0.2570248833781186,97.6875,False,refined,0.047191934571095606,NULL,3.0,25.797191934571096,25.75,23.0,2.75,NULL,0,23.0,NULL,False
91,0.00018288055314010258,candidate,2,3,3916015623.6646156,3919123928.6737413,0.00012752598747793506,8.280963960649661,-1.7685417269953696,75.1875,False,refined,0.36838926383976145,NULL,3.0,26.118389263839763,25.75,23.0,2.75,NULL,0,23.0,NULL,False
91,0.00018288055314010258,candidate,3,4,4228515623.558051,4224484694.4602213,0.00012352620164342843,8.046825639953,-2.0453338825691425,81.1875,False,refined,0.42080952166762153,NULL,3.0,26.17080952166762,25.75,23.0,2.75,NULL,0,23.0,NULL,False
91,0.00018288055314010258,candidate,4,5,3007812498.974318,3003832399.4820266,0.0001169622483817994,7.594714058089718,-2.5196014652128618,57.74999999999999,False,refined,0.5182679828623462,NULL,3.0,26.268267982862348,25.75,23.0,2.75,NULL,0,23.0,NULL,False
91,0.00018288055314010258,NULL,5,0,nan,nan,nan,nan,nan,nan,False,NULL,0.25,NULL,0.0,23.0,25.75,23.0,2.75,NULL,0,23.0,NULL,True
92,0.00018288375314010367,candidate,0,1,5126953123.251678,5128843016.952654,0.00021320419192518623,13.991206005230623,2.3019956428620336,98.4375,False,refined,0.0,rank_2,0.16431092140641812,25.961502855977514,25.90192919117577,23.25,2.651929191175771,NULL,0,23.25,NULL,False
92,0.00018288375314010367,candidate,1,2,5351562498.175086,5354644972.399916,0.00016356710127027313,11.54870571200008,-2.3019956428620336,102.75,False,refined,0.1438747276788771,rank_1,0.008054463496894891,25.90192919117577,25.90192919117577,23.25,2.651929191175771,NULL,0,23.25,NULL,False
92,0.00018288375314010367,candidate,2,3,5595703123.091832,5598387143.874182,0.0001232646981906067,9.185256008901561,-4.759140453005255,107.4375,False,refined,0.41965787697759427,NULL,3.0,26.419657876977595,25.90192919117577,23.25,2.651929191175771,NULL,0,23.25,NULL,False
92,0.00018288375314010367,candidate,3,4,5849609373.005249,5850781305.351965,0.0001168446315247578,8.72065694198815,-5.2237395199186665,112.3125,False,refined,0.5183851786966942,NULL,3.0,26.518385178696693,25.90192919117577,23.25,2.651929191175771,NULL,0,23.25,NULL,False
92,0.00018288375314010367,candidate,4,5,3886718748.674606,3889830193.974219,0.00011186197733807762,8.410174119955043,-5.602264948742013,74.625,False,refined,0.5886154413031194,NULL,3.0,26.58861544130312,25.90192919117577,23.25,2.651929191175771,NULL,0,23.25,NULL,False
92,0.00018288375314010367,NULL,5,0,nan,nan,nan,nan,nan,nan,False,NULL,0.25,NULL,0.0,23.25,25.90192919117577,23.25,2.651929191175771,NULL,0,23.25,NULL,True
93,0.00018288695314010476,candidate,0,1,5097656248.261669,5096425397.369594,0.0001861960843171293,13.16133846401251,0.8222865563210213,97.875,False,refined,0.0,rank_1,0.10509020594320123,26.066593061920717,25.953362388054483,23.5,2.453362388054483,NULL,0,23.5,NULL,False
93,0.00018288695314010476,candidate,1,2,5351562498.175086,5355279693.666659,0.00016937769396535706,12.516198169198729,-0.8222865563210213,102.75,False,refined,0.05139290977006383,rank_2,4.028710864566763e-05,25.953362388054483,25.953362388054483,23.5,2.453362388054483,NULL,0,23.5,NULL,False
93,0.00018288695314010476,candidate,2,3,5859374998.001919,5858758878.626672,0.0001317872585673569,10.113628431450605,-3.0019423934453826,112.5,False,refined,0.1876213995903364,NULL,3.0,26.437621399590338,25.953362388054483,23.5,2.453362388054483,NULL,0,23.5,NULL,False
93,0.00018288695314010476,candidate,3,4,5585937498.095162,5587847604.900985,0.00011602578849268797,8.950719174032447,-4.108320301599866,107.25,False,refined,0.41416214274512464,NULL,3.0,26.664162142745123,25.953362388054483,23.5,2.453362388054483,NULL,0,23.5,NULL,False
93,0.00018288695314010476,candidate,4,5,1855468749.3672743,1852897763.7507474,0.0001147516098804208,9.134249595645985,-4.204235129873766,35.625,False,refined,0.39262725627021267,NULL,3.0,26.642627256270213,25.953362388054483,23.5,2.453362388054483,NULL,0,23.5,NULL,False
93,0.00018288695314010476,NULL,5,0,nan,nan,nan,nan,nan,nan,False,NULL,0.25,NULL,0.0,23.5,25.953362388054483,23.5,2.453362388054483,NULL,0,23.5,NULL,True
94,0.00018289015314010585,candidate,0,1,5078124998.26833,5074923040.531204,0.00017351891165796697,11.682571908324633,0.43561086305726526,97.5,False,refined,0.0,rank_1,0.04623513496054313,26.11282819688126,26.028461895625433,23.75,2.2784618956254334,NULL,0,23.75,NULL,False
94,0.00018289015314010585,candidate,1,2,5195312498.228368,5199356468.64736,0.00016503128143332621,11.246961045267367,-0.43561086305726526,99.75,False,refined,0.02722567894107908,NULL,3.0,26.52722567894108,26.028461895625433,23.75,2.2784618956254334,NULL,0,23.75,NULL,False
94,0.00018289015314010585,candidate,2,3,5351562498.175086,5355093051.83195,0.0001511019245209088,10.56148941102351,-1.2015363848560856,102.75,False,refined,0.07509602405350535,rank_2,3.4835174463604195e-06,26.028461895625433,26.028461895625433,23.75,2.2784618956254334,NULL,0,23.75,NULL,False
94,0.00018289015314010585,candidate,3,4,5859374998.001919,5863523995.693571,0.0001398101000413385,9.683823595267977,-1.8761653713720428,112.5,False,refined,0.16468679642055606,rank_3,0.002270634066125499,26.60457883007702,26.028461895625433,23.75,2.2784618956254334,NULL,0,23.75,NULL,False
94,0.00018289015314010585,candidate,4,5,4882812498.334932,4886171794.20146,0.00012095410745792166,8.548048028972293,-3.13452387935234,93.75,False,refined,0.41370053811367735,NULL,3.0,26.913700538113677,26.028461895625433,23.75,2.2784618956254334,NULL,0,23.75,NULL,False
94,0.00018289015314010585,NULL,5,0,nan,nan,nan,nan,nan,nan,False,NULL,0.25,NULL,0.0,23.75,26.028461895625433,23.75,2.2784618956254334,NULL,0,23.75,NULL,True
95,0.00018289335314010694,candidate,0,1,4921874998.321611,4919321281.938423,0.0001416665062576964,8.517580361229413,0.034385669784597894,94.5,False,refined,0.22236294581558802,NULL,3.0,26.97236294581559,26.382430098133366,24.0,2.3824300981333657,NULL,0,24.0,NULL,False
95,0.00018289335314010694,candidate,1,2,5195312498.228368,5191485497.974699,0.00014110678602414868,8.424166004153708,-0.034385669784597894,99.75,False,refined,0.23852420373848116,rank_2,0.006195217932988684,26.771945100612548,26.382430098133366,24.0,2.3824300981333657,NULL,0,24.0,NULL,False
95,0.00018289335314010694,candidate,2,3,5087890623.264999,5089255967.672367,0.00013933462974857815,8.399676822661792,-0.1441623137278114,97.6875,False,refined,0.24905862120871936,rank_1,0.020543280043388328,26.382430098133366,26.382430098133366,24.0,2.3824300981333657,NULL,0,24.0,NULL,False
95,0.00018289335314010694,candidate,3,4,5869140622.998589,5865288158.033659,0.00013753146893777209,8.114181347962646,-0.2573020395570147,112.6875,False,refined,0.29895417527791657,rank_4,0.0003112268762184382,26.903844232231155,26.382430098133366,24.0,2.3824300981333657,NULL,0,24.0,NULL,False
95,0.00018289335314010694,candidate,4,5,3193359373.9110456,3195529620.790943,0.0001259503697257512,7.496225623684358,-1.021354737545055,61.3125,False,refined,0.4394008275439122,NULL,3.0,27.189400827543913,26.382430098133366,24.0,2.3824300981333657,NULL,0,24.0,NULL,False
95,0.00018289335314010694,NULL,5,0,nan,nan,nan,nan,nan,nan,False,NULL,0.25,NULL,0.0,24.0,26.382430098133366,24.0,2.3824300981333657,NULL,0,24.0,NULL,True
96,0.00018289655314010804,candidate,0,1,5136718748.248348,5139255858.050529,0.00016399942722684156,9.536797078890213,1.4235479267850426,98.62499999999999,False,refined,0.06948043816646798,rank_3,0.24999890378281603,26.70190944008265,26.70190944008265,24.25,2.4519094400826518,NULL,0,24.25,NULL,False
96,0.00018289655314010804,candidate,1,2,4287109373.53807,4282983155.5512223,0.00013920823749137147,8.309997694237596,-1.4235479267850426,82.3125,False,refined,0.3424720912884257,NULL,3.0,27.342472091288425,26.70190944008265,24.25,2.4519094400826518,NULL,0,24.25,NULL,False
96,0.00018289655314010804,candidate,2,3,4013671873.6313143,4017584540.2044997,0.00013799439929115852,8.233928201130425,-1.499617419892214,77.0625,False,refined,0.35863685857369965,NULL,3.0,27.3586368585737,26.70190944008265,24.25,2.4519094400826518,NULL,0,24.25,NULL,False
96,0.00018289655314010804,candidate,3,4,4912109373.324942,4915756832.440187,0.00013784017175831593,8.042006112603515,-1.5093305132432366,94.3125,False,refined,0.3880322401871751,rank_1,0.0012705300225472754,27.361665716025314,26.70190944008265,24.25,2.4519094400826518,NULL,0,24.25,NULL,False
96,0.00018289655314010804,candidate,4,5,3447265623.824462,3451051529.9910784,0.00013357617947762866,7.731842608319104,-1.7822662714235005,66.1875,False,refined,0.4516152507161032,NULL,3.0,27.451615250716102,26.70190944008265,24.25,2.4519094400826518,NULL,0,24.25,NULL,False
96,0.00018289655314010804,NULL,5,0,nan,nan,nan,nan,nan,nan,False,NULL,0.25,NULL,0.0,24.25,26.70190944008265,24.25,2.4519094400826518,NULL,0,24.25,NULL,True
97,0.00018289975314010913,candidate,0,1,4296874998.53474,4298290206.319852,0.00017035930582847976,11.171556837932064,0.9646623493088402,82.5,False,refined,0.0,NULL,3.0,27.25,27.25,24.5,2.75,NULL,0,24.5,NULL,False
97,0.00018289975314010913,candidate,1,2,4550781248.448156,4552918361.097532,0.00015245186594070343,10.283000682668284,-0.9646623493088402,87.37499999999999,False,refined,0.06029139683180251,NULL,3.0,27.310291396831804,27.25,24.5,2.75,NULL,0,24.5,NULL,False
97,0.00018289975314010913,candidate,2,3,5830078123.011909,5834122868.883748,0.00014014485276780467,9.4182085701775,-1.6957742023577715,111.93749999999999,False,refined,0.19325460212073575,NULL,3.0,27.443254602120735,27.25,24.5,2.75,NULL,0,24.5,NULL,False
97,0.00018289975314010913,candidate,3,4,5292968748.195066,5288129918.1911,0.00013285891242569923,9.012053462932927,-2.1595033749991366,101.625,False,refined,0.2831609414975069,NULL,3.0,27.533160941497506,27.25,24.5,2.75,NULL,0,24.5,NULL,False
97,0.00018289975314010913,candidate,4,5,4033203123.624654,4032431665.0786624,0.00013058691843990768,8.824609374819419,-2.309323762948736,77.4375,False,refined,0.3206413289613832,NULL,3.0,27.570641328961383,27.25,24.5,2.75,NULL,0,24.5,NULL,False
97,0.00018289975314010913,NULL,5,0,nan,nan,nan,nan,nan,nan,False,NULL,0.25,NULL,0.0,24.5,27.25,24.5,2.75,NULL,0,24.5,NULL,True
98,0.00018290295314011022,candidate,0,1,4541015623.451487,4539659301.018378,0.00018174182987671454,11.035132671716914,0.7339626350598483,87.1875,False,refined,0.0,rank_2,0.017580267418261564,27.327871664250065,27.31486986448443,24.75,2.5648698644844288,NULL,0,24.75,NULL,False
98,0.00018290295314011022,candidate,1,2,4316406248.52808,4312073239.292746,0.0001670154948679086,10.428598346895583,-0.7339626350598483,82.875,False,refined,0.04587266469124052,rank_1,0.01899719979318754,27.31486986448443,27.31486986448443,24.75,2.5648698644844288,NULL,0,24.75,NULL,False
98,0.00018290295314011022,candidate,2,3,5820312498.015239,5816116271.169152,0.00014956982118301723,9.386772591939874,-1.6922184403143792,111.74999999999999,False,refined,0.19774776372866765,rank_3,0.032423756125528655,27.67342612197493,27.31486986448443,24.75,2.5648698644844288,NULL,0,24.75,NULL,False
98,0.00018290295314011022,candidate,3,4,4755859373.378224,4760681643.70254,0.00014734260250643454,9.314480711771491,-1.82253119883506,91.31250000000001,False,refined,0.21673609316146758,NULL,3.0,27.71673609316147,27.31486986448443,24.75,2.5648698644844288,NULL,0,24.75,NULL,False
98,0.00018290295314011022,candidate,4,5,4160156248.5813622,4162392981.931742,0.00014605996599214097,9.264086956600943,-1.8984740253544885,79.875,False,refined,0.22904158309451406,NULL,3.0,27.729041583094514,27.31486986448443,24.75,2.5648698644844288,NULL,0,24.75,NULL,False
98,0.00018290295314011022,NULL,5,0,nan,nan,nan,nan,nan,nan,False,NULL,0.25,NULL,0.0,24.75,27.31486986448443,24.75,2.5648698644844288,NULL,0,24.75,NULL,True
99,0.0001829061531401113,candidate,0,1,4531249998.454817,4533467492.349968,0.00017886195526671455,10.902495266440866,0.12071572171040046,87.0,False,refined,0.0,rank_1,0.003833849458620095,27.331705513708684,27.331705513708684,25.0,2.331705513708684,NULL,0,25.0,NULL,False
99,0.0001829061531401113,candidate,1,2,4775390623.371564,4772506134.100072,0.00017639334173978936,10.781779544730465,-0.12071572171040046,91.6875,False,refined,0.007544732606900029,rank_4,0.013981857316131486,27.7382626830845,27.331705513708684,25.0,2.331705513708684,NULL,0,25.0,NULL,False
99,0.0001829061531401113,candidate,2,3,5966796872.965287,5963445042.044651,0.0001588341561000725,9.787991951220203,-1.0314814820197604,114.5625,False,refined,0.09626879994320459,NULL,3.0,27.846268799943203,27.331705513708684,25.0,2.331705513708684,NULL,0,25.0,NULL,False
99,0.0001829061531401113,candidate,3,4,4150390623.5846925,4153880693.858614,0.00015490062894322985,9.727028521164813,-1.249295857871049,79.6875,False,refined,0.11902671294221856,rank_5,0.007245904823992101,27.855314200860725,27.331705513708684,25.0,2.331705513708684,NULL,0,25.0,NULL,False
99,0.0001829061531401113,candidate,4,5,5439453123.145114,5443158452.238168,0.0001466748057488805,9.253075333058298,-1.723249045977564,104.43749999999999,False,refined,0.21974176541485302,NULL,3.0,27.969741765414852,27.331705513708684,25.0,2.331705513708684,NULL,0,25.0,NULL,False
99,0.0001829061531401113,NULL,5,0,nan,nan,nan,nan,nan,nan,False,NULL,0.25,NULL,0.0,25.0,27.331705513708684,25.0,2.331705513708684,NULL,0,25.0,NULL,True
100,0.0001829093531401124,candidate,0,1,4775390623.371564,4775283986.118744,0.00017969248420692056,10.801495943587813,0.5969637011260343,91.6875,False,refined,0.0,rank_2,0.0007716461837640046,27.739034329268264,27.37820256925658,25.25,2.1282025692565796,NULL,0,25.25,NULL,False
100,0.0001829093531401124,candidate,1,2,4541015623.451487,4543052284.589511,0.00016775741588592627,10.204532242461779,-0.5969637011260343,87.1875,False,refined,0.03731023132037714,rank_1,0.009186824227520297,27.37820256925658,27.37820256925658,25.25,2.1282025692565796,NULL,0,25.25,NULL,False
100,0.0001829093531401124,candidate,2,3,5439453123.145114,5443042343.405158,0.00015194764803019983,9.344777330699623,-1.4567186128881904,104.43749999999999,False,refined,0.18932831370056846,rank_5,1.348126110287901e-06,28.15907142724153,27.37820256925658,25.25,2.1282025692565796,NULL,0,25.25,NULL,False
100,0.0001829093531401124,candidate,3,4,3007812498.974318,3012640172.6192136,0.00015087721159458777,9.28858775203115,-1.5181252720456317,57.74999999999999,False,refined,0.2015946666981795,NULL,3.0,28.20159466669818,27.37820256925658,25.25,2.1282025692565796,NULL,0,25.25,NULL,False
100,0.0001829093531401124,candidate,4,5,4150390623.5846925,4153258426.5672383,0.00014852956491914648,9.01483538268347,-1.6543400770725025,79.6875,False,refined,0.25117094741451085,rank_4,3.8721658191597197e-05,28.10652386993343,27.37820256925658,25.25,2.1282025692565796,NULL,0,25.25,NULL,False
100,0.0001829093531401124,NULL,5,0,nan,nan,nan,nan,nan,nan,False,NULL,0.25,NULL,0.0,25.25,27.37820256925658,25.25,2.1282025692565796,NULL,0,25.25,NULL,True
101,0.0001829125531401135,candidate,0,1,3007812498.974318,3008982501.747414,0.00017226809137737948,10.581015359866184,0.1366725888966691,57.74999999999999,False,refined,0.0,rank_4,0.0013378556206410288,28.20293252231882,27.694143642596995,25.5,2.1941436425969947,NULL,0,25.5,NULL,False
101,0.0001829125531401135,candidate,1,2,4755859373.378224,4754704651.858521,0.00016957866523751715,10.52636131041738,-0.1366725888966691,91.31250000000001,False,refined,0.00854203680604182,rank_1,0.04235089985939648,27.789927265933702,27.694143642596995,25.5,2.1941436425969947,NULL,0,25.5,NULL,False
101,0.0001829125531401135,candidate,2,3,4570312498.441497,4572240185.215381,0.00014410159100179703,9.107815758184366,-1.5507213243761253,87.75,False,refined,0.230747719045853,rank_2,0.08519335429456477,27.694143642596995,27.694143642596995,25.5,2.1941436425969947,NULL,0,25.5,NULL,False
101,0.0001829125531401135,candidate,3,4,5888671872.991928,5887299748.196741,0.00013806085116208918,8.650880083022763,-1.9226859098677718,113.0625,False,refined,0.3225358569133213,NULL,3.0,28.572535856913323,27.694143642596995,25.5,2.1941436425969947,NULL,0,25.5,NULL,False
101,0.0001829125531401135,candidate,4,5,5439453123.145114,5436543698.697053,0.00013485029072209866,8.40776858176059,-2.127059099052051,104.43749999999999,False,refined,0.3717759064266646,rank_3,0.004223238304218226,28.53507057197241,27.694143642596995,25.5,2.1941436425969947,NULL,0,25.5,NULL,False
101,0.0001829125531401135,NULL,5,0,nan,nan,nan,nan,nan,nan,False,NULL,0.25,NULL,0.0,25.5,27.694143642596995,25.5,2.1941436425969947,NULL,0,25.5,NULL,True
102,0.00018291575314011458,candidate,0,1,5146484373.245018,5143804662.546686,0.0001952973144405252,11.599079436484647,1.8379663018953174,98.81249999999999,False,refined,0.0,NULL,3.0,28.5,28.28959162451053,25.75,2.5395916245105283,NULL,0,25.75,NULL,False
102,0.00018291575314011458,candidate,1,2,4697265623.398205,4695631947.933886,0.0001580512577310921,9.76111313458933,-1.8379663018953174,90.1875,False,refined,0.15070592368005786,rank_2,0.34895843489676914,28.28959162451053,28.28959162451053,25.75,2.5395916245105283,NULL,0,25.75,NULL,False
102,0.00018291575314011458,candidate,2,3,3007812498.974318,3011576114.2418323,0.00015530633709240842,9.608937550047942,-1.9901418864367049,57.74999999999999,False,refined,0.1830432353951027,rank_1,0.0006726825771201908,28.386648440291047,28.28959162451053,25.75,2.5395916245105283,NULL,0,25.75,NULL,False
102,0.00018291575314011458,candidate,3,4,2753906249.0609016,2750951844.377452,0.00011976324679285281,7.15239574851239,-4.247454200574339,52.875,False,refined,0.6926065252590377,NULL,3.0,29.192606525259038,28.28959162451053,25.75,2.5395916245105283,NULL,0,25.75,NULL,False
102,0.00018291575314011458,candidate,4,5,5429687498.148444,5429496681.271911,0.00011407287255102408,6.54266672697303,-4.670277866417321,104.24999999999999,False,refined,0.810492357605128,NULL,3.0,29.310492357605128,28.28959162451053,25.75,2.5395916245105283,NULL,0,25.75,NULL,False
102,0.00018291575314011458,NULL,5,0,nan,nan,nan,nan,nan,nan,False,NULL,0.25,NULL,0.0,25.75,28.28959162451053,25.75,2.5395916245105283,NULL,0,25.75,NULL,True
103,0.00018291895314011567,candidate,0,1,5117187498.255009,5121961235.989152,0.00021492932231115613,12.288741836090589,4.20713437021055,98.25,False,refined,0.0,rank_1,0.04771352837743912,28.54771352837744,28.54771352837744,26.0,2.5477135283774395,NULL,0,26.0,NULL,False
103,0.00018291895314011567,candidate,1,2,3017578123.9709883,3017833472.947835,0.00013241553843437221,7.757491137104635,-4.20713437021055,57.93750000000001,False,refined,0.5993222275724641,rank_3,0.0039154537975587935,28.989886121661073,28.54771352837744,26.0,2.5477135283774395,NULL,0,26.0,NULL,False
103,0.00018291895314011567,candidate,2,3,2753906249.0609016,2757098265.490928,0.00012229420284665379,7.372517761732622,-4.89779597620819,52.875,False,refined,0.7002345842531186,NULL,3.0,29.450234584253117,28.54771352837744,26.0,2.5477135283774395,NULL,0,26.0,NULL,False
103,0.00018291895314011567,candidate,3,4,3769531248.7145677,3766489478.088002,0.00011747032840806494,6.979699786778735,-5.247349728587247,72.375,False,refined,0.7810043900198927,NULL,3.0,29.53100439001989,28.54771352837744,26.0,2.5477135283774395,NULL,0,26.0,NULL,False
103,0.00018291895314011567,candidate,4,5,1347656249.5404413,1351893841.4837587,0.00011152371534614356,6.481588165814189,-5.698568801398309,25.875,False,refined,0.8839223252152659,NULL,3.0,29.633922325215266,28.54771352837744,26.0,2.5477135283774395,NULL,0,26.0,NULL,False
103,0.00018291895314011567,NULL,5,0,nan,nan,nan,nan,nan,nan,False,NULL,0.25,NULL,0.0,26.0,28.54771352837744,26.0,2.5477135283774395,NULL,0,26.0,NULL,True
104,0.00018292215314011677,candidate,0,1,5126953123.251678,5123094309.106165,0.00016618937100722886,10.378038978065849,1.928806315186593,98.4375,False,refined,0.0,rank_1,0.0001283854688497505,28.547841913846288,28.547841913846288,26.25,2.2978419138462876,NULL,0,26.25,NULL,False
104,0.00018292215314011677,candidate,1,2,1513671874.483829,1515059792.8182762,0.0001330953640106228,8.472235570938613,-1.928806315186593,29.0625,False,refined,0.3497150590583701,NULL,3.0,29.34971505905837,28.547841913846288,26.25,2.2978419138462876,NULL,0,26.25,NULL,False
104,0.00018292215314011677,candidate,2,3,3749999998.7212276,3753149624.589846,0.00012346245441801392,7.796672224513506,-2.5813667535523432,72.0,False,refined,0.4918345884199956,NULL,3.0,29.491834588419994,28.547841913846288,26.25,2.2978419138462876,NULL,0,26.25,NULL,False
104,0.00018292215314011677,candidate,3,4,3007812498.974318,3011359211.000133,0.00012128228163792766,7.664924175514729,-2.7361177106104773,57.74999999999999,False,refined,0.5212687305859455,rank_2,0.004191606776746121,29.515346459023764,28.547841913846288,26.25,2.2978419138462876,NULL,0,26.25,NULL,False
104,0.00018292215314011677,candidate,4,5,3173828123.917706,3172546567.754729,0.00011918047558485784,7.5707894350646665,-2.887962599745366,60.9375,False,refined,0.5448792472243854,NULL,3.0,29.544879247224387,28.547841913846288,26.25,2.2978419138462876,NULL,0,26.25,NULL,False
104,0.00018292215314011677,NULL,5,0,nan,nan,nan,nan,nan,nan,False,NULL,0.25,NULL,0.0,26.25,28.547841913846288,26.25,2.2978419138462876,NULL,0,26.25,NULL,True
105,0.00018292535314011786,candidate,0,1,1513671874.483829,1509538720.2344892,0.00015363239460221745,10.87736060598898,1.68308217230833,29.0625,False,refined,0.0,NULL,3.0,29.25,29.25,26.5,2.75,NULL,0,26.5,NULL,False
105,0.00018292535314011786,candidate,1,2,5957031247.968617,5957950845.658126,0.000126569391202114,9.079484185368552,-1.68308217230833,114.375,False,refined,0.2432700079639879,NULL,3.0,29.49327000796399,29.25,26.5,2.75,NULL,0,26.5,NULL,False
105,0.00018292535314011786,candidate,2,3,5595703123.091832,5594870013.2432575,0.00012266896476756695,8.780359194006824,-1.954961991860884,107.4375,False,refined,0.3051312453902817,NULL,3.0,29.55513124539028,29.25,26.5,2.75,NULL,0,26.5,NULL,False
105,0.00018292535314011786,candidate,3,4,2988281248.9809785,2992424574.3638163,0.00012162766963715145,8.70902383638974,-2.0290082789145636,57.375,False,refined,0.32045944197369924,NULL,3.0,29.5704594419737,29.25,26.5,2.75,NULL,0,26.5,NULL,False
105,0.00018292535314011786,candidate,4,5,3896484373.6712756,3892400046.4152412,0.0001171298122219517,8.533535278898583,-2.3563070545291787,74.8125,False,refined,0.3672388990732862,NULL,3.0,29.617238899073286,29.25,26.5,2.75,NULL,0,26.5,NULL,False
105,0.00018292535314011786,NULL,5,0,nan,nan,nan,nan,nan,nan,False,NULL,0.25,NULL,0.0,26.5,29.25,26.5,2.75,NULL,0,26.5,NULL,True
106,0.00018292855314011895,candidate,0,1,3857421873.6845965,3861627567.445724,0.00017373510269853384,11.70296329050605,0.6255756486122088,74.0625,False,refined,0.0,NULL,3.0,29.5,29.5,26.75,2.75,NULL,0,26.75,NULL,False
106,0.00018292855314011895,candidate,1,2,4658203123.411526,4656502413.342759,0.0001616623147367218,11.108951597311814,-0.6255756486122088,89.43750000000001,False,refined,0.03909847803826305,NULL,3.0,29.539098478038262,29.5,26.75,2.75,NULL,0,26.75,NULL,False
106,0.00018292855314011895,candidate,2,3,5986328122.958627,5987993827.538157,0.0001392263586886002,9.66973301182926,-1.9233222104044145,114.9375,False,refined,0.16974768637588689,NULL,3.0,29.669747686375885,29.5,26.75,2.75,NULL,0,26.75,NULL,False
106,0.00018292855314011895,candidate,3,4,1542968749.4738386,1541285585.2039766,0.00013398807049827134,9.478098401323658,-2.2564288446003644,29.625,False,refined,0.21931204258897408,rank_1,0.10078634353908679,29.570098386128063,29.5,26.75,2.75,NULL,0,26.75,NULL,False
106,0.00018292855314011895,candidate,4,5,5449218748.141785,5449660391.938636,0.00013300477756214435,9.521168625858873,-2.320406682218481,104.625,False,refined,0.21685012375982404,NULL,3.0,29.716850123759823,29.5,26.75,2.75,NULL,0,26.75,NULL,False
106,0.00018292855314011895,NULL,5,0,nan,nan,nan,nan,nan,nan,False,NULL,0.25,NULL,0.0,26.75,29.5,26.75,2.75,NULL,0,26.75,NULL,True
107,0.00018293175314012004,candidate,0,1,3857421873.6845965,3856579789.0003996,0.00019079818365566462,11.627524834242395,0.4210172094620379,74.0625,False,refined,0.0,rank_1,0.002548006723308183,29.50254800672331,29.50254800672331,27.0,2.502548006723309,NULL,0,27.0,NULL,False
107,0.00018293175314012004,candidate,1,2,4677734373.404865,4673500421.513727,0.00018177048899820376,11.246798660381003,-0.4210172094620379,89.8125,False,refined,0.02631357559137737,rank_2,0.02889322817802968,29.59430528180767,29.50254800672331,27.0,2.502548006723309,NULL,0,27.0,NULL,False
107,0.00018293175314012004,candidate,2,3,5996093747.9552965,nan,0.0001622526681142776,9.51032831960763,-1.4076477774881813,115.125,True,boundary_peak,1.6614287381518666,rank_3,0.006560871076398609,31.33773729560415,29.50254800672331,27.0,2.502548006723309,NULL,0,27.0,NULL,False
107,0.00018293175314012004,candidate,3,4,5458984373.138454,5458931155.151726,0.00013639341108288844,8.667812259834875,-2.9156169035154367,104.8125,False,refined,0.38205421749448354,rank_5,0.008594705055318176,30.107499046309627,29.50254800672331,27.0,2.502548006723309,NULL,0,27.0,NULL,False
107,0.00018293175314012004,candidate,4,5,1425781249.5138001,1426512500.9651728,0.00012809779480925945,8.12277751224765,-3.460651651102662,27.375,False,refined,0.4978741013567689,NULL,3.0,30.247874101356768,29.50254800672331,27.0,2.502548006723309,NULL,0,27.0,NULL,False
107,0.00018293175314012004,NULL,5,0,nan,nan,nan,nan,nan,nan,False,NULL,0.25,NULL,0.0,27.0,29.50254800672331,27.0,2.502548006723309,NULL,0,27.0,NULL,True
108,0.00018293495314012113,candidate,0,1,5996093747.9552965,nan,0.000169426677690658,9.75253056076486,1.2891208128396414,115.125,True,boundary_peak,1.537120415885271,NULL,3.0,31.53712041588527,29.822114477668876,27.25,2.572114477668876,NULL,0,27.25,NULL,False
108,0.00018293495314012113,candidate,1,2,4736328123.384884,4735419564.519309,0.00014605813609744602,8.61503941176153,-1.2891208128396414,90.9375,False,refined,0.2883141390382482,rank_2,0.38339802705456966,30.266017447900488,29.822114477668876,27.25,2.572114477668876,NULL,0,27.25,NULL,False
108,0.00018293495314012113,candidate,2,3,3857421873.6845965,3858911326.7544827,0.00014408291795561305,8.459591735820453,-1.4073859918202025,74.0625,False,refined,0.3190228641156947,rank_1,0.000543606829871513,29.822114477668876,29.822114477668876,27.25,2.572114477668876,NULL,0,27.25,NULL,False
108,0.00018293495314012113,candidate,3,4,5781249998.02856,5783834887.13345,0.00013869776808306155,8.089156565104014,-1.738246446039371,111.0,False,refined,0.39526691811185855,NULL,3.0,30.395266918111858,29.822114477668876,27.25,2.572114477668876,NULL,0,27.25,NULL,False
108,0.00018293495314012113,candidate,4,5,3271484373.8844047,3273129398.683714,0.00013173899589107965,7.581886503488393,-2.1853489168785334,62.8125,False,refined,0.49930133178164937,NULL,3.0,30.49930133178165,29.822114477668876,27.25,2.572114477668876,NULL,0,27.25,NULL,False
108,0.00018293495314012113,NULL,5,0,nan,nan,nan,nan,nan,nan,False,NULL,0.25,NULL,0.0,27.25,29.822114477668876,27.25,2.572114477668876,NULL,0,27.25,NULL,True
109,0.00018293815314012222,candidate,0,1,5996093747.9552965,nan,0.0001361051226672478,7.558913898272879,0.06244218597583284,115.125,True,boundary_peak,1.8661629152590682,NULL,3.0,32.11616291525907,30.615361688748596,27.5,3.115361688748596,NULL,0,27.5,NULL,False
109,0.00018293815314012222,candidate,1,2,3710937498.7345486,3707627039.398572,0.00013513018209647415,7.590272985832618,-0.06244218597583284,71.25,False,refined,0.36536168874859687,NULL,3.0,30.615361688748596,30.615361688748596,27.5,3.115361688748596,NULL,0,27.5,NULL,False
109,0.00018293815314012222,candidate,2,3,5400390623.158435,5403136480.521118,0.00012864804621727738,7.081447668982479,-0.4894255270767367,103.6875,False,refined,0.4683719450949242,NULL,3.0,30.718371945094923,30.615361688748596,27.5,3.115361688748596,NULL,0,27.5,NULL,False
109,0.00018293815314012222,candidate,3,4,1972656249.3273125,1975970317.2414448,0.0001282979202025519,7.001742902646502,-0.5130971016725194,37.875,False,refined,0.4818071334575572,NULL,3.0,30.731807133457558,30.615361688748596,27.5,3.115361688748596,NULL,0,27.5,NULL,False
109,0.00018293815314012222,candidate,4,5,3261718748.887735,3266543157.1960917,0.00012635524459769201,6.934034827434861,-0.6456239702746647,62.62500000000001,False,refined,0.5002462740269374,NULL,3.0,30.75024627402694,30.615361688748596,27.5,3.115361688748596,NULL,0,27.5,NULL,False
109,0.00018293815314012222,NULL,5,0,nan,nan,nan,nan,nan,nan,False,NULL,0.25,NULL,0.0,27.5,30.615361688748596,27.5,3.115361688748596,NULL,0,27.5,NULL,True
110,0.0001829413531401233,candidate,0,1,1972656249.3273125,1972050653.6437895,0.0001379833293425932,8.657687155833766,0.11122644890528832,37.875,False,refined,0.20134692662493503,NULL,3.0,30.701346926624936,30.701346926624936,27.75,2.951346926624936,NULL,0,27.75,NULL,False
110,0.0001829413531401233,candidate,1,2,5351562498.175086,5348481276.200662,0.0001362276601413847,8.68806486283372,-0.11122644890528832,102.75,False,refined,0.20374192363152255,NULL,3.0,30.703741923631522,30.701346926624936,27.75,2.951346926624936,NULL,0,27.75,NULL,False
110,0.0001829413531401233,candidate,2,3,3701171873.737879,3697883931.2709785,0.0001237531694594848,7.732837146852498,-0.9454057824949746,71.0625,False,refined,0.3991622893780612,NULL,3.0,30.89916228937806,30.701346926624936,27.75,2.951346926624936,NULL,0,27.75,NULL,False
110,0.0001829413531401233,candidate,3,4,3261718748.887735,3263468375.504631,0.00012055385357420154,7.443770560822349,-1.1729104447403227,62.62500000000001,False,refined,0.4567413186729178,NULL,3.0,30.95674131867292,30.701346926624936,27.75,2.951346926624936,NULL,0,27.75,NULL,False
110,0.0001829413531401233,candidate,4,5,2539062499.134165,2535028654.4064884,0.00012051128962865466,7.373217435388177,-1.1759777130522053,48.75,False,refined,0.4675159917575362,NULL,3.0,30.967515991757537,30.701346926624936,27.75,2.951346926624936,NULL,0,27.75,NULL,False
110,0.0001829413531401233,NULL,5,0,nan,nan,nan,nan,nan,nan,False,NULL,0.25,NULL,0.0,27.75,30.701346926624936,27.75,2.951346926624936,NULL,0,27.75,NULL,True
111,0.0001829445531401244,candidate,0,1,5341796873.178415,5343094630.75066,0.00017009059768718235,9.835648637512318,0.9196723470353962,102.56249999999999,False,refined,0.024652704373152368,rank_2,0.0029015949204024196,30.731296222925078,30.731296222925078,28.0,2.731296222925078,NULL,0,28.0,NULL,False
111,0.0001829445531401244,candidate,1,2,2529296874.137495,2528921166.822816,0.00015300185275521553,8.915976290476921,-0.9196723470353962,48.5625,False,refined,0.22008307811817407,NULL,3.0,30.970083078118176,30.731296222925078,28.0,2.731296222925078,NULL,0,28.0,NULL,False
111,0.0001829445531401244,candidate,2,3,4951171873.311622,4948207225.606554,0.00014595103146902794,8.473872638108988,-1.3294627727796726,95.06250000000001,False,refined,0.31201052758238135,NULL,3.0,31.06201052758238,30.731296222925078,28.0,2.731296222925078,NULL,0,28.0,NULL,False
111,0.0001829445531401244,candidate,3,4,1943359374.337303,1942617170.2616463,0.000132280916830748,7.856317220615789,-2.183662218229596,37.3125,False,refined,0.45803130554698135,NULL,3.0,31.20803130554698,30.731296222925078,28.0,2.731296222925078,NULL,0,28.0,NULL,False
111,0.0001829445531401244,candidate,4,5,3271484373.8844047,3271112599.029554,0.00012132235079214602,6.972303698030444,-2.9347898088282776,62.8125,False,refined,0.6375788083472007,NULL,3.0,31.3875788083472,30.731296222925078,28.0,2.731296222925078,NULL,0,28.0,NULL,False
111,0.0001829445531401244,NULL,5,0,nan,nan,nan,nan,nan,nan,False,NULL,0.25,NULL,0.0,28.0,30.731296222925078,28.0,2.731296222925078,NULL,0,28.0,NULL,True
112,0.0001829477531401255,candidate,0,1,2490234374.1508155,2488303702.842546,0.00016034900377087546,8.946013639435124,0.6979484797209956,47.8125,False,refined,0.15809795408473137,NULL,3.0,31.15809795408473,31.15809795408473,28.25,2.908097954084731,NULL,0,28.25,NULL,False
112,0.0001829477531401255,candidate,1,2,4951171873.311622,4948631759.966158,0.0001479683537703746,8.034404020880528,-0.6979484797209956,95.06250000000001,False,refined,0.33846117685048305,NULL,3.0,31.338461176850483,31.15809795408473,28.25,2.908097954084731,NULL,0,28.25,NULL,False
112,0.0001829477531401255,candidate,2,3,5478515623.131794,5475100312.452318,0.0001444976620329614,7.886668102649832,-0.9041089154640058,105.1875,False,refined,0.37350659181902557,NULL,3.0,31.373506591819027,31.15809795408473,28.25,2.908097954084731,NULL,0,28.25,NULL,False
112,0.0001829477531401255,candidate,3,4,1923828124.3439631,1924283324.6149447,0.0001342813127708877,7.20461039481175,-1.5410137534960988,36.9375,False,refined,0.5156218003717437,NULL,3.0,31.515621800371743,31.15809795408473,28.25,2.908097954084731,NULL,0,28.25,NULL,False
112,0.0001829477531401255,candidate,4,5,5371093748.168426,5367200402.634099,0.00013075854880013462,7.174090158310884,-1.7719234811242401,103.125,False,refined,0.5346316938236324,rank_1,0.05810882380964014,31.32403674055835,31.15809795408473,28.25,2.908097954084731,NULL,0,28.25,NULL,False
112,0.0001829477531401255,NULL,5,0,nan,nan,nan,nan,nan,nan,False,NULL,0.25,NULL,0.0,28.25,31.15809795408473,28.25,2.908097954084731,NULL,0,28.25,NULL,True
113,0.0001829509531401266,candidate,0,1,2451171874.164136,2450604199.594991,0.00018290665196636153,10.614853203310926,1.4912631516826291,47.0625,False,refined,0.0,NULL,3.0,31.25,31.25,28.5,2.75,NULL,0,28.5,NULL,False
113,0.0001829509531401266,candidate,1,2,5458984373.138454,5458104826.253814,0.00015405164587436494,9.18339536513101,-1.4912631516826291,104.8125,False,refined,0.2156946422105127,NULL,3.0,31.46569464221051,31.25,28.5,2.75,NULL,0,28.5,NULL,False
113,0.0001829509531401266,candidate,2,3,2744140624.064232,2748121369.1229606,0.00014816094322625238,8.734054148911428,-1.829915321244231,52.6875,False,refined,0.3042615852410503,NULL,3.0,31.55426158524105,31.25,28.5,2.75,NULL,0,28.5,NULL,False
113,0.0001829509531401266,candidate,3,4,4951171873.311622,4952211263.206606,0.00013847002074777022,8.08832291936672,-2.417474858990447,95.06250000000001,False,refined,0.43784374078189503,NULL,3.0,31.687843740781894,31.25,28.5,2.75,NULL,0,28.5,NULL,False
113,0.0001829509531401266,candidate,4,5,4257812498.548061,4258322156.5948033,0.0001198615231697435,6.948930655418044,-3.6709941585393313,81.75,False,refined,0.6870975365960016,NULL,3.0,31.937097536596003,31.25,28.5,2.75,NULL,0,28.5,NULL,False
113,0.0001829509531401266,NULL,5,0,nan,nan,nan,nan,nan,nan,False,NULL,0.25,NULL,0.0,28.5,31.25,28.5,2.75,NULL,0,28.5,NULL,True
114,0.00018295415314012768,candidate,0,1,2763671874.0575714,2762167512.8831925,0.00018879171651808944,11.623708648897102,3.0520500353089286,53.06249999999999,False,refined,0.0,NULL,3.0,31.5,31.5,28.75,2.75,NULL,0,28.75,NULL,False
114,0.00018295415314012768,candidate,1,2,2441406249.167466,2439511714.971532,0.0001328557738462257,8.608577204309427,-3.0520500353089286,46.875,False,refined,0.39946654656039404,rank_1,0.012304321512168188,31.661770868072562,31.5,28.75,2.75,NULL,0,28.75,NULL,False
114,0.00018295415314012768,candidate,2,3,5966796872.965287,5967441194.231052,0.00012789781247786146,8.12516185428418,-3.3823963726630613,114.5625,False,refined,0.4926254951488144,NULL,3.0,31.992625495148815,31.5,28.75,2.75,NULL,0,28.75,NULL,False
114,0.00018295415314012768,candidate,3,4,4970703123.304961,4967518839.2841425,0.00012445071597014132,7.855136273312953,-3.619710713585622,95.4375,False,refined,0.5479614786021585,NULL,3.0,32.04796147860216,31.5,28.75,2.75,NULL,0,28.75,NULL,False
114,0.00018295415314012768,candidate,4,5,3769531248.7145677,3766264974.2926397,0.00011774834702045145,7.473387733300445,-4.100562320634014,72.375,False,refined,0.6352769850445591,NULL,3.0,32.13527698504456,31.5,28.75,2.75,NULL,0,28.75,NULL,False
114,0.00018295415314012768,NULL,5,0,nan,nan,nan,nan,nan,nan,False,NULL,0.25,NULL,0.0,28.75,31.5,28.75,2.75,NULL,0,28.75,NULL,True
115,0.00018295735314012877,candidate,0,1,2783203124.0509114,2787590705.297873,0.00020386363773898977,12.457201706816772,3.6252104858079726,53.4375,False,refined,0.0,rank_1,0.06463387125538671,31.56463387125539,31.56463387125539,29.0,2.5646338712553884,NULL,0,29.0,NULL,False
115,0.00018295735314012877,candidate,1,2,3769531248.7145677,3767182542.7198243,0.00013430099962178288,8.678194914938917,-3.6252104858079726,72.375,False,refined,0.42484641812216073,NULL,3.0,32.17484641812216,31.56463387125539,29.0,2.5646338712553884,NULL,0,29.0,NULL,False
115,0.00018295735314012877,candidate,2,3,4687499998.401535,4687075434.739795,0.0001256978206395982,8.142699081754934,-4.200240431487501,90.0,False,refined,0.5411101647047287,NULL,3.0,32.291110164704726,31.56463387125539,29.0,2.5646338712553884,NULL,0,29.0,NULL,False
115,0.00018295735314012877,candidate,3,4,4980468748.301631,4977341590.990982,0.00012534636649568596,8.090893546815785,-4.224560404286208,95.625,False,refined,0.5504009932455203,NULL,3.0,32.30040099324552,31.56463387125539,29.0,2.5646338712553884,NULL,0,29.0,NULL,False
115,0.00018295735314012877,candidate,4,5,2070312499.294011,2073840878.1488667,0.00010151382059741962,6.286647589276475,-6.05629192396596,39.75,False,refined,0.9355211068564012,NULL,3.0,32.6855211068564,31.56463387125539,29.0,2.5646338712553884,NULL,0,29.0,NULL,False
115,0.00018295735314012877,NULL,5,0,nan,nan,nan,nan,nan,nan,False,NULL,0.25,NULL,0.0,29.0,31.56463387125539,29.0,2.5646338712553884,NULL,0,29.0,NULL,True
116,0.00018296055314012986,candidate,0,1,2822265624.037591,2820014335.828797,0.00016614940852194353,10.57562934034257,1.3856108004659973,54.1875,False,refined,0.0,rank_1,0.10512918168058567,31.669763052935973,31.669763052935973,29.25,2.4197630529359735,NULL,0,29.25,NULL,False
116,0.00018296055314012986,candidate,1,2,4648437498.414855,4648699812.691005,0.00014165054817543725,9.190018539876572,-1.3856108004659973,89.24999999999999,False,refined,0.208097894047639,NULL,3.0,32.20809789404764,31.669763052935973,29.25,2.4197630529359735,NULL,0,29.25,NULL,False
116,0.00018296055314012986,candidate,2,3,5224609373.218377,5222168731.659463,0.00014137635107930197,8.95696222833755,-1.402440624539265,100.3125,False,refined,0.2441082047830715,NULL,3.0,32.244108204783075,31.669763052935973,29.25,2.4197630529359735,NULL,0,29.25,NULL,False
116,0.00018296055314012986,candidate,3,4,3759765623.717898,3762932877.819375,0.00013256825961799971,8.539195172370935,-1.9611848949736732,72.1875,False,refined,0.34169478008021437,NULL,3.0,32.34169478008022,31.669763052935973,29.25,2.4197630529359735,NULL,0,29.25,NULL,False
116,0.00018296055314012986,candidate,4,5,2050781249.3006716,2051365943.9535823,0.00011924124124481824,7.618933839716409,-2.8814462276281994,39.375,False,refined,0.5372503132693012,NULL,3.0,32.537250313269304,31.669763052935973,29.25,2.4197630529359735,NULL,0,29.25,NULL,False
116,0.00018296055314012986,NULL,5,0,nan,nan,nan,nan,nan,nan,False,NULL,0.25,NULL,0.0,29.25,31.669763052935973,29.25,2.4197630529359735,NULL,0,29.25,NULL,True
117,0.00018296375314013095,candidate,0,1,5205078123.225038,5209590188.811301,0.00015593814672458,8.99787427764318,1.116745907894341,99.9375,False,refined,0.15031885835352288,NULL,3.0,32.40031885835352,32.3181699701295,29.5,2.818169970129503,NULL,0,29.5,NULL,False
117,0.00018296375314013095,candidate,1,2,5878906247.995258,5875459466.278603,0.0001371245050708092,7.907760000528921,-1.116745907894341,112.875,False,refined,0.3836326191640582,NULL,3.0,32.63363261916406,32.3181699701295,29.5,2.818169970129503,NULL,0,29.5,NULL,False
117,0.00018296375314013095,candidate,2,3,5400390623.158435,5399972274.680674,0.00012904892137848676,7.250682228906253,-1.6439597900887648,103.6875,False,refined,0.5151451525446098,NULL,3.0,32.76514515254461,32.3181699701295,29.5,2.818169970129503,NULL,0,29.5,NULL,False
117,0.00018296375314013095,candidate,3,4,4619140623.424846,4616231919.54416,0.00012249718013525212,6.909017038925533,-2.0965255406877503,88.6875,False,refined,0.5946802904541544,NULL,3.0,32.84468029045416,32.3181699701295,29.5,2.818169970129503,NULL,0,29.5,NULL,False
117,0.00018296375314013095,candidate,4,5,2832031249.0342607,2830172305.5306225,0.00012073315135375858,6.672125382776377,-2.222516636218641,54.375,False,refined,0.6380884823472085,rank_1,0.010318434846320725,32.3181699701295,32.3181699701295,29.5,2.818169970129503,NULL,0,29.5,NULL,False
117,0.00018296375314013095,NULL,5,0,nan,nan,nan,nan,nan,nan,False,NULL,0.25,NULL,0.0,29.5,32.3181699701295,29.5,2.818169970129503,NULL,0,29.5,NULL,True
118,0.00018296695314013204,candidate,0,1,5869140622.998589,5869412408.351243,0.00018629206989608524,11.240618476440796,1.8870497348000548,112.6875,False,refined,0.0,NULL,3.0,32.5,32.5,29.75,2.75,NULL,0,29.75,NULL,False
118,0.00018296695314013204,candidate,1,2,5195312498.228368,5192924233.018802,0.00014991389275016288,9.21075603920717,-1.8870497348000548,99.75,False,refined,0.2363272025439278,rank_1,0.027775408247754905,32.6644214691452,32.5,29.75,2.75,NULL,0,29.75,NULL,False
118,0.00018296695314013204,candidate,2,3,5429687498.148444,5431379140.007966,0.00013601243289969095,8.621991147888677,-2.7323151826964143,104.24999999999999,False,refined,0.37747102673522437,NULL,3.0,32.87747102673522,32.5,29.75,2.75,NULL,0,29.75,NULL,False
118,0.00018296695314013204,candidate,3,4,3447265623.824462,3446511326.9595685,0.00013212048393293734,8.1133215254951,-2.984484248512125,66.1875,False,refined,0.4695320367077427,NULL,3.0,32.96953203670774,32.5,29.75,2.75,NULL,0,29.75,NULL,False
118,0.00018296695314013204,candidate,4,5,1503906249.487159,1502290803.7519891,0.0001283083916406933,7.827190799853545,-3.2387861421044484,28.874999999999996,False,refined,0.5283455139034963,NULL,3.0,33.028345513903496,32.5,29.75,2.75,NULL,0,29.75,NULL,False
118,0.00018296695314013204,NULL,5,0,nan,nan,nan,nan,nan,nan,False,NULL,0.25,NULL,0.0,29.75,32.5,29.75,2.75,NULL,0,29.75,NULL,True
119,0.00018297015314013313,candidate,0,1,5859374998.001919,5858223589.287591,0.0001809468146004418,12.293412482043271,0.01514522967081433,112.5,False,refined,0.0,rank_1,0.012518967203914329,32.51251896720392,32.51251896720392,30.0,2.512518967203917,NULL,0,30.0,NULL,False
119,0.00018297015314013313,candidate,1,2,5498046873.1251335,5493407935.958222,0.0001806315799687297,12.337424040071356,-0.01514522967081433,105.5625,False,refined,0.0009465768544258957,NULL,3.0,32.750946576854425,32.51251896720392,30.0,2.512518967203917,NULL,0,30.0,NULL,False
119,0.00018297015314013313,candidate,2,3,4804687498.361573,4806817484.290187,0.00015646929211273085,11.090132781758513,-1.262436487983658,92.25,False,refined,0.07890228049897863,NULL,3.0,32.82890228049898,32.51251896720392,30.0,2.512518967203917,NULL,0,30.0,NULL,False
119,0.00018297015314013313,candidate,3,4,3427734373.8311224,3428228282.6037717,0.00014761756456147283,10.525154357395241,-1.76825812464803,65.8125,False,refined,0.11051613279050188,NULL,3.0,32.8605161327905,32.51251896720392,30.0,2.512518967203917,NULL,0,30.0,NULL,False
119,0.00018297015314013313,candidate,4,5,2929687499.0009594,2927462527.811711,0.0001342579525790783,9.668986176296448,-2.5922184442582896,56.25,False,refined,0.2116657263216759,NULL,3.0,32.96166572632168,32.51251896720392,30.0,2.512518967203917,NULL,0,30.0,NULL,False
119,0.00018297015314013313,NULL,5,0,nan,nan,nan,nan,nan,nan,False,NULL,0.25,NULL,0.0,30.0,32.51251896720392,30.0,2.512518967203917,NULL,0,30.0,NULL,True
120,0.00018297335314013423,candidate,0,1,5830078123.011909,5826350329.982509,0.00018817337997393505,11.433259691577264,1.016194781649249,111.93749999999999,False,refined,0.0,rank_1,0.10159046587290166,32.61410943307682,32.61410943307682,30.25,2.3641094330768198,NULL,0,30.25,NULL,False
120,0.00018297335314013423,candidate,1,2,5527343748.115143,5523068432.989465,0.00016739729917208845,10.451592145317097,-1.016194781649249,106.12499999999999,False,refined,0.06351217385307806,rank_2,0.08797450841403376,32.90243325912154,32.61410943307682,30.25,2.3641094330768198,NULL,0,30.25,NULL,False
120,0.00018297335314013423,candidate,2,3,4189453123.5713716,4186680523.1494856,0.00015240594554669779,9.406204207675586,-1.8311255216036404,80.4375,False,refined,0.20351471394888965,NULL,3.0,33.20351471394889,32.61410943307682,30.25,2.3641094330768198,NULL,0,30.25,NULL,False
120,0.00018297335314013423,candidate,3,4,3408203123.837783,3412694301.56217,0.0001399471569166543,8.866503044597227,-2.5718821152521354,65.4375,False,refined,0.3307671755136744,rank_4,0.02413045670008397,33.21541376500426,32.61410943307682,30.25,2.3641094330768198,NULL,0,30.25,NULL,False
120,0.00018297335314013423,candidate,4,5,4824218748.354913,4825016583.257762,0.00013991597154104076,8.859441824848941,-2.573817866728323,92.625,False,refined,0.33194734294317896,rank_3,0.03312072032315921,33.19397034376532,32.61410943307682,30.25,2.3641094330768198,NULL,0,30.25,NULL,False
120,0.00018297335314013423,NULL,5,0,nan,nan,nan,nan,nan,nan,False,NULL,0.25,NULL,0.0,30.25,32.61410943307682,30.25,2.3641094330768198,NULL,0,30.25,NULL,True
121,0.00018297655314013532,candidate,0,1,5810546873.018569,5807443836.697799,0.0002397190108008855,12.319304315146136,4.175650069858063,111.5625,False,refined,0.0,rank_1,0.035745548832478165,32.6498549819093,32.6498549819093,30.5,2.1498549819093,NULL,0,30.5,NULL,False
121,0.00018297655314013532,candidate,1,2,4199218748.568042,4195528885.16466,0.00014822449296614262,8.143654245288072,-4.175650069858063,80.625,False,refined,0.5394299925729181,rank_3,0.007829351035158099,33.75077405755697,32.6498549819093,30.5,2.1498549819093,NULL,0,30.5,NULL,False
121,0.00018297655314013532,candidate,2,3,3417968748.8344526,3414547983.879504,0.00012365434671968785,6.5146445719231405,-5.749861791032149,65.625,False,refined,0.8821696761510383,rank_4,0.00034361381335973974,34.09792705496865,32.6498549819093,30.5,2.1498549819093,NULL,0,30.5,NULL,False
121,0.00018297655314013532,candidate,3,4,4619140623.424846,4623935072.838118,0.00012251074434622655,6.433940395518611,-5.830565967436678,88.6875,False,refined,0.8993193136370007,NULL,3.0,34.149319313637,32.6498549819093,30.5,2.1498549819093,NULL,0,30.5,NULL,False
121,0.00018297655314013532,candidate,4,5,5537109373.111813,5541153851.027723,0.00011696707208464525,6.074136604510745,-6.232777162278387,106.31249999999999,False,refined,0.9784280819657875,rank_2,0.03270823456185678,33.913569575649184,32.6498549819093,30.5,2.1498549819093,NULL,0,30.5,NULL,False
121,0.00018297655314013532,NULL,5,0,nan,nan,nan,nan,nan,nan,False,NULL,0.25,NULL,0.0,30.5,32.6498549819093,30.5,2.1498549819093,NULL,0,30.5,NULL,True
122,0.0001829797531401364,candidate,0,1,5791015623.025229,5791260953.941291,0.00022492624028240998,13.129297418552675,3.3505621389346096,111.1875,False,refined,0.0,rank_1,0.02618856943108799,32.676043551340385,32.676043551340385,30.75,1.9260435513403849,NULL,0,30.75,NULL,False
122,0.0001829797531401364,candidate,1,2,1689453124.4238865,1685668048.534672,0.00015285881612357434,9.645696011079572,-3.354992644780097,32.4375,False,refined,0.26283263863682027,NULL,3.0,33.76283263863682,32.676043551340385,30.75,1.9260435513403849,NULL,0,30.75,NULL,False
122,0.0001829797531401364,candidate,2,3,4248046873.551391,4252614731.6711836,0.00013527010137334025,8.635953427028316,-4.416766168806294,81.5625,False,refined,0.48065487149614605,NULL,3.0,33.98065487149615,32.676043551340385,30.75,1.9260435513403849,NULL,0,30.75,NULL,False
122,0.0001829797531401364,candidate,3,4,2607421874.1108537,2612191206.594219,0.00013033935895278542,8.162986709653719,-4.7392908651201715,50.0625,False,refined,0.5717576726219529,NULL,3.0,34.071757672621956,32.676043551340385,30.75,1.9260435513403849,NULL,0,30.75,NULL,False
122,0.0001829797531401364,candidate,4,5,3945312498.654625,3948677219.740456,0.00012538111545531643,7.871082791323039,-5.0761598940890895,75.75,False,refined,0.6365975746821123,NULL,3.0,34.13659757468211,32.676043551340385,30.75,1.9260435513403849,NULL,0,30.75,NULL,False
122,0.0001829797531401364,NULL,5,0,nan,nan,nan,nan,nan,nan,False,NULL,0.25,NULL,0.0,30.75,32.676043551340385,30.75,1.9260435513403849,NULL,0,30.75,NULL,True
123,0.0001829829531401375,candidate,0,1,1689453124.4238865,1691113214.5913844,0.00016130640743008802,9.991524180448197,0.08723719801873031,32.4375,False,refined,0.0012713729327704648,NULL,3.0,33.75127137293277,32.744029516868885,31.0,1.7440295168688849,NULL,0,31.0,NULL,False
123,0.0001829829531401375,candidate,1,2,5771484373.03189,5768792767.007977,0.0001596944264424927,9.919655345031382,-0.08723719801873031,110.8125,False,refined,0.017504023121463375,rank_1,0.05048194240703565,32.744029516868885,32.744029516868885,31.0,1.7440295168688849,NULL,0,31.0,NULL,False
123,0.0001829829531401375,candidate,2,3,5878906247.995258,5877187422.3690815,0.0001527166690250982,9.531589024361269,-0.47530351868884324,112.875,False,refined,0.09996811626386237,rank_1,0.7383357976472101,33.514347465251454,32.744029516868885,31.0,1.7440295168688849,NULL,0,31.0,NULL,False
123,0.0001829829531401375,candidate,3,4,2607421874.1108537,2608653226.1387324,0.00013300083548551512,8.186784428653997,-1.6759449938627835,50.0625,False,refined,0.3767288978183244,NULL,3.0,34.126728897818325,32.744029516868885,31.0,1.7440295168688849,NULL,0,31.0,NULL,False
123,0.0001829829531401375,candidate,4,5,3447265623.824462,3446522929.519759,0.00013186181073893748,7.977027193842794,-1.7506516720180176,66.1875,False,refined,0.412861650424707,NULL,3.0,34.16286165042471,32.744029516868885,31.0,1.7440295168688849,NULL,0,31.0,NULL,False
123,0.0001829829531401375,NULL,5,0,nan,nan,nan,nan,nan,nan,False,NULL,0.25,NULL,0.0,31.0,32.744029516868885,31.0,1.7440295168688849,NULL,0,31.0,NULL,True
124,0.0001829861531401386,candidate,0,1,5058593748.27499,5059200227.992256,0.0001372038229228618,8.249420204308748,0.11842300585823473,97.125,False,refined,0.26258696935368775,NULL,3.0,34.26258696935369,33.921229845828485,31.25,2.671229845828485,NULL,0,31.25,NULL,False
124,0.0001829861531401386,candidate,1,2,1699218749.4205563,1700835026.9410357,0.00013534588681859462,8.27853140398818,-0.11842300585823473,32.625,False,refined,0.26562172726791256,rank_1,0.009451363536183324,34.02634446373687,33.921229845828485,31.25,2.671229845828485,NULL,0,31.25,NULL,False
124,0.0001829861531401386,candidate,2,3,3466796873.817802,3466472440.8290234,0.00013455883656502362,8.114134834680762,-0.16907977787179007,66.5625,False,refined,0.2934472609148726,NULL,3.0,34.293447260914874,33.921229845828485,31.25,2.671229845828485,NULL,0,31.25,NULL,False
124,0.0001829861531401386,candidate,3,4,5898437497.988598,5898873077.834064,0.00012935646836553813,7.814113083009451,-0.5115612437417472,113.25,False,refined,0.3598556152824416,rank_3,0.0470267652945905,33.921229845828485,33.921229845828485,31.25,2.671229845828485,NULL,0,31.25,NULL,False
124,0.0001829861531401386,candidate,4,5,1552734374.4705083,1552764115.5446908,0.0001220325361183153,7.319620902713915,-1.017811506354871,29.812499999999996,False,refined,0.4656700837400922,NULL,3.0,34.46567008374009,33.921229845828485,31.25,2.671229845828485,NULL,0,31.25,NULL,False
124,0.0001829861531401386,NULL,5,0,nan,nan,nan,nan,nan,nan,False,NULL,0.25,NULL,0.0,31.25,33.921229845828485,31.25,2.671229845828485,NULL,0,31.25,NULL,True
125,0.00018298935314013968,candidate,0,1,5068359373.27166,5065515899.317906,0.00014985243016259542,9.302497574551882,0.33622169081383824,97.3125,False,refined,0.10462536381721765,NULL,3.0,34.35462536381722,34.35462536381722,31.5,2.8546253638172203,NULL,0,31.5,NULL,False
125,0.00018298935314013968,candidate,1,2,4892578123.331602,4894802329.243788,0.00014416263302167296,8.991627674650013,-0.33622169081383824,93.9375,False,refined,0.17226970447836287,NULL,3.0,34.42226970447836,34.35462536381722,31.5,2.8546253638172203,NULL,0,31.5,NULL,False
125,0.00018298935314013968,candidate,2,3,3779296873.7112374,3777438385.976885,0.00014231740656846315,8.920265233850824,-0.44811538505456383,72.5625,False,refined,0.18996742648828668,NULL,3.0,34.43996742648829,34.35462536381722,31.5,2.8546253638172203,NULL,0,31.5,NULL,False
125,0.00018298935314013968,candidate,3,4,3515624998.8011513,3510899763.1081405,0.0001319060895138968,8.375986367964643,-1.1079788973398408,67.5,False,refined,0.3128507258890436,NULL,3.0,34.56285072588904,34.35462536381722,31.5,2.8546253638172203,NULL,0,31.5,NULL,False
125,0.00018298935314013968,candidate,4,5,1562499999.4671783,1566401431.817283,0.0001295107758983582,7.998447149119032,-1.267157701387811,30.0,False,refined,0.37943028396888334,NULL,3.0,34.62943028396889,34.35462536381722,31.5,2.8546253638172203,NULL,0,31.5,NULL,False
125,0.00018298935314013968,NULL,5,0,nan,nan,nan,nan,nan,nan,False,NULL,0.25,NULL,0.0,31.5,34.35462536381722,31.5,2.8546253638172203,NULL,0,31.5,NULL,True
126,0.00018299255314014077,candidate,0,1,4892578123.331602,4889103394.127177,0.0001750873024128786,11.038783622647745,0.0908919013889875,93.9375,False,refined,0.0,rank_2,0.003247786146333664,34.42551749062469,34.42551749062469,31.75,2.675517490624692,NULL,0,31.75,NULL,False
126,0.00018299255314014077,candidate,1,2,3818359373.697917,3822179987.6985297,0.0001732646862503161,10.947891721258758,-0.0908919013889875,73.3125,False,refined,0.005680743836811719,NULL,3.0,34.50568074383681,34.42551749062469,31.75,2.675517490624692,NULL,0,31.75,NULL,False
126,0.00018299255314014077,candidate,2,3,3593749998.77451,3591347818.767698,0.0001503446652173733,9.762528137043951,-1.3233325842614008,69.0,False,refined,0.1183290659597449,NULL,3.0,34.61832906595974,34.42551749062469,31.75,2.675517490624692,NULL,0,31.75,NULL,False
126,0.00018299255314014077,candidate,3,4,5068359373.27166,5065322204.691756,0.00013852802110649222,9.05152029627664,-2.034340425028711,97.3125,False,refined,0.26941823212279836,rank_1,3.75176081994391e-06,34.62404734770084,34.42551749062469,31.75,2.675517490624692,NULL,0,31.75,NULL,False
126,0.00018299255314014077,candidate,4,5,4492187498.468138,4489248080.8142805,0.00013326300438071904,8.390160931724724,-2.3709010290607946,86.25,False,refined,0.3896571745575911,NULL,3.0,34.88965717455759,34.42551749062469,31.75,2.675517490624692,NULL,0,31.75,NULL,False
126,0.00018299255314014077,NULL,5,0,nan,nan,nan,nan,nan,nan,False,NULL,0.25,NULL,0.0,31.75,34.42551749062469,31.75,2.675517490624692,NULL,0,31.75,NULL,True
127,0.00018299575314014186,candidate,0,1,3828124998.6945868,3824799869.6376505,0.00017526774471915215,10.356755837952809,0.959670753547126,73.5,False,refined,0.0,rank_2,0.0006863781374931204,34.50636712197431,34.50636712197431,32.0,2.506367121974307,NULL,0,32.0,NULL,False
127,0.00018299575314014186,candidate,1,2,4853515623.344923,4857788481.227214,0.0001569345117898338,9.532032413466665,-0.959670753547126,93.18750000000001,False,refined,0.1301745600766957,rank_1,0.09806237699322927,34.653754427694615,34.50636712197431,32.0,2.506367121974307,NULL,0,32.0,NULL,False
127,0.00018299575314014186,candidate,2,3,5058593748.27499,5060288783.990583,0.00013670716641128605,8.184075540879663,-2.1582143354157246,97.125,False,refined,0.40727706483153336,rank_4,0.0025335323954995166,35.03385794492787,34.50636712197431,32.0,2.506367121974307,NULL,0,32.0,NULL,False
127,0.00018299575314014186,candidate,3,4,4492187498.468138,4489325753.66574,0.00013017091550193707,7.893173782429184,-2.583760781409117,86.25,False,refined,0.47750898147369225,NULL,3.0,35.22750898147369,34.50636712197431,32.0,2.506367121974307,NULL,0,32.0,NULL,False
127,0.00018299575314014186,candidate,4,5,2060546874.2973413,2055835120.000996,0.0001193109675115615,7.224528561747237,-3.34043261746773,39.5625,False,refined,0.6250977543296476,NULL,3.0,35.375097754329644,34.50636712197431,32.0,2.506367121974307,NULL,0,32.0,NULL,False
127,0.00018299575314014186,NULL,5,0,nan,nan,nan,nan,nan,nan,False,NULL,0.25,NULL,0.0,32.0,34.50636712197431,32.0,2.506367121974307,NULL,0,32.0,NULL,True
128,0.00018299895314014296,candidate,0,1,4824218748.354913,4826022041.510179,0.0001489710526291278,8.164773326316865,0.5866812645071207,92.625,False,refined,0.2752840010524702,rank_2,0.10091066922960373,35.02994909797669,35.02994909797669,32.25,2.77994909797669,NULL,0,32.25,NULL,False
128,0.00018299895314014296,candidate,1,2,2890624999.01428,2895348710.099706,0.00013924122110831887,7.758737304903907,-0.5866812645071207,55.5,False,refined,0.37285698329610906,NULL,3.0,35.37285698329611,35.02994909797669,32.25,2.77994909797669,NULL,0,32.25,NULL,False
128,0.00018299895314014296,candidate,2,3,1982421874.3239825,1983968592.3057816,0.00013686403729398802,7.574515105783313,-0.7362507916715444,38.0625,False,refined,0.4098384086119746,NULL,3.0,35.409838408611975,35.02994909797669,32.25,2.77994909797669,NULL,0,32.25,NULL,False
128,0.00018299895314014296,candidate,3,4,3691406248.7412086,3689437091.0764084,0.00013327979772428863,7.318872593507555,-0.9667512311308268,70.875,False,refined,0.46259106291954344,NULL,3.0,35.46259106291954,35.02994909797669,32.25,2.77994909797669,NULL,0,32.25,NULL,False
128,0.00018299895314014296,candidate,4,5,5537109373.111813,5539565608.301944,0.00012973147672428972,6.928078883340136,-1.2011304968273873,106.31249999999999,False,refined,0.5358588235506913,NULL,3.0,35.53585882355069,35.02994909797669,32.25,2.77994909797669,NULL,0,32.25,NULL,False
128,0.00018299895314014296,NULL,5,0,nan,nan,nan,nan,nan,nan,False,NULL,0.25,NULL,0.0,32.25,35.02994909797669,32.25,2.77994909797669,NULL,0,32.25,NULL,True
129,0.00018300215314014405,candidate,0,1,3701171873.737879,3700957328.18843,0.00016220506113967124,10.02616754103932,0.5024755857965513,71.0625,False,refined,0.0,NULL,3.0,35.25,35.25,32.5,2.75,NULL,0,32.5,NULL,False
129,0.00018300215314014405,candidate,1,2,2890624999.01428,2893109643.3593926,0.0001530878140218616,9.534510661453393,-0.5024755857965513,55.5,False,refined,0.10122812489427557,NULL,3.0,35.35122812489428,35.25,32.5,2.75,NULL,0,32.5,NULL,False
129,0.00018300215314014405,candidate,2,3,5029296873.28498,5033256187.26467,0.0001453406246156776,9.083438673154136,-0.9535475740958077,96.5625,False,refined,0.19708092240786756,NULL,3.0,35.44708092240787,35.25,32.5,2.75,NULL,0,32.5,NULL,False
129,0.00018300215314014405,candidate,3,4,5537109373.111813,5539255299.580634,0.00014317134744625155,9.009109104539892,-1.0841657736287669,106.31249999999999,False,refined,0.21639399517081415,NULL,3.0,35.46639399517081,35.25,32.5,2.75,NULL,0,32.5,NULL,False
129,0.00018300215314014405,candidate,4,5,4355468748.514759,4356371393.913904,0.00014186671169836378,8.816440690766507,-1.1636779713442635,83.62499999999999,False,refined,0.2502637695940404,NULL,3.0,35.50026376959404,35.25,32.5,2.75,NULL,0,32.5,NULL,False
129,0.00018300215314014405,NULL,5,0,nan,nan,nan,nan,nan,nan,False,NULL,0.25,NULL,0.0,32.5,35.25,32.5,2.75,NULL,0,32.5,NULL,True
130,0.00018300535314014514,candidate,0,1,5175781248.235028,5173869650.191696,0.0001614152099786175,10.247119942868403,0.30818833783474275,99.375,False,refined,0.0,NULL,3.0,35.5,35.29362463597232,32.75,2.5436246359723214,NULL,0,32.75,NULL,False
130,0.00018300535314014514,candidate,1,2,3691406248.7412086,3687215333.981234,0.0001557883718519693,9.963475837476059,-0.30818833783474275,70.875,False,refined,0.024740395493262568,rank_1,0.01888424047906018,35.29362463597232,35.29362463597232,32.75,2.5436246359723214,NULL,0,32.75,NULL,False
130,0.00018300535314014514,candidate,2,3,5048828123.278319,5048216611.357669,0.00014918412738524915,9.492286675284802,-0.6844367413669783,96.93749999999999,False,refined,0.1189342950427158,rank_3,0.02238142890423701,35.58839664635482,35.29362463597232,32.75,2.5436246359723214,NULL,0,32.75,NULL,False
130,0.00018300535314014514,candidate,3,4,4355468748.514759,4359195715.83964,0.00014149257152061562,8.978355349513372,-1.1442163155194596,83.62499999999999,False,refined,0.22476021729296047,NULL,3.0,35.72476021729296,35.29362463597232,32.75,2.5436246359723214,NULL,0,32.75,NULL,False
130,0.00018300535314014514,candidate,4,5,2880859374.01761,2881865838.400783,0.00013300007595490914,8.494872088251393,-1.6818513284003878,55.3125,False,refined,0.3308848947873153,rank_2,0.01264231499472534,35.69475533467632,35.29362463597232,32.75,2.5436246359723214,NULL,0,32.75,NULL,False
130,0.00018300535314014514,NULL,5,0,nan,nan,nan,nan,nan,nan,False,NULL,0.25,NULL,0.0,32.75,35.29362463597232,32.75,2.5436246359723214,NULL,0,32.75,NULL,True
131,0.00018300855314014623,candidate,0,1,5185546873.231698,5181857587.344213,0.00015317893338844313,9.894192575828074,0.1178019705444111,99.5625,False,refined,0.01587111362578897,rank_1,0.006380713995255126,35.52225182762105,35.52225182762105,33.0,2.522251827621048,NULL,0,33.0,NULL,False
131,0.00018300855314014623,candidate,1,2,58593749.98001918,nan,0.00015111547569714696,9.563854843789823,-0.1178019705444111,1.125,True,boundary_peak,1.7915343965905524,NULL,3.0,37.54153439659055,35.52225182762105,33.0,2.522251827621048,NULL,0,33.0,NULL,False
131,0.00018300855314014623,candidate,2,3,4648437498.414855,4647682511.316716,0.00014608731730750334,9.536840133933975,-0.41173054395662767,89.24999999999999,False,refined,0.09520713890719301,NULL,3.0,35.84520713890719,35.52225182762105,33.0,2.522251827621048,NULL,0,33.0,NULL,False
131,0.00018300855314014623,candidate,3,4,5078124998.26833,5073316826.117837,0.00014142962717793715,9.324106282948001,-0.6931728919343971,97.5,False,refined,0.1447073633036996,rank_3,0.06300207810065594,35.796106087759185,35.52225182762105,33.0,2.522251827621048,NULL,0,33.0,NULL,False
131,0.00018300855314014623,candidate,4,5,4365234373.51143,4365622811.58356,0.00012894248283063108,8.398132322041905,-1.496060253786169,83.81250000000001,False,refined,0.33378391755534986,rank_4,0.004130755970151877,36.062674890818464,35.52225182762105,33.0,2.522251827621048,NULL,0,33.0,NULL,False
131,0.00018300855314014623,NULL,5,0,nan,nan,nan,nan,nan,nan,False,NULL,0.25,NULL,0.0,33.0,35.52225182762105,33.0,2.522251827621048,NULL,0,33.0,NULL,True
132,0.00018301175314014732,candidate,0,1,2343749999.2007675,2346972986.127989,0.00030242049020573204,13.388272253162361,1.3049274071959882,45.0,False,refined,0.0,NULL,3.0,36.0,36.0,33.25,2.75,NULL,0,33.25,NULL,False
132,0.00018301175314014732,candidate,1,2,2480468749.1541457,2483711093.5429296,0.0002602344826319591,12.083344845966373,-1.3049274071959882,47.625,False,refined,0.08155796294974926,NULL,3.0,36.08155796294975,36.0,33.25,2.75,NULL,0,33.25,NULL,False
132,0.00018301175314014732,candidate,2,3,2626953124.1041937,2626576740.095706,0.0002498070338325559,11.728141246002766,-1.6601310071595954,50.4375,False,refined,0.10375818794747471,NULL,3.0,36.10375818794748,36.0,33.25,2.75,NULL,0,33.25,NULL,False
132,0.00018301175314014732,candidate,3,4,1972656249.3273125,1970453788.8161922,0.0002457901623657465,11.587337922017094,-1.8009343311452675,37.875,False,refined,0.11255839569657922,NULL,3.0,36.11255839569658,36.0,33.25,2.75,NULL,0,33.25,NULL,False
132,0.00018301175314014732,candidate,4,5,2236328124.237399,2232606225.2055492,0.0002430176159308828,11.488803112705064,-1.8994691404572972,42.9375,False,refined,0.11871682127858108,NULL,3.0,36.11871682127858,36.0,33.25,2.75,NULL,0,33.25,NULL,False
132,0.00018301175314014732,NULL,5,0,nan,nan,nan,nan,nan,nan,False,NULL,0.25,NULL,0.0,33.25,36.0,33.25,2.75,NULL,0,33.25,NULL,True
133,0.0001830149531401484,candidate,0,1,2343749999.2007675,2342929185.7450213,0.0005141839077725324,15.277628357255395,1.5044469485679013,45.0,False,refined,0.0,rank_1,0.0016352321537287872,36.00163523215373,36.00163523215373,33.5,2.501635232153731,NULL,0,33.5,NULL,False
133,0.0001830149531401484,candidate,1,2,2880859374.01761,2877695364.864153,0.0004324104024022511,13.773181408687494,-1.5044469485679013,55.3125,False,refined,0.09402793428549383,NULL,3.0,36.34402793428549,36.00163523215373,33.5,2.501635232153731,NULL,0,33.5,NULL,False
133,0.0001830149531401484,candidate,2,3,1972656249.3273125,1972182196.3192112,0.00041865573048858193,13.492399548688914,-1.7852288085664814,37.875,False,refined,0.11157680053540509,rank_4,0.0002987392496492702,36.224433935481635,36.00163523215373,33.5,2.501635232153731,NULL,0,33.5,NULL,False
133,0.0001830149531401484,candidate,3,4,2460937499.1608057,2460178548.6156344,0.0004034521394754853,13.171099202780079,-2.106529154475316,47.25,False,refined,0.13165807215470726,rank_2,0.055378067075516735,36.268594102179975,36.00163523215373,33.5,2.501635232153731,NULL,0,33.5,NULL,False
133,0.0001830149531401484,candidate,4,5,2646484374.097533,2650246422.843304,0.00033020037681916046,11.430810036739318,-3.8468183205160766,50.8125,False,refined,0.2404261450322548,rank_3,0.056025388137194654,36.40020972111692,36.00163523215373,33.5,2.501635232153731,NULL,0,33.5,NULL,False
133,0.0001830149531401484,NULL,5,0,nan,nan,nan,nan,nan,nan,False,NULL,0.25,NULL,0.0,33.5,36.00163523215373,33.5,2.501635232153731,NULL,0,33.5,NULL,True
134,0.0001830181531401495,candidate,0,1,2333984374.2040977,2334370314.2780876,0.0005488991603305372,15.832428000032408,0.5084555296062021,44.8125,False,refined,0.0,rank_1,0.0073254280787492295,36.00896066023248,36.00896066023248,33.75,2.258960660232482,NULL,0,33.75,NULL,False
134,0.0001830181531401495,candidate,1,2,3457031248.821132,3456631102.8605733,0.0005176900166501432,15.323972470426206,-0.5084555296062021,66.375,False,refined,0.03177847060038763,NULL,3.0,36.531778470600386,36.00896066023248,33.75,2.258960660232482,NULL,0,33.75,NULL,False
134,0.0001830181531401495,candidate,2,3,2880859374.01761,2880979791.6013317,0.0004923563102782347,14.888166839901382,-0.9442611601310258,55.3125,False,refined,0.05901632250818911,rank_2,0.0010787458991894996,36.40412300269288,36.00896066023248,33.75,2.258960660232482,NULL,0,33.75,NULL,False
134,0.0001830181531401495,candidate,3,4,1982421874.3239825,1979516199.9788272,0.0004530715223821908,14.165911984329078,-1.6665160157033299,38.0625,False,refined,0.10415725098145812,rank_3,0.005378760967926079,36.33396994743102,36.00896066023248,33.75,2.258960660232482,NULL,0,33.75,NULL,False
134,0.0001830181531401495,candidate,4,5,1806640624.383925,1809102742.1005723,0.0002703824157450975,9.68214555051822,-6.150282449514188,34.6875,False,refined,0.4320708205169038,NULL,3.0,36.932070820516905,36.00896066023248,33.75,2.258960660232482,NULL,0,33.75,NULL,False
134,0.0001830181531401495,NULL,5,0,nan,nan,nan,nan,nan,nan,False,NULL,0.25,NULL,0.0,33.75,36.00896066023248,33.75,2.258960660232482,NULL,0,33.75,NULL,True
135,0.0001830213531401506,candidate,0,1,3457031248.821132,3459671967.1859083,0.0006861006426462253,19.83187428143495,2.7752147165850793,66.375,False,refined,0.0,rank_2,0.0009246855845095241,36.532703156184894,36.34588404691622,34.0,2.3458840469162183,NULL,0,34.0,NULL,False
135,0.0001830213531401506,candidate,1,2,3642578123.757859,3645027208.246186,0.0004984563009861052,17.05665956484987,-2.7752147165850793,69.9375,False,refined,0.17345091978656746,NULL,3.0,36.92345091978657,36.34588404691622,34.0,2.3458840469162183,NULL,0,34.0,NULL,False
135,0.0001830213531401506,candidate,2,3,2919921874.0042896,2921988345.3603635,0.0003892033047195035,14.907648143136889,-4.92422613829806,56.0625,False,refined,0.30776413364362876,rank_3,0.1681701481407399,36.880057284477246,36.34588404691622,34.0,2.3458840469162183,NULL,0,34.0,NULL,False
135,0.0001830213531401506,candidate,3,4,2783203124.0509114,2785238959.947852,0.0003887537579978554,14.897609764842938,-4.934264516592011,53.4375,False,refined,0.30839153228700067,NULL,3.0,37.058391532287004,36.34588404691622,34.0,2.3458840469162183,NULL,0,34.0,NULL,False
135,0.0001830213531401506,candidate,4,5,2333984374.2040977,2332375418.2973022,0.0003691199221369007,14.447467470453859,-5.3844068109810905,44.8125,False,refined,0.33652542568631816,rank_1,0.0003979609974153623,36.34588404691622,36.34588404691622,34.0,2.3458840469162183,NULL,0,34.0,NULL,False
135,0.0001830213531401506,NULL,5,0,nan,nan,nan,nan,nan,nan,False,NULL,0.25,NULL,0.0,34.0,36.34588404691622,34.0,2.3458840469162183,NULL,0,34.0,NULL,True
136,0.00018302455314015168,candidate,0,1,3652343748.7545295,3649310222.5112085,0.0006691330089853966,21.568113336844323,1.4195090445846859,70.125,False,refined,0.0,rank_2,0.0018344211194388407,36.92528534090601,36.622560610918526,34.25,2.3725606109185264,NULL,0,34.25,NULL,False
136,0.00018302455314015168,candidate,1,2,3466796873.817802,3463045599.422966,0.0005682468047272232,20.148604292259638,-1.4195090445846859,66.5625,False,refined,0.08871931528654287,rank_1,0.0011381394470914847,36.622560610918526,36.622560610918526,34.25,2.3725606109185264,NULL,0,34.25,NULL,False
136,0.00018302455314015168,candidate,2,3,3281249998.8810744,3284640717.400039,0.0002522347749076789,13.09396347203128,-8.474149864813043,63.0,False,refined,0.5296343665508152,NULL,3.0,37.529634366550816,36.622560610918526,34.25,2.3725606109185264,NULL,0,34.25,NULL,False
136,0.00018302455314015168,candidate,3,4,3144531248.927696,3145826560.4715705,0.00022143480030689292,11.962781742652764,-9.60533159419156,60.375,False,refined,0.6003332246369725,NULL,3.0,37.60033322463697,36.622560610918526,34.25,2.3725606109185264,NULL,0,34.25,NULL,False
136,0.00018302455314015168,candidate,4,5,3935546873.657955,3935004688.3848214,0.00020713932123725718,11.344487709662774,-10.184998115607824,75.5625,False,refined,0.636562382225489,NULL,3.0,37.63656238222549,36.622560610918526,34.25,2.3725606109185264,NULL,0,34.25,NULL,False
136,0.00018302455314015168,NULL,5,0,nan,nan,nan,nan,nan,nan,False,NULL,0.25,NULL,0.0,34.25,36.622560610918526,34.25,2.3725606109185264,NULL,0,34.25,NULL,True
137,0.00018302775314015278,candidate,0,1,3652343748.7545295,3648226399.078026,0.0006442302734111468,21.905762759431624,6.963818482581017,70.125,False,refined,0.0,rank_1,0.000117467323431597,36.92540280822944,36.92540280822944,34.5,2.4254028082294425,NULL,0,34.5,NULL,False
137,0.00018302775314015278,candidate,1,2,3447265623.824462,3449821195.6154237,0.0002889683013496893,14.879065140138543,-6.963818482581017,66.1875,False,refined,0.43523865516131355,rank_2,0.01748848560649399,37.07528775168633,36.92540280822944,34.5,2.4254028082294425,NULL,0,34.5,NULL,False
137,0.00018302775314015278,candidate,2,3,3935546873.657955,3930911836.0873184,0.0002681383280868916,14.292118118557484,-7.613644640874142,75.5625,False,refined,0.4758527900546339,NULL,3.0,37.72585279005463,36.92540280822944,34.5,2.4254028082294425,NULL,0,34.5,NULL,False
137,0.00018302775314015278,candidate,3,4,4160156248.5813622,4156845210.5878596,0.0001615747912770116,9.765744794628386,-12.013350511680079,79.875,False,refined,0.7851382808057421,NULL,3.0,38.03513828080574,36.92540280822944,34.5,2.4254028082294425,NULL,0,34.5,NULL,False
137,0.00018302775314015278,candidate,4,5,3271484373.8844047,3271019328.1519036,0.00014851076984840513,9.033431710890705,-12.74566359541776,62.8125,False,refined,0.8949852433663943,NULL,3.0,38.14498524336639,36.92540280822944,34.5,2.4254028082294425,NULL,0,34.5,NULL,False
137,0.00018302775314015278,NULL,5,0,nan,nan,nan,nan,nan,nan,False,NULL,0.25,NULL,0.0,34.5,36.92540280822944,34.5,2.4254028082294425,NULL,0,34.5,NULL,True
138,0.00018303095314015387,candidate,0,1,3652343748.7545295,3648496342.358641,0.0004960430424595407,18.441649564979947,3.0697573809929946,70.125,False,refined,0.0,rank_1,7.286937474936667e-06,36.92541009516692,36.92541009516692,34.75,2.1754100951669173,NULL,0,34.75,NULL,False
138,0.00018303095314015387,candidate,1,2,3925781248.6612854,3921486913.2917943,0.00034836257615208715,15.442763262169548,-3.0697573809929946,75.375,False,refined,0.19185983631206216,NULL,3.0,37.69185983631206,36.92541009516692,34.75,2.1754100951669173,NULL,0,34.75,NULL,False
138,0.00018303095314015387,candidate,2,3,3437499998.827792,3434618957.4762497,0.00017909657168313685,9.508558174536184,-8.848641800406885,66.0,False,refined,0.6267563863450027,rank_2,0.02311080444401561,37.72515494247535,36.92541009516692,34.75,2.1754100951669173,NULL,0,34.75,NULL,False
138,0.00018303095314015387,candidate,3,4,3212890623.9043856,3210916967.0585823,0.0001571399170093482,8.372543112583166,-9.984656862359902,61.68750000000001,False,refined,0.8681595870100189,NULL,3.0,38.36815958701002,36.92541009516692,34.75,2.1754100951669173,NULL,0,34.75,NULL,False
138,0.00018303095314015387,candidate,4,5,3769531248.7145677,3766341866.2390795,0.00015705745165909651,8.452433244017739,-9.989216320962209,72.375,False,refined,0.8564610334574773,NULL,3.0,38.35646103345748,36.92541009516692,34.75,2.1754100951669173,NULL,0,34.75,NULL,False
138,0.00018303095314015387,NULL,5,0,nan,nan,nan,nan,nan,nan,False,NULL,0.25,NULL,0.0,34.75,36.92541009516692,34.75,2.1754100951669173,NULL,0,34.75,NULL,True
139,0.00018303415314015496,candidate,0,1,3701171873.737879,3697878891.3621244,0.0004095523509011701,16.66243325258728,1.5301442470016902,71.0625,False,refined,0.0,rank_1,0.2438636146081429,37.16927370977506,37.16927370977506,35.0,2.1692737097750623,NULL,0,35.0,NULL,False
139,0.00018303415314015496,candidate,1,2,3896484373.6712756,3893424226.5607758,0.0003434015181828068,15.08148805951894,-1.5301442470016902,74.8125,False,refined,0.09563401543760564,NULL,3.0,37.845634015437604,37.16927370977506,35.0,2.1692737097750623,NULL,0,35.0,NULL,False
139,0.00018303415314015496,candidate,2,3,3505859373.8044815,3503821623.2609324,0.00021071211928025378,10.86015785182009,-5.772398161429999,67.3125,False,refined,0.36077488508937494,NULL,3.0,38.11077488508938,37.16927370977506,35.0,2.1692737097750623,NULL,0,35.0,NULL,False
139,0.00018303415314015496,candidate,3,4,4072265623.6113334,4071265222.159694,0.00018371149276980145,9.578844915182527,-6.963461942109879,78.1875,False,refined,0.49838963410448833,NULL,3.0,38.24838963410449,37.16927370977506,35.0,2.1692737097750623,NULL,0,35.0,NULL,False
139,0.00018303415314015496,candidate,4,5,3222656248.9010553,3223522737.688735,0.00016387753260993875,8.706633117771698,-7.955800134815583,61.875,False,refined,0.6912425407602192,NULL,3.0,38.44124254076022,37.16927370977506,35.0,2.1692737097750623,NULL,0,35.0,NULL,False
139,0.00018303415314015496,NULL,5,0,nan,nan,nan,nan,nan,nan,False,NULL,0.25,NULL,0.0,35.0,37.16927370977506,35.0,2.1692737097750623,NULL,0,35.0,NULL,True
140,0.00018303735314015605,candidate,0,1,3740234373.724558,3741076120.050378,0.0008791631708749263,24.236536782864164,5.613973663185616,71.8125,False,refined,0.0,rank_1,0.18660005663452628,37.35587376640959,37.35587376640959,35.25,2.1058737664095872,NULL,0,35.25,NULL,False
140,0.00018303735314015605,candidate,1,2,3603515623.77118,3598817072.2393093,0.0003010926273256538,14.929149475227739,-9.307387307636423,69.1875,False,refined,0.5817117067272765,NULL,3.0,38.581711706727276,37.35587376640959,35.25,2.1058737664095872,NULL,0,35.25,NULL,False
140,0.00018303735314015605,candidate,2,3,3964843748.647965,3964826828.15809,0.0002571804794410162,13.559907080637927,-10.676629702226235,76.125,False,refined,0.6672893563891397,NULL,3.0,38.66728935638914,37.35587376640959,35.25,2.1058737664095872,NULL,0,35.25,NULL,False
140,0.00018303735314015605,candidate,3,4,4091796873.604673,4090655688.955114,0.00024091667695916733,12.992484332073309,-11.244052450790853,78.5625,False,refined,0.7027532781744283,NULL,3.0,38.70275327817443,37.35587376640959,35.25,2.1058737664095872,NULL,0,35.25,NULL,False
140,0.00018303735314015605,candidate,4,5,3378906248.847773,3382706345.333131,0.00020305144097466435,11.507268565547992,-12.72926821731617,64.875,False,refined,0.75,NULL,3.0,38.75,37.35587376640959,35.25,2.1058737664095872,NULL,0,35.25,NULL,False
140,0.00018303735314015605,NULL,5,0,nan,nan,nan,nan,nan,nan,False,NULL,0.25,NULL,0.0,35.25,37.35587376640959,35.25,2.1058737664095872,NULL,0,35.25,NULL,True
141,0.00018304055314015714,candidate,0,1,3759765623.717898,3760105838.8111796,0.0014153566605191118,27.659577528789512,12.36408217738675,72.1875,False,refined,0.0,rank_1,0.036213019611521166,37.39208678602111,37.39208678602111,35.5,1.8920867860211104,NULL,0,35.5,NULL,False
141,0.00018304055314015714,candidate,1,2,3574218748.7811704,3578079186.954454,0.00034092730396741107,15.295495351402764,-12.36408217738675,68.625,False,refined,0.75,NULL,3.0,39.0,37.39208678602111,35.5,1.8920867860211104,NULL,0,35.5,NULL,False
141,0.00018304055314015714,candidate,2,3,4121093748.5946827,4117762564.9512,0.00029006163536548515,13.89206549284368,-13.767512035945835,79.125,False,refined,0.75,NULL,3.0,39.0,37.39208678602111,35.5,1.8920867860211104,NULL,0,35.5,NULL,False
141,0.00018304055314015714,candidate,3,4,3369140623.8511033,3367917709.6339364,0.00025268073000650606,12.635189058522682,-14.965875401357671,64.6875,False,refined,0.75,NULL,3.0,39.0,37.39208678602111,35.5,1.8920867860211104,NULL,0,35.5,NULL,False
141,0.00018304055314015714,candidate,4,5,3984374998.6413045,3980713008.558552,0.0002466006343078338,12.477444416525119,-15.177434072656393,76.5,False,refined,0.75,NULL,3.0,39.0,37.39208678602111,35.5,1.8920867860211104,NULL,0,35.5,NULL,False
141,0.00018304055314015714,NULL,5,0,nan,nan,nan,nan,nan,nan,False,NULL,0.25,NULL,0.0,35.5,37.39208678602111,35.5,1.8920867860211104,NULL,0,35.5,NULL,True
142,0.00018304375314015823,candidate,0,1,3769531248.7145677,3766315137.21239,0.0016506643471410562,28.8266570542702,13.65342849323488,72.375,False,refined,0.0,rank_1,0.0038555386635272886,37.39594232468464,37.39594232468464,35.75,1.6459423246846399,NULL,0,35.75,NULL,False
142,0.00018304375314015823,candidate,1,2,4169921873.578032,4166884184.8913336,0.0003427577997791874,15.173228561035321,-13.65342849323488,80.0625,False,refined,0.75,NULL,3.0,39.25,37.39594232468464,35.75,1.6459423246846399,NULL,0,35.75,NULL,False
142,0.00018304375314015823,candidate,2,3,3994140623.6379743,3998948977.561082,0.0003112015130816857,14.306751494120542,-14.492341422573585,76.6875,False,refined,0.75,NULL,3.0,39.25,37.39594232468464,35.75,1.6459423246846399,NULL,0,35.75,NULL,False
142,0.00018304375314015823,candidate,3,4,3554687498.787831,3557703898.4531703,0.00028527206965158516,13.567792998021586,-15.247990361581163,68.25,False,refined,0.75,NULL,3.0,39.25,37.39594232468464,35.75,1.6459423246846399,NULL,0,35.75,NULL,False
142,0.00018304375314015823,candidate,4,5,3369140623.8511033,3369022684.6802816,0.00028432105054217437,13.54966193679883,-15.276995117471373,64.6875,False,refined,0.75,NULL,3.0,39.25,37.39594232468464,35.75,1.6459423246846399,NULL,0,35.75,NULL,False
142,0.00018304375314015823,NULL,5,0,nan,nan,nan,nan,nan,nan,False,NULL,0.25,NULL,0.0,35.75,37.39594232468464,35.75,1.6459423246846399,NULL,0,35.75,NULL,True
143,0.00018304695314015932,candidate,0,1,3749999998.7212276,3751062555.93554,0.0013825955332454104,25.71153945944074,6.343813262973734,72.0,False,refined,0.0,rank_1,0.023264123560690745,37.41920644824533,37.41920644824533,36.0,1.4192064482453333,NULL,0,36.0,NULL,False
143,0.00018304695314015932,candidate,1,2,4013671873.6313143,4013896405.3666954,0.0003530540827390076,13.854461231346669,-11.857078228094071,77.0625,False,refined,0.7410673892558794,NULL,3.0,39.49106738925588,37.41920644824533,36.0,1.4192064482453333,NULL,0,36.0,NULL,False
143,0.00018304695314015932,candidate,2,3,3525390623.797821,3529246217.8625255,0.000335368565862951,13.385988147746062,-12.303455915403934,67.6875,False,refined,0.75,NULL,3.0,39.5,37.41920644824533,36.0,1.4192064482453333,NULL,0,36.0,NULL,False
143,0.00018304695314015932,candidate,3,4,4238281248.554721,4239140654.814788,0.0002820622646227324,11.904536239017123,-13.807003220423617,81.375,False,refined,0.75,NULL,3.0,39.5,37.41920644824533,36.0,1.4192064482453333,NULL,0,36.0,NULL,False
143,0.00018304695314015932,candidate,4,5,3339843748.8610935,3336230166.2813487,0.0002748784218600455,11.680449445475913,-14.031090013964826,64.125,False,refined,0.75,NULL,3.0,39.5,37.41920644824533,36.0,1.4192064482453333,NULL,0,36.0,NULL,False
143,0.00018304695314015932,NULL,5,0,nan,nan,nan,nan,nan,nan,False,NULL,0.25,NULL,0.0,36.0,37.41920644824533,36.0,1.4192064482453333,NULL,0,36.0,NULL,True
144,0.00018305015314016041,candidate,0,1,3740234373.724558,3741307350.3816137,0.0010729784331615108,23.61020385889355,2.6277403565273083,71.8125,False,refined,0.0,rank_1,0.00951640353993578,37.42872285178527,37.42872285178527,36.25,1.1787228517852668,NULL,0,36.25,NULL,False
144,0.00018305015314016041,candidate,1,2,3867187498.6812663,3862973440.234622,0.0007928736316930413,20.982463502366244,-2.6277403565273083,74.25,False,refined,0.16423377228295677,rank_1,1.2524046024602473,38.835844822988534,37.42872285178527,36.25,1.1787228517852668,NULL,0,36.25,NULL,False
144,0.00018305015314016041,candidate,2,3,3496093748.8078113,3497920663.395228,0.0004942621117133115,16.810847023694933,-6.732673448029587,67.125,False,refined,0.4207920905018492,NULL,3.0,39.42079209050185,37.42872285178527,36.25,1.1787228517852668,NULL,0,36.25,NULL,False
144,0.00018305015314016041,candidate,3,4,3994140623.6379743,3995953798.475075,0.0003481941405018773,13.834813172506761,-9.775390686386789,76.6875,False,refined,0.6109619178991743,NULL,3.0,39.610961917899175,37.42872285178527,36.25,1.1787228517852668,NULL,0,36.25,NULL,False
144,0.00018305015314016041,candidate,4,5,4121093748.5946827,4125361656.586228,0.00027429274211354616,11.69598694011488,-11.847533531609642,79.125,False,refined,0.7404708457256026,NULL,3.0,39.7404708457256,37.42872285178527,36.25,1.1787228517852668,NULL,0,36.25,NULL,False
144,0.00018305015314016041,NULL,5,0,nan,nan,nan,nan,nan,nan,False,NULL,0.25,NULL,0.0,36.25,37.42872285178527,36.25,1.1787228517852668,NULL,0,36.25,NULL,True
145,0.0001830533531401615,candidate,0,1,3759765623.717898,3755834938.1792045,0.0007862997648184316,20.437609239433,0.6695072329226193,72.1875,False,refined,0.0,rank_1,0.021105080721670715,37.449827932506935,37.449827932506935,36.5,0.9498279325069348,NULL,0,36.5,NULL,False
145,0.0001830533531401615,candidate,1,2,3867187498.6812663,3863648040.9211555,0.0007279688298860269,19.768102006510382,-0.6695072329226193,74.25,False,refined,0.041844202057663704,rank_2,4.550860862714036e-05,38.877734533654824,37.449827932506935,36.5,0.9498279325069348,NULL,0,36.5,NULL,False
145,0.0001830533531401615,candidate,2,3,3505859373.8044815,3501276580.3332524,0.0006447628079984145,18.71384588426703,-1.7237633551659748,67.3125,False,refined,0.10773520969787342,NULL,3.0,39.35773520969787,37.449827932506935,36.5,0.9498279325069348,NULL,0,36.5,NULL,False
145,0.0001830533531401615,candidate,3,4,4121093748.5946827,4117282341.3407555,0.00034066754534560354,13.17246154904999,-7.265147690383014,79.125,False,refined,0.45407173064893835,NULL,3.0,39.70407173064894,37.449827932506935,36.5,0.9498279325069348,NULL,0,36.5,NULL,False
145,0.0001830533531401615,candidate,4,5,3632812498.7611895,3637252578.518367,0.000302684659708169,12.145654546754407,-8.291954692678596,69.75,False,refined,0.5182471682924122,rank_1,1.0827395547512362,39.029709574828914,37.449827932506935,36.5,0.9498279325069348,NULL,0,36.5,NULL,False
145,0.0001830533531401615,NULL,5,0,nan,nan,nan,nan,nan,nan,False,NULL,0.25,NULL,0.0,36.5,37.449827932506935,36.5,0.9498279325069348,NULL,0,36.5,NULL,True
146,0.0001830565531401626,candidate,0,1,3808593748.701247,3807158957.7730803,0.0008750799240290272,22.359455430724218,1.9886853421845707,73.125,False,refined,0.0,rank_1,0.2634154987272555,37.71324343123419,37.71324343123419,36.75,0.96324343123419,NULL,0,36.75,NULL,False
146,0.0001830565531401626,candidate,1,2,3505859373.8044815,3501723071.510099,0.0006960067529176039,20.370770088539647,-1.9886853421845707,67.3125,False,refined,0.12429283388653567,rank_3,1.9935437100177628e-05,39.48204797902151,37.71324343123419,36.75,0.96324343123419,NULL,0,36.75,NULL,False
146,0.0001830565531401626,candidate,2,3,3925781248.6612854,3925473065.039872,0.0005248465258468387,17.919147558020356,-4.440307872703864,75.375,False,refined,0.2775192420439915,rank_2,0.3822333607279904,39.537487136426805,37.71324343123419,36.75,0.96324343123419,NULL,0,36.75,NULL,False
146,0.0001830565531401626,candidate,3,4,3701171873.737879,3705948687.053311,0.00040039309305128215,15.56823256437272,-6.791222866351498,71.0625,False,refined,0.42445142914696865,rank_1,0.248863805139572,38.123143166793476,37.71324343123419,36.75,0.96324343123419,NULL,0,36.75,NULL,False
146,0.0001830565531401626,candidate,4,5,4101562498.601343,4100858518.274958,0.0003833919096791058,15.19135990564811,-7.168095525076108,78.75,False,refined,0.44800597031725675,NULL,3.0,39.948005970317254,37.71324343123419,36.75,0.96324343123419,NULL,0,36.75,NULL,False
146,0.0001830565531401626,NULL,5,0,nan,nan,nan,nan,nan,nan,False,NULL,0.25,NULL,0.0,36.75,37.71324343123419,36.75,0.96324343123419,NULL,0,36.75,NULL,True
147,0.0001830597531401637,candidate,0,1,3798828123.704577,3802786095.468418,0.0008952071091308749,21.943165727631868,2.936438211908019,72.9375,False,refined,0.0,rank_1,0.0019121924735535849,37.715155623707744,37.715155623707744,37.0,0.7151556237077443,NULL,0,37.0,NULL,False
147,0.0001830597531401637,candidate,1,2,3671874998.747869,3667754639.022884,0.0006384128380703269,19.00672751572385,-2.936438211908019,70.5,False,refined,0.1835273882442512,rank_4,0.1458785304950563,38.45254908553278,37.715155623707744,37.0,0.7151556237077443,NULL,0,37.0,NULL,False
147,0.0001830597531401637,candidate,2,3,3496093748.8078113,3491464909.784769,0.0006227318760888254,18.790717214273123,-3.1524485133587454,67.125,False,refined,0.1970280320849216,rank_2,0.010522988198302281,39.689598999304735,37.715155623707744,37.0,0.7151556237077443,NULL,0,37.0,NULL,False
147,0.0001830597531401637,candidate,3,4,3916015623.6646156,3916736479.1259217,0.00039774373400988357,14.896762210833971,-7.046403516797897,75.1875,False,refined,0.44040021979986854,rank_1,1.2007233185832409,39.3543669696173,37.715155623707744,37.0,0.7151556237077443,NULL,0,37.0,NULL,False
147,0.0001830597531401637,candidate,4,5,4082031248.608003,4078092018.45237,0.0003958728389810967,14.844554444633378,-7.087356335580406,78.375,False,refined,0.44295977097377537,NULL,3.0,40.19295977097377,37.715155623707744,37.0,0.7151556237077443,NULL,0,37.0,NULL,False
147,0.0001830597531401637,NULL,5,0,nan,nan,nan,nan,nan,nan,False,NULL,0.25,NULL,0.0,37.0,37.715155623707744,37.0,0.7151556237077443,NULL,0,37.0,NULL,True
148,0.00018306295314016478,candidate,0,1,3779296873.7112374,3784063507.849132,0.0009489347901509355,22.262005759892993,1.699427236231239,72.5625,False,refined,0.0,rank_1,0.03505352871618437,37.75020915242393,37.75020915242393,37.25,0.5002091524239276,NULL,0,37.25,NULL,False
148,0.00018306295314016478,candidate,1,2,3642578123.757859,3644751674.540955,0.0007803061096249511,20.48076894467674,-1.699427236231239,69.9375,False,refined,0.10621420226445244,rank_2,0.05291363749568791,38.61167692529292,37.75020915242393,37.25,0.5002091524239276,NULL,0,37.25,NULL,False
148,0.00018306295314016478,candidate,2,3,3486328123.8111415,3486860882.4522676,0.0004965923274012163,16.555468901584042,-5.62472727932394,66.9375,False,refined,0.35154545495774625,rank_3,0.002119706767842006,40.04326416103032,37.75020915242393,37.25,0.5002091524239276,NULL,0,37.25,NULL,False
148,0.00018306295314016478,candidate,3,4,4091796873.604673,4093422605.8308005,0.0003398636196352304,13.261562366459119,-8.918633814448862,78.5625,False,refined,0.5574146134030539,NULL,3.0,40.557414613403054,37.75020915242393,37.25,0.5002091524239276,NULL,0,37.25,NULL,False
148,0.00018306295314016478,candidate,4,5,4277343748.5414004,4277698583.2677402,0.0002581729569140479,10.873683774688123,-11.306512406219857,82.125,False,refined,0.7066570253887411,NULL,3.0,40.70665702538874,37.75020915242393,37.25,0.5002091524239276,NULL,0,37.25,NULL,False
148,0.00018306295314016478,NULL,5,0,nan,nan,nan,nan,nan,nan,False,NULL,0.25,NULL,0.0,37.25,37.75020915242393,37.25,0.5002091524239276,NULL,0,37.25,NULL,True
149,0.00018306615314016587,candidate,0,1,3769531248.7145677,3773976050.700076,0.001398395609294492,25.881899386808456,3.5308713647649714,72.375,False,refined,0.0,rank_1,0.010175679173404015,37.760384831597335,37.760384831597335,37.5,0.26038483159733516,NULL,0,37.5,NULL,False
149,0.00018306615314016587,candidate,1,2,3662109373.7511992,3660865961.176356,0.0009312933105639148,22.351028022043486,-3.5308713647649714,70.3125,False,refined,0.22067946029781071,rank_2,0.025967023376785588,38.858323408967514,37.760384831597335,37.5,0.26038483159733516,NULL,0,37.5,NULL,False
149,0.00018306615314016587,candidate,2,3,3886718748.674606,3884235244.385749,0.0007154957351275197,20.06143934093891,-5.820460045869549,74.625,False,refined,0.3637787528668468,rank_1,1.0034376800761369,39.11742558536692,37.760384831597335,37.5,0.26038483159733516,NULL,0,37.5,NULL,False
149,0.00018306615314016587,candidate,3,4,4091796873.604673,4094008194.6329317,0.00047432753126122124,16.490865013408282,-9.391034373400178,78.5625,False,refined,0.5869396483375111,NULL,3.0,40.83693964833751,37.760384831597335,37.5,0.26038483159733516,NULL,0,37.5,NULL,False
149,0.00018306615314016587,candidate,4,5,3505859373.8044815,3505275450.6658382,0.0004418499054353832,15.840642975419703,-10.007105706112451,67.3125,False,refined,0.6254441066320282,rank_3,0.033909632249224456,40.70261789991158,37.760384831597335,37.5,0.26038483159733516,NULL,0,37.5,NULL,False
149,0.00018306615314016587,NULL,5,0,nan,nan,nan,nan,nan,nan,False,NULL,0.25,NULL,0.0,37.5,37.760384831597335,37.5,0.26038483159733516,NULL,0,37.5,NULL,True
150,0.00018306935314016696,candidate,0,1,3779296873.7112374,3775150218.370527,0.002245810671013846,30.307021740590354,6.300915675973124,72.5625,False,refined,0.0,rank_1,0.0001378669718331594,37.76052269856917,37.76052269856917,37.75,0.010522698569168654,NULL,0,37.75,NULL,False
150,0.00018306935314016696,candidate,1,2,4003906248.6346445,4000859710.1553836,0.0006878624654126707,20.029591158385784,-10.27743058220457,76.875,False,refined,0.6423394113877856,rank_3,1.36012660160527,41.11989159835998,37.76052269856917,37.75,0.010522698569168654,NULL,0,37.75,NULL,False
150,0.00018306935314016696,candidate,2,3,3525390623.797821,3527094097.9574723,0.0005248046996434178,17.67951322948342,-12.627508511106935,67.6875,False,refined,0.75,NULL,3.0,41.25,37.76052269856917,37.75,0.010522698569168654,NULL,0,37.75,NULL,False
150,0.00018306935314016696,candidate,3,4,4345703123.518089,4350537394.226072,0.00026723797281206265,11.817522292657099,-18.489499447933255,83.4375,False,refined,0.75,NULL,3.0,41.25,37.76052269856917,37.75,0.010522698569168654,NULL,0,37.75,NULL,False
150,0.00018306935314016696,candidate,4,5,3027343748.967658,3026908946.119951,0.00025294119926877495,11.328466163855646,-18.96707135432986,58.125,False,refined,0.75,NULL,3.0,41.25,37.76052269856917,37.75,0.010522698569168654,NULL,0,37.75,NULL,False
150,0.00018306935314016696,NULL,5,0,nan,nan,nan,nan,nan,nan,False,NULL,0.25,NULL,0.0,37.75,37.76052269856917,37.75,0.010522698569168654,NULL,0,37.75,NULL,True
151,0.00018307255314016805,candidate,0,1,3789062498.707907,3785087944.3282304,0.0032259503055762904,33.73089420897572,8.866576905351993,72.75,False,refined,0.0,rank_1,0.009875839721041575,37.77039853829021,37.77039853829021,38.0,-0.229601461709791,NULL,0,38.0,NULL,False
151,0.00018307255314016805,candidate,1,2,3964843748.647965,3962127213.9547997,0.0011623283420574067,24.86431730362373,-8.866576905351993,76.125,False,refined,0.5541610565844995,NULL,3.0,41.3041610565845,37.77039853829021,38.0,-0.229601461709791,NULL,0,38.0,NULL,False
151,0.00018307255314016805,candidate,2,3,3525390623.797821,3524939506.5099554,0.0004933822516516685,17.272982163476964,-16.30948300677411,67.6875,False,refined,0.75,NULL,3.0,41.5,37.77039853829021,38.0,-0.229601461709791,NULL,0,38.0,NULL,False
151,0.00018307255314016805,candidate,3,4,4111328123.598013,4106568173.780471,0.000475992127917469,17.109736155485187,-16.621158053490532,78.9375,False,refined,0.75,NULL,3.0,41.5,37.77039853829021,38.0,-0.229601461709791,NULL,0,38.0,NULL,False
151,0.00018307255314016805,candidate,4,5,3037109373.964328,3038876637.3591976,0.0002467931055230764,11.211300499131136,-22.326493000247147,58.3125,False,refined,0.75,NULL,3.0,41.5,37.77039853829021,38.0,-0.229601461709791,NULL,0,38.0,NULL,False
151,0.00018307255314016805,NULL,5,0,nan,nan,nan,nan,nan,nan,False,NULL,0.25,NULL,0.0,38.0,37.77039853829021,38.0,-0.229601461709791,NULL,0,38.0,NULL,True
152,0.00018307575314016914,candidate,0,1,3798828123.704577,3794777456.035218,0.0036922933211274494,34.27200237736744,9.568255502741785,72.9375,False,refined,0.0,rank_1,0.00938866371198455,37.7797872020022,37.7797872020022,38.25,-0.470212797997803,NULL,0,38.25,NULL,False
152,0.00018307575314016914,candidate,1,2,3964843748.647965,3960264950.1585827,0.0012271097860574517,24.703746874625658,-9.568255502741785,76.125,False,refined,0.5980159689213616,rank_1,3.068698337168729,41.437112844380295,37.7797872020022,38.25,-0.470212797997803,NULL,0,38.25,NULL,False
152,0.00018307575314016914,candidate,2,3,3505859373.8044815,3504791900.889511,0.0005325681381461376,17.453582091747528,-16.818420285619915,67.3125,False,refined,0.75,NULL,3.0,41.75,37.7797872020022,38.25,-0.470212797997803,NULL,0,38.25,NULL,False
152,0.00018307575314016914,candidate,3,4,4091796873.604673,4095564809.442063,0.0004468375095263403,15.90887470113909,-18.342931442482417,78.5625,False,refined,0.75,NULL,3.0,41.75,37.7797872020022,38.25,-0.470212797997803,NULL,0,38.25,NULL,False
152,0.00018307575314016914,candidate,4,5,3613281248.76785,3609101128.3678384,0.0003598877268497977,14.04941920888235,-20.22258316848509,69.375,False,refined,0.75,rank_1,3.0971359391876887,41.617534477477896,37.7797872020022,38.25,-0.470212797997803,NULL,0,38.25,NULL,False
152,0.00018307575314016914,NULL,5,0,nan,nan,nan,nan,nan,nan,False,NULL,0.25,NULL,0.0,38.25,37.7797872020022,38.25,-0.470212797997803,NULL,0,38.25,NULL,True
153,0.00018307895314017024,candidate,0,1,3798828123.704577,3802198594.8553834,0.0031642019875790252,32.24506693952084,10.514126176516383,72.9375,False,refined,0.0,rank_1,0.005507330138816939,37.785294532141016,37.785294532141016,38.5,-0.7147054678589839,NULL,0,38.5,NULL,False
153,0.00018307895314017024,candidate,1,2,4023437498.627984,4022957938.720788,0.000804659448894532,20.35202526850189,-11.893041671018949,77.25,False,refined,0.7433151044386843,NULL,3.0,41.993315104438686,37.785294532141016,38.5,-0.7147054678589839,NULL,0,38.5,NULL,False
153,0.00018307895314017024,candidate,2,3,3496093748.8078113,3492557621.036721,0.0007529970159809915,19.775648062648852,-12.46941887687199,67.125,False,refined,0.75,NULL,3.0,42.0,37.785294532141016,38.5,-0.7147054678589839,NULL,0,38.5,NULL,False
153,0.00018307895314017024,candidate,3,4,4531249998.454817,4532049906.942443,0.00031523222865629657,11.977849541253054,-20.032671731839258,87.0,False,refined,0.75,NULL,3.0,42.0,37.785294532141016,38.5,-0.7147054678589839,NULL,0,38.5,NULL,False
153,0.00018307895314017024,candidate,4,5,3662109373.7511992,3664661815.039783,0.0002690093323536004,10.8351298918428,-21.409937047678042,70.3125,False,refined,0.75,rank_1,1.693008003165286,40.222795205167486,37.785294532141016,38.5,-0.7147054678589839,NULL,0,38.5,NULL,False
153,0.00018307895314017024,NULL,5,0,nan,nan,nan,nan,nan,nan,False,NULL,0.25,NULL,0.0,38.5,37.785294532141016,38.5,-0.7147054678589839,NULL,0,38.5,NULL,True
154,0.00018308215314017133,candidate,0,1,3828124998.6945868,3830974026.4358263,0.0022949284897747046,28.96234562910628,4.53715576167693,73.5,False,refined,0.0,rank_1,0.0828025462640751,37.86809707840509,37.86809707840509,38.75,-0.8819029215949072,NULL,0,38.75,NULL,False
154,0.00018308215314017133,candidate,1,2,3496093748.8078113,3498614844.766009,0.00113716411294999,22.81953935313667,-6.098920236259184,67.125,False,refined,0.381182514766199,NULL,3.0,41.8811825147662,37.86809707840509,38.75,-0.8819029215949072,NULL,0,38.75,NULL,False
154,0.00018308215314017133,candidate,2,3,4033203123.624654,4037998411.637301,0.0008298630178962232,20.127090702167134,-8.835254926939147,77.4375,False,refined,0.5522034329336967,NULL,3.0,42.052203432933695,37.86809707840509,38.75,-0.8819029215949072,NULL,0,38.75,NULL,False
154,0.00018308215314017133,candidate,3,4,4228515623.558051,4225687724.358259,0.00027609908060136583,10.568261689881302,-18.394083939224977,81.1875,False,refined,0.75,NULL,3.0,42.25,37.86809707840509,38.75,-0.8819029215949072,NULL,0,38.75,NULL,False
154,0.00018308215314017133,candidate,4,5,4531249998.454817,4532983070.023232,0.0002688504950097581,10.26670533662604,-18.625166339592106,87.0,False,refined,0.75,NULL,3.0,42.25,37.86809707840509,38.75,-0.8819029215949072,NULL,0,38.75,NULL,False
154,0.00018308215314017133,NULL,5,0,nan,nan,nan,nan,nan,nan,False,NULL,0.25,NULL,0.0,38.75,37.86809707840509,38.75,-0.8819029215949072,NULL,0,38.75,NULL,True
155,0.00018308535314017242,candidate,0,1,3847656248.6879263,3846228434.434226,0.0017420620337476034,26.606021294271915,2.0902678564566024,73.875,False,refined,0.0,rank_1,0.023269696338164184,37.891366774743254,37.891366774743254,39.0,-1.108633225256746,NULL,0,39.0,NULL,False
155,0.00018308535314017242,candidate,1,2,3701171873.737879,3702559966.856537,0.0013694627479024439,24.515753437815313,-2.0902678564566024,71.0625,False,refined,0.13064174102853765,rank_1,1.6490170697633297,39.647755889196965,37.891366774743254,39.0,-1.108633225256746,NULL,0,39.0,NULL,False
155,0.00018308535314017242,candidate,2,3,3505859373.8044815,3508179319.120298,0.0013288959419641361,24.254568480675562,-2.351452813596353,67.3125,False,refined,0.14696580084977207,NULL,3.0,41.89696580084977,37.891366774743254,39.0,-1.108633225256746,NULL,0,39.0,NULL,False
155,0.00018308535314017242,candidate,3,4,3964843748.647965,3968564366.150459,0.0011322614261319976,22.863683216745496,-3.7423380775264192,76.125,False,refined,0.2338961298454012,rank_1,1.893110158278798,39.995103366529285,37.891366774743254,39.0,-1.108633225256746,NULL,0,39.0,NULL,False
155,0.00018308535314017242,candidate,4,5,4121093748.5946827,4121892370.8981094,0.0005550336501113699,16.671135255392244,-9.934886038879673,79.125,False,refined,0.6209303774299796,NULL,3.0,42.37093037742998,37.891366774743254,39.0,-1.108633225256746,NULL,0,39.0,NULL,False
155,0.00018308535314017242,NULL,5,0,nan,nan,nan,nan,nan,nan,False,NULL,0.25,NULL,0.0,39.0,37.891366774743254,39.0,-1.108633225256746,NULL,0,39.0,NULL,True
156,0.0001830885531401735,candidate,0,1,3974609373.6446347,3976840163.732051,0.001853962316498717,27.456182060926277,2.2278624790474932,76.3125,False,refined,0.0,rank_1,1.7059423830168279,39.59730915776008,38.06049834331731,39.25,-1.1895016566826868,NULL,0,39.25,NULL,False
156,0.0001830885531401735,candidate,1,2,3828124998.6945868,3828939662.4611835,0.0014345238678541707,25.228319581878786,-2.2278624790474932,73.5,False,refined,0.13924140494046833,rank_1,0.029890163633585945,38.06049834331731,38.06049834331731,39.25,-1.1895016566826868,NULL,0,39.25,NULL,False
156,0.0001830885531401735,candidate,2,3,3662109373.7511992,3658998201.810477,0.001420187559273617,25.14107809062243,-2.3151039703038467,70.3125,False,refined,0.14469399814399042,rank_2,0.18976273739281424,39.98221262473377,38.06049834331731,39.25,-1.1895016566826868,NULL,0,39.25,NULL,False
156,0.0001830885531401735,candidate,3,4,3515624998.8011513,3512717271.318219,0.0011948120579117108,23.640155947840356,-3.816026113085922,67.5,False,refined,0.23850163206787012,rank_3,0.002059301015061854,42.1375267339327,38.06049834331731,39.25,-1.1895016566826868,NULL,0,39.25,NULL,False
156,0.0001830885531401735,candidate,4,5,4130859373.5913525,4132014703.274695,0.0005540490999113416,16.96512908518816,-10.491052975738118,79.3125,False,refined,0.6556908109836324,NULL,3.0,42.655690810983636,38.06049834331731,39.25,-1.1895016566826868,NULL,0,39.25,NULL,False
156,0.0001830885531401735,NULL,5,0,nan,nan,nan,nan,nan,nan,False,NULL,0.25,NULL,0.0,39.25,38.06049834331731,39.25,-1.1895016566826868,NULL,0,39.25,NULL,True
157,0.0001830917531401746,candidate,0,1,3964843748.647965,3967170432.8006225,0.0020442208728150054,28.230656724394365,3.2410783639588203,76.125,False,refined,0.0,rank_1,0.009350369628622379,39.6066595273887,38.27627356375293,39.5,-1.2237264362470697,NULL,0,39.5,NULL,False
157,0.0001830917531401746,candidate,1,2,3652343748.7545295,3656033562.146611,0.0014075826343228034,24.989578360435544,-3.2410783639588203,70.125,False,refined,0.20256739774742627,rank_3,0.0008789088336564937,40.18565893131485,38.27627356375293,39.5,-1.2237264362470697,NULL,0,39.5,NULL,False
157,0.0001830917531401746,candidate,2,3,3818359373.697917,3818025561.2809396,0.0014042261307871404,24.968841364740683,-3.2618153596536814,73.3125,False,refined,0.2038634599783551,rank_2,0.01191176045726028,38.27627356375293,38.27627356375293,39.5,-1.2237264362470697,NULL,0,39.5,NULL,False
157,0.0001830917531401746,candidate,3,4,3515624998.8011513,3518410153.7856936,0.0008595947219026091,20.70597515968177,-7.524681564712594,67.5,False,refined,0.47029259779453714,rank_3,1.9764999247418729,42.42900514727018,38.27627356375293,39.5,-1.2237264362470697,NULL,0,39.5,NULL,False
157,0.0001830917531401746,candidate,4,5,4169921873.578032,4173558929.3499618,0.0005553748360157765,16.911824316686417,-11.318832407707946,80.0625,False,refined,0.7074270254817466,NULL,3.0,42.95742702548175,38.27627356375293,39.5,-1.2237264362470697,NULL,0,39.5,NULL,False
157,0.0001830917531401746,NULL,5,0,nan,nan,nan,nan,nan,nan,False,NULL,0.25,NULL,0.0,39.5,38.27627356375293,39.5,-1.2237264362470697,NULL,0,39.5,NULL,True
158,0.0001830949531401757,candidate,0,1,3984374998.6413045,3984622151.085739,0.0014693735990441833,24.498452014092535,0.5609374363677233,76.5,False,refined,0.0,rank_1,0.030456247110307557,39.63711577449901,38.398003856405026,39.75,-1.3519961435949739,NULL,0,39.75,NULL,False
158,0.0001830949531401757,candidate,1,2,3847656248.6879263,3847465619.5144277,0.001377480186011884,23.937514577724812,-0.5609374363677233,73.875,False,refined,0.03505858977298271,rank_3,0.08667170287911694,38.398003856405026,38.398003856405026,39.75,-1.3519961435949739,NULL,0,39.75,NULL,False
158,0.0001830949531401757,candidate,2,3,3681640623.744539,3686184426.7154627,0.0011750397370001806,22.55685843904945,-1.941593575043088,70.6875,False,refined,0.121349598440193,rank_3,1.738208476351219,40.13583163854434,38.398003856405026,39.75,-1.3519961435949739,NULL,0,39.75,NULL,False
158,0.0001830949531401757,candidate,3,4,3154296873.924366,3152287849.800662,0.0006003218767440387,16.72349076754779,-7.774961246544745,60.56249999999999,False,refined,0.48593507790904655,NULL,3.0,42.98593507790905,38.398003856405026,39.75,-1.3519961435949739,NULL,0,39.75,NULL,False
158,0.0001830949531401757,candidate,4,5,3515624998.8011513,3515979812.1061773,0.0005782894022406918,16.389462224951945,-8.099739978431248,67.5,False,refined,0.506233748651953,rank_2,1.9615052900388332,42.653397970005635,38.398003856405026,39.75,-1.3519961435949739,NULL,0,39.75,NULL,False
158,0.0001830949531401757,NULL,5,0,nan,nan,nan,nan,nan,nan,False,NULL,0.25,NULL,0.0,39.75,38.398003856405026,39.75,-1.3519961435949739,NULL,0,39.75,NULL,True
159,0.00018309815314017678,candidate,0,1,3857421873.6845965,3852761409.4604907,0.0019889979202905883,27.404341716285707,4.8472407747593405,74.0625,False,refined,0.0,rank_2,0.0028045391152822395,38.40080839552031,38.40080839552031,40.0,-1.5991916044796923,NULL,0,40.0,NULL,False
159,0.00018309815314017678,candidate,1,2,3740234373.724558,3740683103.7821465,0.001138340769412457,22.557100941526365,-4.8472407747593405,71.8125,False,refined,0.3029525484224588,rank_2,1.1402505666114884,39.84120697143897,38.40080839552031,40.0,-1.5991916044796923,NULL,0,40.0,NULL,False
159,0.00018309815314017678,candidate,2,3,4003906248.6346445,4000340893.627378,0.0009057606035138881,20.55505408441144,-6.832418042195423,76.875,False,refined,0.4270261276372139,rank_1,0.024707886709032695,40.08884978884525,38.40080839552031,40.0,-1.5991916044796923,NULL,0,40.0,NULL,False
159,0.00018309815314017678,candidate,3,4,3173828123.917706,3169798577.975273,0.0005856334851178578,16.784173149355325,-10.620168566930381,60.9375,False,refined,0.6637605354331488,NULL,3.0,43.41376053543315,38.40080839552031,40.0,-1.5991916044796923,NULL,0,40.0,NULL,False
159,0.00018309815314017678,candidate,4,5,3505859373.8044815,3506783179.466429,0.0005154037613669259,15.674606809129648,-11.729734907156057,67.3125,False,refined,0.7331084316972536,rank_5,0.008457805191048004,43.39496420689394,38.40080839552031,40.0,-1.5991916044796923,NULL,0,40.0,NULL,False
159,0.00018309815314017678,NULL,5,0,nan,nan,nan,nan,nan,nan,False,NULL,0.25,NULL,0.0,40.0,38.40080839552031,40.0,-1.5991916044796923,NULL,0,40.0,NULL,True
160,0.00018310135314017787,candidate,0,1,3828124998.6945868,3825824109.9101567,0.0026040301883411055,27.514983090331864,10.130060369662601,73.5,False,refined,0.0,rank_1,0.0725618107064423,38.47337020622675,38.47337020622675,40.25,-1.7766297937732531,NULL,0,40.25,NULL,False
160,0.00018310135314017787,candidate,1,2,4023437498.627984,4027871564.8848867,0.0008112281195782154,17.37352521485085,-10.130060369662601,77.25,False,refined,0.6331287731039126,rank_3,0.07579378598890187,40.797772347938064,38.47337020622675,40.25,-1.7766297937732531,NULL,0,40.25,NULL,False
160,0.00018310135314017787,candidate,2,3,3505859373.8044815,3502995430.781628,0.0006558913767780115,15.51511775288101,-11.976281870909453,67.3125,False,refined,0.7485176169318408,NULL,3.0,43.74851761693184,38.47337020622675,40.25,-1.7766297937732531,NULL,0,40.25,NULL,False
160,0.00018310135314017787,candidate,3,4,3203124998.9077153,3199172793.4977713,0.0006284417724685892,15.143780227226067,-12.347619396564395,61.49999999999999,False,refined,0.75,NULL,3.0,43.75,38.47337020622675,40.25,-1.7766297937732531,NULL,0,40.25,NULL,False
160,0.00018310135314017787,candidate,4,5,3359374998.8544335,3354845540.439271,0.0005995998330176193,14.73570939496275,-12.755690228827712,64.5,False,refined,0.75,NULL,3.0,43.75,38.47337020622675,40.25,-1.7766297937732531,NULL,0,40.25,NULL,False
160,0.00018310135314017787,NULL,5,0,nan,nan,nan,nan,nan,nan,False,NULL,0.25,NULL,0.0,40.25,38.47337020622675,40.25,-1.7766297937732531,NULL,0,40.25,NULL,True
161,0.00018310455314017897,candidate,0,1,3798828123.704577,3801600711.968125,0.0029848629154191975,28.948712860640285,9.782494102387114,72.9375,False,refined,0.0,rank_1,0.058677300785803334,38.53204750701255,38.53204750701255,40.5,-1.9679524929874503,NULL,0,40.5,NULL,False
161,0.00018310455314017897,candidate,1,2,4042968748.6213236,4039735973.9729605,0.0009678313488149221,19.166218758253173,-9.782494102387114,77.625,False,refined,0.6114058813991946,rank_2,0.014076420300916654,41.423254649638174,38.53204750701255,40.5,-1.9679524929874503,NULL,0,40.5,NULL,False
161,0.00018310455314017897,candidate,2,3,3515624998.8011513,3514422039.0175543,0.0008253385163329916,17.782867314278754,-11.165845546361535,67.5,False,refined,0.6978653466475959,NULL,3.0,43.947865346647596,38.53204750701255,40.5,-1.9679524929874503,NULL,0,40.5,NULL,False
161,0.00018310455314017897,candidate,3,4,3212890623.9043856,3209660902.3424964,0.0007285644938874175,16.65823374877001,-12.249127757859952,61.68750000000001,False,refined,0.75,NULL,3.0,44.0,38.53204750701255,40.5,-1.9679524929874503,NULL,0,40.5,NULL,False
161,0.00018310455314017897,candidate,4,5,3359374998.8544335,3358718491.931843,0.0005937685102429206,14.922568287795626,-14.026144572844661,64.5,False,refined,0.75,NULL,3.0,44.0,38.53204750701255,40.5,-1.9679524929874503,NULL,0,40.5,NULL,False
161,0.00018310455314017897,NULL,5,0,nan,nan,nan,nan,nan,nan,False,NULL,0.25,NULL,0.0,40.5,38.53204750701255,40.5,-1.9679524929874503,NULL,0,40.5,NULL,True
162,0.00018310775314018006,candidate,0,1,3769531248.7145677,3772073932.0000196,0.0026708368986645627,28.378427471188186,8.495304378132298,72.375,False,refined,0.0,rank_1,0.08718307352849053,38.61923058054104,38.61923058054104,40.75,-2.1307694194589573,NULL,0,40.75,NULL,False
162,0.00018310775314018006,candidate,1,2,4003906248.6346445,4003569354.727666,0.000936555479921736,19.27615030663943,-9.102277164548758,76.875,False,refined,0.5688923227842974,rank_2,0.1308024347634112,42.122949407185885,38.61923058054104,40.75,-2.1307694194589573,NULL,0,40.75,NULL,False
162,0.00018310775314018006,candidate,2,3,3525390623.797821,3523172817.371448,0.00086947006724325,18.63057282782785,-9.747854643360334,67.6875,False,refined,0.6092409152100209,NULL,3.0,44.10924091521002,38.61923058054104,40.75,-2.1307694194589573,NULL,0,40.75,NULL,False
162,0.00018310775314018006,candidate,3,4,3222656248.9010553,3219854501.4586134,0.0006665362222059802,16.321955233450094,-12.056472237738092,61.875,False,refined,0.75,NULL,3.0,44.25,38.61923058054104,40.75,-2.1307694194589573,NULL,0,40.75,NULL,False
162,0.00018310775314018006,candidate,4,5,3369140623.8511033,3371106775.2451725,0.0004708859798984596,13.303795320230334,-15.074632150957852,64.6875,False,refined,0.75,NULL,3.0,44.25,38.61923058054104,40.75,-2.1307694194589573,NULL,0,40.75,NULL,False
162,0.00018310775314018006,NULL,5,0,nan,nan,nan,nan,nan,nan,False,NULL,0.25,NULL,0.0,40.75,38.61923058054104,40.75,-2.1307694194589573,NULL,0,40.75,NULL,True
163,0.00018311095314018115,candidate,0,1,3769531248.7145677,3768601101.593518,0.0022014661138385697,25.67607308092341,5.298808403598088,72.375,False,refined,0.0,rank_1,0.001206055103232325,38.620436635644275,38.620436635644275,41.0,-2.3795633643557252,NULL,0,41.0,NULL,False
163,0.00018311095314018115,candidate,1,2,3974609373.6446347,3971501276.5446568,0.0011961112764990547,20.37726467732532,-5.298808403598088,76.3125,False,refined,0.3311755252248805,rank_2,0.10283616383515871,42.55696109624592,38.620436635644275,41.0,-2.3795633643557252,NULL,0,41.0,NULL,False
163,0.00018311095314018115,candidate,2,3,4121093748.5946827,4117403277.5819464,0.0007494382086754827,16.316549601847534,-9.359523479075875,79.125,False,refined,0.5849702174422422,rank_2,1.2958161992394277,44.00373582386755,38.620436635644275,41.0,-2.3795633643557252,NULL,0,41.0,NULL,False
163,0.00018311095314018115,candidate,3,4,3544921873.7911606,3549539755.6089253,0.0006869895787133518,15.560835963521598,-10.11523711740181,68.0625,False,refined,0.6322023198376131,rank_1,4.952145966206264,44.20357886658492,38.620436635644275,41.0,-2.3795633643557252,NULL,0,41.0,NULL,False
163,0.00018311095314018115,candidate,4,5,3261718748.887735,3258453662.9039707,0.0005938040597904292,14.283032776568945,-11.381376848881732,62.62500000000001,False,refined,0.7113360530551083,NULL,3.0,44.461336053055106,38.620436635644275,41.0,-2.3795633643557252,NULL,0,41.0,NULL,False
163,0.00018311095314018115,NULL,5,0,nan,nan,nan,nan,nan,nan,False,NULL,0.25,NULL,0.0,41.0,38.620436635644275,41.0,-2.3795633643557252,NULL,0,41.0,NULL,True
164,0.00018311415314018224,candidate,0,1,3916015623.6646156,3914738691.1008964,0.0016868699235753717,24.126104632146166,0.38984825810416623,75.1875,False,refined,0.0,rank_1,2.135619506702709,40.756056142346985,38.64896963682417,41.25,-2.6010303631758305,NULL,0,41.25,NULL,False
164,0.00018311415314018224,candidate,1,2,3779296873.7112374,3775056707.721825,0.0016128321872005455,23.736256374042,-0.38984825810416623,72.5625,False,refined,0.02436551613151039,rank_1,0.004167485048383932,38.64896963682417,38.64896963682417,41.25,-2.6010303631758305,NULL,0,41.25,NULL,False
164,0.00018311415314018224,candidate,2,3,3642578123.757859,3647383203.1657524,0.0010484524038015513,19.995447128116794,-4.130657504029376,69.9375,False,refined,0.258166094001836,rank_1,1.4693778899244045,40.347980619570514,38.64896963682417,41.25,-2.6010303631758305,NULL,0,41.25,NULL,False
164,0.00018311415314018224,candidate,3,4,4179687498.574702,4175087181.83479,0.0008679546699521785,18.354413616825305,-5.771691015320863,80.25,False,refined,0.36073068845755396,NULL,3.0,44.36073068845755,38.64896963682417,41.25,-2.6010303631758305,NULL,0,41.25,NULL,False
164,0.00018311415314018224,candidate,4,5,3359374998.8544335,3358707976.1467505,0.0007716180844491942,17.332520686621358,-6.79358394552481,64.5,False,refined,0.42459899659530065,NULL,3.0,44.4245989965953,38.64896963682417,41.25,-2.6010303631758305,NULL,0,41.25,NULL,False
164,0.00018311415314018224,NULL,5,0,nan,nan,nan,nan,nan,nan,False,NULL,0.25,NULL,0.0,41.25,38.64896963682417,41.25,-2.6010303631758305,NULL,0,41.25,NULL,True
165,0.00018311735314018333,candidate,0,1,3916015623.6646156,3911908433.720254,0.0019911483103563603,25.726747667566556,4.412439981241372,75.1875,False,refined,0.0,rank_2,1.8728394908749042,40.52180912769907,38.92737387802745,41.5,-2.5726261219725473,NULL,0,41.5,NULL,False
165,0.00018311735314018333,candidate,1,2,3769531248.7145677,3769931532.2363462,0.0011980683919056662,21.371296295034192,-4.412439981241372,72.375,False,refined,0.27577749882758573,rank_2,0.002626742375695365,38.92737387802745,38.92737387802745,41.5,-2.5726261219725473,NULL,0,41.5,NULL,False
165,0.00018311735314018333,candidate,2,3,3359374998.8544335,3355618559.8571076,0.001022863271203619,19.998015770918805,-5.785720505356755,64.5,False,refined,0.3616075315847972,NULL,3.0,44.611607531584795,38.92737387802745,41.5,-2.5726261219725473,NULL,0,41.5,NULL,False
165,0.00018311735314018333,candidate,3,4,3662109373.7511992,3658021739.6203594,0.0009085381036166157,18.968527006786324,-6.815209269489237,70.3125,False,refined,0.42595057934307734,rank_2,1.3697183758511093,40.44463859201836,38.92737387802745,41.5,-2.5726261219725473,NULL,0,41.5,NULL,False
165,0.00018311735314018333,candidate,4,5,4179687498.574702,4178398192.4038587,0.0008849193918573966,18.73973832866711,-7.043997947608451,80.25,False,refined,0.4402498717255282,NULL,3.0,44.69024987172553,38.92737387802745,41.5,-2.5726261219725473,NULL,0,41.5,NULL,False
165,0.00018311735314018333,NULL,5,0,nan,nan,nan,nan,nan,nan,False,NULL,0.25,NULL,0.0,41.5,38.92737387802745,41.5,-2.5726261219725473,NULL,0,41.5,NULL,True
166,0.00018312055314018442,candidate,0,1,3916015623.6646156,3912012723.7804656,0.0017134290353127033,23.641304722257217,4.538073246326588,75.1875,False,refined,0.0,rank_1,1.087641665895135e-06,40.521810215340736,40.521810215340736,41.75,-1.2281897846592642,NULL,0,41.75,NULL,False
166,0.00018312055314018442,candidate,1,2,4042968748.6213236,4038117781.7348638,0.0010161608525154618,19.10323147593063,-4.538073246326588,77.625,False,refined,0.28362957789541177,rank_1,1.5928799526272894,42.398318658221775,40.521810215340736,41.75,-1.2281897846592642,NULL,0,41.75,NULL,False
166,0.00018312055314018442,candidate,2,3,3359374998.8544335,3362011935.4038157,0.0009801116129128673,18.789492980748506,-4.851811741508714,64.5,False,refined,0.3032382338442946,NULL,3.0,44.8032382338443,40.521810215340736,41.75,-1.2281897846592642,NULL,0,41.75,NULL,False
166,0.00018312055314018442,candidate,3,4,4374999998.5081,4376886949.783002,0.0009191512279270222,18.231721715427625,-5.4095830068295925,84.0,False,refined,0.33809893792684953,NULL,3.0,44.83809893792685,40.521810215340736,41.75,-1.2281897846592642,NULL,0,41.75,NULL,False
166,0.00018312055314018442,candidate,4,5,3662109373.7511992,3659815633.611065,0.0008450724428089028,17.440304504693493,-6.1394436430680965,70.3125,False,refined,0.38371522769175603,rank_2,1.2125511130053235,40.52364021872454,40.521810215340736,41.75,-1.2281897846592642,NULL,0,41.75,NULL,False
166,0.00018312055314018442,NULL,5,0,nan,nan,nan,nan,nan,nan,False,NULL,0.25,NULL,0.0,41.75,40.521810215340736,41.75,-1.2281897846592642,NULL,0,41.75,NULL,True
167,0.0001831237531401855,candidate,0,1,4003906248.6346445,4005579435.9576,0.0013632724103906332,22.41680313534891,2.0099569299152176,76.875,False,refined,0.0,rank_1,0.8754729627638732,41.39728317810461,40.72007525245502,42.0,-1.2799247475449818,NULL,0,42.0,NULL,False
167,0.0001831237531401855,candidate,1,2,3623046873.7645197,3626242580.686431,0.0010816451297360303,20.406846205433695,-2.0099569299152176,69.5625,False,refined,0.1256223081197011,rank_5,0.11271498826802741,40.761977515112264,40.72007525245502,42.0,-1.2799247475449818,NULL,0,42.0,NULL,False
167,0.0001831237531401855,candidate,2,3,3886718748.674606,3885085044.2932534,0.001081380688899816,20.40472241762607,-2.012080717722844,74.625,False,refined,0.12575504485767774,rank_1,0.07250999225660276,40.72007525245502,40.72007525245502,42.0,-1.2799247475449818,NULL,0,42.0,NULL,False
167,0.0001831237531401855,candidate,3,4,4384765623.504769,4387165925.378769,0.0009075289581520989,18.70503298608778,-3.534443078033922,84.1875,False,refined,0.22090269237712012,NULL,3.0,44.97090269237712,40.72007525245502,42.0,-1.2799247475449818,NULL,0,42.0,NULL,False
167,0.0001831237531401855,candidate,4,5,3359374998.8544335,3360406429.040186,0.0007246249178395963,16.601374008760665,-5.489387630117033,64.5,False,refined,0.34308672688231456,NULL,3.0,45.09308672688231,40.72007525245502,42.0,-1.2799247475449818,NULL,0,42.0,NULL,False
167,0.0001831237531401855,NULL,5,0,nan,nan,nan,nan,nan,nan,False,NULL,0.25,NULL,0.0,42.0,40.72007525245502,42.0,-1.2799247475449818,NULL,0,42.0,NULL,True
168,0.0001831269531401866,candidate,0,1,3642578123.757859,3644156189.2141256,0.0017085261745417224,24.835833711138893,0.9108654603464483,69.9375,False,refined,0.0,rank_2,0.03208973704834964,40.794067252160616,40.794067252160616,42.25,-1.455932747839384,NULL,0,42.25,NULL,False
168,0.0001831269531401866,candidate,1,2,3769531248.7145677,3768462524.766586,0.0015384322079963091,23.924968250792446,-0.9108654603464483,72.375,False,refined,0.05692909127165302,rank_3,1.3600812060747967,42.13708554980147,40.794067252160616,42.25,-1.455932747839384,NULL,0,42.25,NULL,False
168,0.0001831269531401866,candidate,2,3,4003906248.6346445,4004336291.8985033,0.0010536121851640484,20.63701667311375,-4.198817038025142,76.875,False,refined,0.2624260648765714,rank_1,0.00015454071516677012,41.659863783696345,40.794067252160616,42.25,-1.455932747839384,NULL,0,42.25,NULL,False
168,0.0001831269531401866,candidate,3,4,3886718748.674606,3888307110.2313943,0.000978822314024205,19.99747820640679,-4.838355504732101,74.625,False,refined,0.30239721904575634,rank_3,0.0010381708909727597,41.02351064239175,40.794067252160616,42.25,-1.455932747839384,NULL,0,42.25,NULL,False
168,0.0001831269531401866,candidate,4,5,4248046873.551391,4249786687.862395,0.0007306229735647736,17.433123111068785,-7.378566251927445,81.5625,False,refined,0.46116039074546533,NULL,3.0,45.46116039074546,40.794067252160616,42.25,-1.455932747839384,NULL,0,42.25,NULL,False
168,0.0001831269531401866,NULL,5,0,nan,nan,nan,nan,nan,nan,False,NULL,0.25,NULL,0.0,42.25,40.794067252160616,42.25,-1.455932747839384,NULL,0,42.25,NULL,True
169,0.0001831301531401877,candidate,0,1,3710937498.7345486,3712007215.207438,0.0029295266629294644,29.649667220880875,6.112183777142555,71.25,False,refined,0.0,rank_1,0.460376172834515,41.25444342499513,41.25444342499513,42.5,-1.2455565750048692,NULL,0,42.5,NULL,False
169,0.0001831301531401877,candidate,1,2,3886718748.674606,3890294149.0940285,0.001331681430505176,22.801724995742532,-6.8479422251383415,74.625,False,refined,0.42799638907114634,rank_4,0.0003948323441618544,41.45190186380706,41.25444342499513,42.5,-1.2455565750048692,NULL,0,42.5,NULL,False
169,0.0001831301531401877,candidate,2,3,3544921873.7911606,3541876286.7513084,0.0009741125634293533,20.018649542651836,-9.56376620916215,68.0625,False,refined,0.5977353880726344,rank_1,1.0461178447803399,42.43792048501359,41.25444342499513,42.5,-1.2455565750048692,NULL,0,42.5,NULL,False
169,0.0001831301531401877,candidate,3,4,4287109373.53807,4283647244.855941,0.0007591322274666331,17.92006669820747,-11.729600522673405,82.3125,False,refined,0.7331000326670878,NULL,3.0,45.98310003266709,41.25444342499513,42.5,-1.2455565750048692,NULL,0,42.5,NULL,False
169,0.0001831301531401877,candidate,4,5,3222656248.9010553,3222680306.697694,0.000653095087380413,16.471486638435692,-13.03642076169905,61.875,False,refined,0.75,NULL,3.0,46.0,41.25444342499513,42.5,-1.2455565750048692,NULL,0,42.5,NULL,False
169,0.0001831301531401877,NULL,5,0,nan,nan,nan,nan,nan,nan,False,NULL,0.25,NULL,0.0,42.5,41.25444342499513,42.5,-1.2455565750048692,NULL,0,42.5,NULL,True
170,0.00018313335314018879,candidate,0,1,3701171873.737879,3698856515.5883574,0.003412736694946813,31.741134899330426,5.280159042475825,71.0625,False,refined,0.0,rank_1,0.017294090047128518,41.27173751504226,41.27173751504226,42.75,-1.4782624849577388,NULL,0,42.75,NULL,False
170,0.00018313335314018879,candidate,1,2,3896484373.6712756,3897268731.239523,0.0017403576200382197,25.891849238223898,-5.849285661106531,74.8125,False,refined,0.3655803538191582,rank_2,0.004864479610425011,41.82234669723664,41.27173751504226,42.75,-1.4782624849577388,NULL,0,42.75,NULL,False
170,0.00018313335314018879,candidate,2,3,4521484373.458147,4518969037.478544,0.0006222678984342608,16.888812171650933,-14.782507699993408,86.8125,False,refined,0.75,NULL,3.0,46.25,41.27173751504226,42.75,-1.4782624849577388,NULL,0,42.75,NULL,False
170,0.00018313335314018879,candidate,3,4,3212890623.9043856,3213220107.8649035,0.0006153752392604679,16.861879608622942,-14.879255290707487,61.68750000000001,False,refined,0.75,NULL,3.0,46.25,41.27173751504226,42.75,-1.4782624849577388,NULL,0,42.75,NULL,False
170,0.00018313335314018879,candidate,4,5,3496093748.8078113,3493506724.376605,0.0006132540171453197,16.831887290923106,-14.909247608407323,67.125,False,refined,0.75,rank_3,0.23396145643203234,43.421881941445626,41.27173751504226,42.75,-1.4782624849577388,NULL,0,42.75,NULL,False
170,0.00018313335314018879,NULL,5,0,nan,nan,nan,nan,nan,nan,False,NULL,0.25,NULL,0.0,42.75,41.27173751504226,42.75,-1.4782624849577388,NULL,0,42.75,NULL,True
171,0.00018313655314018988,candidate,0,1,3691406248.7412086,3687761143.785148,0.0025510577730670776,28.90995824136672,1.5761826724293115,70.875,False,refined,0.0,rank_1,0.012310727545145209,41.2840482425874,41.2840482425874,43.0,-1.715951757412597,NULL,0,43.0,NULL,False
171,0.00018313655314018988,candidate,1,2,3935546873.657955,3933161626.278388,0.0021277037570121547,27.33377556893741,-1.5761826724293115,75.5625,False,refined,0.09851141702683197,rank_2,0.12882999142709864,42.04968810569057,41.2840482425874,43.0,-1.715951757412597,NULL,0,43.0,NULL,False
171,0.00018313655314018988,candidate,2,3,3818359373.697917,3817093115.110164,0.0014566892050943403,24.042890397427968,-4.8670678439387505,73.3125,False,refined,0.3041917402461719,rank_2,0.6428129421722295,42.76935137965504,41.2840482425874,43.0,-1.715951757412597,NULL,0,43.0,NULL,False
171,0.00018313655314018988,candidate,3,4,4511718748.461477,4507072132.609308,0.0007896241415651401,18.723960715358665,-10.185997526008057,86.625,False,refined,0.6366248453755036,NULL,3.0,46.3866248453755,41.2840482425874,43.0,-1.715951757412597,NULL,0,43.0,NULL,False
171,0.00018313655314018988,candidate,4,5,3486328123.8111415,3483450939.9991846,0.0007031533817627338,17.71655375631152,-11.1934044850552,66.9375,False,refined,0.69958778031595,rank_5,0.010111879944517269,44.131581601706095,41.2840482425874,43.0,-1.715951757412597,NULL,0,43.0,NULL,False
171,0.00018313655314018988,NULL,5,0,nan,nan,nan,nan,nan,nan,False,NULL,0.25,NULL,0.0,43.0,41.2840482425874,43.0,-1.715951757412597,NULL,0,43.0,NULL,True
172,0.00018313975314019097,candidate,0,1,3964843748.647965,3960554022.27407,0.0027500542822143535,29.611636034982194,4.346350728243413,76.125,False,refined,0.0,rank_2,0.07503433583842423,42.124722441528995,42.014315982635864,43.25,-1.235684017364136,NULL,0,43.25,NULL,False
172,0.00018313975314019097,candidate,1,2,3623046873.7645197,3620039594.8119264,0.0016673383134895893,25.265285306738782,-4.346350728243413,69.5625,False,refined,0.27164692051521333,rank_1,0.45862081953324757,42.014315982635864,42.014315982635864,43.25,-1.235684017364136,NULL,0,43.25,NULL,False
172,0.00018313975314019097,candidate,2,3,3828124998.6945868,3825505302.226691,0.0010254021671493117,21.042695328817516,-8.568940706164678,73.5,False,refined,0.5355587941352924,rank_3,0.007076489208345618,43.31198666299868,42.014315982635864,43.25,-1.235684017364136,NULL,0,43.25,NULL,False
172,0.00018313975314019097,candidate,3,4,4511718748.461477,4507023508.321134,0.0007946950479598505,18.828820844906602,-10.782815190075592,86.625,False,refined,0.6739259493797245,NULL,3.0,46.67392594937972,42.014315982635864,43.25,-1.235684017364136,NULL,0,43.25,NULL,False
172,0.00018313975314019097,candidate,4,5,4208984373.5647116,4212933164.1742725,0.0006928870258989802,17.63805929692768,-11.973576738054517,80.8125,False,refined,0.7483485461284073,NULL,3.0,46.748348546128405,42.014315982635864,43.25,-1.235684017364136,NULL,0,43.25,NULL,False
172,0.00018313975314019097,NULL,5,0,nan,nan,nan,nan,nan,nan,False,NULL,0.25,NULL,0.0,43.25,42.014315982635864,43.25,-1.235684017364136,NULL,0,43.25,NULL,True
173,0.00018314295314019206,candidate,0,1,4003906248.6346445,4001994865.546216,0.00284757695756679,30.066811174466963,4.964689273284391,76.875,False,refined,0.0,rank_1,0.1717343491106587,42.29645679063965,42.29645679063965,43.5,-1.2035432093603475,NULL,0,43.5,NULL,False
173,0.00018314295314019206,candidate,1,2,3593749998.77451,3590624950.182354,0.0016078332525805146,25.10212190118257,-4.964689273284391,69.0,False,refined,0.3102930795802744,rank_2,0.08652213186840318,42.41113119408455,42.29645679063965,43.5,-1.2035432093603475,NULL,0,43.5,NULL,False
173,0.00018314295314019206,candidate,2,3,3779296873.7112374,3780731215.038882,0.0010995831570342516,21.801863352152935,-8.264947822314026,72.5625,False,refined,0.5165592388946266,rank_3,0.20047188835015214,44.02901779024346,42.29645679063965,43.5,-1.2035432093603475,NULL,0,43.5,NULL,False
173,0.00018314295314019206,candidate,3,4,3281249998.8810744,3282655478.2002516,0.0006749402093261357,17.562607811685098,-12.504203362781867,63.0,False,refined,0.75,NULL,3.0,47.0,42.29645679063965,43.5,-1.2035432093603475,NULL,0,43.5,NULL,False
173,0.00018314295314019206,candidate,4,5,4531249998.454817,4529605742.389225,0.0005680630190126055,16.06523212585263,-14.00157904861433,87.0,False,refined,0.75,NULL,3.0,47.0,42.29645679063965,43.5,-1.2035432093603475,NULL,0,43.5,NULL,False
173,0.00018314295314019206,NULL,5,0,nan,nan,nan,nan,nan,nan,False,NULL,0.25,NULL,0.0,43.5,42.29645679063965,43.5,-1.2035432093603475,NULL,0,43.5,NULL,True
174,0.00018314615314019315,candidate,0,1,4023437498.627984,4020887186.2352495,0.0025496182166703904,29.018698011690525,5.350746746578752,77.25,False,refined,0.0,rank_1,0.035691978101728354,42.33214876874138,42.33214876874138,43.75,-1.4178512312586165,NULL,0,43.75,NULL,False
174,0.00018314615314019315,candidate,1,2,3613281248.76785,3613290688.4226074,0.001377012289103863,23.667951265111775,-5.350746746578752,69.375,False,refined,0.334421671661172,rank_2,0.05137356899756875,42.79692643474329,42.33214876874138,43.75,-1.4178512312586165,NULL,0,43.75,NULL,False
174,0.00018314615314019315,candidate,2,3,3769531248.7145677,3764878880.0571475,0.0013383438749327739,23.420549256121213,-5.598148755569312,72.375,False,refined,0.349884297223082,rank_3,0.025129652437311623,44.40403173990386,42.33214876874138,43.75,-1.4178512312586165,NULL,0,43.75,NULL,False
174,0.00018314615314019315,candidate,3,4,3876953123.677936,3876255511.4373527,0.0010229997672693597,21.08670564089109,-7.931992370799437,74.4375,False,refined,0.4957495231749648,rank_1,1.581038517171413,44.37324483098603,42.33214876874138,43.75,-1.4178512312586165,NULL,0,43.75,NULL,False
174,0.00018314615314019315,candidate,4,5,3281249998.8810744,3282174456.7252016,0.0008293366635344837,19.231067495102174,-9.754885764778392,63.0,False,refined,0.6096803602986495,NULL,3.0,47.10968036029865,42.33214876874138,43.75,-1.4178512312586165,NULL,0,43.75,NULL,False
174,0.00018314615314019315,NULL,5,0,nan,nan,nan,nan,nan,nan,False,NULL,0.25,NULL,0.0,43.75,42.33214876874138,43.75,-1.4178512312586165,NULL,0,43.75,NULL,True
175,0.00018314935314019424,candidate,0,1,3749999998.7212276,3754069615.2490706,0.0021026136560440053,26.924428271903793,0.9490224044429674,72.0,False,refined,0.0,rank_3,0.011684020569112885,44.41571576047297,42.39750244967656,44.0,-1.6024975503234415,NULL,0,44.0,NULL,False
175,0.00018314935314019424,candidate,1,2,4013671873.6313143,4013115583.6608205,0.0018849870048661275,25.97540586746082,-0.9490224044429674,77.0625,False,refined,0.05931390027768546,rank_1,0.0060397806574872,42.39750244967656,42.39750244967656,44.0,-1.6024975503234415,NULL,0,44.0,NULL,False
175,0.00018314935314019424,candidate,2,3,4121093748.5946827,4122664601.3577666,0.0009010125131180204,19.56385510576385,-7.360573166139943,79.125,False,refined,0.46003582288374645,rank_1,1.0358642229021173,43.82804881452725,42.39750244967656,44.0,-1.6024975503234415,NULL,0,44.0,NULL,False
175,0.00018314935314019424,candidate,3,4,3271484373.8844047,3273170885.47939,0.0008386483326835394,18.940836414985593,-7.983591856918197,62.8125,False,refined,0.49897449105738734,NULL,3.0,47.24897449105739,42.39750244967656,44.0,-1.6024975503234415,NULL,0,44.0,NULL,False
175,0.00018314935314019424,candidate,4,5,3544921873.7911606,3542644716.213596,0.0006143625120622735,16.237732807291092,-10.686695464612699,68.0625,False,refined,0.6679184665382937,rank_2,0.4990853389356433,43.96393024021723,42.39750244967656,44.0,-1.6024975503234415,NULL,0,44.0,NULL,False
175,0.00018314935314019424,NULL,5,0,nan,nan,nan,nan,nan,nan,False,NULL,0.25,NULL,0.0,44.0,42.39750244967656,44.0,-1.6024975503234415,NULL,0,44.0,NULL,True
176,0.00018315255314019533,candidate,0,1,3798828123.704577,3794432339.373058,0.002544302047550518,27.494398526369146,4.110181005976914,72.9375,False,refined,0.0,rank_1,0.16291494987090982,44.57863071034388,42.65439660498035,44.25,-1.5956033950196513,NULL,0,44.25,NULL,False
176,0.00018315255314019533,candidate,1,2,4013671873.6313143,4013395627.054523,0.0015851107712634089,23.384217520392234,-4.110181005976914,77.0625,False,refined,0.2568863128735571,rank_2,7.842430235641735e-06,42.65439660498035,42.65439660498035,44.25,-1.5956033950196513,NULL,0,44.25,NULL,False
176,0.00018315255314019533,candidate,2,3,3662109373.7511992,3663239880.7874675,0.0014913401734936121,22.85455951723172,-4.639839009137425,70.3125,False,refined,0.2899899380710891,rank_1,0.8250040662365341,45.53070976478059,42.65439660498035,44.25,-1.5956033950196513,NULL,0,44.25,NULL,False
176,0.00018315255314019533,candidate,3,4,3242187498.894395,3245272881.454332,0.0009332453790382485,18.78294214165603,-8.711456384713117,62.25,False,refined,0.5444660240445698,NULL,3.0,47.54446602404457,42.65439660498035,44.25,-1.5956033950196513,NULL,0,44.25,NULL,False
176,0.00018315255314019533,candidate,4,5,3544921873.7911606,3541456406.1026096,0.0007681366246460196,17.091794631825827,-10.402603894543319,68.0625,False,refined,0.6501627434089574,rank_5,0.00014120809198721129,44.614234191718175,42.65439660498035,44.25,-1.5956033950196513,NULL,0,44.25,NULL,False
176,0.00018315255314019533,NULL,5,0,nan,nan,nan,nan,nan,nan,False,NULL,0.25,NULL,0.0,44.25,42.65439660498035,44.25,-1.5956033950196513,NULL,0,44.25,NULL,True
177,0.00018315575314019642,candidate,0,1,3837890623.6912565,3841046891.175693,0.0027306637543064705,28.474243635544056,3.8005018372364496,73.6875,False,refined,0.0,rank_1,0.21729164397605596,44.795922354319934,42.909102300947865,44.5,-1.5908976990521353,NULL,0,44.5,NULL,False
177,0.00018315575314019642,candidate,1,2,4023437498.627984,4026500714.2882037,0.001762962740902654,24.673741798307603,-3.8005018372364496,77.25,False,refined,0.2375313648272781,rank_2,0.017174331140238155,42.909102300947865,42.909102300947865,44.5,-1.5908976990521353,NULL,0,44.5,NULL,False
177,0.00018315575314019642,candidate,2,3,3593749998.77451,3594974155.760787,0.0014310433336897988,22.8619348193601,-5.612308816183953,69.0,False,refined,0.35076930101149706,rank_5,0.28641495284753443,45.25141844557721,42.909102300947865,44.5,-1.5908976990521353,NULL,0,44.5,NULL,False
177,0.00018315575314019642,candidate,3,4,3261718748.887735,3259215929.4273453,0.0009632000326336349,19.423208893696568,-9.051034741847488,62.62500000000001,False,refined,0.565689671365468,NULL,3.0,47.81568967136547,42.909102300947865,44.5,-1.5908976990521353,NULL,0,44.5,NULL,False
177,0.00018315575314019642,candidate,4,5,4248046873.551391,4252239829.3576365,0.0007217513084158967,16.916630718292403,-11.55761291725165,81.5625,False,refined,0.7223508073282281,NULL,3.0,47.972350807328226,42.909102300947865,44.5,-1.5908976990521353,NULL,0,44.5,NULL,False
177,0.00018315575314019642,NULL,5,0,nan,nan,nan,nan,nan,nan,False,NULL,0.25,NULL,0.0,44.5,42.909102300947865,44.5,-1.5908976990521353,NULL,0,44.5,NULL,True
178,0.00018315895314019752,candidate,0,1,3876953123.677936,3875111008.665742,0.0025376850641705227,27.727189765756222,1.9795556911137258,74.4375,False,refined,0.0,rank_1,0.11603641003758543,44.91195876435752,43.16906629530278,44.75,-1.5809337046972232,NULL,0,44.75,NULL,False
178,0.00018315895314019752,candidate,1,2,3564453123.7845006,3563337171.145303,0.002020505044405681,25.747634074642498,-1.9795556911137258,68.4375,False,refined,0.12372223069460786,rank_3,0.10008987955603862,45.47523055582786,43.16906629530278,44.75,-1.5809337046972232,NULL,0,44.75,NULL,False
178,0.00018315895314019752,candidate,2,3,4013671873.6313143,4012085228.0569377,0.0016333942694012017,23.900255845331777,-3.8269339204244446,77.0625,False,refined,0.2391833700265278,rank_2,0.020780624328382027,43.16906629530278,43.16906629530278,44.75,-1.5809337046972232,NULL,0,44.75,NULL,False
178,0.00018315895314019752,candidate,3,4,3291015623.877744,3289341978.954601,0.0012063424439573735,21.250434049055585,-6.459342305757616,63.1875,False,refined,0.403708894109851,NULL,3.0,47.903708894109855,43.16906629530278,44.75,-1.5809337046972232,NULL,0,44.75,NULL,False
178,0.00018315895314019752,candidate,4,5,3134765623.9310265,3138375547.837456,0.0011909099288978787,21.138600204667803,-6.571176150145401,60.1875,False,refined,0.4106985093840876,NULL,3.0,47.91069850938409,43.16906629530278,44.75,-1.5809337046972232,NULL,0,44.75,NULL,False
178,0.00018315895314019752,NULL,5,0,nan,nan,nan,nan,nan,nan,False,NULL,0.25,NULL,0.0,44.75,43.16906629530278,44.75,-1.5809337046972232,NULL,0,44.75,NULL,True
179,0.0001831621531401986,candidate,0,1,3564453123.7845006,3560069400.646638,0.0026128728797611377,27.358060656611272,2.1888638596435683,68.4375,False,refined,0.0,rank_2,0.0010678324031944359,45.47629838823105,44.268528632252334,45.0,-0.7314713677476661,NULL,0,45.0,NULL,False
179,0.0001831621531401986,candidate,1,2,3916015623.6646156,3913970073.9918375,0.0020308370978148406,25.169196796967704,-2.1888638596435683,75.1875,False,refined,0.13680399122772302,rank_3,0.9626583457218347,44.268528632252334,44.268528632252334,45.0,-0.7314713677476661,NULL,0,45.0,NULL,False
179,0.0001831621531401986,candidate,2,3,3437499998.827792,3433010614.503484,0.0015443082151785047,22.790374668451232,-4.567685988160042,66.0,False,refined,0.2854803742600026,rank_2,1.6985011366113256,47.45921206669919,44.268528632252334,45.0,-0.7314713677476661,NULL,0,45.0,NULL,False
179,0.0001831621531401986,candidate,3,4,3144531248.927696,3141584705.1037145,0.001392123054997858,21.88924755143634,-5.4688131051749345,60.375,False,refined,0.3418008190734334,NULL,3.0,48.091800819073434,44.268528632252334,45.0,-0.7314713677476661,NULL,0,45.0,NULL,False
179,0.0001831621531401986,candidate,4,5,3691406248.7412086,3688583902.1246276,0.0012290651101956782,20.80719284177753,-6.550867814833747,70.875,False,refined,0.4094292384271092,rank_2,1.5686743621007362,47.4533341563557,44.268528632252334,45.0,-0.7314713677476661,NULL,0,45.0,NULL,False
179,0.0001831621531401986,NULL,5,0,nan,nan,nan,nan,nan,nan,False,NULL,0.25,NULL,0.0,45.0,44.268528632252334,45.0,-0.7314713677476661,NULL,0,45.0,NULL,True
180,0.0001831653531401997,candidate,0,1,3554687498.787831,3553855588.916815,0.002912748763845232,29.47140638513612,4.871521046710381,68.25,False,refined,0.0,rank_1,0.00386114562136873,45.48015953385242,44.70069779534042,45.25,-0.5493022046595826,NULL,0,45.25,NULL,False
180,0.0001831653531401997,candidate,1,2,3701171873.737879,3702717177.9177527,0.00148639064186264,23.628005100612306,-5.843401284523813,71.0625,False,refined,0.3652125802827383,rank_5,0.019974948464453742,47.83852168510289,44.70069779534042,45.25,-0.5493022046595826,NULL,0,45.25,NULL,False
180,0.0001831653531401997,candidate,2,3,3222656248.9010553,3220700377.6148224,0.0014546753741510475,23.338322896811228,-6.030738795751764,61.875,False,refined,0.3769211747344853,NULL,3.0,48.376921174734484,44.70069779534042,45.25,-0.5493022046595826,NULL,0,45.25,NULL,False
180,0.0001831653531401997,candidate,3,4,3935546873.657955,3932145677.7107615,0.0013963551843252013,23.08526388860252,-6.386142496533598,75.5625,False,refined,0.39913390603334986,rank_2,0.03303525705473656,44.70069779534042,44.70069779534042,45.25,-0.5493022046595826,NULL,0,45.25,NULL,False
180,0.0001831653531401997,candidate,4,5,2861328124.02427,2862858286.8300767,0.0007560377201847575,17.756215129444925,-11.715191255691195,54.93749999999999,False,refined,0.7321994534806997,NULL,3.0,48.7321994534807,44.70069779534042,45.25,-0.5493022046595826,NULL,0,45.25,NULL,False
180,0.0001831653531401997,NULL,5,0,nan,nan,nan,nan,nan,nan,False,NULL,0.25,NULL,0.0,45.25,44.70069779534042,45.25,-0.5493022046595826,NULL,0,45.25,NULL,True
181,0.0001831685531402008,candidate,0,1,3544921873.7911606,3543958523.0801196,0.00266330237602868,27.41176057759943,4.145913032339985,68.0625,False,refined,0.0,rank_1,0.009795191217587915,45.48995472507001,45.48995472507001,45.5,-0.010045274929993298,NULL,0,45.5,NULL,False
181,0.0001831685531402008,candidate,1,2,3232421873.897725,3236103520.156694,0.0016524366733224678,23.265847545259444,-4.145913032339985,62.0625,False,refined,0.25911956452124907,NULL,3.0,48.50911956452125,45.48995472507001,45.5,-0.010045274929993298,NULL,0,45.5,NULL,False
181,0.0001831685531402008,candidate,2,3,3710937498.7345486,3713137133.133116,0.001391417220715984,21.77249852791661,-5.639262049682818,71.25,False,refined,0.35245387810517614,rank_2,0.010857546669017113,48.20183310987708,45.48995472507001,45.5,-0.010045274929993298,NULL,0,45.5,NULL,False
181,0.0001831685531402008,candidate,3,4,3417968748.8344526,3420716077.21306,0.0013722576419135195,21.652064206628758,-5.759696370970673,65.625,False,refined,0.35998102318566705,rank_1,1.7726129576714291,47.61275351470952,45.48995472507001,45.5,-0.010045274929993298,NULL,0,45.5,NULL,False
181,0.0001831685531402008,candidate,4,5,2900390624.0109496,2903094389.0013433,0.001166660331684613,20.242239675136844,-7.169520902462585,55.6875,False,refined,0.44809505640391156,NULL,3.0,48.698095056403915,45.48995472507001,45.5,-0.010045274929993298,NULL,0,45.5,NULL,False
181,0.0001831685531402008,NULL,5,0,nan,nan,nan,nan,nan,nan,False,NULL,0.25,NULL,0.0,45.5,45.48995472507001,45.5,-0.010045274929993298,NULL,0,45.5,NULL,True
182,0.00018317175314020188,candidate,0,1,3535156248.794491,3537777011.972224,0.001839443397147341,23.250413109622716,0.23648248150593076,67.875,False,refined,0.0,rank_1,0.00382110795770339,45.49377583302771,45.49377583302771,45.75,-0.256224166972288,NULL,0,45.75,NULL,False
182,0.00018317175314020188,candidate,1,2,3242187498.894395,3241868912.5006104,0.0017900382216006574,23.013930628116785,-0.23648248150593076,62.25,False,refined,0.014780155094120673,NULL,3.0,48.51478015509412,45.49377583302771,45.75,-0.256224166972288,NULL,0,45.75,NULL,False
182,0.00018317175314020188,candidate,2,3,3388671873.844443,3392608702.0258503,0.0015186793008465991,21.586006015609527,-1.6644070940131872,65.0625,False,refined,0.1040254433758242,rank_4,0.07900245399145661,47.7957814120768,45.49377583302771,45.75,-0.256224166972288,NULL,0,45.75,NULL,False
182,0.00018317175314020188,candidate,3,4,2929687499.0009594,2924860049.271445,0.001372607294266691,20.707610591502927,-2.542802518119789,56.25,False,refined,0.1589251573824868,NULL,3.0,48.658925157382484,45.49377583302771,45.75,-0.256224166972288,NULL,0,45.75,NULL,False
182,0.00018317175314020188,candidate,4,5,3740234373.724558,3736210168.342419,0.0010848535654599842,18.597454500848684,-4.58630615424239,71.8125,False,refined,0.2866441346401494,rank_3,0.05323649537697535,48.541713739894206,45.49377583302771,45.75,-0.256224166972288,NULL,0,45.75,NULL,False
182,0.00018317175314020188,NULL,5,0,nan,nan,nan,nan,nan,nan,False,NULL,0.25,NULL,0.0,45.75,45.49377583302771,45.75,-0.256224166972288,NULL,0,45.75,NULL,True
183,0.00018317495314020297,candidate,0,1,3232421873.897725,3233652483.248928,0.0016292815175266797,22.312414140661588,1.4556626370448722,62.0625,False,refined,0.0,rank_2,0.006750970964790027,48.52153112605891,45.67630000200388,46.0,-0.3236999979961226,NULL,0,46.0,NULL,False
183,0.00018317495314020297,candidate,1,2,3388671873.844443,3385316667.550393,0.0013778850848754787,20.856751503616717,-1.4556626370448722,65.0625,False,refined,0.09097891481530451,rank_3,0.005317376679125624,47.892077703571225,45.67630000200388,46.0,-0.3236999979961226,NULL,0,46.0,NULL,False
183,0.00018317495314020297,candidate,2,3,2949218748.994299,2950907850.610753,0.0011802696949770543,19.512116645442312,-2.8002974952192794,56.625,False,refined,0.17501859345120496,rank_4,0.06784879546120694,48.9017925462949,45.67630000200388,46.0,-0.3236999979961226,NULL,0,46.0,NULL,False
183,0.00018317495314020297,candidate,3,4,3525390623.797821,3529358150.7488008,0.0011793615745919002,19.50543099592182,-2.8069831447397675,67.6875,False,refined,0.17543644654623547,rank_1,0.007087722429926351,45.67630000200388,45.67630000200388,46.0,-0.3236999979961226,NULL,0,46.0,NULL,False
183,0.00018317495314020297,candidate,4,5,3749999998.7212276,3747770831.2760034,0.0007048448527305742,15.034362173447366,-7.278051967214223,72.0,False,refined,0.45487824795088894,rank_5,0.013364892746394795,49.00995688059149,45.67630000200388,46.0,-0.3236999979961226,NULL,0,46.0,NULL,False
183,0.00018317495314020297,NULL,5,0,nan,nan,nan,nan,nan,nan,False,NULL,0.25,NULL,0.0,46.0,45.67630000200388,46.0,-0.3236999979961226,NULL,0,46.0,NULL,True
184,0.00018317815314020406,candidate,0,1,3232421873.897725,3236845905.8682446,0.0012373099546032383,18.555883501517208,1.951171405147818,62.0625,False,refined,0.0,rank_1,0.0010197948025562752,48.52255092086147,47.409965392504546,46.25,1.159965392504546,NULL,0,46.25,NULL,False
184,0.00018317815314020406,candidate,1,2,3398437498.8411126,3402404727.09749,0.0009883708692456454,16.60471209636939,-1.951171405147818,65.25,False,refined,0.12194821282173862,rank_4,1.6117171776789232,47.409965392504546,47.409965392504546,46.25,1.159965392504546,NULL,0,46.25,NULL,False
184,0.00018317815314020406,candidate,2,3,2714843749.074222,2713762289.094278,0.0009671448127816985,16.416143498564153,-2.1397400029530544,52.12499999999999,False,refined,0.1337337501845659,NULL,3.0,49.13373375018457,47.409965392504546,46.25,1.159965392504546,NULL,0,46.25,NULL,False
184,0.00018317815314020406,candidate,3,4,2382812499.187447,2378426481.555107,0.0009398827799096035,16.167787216311893,-2.3880962852053145,45.75,False,refined,0.14925601782533215,NULL,3.0,49.14925601782533,47.409965392504546,46.25,1.159965392504546,NULL,0,46.25,NULL,False
184,0.00018317815314020406,candidate,4,5,2958984373.9909687,2959673711.564017,0.0008705805141142191,15.433698526420683,-3.0533912943973895,56.81249999999999,False,refined,0.19083695589983685,rank_3,0.007684031825195423,49.10031353401993,47.409965392504546,46.25,1.159965392504546,NULL,0,46.25,NULL,False
184,0.00018317815314020406,NULL,5,0,nan,nan,nan,nan,nan,nan,False,NULL,0.25,NULL,0.0,46.25,47.409965392504546,46.25,1.159965392504546,NULL,0,46.25,NULL,True
185,0.00018318135314020515,candidate,0,1,2373046874.190777,2372152263.6200747,0.001517334002133846,15.851112914005139,0.12230287877277313,45.56249999999999,False,refined,0.0,rank_4,0.003936581069628183,49.15319259889496,49.15319259889496,46.5,2.653192598894961,NULL,0,46.5,NULL,False
185,0.00018318135314020515,candidate,1,2,1689453124.4238865,1686149040.7475119,0.001496118682540886,15.897760042604432,-0.12230287877277313,32.4375,False,refined,0.0076439299232983204,NULL,3.0,49.2576439299233,49.15319259889496,46.5,2.653192598894961,NULL,0,46.5,NULL,False
185,0.00018318135314020515,candidate,2,3,2783203124.0509114,2788057062.7221456,0.0012800365746733757,14.542886699225619,-1.477176222151586,53.4375,False,refined,0.09232351388447413,NULL,3.0,49.34232351388447,49.15319259889496,46.5,2.653192598894961,NULL,0,46.5,NULL,False
185,0.00018318135314020515,candidate,3,4,1806640624.383925,1807683415.7389097,0.0011294858681015834,13.456055149235526,-2.5640077721416787,34.6875,False,refined,0.16025048575885492,NULL,3.0,49.41025048575885,49.15319259889496,46.5,2.653192598894961,NULL,0,46.5,NULL,False
185,0.00018318135314020515,candidate,4,5,1503906249.487159,1505869662.7141485,0.0010769793846263126,13.042586923107722,-2.977475998269483,28.874999999999996,False,refined,0.1860922498918427,NULL,3.0,49.43609224989184,49.15319259889496,46.5,2.653192598894961,NULL,0,46.5,NULL,False
185,0.00018318135314020515,NULL,5,0,nan,nan,nan,nan,nan,nan,False,NULL,0.25,NULL,0.0,46.5,49.15319259889496,46.5,2.653192598894961,NULL,0,46.5,NULL,True
186,0.00018318455314020625,candidate,0,1,1650390624.437207,1647119799.2288537,0.0054127067668511865,23.97660614058708,2.730505010105615,31.6875,False,refined,0.0,rank_2,0.15232816935217497,49.40997209927547,49.40997209927547,46.75,2.659972099275471,NULL,0,46.75,NULL,False
186,0.00018318455314020625,candidate,1,2,2373046874.190777,2369279805.590484,0.0016523205392223043,13.670202171817287,-10.306403968769793,45.56249999999999,False,refined,0.644150248048112,rank_1,0.000825101513175955,49.79816794845625,49.40997209927547,46.75,2.659972099275471,NULL,0,46.75,NULL,False
186,0.00018318455314020625,candidate,2,3,4960937498.308291,4960282081.556983,0.0014003104746922845,12.232802892935402,-11.743803247651678,95.25,False,refined,0.7339877029782299,NULL,3.0,50.23398770297823,49.40997209927547,46.75,2.659972099275471,NULL,0,46.75,NULL,False
186,0.00018318455314020625,candidate,3,4,2802734374.044251,2799513217.102009,0.0013954104377007122,12.17166144566229,-11.774250653130727,53.8125,False,refined,0.7358906658206704,rank_3,0.01312434731752602,50.09133852702267,49.40997209927547,46.75,2.659972099275471,NULL,0,46.75,NULL,False
186,0.00018318455314020625,candidate,4,5,1328124999.5471015,1328548576.6574929,0.0011872660980334067,10.799277480775498,-13.177328659811582,25.5,False,refined,0.75,NULL,3.0,50.25,49.40997209927547,46.75,2.659972099275471,NULL,0,46.75,NULL,False
186,0.00018318455314020625,NULL,5,0,nan,nan,nan,nan,nan,nan,False,NULL,0.25,NULL,0.0,46.75,49.40997209927547,46.75,2.659972099275471,NULL,0,46.75,NULL,True
187,0.00018318775314020734,candidate,0,1,1591796874.457188,1588488967.2188013,0.010261911022782313,28.21281621191581,4.506414873348308,30.5625,False,refined,0.0,NULL,3.0,49.75,49.75,47.0,2.75,NULL,0,47.0,NULL,False
187,0.00018318775314020734,candidate,1,2,1416015624.5171304,1411902151.9144988,0.002392588476646982,15.565611451811048,-12.647204760104763,27.1875,False,refined,0.75,NULL,3.0,50.5,49.75,47.0,2.75,NULL,0,47.0,NULL,False
187,0.00018318775314020734,candidate,2,3,4941406248.314951,4942464417.421838,0.00199666248194426,13.994344466338626,-14.218471745577187,94.87499999999999,False,refined,0.75,NULL,3.0,50.5,49.75,47.0,2.75,NULL,0,47.0,NULL,False
187,0.00018318775314020734,candidate,3,4,4599609373.431506,4602222778.155059,0.0019825955762367425,13.932933973375876,-14.279882238539937,88.3125,False,refined,0.75,NULL,3.0,50.5,49.75,47.0,2.75,NULL,0,47.0,NULL,False
187,0.00018318775314020734,candidate,4,5,1289062499.5604222,1292971344.351615,0.0014503271465796843,11.2175708369067,-16.995245375009112,24.75,False,refined,0.75,NULL,3.0,50.5,49.75,47.0,2.75,NULL,0,47.0,NULL,False
187,0.00018318775314020734,NULL,5,0,nan,nan,nan,nan,nan,nan,False,NULL,0.25,NULL,0.0,47.0,49.75,47.0,2.75,NULL,0,47.0,NULL,True
188,0.00018319095314020843,candidate,0,1,1552734374.4705083,1557569682.4784105,0.012238688046680714,30.23552377461788,4.796001079870984,29.812499999999996,False,refined,0.0,rank_1,0.09560021688573621,49.845600216885735,49.845600216885735,47.25,2.5956002168857353,NULL,0,47.25,NULL,False
188,0.00018319095314020843,candidate,1,2,1748046874.4039056,1751865154.3139944,0.0038467729456878597,20.18275753166508,-10.052766242952803,33.5625,False,refined,0.6282978901845502,NULL,3.0,50.62829789018455,49.845600216885735,47.25,2.5956002168857353,NULL,0,47.25,NULL,False
188,0.00018319095314020843,candidate,2,3,1298828124.557092,1301778591.5943127,0.0031179172414748713,18.358118143264647,-11.877405631353234,24.9375,False,refined,0.7423378519595771,NULL,3.0,50.742337851959576,49.845600216885735,47.25,2.5956002168857353,NULL,0,47.25,NULL,False
188,0.00018319095314020843,candidate,3,4,4599609373.431506,4601752367.819445,0.0029515095142289773,17.88171022200265,-12.353813552615232,88.3125,False,refined,0.75,NULL,3.0,50.75,49.845600216885735,47.25,2.5956002168857353,NULL,0,47.25,NULL,False
188,0.00018319095314020843,candidate,4,5,4921874998.321611,4925496662.3939295,0.0017319065215555128,13.251315423189345,-16.984208351428535,94.5,False,refined,0.75,NULL,3.0,50.75,49.845600216885735,47.25,2.5956002168857353,NULL,0,47.25,NULL,False
188,0.00018319095314020843,NULL,5,0,nan,nan,nan,nan,nan,nan,False,NULL,0.25,NULL,0.0,47.25,49.845600216885735,47.25,2.5956002168857353,NULL,0,47.25,NULL,True
189,0.00018319415314020952,candidate,0,1,1494140624.4904892,1497015208.1454046,0.010935305433192256,29.290270286629024,3.822457890738602,28.6875,False,refined,0.0,rank_1,0.36668443617466706,50.2122846530604,50.2122846530604,47.5,2.712284653060401,NULL,0,47.5,NULL,False
189,0.00018319415314020952,candidate,1,2,4589843748.434836,4594081185.023479,0.0027520910487651086,17.306907886368048,-11.983362400260976,88.125,False,refined,0.748960150016311,NULL,3.0,50.99896015001631,50.2122846530604,47.5,2.712284653060401,NULL,0,47.5,NULL,False
189,0.00018319415314020952,candidate,2,3,1767578124.3972454,1764802669.1605086,0.002222975657022536,14.5075608306602,-13.837924217228238,33.9375,False,refined,0.75,NULL,3.0,51.0,50.2122846530604,47.5,2.712284653060401,NULL,0,47.5,NULL,False
189,0.00018319415314020952,candidate,3,4,4179687498.574702,4175116555.4435644,0.0016270698680380482,12.741775978535719,-16.548494308093304,80.25,False,refined,0.75,NULL,3.0,51.0,50.2122846530604,47.5,2.712284653060401,NULL,0,47.5,NULL,False
189,0.00018319415314020952,candidate,4,5,58593749.98001918,nan,0.0013202285292377182,9.856176187064651,-18.363636089302403,1.125,True,boundary_peak,2.4903235719403023,NULL,3.0,52.7403235719403,50.2122846530604,47.5,2.712284653060401,NULL,0,47.5,NULL,False
189,0.00018319415314020952,NULL,5,0,nan,nan,nan,nan,nan,nan,False,NULL,0.25,NULL,0.0,47.5,50.2122846530604,47.5,2.712284653060401,NULL,0,47.5,NULL,True
190,0.0001831973531402106,candidate,0,1,1445312499.50714,1448125171.279459,0.00810165538704402,30.07835378688558,2.7067426551862894,27.75,False,refined,0.0,rank_1,0.23902357047535178,50.451308223535754,50.451308223535754,47.75,2.7013082235357544,NULL,0,47.75,NULL,False
190,0.0001831973531402106,candidate,1,2,58593749.98001918,nan,0.0028230888654763764,20.721396522039655,-9.15698433824403,1.125,True,boundary_peak,2.291061521140252,NULL,3.0,52.79106152114025,50.451308223535754,47.75,2.7013082235357544,NULL,0,47.75,NULL,False
190,0.0001831973531402106,candidate,2,3,1621093749.4471974,1622187118.6114175,0.002138668731371873,18.509748862719235,-11.568604924166346,31.125,False,refined,0.7230378077603966,NULL,3.0,51.2230378077604,50.451308223535754,47.75,2.7013082235357544,NULL,0,47.75,NULL,False
190,0.0001831973531402106,candidate,3,4,4580078123.438167,4578806559.089216,0.0015955619020429196,15.96515162438413,-14.113202162501448,87.9375,False,refined,0.75,NULL,3.0,51.25,50.451308223535754,47.75,2.7013082235357544,NULL,0,47.75,NULL,False
190,0.0001831973531402106,candidate,4,5,4150390623.5846925,4147183747.772702,0.0015008752541704631,15.433770409864227,-14.644583377021352,79.6875,False,refined,0.75,NULL,3.0,51.25,50.451308223535754,47.75,2.7013082235357544,NULL,0,47.75,NULL,False
190,0.0001831973531402106,NULL,5,0,nan,nan,nan,nan,nan,nan,False,NULL,0.25,NULL,0.0,47.75,50.451308223535754,47.75,2.7013082235357544,NULL,0,47.75,NULL,True
191,0.0001832005531402117,candidate,0,1,1386718749.5271208,1386274027.1814718,0.0037823711303394915,26.802052369108836,0.899362075030048,26.625,False,refined,0.0,NULL,3.0,50.75,50.75,48.0,2.75,NULL,0,48.0,NULL,False
191,0.0001832005531402117,candidate,1,2,58593749.98001918,nan,0.0034103271011019665,25.786631227853505,-0.899362075030048,1.125,True,boundary_peak,1.774960129689378,NULL,3.0,52.524960129689376,50.75,48.0,2.75,NULL,0,48.0,NULL,False
191,0.0001832005531402117,candidate,2,3,927734374.6836371,929457949.5290201,0.0010336205410819098,15.533992197166144,-11.268060171942693,17.8125,False,refined,0.7042537607464183,NULL,3.0,51.45425376074642,50.75,48.0,2.75,NULL,0,48.0,NULL,False
191,0.0001832005531402117,candidate,3,4,791015624.7302591,795825677.2861552,0.00095283375707718,14.827112267641454,-11.974940101467384,15.187500000000002,False,refined,0.7484337563417115,NULL,3.0,51.49843375634171,50.75,48.0,2.75,NULL,0,48.0,NULL,False
191,0.0001832005531402117,candidate,4,5,1718749999.413896,1719612134.6265655,0.0009022159472307728,14.338545519296835,-12.449072815747249,33.0,False,refined,0.75,NULL,3.0,51.5,50.75,48.0,2.75,NULL,0,48.0,NULL,False
191,0.0001832005531402117,NULL,5,0,nan,nan,nan,nan,nan,nan,False,NULL,0.25,NULL,0.0,48.0,50.75,48.0,2.75,NULL,0,48.0,NULL,True
192,0.0001832037531402128,candidate,0,1,58593749.98001918,nan,0.0025751072295719956,27.931921356524896,10.626563143641627,1.125,True,boundary_peak,1.71875,NULL,3.0,52.71875,51.6641601964776,48.25,3.414160196477603,NULL,0,48.25,NULL,False
192,0.0001832037531402128,candidate,1,2,1308593749.5537617,1304238482.3006647,0.0007576474414092173,17.467322937440528,-10.626563143641627,25.124999999999996,False,refined,0.6641601964776017,NULL,3.0,51.6641601964776,51.6641601964776,48.25,3.414160196477603,NULL,0,48.25,NULL,False
192,0.0001832037531402128,candidate,2,3,1093749999.627025,1091491904.661055,0.0007362121532593965,17.218039366974995,-10.87584671410716,21.0,False,refined,0.6797404196316975,NULL,3.0,51.6797404196317,51.6641601964776,48.25,3.414160196477603,NULL,0,48.25,NULL,False
192,0.0001832037531402128,candidate,3,4,1572265624.463848,1570368911.7783191,0.0006012261181928819,15.458736493435437,-12.635149587646719,30.1875,False,refined,0.75,NULL,3.0,51.75,51.6641601964776,48.25,3.414160196477603,NULL,0,48.25,NULL,False
192,0.0001832037531402128,candidate,4,5,937499999.6803069,938054912.1663587,0.0004903223458980716,13.687613442203963,-14.406272638878193,18.0,False,refined,0.75,NULL,3.0,51.75,51.6641601964776,48.25,3.414160196477603,NULL,0,48.25,NULL,False
192,0.0001832037531402128,NULL,5,0,nan,nan,nan,nan,nan,nan,False,NULL,0.25,NULL,0.0,48.25,51.6641601964776,48.25,3.414160196477603,NULL,0,48.25,NULL,True
193,0.00018320695314021388,candidate,0,1,58593749.98001918,nan,0.0015892243870270638,26.305802464829895,14.996492385904485,1.125,True,boundary_peak,1.71875,NULL,3.0,52.96875,52.0,48.5,3.5,NULL,0,48.5,NULL,False
193,0.00018320695314021388,candidate,1,2,1640624999.4405372,1642989024.5733972,0.00028272264909204314,11.494584629765567,-14.996492385904485,31.5,False,refined,0.75,NULL,3.0,52.0,52.0,48.5,3.5,NULL,0,48.5,NULL,False
193,0.00018320695314021388,candidate,2,3,1083984374.630355,1081515961.4151866,0.00028127605443877343,11.331995030187487,-15.041049187132227,20.8125,False,refined,0.75,NULL,3.0,52.0,52.0,48.5,3.5,NULL,0,48.5,NULL,False
193,0.00018320695314021388,candidate,3,4,1308593749.5537617,1309717020.6104767,0.00022653726841171572,9.570165789526417,-16.920911226143637,25.124999999999996,False,refined,0.8144751315710375,NULL,3.0,52.06447513157104,52.0,48.5,3.5,NULL,0,48.5,NULL,False
193,0.00018320695314021388,candidate,4,5,3935546873.657955,3933689105.1634383,0.00017577415930575792,7.028796304606386,-19.12460382644074,75.5625,False,refined,1.195680554309042,NULL,3.0,52.44568055430904,52.0,48.5,3.5,NULL,0,48.5,NULL,False
193,0.00018320695314021388,NULL,5,0,nan,nan,nan,nan,nan,nan,False,NULL,0.25,NULL,0.0,48.5,52.0,48.5,3.5,NULL,0,48.5,NULL,True
194,0.00018321015314021498,candidate,0,1,58593749.98001918,nan,0.0011581089966696374,23.83935931994518,14.318712171484531,1.125,True,boundary_peak,1.71875,NULL,3.0,53.21875,52.283696156872885,48.75,3.5336961568728853,NULL,0,48.75,NULL,False
194,0.00018321015314021498,candidate,1,2,1298828124.557092,1302505367.1060133,0.00022274800693915052,9.77535895418077,-14.318712171484531,24.9375,False,refined,0.7836961568728844,NULL,3.0,52.283696156872885,52.283696156872885,48.75,3.5336961568728853,NULL,0,48.75,NULL,False
194,0.00018321015314021498,candidate,2,3,1523437499.4804988,1526816871.3919895,0.00019203667189747454,8.37740100810926,-15.607305292174036,29.25,False,refined,0.993389848783611,NULL,3.0,52.49338984878361,52.283696156872885,48.75,3.5336961568728853,NULL,0,48.75,NULL,False
194,0.00018321015314021498,candidate,3,4,1083984374.630355,1087906397.4659088,0.00018825418438065395,8.089144654215499,-15.780095944711476,20.8125,False,refined,1.0366283018676752,NULL,3.0,52.53662830186767,52.283696156872885,48.75,3.5336961568728853,NULL,0,48.75,NULL,False
194,0.00018321015314021498,candidate,4,5,1650390624.437207,1652210993.3183284,0.00017343215523440693,7.3613181971364305,-16.492396286346942,31.6875,False,refined,1.1458022704295354,NULL,3.0,52.645802270429535,52.283696156872885,48.75,3.5336961568728853,NULL,0,48.75,NULL,False
194,0.00018321015314021498,NULL,5,0,nan,nan,nan,nan,nan,nan,False,NULL,0.25,NULL,0.0,48.75,52.283696156872885,48.75,3.5336961568728853,NULL,0,48.75,NULL,True
195,0.00018321335314021607,candidate,0,1,58593749.98001918,nan,0.0007738998222950581,20.457874455706182,13.720320713581255,1.125,True,boundary_peak,1.71875,NULL,3.0,53.46875,52.98084604533285,49.0,3.9808460453328465,NULL,0,49.0,NULL,False
195,0.00018321335314021607,candidate,1,2,4003906248.6346445,4002762448.1772537,0.00015946622420723655,6.737553742124929,-13.720320713581255,76.875,False,refined,1.2393669386812607,NULL,3.0,52.98936693868126,52.98084604533285,49.0,3.9808460453328465,NULL,0,49.0,NULL,False
195,0.00018321335314021607,candidate,2,3,4238281248.554721,4235599393.4850645,0.00015869069858128363,6.794359697781003,-13.76266549917224,81.375,False,refined,1.2308460453328496,NULL,3.0,52.98084604533285,52.98084604533285,49.0,3.9808460453328465,NULL,0,49.0,NULL,False
195,0.00018321335314021607,candidate,3,4,1396484374.5237906,1399402655.9213526,0.0001581431478063325,6.691613639441112,-13.792687356947306,26.8125,False,refined,1.2462579540838332,NULL,3.0,52.99625795408383,52.98084604533285,49.0,3.9808460453328465,NULL,0,49.0,NULL,False
195,0.00018321335314021607,candidate,4,5,4365234373.51143,4361540050.851658,0.00015526018957551094,6.531808299854784,-13.952492696533634,83.81250000000001,False,refined,1.2702287550217823,NULL,3.0,53.02022875502178,52.98084604533285,49.0,3.9808460453328465,NULL,0,49.0,NULL,False
195,0.00018321335314021607,NULL,5,0,nan,nan,nan,nan,nan,nan,False,NULL,0.25,NULL,0.0,49.0,52.98084604533285,49.0,3.9808460453328465,NULL,0,49.0,NULL,True
196,0.00018321655314021716,candidate,0,1,58593749.98001918,nan,0.0004890074339186854,18.20985710138619,9.399908665616161,1.125,True,boundary_peak,1.71875,NULL,3.0,53.71875,52.766002026235505,49.25,3.5160020262355047,NULL,0,49.25,NULL,False
196,0.00018321655314021716,candidate,1,2,4374999998.5081,4370240127.464222,0.00016569905365136688,8.809948435770032,-9.399908665616161,84.0,False,refined,0.7660020262355053,NULL,3.0,52.766002026235505,52.766002026235505,49.25,3.5160020262355047,NULL,0,49.25,NULL,False
196,0.00018321655314021716,candidate,2,3,4228515623.558051,4231160061.8919563,0.00015678241401070737,8.32949481618214,-9.880362285204054,81.1875,False,refined,0.8680984203979325,NULL,3.0,52.868098420397935,52.766002026235505,49.25,3.5160020262355047,NULL,0,49.25,NULL,False
196,0.00018321655314021716,candidate,3,4,1416015624.5171304,1420459047.8330116,0.00012928611544595355,6.73977684292665,-11.555271491664971,27.1875,False,refined,1.2112379417900632,NULL,3.0,53.21123794179006,52.766002026235505,49.25,3.5160020262355047,NULL,0,49.25,NULL,False
196,0.00018321655314021716,candidate,4,5,966796874.6703166,963230622.7164248,0.00012622543024675063,6.4317912184097015,-11.7633720330989,18.5625,False,refined,1.270442069307226,NULL,3.0,53.27044206930723,52.766002026235505,49.25,3.5160020262355047,NULL,0,49.25,NULL,False
196,0.00018321655314021716,NULL,5,0,nan,nan,nan,nan,nan,nan,False,NULL,0.25,NULL,0.0,49.25,52.766002026235505,49.25,3.5160020262355047,NULL,0,49.25,NULL,True
197,0.00018321975314021825,candidate,0,1,58593749.98001918,nan,0.00039418098503980384,17.184908059416884,8.73953076216539,1.125,True,boundary_peak,1.71875,NULL,3.0,53.96875,53.00414146143406,49.5,3.5041414614340596,NULL,0,49.5,NULL,False
197,0.00018321975314021825,candidate,1,2,4365234373.51143,4365510549.241906,0.0001441183005764458,8.613861408008523,-8.73953076216539,83.81250000000001,False,refined,0.7541414614340585,NULL,3.0,53.00414146143406,53.00414146143406,49.5,3.5041414614340596,NULL,0,49.5,NULL,False
197,0.00018321975314021825,candidate,2,3,1416015624.5171304,1411416919.9692652,0.0001281739486703566,7.51918080454514,-9.757918131246521,27.1875,False,refined,0.9819927625211365,NULL,3.0,53.23199276252114,53.00414146143406,49.5,3.5041414614340596,NULL,0,49.5,NULL,False
197,0.00018321975314021825,candidate,3,4,1992187499.3206522,1993767317.2843397,0.00012771791592275746,7.537352053997557,-9.78887694517141,38.25,False,refined,0.9812020009735796,NULL,3.0,53.23120200097358,53.00414146143406,49.5,3.5041414614340596,NULL,0,49.5,NULL,False
197,0.00018321975314021825,candidate,4,5,5351562498.175086,5348050041.417981,0.00012312222064949692,7.22706529906926,-10.107184611146396,102.75,False,refined,1.0476392433362607,NULL,3.0,53.29763924333626,53.00414146143406,49.5,3.5041414614340596,NULL,0,49.5,NULL,False
197,0.00018321975314021825,NULL,5,0,nan,nan,nan,nan,nan,nan,False,NULL,0.25,NULL,0.0,49.5,53.00414146143406,49.5,3.5041414614340596,NULL,0,49.5,NULL,True
198,0.00018322295314021934,candidate,0,1,58593749.98001918,nan,0.00036532511724942236,16.318222441841527,6.234291958190585,1.125,True,boundary_peak,1.71875,NULL,3.0,54.21875,52.889643247386914,49.75,3.139643247386914,NULL,0,49.75,NULL,False
198,0.00018322295314021934,candidate,1,2,5283203123.198397,5284748991.336244,0.00017822348614320735,10.319362147005249,-6.234291958190585,101.4375,False,refined,0.3896432473869116,NULL,3.0,52.889643247386914,52.889643247386914,49.75,3.139643247386914,NULL,0,49.75,NULL,False
198,0.00018322295314021934,candidate,2,3,1982421874.3239825,1986572435.484589,0.00015272039219251055,8.972169863172503,-7.575650033488737,38.0625,False,refined,0.6276526476171705,NULL,3.0,53.12765264761717,52.889643247386914,49.75,3.139643247386914,NULL,0,49.75,NULL,False
198,0.00018322295314021934,candidate,3,4,4619140623.424846,4619627591.221845,0.00013726312978907734,7.963403295189844,-8.502512703326381,88.6875,False,refined,0.8368965496794223,NULL,3.0,53.33689654967942,52.889643247386914,49.75,3.139643247386914,NULL,0,49.75,NULL,False
198,0.00018322295314021934,candidate,4,5,5703124998.055201,5700778522.714135,0.00012355372101948935,7.075823969283208,-9.41647405869622,109.5,False,refined,1.0271560332760326,NULL,3.0,53.527156033276036,52.889643247386914,49.75,3.139643247386914,NULL,0,49.75,NULL,False
198,0.00018322295314021934,NULL,5,0,nan,nan,nan,nan,nan,nan,False,NULL,0.25,NULL,0.0,49.75,52.889643247386914,49.75,3.139643247386914,NULL,0,49.75,NULL,True
199,0.00018322615314022043,candidate,0,1,58593749.98001918,nan,0.00033387550059598743,15.67042675612809,4.22333501950483,1.125,True,boundary_peak,1.71875,NULL,3.0,54.46875,53.01395843871905,50.0,3.013958438719051,NULL,0,50.0,NULL,False
199,0.00018322615314022043,candidate,1,2,5244140623.211717,5240603530.251623,0.00020531363931712885,11.717035412610066,-4.22333501950483,100.68749999999999,False,refined,0.2639584387190519,NULL,3.0,53.01395843871905,53.01395843871905,50.0,3.013958438719051,NULL,0,50.0,NULL,False
199,0.00018322615314022043,candidate,2,3,4609374998.428176,4606508168.4501,0.00018106246701480905,10.613337304319836,-5.315122375182204,88.5,False,refined,0.33219514844888776,NULL,3.0,53.08219514844889,53.01395843871905,50.0,3.013958438719051,NULL,0,50.0,NULL,False
199,0.00018322615314022043,candidate,3,4,1982421874.3239825,1983268794.2364376,0.0001615926547688886,9.601779305397544,-6.3032587251379635,38.0625,False,refined,0.4536867745114911,NULL,3.0,53.20368677451149,53.01395843871905,50.0,3.013958438719051,NULL,0,50.0,NULL,False
199,0.00018322615314022043,candidate,4,5,5849609373.005249,5850690833.388235,0.0001374021529699699,8.216639391451457,-7.711820288050584,112.3125,False,refined,0.749492859285443,NULL,3.0,53.499492859285446,53.01395843871905,50.0,3.013958438719051,NULL,0,50.0,NULL,False
199,0.00018322615314022043,NULL,5,0,nan,nan,nan,nan,nan,nan,False,NULL,0.25,NULL,0.0,50.0,53.01395843871905,50.0,3.013958438719051,NULL,0,50.0,NULL,True
200,0.00018322935314022152,candidate,0,1,58593749.98001918,nan,0.0002657814628014022,14.577164749130889,1.4329407016863271,1.125,True,boundary_peak,1.71875,NULL,3.0,54.71875,53.089558793855396,50.25,2.839558793855396,NULL,0,50.25,NULL,False
200,0.00018322935314022152,candidate,1,2,5224609373.218377,5229027108.4103365,0.00022536042461991274,13.194610421265525,-1.4329407016863271,100.3125,False,refined,0.08955879385539545,NULL,3.0,53.089558793855396,53.089558793855396,50.25,2.839558793855396,NULL,0,50.25,NULL,False
200,0.00018322935314022152,candidate,2,3,4648437498.414855,4652148175.31248,0.00016092502961037724,10.395035255618295,-4.358021792814242,89.24999999999999,False,refined,0.2723763620508901,NULL,3.0,53.27237636205089,53.089558793855396,50.25,2.839558793855396,NULL,0,50.25,NULL,False
200,0.00018322935314022152,candidate,3,4,4873046873.338263,4869506801.119756,0.00015497331183240333,10.028645444676814,-4.685355463883223,93.5625,False,refined,0.29283471649270143,NULL,3.0,53.2928347164927,53.089558793855396,50.25,2.839558793855396,NULL,0,50.25,NULL,False
200,0.00018322935314022152,candidate,4,5,3916015623.6646156,3919374694.0421295,0.00013457523007314037,8.768789908794066,-5.911191127668625,75.1875,False,refined,0.5541309591601792,NULL,3.0,53.554130959160176,53.089558793855396,50.25,2.839558793855396,NULL,0,50.25,NULL,False
200,0.00018322935314022152,NULL,5,0,nan,nan,nan,nan,nan,nan,False,NULL,0.25,NULL,0.0,50.25,53.089558793855396,50.25,2.839558793855396,NULL,0,50.25,NULL,True
201,0.00018323255314022261,candidate,0,1,58593749.98001918,nan,0.00022527484697647677,13.061809370934787,0.3259007446662743,1.125,True,boundary_peak,1.71875,NULL,3.0,54.96875,53.11099589624583,50.5,2.610995896245832,NULL,0,50.5,NULL,False
201,0.00018323255314022261,candidate,1,2,5234374998.215047,5232295603.245573,0.00021697898141777788,12.958491199084152,-0.3259007446662743,100.49999999999999,False,refined,0.020368796541642142,rank_2,0.0010683058487968,53.11099589624583,53.11099589624583,50.5,2.610995896245832,NULL,0,50.5,NULL,False
201,0.00018323255314022261,candidate,2,3,3896484373.6712756,3898832049.9137025,0.0001863642501310451,11.607307135733382,-1.6470019432396388,74.8125,False,refined,0.10293762145247742,NULL,3.0,53.352937621452476,53.11099589624583,50.5,2.610995896245832,NULL,0,50.5,NULL,False
201,0.00018323255314022261,candidate,3,4,4697265623.398205,4700855113.559796,0.00017171995636300282,10.919460239453809,-2.3578386782170657,90.1875,False,refined,0.1473649173885666,NULL,3.0,53.397364917388565,53.11099589624583,50.5,2.610995896245832,NULL,0,50.5,NULL,False
201,0.00018323255314022261,candidate,4,5,4873046873.338263,4869214270.907282,0.00014887327432214583,9.58529632659725,-3.5979192599964804,93.5625,False,refined,0.2870755047601925,NULL,3.0,53.537075504760196,53.11099589624583,50.5,2.610995896245832,NULL,0,50.5,NULL,False
201,0.00018323255314022261,NULL,5,0,nan,nan,nan,nan,nan,nan,False,NULL,0.25,NULL,0.0,50.5,53.11099589624583,50.5,2.610995896245832,NULL,0,50.5,NULL,True
202,0.0001832357531402237,candidate,0,1,58593749.98001918,nan,0.000245200267635808,13.863545792642036,1.0539724314976073,1.125,True,boundary_peak,1.71875,NULL,3.0,55.21875,53.298093489043204,50.75,2.548093489043204,NULL,0,50.75,NULL,False
202,0.0001832357531402237,candidate,1,2,5263671873.205057,5267112885.711149,0.00021718124494732403,13.003738311186135,-1.0539724314976073,101.0625,False,refined,0.06587327696860046,rank_2,0.12122431582877179,53.298093489043204,53.298093489043204,50.75,2.548093489043204,NULL,0,50.75,NULL,False
202,0.0001832357531402237,candidate,2,3,3896484373.6712756,3897878701.0225306,0.0001780300760037933,11.249832268698299,-2.78055125261762,74.8125,False,refined,0.17378445328860126,rank_3,9.088741082987529e-05,53.52681296215191,53.298093489043204,50.75,2.548093489043204,NULL,0,50.75,NULL,False
202,0.0001832357531402237,candidate,3,4,4433593748.488118,4437418804.216073,0.00012704252603282205,8.319588539918765,-5.71143638948616,85.125,False,refined,0.6090264933550702,NULL,3.0,54.10902649335507,53.298093489043204,50.75,2.548093489043204,NULL,0,50.75,NULL,False
202,0.0001832357531402237,candidate,4,5,4677734373.404865,4679609692.495454,0.00012356670048223586,8.073495087834504,-5.952389794370783,89.8125,False,refined,0.6610000989729984,rank_4,0.04513679162012079,54.10350180798169,53.298093489043204,50.75,2.548093489043204,NULL,0,50.75,NULL,False
202,0.0001832357531402237,NULL,5,0,nan,nan,nan,nan,nan,nan,False,NULL,0.25,NULL,0.0,50.75,53.298093489043204,50.75,2.548093489043204,NULL,0,50.75,NULL,True
203,0.0001832389531402248,candidate,0,1,5273437498.201727,5275725883.916289,0.00022542446566197716,12.566716409905698,0.7530610221863299,101.25,False,refined,0.0,rank_2,0.007418373808174682,53.305511862851375,53.305511862851375,51.0,2.3055118628513753,NULL,0,51.0,NULL,False
203,0.0001832389531402248,candidate,1,2,58593749.98001918,nan,0.00020670357969199618,11.657680556689769,-0.7530610221863299,1.125,True,boundary_peak,1.7658163138866456,NULL,3.0,55.515816313886646,53.305511862851375,51.0,2.3055118628513753,NULL,0,51.0,NULL,False
203,0.0001832389531402248,candidate,2,3,4462890623.478128,4467078796.788745,0.00014111671684333097,8.710235783238627,-4.068451702056457,85.68750000000001,False,refined,0.44774286389273454,NULL,3.0,54.197742863892735,53.305511862851375,51.0,2.3055118628513753,NULL,0,51.0,NULL,False
203,0.0001832389531402248,candidate,3,4,3925781248.6612854,3925542220.0292025,0.00013808469261472397,8.387113244810172,-4.257110228023615,75.375,False,refined,0.5080024025299502,rank_3,0.07652702838324978,54.11134239306511,53.305511862851375,51.0,2.3055118628513753,NULL,0,51.0,NULL,False
203,0.0001832389531402248,candidate,4,5,4208984373.5647116,4205549118.9791594,0.00012439176897705267,7.533990894646845,-5.164188098821132,80.8125,False,refined,0.692663121979294,NULL,3.0,54.442663121979294,53.305511862851375,51.0,2.3055118628513753,NULL,0,51.0,NULL,False
203,0.0001832389531402248,NULL,5,0,nan,nan,nan,nan,nan,nan,False,NULL,0.25,NULL,0.0,51.0,53.305511862851375,51.0,2.3055118628513753,NULL,0,51.0,NULL,True
204,0.0001832421531402259,candidate,0,1,5273437498.201727,5273627204.183005,0.0001921736350662005,11.122033755219478,1.4709914005156044,101.25,False,refined,0.0,rank_1,0.0004404456622896987,53.30595230851367,53.30595230851367,51.25,2.0559523085136675,NULL,0,51.25,NULL,False
204,0.0001832421531402259,candidate,1,2,58593749.98001918,nan,0.00016223488119997413,9.31823810997673,-1.4709914005156044,1.125,True,boundary_peak,1.9129512460357156,NULL,3.0,55.91295124603572,53.30595230851367,51.25,2.0559523085136675,NULL,0,51.25,NULL,False
204,0.0001832421531402259,candidate,2,3,4501953123.4648075,4498219422.318643,0.00014799646444369114,8.792165039601558,-2.2688492934609172,86.4375,False,refined,0.3229783249010736,NULL,3.0,54.32297832490107,53.30595230851367,51.25,2.0559523085136675,NULL,0,51.25,NULL,False
204,0.0001832421531402259,candidate,3,4,5419921873.151774,5423015445.483128,0.00014374688547737436,8.577865424256927,-2.521907227997593,104.0625,False,refined,0.37093938811131044,NULL,3.0,54.37093938811131,53.30595230851367,51.25,2.0559523085136675,NULL,0,51.25,NULL,False
204,0.0001832421531402259,candidate,4,5,3779296873.7112374,3778263879.346406,0.00013874378742942078,8.16669149352978,-2.8296051885683404,72.5625,False,refined,0.45184660025605417,NULL,3.0,54.451846600256054,53.30595230851367,51.25,2.0559523085136675,NULL,0,51.25,NULL,False
204,0.0001832421531402259,NULL,5,0,nan,nan,nan,nan,nan,nan,False,NULL,0.25,NULL,0.0,51.25,53.30595230851367,51.25,2.0559523085136675,NULL,0,51.25,NULL,True
205,0.00018324535314022698,candidate,0,1,58593749.98001918,nan,0.00017777701317061982,10.471868463296934,1.2206424432486251,1.125,True,boundary_peak,1.71875,NULL,3.0,55.96875,53.90359297762372,51.5,2.403592977623717,NULL,0,51.5,NULL,False
205,0.00018324535314022698,candidate,1,2,5195312498.228368,5198817804.198527,0.0001544697640559018,9.728009901815282,-1.2206424432486251,99.75,False,refined,0.11708866743074675,rank_1,0.5596446326037616,53.98268560854818,53.90359297762372,51.5,2.403592977623717,NULL,0,51.5,NULL,False
205,0.00018324535314022698,candidate,2,3,5761718748.03522,5759507405.063765,0.00014131713695374686,8.698441082598407,-1.9936155036681935,110.625,False,refined,0.31983480658950103,NULL,3.0,54.5698348065895,53.90359297762372,51.5,2.403592977623717,NULL,0,51.5,NULL,False
205,0.00018324535314022698,candidate,3,4,5439453123.145114,5440839089.207273,0.00013368125227687384,8.320427761760847,-2.4761020026644953,104.43749999999999,False,refined,0.40669221090240393,NULL,3.0,54.656692210902406,53.90359297762372,51.5,2.403592977623717,NULL,0,51.5,NULL,False
205,0.00018324535314022698,candidate,4,5,5302734373.191736,5306130908.4537325,0.00012607559627177673,7.9637608545333105,-2.9848914905305968,101.8125,False,refined,0.4919915899781657,rank_1,0.10564907913188869,53.90359297762372,53.90359297762372,51.5,2.403592977623717,NULL,0,51.5,NULL,False
205,0.00018324535314022698,NULL,5,0,nan,nan,nan,nan,nan,nan,False,NULL,0.25,NULL,0.0,51.5,53.90359297762372,51.5,2.403592977623717,NULL,0,51.5,NULL,True
206,0.00018324855314022807,candidate,0,1,5742187498.041881,5744949414.24236,0.00017405737458804236,11.05035906435699,0.661072624933654,110.25,False,refined,0.0,NULL,3.0,54.5,54.5,51.75,2.75,NULL,0,51.75,NULL,False
206,0.00018324855314022807,candidate,1,2,58593749.98001918,nan,0.00016130164529503941,10.164277291933521,-0.661072624933654,1.125,True,boundary_peak,1.7600670390583533,NULL,3.0,56.260067039058356,54.5,51.75,2.75,NULL,0,51.75,NULL,False
206,0.00018324855314022807,candidate,2,3,2421874999.174126,2423868246.0720477,0.00015678374776080544,10.081994346610497,-0.9078277378990052,46.49999999999999,False,refined,0.05673923361868782,NULL,3.0,54.556739233618686,54.5,51.75,2.75,NULL,0,51.75,NULL,False
206,0.00018324855314022807,candidate,3,4,2841796874.0309305,2843100880.9263134,0.00013994497952240202,9.10947161685102,-1.8947021118672769,54.5625,False,refined,0.2519981394640519,NULL,3.0,54.75199813946405,54.5,51.75,2.75,NULL,0,51.75,NULL,False
206,0.00018324855314022807,candidate,4,5,2060546874.2973413,2060351895.6037636,0.00012973798170813467,8.627494567033382,-2.5525058208658447,39.5625,False,refined,0.3654074287491079,NULL,3.0,54.86540742874911,54.5,51.75,2.75,NULL,0,51.75,NULL,False
206,0.00018324855314022807,NULL,5,0,nan,nan,nan,nan,nan,nan,False,NULL,0.25,NULL,0.0,51.75,54.5,51.75,2.75,NULL,0,51.75,NULL,True
207,0.00018325175314022916,candidate,0,1,4619140623.424846,4622548535.980151,0.00018662518878948174,11.123048470575254,0.727727588865914,88.6875,False,refined,0.0,NULL,3.0,54.75,54.57347386482269,52.0,2.573473864822688,NULL,0,52.0,NULL,False
207,0.00018325175314022916,candidate,1,2,2441406249.167466,2436683313.334647,0.0001716263161069954,10.39532088170934,-0.727727588865914,46.875,False,refined,0.04548297430411963,rank_3,0.016422594894494866,54.6186448028173,54.57347386482269,52.0,2.573473864822688,NULL,0,52.0,NULL,False
207,0.00018325175314022916,candidate,2,3,5732421873.04521,5728837187.98177,0.00017098557571865763,10.304615822531087,-0.7602157010471,110.06249999999999,False,refined,0.04751348131544375,rank_1,0.025960383507246384,54.57347386482269,54.57347386482269,52.0,2.573473864822688,NULL,0,52.0,NULL,False
207,0.00018325175314022916,candidate,3,4,58593749.98001918,nan,0.00015157156285518973,8.930354069227278,-1.8070506283380272,1.125,True,boundary_peak,1.992137553887035,NULL,3.0,56.742137553887034,54.57347386482269,52.0,2.573473864822688,NULL,0,52.0,NULL,False
207,0.00018325175314022916,candidate,4,5,2832031249.0342607,2833397156.1281157,0.0001471370886450293,9.058086440171937,-2.0649620304033167,54.375,False,refined,0.2703471608744167,NULL,3.0,55.020347160874415,54.57347386482269,52.0,2.573473864822688,NULL,0,52.0,NULL,False
207,0.00018325175314022916,NULL,5,0,nan,nan,nan,nan,nan,nan,False,NULL,0.25,NULL,0.0,52.0,54.57347386482269,52.0,2.573473864822688,NULL,0,52.0,NULL,True
208,0.00018325495314023025,candidate,0,1,4609374998.428176,4609933149.898527,0.00024555357151716885,12.388389646181315,2.5677466455321696,88.5,False,refined,0.0,rank_1,0.01591479659884333,54.76591479659884,54.76591479659884,52.25,2.5159147965988424,NULL,0,52.25,NULL,False
208,0.00018325495314023025,candidate,1,2,1474609374.4971495,1475764664.437554,0.00018270857185206926,9.819521665199549,-2.5677466455321696,28.3125,False,refined,0.1875559155658283,NULL,3.0,55.18755591556583,54.76591479659884,52.25,2.5159147965988424,NULL,0,52.25,NULL,False
208,0.00018325495314023025,candidate,2,3,58593749.98001918,nan,0.00018169608619950304,9.570803404813963,-2.616013653510727,1.125,True,boundary_peak,1.946630342622326,NULL,3.0,56.94663034262233,54.76591479659884,52.25,2.5159147965988424,NULL,0,52.25,NULL,False
208,0.00018325495314023025,candidate,3,4,3378906248.847773,3378405845.1756315,0.00015435313581627338,8.372957629244961,-4.032615964981536,64.875,False,refined,0.4960948534246018,NULL,3.0,55.4960948534246,54.76591479659884,52.25,2.5159147965988424,NULL,0,52.25,NULL,False
208,0.00018325495314023025,candidate,4,5,2441406249.167466,2441413088.789173,0.00015106003084517535,8.167334587109467,-4.219933723622251,46.875,False,refined,0.5386456696599706,rank_2,0.0022370775850236134,55.15952755006229,54.76591479659884,52.25,2.5159147965988424,NULL,0,52.25,NULL,False
208,0.00018325495314023025,NULL,5,0,nan,nan,nan,nan,nan,nan,False,NULL,0.25,NULL,0.0,52.25,54.76591479659884,52.25,2.5159147965988424,NULL,0,52.25,NULL,True
209,0.00018325815314023134,candidate,0,1,4609374998.428176,4609486639.703071,0.00025128822213049955,12.708939802971937,2.1588672442046253,88.5,False,refined,0.0,rank_1,1.9937135464660616e-05,54.765934733734305,54.765934733734305,52.5,2.265934733734305,NULL,0,52.5,NULL,False
209,0.00018325815314023134,candidate,1,2,1484374999.4938195,1489204688.3369703,0.00019598767977669073,10.48237646090488,-2.1588672442046253,28.500000000000004,False,refined,0.13492920276278908,rank_2,0.01806342424168853,55.34054854257031,54.765934733734305,52.5,2.265934733734305,NULL,0,52.5,NULL,False
209,0.00018325815314023134,candidate,2,3,58593749.98001918,nan,0.00017848088314508998,9.511488179964518,-2.9716085496128297,1.125,True,boundary_peak,1.9777523073561243,NULL,3.0,57.22775230735613,54.765934733734305,52.5,2.265934733734305,NULL,0,52.5,NULL,False
209,0.00018325815314023134,candidate,3,4,3378906248.847773,3377425855.1702976,0.0001662729828762899,9.25072885262571,-3.587008915291925,64.875,False,refined,0.3365787293118889,NULL,3.0,55.58657872931189,54.765934733734305,52.5,2.265934733734305,NULL,0,52.5,NULL,False
209,0.00018325815314023134,candidate,4,5,3925781248.6612854,3925133708.2494645,0.00015682389700102058,8.613741962310613,-4.095197840661324,75.375,False,refined,0.4638885706947409,NULL,3.0,55.71388857069474,54.765934733734305,52.5,2.265934733734305,NULL,0,52.5,NULL,False
209,0.00018325815314023134,NULL,5,0,nan,nan,nan,nan,nan,nan,False,NULL,0.25,NULL,0.0,52.5,54.765934733734305,52.5,2.265934733734305,NULL,0,52.5,NULL,True
210,0.00018326135314023244,candidate,0,1,4619140623.424846,4616815985.400114,0.0001959909777042738,10.303950468713934,0.6166116291433177,88.6875,False,refined,0.0,rank_1,0.005371930834676887,54.77130666456898,54.77130666456898,52.75,2.021306664568982,NULL,0,52.75,NULL,False
210,0.00018326135314023244,candidate,1,2,58593749.98001918,nan,0.00018255994571845374,9.559492156724039,-0.6166116291433177,1.125,True,boundary_peak,1.8233644033128515,NULL,3.0,57.32336440331285,54.77130666456898,52.75,2.021306664568982,NULL,0,52.75,NULL,False
210,0.00018326135314023244,candidate,2,3,3935546873.657955,3936004721.680988,0.00017543398335820624,9.437513974407725,-0.9624470986927225,75.5625,False,refined,0.14452584750713637,NULL,3.0,55.64452584750714,54.77130666456898,52.75,2.021306664568982,NULL,0,52.75,NULL,False
210,0.00018326135314023244,candidate,3,4,5273437498.201727,5277316044.608206,0.0001723148795202729,9.195886264242903,-1.118265973513406,101.25,False,refined,0.19050868370815244,NULL,3.0,55.69050868370815,54.77130666456898,52.75,2.021306664568982,NULL,0,52.75,NULL,False
210,0.00018326135314023244,candidate,4,5,1503906249.487159,1508368493.961831,0.00016566653096034567,8.926423757915751,-1.4600260228041684,28.874999999999996,False,refined,0.25228806273789783,rank_2,0.0367251446027445,55.62956174991095,54.77130666456898,52.75,2.021306664568982,NULL,0,52.75,NULL,False
210,0.00018326135314023244,NULL,5,0,nan,nan,nan,nan,nan,nan,False,NULL,0.25,NULL,0.0,52.75,54.77130666456898,52.75,2.021306664568982,NULL,0,52.75,NULL,True
211,0.00018326455314023353,candidate,0,1,58593749.98001918,nan,0.0002010853844164066,9.983272038554043,0.6864874457941728,1.125,True,boundary_peak,1.7212591942168936,NULL,3.0,57.47125919421689,55.82205105053168,53.0,2.8220510505316767,NULL,0,53.0,NULL,False
211,0.00018326455314023353,candidate,1,2,5263671873.205057,5267369000.854127,0.00018580445955248637,9.475049776554432,-0.6864874457941728,101.0625,False,refined,0.12164799887897104,rank_4,0.009894367944555935,55.82205105053168,55.82205105053168,53.0,2.8220510505316767,NULL,0,53.0,NULL,False
211,0.00018326455314023353,candidate,2,3,3974609373.6446347,3970613729.865974,0.00016323280858708048,8.383005546083409,-1.8114610508804674,76.3125,False,refined,0.35576548376751793,NULL,3.0,56.10576548376752,55.82205105053168,53.0,2.8220510505316767,NULL,0,53.0,NULL,False
211,0.00018326455314023353,candidate,3,4,5498046873.1251335,5495677915.863059,0.00015174192519840538,7.647063717810054,-2.445498318350463,105.5625,False,refined,0.5057840872253958,NULL,3.0,56.25578408722539,55.82205105053168,53.0,2.8220510505316767,NULL,0,53.0,NULL,False
211,0.00018326455314023353,candidate,4,5,5146484373.245018,5147272493.188567,0.00014132992047727973,7.131538774521626,-3.0629278224422496,98.81249999999999,False,refined,0.6217021727243967,NULL,3.0,56.3717021727244,55.82205105053168,53.0,2.8220510505316767,NULL,0,53.0,NULL,False
211,0.00018326455314023353,NULL,5,0,nan,nan,nan,nan,nan,nan,False,NULL,0.25,NULL,0.0,53.0,55.82205105053168,53.0,2.8220510505316767,NULL,0,53.0,NULL,True
212,0.00018326775314023462,candidate,0,1,58593749.98001918,nan,0.0001771026631359117,9.98075722371003,1.1263135836078675,1.125,True,boundary_peak,1.7216364164434954,NULL,3.0,57.721636416443495,56.069293876587444,53.25,2.8192938765874445,NULL,0,53.25,NULL,False
212,0.00018326775314023462,candidate,1,2,5488281248.128464,5486543946.511109,0.00015556411142352873,9.094066917118857,-1.1263135836078675,105.375,False,refined,0.20628456140766316,NULL,3.0,56.206284561407664,56.069293876587444,53.25,2.8192938765874445,NULL,0,53.25,NULL,False
212,0.00018326775314023462,candidate,2,3,5273437498.201727,5276889554.810385,0.0001528990905045369,8.943976705896732,-1.2764037948299922,101.25,False,refined,0.23817873129236466,rank_2,0.009064094763401642,56.069293876587444,56.069293876587444,53.25,2.8192938765874445,NULL,0,53.25,NULL,False
212,0.00018326775314023462,candidate,3,4,4013671873.6313143,4014576455.5783806,0.00014592807422518297,8.515651448268402,-1.6817248118881878,77.0625,False,refined,0.32776008350275143,NULL,3.0,56.32776008350275,56.069293876587444,53.25,2.8192938765874445,NULL,0,53.25,NULL,False
212,0.00018326775314023462,candidate,4,5,5126953123.251678,5127068912.643095,0.00014014638148473048,8.164512202669494,-2.032864057487096,98.4375,False,refined,0.4023771731925194,NULL,3.0,56.40237717319252,56.069293876587444,53.25,2.8192938765874445,NULL,0,53.25,NULL,False
212,0.00018326775314023462,NULL,5,0,nan,nan,nan,nan,nan,nan,False,NULL,0.25,NULL,0.0,53.25,56.069293876587444,53.25,2.8192938765874445,NULL,0,53.25,NULL,True
213,0.0001832709531402357,candidate,0,1,5781249998.02856,5779696291.5138035,0.00015895050094574256,10.058390866650884,0.5290953992408731,111.0,False,refined,0.0,NULL,3.0,56.25,56.25,53.5,2.75,NULL,0,53.5,NULL,False
213,0.0001832709531402357,candidate,1,2,4814453123.358243,4810980215.788952,0.0001495571329447773,9.582074859398686,-0.5290953992408731,92.4375,False,refined,0.09575723354275167,NULL,3.0,56.34575723354275,56.25,53.5,2.75,NULL,0,53.5,NULL,False
213,0.0001832709531402357,candidate,2,3,4355468748.514759,4355321215.85399,0.00014498391555639917,9.246561144580205,-0.7988415295004625,83.62499999999999,False,refined,0.1629434239067481,NULL,3.0,56.412943423906746,56.25,53.5,2.75,NULL,0,53.5,NULL,False
213,0.0001832709531402357,candidate,3,4,5458984373.138454,5458851484.691366,0.00013906721660174358,8.889933082553876,-1.160742770637686,104.8125,False,refined,0.239056460781774,NULL,3.0,56.489056460781775,56.25,53.5,2.75,NULL,0,53.5,NULL,False
213,0.0001832709531402357,candidate,4,5,58593749.98001918,nan,0.0001224316070458627,7.633942456804315,-2.2673670171599625,1.125,True,boundary_peak,2.2153690700518505,NULL,3.0,58.46536907005185,56.25,53.5,2.75,NULL,0,53.5,NULL,False
213,0.0001832709531402357,NULL,5,0,nan,nan,nan,nan,nan,nan,False,NULL,0.25,NULL,0.0,53.5,56.25,53.5,2.75,NULL,0,53.5,NULL,True
214,0.0001832741531402368,candidate,0,1,4775390623.371564,4775337296.73353,0.0001820201556731582,10.58878265594882,0.6285187710000795,91.6875,False,refined,0.0,rank_2,0.12704176787913526,56.47279900142188,56.38994389513138,53.75,2.639943895131381,NULL,0,53.75,NULL,False
214,0.0001832741531402368,candidate,1,2,4355468748.514759,4357784688.711762,0.00016931426236909818,9.893918655918537,-0.6285187710000795,83.62499999999999,False,refined,0.05519462479972448,rank_3,0.0006068698520983421,56.46874491855857,56.38994389513138,53.75,2.639943895131381,NULL,0,53.75,NULL,False
214,0.0001832741531402368,candidate,2,3,5771484373.03189,5775628436.211938,0.00016099051641982941,9.522398896664042,-1.0663837592847791,110.8125,False,refined,0.13828915045569246,rank_1,0.0016547446756915891,56.38994389513138,56.38994389513138,53.75,2.639943895131381,NULL,0,53.75,NULL,False
214,0.0001832741531402368,candidate,3,4,5595703123.091832,5591197971.866752,0.00012791895852358345,7.414170996270046,-3.0636913320211256,107.4375,False,refined,0.5793550588108134,NULL,3.0,57.07935505881081,56.38994389513138,53.75,2.639943895131381,NULL,0,53.75,NULL,False
214,0.0001832741531402368,candidate,4,5,5878906247.995258,5881701657.583375,0.0001257196652641326,7.308112117919796,-3.21432530899882,112.875,False,refined,0.6046785141244568,NULL,3.0,57.10467851412446,56.38994389513138,53.75,2.639943895131381,NULL,0,53.75,NULL,False
214,0.0001832741531402368,NULL,5,0,nan,nan,nan,nan,nan,nan,False,NULL,0.25,NULL,0.0,53.75,56.38994389513138,53.75,2.639943895131381,NULL,0,53.75,NULL,True
215,0.0001832773531402379,candidate,0,1,4765624998.374894,4763461610.9032755,0.00019455265402886448,10.166446349658331,0.9412185726972844,91.5,False,refined,0.0,rank_1,0.014103191393890883,56.486902192815776,56.486902192815776,54.0,2.4869021928157764,NULL,0,54.0,NULL,False
215,0.0001832773531402379,candidate,1,2,4374999998.5081,4375780903.850973,0.00017457266066773293,9.318522702918068,-0.9412185726972844,84.0,False,refined,0.16104775535587001,rank_2,0.03238637593367564,56.66217904984811,56.486902192815776,54.0,2.4869021928157764,NULL,0,54.0,NULL,False
215,0.0001832773531402379,candidate,2,3,5771484373.03189,5771321781.221125,0.00015318932134031712,8.107987149047622,-2.076173350712427,110.8125,False,refined,0.4135627620623834,rank_3,0.0018547277209896719,56.805361384914754,56.486902192815776,54.0,2.4869021928157764,NULL,0,54.0,NULL,False
215,0.0001832773531402379,candidate,3,4,5615234373.085172,5613727437.78408,0.0001525244069669456,8.116715514779749,-2.1139562923196475,107.8125,False,refined,0.41461494105301566,NULL,3.0,57.16461494105302,56.486902192815776,54.0,2.4869021928157764,NULL,0,54.0,NULL,False
215,0.0001832773531402379,candidate,4,5,5898437497.988598,5898064934.144319,0.000137414188150622,7.164048833314647,-3.020111666445402,113.25,False,refined,0.6141496541556406,NULL,3.0,57.36414965415564,56.486902192815776,54.0,2.4869021928157764,NULL,0,54.0,NULL,False
215,0.0001832773531402379,NULL,5,0,nan,nan,nan,nan,nan,nan,False,NULL,0.25,NULL,0.0,54.0,56.486902192815776,54.0,2.4869021928157764,NULL,0,54.0,NULL,True
216,0.00018328055314023898,candidate,0,1,5615234373.085172,5618197167.497943,0.00017677477946455143,8.654354468072372,1.0224458967062144,107.8125,False,refined,0.20184682978914426,NULL,3.0,57.20184682978915,56.979096657981756,54.25,2.7290966579817564,NULL,0,54.25,NULL,False
216,0.00018328055314023898,candidate,1,2,5224609373.218377,5226947382.324388,0.00015714407440790034,7.714567215190868,-1.0224458967062144,100.3125,False,refined,0.40671778626550814,NULL,3.0,57.40671778626551,56.979096657981756,54.25,2.7290966579817564,NULL,0,54.25,NULL,False
216,0.00018328055314023898,candidate,2,3,4980468748.301631,4977943783.570933,0.00015377210507562522,7.526158223945831,-1.2108548879512515,95.625,False,refined,0.4467546969050785,NULL,3.0,57.44675469690508,56.979096657981756,54.25,2.7290966579817564,NULL,0,54.25,NULL,False
216,0.00018328055314023898,candidate,3,4,4775390623.371564,4772976242.808866,0.00014995054693705485,7.374657795313162,-1.4294449989291191,91.6875,False,refined,0.48314164313609564,rank_1,0.009052822029887228,56.979096657981756,56.979096657981756,54.25,2.7290966579817564,NULL,0,54.25,NULL,False
216,0.00018328055314023898,candidate,4,5,1464843749.5004797,1465234076.0805914,0.00014938191532298144,7.365482430617343,-1.4624456120168894,28.125,False,refined,0.4865804861584542,NULL,3.0,57.48658048615845,56.979096657981756,54.25,2.7290966579817564,NULL,0,54.25,NULL,False
216,0.00018328055314023898,NULL,5,0,nan,nan,nan,nan,nan,nan,False,NULL,0.25,NULL,0.0,54.25,56.979096657981756,54.25,2.7290966579817564,NULL,0,54.25,NULL,True
217,0.00018328375314024007,candidate,0,1,5244140623.211717,5240819735.1289835,0.00020441366204511748,9.052154325678252,1.176190341472152,100.68749999999999,False,refined,0.14217685114826217,NULL,3.0,57.392176851148264,57.392176851148264,54.5,2.892176851148264,NULL,0,54.5,NULL,False
217,0.00018328375314024007,candidate,1,2,58593749.98001918,nan,0.00017852555897548538,7.5043205031448945,-1.176190341472152,1.125,True,boundary_peak,2.166613820870275,NULL,3.0,59.416613820870275,57.392176851148264,54.5,2.892176851148264,NULL,0,54.5,NULL,False
217,0.00018328375314024007,candidate,2,3,4501953123.4648075,4500205169.285939,0.00017442578664152094,7.619734827647555,-1.3779845670140212,86.4375,False,refined,0.44316381129124305,NULL,3.0,57.69316381129124,57.392176851148264,54.5,2.892176851148264,NULL,0,54.5,NULL,False
217,0.00018328375314024007,candidate,3,4,2529296874.137495,2531164397.491982,0.0001725511013171045,7.484514366875574,-1.4718436616472719,48.5625,False,refined,0.46931307382161835,NULL,3.0,57.71931307382162,57.392176851148264,54.5,2.892176851148264,NULL,0,54.5,NULL,False
217,0.00018328375314024007,candidate,4,5,4980468748.301631,4978069510.052038,0.00016958100165534898,7.452119975664795,-1.6226544493288575,95.625,False,refined,0.48359790673333436,NULL,3.0,57.73359790673334,57.392176851148264,54.5,2.892176851148264,NULL,0,54.5,NULL,False
217,0.00018328375314024007,NULL,5,0,nan,nan,nan,nan,nan,nan,False,NULL,0.25,NULL,0.0,54.5,57.392176851148264,54.5,2.892176851148264,NULL,0,54.5,NULL,True
218,0.00018328695314024116,candidate,0,1,5244140623.211717,5242746757.228485,0.00021859327929863148,10.365075694125139,1.6317095054491926,100.68749999999999,False,refined,0.0,rank_1,0.0003713414171967592,57.392548192565464,57.392548192565464,54.75,2.6425481925654637,NULL,0,54.75,NULL,False
218,0.00018328695314024116,candidate,1,2,4335937498.52142,4340180314.164456,0.00018115541908792553,8.747154721974466,-1.6317095054491926,83.25,False,refined,0.2899086357944046,NULL,3.0,57.789908635794404,57.392548192565464,54.75,2.6425481925654637,NULL,0,54.75,NULL,False
218,0.00018328695314024116,candidate,2,3,5937499997.975278,5935329262.739458,0.00018035935386513023,8.69511300311749,-1.6699626910076493,114.00000000000001,False,refined,0.30010571772035466,NULL,3.0,57.800105717720356,57.392548192565464,54.75,2.6425481925654637,NULL,0,54.75,NULL,False
218,0.00018328695314024116,candidate,3,4,4501953123.4648075,4504995376.774341,0.0001761924111748107,8.365356425959831,-1.8729921291140705,86.4375,False,refined,0.36225854417565473,NULL,3.0,57.86225854417565,57.392548192565464,54.75,2.6425481925654637,NULL,0,54.75,NULL,False
218,0.00018328695314024116,candidate,4,5,58593749.98001918,nan,0.0001718282027926302,8.075214347280824,-2.090847152862132,1.125,True,boundary_peak,2.1381457949617597,NULL,3.0,59.63814579496176,57.392548192565464,54.75,2.6425481925654637,NULL,0,54.75,NULL,False
218,0.00018328695314024116,NULL,5,0,nan,nan,nan,nan,nan,nan,False,NULL,0.25,NULL,0.0,54.75,57.392548192565464,54.75,2.6425481925654637,NULL,0,54.75,NULL,True
219,0.00018329015314024226,candidate,0,1,4345703123.518089,4347338071.431035,0.00021160388251400877,11.797109656326512,0.7686595323090994,83.4375,False,refined,0.0,NULL,3.0,57.75,57.6215527592584,55.0,2.6215527592583996,NULL,0,55.0,NULL,False
219,0.00018329015314024226,candidate,1,2,4501953123.4648075,4498295532.427326,0.0001936826217703102,10.918487280143117,-0.7686595323090994,86.4375,False,refined,0.048041220769318715,NULL,3.0,57.79804122076932,57.6215527592584,55.0,2.6215527592583996,NULL,0,55.0,NULL,False
219,0.00018329015314024226,candidate,2,3,5917968747.981937,5921738835.069948,0.00017576433208974193,10.075289138085406,-1.61185767436681,113.62499999999999,False,refined,0.10074110464792563,NULL,3.0,57.85074110464792,57.6215527592584,55.0,2.6215527592583996,NULL,0,55.0,NULL,False
219,0.00018329015314024226,candidate,3,4,5507812498.121803,5512059647.736392,0.00016952142895118952,9.871129109201755,-1.925980547124757,105.75,False,refined,0.13970441781503407,NULL,3.0,57.88970441781503,57.6215527592584,55.0,2.6215527592583996,NULL,0,55.0,NULL,False
219,0.00018329015314024226,candidate,4,5,5263671873.205057,5259190082.823861,0.00016432517016874712,9.56872103640885,-2.1963908238514307,101.0625,False,refined,0.20196627102938702,rank_1,0.0270382956635548,57.6215527592584,57.6215527592584,55.0,2.6215527592583996,NULL,0,55.0,NULL,False
219,0.00018329015314024226,NULL,5,0,nan,nan,nan,nan,nan,nan,False,NULL,0.25,NULL,0.0,55.0,57.6215527592584,55.0,2.6215527592583996,NULL,0,55.0,NULL,True
220,0.00018329335314024335,candidate,0,1,4355468748.514759,4354328924.038208,0.0002133352906025352,12.071716582532499,0.13830296163633626,83.62499999999999,False,refined,0.0,rank_1,0.004887202017521706,57.75488720201752,57.75488720201752,55.25,2.504887202017521,NULL,0,55.25,NULL,False
220,0.00018329335314024335,candidate,1,2,4492187498.468138,4495612416.014811,0.0002099653139595337,11.899539124187681,-0.13830296163633626,86.25,False,refined,0.008643935102271016,rank_2,0.00071991136831108,57.807405067239905,57.75488720201752,55.25,2.504887202017521,NULL,0,55.25,NULL,False
220,0.00018329335314024335,candidate,2,3,5917968747.981937,5915065968.454281,0.00016506778937427135,9.626988425737517,-2.2280073722687366,113.62499999999999,False,refined,0.19520219690616847,rank_3,0.004452714887048774,58.05039601644114,57.75488720201752,55.25,2.504887202017521,NULL,0,55.25,NULL,False
220,0.00018329335314024335,candidate,3,4,4804687498.361573,4807711332.663992,0.0001458677805317694,8.552929221597108,-3.302066576409146,92.25,False,refined,0.4234397777860055,NULL,3.0,58.42343977778601,57.75488720201752,55.25,2.504887202017521,NULL,0,55.25,NULL,False
220,0.00018329335314024335,candidate,4,5,3828124998.6945868,3824911064.1368423,0.0001396337264056883,8.249284152243623,-3.681447511487912,73.5,False,refined,0.492697846631451,NULL,3.0,58.49269784663145,57.75488720201752,55.25,2.504887202017521,NULL,0,55.25,NULL,False
220,0.00018329335314024335,NULL,5,0,nan,nan,nan,nan,nan,nan,False,NULL,0.25,NULL,0.0,55.25,57.75488720201752,55.25,2.504887202017521,NULL,0,55.25,NULL,True
221,0.00018329655314024444,candidate,0,1,4492187498.468138,4496023904.405285,0.00020616585493507409,11.752020875685218,1.567778487048166,86.25,False,refined,0.0,rank_2,1.6932269549514595e-05,57.80742199950946,57.80742199950946,55.5,2.307421999509458,NULL,0,55.5,NULL,False
221,0.00018329655314024444,candidate,1,2,4355468748.514759,4354544578.393245,0.00017211860398465373,10.1892498528432,-1.567778487048166,83.62499999999999,False,refined,0.09798615544051037,rank_1,4.650680084631038e-06,57.85287800813811,57.80742199950946,55.5,2.307421999509458,NULL,0,55.5,NULL,False
221,0.00018329655314024444,candidate,2,3,58593749.98001918,nan,0.00017112059707151539,9.886524725330252,-1.6182890482409018,1.125,True,boundary_peak,1.8369143567155186,NULL,3.0,60.08691435671552,57.80742199950946,55.5,2.307421999509458,NULL,0,55.5,NULL,False
221,0.00018329655314024444,candidate,3,4,4951171873.311622,4949124246.018285,0.00016329373094930015,9.727076328401631,-2.024944547283587,95.06250000000001,False,refined,0.16749758494497946,NULL,3.0,58.41749758494498,57.80742199950946,55.5,2.307421999509458,NULL,0,55.5,NULL,False
221,0.00018329655314024444,candidate,4,5,4824218748.354913,4825800310.970678,0.00015420214077116207,9.241849872681067,-2.5225267258686923,92.625,False,refined,0.2713804394646332,NULL,3.0,58.521380439464636,57.80742199950946,55.5,2.307421999509458,NULL,0,55.5,NULL,False
221,0.00018329655314024444,NULL,5,0,nan,nan,nan,nan,nan,nan,False,NULL,0.25,NULL,0.0,55.5,57.80742199950946,55.5,2.307421999509458,NULL,0,55.5,NULL,True
222,0.00018329975314024553,candidate,0,1,4511718748.461477,4507326605.632937,0.00018515425837109254,10.57301890430983,0.08341111405917978,86.625,False,refined,0.0,rank_1,0.012775105504157844,57.82019710501362,57.82019710501362,55.75,2.0701971050136194,NULL,0,55.75,NULL,False
222,0.00018329975314024553,candidate,1,2,58593749.98001918,nan,0.00018338472111580068,10.38535409719791,-0.08341111405917978,1.125,True,boundary_peak,1.7239631946286988,NULL,3.0,60.2239631946287,57.82019710501362,55.75,2.0701971050136194,NULL,0,55.75,NULL,False
222,0.00018329975314024553,candidate,2,3,4863281248.341593,4858803618.323134,0.0001550294712196192,9.225411976970737,-1.5423887826162286,93.375,False,refined,0.2125875023679038,NULL,3.0,58.7125875023679,57.82019710501362,55.75,2.0701971050136194,NULL,0,55.75,NULL,False
222,0.00018329975314024553,candidate,3,4,4980468748.301631,4984485772.893253,0.00015060309635367338,8.95503883869635,-1.7939960788037546,95.625,False,refined,0.2688689291207822,NULL,3.0,58.768868929120785,57.82019710501362,55.75,2.0701971050136194,NULL,0,55.75,NULL,False
222,0.00018329975314024553,candidate,4,5,4150390623.5846925,4147145250.568277,0.00013969922555449687,8.170532027184132,-2.4467941264044324,79.6875,False,refined,0.42734482882265723,NULL,3.0,58.927344828822655,57.82019710501362,55.75,2.0701971050136194,NULL,0,55.75,NULL,False
222,0.00018329975314024553,NULL,5,0,nan,nan,nan,nan,nan,nan,False,NULL,0.25,NULL,0.0,55.75,57.82019710501362,55.75,2.0701971050136194,NULL,0,55.75,NULL,True
223,0.00018330295314024662,candidate,0,1,58593749.98001918,nan,0.00016509802026340602,8.990725495139644,0.5025532438030211,1.125,True,boundary_peak,1.8701411757290534,NULL,3.0,60.62014117572905,58.14902643393714,56.0,2.149026433937138,NULL,0,56.0,NULL,False
223,0.00018330295314024662,candidate,1,2,4999999998.2949705,4996827179.616702,0.00015581677213400173,8.648371493550142,-0.5025532438030211,96.0,False,refined,0.2341538537051675,NULL,3.0,58.984153853705166,58.14902643393714,56.0,2.149026433937138,NULL,0,56.0,NULL,False
223,0.00018330295314024662,candidate,2,3,4521484373.458147,4518628894.81127,0.00014835466374001096,8.279971151078849,-0.928813240292552,86.8125,False,refined,0.3160551548564572,rank_1,0.012774174067064806,58.14902643393714,58.14902643393714,56.0,2.149026433937138,NULL,0,56.0,NULL,False
223,0.00018330295314024662,candidate,3,4,1591796874.457188,1593398834.3287091,0.00014391313939302885,7.958096370516152,-1.192828366837011,30.5625,False,refined,0.38083731734989035,NULL,3.0,59.130837317349894,58.14902643393714,56.0,2.149026433937138,NULL,0,56.0,NULL,False
223,0.00018330295314024662,candidate,4,5,3330078123.8644238,3330817442.148531,0.00014215336011469073,7.8512300199193685,-1.2996947174337947,63.9375,False,refined,0.4035464168517069,NULL,3.0,59.153546416851704,58.14902643393714,56.0,2.149026433937138,NULL,0,56.0,NULL,False
223,0.00018330295314024662,NULL,5,0,nan,nan,nan,nan,nan,nan,False,NULL,0.25,NULL,0.0,56.0,58.14902643393714,56.0,2.149026433937138,NULL,0,56.0,NULL,True
224,0.0001833061531402477,candidate,0,1,3300781248.874414,3304356925.699869,0.00016577271184775027,9.80890319101471,1.4588292086634702,63.375,False,refined,0.028664521347793404,NULL,3.0,59.02866452134779,59.02866452134779,56.25,2.7786645213477925,NULL,0,56.25,NULL,False
224,0.0001833061531402477,candidate,1,2,4999999998.2949705,5000630157.621966,0.00014014305536620147,8.289451731740467,-1.4588292086634702,96.0,False,refined,0.34775906578039684,rank_2,0.0014462641708523898,59.33335918365641,59.02866452134779,56.25,2.7786645213477925,NULL,0,56.25,NULL,False
224,0.0001833061531402477,candidate,2,3,1962890624.3306427,1958700637.1950696,0.0001327771737053798,7.835632656056424,-1.9277924412601077,37.6875,False,refined,0.44514212917029317,NULL,3.0,59.44514212917029,59.02866452134779,56.25,2.7786645213477925,NULL,0,56.25,NULL,False
224,0.0001833061531402477,candidate,3,4,2988281248.9809785,2988328362.5359287,0.00012732584970781796,7.342475584126236,-2.291929179260981,57.375,False,refined,0.541874236084876,NULL,3.0,59.54187423608487,59.02866452134779,56.25,2.7786645213477925,NULL,0,56.25,NULL,False
224,0.0001833061531402477,candidate,4,5,58593749.98001918,nan,0.00012723815403046514,7.183989282567964,-2.2979136467753847,1.125,True,boundary_peak,2.284771210538267,NULL,3.0,61.28477121053827,59.02866452134779,56.25,2.7786645213477925,NULL,0,56.25,NULL,False
224,0.0001833061531402477,NULL,5,0,nan,nan,nan,nan,nan,nan,False,NULL,0.25,NULL,0.0,56.25,59.02866452134779,56.25,2.7786645213477925,NULL,0,56.25,NULL,True
225,0.0001833093531402488,candidate,0,1,5781249998.02856,5785444421.393629,0.00017106550141449725,10.902808290654002,1.300573486059342,111.0,False,refined,0.0,NULL,3.0,59.25,59.25,56.5,2.75,NULL,0,56.5,NULL,False
225,0.0001833093531402488,candidate,1,2,3261718748.887735,3262283858.813972,0.00014727660367010883,9.636162583292913,-1.300573486059342,62.62500000000001,False,refined,0.1358614553847719,rank_1,0.1770142957185176,59.34154027245108,59.25,56.5,2.75,NULL,0,56.5,NULL,False
225,0.0001833093531402488,candidate,2,3,1953124999.333973,1957099467.3290524,0.0001379887480136047,8.975359183814291,-1.8663752086275576,37.5,False,refined,0.2703445729670787,NULL,3.0,59.520344572967076,59.25,56.5,2.75,NULL,0,56.5,NULL,False
225,0.0001833093531402488,candidate,3,4,2988281248.9809785,2989447951.228313,0.00013441743029980613,8.785082916733726,-2.0941369219181993,57.375,False,refined,0.3131211201098285,NULL,3.0,59.56312112010983,59.25,56.5,2.75,NULL,0,56.5,NULL,False
225,0.0001833093531402488,candidate,4,5,2333984374.2040977,2336455636.097935,0.00011720251290127666,7.577103481316483,-3.284510226926738,44.8125,False,refined,0.5687163669854487,NULL,3.0,59.81871636698545,59.25,56.5,2.75,NULL,0,56.5,NULL,False
225,0.0001833093531402488,NULL,5,0,nan,nan,nan,nan,nan,nan,False,NULL,0.25,NULL,0.0,56.5,59.25,56.5,2.75,NULL,0,56.5,NULL,True
226,0.0001833125531402499,candidate,0,1,5791015623.025229,5791166639.176837,0.00017436082815221668,11.562261707661312,1.3177257493027206,111.1875,False,refined,0.0,rank_1,0.0032743776358460657,59.25327437763585,59.25327437763585,56.75,2.5032743776358473,NULL,0,56.75,NULL,False
226,0.0001833125531402499,candidate,1,2,5996093747.9552965,nan,0.00014981753101039045,10.083472004375027,-1.3177257493027206,115.125,True,boundary_peak,1.58235785933142,NULL,3.0,61.08235785933142,59.25327437763585,56.75,2.5032743776358473,NULL,0,56.75,NULL,False
226,0.0001833125531402499,candidate,2,3,5400390623.158435,5397753371.771093,0.00013382029838676204,9.173305478961051,-2.298538583598182,103.6875,False,refined,0.2676628396307287,NULL,3.0,59.76766283963073,59.25327437763585,56.75,2.5032743776358473,NULL,0,56.75,NULL,False
226,0.0001833125531402499,candidate,3,4,5146484373.245018,5150068644.540609,0.00012957938137711747,8.785139554394483,-2.578260416795901,98.81249999999999,False,refined,0.34337034289057133,NULL,3.0,59.84337034289057,59.25327437763585,56.75,2.5032743776358473,NULL,0,56.75,NULL,False
226,0.0001833125531402499,candidate,4,5,1953124999.333973,1952279596.6265519,0.00012757590184211663,8.606281336754131,-2.71360552050675,37.5,False,refined,0.3786581445185522,NULL,3.0,59.87865814451855,59.25327437763585,56.75,2.5032743776358473,NULL,0,56.75,NULL,False
226,0.0001833125531402499,NULL,5,0,nan,nan,nan,nan,nan,nan,False,NULL,0.25,NULL,0.0,56.75,59.25327437763585,56.75,2.5032743776358473,NULL,0,56.75,NULL,True
227,0.00018331575314025099,candidate,0,1,5996093747.9552965,nan,0.00021591412663442928,12.729079056052024,3.913113009408411,115.125,True,boundary_peak,1.5,NULL,3.0,61.25,60.161265354774386,57.0,3.161265354774386,NULL,0,57.0,NULL,False
227,0.00018331575314025099,candidate,1,2,5156249998.241689,5160136563.197838,0.0001376022094781885,8.88869472209091,-3.913113009408411,99.0,False,refined,0.4112653547743891,NULL,3.0,60.161265354774386,60.161265354774386,57.0,3.161265354774386,NULL,0,57.0,NULL,False
227,0.00018331575314025099,candidate,2,3,58593749.98001918,nan,0.00013316245639783186,8.407435594532595,-4.19798520130195,1.125,True,boundary_peak,2.220008735901483,NULL,3.0,61.97000873590148,60.161265354774386,57.0,3.161265354774386,NULL,0,57.0,NULL,False
227,0.00018331575314025099,candidate,3,4,4794921873.364903,4795005151.941474,0.000130348356639285,8.292715455878117,-4.383509953980846,92.0625,False,refined,0.5300620537420854,NULL,3.0,60.280062053742085,60.161265354774386,57.0,3.161265354774386,NULL,0,57.0,NULL,False
227,0.00018331575314025099,candidate,4,5,5322265623.185076,5322994365.261688,0.00012774762692416947,8.276823585298887,-4.558564331711121,102.1875,False,refined,0.543386732937112,NULL,3.0,60.293386732937115,60.161265354774386,57.0,3.161265354774386,NULL,0,57.0,NULL,False
227,0.00018331575314025099,NULL,5,0,nan,nan,nan,nan,nan,nan,False,NULL,0.25,NULL,0.0,57.0,60.161265354774386,57.0,3.161265354774386,NULL,0,57.0,NULL,True
228,0.00018331895314025208,candidate,0,1,5986328122.958627,5990414908.51652,0.0002114419130019183,12.704683714449274,3.1944229796469603,114.9375,False,refined,0.0,NULL,3.0,60.0,60.0,57.25,2.75,NULL,0,57.25,NULL,False
228,0.00018331895314025208,candidate,1,2,3925781248.6612854,3921626918.555243,0.00014637601864877153,9.489192517323302,-3.1944229796469603,75.375,False,refined,0.2762725586294398,NULL,3.0,60.27627255862944,60.0,57.25,2.75,NULL,0,57.25,NULL,False
228,0.00018331895314025208,candidate,2,3,5214843748.221707,5209982082.499143,0.00014147400560070184,9.414432681115397,-3.4902885870803857,100.125,False,refined,0.3059781345252146,NULL,3.0,60.30597813452521,60.0,57.25,2.75,NULL,0,57.25,NULL,False
228,0.00018331895314025208,candidate,3,4,58593749.98001918,nan,0.00013292676787189374,8.136699362440467,-4.031572688354839,1.125,True,boundary_peak,2.2502183886561076,NULL,3.0,62.25021838865611,60.0,57.25,2.75,NULL,0,57.25,NULL,False
228,0.00018331895314025208,candidate,4,5,4960937498.308291,4960896205.572883,0.0001263222065700651,8.263654122361395,-4.474227522997314,95.25,False,refined,0.5400911018331229,NULL,3.0,60.54009110183312,60.0,57.25,2.75,NULL,0,57.25,NULL,False
228,0.00018331895314025208,NULL,5,0,nan,nan,nan,nan,nan,nan,False,NULL,0.25,NULL,0.0,57.25,60.0,57.25,2.75,NULL,0,57.25,NULL,True
229,0.00018332215314025317,candidate,0,1,4960937498.308291,4965212019.676664,0.00018052481253195016,10.889335523777008,0.18291986530823756,95.25,False,refined,0.0,NULL,3.0,60.25,60.25,57.5,2.75,NULL,0,57.5,NULL,False
229,0.00018332215314025317,candidate,1,2,3925781248.6612854,3927434522.48973,0.00017676281507747967,10.70641565846877,-0.18291986530823756,75.375,False,refined,0.011432491581764848,NULL,3.0,60.261432491581765,60.25,57.5,2.75,NULL,0,57.5,NULL,False
229,0.00018332215314025317,candidate,2,3,5224609373.218377,5225554226.489776,0.00015142324859715065,9.298215924115913,-1.5268868694736604,100.3125,False,refined,0.20069804072471675,NULL,3.0,60.45069804072472,60.25,57.5,2.75,NULL,0,57.5,NULL,False
229,0.00018332215314025317,candidate,3,4,5976562497.961957,5975726932.165371,0.0001468724970964085,8.984287070257642,-1.791928478965641,114.75,False,refined,0.2643524693967063,rank_1,0.021573664929190068,60.2859261343259,60.25,57.5,2.75,NULL,0,57.5,NULL,False
229,0.00018332215314025317,candidate,4,5,58593749.98001918,nan,0.00011825521391444892,6.932289730188446,-3.6743320927743994,1.125,True,boundary_peak,2.408552296270133,NULL,3.0,62.65855229627013,60.25,57.5,2.75,NULL,0,57.5,NULL,False
229,0.00018332215314025317,NULL,5,0,nan,nan,nan,nan,nan,nan,False,NULL,0.25,NULL,0.0,57.5,60.25,57.5,2.75,NULL,0,57.5,NULL,True
230,0.00018332535314025426,candidate,0,1,4990234373.298301,4987780248.572299,0.00022679623276274224,12.61275218504843,2.470080252314908,95.8125,False,refined,0.0,rank_1,0.05093249554857588,60.30093249554857,60.30093249554857,57.75,2.5509324955485724,NULL,0,57.75,NULL,False
230,0.00018332535314025426,candidate,1,2,3935546873.657955,3938068900.4819646,0.0001706600323980442,10.13228116993985,-2.470080252314908,75.5625,False,refined,0.15438001576968174,rank_2,0.01130899952817259,60.42712150687962,60.30093249554857,57.75,2.5509324955485724,NULL,0,57.75,NULL,False
230,0.00018332535314025426,candidate,2,3,5273437498.201727,5269711789.1021805,0.00016373348639214778,9.801098385672384,-2.829966539291622,101.25,False,refined,0.2067081508548687,NULL,3.0,60.706708150854865,60.30093249554857,57.75,2.5509324955485724,NULL,0,57.75,NULL,False
230,0.00018332535314025426,candidate,3,4,3691406248.7412086,3693887933.6537848,0.00015191603117421746,9.085087974047905,-3.4806446096104526,70.875,False,refined,0.3547770919934675,NULL,3.0,60.85477709199347,60.30093249554857,57.75,2.5509324955485724,NULL,0,57.75,NULL,False
230,0.00018332535314025426,candidate,4,5,5791015623.025229,5788166531.449507,0.00013647501416179608,8.219411158671157,-4.411653766292849,111.1875,False,refined,0.5428166865926295,NULL,3.0,61.04281668659263,60.30093249554857,57.75,2.5509324955485724,NULL,0,57.75,NULL,False
230,0.00018332535314025426,NULL,5,0,nan,nan,nan,nan,nan,nan,False,NULL,0.25,NULL,0.0,57.75,60.30093249554857,57.75,2.5509324955485724,NULL,0,57.75,NULL,True
231,0.00018332855314025535,candidate,0,1,5009765623.29164,5007424599.928979,0.00025943911911132495,14.853559273084196,2.180380141289122,96.1875,False,refined,0.0,rank_1,0.03859005402246921,60.33952254957104,60.33952254957104,58.0,2.3395225495710434,NULL,0,58.0,NULL,False
231,0.00018332855314025535,candidate,1,2,5283203123.198397,5279869570.635435,0.00020184428345244239,12.662998732471902,-2.180380141289122,101.4375,False,refined,0.13627375883057014,rank_3,0.010318052567732864,60.85329996225317,60.33952254957104,58.0,2.3395225495710434,NULL,0,58.0,NULL,False
231,0.00018332855314025535,candidate,2,3,5986328122.958627,5984666805.38459,0.00016398787501094742,10.823212482601718,-3.984474457093272,114.9375,False,refined,0.2490296535683295,NULL,3.0,60.99902965356833,60.33952254957104,58.0,2.3395225495710434,NULL,0,58.0,NULL,False
231,0.00018332855314025535,candidate,3,4,5810546873.018569,5807572203.212461,0.0001552179619997428,10.391689589109934,-4.461869683974262,111.5625,False,refined,0.2788668552483914,NULL,3.0,61.02886685524839,60.33952254957104,58.0,2.3395225495710434,NULL,0,58.0,NULL,False
231,0.00018332855314025535,candidate,4,5,3681640623.744539,3680218693.464816,0.0001548781133729378,10.36247064604276,-4.480908227718263,70.6875,False,refined,0.28005676423239145,NULL,3.0,61.03005676423239,60.33952254957104,58.0,2.3395225495710434,NULL,0,58.0,NULL,False
231,0.00018332855314025535,NULL,5,0,nan,nan,nan,nan,nan,nan,False,NULL,0.25,NULL,0.0,58.0,60.33952254957104,58.0,2.3395225495710434,NULL,0,58.0,NULL,True
232,0.00018333175314025644,candidate,0,1,5009765623.29164,5012091684.48935,0.0002626102068207501,14.965271829259157,2.2693728886757825,96.1875,False,refined,0.0,rank_1,0.0021781678293657097,60.34170071740041,60.34170071740041,58.25,2.091700717400407,NULL,0,58.25,NULL,False
232,0.00018333175314025644,candidate,1,2,5996093747.9552965,nan,0.00020222877786796076,12.624507241557241,-2.2693728886757825,115.125,True,boundary_peak,1.6418358055422364,NULL,3.0,62.641835805542236,60.34170071740041,58.25,2.091700717400407,NULL,0,58.25,NULL,False
232,0.00018333175314025644,candidate,2,3,5283203123.198397,5287245124.697985,0.00017158724954314766,11.250311763848257,-3.696531778967014,101.4375,False,refined,0.23103323618543836,rank_2,0.005439879772959178,61.089773078211564,60.34170071740041,58.25,2.091700717400407,NULL,0,58.25,NULL,False
232,0.00018333175314025644,candidate,3,4,4824218748.354913,4823771590.368646,0.00013854933776999792,9.429976101080477,-5.5541429482853655,92.625,False,refined,0.43263751910576376,NULL,3.0,61.43263751910576,60.34170071740041,58.25,2.091700717400407,NULL,0,58.25,NULL,False
232,0.00018333175314025644,candidate,4,5,4169921873.578032,4170850975.825263,0.00013269706933595517,9.036266423125037,-5.92900540613412,80.0625,False,refined,0.515122874414627,NULL,3.0,61.51512287441463,60.34170071740041,58.25,2.091700717400407,NULL,0,58.25,NULL,False
232,0.00018333175314025644,NULL,5,0,nan,nan,nan,nan,nan,nan,False,NULL,0.25,NULL,0.0,58.25,60.34170071740041,58.25,2.091700717400407,NULL,0,58.25,NULL,True
233,0.00018333495314025753,candidate,0,1,5009765623.29164,5008923211.27264,0.00021828088946678354,11.848189974318704,1.7995843165035197,96.1875,False,refined,0.0,rank_1,0.001003922252500919,60.34270463965291,60.34270463965291,58.5,1.8427046396529079,NULL,0,58.5,NULL,False
233,0.00018333495314025753,candidate,1,2,5996093747.9552965,nan,0.00017743385936181655,9.953571032320543,-1.7995843165035197,115.125,True,boundary_peak,1.6194383649333886,NULL,3.0,62.86943836493339,60.34270463965291,58.5,1.8427046396529079,NULL,0,58.5,NULL,False
233,0.00018333495314025753,candidate,2,3,5312499998.188406,5312102006.287609,0.00015509730747427953,8.887070189346797,-2.968229127691888,102.0,False,refined,0.3524537920787234,rank_3,0.06178645623606087,61.504013326526355,60.34270463965291,58.5,1.8427046396529079,NULL,0,58.5,NULL,False
233,0.00018333495314025753,candidate,3,4,4863281248.341593,4859238624.72757,0.00015010054291975423,8.60263028298947,-3.252669034049216,93.375,False,refined,0.41289727217965555,NULL,3.0,61.662897272179656,60.34270463965291,58.5,1.8427046396529079,NULL,0,58.5,NULL,False
233,0.00018333495314025753,candidate,4,5,4306640623.53141,4305879864.389926,0.00014477254310657004,8.265996204548749,-3.5665902285769313,82.6875,False,refined,0.48301245860374586,NULL,3.0,61.733012458603746,60.34270463965291,58.5,1.8427046396529079,NULL,0,58.5,NULL,False
233,0.00018333495314025753,NULL,5,0,nan,nan,nan,nan,nan,nan,False,NULL,0.25,NULL,0.0,58.5,60.34270463965291,58.5,1.8427046396529079,NULL,0,58.5,NULL,True
234,0.00018333815314025862,candidate,0,1,5312499998.188406,5316584939.428503,0.0001683237765075815,9.907655056126066,0.8401056925757722,102.0,False,refined,0.013851741581090149,NULL,3.0,61.51385174158109,60.87122253970952,58.75,2.121222539709521,NULL,0,58.75,NULL,False
234,0.00018333815314025862,candidate,1,2,3974609373.6446347,3971372341.046201,0.0001528059206299686,9.009214881298844,-0.8401056925757722,76.3125,False,refined,0.2011243735911592,NULL,3.0,61.701124373591156,60.87122253970952,58.75,2.121222539709521,NULL,0,58.75,NULL,False
234,0.00018333815314025862,candidate,2,3,4482421873.471468,4479819124.710654,0.00014492245848767642,8.68715340381291,-1.300195470722505,86.0625,False,refined,0.27818920634822,NULL,3.0,61.77818920634822,60.87122253970952,58.75,2.121222539709521,NULL,0,58.75,NULL,False
234,0.00018333815314025862,candidate,3,4,4960937498.308291,4959589265.442151,0.00014437819406506864,8.654471650458433,-1.3328772240769826,95.25,False,refined,0.2851340789360465,rank_1,0.24338382112056384,60.87122253970952,60.87122253970952,58.75,2.121222539709521,NULL,0,58.75,NULL,False
234,0.00018333815314025862,candidate,4,5,4316406248.52808,4316374151.969702,0.00014054817962346137,8.420944046667778,-1.566404827867638,82.875,False,refined,0.3347586947415607,NULL,3.0,61.83475869474156,60.87122253970952,58.75,2.121222539709521,NULL,0,58.75,NULL,False
234,0.00018333815314025862,NULL,5,0,nan,nan,nan,nan,nan,nan,False,NULL,0.25,NULL,0.0,58.75,60.87122253970952,58.75,2.121222539709521,NULL,0,58.75,NULL,True
235,0.00018334135314025972,candidate,0,1,5302734373.191736,5304626679.185455,0.0001949635438478618,11.21968859304423,0.09706452512951991,101.8125,False,refined,0.0,rank_1,0.014299998804045557,61.52815174038514,61.52815174038514,59.0,2.528151740385141,NULL,0,59.0,NULL,False
235,0.00018334135314025972,candidate,1,2,4443359373.484788,4440302117.512977,0.00019279696108175152,11.296541717284345,-0.09706452512951991,85.3125,False,refined,0.006066532820594994,NULL,3.0,61.7560665328206,61.52815174038514,59.0,2.528151740385141,NULL,0,59.0,NULL,False
235,0.00018334135314025972,candidate,2,3,4570312498.441497,4569859128.608216,0.0001471194806630691,8.947941697388204,-2.445664545025661,87.75,False,refined,0.3106627794558732,NULL,3.0,62.060662779455875,61.52815174038514,59.0,2.528151740385141,NULL,0,59.0,NULL,False
235,0.00018334135314025972,candidate,3,4,5859374998.001919,5862145730.283704,0.00014689183055213964,8.934490894243181,-2.459115348170684,112.5,False,refined,0.3135210751241906,NULL,3.0,62.06352107512419,61.52815174038514,59.0,2.528151740385141,NULL,0,59.0,NULL,False
235,0.00018334135314025972,candidate,4,5,3945312498.654625,3945888416.8483973,0.00014444073810148043,8.711185677754107,-2.605274227519878,75.75,False,refined,0.35615178755687626,NULL,3.0,62.106151787556875,61.52815174038514,59.0,2.528151740385141,NULL,0,59.0,NULL,False
235,0.00018334135314025972,NULL,5,0,nan,nan,nan,nan,nan,nan,False,NULL,0.25,NULL,0.0,59.0,61.52815174038514,59.0,2.528151740385141,NULL,0,59.0,NULL,True
236,0.0001833445531402608,candidate,0,1,5302734373.191736,5301236415.460108,0.00021638340527378952,13.070735203124597,1.1430110949494132,101.8125,False,refined,0.0,rank_1,0.0011493888127407238,61.52930112919788,61.52930112919788,59.25,2.279301129197883,NULL,0,59.25,NULL,False
236,0.0001833445531402608,candidate,1,2,4443359373.484788,4443731523.975004,0.00018970264941553863,11.927724108175184,-1.1430110949494132,85.3125,False,refined,0.07143819343433833,rank_2,0.0011760828681796317,61.828680809123114,61.52930112919788,59.25,2.279301129197883,NULL,0,59.25,NULL,False
236,0.0001833445531402608,candidate,2,3,4589843748.434836,4588152825.313485,0.00016620230402093072,10.836497541015726,-2.291738221891979,88.125,False,refined,0.1432336388682487,NULL,3.0,62.143233638868246,61.52930112919788,59.25,2.279301129197883,NULL,0,59.25,NULL,False
236,0.0001833445531402608,candidate,3,4,5839843748.008579,5837551002.587996,0.00015580684266263838,10.257755386211107,-2.8527484834649997,112.125,False,refined,0.17829678021656248,NULL,3.0,62.17829678021656,61.52930112919788,59.25,2.279301129197883,NULL,0,59.25,NULL,False
236,0.0001833445531402608,candidate,4,5,5498046873.1251335,5500674822.803038,0.00014586309436999184,9.617157416924869,-3.4255705712402307,105.5625,False,refined,0.27152454816378413,NULL,3.0,62.27152454816378,61.52930112919788,59.25,2.279301129197883,NULL,0,59.25,NULL,False
236,0.0001833445531402608,NULL,5,0,nan,nan,nan,nan,nan,nan,False,NULL,0.25,NULL,0.0,59.25,61.52930112919788,59.25,2.279301129197883,NULL,0,59.25,NULL,True
237,0.0001833477531402619,candidate,0,1,5302734373.191736,5302845306.821577,0.00020599550259322655,13.443416946272917,2.9040004826436316,101.8125,False,refined,0.0,rank_1,0.00025885314130104375,61.52955998233919,61.52955998233919,59.5,2.0295599823391868,NULL,0,59.5,NULL,False
237,0.0001833477531402619,candidate,1,2,4843749998.348252,4842458321.8434725,0.0001474543926229158,10.63857923882332,-2.9040004826436316,92.99999999999999,False,refined,0.18150003016522698,NULL,3.0,62.431500030165225,61.52955998233919,59.5,2.0295599823391868,NULL,0,59.5,NULL,False
237,0.0001833477531402619,candidate,2,3,5498046873.1251335,5494619833.074369,0.00014613597775011683,10.461405164780917,-2.982011781492,105.5625,False,refined,0.18637573634325,NULL,3.0,62.43637573634325,61.52955998233919,59.5,2.0295599823391868,NULL,0,59.5,NULL,False
237,0.0001833477531402619,candidate,3,4,5810546873.018569,5812048772.537319,0.00014299662161268014,10.371940489105622,-3.1706392323613297,111.5625,False,refined,0.1981649520225831,rank_4,0.06503637375576196,62.4414981059949,61.52955998233919,59.5,2.0295599823391868,NULL,0,59.5,NULL,False
237,0.0001833477531402619,candidate,4,5,4589843748.434836,4588679540.066863,0.00014096246772453392,10.14833205199185,-3.295084894281066,88.125,False,refined,0.20594280589256664,rank_3,2.774284314259572e-05,62.34920418760396,61.52955998233919,59.5,2.0295599823391868,NULL,0,59.5,NULL,False
237,0.0001833477531402619,NULL,5,0,nan,nan,nan,nan,nan,nan,False,NULL,0.25,NULL,0.0,59.5,61.52955998233919,59.5,2.0295599823391868,NULL,0,59.5,NULL,True
238,0.000183350953140263,candidate,0,1,4814453123.358243,4816856815.463538,0.00018700224262551841,13.12394275343669,2.0340116033361255,92.4375,False,refined,0.0,rank_2,0.06554371289218174,62.497043743057404,61.65767552579874,59.75,1.9076755257987372,NULL,0,59.75,NULL,False
238,0.000183350953140263,candidate,1,2,5302734373.191736,5299699169.108381,0.00014796065141417216,11.089931150100565,-2.0340116033361255,101.8125,False,refined,0.12712572520850784,rank_1,0.0009898182510392902,61.65767552579874,61.65767552579874,59.75,1.9076755257987372,NULL,0,59.75,NULL,False
238,0.000183350953140263,candidate,2,3,5478515623.131794,5475587563.540329,0.000140437297029301,10.636655698261013,-2.4872870551756776,105.1875,False,refined,0.15545544094847985,rank_3,0.03622272836163644,62.62805390565337,61.65767552579874,59.75,1.9076755257987372,NULL,0,59.75,NULL,False
238,0.000183350953140263,candidate,3,4,5791015623.025229,5790968850.669878,0.00013030010291406876,9.909354241992832,-3.138041122365083,111.1875,False,refined,0.20972443384889294,rank_4,0.04443631059374248,62.69565885043754,61.65767552579874,59.75,1.9076755257987372,NULL,0,59.75,NULL,False
238,0.000183350953140263,candidate,4,5,5595703123.091832,5596128993.227255,0.00011744858053095614,9.083961902815485,-4.039980850621205,107.4375,False,refined,0.3899045177415026,NULL,3.0,62.8899045177415,61.65767552579874,59.75,1.9076755257987372,NULL,0,59.75,NULL,False
238,0.000183350953140263,NULL,5,0,nan,nan,nan,nan,nan,nan,False,NULL,0.25,NULL,0.0,59.75,61.65767552579874,59.75,1.9076755257987372,NULL,0,59.75,NULL,True
239,0.00018335415314026408,candidate,0,1,4785156248.368234,4781876291.538953,0.0001552865883864718,10.532033275737609,0.01706231208157938,91.875,False,refined,0.0,rank_1,0.12236370540384876,62.61940744846125,62.61940744846125,60.0,2.619407448461253,NULL,0,60.0,NULL,False
239,0.00018335415314026408,candidate,1,2,3017578123.9709883,3019921815.167059,0.0001549818472835602,10.560702379736124,-0.01706231208157938,57.93750000000001,False,refined,0.0010663945050987111,NULL,3.0,62.7510663945051,62.61940744846125,60.0,2.619407448461253,NULL,0,60.0,NULL,False
239,0.00018335415314026408,candidate,2,3,5605468748.088502,5603648778.509677,0.00013067542242947846,9.078963971770113,-1.4988007200475906,107.625,False,refined,0.23183044923745744,NULL,3.0,62.98183044923746,62.61940744846125,60.0,2.619407448461253,NULL,0,60.0,NULL,False
239,0.00018335415314026408,candidate,3,4,4990234373.298301,4992817598.649362,0.00012944591234710604,8.95112111776597,-1.580912157971639,95.8125,False,refined,0.25613884220833194,NULL,3.0,63.00613884220833,62.61940744846125,60.0,2.619407448461253,NULL,0,60.0,NULL,False
239,0.00018335415314026408,candidate,4,5,5478515623.131794,5480437812.419776,0.00011991693688998703,8.332696248549265,-2.2450684432684387,105.1875,False,refined,0.39041234042188766,rank_3,0.002352491419257672,63.020818737494515,62.61940744846125,60.0,2.619407448461253,NULL,0,60.0,NULL,False
239,0.00018335415314026408,NULL,5,0,nan,nan,nan,nan,nan,nan,False,NULL,0.25,NULL,0.0,60.0,62.61940744846125,60.0,2.619407448461253,NULL,0,60.0,NULL,True
240,0.00018335735314026517,candidate,0,1,3027343748.967658,3024955751.5995135,0.00016705755331298072,11.06752571018296,0.24123283789975858,58.125,False,refined,0.0,rank_2,0.0025340516005993604,62.7536004461057,62.7536004461057,60.25,2.5036004461057004,NULL,0,60.25,NULL,False
240,0.00018335735314026517,candidate,1,2,4980468748.301631,4985143461.073707,0.00016248170760315193,10.898724445334178,-0.24123283789975858,95.625,False,refined,0.015077052368734911,NULL,3.0,63.01507705236874,62.7536004461057,60.25,2.5036004461057004,NULL,0,60.25,NULL,False
240,0.00018335735314026517,candidate,2,3,2558593749.1275043,2561848301.674419,0.00013135478116103292,8.979121083884705,-2.0884046262982547,49.125,False,refined,0.2836571265609352,NULL,3.0,63.28365712656093,62.7536004461057,60.25,2.5036004461057004,NULL,0,60.25,NULL,False
240,0.00018335735314026517,candidate,3,4,1992187499.3206522,1987333734.4398422,0.00013112659001297702,8.964018727333709,-2.1035069828492503,38.25,False,refined,0.2868663773280218,NULL,3.0,63.286866377328025,62.7536004461057,60.25,2.5036004461057004,NULL,0,60.25,NULL,False
240,0.00018335735314026517,candidate,4,5,5556640623.105153,5552007018.898803,0.0001263984690666091,8.717471228877898,-2.422486054356039,106.6875,False,refined,0.3437846940655678,NULL,3.0,63.34378469406557,62.7536004461057,60.25,2.5036004461057004,NULL,0,60.25,NULL,False
240,0.00018335735314026517,NULL,5,0,nan,nan,nan,nan,nan,nan,False,NULL,0.25,NULL,0.0,60.25,62.7536004461057,60.25,2.5036004461057004,NULL,0,60.25,NULL,True
241,0.00018336055314026626,candidate,0,1,4999999998.2949705,4997157691.418588,0.00015851193799943386,10.427829007773077,0.09816308093000714,96.0,False,refined,0.0,rank_2,0.014434173077986083,63.029511225446726,63.029511225446726,60.5,2.5295112254467256,NULL,0,60.5,NULL,False
241,0.00018336055314026626,candidate,1,2,1953124999.333973,1955424462.5208607,0.00015673060922352717,10.32966592684307,-0.09816308093000714,37.5,False,refined,0.006135192558125446,NULL,3.0,63.256135192558126,63.029511225446726,60.5,2.5295112254467256,NULL,0,60.5,NULL,False
241,0.00018336055314026626,candidate,2,3,4423828123.491448,4427245532.767888,0.00014998710347053222,9.833261742216743,-0.48016115209580157,84.9375,False,refined,0.055020810673476084,NULL,3.0,63.305020810673476,63.029511225446726,60.5,2.5295112254467256,NULL,0,60.5,NULL,False
241,0.00018336055314026626,candidate,3,4,5527343748.115143,5529375503.565592,0.00013494980299612135,8.915628476683333,-1.3977944176292123,106.12499999999999,False,refined,0.25001787959932587,NULL,3.0,63.500017879599326,63.029511225446726,60.5,2.5295112254467256,NULL,0,60.5,NULL,False
241,0.00018336055314026626,candidate,4,5,3046874998.9609976,3045742576.24652,0.00013142022721861462,8.799833766759315,-1.6279952410137621,58.5,False,refined,0.28177463754946286,rank_1,0.04320920789053973,63.0785842915457,63.029511225446726,60.5,2.5295112254467256,NULL,0,60.5,NULL,False
241,0.00018336055314026626,NULL,5,0,nan,nan,nan,nan,nan,nan,False,NULL,0.25,NULL,0.0,60.5,63.029511225446726,60.5,2.5295112254467256,NULL,0,60.5,NULL,True
242,0.00018336375314026735,candidate,0,1,4423828123.491448,4426764905.292214,0.0001639540520332272,9.225880388980237,0.1096789888819849,84.9375,False,refined,0.11611794165296452,rank_3,2.3100277037244954e-05,63.42116185260348,63.42116185260348,60.75,2.6711618526034826,NULL,0,60.75,NULL,False
242,0.00018336375314026735,candidate,1,2,1914062499.3472934,1916818907.4829705,0.00016189677775509725,9.286474211001963,-0.1096789888819849,36.75,False,refined,0.11388380515482965,rank_2,0.14903888797835688,63.51905788569131,63.42116185260348,60.75,2.6711618526034826,NULL,0,60.75,NULL,False
242,0.00018336375314026735,candidate,2,3,3730468748.727888,3726692223.3865256,0.0001534402705447009,8.879632722201718,-0.5756559782540638,71.625,False,refined,0.2040335903106213,NULL,3.0,63.70403359031062,63.42116185260348,60.75,2.6711618526034826,NULL,0,60.75,NULL,False
242,0.00018336375314026735,candidate,3,4,4677734373.404865,4678273083.055844,0.00013957653791965268,8.05709404693875,-1.3981946535170309,89.8125,False,refined,0.3788230588040018,NULL,3.0,63.878823058804,63.42116185260348,60.75,2.6711618526034826,NULL,0,60.75,NULL,False
242,0.00018336375314026735,candidate,4,5,3417968748.8344526,3421389968.236714,0.00012710215418914496,7.088648013677874,-2.211384864681909,65.625,False,refined,0.5749143519909382,NULL,3.0,64.07491435199094,63.42116185260348,60.75,2.6711618526034826,NULL,0,60.75,NULL,False
242,0.00018336375314026735,NULL,5,0,nan,nan,nan,nan,nan,nan,False,NULL,0.25,NULL,0.0,60.75,63.42116185260348,60.75,2.6711618526034826,NULL,0,60.75,NULL,True
243,0.00018336695314026845,candidate,0,1,3710937498.7345486,3712714808.9764023,0.0002247969349319792,11.884904798687499,2.1209049869435503,71.25,False,refined,0.0,rank_3,0.01953681135923238,63.72357040166985,63.72357040166985,61.0,2.7235704016698534,NULL,0,61.0,NULL,False
243,0.00018336695314026845,candidate,1,2,4619140623.424846,4616670802.07072,0.00017609423413143794,9.932647492412636,-2.1209049869435503,88.6875,False,refined,0.14265943782207646,NULL,3.0,63.892659437822076,63.72357040166985,61.0,2.7235704016698534,NULL,0,61.0,NULL,False
243,0.00018336695314026845,candidate,2,3,4453124998.481458,4457938697.163051,0.00013616809266568176,7.699251856308074,-4.354300623048113,85.49999999999999,False,refined,0.617256010494296,rank_1,0.09718052996062168,64.1355983930584,63.72357040166985,61.0,2.7235704016698534,NULL,0,61.0,NULL,False
243,0.00018336695314026845,candidate,3,4,1904296874.3506236,1908836550.5396626,0.00013235710429096637,7.21179060694368,-4.600862566196708,36.5625,False,refined,0.7057853193457423,rank_2,0.006371802237037546,64.23121500727409,63.72357040166985,61.0,2.7235704016698534,NULL,0,61.0,NULL,False
243,0.00018336695314026845,candidate,4,5,3408203123.837783,3412730540.333891,0.00012841769223021946,6.936105002969448,-4.86331048756715,65.4375,False,refined,0.7635411550275296,NULL,3.0,64.51354115502753,63.72357040166985,61.0,2.7235704016698534,NULL,0,61.0,NULL,False
243,0.00018336695314026845,NULL,5,0,nan,nan,nan,nan,nan,nan,False,NULL,0.25,NULL,0.0,61.0,63.72357040166985,61.0,2.7235704016698534,NULL,0,61.0,NULL,True
244,0.00018337015314026954,candidate,0,1,3710937498.7345486,3714578139.6929193,0.000225793669926885,12.30878660505427,0.9415865471433627,71.25,False,refined,0.0,rank_1,0.0003472001359115651,63.723917601805766,63.723917601805766,61.25,2.4739176018057663,NULL,0,61.25,NULL,False
244,0.00018337015314026954,candidate,1,2,4570312498.441497,4569826649.914748,0.0002025967317166534,11.383753554685505,-0.9415865471433627,87.75,False,refined,0.058849159196460166,NULL,3.0,64.05884915919646,63.723917601805766,61.25,2.4739176018057663,NULL,0,61.25,NULL,False
244,0.00018337015314026954,candidate,2,3,5029296873.28498,5034033481.249325,0.0001865854374771289,10.65210625964185,-1.6566803454124202,96.5625,False,refined,0.10354252158827626,NULL,3.0,64.10354252158828,63.723917601805766,61.25,2.4739176018057663,NULL,0,61.25,NULL,False
244,0.00018337015314026954,candidate,3,4,4746093748.381554,4746246456.949718,0.00015069953564007262,8.813343135493623,-3.5119969663352446,91.12499999999999,False,refined,0.3974983400719093,NULL,3.0,64.3974983400719,63.723917601805766,61.25,2.4739176018057663,NULL,0,61.25,NULL,False
244,0.00018337015314026954,candidate,4,5,5214843748.221707,5217163055.368813,0.0001319522459734378,7.528904875172016,-4.665899512447043,100.125,False,refined,0.6622829882521378,NULL,3.0,64.66228298825214,63.723917601805766,61.25,2.4739176018057663,NULL,0,61.25,NULL,False
244,0.00018337015314026954,NULL,5,0,nan,nan,nan,nan,nan,nan,False,NULL,0.25,NULL,0.0,61.25,63.723917601805766,61.25,2.4739176018057663,NULL,0,61.25,NULL,True
245,0.00018337335314027063,candidate,0,1,4531249998.454817,4526849468.157517,0.00021585722230584627,11.732892856531256,0.15853146143040675,87.0,False,refined,0.0,rank_2,0.18470381517940485,64.24355297437586,64.07477056732436,61.5,2.5747705673243644,NULL,0,61.5,NULL,False
245,0.00018337335314027063,candidate,1,2,5029296873.28498,5029853505.302568,0.00021195321625696456,11.543298345375002,-0.15853146143040675,96.5625,False,refined,0.009908216339400422,rank_3,0.0017472198915461756,64.11519795781922,64.07477056732436,61.5,2.5747705673243644,NULL,0,61.5,NULL,False
245,0.00018337335314027063,candidate,2,3,4775390623.371564,4771641979.37446,0.00017792723690146763,10.023346813051264,-1.6784829937541446,91.6875,False,refined,0.10490518710963403,NULL,3.0,64.35490518710964,64.07477056732436,61.5,2.5747705673243644,NULL,0,61.5,NULL,False
245,0.00018337335314027063,candidate,3,4,3720703123.7312183,3721977422.0491433,0.00015589657877780366,8.875229813390346,-2.826599993415062,71.4375,False,refined,0.34537802757988945,rank_1,0.005474937938712868,64.07477056732436,64.07477056732436,61.5,2.5747705673243644,NULL,0,61.5,NULL,False
245,0.00018337335314027063,candidate,4,5,5224609373.218377,5227381802.028865,0.00014297099049708113,8.065807407118015,-3.578373164221693,100.3125,False,refined,0.5137772116961535,NULL,3.0,64.76377721169615,64.07477056732436,61.5,2.5747705673243644,NULL,0,61.5,NULL,False
245,0.00018337335314027063,NULL,5,0,nan,nan,nan,nan,nan,nan,False,NULL,0.25,NULL,0.0,61.5,64.07477056732436,61.5,2.5747705673243644,NULL,0,61.5,NULL,True
246,0.00018337655314027172,candidate,0,1,5068359373.27166,5069115783.026306,0.00019048478235751448,9.377109865194138,0.3734457563304261,97.3125,False,refined,0.09343352022087936,rank_2,0.15415264520559108,64.36278412324569,64.36278412324569,61.75,2.6127841232456888,NULL,0,61.75,NULL,False
246,0.00018337655314027172,candidate,1,2,4951171873.311622,4953033355.245755,0.00018246854046687934,9.126986389007135,-0.3734457563304261,95.06250000000001,False,refined,0.15429240141958145,NULL,3.0,64.65429240141958,64.36278412324569,61.75,2.6127841232456888,NULL,0,61.75,NULL,False
246,0.00018337655314027172,candidate,2,3,4482421873.471468,4485195073.573226,0.00016461830144558096,8.109466469751503,-1.2676433954426347,86.0625,False,refined,0.36280774175243924,rank_1,0.17350885881838496,64.77986957494667,64.36278412324569,61.75,2.6127841232456888,NULL,0,61.75,NULL,False
246,0.00018337655314027172,candidate,3,4,5263671873.205057,5262343601.881239,0.00015988820301555062,7.856232574566535,-1.5208772906276025,101.0625,False,refined,0.4166199444792449,NULL,3.0,64.91661994447925,64.36278412324569,61.75,2.6127841232456888,NULL,0,61.75,NULL,False
246,0.00018337655314027172,candidate,4,5,4765624998.374894,4766123710.923335,0.00015210458651032207,7.546072620985829,-1.954359524351732,91.5,False,refined,0.49023657712410895,rank_3,0.0030451286698683104,64.84818689290361,64.36278412324569,61.75,2.6127841232456888,NULL,0,61.75,NULL,False
246,0.00018337655314027172,NULL,5,0,nan,nan,nan,nan,nan,nan,False,NULL,0.25,NULL,0.0,61.75,64.36278412324569,61.75,2.6127841232456888,NULL,0,61.75,NULL,True
247,0.0001833797531402728,candidate,0,1,5078124998.26833,5075299722.785106,0.00017124703149962243,8.570417601414784,0.7120949765570117,97.5,False,refined,0.21443735978778244,rank_1,0.0038241110940461878,64.58104559412752,64.58104559412752,62.0,2.5810455941275166,NULL,0,62.0,NULL,False
247,0.0001833797531402728,candidate,1,2,1748046874.4039056,1746493990.8928275,0.00015776777585675494,7.860795573045083,-0.7120949765570117,33.5625,False,refined,0.3653866000780508,NULL,3.0,65.11538660007805,64.58104559412752,62.0,2.5810455941275166,NULL,0,62.0,NULL,False
247,0.0001833797531402728,candidate,2,3,5898437497.988598,5899744270.214973,0.00015706100066560798,7.8048492825134375,-0.7510938361285024,113.25,False,refined,0.3762159723810158,NULL,3.0,65.12621597238102,64.58104559412752,62.0,2.5810455941275166,NULL,0,62.0,NULL,False
247,0.0001833797531402728,candidate,3,4,2685546874.084213,2688974145.147426,0.00015655123253027506,7.784272307282176,-0.7793312146199849,51.5625,False,refined,0.3810673548214226,NULL,3.0,65.13106735482143,64.58104559412752,62.0,2.5810455941275166,NULL,0,62.0,NULL,False
247,0.0001833797531402728,candidate,4,5,4960937498.308291,4957041290.168282,0.00015644463645194596,7.765209030745481,-0.7852474703905354,95.25,False,refined,0.38429661228758627,rank_2,0.0016063542343206373,65.0401953679415,64.58104559412752,62.0,2.5810455941275166,NULL,0,62.0,NULL,False
247,0.0001833797531402728,NULL,5,0,nan,nan,nan,nan,nan,nan,False,NULL,0.25,NULL,0.0,62.0,64.58104559412752,62.0,2.5810455941275166,NULL,0,62.0,NULL,True
248,0.0001833829531402739,candidate,0,1,1767578124.3972454,1767732465.5955808,0.0001830901499833921,10.011407648911002,1.9445078750626266,33.9375,False,refined,0.0,NULL,3.0,65.0,65.0,62.25,2.75,NULL,0,62.25,NULL,False
248,0.0001833829531402739,candidate,1,2,4970703123.304961,4968801708.5738,0.0001463657918630383,8.032673272342334,-1.9445078750626266,95.4375,False,refined,0.416630751340064,NULL,3.0,65.41663075134007,65.0,62.25,2.75,NULL,0,62.25,NULL,False
248,0.0001833829531402739,candidate,2,3,3457031248.821132,3460104568.254564,0.00014578232629099678,7.9812754199153435,-1.9792020865908455,66.375,False,refined,0.4265088174246263,NULL,3.0,65.42650881742463,65.0,62.25,2.75,NULL,0,62.25,NULL,False
248,0.0001833829531402739,candidate,3,4,1494140624.4904892,1491033850.7969255,0.00013801409124184006,7.522350141417835,-2.454831005987126,28.6875,False,refined,0.5250744166615201,NULL,3.0,65.52507441666152,65.0,62.25,2.75,NULL,0,62.25,NULL,False
248,0.0001833829531402739,candidate,4,5,2714843749.074222,2711634287.10612,0.00013571380422765358,7.4105885297653185,-2.600819119145683,52.12499999999999,False,refined,0.5509629154818074,NULL,3.0,65.5509629154818,65.0,62.25,2.75,NULL,0,62.25,NULL,False
248,0.0001833829531402739,NULL,5,0,nan,nan,nan,nan,nan,nan,False,NULL,0.25,NULL,0.0,62.25,65.0,62.25,2.75,NULL,0,62.25,NULL,True
249,0.000183386153140275,candidate,0,1,5546874998.108483,5545785474.782693,0.00017530968925192304,10.357721716760429,0.17836250412860188,106.5,False,refined,0.0,NULL,3.0,65.25,65.22642225771061,62.5,2.7264222577106096,NULL,0,62.5,NULL,False
249,0.000183386153140275,candidate,1,2,4580078123.438167,4579748669.829972,0.00017174646019008446,10.179359212631827,-0.17836250412860188,87.9375,False,refined,0.011147656508037618,NULL,3.0,65.26114765650804,65.22642225771061,62.5,2.7264222577106096,NULL,0,62.5,NULL,False
249,0.000183386153140275,candidate,2,3,3466796873.817802,3464003632.2299685,0.00016266970090580288,9.817233535108194,-0.64998503558507,66.5625,False,refined,0.06803903445783777,NULL,3.0,65.31803903445784,65.22642225771061,62.5,2.7264222577106096,NULL,0,62.5,NULL,False
249,0.000183386153140275,candidate,3,4,4931640623.318281,4935119141.710173,0.0001531064141209081,9.181471019660767,-1.1762506970996611,94.6875,False,refined,0.1962950156196137,NULL,3.0,65.44629501561961,65.22642225771061,62.5,2.7264222577106096,NULL,0,62.5,NULL,False
249,0.000183386153140275,candidate,4,5,1777343749.3939154,1773531060.4923372,0.00015074507042483237,9.059290758141687,-1.311256018467013,34.125,False,refined,0.22305988743293526,rank_1,0.003362370277668949,65.22642225771061,65.22642225771061,62.5,2.7264222577106096,NULL,0,62.5,NULL,False
249,0.000183386153140275,NULL,5,0,nan,nan,nan,nan,nan,nan,False,NULL,0.25,NULL,0.0,62.5,65.22642225771061,62.5,2.7264222577106096,NULL,0,62.5,NULL,True
250,0.00018338935314027608,candidate,0,1,4599609373.431506,4602291383.977673,0.0001732921001488308,10.729643974675032,0.39435469241072774,88.3125,False,refined,0.0,rank_2,0.05081739611449277,65.31196505262254,65.31196505262254,62.75,2.56196505262254,NULL,0,62.75,NULL,False
250,0.00018338935314027608,candidate,1,2,5527343748.115143,5523169169.4917555,0.00016560026613527337,10.36432988281379,-0.39435469241072774,106.12499999999999,False,refined,0.024647168275670484,rank_1,0.05114972650128841,65.32579689477696,65.31196505262254,62.75,2.56196505262254,NULL,0,62.75,NULL,False
250,0.00018338935314027608,candidate,2,3,4921874998.321611,4921763598.4733305,0.00014709035206679185,9.275312337425827,-1.4238915510695804,94.5,False,refined,0.19769637132797468,rank_4,0.01783705351511602,65.66182844046271,65.31196505262254,62.75,2.56196505262254,NULL,0,62.75,NULL,False
250,0.00018338935314027608,candidate,3,4,3496093748.8078113,3495789565.2026606,0.00014480845431467164,9.19898763286275,-1.559696942361768,67.125,False,refined,0.21763291396819806,rank_3,0.10103455349444691,65.63670650192049,65.31196505262254,62.75,2.56196505262254,NULL,0,62.75,NULL,False
250,0.00018338935314027608,candidate,4,5,5390624998.161765,5389678096.817522,0.00012762544732525363,8.042374133914851,-2.6568297545805564,103.5,False,refined,0.45969573957405707,NULL,3.0,65.95969573957406,65.31196505262254,62.75,2.56196505262254,NULL,0,62.75,NULL,False
250,0.00018338935314027608,NULL,5,0,nan,nan,nan,nan,nan,nan,False,NULL,0.25,NULL,0.0,62.75,65.31196505262254,62.75,2.56196505262254,NULL,0,62.75,NULL,True
251,0.00018339255314027718,candidate,0,1,4765624998.374894,4766704971.224325,0.00016233296343437484,9.152710580920944,0.43942861260815036,91.5,False,refined,0.12709341286185838,NULL,3.0,65.87709341286185,65.87709341286185,63.0,2.8770934128618535,NULL,0,63.0,NULL,False
251,0.00018339255314027718,candidate,1,2,2382812499.187447,2386247956.161995,0.00015432464487578164,8.810054432623877,-0.43942861260815036,45.75,False,refined,0.20595612339442781,NULL,3.0,65.95595612339443,65.87709341286185,63.0,2.8770934128618535,NULL,0,63.0,NULL,False
251,0.00018339255314027718,candidate,2,3,5410156248.155105,5406406361.173235,0.00013874828311331516,7.81375022515344,-1.363581981480717,103.875,False,refined,0.41316134006952887,NULL,3.0,66.16316134006954,65.87709341286185,63.0,2.8770934128618535,NULL,0,63.0,NULL,False
251,0.00018339255314027718,candidate,3,4,2236328124.237399,2233333921.380591,0.00013153893926866306,7.350284576403734,-1.8270476302304228,42.9375,False,refined,0.5116477904288413,NULL,3.0,66.26164779042884,65.87709341286185,63.0,2.8770934128618535,NULL,0,63.0,NULL,False
251,0.00018339255314027718,candidate,4,5,2509765624.144155,2513502759.937426,0.0001299445166158905,7.31650786563522,-1.9329751795968075,48.1875,False,refined,0.5233347688795175,NULL,3.0,66.27333476887952,65.87709341286185,63.0,2.8770934128618535,NULL,0,63.0,NULL,False
251,0.00018339255314027718,NULL,5,0,nan,nan,nan,nan,nan,nan,False,NULL,0.25,NULL,0.0,63.0,65.87709341286185,63.0,2.8770934128618535,NULL,0,63.0,NULL,True
252,0.00018339575314027827,candidate,0,1,4785156248.368234,4782951046.530047,0.00019617237050123193,11.550015909806772,1.7753355711082364,91.875,False,refined,0.0,rank_1,0.02639349628391979,65.90348690914577,65.90348690914577,63.25,2.6534869091457693,NULL,0,63.25,NULL,False
252,0.00018339575314027827,candidate,1,2,2402343749.1807866,2406375367.8840985,0.00015990832032301413,9.774680338698536,-1.7753355711082364,46.125,False,refined,0.14475642238948438,rank_2,0.04051127026310733,66.14122381604702,65.90348690914577,63.25,2.6534869091457693,NULL,0,63.25,NULL,False
252,0.00018339575314027827,candidate,2,3,5908203122.985268,5909738194.563237,0.00013971874558938458,8.627660961557204,-2.947663243781955,113.4375,False,refined,0.39007980850279156,NULL,3.0,66.39007980850279,65.90348690914577,63.25,2.6534869091457693,NULL,0,63.25,NULL,False
252,0.00018339575314027827,candidate,3,4,2236328124.237399,2234268185.5334573,0.0001363254341905626,8.2504413915182,-3.16121900914899,42.9375,False,refined,0.46000997934408194,NULL,3.0,66.46000997934408,65.90348690914577,63.25,2.6534869091457693,NULL,0,63.25,NULL,False
252,0.00018339575314027827,candidate,4,5,4257812498.548061,4256265041.8672733,0.00012727967262574696,7.7156419937459475,-3.7575758086050737,81.75,False,refined,0.577502188975925,NULL,3.0,66.57750218897593,65.90348690914577,63.25,2.6534869091457693,NULL,0,63.25,NULL,False
252,0.00018339575314027827,NULL,5,0,nan,nan,nan,nan,nan,nan,False,NULL,0.25,NULL,0.0,63.25,65.90348690914577,63.25,2.6534869091457693,NULL,0,63.25,NULL,True
253,0.00018339895314027936,candidate,0,1,4804687498.361573,4805175332.937472,0.00018010707655046176,11.032629253251622,0.19806429307491769,92.25,False,refined,0.0,rank_1,0.04939189063192523,65.9528787997777,65.9528787997777,63.5,2.452878799777693,NULL,0,63.5,NULL,False
253,0.00018339895314027936,candidate,1,2,5205078123.225038,5206738400.099718,0.00017604656771242174,10.724234301360793,-0.19806429307491769,99.9375,False,refined,0.012379018317182355,NULL,3.0,66.26237901831718,65.9528787997777,63.5,2.452878799777693,NULL,0,63.5,NULL,False
253,0.00018339895314027936,candidate,2,3,2460937499.1608057,2457290828.291056,0.0001572069732457485,9.741119179325386,-1.181179415110325,47.25,False,refined,0.11265583654558742,NULL,3.0,66.36265583654558,65.9528787997777,63.5,2.452878799777693,NULL,0,63.5,NULL,False
253,0.00018339895314027936,candidate,3,4,4248046873.551391,4244646953.884966,0.00013973839012071919,8.584340349409771,-2.204300826904122,81.5625,False,refined,0.3501177492700419,NULL,3.0,66.60011774927004,65.9528787997777,63.5,2.452878799777693,NULL,0,63.5,NULL,False
253,0.00018339895314027936,candidate,4,5,2236328124.237399,2237265428.702946,0.0001246625235066943,7.680957156835628,-3.195897259814755,42.9375,False,refined,0.547600005213078,NULL,3.0,66.79760000521308,65.9528787997777,63.5,2.452878799777693,NULL,0,63.5,NULL,False
253,0.00018339895314027936,NULL,5,0,nan,nan,nan,nan,nan,nan,False,NULL,0.25,NULL,0.0,63.5,65.9528787997777,63.5,2.452878799777693,NULL,0,63.5,NULL,True
254,0.00018340215314028045,candidate,0,1,5195312498.228368,5193210229.054869,0.0002074592443187368,12.484727336991446,1.6162141552817832,99.75,False,refined,0.0,rank_2,0.01830114118187016,66.28068015949904,66.15517075239562,63.75,2.4051707523956196,NULL,0,63.75,NULL,False
254,0.00018340215314028045,candidate,1,2,2783203124.0509114,2779445157.8137374,0.0001722352674867283,10.882754608402525,-1.6162141552817832,53.4375,False,refined,0.10101338470511145,NULL,3.0,66.60101338470511,66.15517075239562,63.75,2.4051707523956196,NULL,0,63.75,NULL,False
254,0.00018340215314028045,candidate,2,3,4218749998.5613813,4219903296.766609,0.00015915337358550572,10.134151174712116,-2.302338855917059,81.0,False,refined,0.14389617849481617,NULL,3.0,66.64389617849481,66.15517075239562,63.75,2.4051707523956196,NULL,0,63.75,NULL,False
254,0.00018340215314028045,candidate,3,4,4814453123.358243,4815765581.74842,0.00015435408973656176,9.796277984693766,-2.5682930133475512,92.4375,False,refined,0.191076615630157,rank_1,0.011215336987777321,66.15517075239562,66.15517075239562,63.75,2.4051707523956196,NULL,0,63.75,NULL,False
254,0.00018340215314028045,candidate,4,5,58593749.98001918,nan,0.00014148797513089686,8.88862635708013,-3.324265205719108,1.125,True,boundary_peak,2.093222621795425,NULL,3.0,68.59322262179542,66.15517075239562,63.75,2.4051707523956196,NULL,0,63.75,NULL,False
254,0.00018340215314028045,NULL,5,0,nan,nan,nan,nan,nan,nan,False,NULL,0.25,NULL,0.0,63.75,66.15517075239562,63.75,2.4051707523956196,NULL,0,63.75,NULL,True
255,0.00018340535314028154,candidate,0,1,5166015623.2383585,5165720012.257808,0.00020881387736520346,12.123502072692016,0.5989123734635182,99.1875,False,refined,0.0,rank_1,0.0755712019549413,66.35625136145399,66.35625136145399,64.0,2.3562513614539853,NULL,0,64.0,NULL,False
255,0.00018340535314028154,candidate,1,2,2802734374.044251,2806371869.3230467,0.00019490085261259882,11.429039841337891,-0.5989123734635182,53.8125,False,refined,0.03743202334146989,rank_2,0.07250477927055696,66.71095018731714,66.35625136145399,64.0,2.3562513614539853,NULL,0,64.0,NULL,False
255,0.00018340535314028154,candidate,2,3,4189453123.5713716,4190595952.215258,0.00018630924738551673,11.072776606780508,-0.9904989238541972,80.4375,False,refined,0.06190618274088733,rank_3,0.08589204446516074,66.79169440570085,66.35625136145399,64.0,2.3562513614539853,NULL,0,64.0,NULL,False
255,0.00018340535314028154,candidate,3,4,5576171873.098493,5572018160.96224,0.00011765483692461645,7.14051064394674,-4.982991428745276,107.0625,False,refined,0.7403603677045687,NULL,3.0,67.49036036770457,66.35625136145399,64.0,2.3562513614539853,NULL,0,64.0,NULL,False
255,0.00018340535314028154,candidate,4,5,58593749.98001918,nan,0.00011482929188145043,6.489887482964596,-5.194133419832676,1.125,True,boundary_peak,2.5699002162948528,NULL,3.0,69.31990021629485,66.35625136145399,64.0,2.3562513614539853,NULL,0,64.0,NULL,False
255,0.00018340535314028154,NULL,5,0,nan,nan,nan,nan,nan,nan,False,NULL,0.25,NULL,0.0,64.0,66.35625136145399,64.0,2.3562513614539853,NULL,0,64.0,NULL,True
256,0.00018340855314028263,candidate,0,1,5156249998.241689,5152762087.0754595,0.00019491568910480158,10.805920998431269,0.5123774636837641,99.0,False,refined,0.0,rank_1,0.016790782503133497,66.37304214395712,66.37304214395712,64.25,2.1230421439571217,NULL,0,64.25,NULL,False
256,0.00018340855314028263,candidate,1,2,4179687498.574702,4182504575.2386746,0.0001837502440047982,10.17464258141735,-0.5123774636837641,80.25,False,refined,0.03202359148023526,rank_3,0.006547038137718523,66.83026503531882,66.37304214395712,64.25,2.1230421439571217,NULL,0,64.25,NULL,False
256,0.00018340855314028263,candidate,2,3,2832031249.0342607,2830428308.3163843,0.00017008953931320158,9.706532603489073,-1.1833838556776222,54.375,False,refined,0.11798160045649042,rank_2,0.05787122570401752,66.88680301347765,66.37304214395712,64.25,2.1230421439571217,NULL,0,64.25,NULL,False
256,0.00018340855314028263,candidate,3,4,4580078123.438167,4578166831.771767,0.00014077324358326132,7.931997815638745,-2.826533605171573,87.9375,False,refined,0.48685867797741156,NULL,3.0,67.48685867797741,66.37304214395712,64.25,2.1230421439571217,NULL,0,64.25,NULL,False
256,0.00018340855314028263,candidate,4,5,4736328123.384884,4739953178.458776,0.0001288643925050822,6.967847573742176,-3.594277338205565,90.9375,False,refined,0.6794651975765214,NULL,3.0,67.67946519757652,66.37304214395712,64.25,2.1230421439571217,NULL,0,64.25,NULL,False
256,0.00018340855314028263,NULL,5,0,nan,nan,nan,nan,nan,nan,False,NULL,0.25,NULL,0.0,64.25,66.37304214395712,64.25,2.1230421439571217,NULL,0,64.25,NULL,True
257,0.00018341175314028372,candidate,0,1,4580078123.438167,4583497000.257416,0.00016709584849737888,10.228990249912178,0.3982391056446044,87.9375,False,refined,0.0,NULL,3.0,67.25,67.01488784555293,64.5,2.514887845552934,NULL,0,64.5,NULL,False
257,0.00018341175314028372,candidate,1,2,2949218748.994299,2948937100.4653764,0.00015960765052182784,9.770390339623187,-0.3982391056446044,56.625,False,refined,0.05933139315930969,NULL,3.0,67.30933139315931,67.01488784555293,64.5,2.514887845552934,NULL,0,64.5,NULL,False
257,0.00018341175314028372,candidate,2,3,5996093747.9552965,nan,0.00015942282054523532,9.406724362093017,-0.4083034292983001,115.125,True,boundary_peak,1.6145103100171911,NULL,3.0,68.8645103100172,67.01488784555293,64.5,2.514887845552934,NULL,0,64.5,NULL,False
257,0.00018341175314028372,candidate,3,4,4179687498.574702,4179564341.9761066,0.00015355248200492428,9.08085140654907,-0.7341763848422467,80.25,False,refined,0.1837583130702798,rank_2,0.0008644971638311248,67.01488784555293,67.01488784555293,64.5,2.514887845552934,NULL,0,64.5,NULL,False
257,0.00018341175314028372,candidate,4,5,4423828123.491448,4423142882.123899,0.00015269343535117007,9.427775726792209,-0.7829058769021113,84.9375,False,refined,0.1347652582875506,NULL,3.0,67.38476525828754,67.01488784555293,64.5,2.514887845552934,NULL,0,64.5,NULL,False
257,0.00018341175314028372,NULL,5,0,nan,nan,nan,nan,nan,nan,False,NULL,0.25,NULL,0.0,64.5,67.01488784555293,64.5,2.514887845552934,NULL,0,64.5,NULL,True
258,0.00018341495314028481,candidate,0,1,2958984373.9909687,2955615725.2619867,0.0001736934077208911,10.874825141289213,0.47534794968131067,56.81249999999999,False,refined,0.0,rank_2,0.004460402917389871,67.3137917960767,67.3093691505981,64.75,2.5593691505981013,NULL,0,64.75,NULL,False
258,0.00018341495314028481,candidate,1,2,4414062498.494779,4413583976.309724,0.000164443207146513,10.545252148306572,-0.47534794968131067,84.75,False,refined,0.029709246855081917,rank_5,0.009137268036428019,67.42361177317905,67.3093691505981,64.75,2.5593691505981013,NULL,0,64.75,NULL,False
258,0.00018341495314028481,candidate,2,3,4570312498.441497,4568024894.74181,0.0001627192370170503,10.586609040352197,-0.5668887310318116,87.75,False,refined,0.035430545689488224,rank_1,0.023938604908604336,67.3093691505981,67.3093691505981,64.75,2.5593691505981013,NULL,0,64.75,NULL,False
258,0.00018341495314028481,candidate,3,4,5976562497.961957,5975457151.739576,0.00013946105978421123,8.950609597225325,-1.9066074920413456,114.75,False,refined,0.2765715286687853,NULL,3.0,67.77657152866878,67.3093691505981,64.75,2.5593691505981013,NULL,0,64.75,NULL,False
258,0.00018341495314028481,candidate,4,5,5205078123.225038,5208439290.157917,0.00012321300978312177,7.997075797351592,-2.982535386528964,99.9375,False,refined,0.4868470920553215,NULL,3.0,67.98684709205533,67.3093691505981,64.75,2.5593691505981013,NULL,0,64.75,NULL,False
258,0.00018341495314028481,NULL,5,0,nan,nan,nan,nan,nan,nan,False,NULL,0.25,NULL,0.0,64.75,67.3093691505981,64.75,2.5593691505981013,NULL,0,64.75,NULL,True
259,0.0001834181531402859,candidate,0,1,2958984373.9909687,2956310064.3811707,0.0001630438440017796,10.491818204644643,1.5613184274242453,56.81249999999999,False,refined,0.0,rank_1,4.821068124292368e-05,67.31384000675794,67.31384000675794,65.0,2.3138400067579425,NULL,0,65.0,NULL,False
259,0.0001834181531402859,candidate,1,2,4560546873.444827,4555710836.882552,0.000136219249921665,8.72093045779847,-1.5613184274242453,87.56250000000001,False,refined,0.2894428330442448,rank_3,0.015163602096114627,67.61397558573846,67.31384000675794,65.0,2.3138400067579425,NULL,0,65.0,NULL,False
259,0.0001834181531402859,candidate,2,3,4404296873.498109,4407791016.8859825,0.00012953950827791728,8.284205650205791,-1.9980432350169242,84.5625,False,refined,0.38224685465768904,rank_2,0.003355837888511361,67.80921446572525,67.31384000675794,65.0,2.3138400067579425,NULL,0,65.0,NULL,False
259,0.0001834181531402859,candidate,3,4,5947265622.971948,5952067591.803114,0.00011891060738224117,7.526033318426668,-2.7416761695547365,114.1875,False,refined,0.5424497628331708,NULL,3.0,68.29244976283317,67.31384000675794,65.0,2.3138400067579425,NULL,0,65.0,NULL,False
259,0.0001834181531402859,candidate,4,5,5781249998.02856,5784113653.106349,0.00010828402819374497,6.727448832071348,-3.554800053151368,111.0,False,refined,0.7130576785112583,NULL,3.0,68.46305767851126,67.31384000675794,65.0,2.3138400067579425,NULL,0,65.0,NULL,False
259,0.0001834181531402859,NULL,5,0,nan,nan,nan,nan,nan,nan,False,NULL,0.25,NULL,0.0,65.0,67.31384000675794,65.0,2.3138400067579425,NULL,0,65.0,NULL,True
260,0.000183421353140287,candidate,0,1,2958984373.9909687,2955607012.785651,0.00014599454039054436,9.40580389291437,0.8885126887998585,56.81249999999999,False,refined,0.08912941606284441,rank_1,4.942815459625747e-05,67.40301885097539,67.40301885097539,65.25,2.1530188509753856,NULL,0,65.25,NULL,False
260,0.000183421353140287,candidate,1,2,5556640623.105153,5553497906.620918,0.0001317986557453219,8.601927785848344,-0.8885126887998585,106.6875,False,refined,0.2652428751727395,NULL,3.0,68.26524287517275,67.40301885097539,65.25,2.1530188509753856,NULL,0,65.25,NULL,False
260,0.000183421353140287,candidate,2,3,5791015623.025229,5795170047.7125025,0.00013026801138543747,8.449467088133842,-0.9899766354593265,111.1875,False,refined,0.2944534764961316,NULL,3.0,68.29445347649613,67.40301885097539,65.25,2.1530188509753856,NULL,0,65.25,NULL,False
260,0.000183421353140287,candidate,3,4,1621093749.4471974,1623460751.9209492,0.00012463369516612873,8.065420844559954,-1.3740228790332143,31.125,False,refined,0.3760633032555828,NULL,3.0,68.37606330325558,67.40301885097539,65.25,2.1530188509753856,NULL,0,65.25,NULL,False
260,0.000183421353140287,candidate,4,5,5185546873.231698,5181975432.676246,0.00011190277357881705,7.149074200386334,-2.3099152860421057,99.5625,False,refined,0.5720085753196815,NULL,3.0,68.57200857531969,67.40301885097539,65.25,2.1530188509753856,NULL,0,65.25,NULL,False
260,0.000183421353140287,NULL,5,0,nan,nan,nan,nan,nan,nan,False,NULL,0.25,NULL,0.0,65.25,67.40301885097539,65.25,2.1530188509753856,NULL,0,65.25,NULL,True
261,0.0001834245531402881,candidate,0,1,5371093748.168426,5374227898.931116,0.0001699194802326285,10.592118628362046,1.7958995752981632,103.125,False,refined,0.0,NULL,3.0,68.25,67.83852977344475,65.5,2.3385297734447477,NULL,0,65.5,NULL,False
261,0.0001834245531402881,candidate,1,2,5791015623.025229,5786843190.992823,0.00013818095573409742,8.70326376515104,-1.7958995752981632,111.1875,False,refined,0.3067541586834793,NULL,3.0,68.55675415868347,67.83852977344475,65.5,2.3385297734447477,NULL,0,65.5,NULL,False
261,0.0001834245531402881,candidate,2,3,1640624999.4405372,1636075224.718488,0.0001379425366383355,8.620238125499498,-1.8108992585938477,31.5,False,refined,0.32014548483719085,NULL,3.0,68.57014548483718,67.83852977344475,65.5,2.3385297734447477,NULL,0,65.5,NULL,False
261,0.0001834245531402881,candidate,3,4,5546874998.108483,5550776887.9709,0.0001340459699377013,8.439375152644937,-2.0597881878042656,106.5,False,refined,0.3628304888410261,NULL,3.0,68.61283048884103,67.83852977344475,65.5,2.3385297734447477,NULL,0,65.5,NULL,False
261,0.0001834245531402881,candidate,4,5,2958984373.9909687,2955415656.1079426,0.0001307872723665819,8.043932332570503,-2.2735537698740504,56.81249999999999,False,refined,0.43550726073155277,rank_1,3.6617378103682884e-06,67.83852977344475,67.83852977344475,65.5,2.3385297734447477,NULL,0,65.5,NULL,False
261,0.0001834245531402881,NULL,5,0,nan,nan,nan,nan,nan,nan,False,NULL,0.25,NULL,0.0,65.5,67.83852977344475,65.5,2.3385297734447477,NULL,0,65.5,NULL,True
262,0.00018342775314028918,candidate,0,1,5380859373.165095,5379234452.708567,0.00020426656567406896,11.086548192301953,2.448219955782811,103.3125,False,refined,0.0,rank_1,0.0025065580726504485,68.25250655807265,68.25250655807265,65.75,2.5025065580726533,NULL,0,65.75,NULL,False
262,0.00018342775314028918,candidate,1,2,5732421873.04521,5734455049.262557,0.0001540941989051008,8.767760528196336,-2.448219955782811,110.06249999999999,False,refined,0.33784966800697536,NULL,3.0,68.83784966800698,68.25250655807265,65.75,2.5025065580726533,NULL,0,65.75,NULL,False
262,0.00018342775314028918,candidate,2,3,4765624998.374894,4763327041.542381,0.00015112321810080645,8.400981078914942,-2.6173218813091825,91.5,False,refined,0.4034354557445826,NULL,3.0,68.90343545574459,68.25250655807265,65.75,2.5025065580726533,NULL,0,65.75,NULL,False
262,0.00018342775314028918,candidate,3,4,4062499998.6146636,4063110074.182868,0.00013451125058711416,7.4577746578743564,-3.628773534427596,78.0,False,refined,0.6081321472205713,NULL,3.0,69.10813214722057,68.25250655807265,65.75,2.5025065580726533,NULL,0,65.75,NULL,False
262,0.00018342775314028918,candidate,4,5,1650390624.437207,1655039918.7187831,0.00011967094601191347,6.454890370653068,-4.644171259889758,31.6875,False,refined,0.8220271481451497,NULL,3.0,69.32202714814515,68.25250655807265,65.75,2.5025065580726533,NULL,0,65.75,NULL,False
262,0.00018342775314028918,NULL,5,0,nan,nan,nan,nan,nan,nan,False,NULL,0.25,NULL,0.0,65.75,68.25250655807265,65.75,2.5025065580726533,NULL,0,65.75,NULL,True
263,0.00018343095314029027,candidate,0,1,5351562498.175086,5355086296.140349,0.00019442767904623778,11.530138003059767,0.55722164538623,102.75,False,refined,0.0,rank_1,0.05831334656431352,68.31081990463697,68.31081990463697,66.0,2.310819904636972,NULL,0,66.0,NULL,False
263,0.00018343095314029027,candidate,1,2,4775390623.371564,4774219751.74044,0.0001823463227402457,10.808896706778572,-0.55722164538623,91.6875,False,refined,0.034826352836639374,NULL,3.0,68.78482635283665,68.31081990463697,66.0,2.310819904636972,NULL,0,66.0,NULL,False
263,0.00018343095314029027,candidate,2,3,3320312498.867754,3318896957.6163945,0.0001512268551400951,9.333136193967384,-2.1825834210963624,63.75,False,refined,0.23644103472341504,NULL,3.0,68.98644103472341,68.31081990463697,66.0,2.310819904636972,NULL,0,66.0,NULL,False
263,0.00018343095314029027,candidate,3,4,4335937498.52142,4334733062.339974,0.0001467496741199055,8.922499424774513,-2.4436189273902897,83.25,False,refined,0.3143512692457162,NULL,3.0,69.06435126924572,68.31081990463697,66.0,2.310819904636972,NULL,0,66.0,NULL,False
263,0.00018343095314029027,candidate,4,5,5732421873.04521,5735689745.89317,0.00013796738775227686,8.386485345189847,-2.9796330069749555,110.06249999999999,False,refined,0.4282542611574577,NULL,3.0,69.17825426115746,68.31081990463697,66.0,2.310819904636972,NULL,0,66.0,NULL,False
263,0.00018343095314029027,NULL,5,0,nan,nan,nan,nan,nan,nan,False,NULL,0.25,NULL,0.0,66.0,68.31081990463697,66.0,2.310819904636972,NULL,0,66.0,NULL,True
264,0.00018343415314029136,candidate,0,1,4775390623.371564,4775924173.827445,0.0002231524888913232,12.432464262137426,1.1967489230829997,91.6875,False,refined,0.0,rank_2,0.00029050546506693265,68.78511685830172,68.43776681886715,66.25,2.1877668188671464,NULL,0,66.25,NULL,False
264,0.00018343415314029136,candidate,1,2,3330078123.8644238,3332229572.6956453,0.00019443045337887429,11.276274408246358,-1.1967489230829997,63.9375,False,refined,0.07479680769268748,NULL,3.0,69.07479680769269,68.43776681886715,66.25,2.1877668188671464,NULL,0,66.25,NULL,False
264,0.00018343415314029136,candidate,2,3,5341796873.178415,5337124007.987334,0.0001874371651708254,10.949735154332965,-1.5149205545757116,102.56249999999999,False,refined,0.09468253466098198,rank_1,0.0322643795691948,68.43776681886715,68.43776681886715,66.25,2.1877668188671464,NULL,0,66.25,NULL,False
264,0.00018343415314029136,candidate,3,4,4316406248.52808,4321156667.577334,0.00018295570701493745,10.739540231639335,-1.7251154772693411,82.875,False,refined,0.10781971732933382,NULL,3.0,69.10781971732933,68.43776681886715,66.25,2.1877668188671464,NULL,0,66.25,NULL,False
264,0.00018343415314029136,candidate,4,5,4921874998.321611,4925678859.709699,0.00016897840099915092,10.05761255421704,-2.415410777112319,94.5,False,refined,0.15096317356951994,NULL,3.0,69.15096317356952,68.43776681886715,66.25,2.1877668188671464,NULL,0,66.25,NULL,False
264,0.00018343415314029136,NULL,5,0,nan,nan,nan,nan,nan,nan,False,NULL,0.25,NULL,0.0,66.25,68.43776681886715,66.25,2.1877668188671464,NULL,0,66.25,NULL,True
265,0.00018343735314029245,candidate,0,1,4775390623.371564,4775535758.440192,0.00023134085301894166,12.543679862113875,1.6619168189748645,91.6875,False,refined,0.0,rank_1,1.5086651305474852e-05,68.78513194495302,68.78513194495302,66.5,2.2851319449530223,NULL,0,66.5,NULL,False
265,0.00018343735314029245,candidate,1,2,4941406248.314951,4942388583.389956,0.00019105415702664775,10.88176304313901,-1.6619168189748645,94.87499999999999,False,refined,0.10386980118592903,rank_5,0.027921486547056815,69.2827544613025,68.78513194495302,66.5,2.2851319449530223,NULL,0,66.5,NULL,False
265,0.00018343735314029245,candidate,2,3,4316406248.52808,4320061701.891007,0.00019027456394304327,10.79307911738744,-1.6974319456804388,82.875,False,refined,0.10608949660502742,rank_4,0.00011989498542335158,69.21402910891977,68.78513194495302,66.5,2.2851319449530223,NULL,0,66.5,NULL,False
265,0.00018343735314029245,candidate,3,4,3369140623.8511033,3369499728.6819873,0.0001579684783041246,9.230041902781307,-3.313637959332567,64.6875,False,refined,0.32259608704108933,rank_2,0.1389064527246261,69.53629934745841,68.78513194495302,66.5,2.2851319449530223,NULL,0,66.5,NULL,False
265,0.00018343735314029245,candidate,4,5,5566406248.101823,5570139385.059818,0.00015681993384446082,9.087810663098601,-3.37702132609782,106.875,False,refined,0.3478922334163236,NULL,3.0,69.59789223341632,68.78513194495302,66.5,2.2851319449530223,NULL,0,66.5,NULL,False
265,0.00018343735314029245,NULL,5,0,nan,nan,nan,nan,nan,nan,False,NULL,0.25,NULL,0.0,66.5,68.78513194495302,66.5,2.2851319449530223,NULL,0,66.5,NULL,True
266,0.00018344055314029354,candidate,0,1,4814453123.358243,4809659798.52101,0.00018879787943028108,10.919395668174863,0.22580785439714646,92.4375,False,refined,0.0,rank_1,0.11644501114372852,68.90157695609675,68.90157695609675,66.75,2.151576956096747,NULL,0,66.75,NULL,False
266,0.00018344055314029354,candidate,1,2,4951171873.311622,4949881843.468387,0.0001839529340802768,10.693587813777716,-0.22580785439714646,95.06250000000001,False,refined,0.014112990899821654,rank_2,0.005614894660299541,69.30248234686262,68.90157695609675,66.75,2.151576956096747,NULL,0,66.75,NULL,False
266,0.00018344055314029354,candidate,2,3,5419921873.151774,5420135175.811256,0.00018056937583754403,10.381380802548312,-0.38706030325812435,104.0625,False,refined,0.024191268953632772,NULL,3.0,69.52419126895363,68.90157695609675,66.75,2.151576956096747,NULL,0,66.75,NULL,False
266,0.00018344055314029354,candidate,3,4,4335937498.52142,4336863090.031037,0.0001715161234238048,9.992285436708466,-0.8338431946716085,83.25,False,refined,0.05327238416070568,rank_3,0.028228664343193762,69.29553015742367,68.90157695609675,66.75,2.151576956096747,NULL,0,66.75,NULL,False
266,0.00018344055314029354,candidate,4,5,5615234373.085172,5613668052.648984,0.00016038339589046768,9.502641524046638,-1.416754144128225,107.8125,False,refined,0.1631509054010184,NULL,3.0,69.66315090540103,68.90157695609675,66.75,2.151576956096747,NULL,0,66.75,NULL,False
266,0.00018344055314029354,NULL,5,0,nan,nan,nan,nan,nan,nan,False,NULL,0.25,NULL,0.0,66.75,68.90157695609675,66.75,2.151576956096747,NULL,0,66.75,NULL,True
267,0.00018344375314029463,candidate,0,1,4541015623.451487,4541104238.933535,0.00022579698213357963,12.647209707879732,1.175706078719454,87.1875,False,refined,0.0,NULL,3.0,69.75,69.05659313701106,67.0,2.0565931370110633,NULL,0,67.0,NULL,False
267,0.00018344375314029463,candidate,1,2,5654296873.071852,5654398617.040356,0.00019721176918975267,11.471503629160278,-1.175706078719454,108.5625,False,refined,0.07348162991996587,NULL,3.0,69.82348162991997,69.05659313701106,67.0,2.0565931370110633,NULL,0,67.0,NULL,False
267,0.00018344375314029463,candidate,2,3,5439453123.145114,5442953223.105846,0.00017918731151515084,10.626689503696225,-2.008217592947732,104.43749999999999,False,refined,0.12551359955923325,rank_3,0.05206632823381459,69.70177119674668,69.05659313701106,67.0,2.0565931370110633,NULL,0,67.0,NULL,False
267,0.00018344375314029463,candidate,3,4,4824218748.354913,4822549529.484791,0.00017498338014632246,10.383055573335742,-2.2144266317193484,92.625,False,refined,0.13840166448245927,rank_1,0.016614516431863926,69.05659313701106,69.05659313701106,67.0,2.0565931370110633,NULL,0,67.0,NULL,False
267,0.00018344375314029463,candidate,4,5,2812499999.0409207,2809412608.469148,0.00015586191657242075,9.37791978854178,-3.2195624165133108,53.99999999999999,False,refined,0.29453468275081496,NULL,3.0,70.04453468275082,69.05659313701106,67.0,2.0565931370110633,NULL,0,67.0,NULL,False
267,0.00018344375314029463,NULL,5,0,nan,nan,nan,nan,nan,nan,False,NULL,0.25,NULL,0.0,67.0,69.05659313701106,67.0,2.0565931370110633,NULL,0,67.0,NULL,True
268,0.00018344695314029573,candidate,0,1,4550781248.448156,4546520123.639903,0.00025058638573319464,13.872701548950834,1.982600470046405,87.37499999999999,False,refined,0.0,rank_1,0.002933180715267563,69.75293318071527,69.37495037220933,67.25,2.1249503722093266,NULL,0,67.25,NULL,False
268,0.00018344695314029573,candidate,1,2,5273437498.201727,5274174525.289381,0.0001994469726845192,11.885928471891383,-1.982600470046405,101.25,False,refined,0.12391252937790032,NULL,3.0,70.1239125293779,69.37495037220933,67.25,2.1249503722093266,NULL,0,67.25,NULL,False
268,0.00018344695314029573,candidate,2,3,5664062498.0685215,5665237454.659233,0.00019253461925611853,11.49456577638099,-2.2889728353998606,108.75,False,refined,0.1430608022124913,rank_2,0.011748040092839213,69.9782904722253,69.37495037220933,67.25,2.1249503722093266,NULL,0,67.25,NULL,False
268,0.00018344695314029573,candidate,3,4,5468749998.135124,5463933680.538818,0.00018483726552030613,11.19658697430137,-2.6433587458052266,105.0,False,refined,0.16520992161282666,rank_3,0.04401795940967482,69.91099907776918,69.37495037220933,67.25,2.1249503722093266,NULL,0,67.25,NULL,False
268,0.00018344695314029573,candidate,4,5,4853515623.344923,4855933220.70871,0.00017117067026124186,10.562139129353021,-3.3105624195978134,93.18750000000001,False,refined,0.20691015122486334,rank_4,0.11144708397339607,69.37495037220933,69.37495037220933,67.25,2.1249503722093266,NULL,0,67.25,NULL,False
268,0.00018344695314029573,NULL,5,0,nan,nan,nan,nan,nan,nan,False,NULL,0.25,NULL,0.0,67.25,69.37495037220933,67.25,2.1249503722093266,NULL,0,67.25,NULL,True
269,0.00018345015314029682,candidate,0,1,5253906248.208387,5255028052.227668,0.00021012645836163374,11.793948607245497,1.0856036888706289,100.875,False,refined,0.0,rank_2,0.03665874307029099,70.1605712724482,69.62666583241345,67.5,2.126665832413451,NULL,0,67.5,NULL,False
269,0.00018345015314029682,candidate,1,2,4541015623.451487,4544293785.940333,0.00018543877777206616,10.708344918374868,-1.0856036888706289,87.1875,False,refined,0.0678502305544143,rank_1,0.0004956579552525314,69.82127906922494,69.62666583241345,67.5,2.126665832413451,NULL,0,67.5,NULL,False
269,0.00018345015314029682,candidate,2,3,5673828123.065191,5671074474.223349,0.00017181516304342993,9.921495970611609,-1.7483850412536128,108.9375,False,refined,0.12104966948660945,rank_3,0.0034070797391867382,70.1027472214511,69.62666583241345,67.5,2.126665832413451,NULL,0,67.5,NULL,False
269,0.00018345015314029682,candidate,3,4,4873046873.338263,4875615744.587494,0.00016294705276801222,9.500450020052336,-2.208684617409302,93.5625,False,refined,0.21297528558023104,rank_5,0.03874017462389095,69.62666583241345,69.62666583241345,67.5,2.126665832413451,NULL,0,67.5,NULL,False
269,0.00018345015314029682,candidate,4,5,4667968748.4081955,4666224793.781895,0.00016198927265177951,9.492688966958518,-2.259889704865614,89.625,False,refined,0.2173397615103232,NULL,3.0,70.46733976151032,69.62666583241345,67.5,2.126665832413451,NULL,0,67.5,NULL,False
269,0.00018345015314029682,NULL,5,0,nan,nan,nan,nan,nan,nan,False,NULL,0.25,NULL,0.0,67.5,69.62666583241345,67.5,2.126665832413451,NULL,0,67.5,NULL,True
270,0.0001834533531402979,candidate,0,1,5214843748.221707,5214091648.6107435,0.00016087701512504068,9.106894364017473,1.0572919025549066,100.125,False,refined,0.1339658453973791,rank_1,0.1675789141087732,70.46211603195435,70.46211603195435,67.75,2.712116031954352,NULL,0,67.75,NULL,False
270,0.0001834533531402979,candidate,1,2,4697265623.398205,4698287396.355708,0.00014243916028587556,7.933207165656029,-1.0572919025549066,90.1875,False,refined,0.37609966906127734,NULL,3.0,70.87609966906128,70.46211603195435,67.75,2.712116031954352,NULL,0,67.75,NULL,False
270,0.0001834533531402979,candidate,2,3,4023437498.627984,4025336834.52888,0.00014054287928913555,7.785579126031443,-1.1737030644049629,77.25,False,refined,0.4055195726205937,NULL,3.0,70.90551957262059,70.46211603195435,67.75,2.712116031954352,NULL,0,67.75,NULL,False
270,0.0001834533531402979,candidate,3,4,3095703123.944347,3097349789.7706923,0.00013387914092127318,7.395957437139309,-1.5956216592009564,59.4375,False,refined,0.49033273812916345,NULL,3.0,70.99033273812917,70.46211603195435,67.75,2.712116031954352,NULL,0,67.75,NULL,False
270,0.0001834533531402979,candidate,4,5,5664062498.0685215,5666819871.08117,0.0001338199815594517,7.507433680680435,-1.5994606833370373,108.75,False,refined,0.4738512406064995,rank_3,0.0018101647897435468,70.57840862684733,70.46211603195435,67.75,2.712116031954352,NULL,0,67.75,NULL,False
270,0.0001834533531402979,NULL,5,0,nan,nan,nan,nan,nan,nan,False,NULL,0.25,NULL,0.0,67.75,70.46211603195435,67.75,2.712116031954352,NULL,0,67.75,NULL,True
271,0.000183456553140299,candidate,0,1,58593749.98001918,nan,0.0001787108542455048,10.215254913718663,0.44205836848013824,1.125,True,boundary_peak,1.71875,NULL,3.0,72.46875,70.77789585499792,68.0,2.7778958549979222,NULL,0,68.0,NULL,False
271,0.000183456553140299,candidate,1,2,4033203123.624654,4032070090.3198857,0.00016984314079405074,9.998218620213928,-0.44205836848013824,77.4375,False,refined,0.027895854997919467,NULL,3.0,70.77789585499792,70.77789585499792,68.0,2.7778958549979222,NULL,0,68.0,NULL,False
271,0.000183456553140299,candidate,2,3,2558593749.1275043,2562544653.30257,0.0001330764910347232,7.787666295472233,-2.5609917982597263,49.125,False,refined,0.49191204307039793,NULL,3.0,71.2419120430704,70.77789585499792,68.0,2.7778958549979222,NULL,0,68.0,NULL,False
271,0.000183456553140299,candidate,3,4,5205078123.225038,5205109513.85382,0.0001298515703225512,7.517393964401817,-2.7740744951470564,99.9375,False,refined,0.5457705612864184,rank_1,0.008067874479153633,71.01595446771992,70.77789585499792,68.0,2.7778958549979222,NULL,0,68.0,NULL,False
271,0.000183456553140299,candidate,4,5,4746093748.381554,4750175606.843181,0.00012698986849516471,7.3481005420604895,-2.967637146219797,91.12499999999999,False,refined,0.5832622403296639,NULL,3.0,71.33326224032966,70.77789585499792,68.0,2.7778958549979222,NULL,0,68.0,NULL,False
271,0.000183456553140299,NULL,5,0,nan,nan,nan,nan,nan,nan,False,NULL,0.25,NULL,0.0,68.0,70.77789585499792,68.0,2.7778958549979222,NULL,0,68.0,NULL,True
272,0.0001834597531403001,candidate,0,1,2841796874.0309305,2844207935.2563877,0.0002701411166931524,11.682218301271119,1.0559755448465324,54.5625,False,refined,0.0,NULL,3.0,71.0,71.0,68.25,2.75,NULL,0,68.25,NULL,False
272,0.0001834597531403001,candidate,1,2,2558593749.1275043,2554574852.393795,0.00023921693055280164,10.790877302131614,-1.0559755448465324,49.125,False,refined,0.06599847155290828,NULL,3.0,71.0659984715529,71.0,68.25,2.75,NULL,0,68.25,NULL,False
272,0.0001834597531403001,candidate,2,3,2675781249.087543,2679783340.8501515,0.00022229060100891076,10.077369978851243,-1.6933918147891447,51.375,False,refined,0.10583698842432154,NULL,3.0,71.10583698842431,71.0,68.25,2.75,NULL,0,68.25,NULL,False
272,0.0001834597531403001,candidate,3,4,2441406249.167466,2442767109.7410507,0.00022181214743652433,10.134745559028415,-1.7121072879497312,46.875,False,refined,0.1070067054968582,NULL,3.0,71.10700670549686,71.0,68.25,2.75,NULL,0,68.25,NULL,False
272,0.0001834597531403001,candidate,4,5,58593749.98001918,nan,0.0002209834178753322,9.631046278735482,-1.7446200883343455,1.125,True,boundary_peak,1.8831318137105741,NULL,3.0,72.88313181371058,71.0,68.25,2.75,NULL,0,68.25,NULL,False
272,0.0001834597531403001,NULL,5,0,nan,nan,nan,nan,nan,nan,False,NULL,0.25,NULL,0.0,68.25,71.0,68.25,2.75,NULL,0,68.25,NULL,True
273,0.00018346295314030118,candidate,0,1,2841796874.0309305,2842901937.436311,0.0004706996713282865,14.865858548402846,1.812872647748076,54.5625,False,refined,0.0,rank_1,0.0001705630306045726,71.00017056303061,71.00017056303061,68.5,2.5001705630306077,NULL,0,68.5,NULL,False
273,0.00018346295314030118,candidate,1,2,2314453124.2107577,2311514320.9858646,0.0003820324579434187,13.05298590065477,-1.812872647748076,44.4375,False,refined,0.11330454048425476,NULL,3.0,71.36330454048425,71.00017056303061,68.5,2.5001705630306077,NULL,0,68.5,NULL,False
273,0.00018346295314030118,candidate,2,3,2695312499.0808825,2694867977.0800743,0.00033664968297569044,11.954544843843022,-2.9113137045598236,51.75,False,refined,0.18195710653498898,rank_3,0.022754625018909867,71.31054871997821,71.00017056303061,68.5,2.5001705630306077,NULL,0,68.5,NULL,False
273,0.00018346295314030118,candidate,3,4,2539062499.134165,2538101396.461566,0.00033087340318946643,11.804217815074995,-3.0616407333278506,48.75,False,refined,0.19135254583299066,rank_2,0.027137475035109222,71.28448849242099,71.00017056303061,68.5,2.5001705630306077,NULL,0,68.5,NULL,False
273,0.00018346295314030118,candidate,4,5,1982421874.3239825,1979174241.3841908,0.0003066101568987189,11.142711394910414,-3.723147153492432,38.0625,False,refined,0.232696697093277,NULL,3.0,71.48269669709327,71.00017056303061,68.5,2.5001705630306077,NULL,0,68.5,NULL,False
273,0.00018346295314030118,NULL,5,0,nan,nan,nan,nan,nan,nan,False,NULL,0.25,NULL,0.0,68.5,71.00017056303061,68.5,2.5001705630306077,NULL,0,68.5,NULL,True
274,0.00018346615314030227,candidate,0,1,3447265623.824462,3443612075.2218804,0.000570830871238354,15.812100447013968,1.3952718091619865,66.1875,False,refined,0.0,NULL,3.0,71.5,71.08806157116744,68.75,2.3380615711674437,NULL,0,68.75,NULL,False
274,0.00018346615314030227,candidate,1,2,2841796874.0309305,2840281784.646489,0.0004861204170302375,14.416828637851982,-1.3952718091619865,54.5625,False,refined,0.08720448807262415,rank_1,0.0006865200642010042,71.08806157116744,71.08806157116744,68.75,2.3380615711674437,NULL,0,68.75,NULL,False
274,0.00018346615314030227,candidate,2,3,2343749999.2007675,2344974472.044704,0.00046541593802782783,14.038776431589675,-1.7733240154242935,45.0,False,refined,0.11083275096401835,rank_2,0.11195817088803461,71.5860954623363,71.08806157116744,68.75,2.3380615711674437,NULL,0,68.75,NULL,False
274,0.00018346615314030227,candidate,3,4,2011718749.313992,2010935031.3042989,0.00033358805560019394,11.146161241148969,-4.6659392058649996,38.625,False,refined,0.29162120036656247,NULL,3.0,71.79162120036656,71.08806157116744,68.75,2.3380615711674437,NULL,0,68.75,NULL,False
274,0.00018346615314030227,candidate,4,5,3173828123.917706,3175982254.3310385,0.00029728283299055496,10.023262546903187,-5.666752425353234,60.9375,False,refined,0.35417202658457714,NULL,3.0,71.85417202658458,71.08806157116744,68.75,2.3380615711674437,NULL,0,68.75,NULL,False
274,0.00018346615314030227,NULL,5,0,nan,nan,nan,nan,nan,nan,False,NULL,0.25,NULL,0.0,68.75,71.08806157116744,68.75,2.3380615711674437,NULL,0,68.75,NULL,True
275,0.00018346935314030336,candidate,0,1,3457031248.821132,3454298703.5931196,0.0007294006847630136,19.261619988168157,4.619441134726836,66.375,False,refined,0.0,rank_1,0.01142040259449743,71.5114204025945,71.5114204025945,69.0,2.5114204025944957,NULL,0,69.0,NULL,False
275,0.00018346935314030336,candidate,1,2,3203124998.9077153,3205246376.4682937,0.00039452447091430944,13.923775575955597,-5.337844412212558,61.49999999999999,False,refined,0.33361527576328487,NULL,3.0,72.08361527576328,71.5114204025945,69.0,2.5114204025944957,NULL,0,69.0,NULL,False
275,0.00018346935314030336,candidate,2,3,3632812498.7611895,3634658872.2210608,0.0003784622198752939,13.562747302273594,-5.69887268589456,69.75,False,refined,0.35617954286841,NULL,3.0,72.1061795428684,71.5114204025945,69.0,2.5114204025944957,NULL,0,69.0,NULL,False
275,0.00018346935314030336,candidate,3,4,2353515624.1974373,2357482509.4836965,0.00034762956752986746,12.824630816998397,-6.436989171169758,45.1875,False,refined,0.4023118231981099,rank_3,0.015645100057523807,72.00405238559193,71.5114204025945,69.0,2.5114204025944957,NULL,0,69.0,NULL,False
275,0.00018346935314030336,candidate,4,5,2900390624.0109496,2902052932.3503585,0.00031834641054098674,12.060295802603207,-7.201324185564948,55.6875,False,refined,0.45008276159780924,rank_2,0.3815674688653243,71.91971180163058,71.5114204025945,69.0,2.5114204025944957,NULL,0,69.0,NULL,False
275,0.00018346935314030336,NULL,5,0,nan,nan,nan,nan,nan,nan,False,NULL,0.25,NULL,0.0,69.0,71.5114204025945,69.0,2.5114204025944957,NULL,0,69.0,NULL,True
276,0.00018347255314030446,candidate,0,1,3466796873.817802,3470524040.892072,0.0006075399020831052,21.29577227860592,0.8053687831753464,66.5625,False,refined,0.0,rank_1,0.026326157046478182,71.53774655964098,71.53774655964098,69.25,2.287746559640979,NULL,0,69.25,NULL,False
276,0.00018347255314030446,candidate,1,2,3642578123.757859,3645647656.497675,0.0005537406009568369,20.490403495430574,-0.8053687831753464,69.9375,False,refined,0.05033554894845915,NULL,3.0,72.05033554894845,71.53774655964098,69.25,2.287746559640979,NULL,0,69.25,NULL,False
276,0.00018347255314030446,candidate,2,3,3193359373.9110456,3191637423.855408,0.00031264533270682423,15.526473129493326,-5.770457142202208,61.3125,False,refined,0.360653571387638,NULL,3.0,72.36065357138764,71.53774655964098,69.25,2.287746559640979,NULL,0,69.25,NULL,False
276,0.00018347255314030446,candidate,3,4,4169921873.578032,4168459351.501026,0.00024071058279816204,13.208873888618848,-8.041592449612365,80.0625,False,refined,0.5025995281007728,NULL,3.0,72.50259952810077,71.53774655964098,69.25,2.287746559640979,NULL,0,69.25,NULL,False
276,0.00018347255314030446,candidate,4,5,4023437498.627984,4020978607.3902154,0.00023965466395411676,13.217151840144394,-8.079778431551139,77.25,False,refined,0.5049861519719462,NULL,3.0,72.50498615197195,71.53774655964098,69.25,2.287746559640979,NULL,0,69.25,NULL,False
276,0.00018347255314030446,NULL,5,0,nan,nan,nan,nan,nan,nan,False,NULL,0.25,NULL,0.0,69.25,71.53774655964098,69.25,2.287746559640979,NULL,0,69.25,NULL,True
277,0.00018347575314030555,candidate,0,1,3642578123.757859,3647048202.780409,0.0006026975340147362,21.2679020158245,5.741625870731326,69.9375,False,refined,0.0,rank_2,0.00019615298900797938,72.05053170193746,71.89803418254105,69.5,2.3980341825410534,NULL,0,69.5,NULL,False
277,0.00018347575314030555,candidate,1,2,3466796873.817802,3466734573.9382935,0.00031118461765160146,15.420693326290262,-5.741625870731326,66.5625,False,refined,0.3588516169207079,rank_1,0.0014360059793781152,71.89803418254105,71.89803418254105,69.5,2.3980341825410534,NULL,0,69.5,NULL,False
277,0.00018347575314030555,candidate,2,3,4042968748.6213236,4038853171.442309,0.00021993795229296155,12.511917271170194,-8.755984744654306,77.625,False,refined,0.5472490465408941,NULL,3.0,72.7972490465409,71.89803418254105,69.5,2.3980341825410534,NULL,0,69.5,NULL,False
277,0.00018347575314030555,candidate,3,4,3857421873.6845965,3861632784.8766346,0.00019799738537765662,11.480945472108193,-9.668799184535555,74.0625,False,refined,0.6042999490334722,NULL,3.0,72.85429994903348,71.89803418254105,69.5,2.3980341825410534,NULL,0,69.5,NULL,False
277,0.00018347575314030555,candidate,4,5,5830078123.011909,5827034291.026316,0.00019339378770113564,11.345348318999635,-9.873137903797131,111.93749999999999,False,refined,0.6170711189873207,NULL,3.0,72.86707111898733,71.89803418254105,69.5,2.3980341825410534,NULL,0,69.5,NULL,False
277,0.00018347575314030555,NULL,5,0,nan,nan,nan,nan,nan,nan,False,NULL,0.25,NULL,0.0,69.5,71.89803418254105,69.5,2.3980341825410534,NULL,0,69.5,NULL,True
278,0.00018347895314030664,candidate,0,1,3652343748.7545295,3649482839.251709,0.0005163531459240132,18.63541935329141,4.672882841607153,70.125,False,refined,0.0,rank_1,0.0005927454747384725,72.05112444741219,72.05112444741219,69.75,2.3011244474121924,NULL,0,69.75,NULL,False
278,0.00018347895314030664,candidate,1,2,3906249998.667946,3910277660.345267,0.00030151066965009574,13.995003221305709,-4.672882841607153,75.0,False,refined,0.2920551776004471,NULL,3.0,72.79205517760045,72.05112444741219,69.75,2.3011244474121924,NULL,0,69.75,NULL,False
278,0.00018347895314030664,candidate,2,3,4042968748.6213236,4039917096.3718023,0.00020447609936215692,10.621800553032479,-8.046085509880383,77.625,False,refined,0.5028803443675239,NULL,3.0,73.00288034436753,72.05112444741219,69.75,2.3011244474121924,NULL,0,69.75,NULL,False
278,0.00018347895314030664,candidate,3,4,3437499998.827792,3432632052.7147675,0.00018381077382067376,9.537638660986731,-8.971517279164214,66.0,False,refined,0.6300740307997537,rank_2,0.11629819538010412,72.64440640872091,72.05112444741219,69.75,2.3011244474121924,NULL,0,69.75,NULL,False
278,0.00018347895314030664,candidate,4,5,5830078123.011909,5827405401.481524,0.00018354359543703468,9.68373421311405,-8.984151849798812,111.93749999999999,False,refined,0.6089493586453182,NULL,3.0,73.10894935864532,72.05112444741219,69.75,2.3011244474121924,NULL,0,69.75,NULL,False
278,0.00018347895314030664,NULL,5,0,nan,nan,nan,nan,nan,nan,False,NULL,0.25,NULL,0.0,69.75,72.05112444741219,69.75,2.3011244474121924,NULL,0,69.75,NULL,True
279,0.00018348215314030773,candidate,0,1,3701171873.737879,3697882213.30717,0.00043840648421668077,16.9234169840537,2.3445214103827716,71.0625,False,refined,0.0,rank_1,0.23424994089604248,72.28537438830824,72.28537438830824,70.0,2.2853743883082416,NULL,0,70.0,NULL,False
279,0.00018348215314030773,candidate,1,2,3886718748.674606,3885196961.218785,0.0003346962900249388,14.578895573670927,-2.3445214103827716,74.625,False,refined,0.14653258814892323,NULL,3.0,72.89653258814893,72.28537438830824,70.0,2.2853743883082416,NULL,0,70.0,NULL,False
279,0.00018348215314030773,candidate,2,3,4033203123.624654,4032496854.249813,0.00022935439910324264,11.24104070541562,-5.627397888872059,77.4375,False,refined,0.3517123680545037,NULL,3.0,73.1017123680545,72.28537438830824,70.0,2.2853743883082416,NULL,0,70.0,NULL,False
279,0.00018348215314030773,candidate,3,4,5166015623.2383585,5167660569.288211,0.00021864779932195705,10.880779816665962,-6.042637167387737,99.1875,False,refined,0.37766482296173354,NULL,3.0,73.12766482296173,72.28537438830824,70.0,2.2853743883082416,NULL,0,70.0,NULL,False
279,0.00018348215314030773,candidate,4,5,3427734373.8311224,3428383388.307426,0.00019940696366519057,10.080684017975887,-6.842732966077811,65.8125,False,refined,0.4276708103798632,rank_4,0.0018051149246210334,73.0738823340254,72.28537438830824,70.0,2.2853743883082416,NULL,0,70.0,NULL,False
279,0.00018348215314030773,NULL,5,0,nan,nan,nan,nan,nan,nan,False,NULL,0.25,NULL,0.0,70.0,72.28537438830824,70.0,2.2853743883082416,NULL,0,70.0,NULL,True
280,0.00018348535314030882,candidate,0,1,3740234373.724558,3741761148.588072,0.0008444490208097952,22.36930603171162,4.753522302886886,71.8125,False,refined,0.0,rank_1,0.19253609613855782,72.4779104844468,72.4779104844468,70.25,2.227910484446795,NULL,0,70.25,NULL,False
280,0.00018348535314030882,candidate,1,2,3974609373.6446347,3972808942.4808874,0.00026638616360166457,12.34807056963243,-10.02123546207919,76.3125,False,refined,0.6263272163799494,NULL,3.0,73.62632721637995,72.4779104844468,70.25,2.227910484446795,NULL,0,70.25,NULL,False
280,0.00018348535314030882,candidate,2,3,3496093748.8078113,3497084216.61841,0.00024632515226862857,11.66801250138918,-10.70129353032244,67.125,False,refined,0.6688308456451525,NULL,3.0,73.66883084564515,72.4779104844468,70.25,2.227910484446795,NULL,0,70.25,NULL,False
280,0.00018348535314030882,candidate,3,4,3603515623.77118,3603241078.670032,0.0002417120082825083,11.503801837818317,-10.865504193893303,69.1875,False,refined,0.6790940121183314,NULL,3.0,73.67909401211833,72.4779104844468,70.25,2.227910484446795,NULL,0,70.25,NULL,False
280,0.00018348535314030882,candidate,4,5,5146484373.245018,5149504751.56421,0.00020494313458928762,10.01234520945859,-12.298801240406672,98.81249999999999,False,refined,0.75,NULL,3.0,73.75,72.4779104844468,70.25,2.227910484446795,NULL,0,70.25,NULL,False
280,0.00018348535314030882,NULL,5,0,nan,nan,nan,nan,nan,nan,False,NULL,0.25,NULL,0.0,70.25,72.4779104844468,70.25,2.227910484446795,NULL,0,70.25,NULL,True
281,0.0001834885531403099,candidate,0,1,3759765623.717898,3762947898.2424917,0.0013661186814993378,26.470406555342308,12.080977590581599,72.1875,False,refined,0.0,rank_1,0.044887836091906164,72.5227983205387,72.5227983205387,70.5,2.0227983205386977,NULL,0,70.5,NULL,False
281,0.0001834885531403099,candidate,1,2,3359374998.8544335,3359655285.004822,0.0002801775842598131,12.68879908210911,-13.761100877880912,64.5,False,refined,0.75,NULL,3.0,74.0,72.5227983205387,70.5,2.0227983205386977,NULL,0,70.5,NULL,False
281,0.0001834885531403099,candidate,2,3,3974609373.6446347,3975309647.483569,0.0002532683920279379,11.811751215815463,-14.63814874417456,76.3125,False,refined,0.75,NULL,3.0,74.0,72.5227983205387,70.5,2.0227983205386977,NULL,0,70.5,NULL,False
281,0.0001834885531403099,candidate,3,4,3564453123.7845006,3561616918.528414,0.0002295823288369683,10.979407088711222,-15.490999466631088,68.4375,False,refined,0.75,NULL,3.0,74.0,72.5227983205387,70.5,2.0227983205386977,NULL,0,70.5,NULL,False
281,0.0001834885531403099,candidate,4,5,4677734373.404865,4674362376.713665,0.00018937111636848755,9.28430805912841,-17.16349381783089,89.8125,False,refined,0.8573537911307385,NULL,3.0,74.10735379113073,72.5227983205387,70.5,2.0227983205386977,NULL,0,70.5,NULL,False
281,0.0001834885531403099,NULL,5,0,nan,nan,nan,nan,nan,nan,False,NULL,0.25,NULL,0.0,70.5,72.5227983205387,70.5,2.0227983205386977,NULL,0,70.5,NULL,True
282,0.000183491753140311,candidate,0,1,3769531248.7145677,3766261317.446988,0.0015814087221389236,27.3757009457968,13.976019097136776,72.375,False,refined,0.0,rank_1,0.0010978746824725448,72.52389619522117,72.52389619522117,70.75,1.7738961952211696,NULL,0,70.75,NULL,False
282,0.000183491753140311,candidate,1,2,3359374998.8544335,3356273416.628655,0.00031640488131723707,13.399681848660023,-13.976019097136776,64.5,False,refined,0.75,NULL,3.0,74.25,72.52389619522117,70.75,1.7738961952211696,NULL,0,70.75,NULL,False
282,0.000183491753140311,candidate,2,3,3974609373.6446347,3978683139.606068,0.00028953987308629354,12.574171834251224,-14.746715001710777,76.3125,False,refined,0.75,NULL,3.0,74.25,72.52389619522117,70.75,1.7738961952211696,NULL,0,70.75,NULL,False
282,0.000183491753140311,candidate,3,4,4179687498.574702,4180729847.086129,0.00027401229444487724,12.064735932104762,-15.225481610133222,80.25,False,refined,0.75,NULL,3.0,74.25,72.52389619522117,70.75,1.7738961952211696,NULL,0,70.75,NULL,False
282,0.000183491753140311,candidate,4,5,4648437498.414855,4653136218.598503,0.00020448471099584475,9.500783040700256,-17.76766575505156,89.24999999999999,False,refined,0.8248825438949616,NULL,3.0,74.32488254389496,72.52389619522117,70.75,1.7738961952211696,NULL,0,70.75,NULL,False
282,0.000183491753140311,NULL,5,0,nan,nan,nan,nan,nan,nan,False,NULL,0.25,NULL,0.0,70.75,72.52389619522117,70.75,1.7738961952211696,NULL,0,70.75,NULL,True
283,0.0001834949531403121,candidate,0,1,3749999998.7212276,3751935063.0084386,0.0013305567533111115,25.234981385566144,7.590170554972273,72.0,False,refined,0.0,rank_1,0.020524156623805977,72.54442035184498,72.54442035184498,71.0,1.5444203518449768,NULL,0,71.0,NULL,False
283,0.0001834949531403121,candidate,1,2,4023437498.627984,4019470432.37837,0.0003460043340967086,13.535944090811052,-11.69903729475509,77.25,False,refined,0.7311898309221931,NULL,3.0,74.48118983092219,72.54442035184498,71.0,1.5444203518449768,NULL,0,71.0,NULL,False
283,0.0001834949531403121,candidate,2,3,3457031248.821132,3458753479.594657,0.0003176542636074948,12.79340709129496,-12.441574294271183,66.375,False,refined,0.75,NULL,3.0,74.5,72.54442035184498,71.0,1.5444203518449768,NULL,0,71.0,NULL,False
283,0.0001834949531403121,candidate,3,4,3339843748.8610935,3339229028.420071,0.00028785921347444966,11.937916002129034,-13.297065383437108,64.125,False,refined,0.75,NULL,3.0,74.5,72.54442035184498,71.0,1.5444203518449768,NULL,0,71.0,NULL,False
283,0.0001834949531403121,candidate,4,5,4150390623.5846925,4148750520.1853676,0.0002546367714617887,10.872735698265794,-14.362245687300348,79.6875,False,refined,0.75,NULL,3.0,74.5,72.54442035184498,71.0,1.5444203518449768,NULL,0,71.0,NULL,False
283,0.0001834949531403121,NULL,5,0,nan,nan,nan,nan,nan,nan,False,NULL,0.25,NULL,0.0,71.0,72.54442035184498,71.0,1.5444203518449768,NULL,0,71.0,NULL,True
284,0.00018349815314031319,candidate,0,1,3740234373.724558,3743284850.864109,0.0010312085611287887,23.302565795571173,3.9881456904550205,71.8125,False,refined,0.0,rank_1,0.00748261701419064,72.55190296885917,72.55190296885917,71.25,1.3019029688591672,NULL,0,71.25,NULL,False
284,0.00018349815314031319,candidate,1,2,3867187498.6812663,3863225186.3995953,0.0006515372123662158,19.314420105116152,-3.9881456904550205,74.25,False,refined,0.24925910565343878,rank_1,1.2385491564418878,74.0322286139403,72.55190296885917,71.25,1.3019029688591672,NULL,0,71.25,NULL,False
284,0.00018349815314031319,candidate,2,3,3505859373.8044815,3502814137.9862733,0.0005537079958903311,17.82161444552722,-5.401314296927531,67.3125,False,refined,0.33758214355797067,NULL,3.0,74.33758214355797,72.55190296885917,71.25,1.3019029688591672,NULL,0,71.25,NULL,False
284,0.00018349815314031319,candidate,3,4,4003906248.6346445,4003903425.1892133,0.0003490585492334535,13.893601184350173,-9.408964611221,76.875,False,refined,0.5880602882013125,NULL,3.0,74.58806028820132,72.55190296885917,71.25,1.3019029688591672,NULL,0,71.25,NULL,False
284,0.00018349815314031319,candidate,4,5,4121093748.5946827,4121815666.318412,0.0003403407288909106,13.594277037287004,-9.628651705167748,79.125,False,refined,0.6017907315729842,NULL,3.0,74.60179073157299,72.55190296885917,71.25,1.3019029688591672,NULL,0,71.25,NULL,False
284,0.00018349815314031319,NULL,5,0,nan,nan,nan,nan,nan,nan,False,NULL,0.25,NULL,0.0,71.25,72.55190296885917,71.25,1.3019029688591672,NULL,0,71.25,NULL,True
285,0.00018350135314031428,candidate,0,1,3759765623.717898,3758824708.319169,0.0007570154770390445,20.941821049841415,0.09997128261510113,72.1875,False,refined,0.0,rank_1,0.024148716972358403,72.57605168583153,72.57605168583153,71.5,1.0760516858315299,NULL,0,71.5,NULL,False
285,0.00018350135314031428,candidate,1,2,3505859373.8044815,3506826290.44656,0.0007483524667373024,20.819445388020277,-0.09997128261510113,67.3125,False,refined,0.006248205163443821,NULL,3.0,74.25624820516344,72.57605168583153,71.5,1.0760516858315299,NULL,0,71.5,NULL,False
285,0.00018350135314031428,candidate,2,3,4121093748.5946827,4123250852.550015,0.0004237439993385325,15.901797100390018,-5.040023949451395,79.125,False,refined,0.3150014968407122,NULL,3.0,74.56500149684071,72.57605168583153,71.5,1.0760516858315299,NULL,0,71.5,NULL,False
285,0.00018350135314031428,candidate,3,4,3994140623.6379743,3991373066.9991984,0.0003965731678016412,15.326192405351566,-5.615628644489847,76.6875,False,refined,0.35097679028061546,NULL,3.0,74.60097679028061,72.57605168583153,71.5,1.0760516858315299,NULL,0,71.5,NULL,False
285,0.00018350135314031428,candidate,4,5,5605468748.088502,5600866355.06377,0.00022967672633386545,10.582065664143538,-10.359755385697875,107.625,False,refined,0.6474847116061172,NULL,3.0,74.89748471160611,72.57605168583153,71.5,1.0760516858315299,NULL,0,71.5,NULL,False
285,0.00018350135314031428,NULL,5,0,nan,nan,nan,nan,nan,nan,False,NULL,0.25,NULL,0.0,71.5,72.57605168583153,71.5,1.0760516858315299,NULL,0,71.5,NULL,True
286,0.00018350455314031537,candidate,0,1,3808593748.701247,3806195861.417341,0.0008492114714739886,21.626230847644237,1.1692509116981942,73.125,False,refined,0.0,rank_1,0.22440261458504684,72.80045430041658,72.80045430041658,71.75,1.0504543004165754,NULL,0,71.75,NULL,False
286,0.00018350455314031537,candidate,1,2,3505859373.8044815,3502951670.966095,0.0007422552987170505,20.456979935946045,-1.1692509116981942,67.3125,False,refined,0.07307818198113714,rank_2,0.0015012676118398363,74.33082765475642,72.80045430041658,71.75,1.0504543004165754,NULL,0,71.75,NULL,False
286,0.00018350455314031537,candidate,2,3,4111328123.598013,4108206905.1238093,0.0004282315776340722,15.679487581637828,-5.946743266006411,78.9375,False,refined,0.3716714541254007,NULL,3.0,74.8716714541254,72.80045430041658,71.75,1.0504543004165754,NULL,0,71.75,NULL,False
286,0.00018350455314031537,candidate,3,4,3701171873.737879,3702311692.0214553,0.0003842408204180746,14.737983823104006,-6.888247024540233,71.0625,False,refined,0.43051543903376455,rank_1,0.3193721011065661,73.32593922597187,72.80045430041658,71.75,1.0504543004165754,NULL,0,71.75,NULL,False
286,0.00018350455314031537,candidate,4,5,3925781248.6612854,3927261297.010412,0.00037862817374023573,14.610172338706668,-7.01605850893757,75.375,False,refined,0.43850365680859815,NULL,3.0,74.93850365680859,72.80045430041658,71.75,1.0504543004165754,NULL,0,71.75,NULL,False
286,0.00018350455314031537,NULL,5,0,nan,nan,nan,nan,nan,nan,False,NULL,0.25,NULL,0.0,71.75,72.80045430041658,71.75,1.0504543004165754,NULL,0,71.75,NULL,True
287,0.00018350775314031646,candidate,0,1,3798828123.704577,3800553368.2740364,0.0008880565655600872,21.979808283803692,3.1875841510089042,72.9375,False,refined,0.0,rank_1,0.003183772887224196,72.8036380733038,72.8036380733038,72.0,0.8036380733038015,NULL,0,72.0,NULL,False
287,0.00018350775314031646,candidate,1,2,3681640623.744539,3677878401.417214,0.0006152638827858708,18.792224132794786,-3.1875841510089042,70.6875,False,refined,0.19922400943805652,rank_4,0.05969856897513096,73.58486180438506,72.8036380733038,72.0,0.8036380733038015,NULL,0,72.0,NULL,False
287,0.00018350775314031646,candidate,2,3,3486328123.8111415,3486644299.219077,0.0006094007642425971,18.701073300253846,-3.2707526981142543,66.9375,False,refined,0.2044220436321409,rank_2,0.026593037329543632,74.5618427357181,72.8036380733038,72.0,0.8036380733038015,NULL,0,72.0,NULL,False
287,0.00018350775314031646,candidate,3,4,4062499998.6146636,4065088906.2128606,0.0004430846001461181,15.93274652862795,-6.039079469740152,78.0,False,refined,0.3774424668587595,NULL,3.0,75.12744246685875,72.8036380733038,72.0,0.8036380733038015,NULL,0,72.0,NULL,False
287,0.00018350775314031646,candidate,4,5,4736328123.384884,4734584367.694662,0.00027737795059956476,11.872434396254876,-10.107373887548814,90.9375,False,refined,0.6317108679718009,NULL,3.0,75.3817108679718,72.8036380733038,72.0,0.8036380733038015,NULL,0,72.0,NULL,False
287,0.00018350775314031646,NULL,5,0,nan,nan,nan,nan,nan,nan,False,NULL,0.25,NULL,0.0,72.0,72.8036380733038,72.0,0.8036380733038015,NULL,0,72.0,NULL,True
288,0.00018351095314031755,candidate,0,1,3779296873.7112374,3779325736.206385,0.0009311874991898757,23.333654313081862,1.817023199538177,72.5625,False,refined,0.0,rank_1,0.04506123631995766,72.84869930962375,72.84869930962375,72.25,0.5986993096237541,NULL,0,72.25,NULL,False
288,0.00018351095314031755,candidate,1,2,3652343748.7545295,3647540345.6123204,0.0007554156486924556,21.516631113543685,-1.817023199538177,70.125,False,refined,0.11356394997113606,rank_2,0.09203976300208318,73.79046551735827,72.84869930962375,72.25,0.5986993096237541,NULL,0,72.25,NULL,False
288,0.00018351095314031755,candidate,2,3,3486328123.8111415,3483130461.122867,0.00046818340255150575,17.23005742158607,-5.9724224709472296,66.9375,False,refined,0.37327640443420185,rank_3,0.0012347058166376737,74.93635384596895,72.84869930962375,72.25,0.5986993096237541,NULL,0,72.25,NULL,False
288,0.00018351095314031755,candidate,3,4,4765624998.374894,4764174739.782403,0.0003263240785353942,14.225893977443693,-9.107760335638169,91.5,False,refined,0.5692350209773855,NULL,3.0,75.56923502097739,72.84869930962375,72.25,0.5986993096237541,NULL,0,72.25,NULL,False
288,0.00018351095314031755,candidate,4,5,4082031248.608003,4078038052.207068,0.00031993290358553,13.922915300416623,-9.279564592116678,78.375,False,refined,0.5799727870072924,NULL,3.0,75.57997278700729,72.84869930962375,72.25,0.5986993096237541,NULL,0,72.25,NULL,False
288,0.00018351095314031755,NULL,5,0,nan,nan,nan,nan,nan,nan,False,NULL,0.25,NULL,0.0,72.25,72.84869930962375,72.25,0.5986993096237541,NULL,0,72.25,NULL,True
289,0.00018351415314031864,candidate,0,1,3769531248.7145677,3773998402.410336,0.001297082305606429,24.765201277595654,2.9805092210264306,72.375,False,refined,0.0,rank_1,0.002838048537452711,72.85153735816121,72.85153735816121,72.5,0.35153735816120957,NULL,0,72.5,NULL,False
289,0.00018351415314031864,candidate,1,2,3662109373.7511992,3660453843.758097,0.0009203268103974763,21.784692056569224,-2.9805092210264306,70.3125,False,refined,0.1862818263141519,rank_2,0.016675843436097956,73.99342318710853,72.85153735816121,72.5,0.35153735816120957,NULL,0,72.5,NULL,False
289,0.00018351415314031864,candidate,2,3,3886718748.674606,3883616499.545581,0.0006499027635042516,18.762818253726266,-6.0023830238693865,74.625,False,refined,0.37514893899183666,rank_1,1.0876563317872132,74.31150458040281,72.85153735816121,72.5,0.35153735816120957,NULL,0,72.5,NULL,False
289,0.00018351415314031864,candidate,3,4,3505859373.8044815,3505775182.4046865,0.0004330359561573928,15.18556359910419,-9.528871527129619,67.3125,False,refined,0.5955544704456012,rank_3,0.05127834019312819,75.58318665660768,72.85153735816121,72.5,0.35153735816120957,NULL,0,72.5,NULL,False
289,0.00018351415314031864,candidate,4,5,4101562498.601343,4105146239.174023,0.00038025408790974096,14.105793720994475,-10.657872864876188,78.75,False,refined,0.6661170540547617,NULL,3.0,75.91611705405477,72.85153735816121,72.5,0.35153735816120957,NULL,0,72.5,NULL,False
289,0.00018351415314031864,NULL,5,0,nan,nan,nan,nan,nan,nan,False,NULL,0.25,NULL,0.0,72.5,72.85153735816121,72.5,0.35153735816120957,NULL,0,72.5,NULL,True
290,0.00018351735314031973,candidate,0,1,3779296873.7112374,3776991216.8479595,0.0020637544233019366,28.891202148190818,6.267226995950157,72.5625,False,refined,0.0,rank_1,0.0008956938258047672,72.85243305198702,72.85243305198702,72.75,0.10243305198702046,NULL,0,72.75,NULL,False
290,0.00018351735314031973,candidate,1,2,3525390623.797821,3525518718.064404,0.0005118881081662608,16.781542614759346,-12.109659533431474,67.6875,False,refined,0.75,NULL,3.0,76.25,72.85243305198702,72.75,0.10243305198702046,NULL,0,72.75,NULL,False
290,0.00018351735314031973,candidate,2,3,4160156248.5813622,4157763073.5677953,0.0005026875578442908,16.62400452646466,-12.267197621726158,79.875,False,refined,0.75,NULL,3.0,76.25,72.85243305198702,72.75,0.10243305198702046,NULL,0,72.75,NULL,False
290,0.00018351735314031973,candidate,3,4,4794921873.364903,4793035789.200633,0.00029594046129802524,12.022128734616828,-16.86907341357399,92.0625,False,refined,0.75,NULL,3.0,76.25,72.85243305198702,72.75,0.10243305198702046,NULL,0,72.75,NULL,False
290,0.00018351735314031973,candidate,4,5,3027343748.967658,3028689270.732207,0.00026491935973255534,11.060315741171776,-17.830886407019044,58.125,False,refined,0.75,NULL,3.0,76.25,72.85243305198702,72.75,0.10243305198702046,NULL,0,72.75,NULL,False
290,0.00018351735314031973,NULL,5,0,nan,nan,nan,nan,nan,nan,False,NULL,0.25,NULL,0.0,72.75,72.85243305198702,72.75,0.10243305198702046,NULL,0,72.75,NULL,True
291,0.00018352055314032082,candidate,0,1,3789062498.707907,3786626255.9440737,0.0030357772159674053,32.11370898359298,8.67723634692819,72.75,False,refined,0.0,rank_1,0.009283397838364835,72.86171644982538,72.86171644982538,73.0,-0.13828355017462002,NULL,0,73.0,NULL,False
291,0.00018352055314032082,candidate,1,2,3955078123.651295,3957309034.243653,0.0011179131887609401,23.43647263666479,-8.67723634692819,75.9375,False,refined,0.5423272716830119,NULL,3.0,76.292327271683,72.86171644982538,73.0,-0.13828355017462002,NULL,0,73.0,NULL,False
291,0.00018352055314032082,candidate,2,3,3525390623.797821,3524855454.580185,0.0004751133746227588,15.970843044788285,-16.109452820836935,67.6875,False,refined,0.75,NULL,3.0,76.5,72.86171644982538,73.0,-0.13828355017462002,NULL,0,73.0,NULL,False
291,0.00018352055314032082,candidate,3,4,4189453123.5713716,4187053313.6716313,0.0004108040252115407,14.741004846341479,-17.372704137251496,80.4375,False,refined,0.75,NULL,3.0,76.5,72.86171644982538,73.0,-0.13828355017462002,NULL,0,73.0,NULL,False
291,0.00018352055314032082,candidate,4,5,3046874998.9609976,3044884345.780998,0.0002651833207487794,10.903849062879631,-21.174473848856117,58.5,False,refined,0.75,NULL,3.0,76.5,72.86171644982538,73.0,-0.13828355017462002,NULL,0,73.0,NULL,False
291,0.00018352055314032082,NULL,5,0,nan,nan,nan,nan,nan,nan,False,NULL,0.25,NULL,0.0,73.0,72.86171644982538,73.0,-0.13828355017462002,NULL,0,73.0,NULL,True
292,0.00018352375314032192,candidate,0,1,3798828123.704577,3795593708.315662,0.0035732406225742167,33.43861386396017,9.595536162233289,72.9375,False,refined,0.0,rank_1,0.008041520203670337,72.86975797002906,72.86975797002906,73.25,-0.3802420299709439,NULL,0,73.25,NULL,False
292,0.00018352375314032192,candidate,1,2,3955078123.651295,3957486621.433483,0.0011838194048502094,23.84307770172688,-9.595536162233289,75.9375,False,refined,0.5997210101395806,rank_1,2.919326449517458,76.38076390948241,72.86975797002906,73.25,-0.3802420299709439,NULL,0,73.25,NULL,False
292,0.00018352375314032192,candidate,2,3,3505859373.8044815,3507266748.648536,0.0004950963543319469,16.083981902981854,-17.16745068503065,67.3125,False,refined,0.75,NULL,3.0,76.75,72.86975797002906,73.25,-0.3802420299709439,NULL,0,73.25,NULL,False
292,0.00018352375314032192,candidate,3,4,4091796873.604673,4091420226.2904634,0.00038985197064201287,14.151983287780743,-19.243250575803597,78.5625,False,refined,0.75,NULL,3.0,76.75,72.86975797002906,73.25,-0.3802420299709439,NULL,0,73.25,NULL,False
292,0.00018352375314032192,candidate,4,5,4785156248.368234,4788204970.5158825,0.00022839612811579194,9.3004873876738,-23.887470507666393,91.875,False,refined,0.8549268918489301,NULL,3.0,76.85492689184893,72.86975797002906,73.25,-0.3802420299709439,NULL,0,73.25,NULL,False
292,0.00018352375314032192,NULL,5,0,nan,nan,nan,nan,nan,nan,False,NULL,0.25,NULL,0.0,73.25,72.86975797002906,73.25,-0.3802420299709439,NULL,0,73.25,NULL,True
293,0.000183526953140323,candidate,0,1,3798828123.704577,3803307006.376661,0.003122140041837043,33.81038550847766,9.85175623899413,72.9375,False,refined,0.0,rank_1,0.0059494966977809635,72.87570746672684,72.87570746672684,73.5,-0.624292533273163,NULL,0,73.5,NULL,False
293,0.000183526953140323,candidate,1,2,4023437498.627984,4022448727.432165,0.0008274002320794438,22.27565069202911,-11.534734816448546,77.25,False,refined,0.7209209260280341,NULL,3.0,76.97092092602803,72.87570746672684,73.5,-0.624292533273163,NULL,0,73.5,NULL,False
293,0.000183526953140323,candidate,2,3,3496093748.8078113,3497495992.3847995,0.0006697309188366244,20.439344905780388,-13.37104060269727,67.125,False,refined,0.75,NULL,3.0,77.0,72.87570746672684,73.5,-0.624292533273163,NULL,0,73.5,NULL,False
293,0.000183526953140323,candidate,3,4,4501953123.4648075,4502126074.413515,0.0002686549960588582,12.505236351780615,-21.30514915669704,86.4375,False,refined,0.75,NULL,3.0,77.0,72.87570746672684,73.5,-0.624292533273163,NULL,0,73.5,NULL,False
293,0.000183526953140323,candidate,4,5,3193359373.9110456,3188565081.5693226,0.0002621171575943972,12.2912469206819,-21.51913858779576,61.3125,False,refined,0.75,NULL,3.0,77.0,72.87570746672684,73.5,-0.624292533273163,NULL,0,73.5,NULL,False
293,0.000183526953140323,NULL,5,0,nan,nan,nan,nan,nan,nan,False,NULL,0.25,NULL,0.0,73.5,72.87570746672684,73.5,-0.624292533273163,NULL,0,73.5,NULL,True
294,0.0001835301531403241,candidate,0,1,3828124998.6945868,3830831517.1861167,0.0022769234361431187,30.094067793864507,4.573980351636857,73.5,False,refined,0.0,rank_1,0.07575986952998531,72.95146733625683,72.95146733625683,73.75,-0.798532663743174,NULL,0,73.75,NULL,False
294,0.0001835301531403241,candidate,1,2,3505859373.8044815,3504281507.496161,0.001022747169722994,23.10924133054914,-6.9516028186413426,67.3125,False,refined,0.4344751761650839,NULL,3.0,76.93447517616508,72.95146733625683,73.75,-0.798532663743174,NULL,0,73.75,NULL,False
294,0.0001835301531403241,candidate,2,3,4033203123.624654,4035416305.208339,0.0008363008107307787,21.394349604505393,-8.699718189359116,77.4375,False,refined,0.5437323868349447,NULL,3.0,77.04373238683495,72.95146733625683,73.75,-0.798532663743174,NULL,0,73.75,NULL,False
294,0.0001835301531403241,candidate,3,4,3193359373.9110456,3194291637.367879,0.00025056455660815675,10.885936025490475,-19.16857578030121,61.3125,False,refined,0.75,NULL,3.0,77.25,72.95146733625683,73.75,-0.798532663743174,NULL,0,73.75,NULL,False
294,0.0001835301531403241,candidate,4,5,4453124998.481458,4449898051.280934,0.00024932937032709534,10.82863277924142,-19.211499740668874,85.49999999999999,False,refined,0.75,NULL,3.0,77.25,72.95146733625683,73.75,-0.798532663743174,NULL,0,73.75,NULL,False
294,0.0001835301531403241,NULL,5,0,nan,nan,nan,nan,nan,nan,False,NULL,0.25,NULL,0.0,73.75,72.95146733625683,73.75,-0.798532663743174,NULL,0,73.75,NULL,True
295,0.0001835333531403252,candidate,0,1,3847656248.6879263,3844586955.383301,0.0016467674226547874,26.973841931204223,1.9464427960191166,73.875,False,refined,0.0,rank_1,0.018921207999655097,72.97038854425648,72.97038854425648,74.0,-1.0296114557435203,NULL,0,74.0,NULL,False
295,0.0001835333531403252,candidate,1,2,3701171873.737879,3704140849.2711267,0.001316164361923319,25.027399135185107,-1.9464427960191166,71.0625,False,refined,0.12165267475119479,rank_1,1.6050525336746264,74.67817254468264,72.97038854425648,74.0,-1.0296114557435203,NULL,0,74.0,NULL,False
295,0.0001835333531403252,candidate,2,3,3515624998.8011513,3513145552.8009405,0.0012205103596401306,24.372025993336734,-2.6018159378674888,67.5,False,refined,0.16261349611671805,NULL,3.0,76.91261349611672,72.97038854425648,74.0,-1.0296114557435203,NULL,0,74.0,NULL,False
295,0.0001835333531403252,candidate,3,4,4003906248.6346445,4000345706.79125,0.0010937996926345722,23.40682546187553,-3.5538893987306253,76.875,False,refined,0.22211808742066408,rank_1,2.873506047748516,76.04709147142601,72.97038854425648,74.0,-1.0296114557435203,NULL,0,74.0,NULL,False
295,0.0001835333531403252,candidate,4,5,4121093748.5946827,4122777721.0046825,0.00064587062668247,18.830980199298885,-8.129734661307273,79.125,False,refined,0.5081084163317046,NULL,3.0,77.25810841633171,72.97038854425648,74.0,-1.0296114557435203,NULL,0,74.0,NULL,False
295,0.0001835333531403252,NULL,5,0,nan,nan,nan,nan,nan,nan,False,NULL,0.25,NULL,0.0,74.0,72.97038854425648,74.0,-1.0296114557435203,NULL,0,74.0,NULL,True
296,0.00018353655314032628,candidate,0,1,3984374998.6413045,3982387297.06149,0.0017666736543323614,26.81350493441661,2.477778489987914,76.5,False,refined,0.0,rank_1,1.898893416662571,74.86928196091905,73.15758415499315,74.25,-1.0924158450068546,NULL,0,74.25,NULL,False
296,0.00018353655314032628,candidate,1,2,3828124998.6945868,3826605171.513947,0.0013282120259767171,24.335726444428694,-2.477778489987914,73.5,False,refined,0.15486115562424463,rank_1,0.032334455112415145,73.15758415499315,73.15758415499315,74.25,-1.0924158450068546,NULL,0,74.25,NULL,False
296,0.00018353655314032628,candidate,2,3,3662109373.7511992,3658342743.7701044,0.0013258704151389471,24.320399883147594,-2.4931050512690156,70.3125,False,refined,0.15581906570431348,rank_2,0.20974664674827728,75.04373825713522,73.15758415499315,74.25,-1.0924158450068546,NULL,0,74.25,NULL,False
296,0.00018353655314032628,candidate,3,4,3515624998.8011513,3512689097.0228467,0.0011078140723159255,22.759715833554548,-4.053789100862062,67.5,False,refined,0.25336181880387887,rank_3,2.0835187735522996e-05,77.16599615010834,73.15758415499315,74.25,-1.0924158450068546,NULL,0,74.25,NULL,False
296,0.00018353655314032628,candidate,4,5,4130859373.5913525,4127276340.9292693,0.0006937482007840854,18.69441567775506,-8.119089256661551,79.3125,False,refined,0.507443078541347,NULL,3.0,77.50744307854134,73.15758415499315,74.25,-1.0924158450068546,NULL,0,74.25,NULL,False
296,0.00018353655314032628,NULL,5,0,nan,nan,nan,nan,nan,nan,False,NULL,0.25,NULL,0.0,74.25,73.15758415499315,74.25,-1.0924158450068546,NULL,0,74.25,NULL,True
297,0.00018353975314032737,candidate,0,1,3974609373.6446347,3969934620.242314,0.0019324355648440105,26.993370742226695,3.1575123905766844,76.3125,False,refined,0.0,rank_1,0.015506915996284823,74.88478887691534,73.39260920506969,74.5,-1.1073907949303106,NULL,0,74.5,NULL,False
297,0.00018353975314032737,candidate,1,2,3652343748.7545295,3653380390.242744,0.0013434744211789965,23.83585835165001,-3.1575123905766844,70.125,False,refined,0.19734452441104278,rank_3,0.0024624952530506593,75.24354527679931,73.39260920506969,74.5,-1.1073907949303106,NULL,0,74.5,NULL,False
297,0.00018353975314032737,candidate,2,3,3818359373.697917,3816857477.5674353,0.0012755173917982476,23.384998000641765,-3.608372741584933,73.3125,False,refined,0.22552329634905832,rank_2,0.009501753727486174,73.39260920506969,73.39260920506969,74.5,-1.1073907949303106,NULL,0,74.5,NULL,False
297,0.00018353975314032737,candidate,3,4,3515624998.8011513,3513601381.9487743,0.0008225696095361754,19.574723510555387,-7.4186472316713115,67.5,False,refined,0.46366545197945697,rank_3,2.0950061821893184,77.60240989130399,73.39260920506969,74.5,-1.1073907949303106,NULL,0,74.5,NULL,False
297,0.00018353975314032737,candidate,4,5,4169921873.578032,4171720324.7684803,0.0005951649329430326,16.764017002108904,-10.229353740117793,80.0625,False,refined,0.639334608757362,NULL,3.0,77.88933460875737,73.39260920506969,74.5,-1.1073907949303106,NULL,0,74.5,NULL,False
297,0.00018353975314032737,NULL,5,0,nan,nan,nan,nan,nan,nan,False,NULL,0.25,NULL,0.0,74.5,73.39260920506969,74.5,-1.1073907949303106,NULL,0,74.5,NULL,True
298,0.00018354295314032846,candidate,0,1,3984374998.6413045,3984493723.9107265,0.0014723510870306446,24.57545610017923,1.3760021125198474,76.5,False,refined,0.0,rank_1,0.02119674996275877,74.90598562687809,73.58504233693607,74.75,-1.1649576630639302,NULL,0,74.75,NULL,False
298,0.00018354295314032846,candidate,1,2,3847656248.6879263,3849481548.4099717,0.0012566411461320385,23.199453987659382,-1.3760021125198474,73.875,False,refined,0.08600013203249046,rank_3,0.1064329998338837,73.58504233693607,73.58504233693607,74.75,-1.1649576630639302,NULL,0,74.75,NULL,False
298,0.00018354295314032846,candidate,2,3,3681640623.744539,3684122716.4112773,0.0011083837597811398,22.109031549867957,-2.4664245503112703,70.6875,False,refined,0.1541515343944544,rank_3,1.7618516819182302,75.30861242138238,73.58504233693607,74.75,-1.1649576630639302,NULL,0,74.75,NULL,False
298,0.00018354295314032846,candidate,3,4,3505859373.8044815,3510230488.620144,0.0005988386501659644,16.694729152182184,-7.814031171314744,67.3125,False,refined,0.4883769482071715,rank_2,2.049189433456008,77.78111165846249,73.58504233693607,74.75,-1.1649576630639302,NULL,0,74.75,NULL,False
298,0.00018354295314032846,candidate,4,5,3154296873.924366,3154691035.64186,0.0005543270443882936,16.06143380965401,-8.484906278884585,60.56249999999999,False,refined,0.5303066424302866,NULL,3.0,78.03030664243029,73.58504233693607,74.75,-1.1649576630639302,NULL,0,74.75,NULL,False
298,0.00018354295314032846,NULL,5,0,nan,nan,nan,nan,nan,nan,False,NULL,0.25,NULL,0.0,74.75,73.58504233693607,74.75,-1.1649576630639302,NULL,0,74.75,NULL,True
299,0.00018354615314032955,candidate,0,1,3857421873.6845965,3853027547.7192926,0.0018297704945073612,25.857609370040997,4.50151287823032,74.0625,False,refined,0.0,rank_2,0.001257411110170449,73.58629974804624,73.58629974804624,75.0,-1.413700251953756,NULL,0,75.0,NULL,False
299,0.00018354615314032955,candidate,1,2,3740234373.724558,3742897334.262417,0.0010897351920849505,21.356096491810675,-4.50151287823032,71.8125,False,refined,0.281344554889395,rank_2,1.1360194705451838,75.00240636237065,73.58629974804624,75.0,-1.413700251953756,NULL,0,75.0,NULL,False
299,0.00018354615314032955,candidate,2,3,3994140623.6379743,3996792950.0851445,0.0010188811538507489,20.772147550023583,-5.085461820017416,76.6875,False,refined,0.3178413637510885,rank_1,0.015127096448948815,75.23895408707813,73.58629974804624,75.0,-1.413700251953756,NULL,0,75.0,NULL,False
299,0.00018354615314032955,candidate,3,4,3164062498.9210362,3166652437.222896,0.0005695654750366914,15.647269629248273,-10.137059282365835,60.75000000000001,False,refined,0.6335662051478647,NULL,3.0,78.38356620514786,73.58629974804624,75.0,-1.413700251953756,NULL,0,75.0,NULL,False
299,0.00018354615314032955,candidate,4,5,3505859373.8044815,3506743117.4437237,0.0005661415612495742,15.668177730304311,-10.189431639736686,67.3125,False,refined,0.6368394774835429,NULL,3.0,78.38683947748355,73.58629974804624,75.0,-1.413700251953756,NULL,0,75.0,NULL,False
299,0.00018354615314032955,NULL,5,0,nan,nan,nan,nan,nan,nan,False,NULL,0.25,NULL,0.0,75.0,73.58629974804624,75.0,-1.413700251953756,NULL,0,75.0,NULL,True
300,0.00018354935314033064,candidate,0,1,3828124998.6945868,3824476915.8601913,0.0024345530754053555,28.57676893995145,7.7965193206680805,73.5,False,refined,0.0,rank_1,0.08151385795539298,73.66781360600163,73.66781360600163,75.25,-1.58218639399837,NULL,0,75.25,NULL,False
300,0.00018354935314033064,candidate,1,2,4023437498.627984,4026999494.9763994,0.0009921864254329375,20.78024961928337,-7.7965193206680805,77.25,False,refined,0.48728245754175503,rank_3,0.09124353542673974,75.81748008004662,73.66781360600163,75.25,-1.58218639399837,NULL,0,75.25,NULL,False
300,0.00018354935314033064,candidate,2,3,3505859373.8044815,3506658575.6528225,0.0006912671726928127,17.543409066815727,-10.935466273018832,67.3125,False,refined,0.683466642063677,NULL,3.0,78.68346664206368,73.66781360600163,75.25,-1.58218639399837,NULL,0,75.25,NULL,False
300,0.00018354935314033064,candidate,3,4,3193359373.9110456,3198039828.663036,0.0006486428271985479,17.08849639916999,-11.488272540781459,61.3125,False,refined,0.7180170337988412,NULL,3.0,78.71801703379884,73.66781360600163,75.25,-1.58218639399837,NULL,0,75.25,NULL,False
300,0.00018354935314033064,candidate,4,5,3359374998.8544335,3356614219.045056,0.0005337186741789567,15.296738370366318,-13.182136969468239,64.5,False,refined,0.75,NULL,3.0,78.75,73.66781360600163,75.25,-1.58218639399837,NULL,0,75.25,NULL,False
300,0.00018354935314033064,NULL,5,0,nan,nan,nan,nan,nan,nan,False,NULL,0.25,NULL,0.0,75.25,73.66781360600163,75.25,-1.58218639399837,NULL,0,75.25,NULL,True
301,0.00018355255314033174,candidate,0,1,3798828123.704577,3801217294.5357575,0.0028218737597197462,29.37485118862228,8.094536758278892,72.9375,False,refined,0.0,rank_1,0.054100998415605575,73.72191460441724,73.72191460441724,75.5,-1.7780853955827638,NULL,0,75.5,NULL,False
301,0.00018355255314033174,candidate,1,2,4042968748.6213236,4039547307.561102,0.0011112473624939464,21.242790287000595,-8.094536758278892,77.625,False,refined,0.5059085473924307,rank_2,0.015744760066081824,76.33913338750514,73.72191460441724,75.5,-1.7780853955827638,NULL,0,75.5,NULL,False
301,0.00018355255314033174,candidate,2,3,3515624998.8011513,3518295625.4708366,0.0008401764566624609,18.851509718754276,-10.523341469868006,67.5,False,refined,0.6577088418667504,NULL,3.0,78.90770884186675,73.72191460441724,75.5,-1.7780853955827638,NULL,0,75.5,NULL,False
301,0.00018355255314033174,candidate,3,4,3212890623.9043856,3211902978.457736,0.0008077864935033888,18.405184677781943,-10.864819875695195,61.68750000000001,False,refined,0.6790512422309497,NULL,3.0,78.92905124223095,73.72191460441724,75.5,-1.7780853955827638,NULL,0,75.5,NULL,False
301,0.00018355255314033174,candidate,4,5,3359374998.8544335,3356688264.6293235,0.0005819829011387951,15.662304068674135,-13.712547119948146,64.5,False,refined,0.75,NULL,3.0,79.0,73.72191460441724,75.5,-1.7780853955827638,NULL,0,75.5,NULL,False
301,0.00018355255314033174,NULL,5,0,nan,nan,nan,nan,nan,nan,False,NULL,0.25,NULL,0.0,75.5,73.72191460441724,75.5,-1.7780853955827638,NULL,0,75.5,NULL,True
302,0.00018355575314033283,candidate,0,1,3769531248.7145677,3771822097.366172,0.002554401816314129,28.74991788909434,8.44315262926119,72.375,False,refined,0.0,rank_1,0.08640776166388196,73.80832236608111,73.80832236608111,75.75,-1.9416776339188857,NULL,0,75.75,NULL,False
302,0.00018355575314033283,candidate,1,2,4013671873.6313143,4010564584.9256535,0.0009663436181697785,20.306765259833153,-8.44315262926119,77.0625,False,refined,0.5276970393288244,rank_2,0.08399982113633363,76.9508302479703,73.80832236608111,75.75,-1.9416776339188857,NULL,0,75.75,NULL,False
302,0.00018355575314033283,candidate,2,3,3525390623.797821,3524332080.6619263,0.0008556175300468022,19.24972708023141,-9.500190808862934,67.6875,False,refined,0.5937619255539334,NULL,3.0,79.09376192555393,73.80832236608111,75.75,-1.9416776339188857,NULL,0,75.75,NULL,False
302,0.00018355575314033283,candidate,3,4,3232421873.897725,3228706563.7136254,0.0007505801103790802,18.112074639557505,-10.637843249536836,62.0625,False,refined,0.6648652030960522,NULL,3.0,79.16486520309606,73.80832236608111,75.75,-1.9416776339188857,NULL,0,75.75,NULL,False
302,0.00018355575314033283,candidate,4,5,3359374998.8544335,3362439942.1566505,0.0004904618849188466,14.416238859590731,-14.333679029503612,64.5,False,refined,0.75,NULL,3.0,79.25,73.80832236608111,75.75,-1.9416776339188857,NULL,0,75.75,NULL,False
302,0.00018355575314033283,NULL,5,0,nan,nan,nan,nan,nan,nan,False,NULL,0.25,NULL,0.0,75.75,73.80832236608111,75.75,-1.9416776339188857,NULL,0,75.75,NULL,True
303,0.00018355895314033392,candidate,0,1,3769531248.7145677,3769490688.7070723,0.0021460630312079352,26.99629767075318,5.082541521117809,72.375,False,refined,0.0,rank_1,0.0005435466335724496,73.80886591271468,73.80886591271468,76.0,-2.19113408728532,NULL,0,76.0,NULL,False
303,0.00018355895314033392,candidate,1,2,3974609373.6446347,3973155436.438145,0.0011954059062495683,21.92676845191924,-5.082541521117809,76.3125,False,refined,0.3176588450698631,rank_2,0.13994443905604445,77.4084335320962,73.80886591271468,76.0,-2.19113408728532,NULL,0,76.0,NULL,False
303,0.00018355895314033392,candidate,2,3,4121093748.5946827,4117093242.462165,0.0008001485028478741,18.439872446095976,-8.569437526941073,79.125,False,refined,0.535589845433817,rank_2,1.134835487653133,78.62125558105726,73.80886591271468,76.0,-2.19113408728532,NULL,0,76.0,NULL,False
303,0.00018355895314033392,candidate,3,4,3251953123.8910646,3255903597.24188,0.0007004047565445993,17.270429939913523,-9.725867730839655,62.43749999999999,False,refined,0.6078667331774784,NULL,3.0,79.35786673317747,73.80886591271468,76.0,-2.19113408728532,NULL,0,76.0,NULL,False
303,0.00018355895314033392,candidate,4,5,3544921873.7911606,3546766521.9675713,0.0006393670883966063,16.491466048275,-10.51784392476205,68.0625,False,refined,0.6573652452976281,NULL,3.0,79.40736524529763,73.80886591271468,76.0,-2.19113408728532,NULL,0,76.0,NULL,False
303,0.00018355895314033392,NULL,5,0,nan,nan,nan,nan,nan,nan,False,NULL,0.25,NULL,0.0,76.0,73.80886591271468,76.0,-2.19113408728532,NULL,0,76.0,NULL,True
304,0.000183562153140335,candidate,0,1,3916015623.6646156,3914921068.498825,0.001680504371232021,24.143631630441504,0.18303855353932974,75.1875,False,refined,0.0,rank_1,2.1149995366373466,75.92386544935202,73.82752983729733,76.25,-2.422470162702666,NULL,0,76.25,NULL,False
304,0.000183562153140335,candidate,1,2,3779296873.7112374,3777990109.267587,0.0016454614754897858,23.960593076902175,-0.18303855353932974,72.5625,False,refined,0.011439909596208109,rank_1,0.0072240149864503875,73.82752983729733,73.82752983729733,76.25,-2.422470162702666,NULL,0,76.25,NULL,False
304,0.000183562153140335,candidate,2,3,3652343748.7545295,3649796765.1248293,0.0009443048490203661,19.137083097080687,-5.006548533360817,70.125,False,refined,0.3129092833350511,rank_1,1.4326635342511815,75.5544387303009,73.82752983729733,76.25,-2.422470162702666,NULL,0,76.25,NULL,False
304,0.000183562153140335,candidate,3,4,4179687498.574702,4177457025.545594,0.0008269586619802375,17.97749352273688,-6.159116917834799,80.25,False,refined,0.38494480736467496,rank_3,0.364378630814331,79.37057901923626,73.82752983729733,76.25,-2.422470162702666,NULL,0,76.25,NULL,False
304,0.000183562153140335,candidate,4,5,3359374998.8544335,3361118524.332284,0.0007964871568119382,17.65841424678868,-6.485217383652824,64.5,False,refined,0.4053260864783015,NULL,3.0,79.4053260864783,73.82752983729733,76.25,-2.422470162702666,NULL,0,76.25,NULL,False
304,0.000183562153140335,NULL,5,0,nan,nan,nan,nan,nan,nan,False,NULL,0.25,NULL,0.0,76.25,73.82752983729733,76.25,-2.422470162702666,NULL,0,76.25,NULL,True
305,0.0001835653531403361,candidate,0,1,3916015623.6646156,3913747641.9759893,0.0019327363813972042,27.09367241909935,3.872705720462779,75.1875,False,refined,0.0,rank_2,1.8430107687072883,75.67054060600462,74.07070920263642,76.5,-2.429290797363578,NULL,0,76.5,NULL,False
305,0.0001835653531403361,candidate,1,2,3779296873.7112374,3774620750.55982,0.001237477569807292,23.220966698636573,-3.872705720462779,72.5625,False,refined,0.2420441075289237,rank_2,0.0011352578101605374,74.07070920263642,74.07070920263642,76.5,-2.429290797363578,NULL,0,76.5,NULL,False
305,0.0001835653531403361,candidate,2,3,3359374998.8544335,3361131681.915436,0.0010538850927267309,21.826085211875068,-5.267587207224285,64.5,False,refined,0.3292242004515178,NULL,3.0,79.57922420045152,74.07070920263642,76.5,-2.429290797363578,NULL,0,76.5,NULL,False
305,0.0001835653531403361,candidate,3,4,3662109373.7511992,3660458072.7886415,0.0008453090782859947,19.910530646288684,-7.183141772810666,70.3125,False,refined,0.44894636080066663,rank_2,1.3813779598888227,75.65785415798682,74.07070920263642,76.5,-2.429290797363578,NULL,0,76.5,NULL,False
305,0.0001835653531403361,candidate,4,5,4052734373.617994,4051348190.6301007,0.000839313213194037,19.84870118736748,-7.244971231731867,77.8125,False,refined,0.4528107019832417,rank_1,1.8612359653022004,78.23791211663746,74.07070920263642,76.5,-2.429290797363578,NULL,0,76.5,NULL,False
305,0.0001835653531403361,NULL,5,0,nan,nan,nan,nan,nan,nan,False,NULL,0.25,NULL,0.0,76.5,74.07070920263642,76.5,-2.429290797363578,NULL,0,76.5,NULL,True
306,0.0001835685531403372,candidate,0,1,3925781248.6612854,3921748401.0492153,0.0015602503785904789,26.096179974443867,3.085124084361661,75.375,False,refined,0.0,rank_1,0.006401214574780777,75.6769418205794,74.40574174001671,76.75,-2.3442582599832917,NULL,0,76.75,NULL,False
306,0.0001835685531403372,candidate,1,2,4042968748.6213236,4043033174.0076785,0.0010938004366607614,23.011055890082204,-3.085124084361661,77.625,False,refined,0.19282025527260382,rank_1,1.671474879271693,77.53483574054893,74.40574174001671,76.75,-2.3442582599832917,NULL,0,76.75,NULL,False
306,0.0001835685531403372,candidate,2,3,3369140623.8511033,3364487776.329887,0.0010363804422573143,22.542678216438983,-3.5535017580048844,64.6875,False,refined,0.22209385987530528,NULL,3.0,79.7220938598753,74.40574174001671,76.75,-2.3442582599832917,NULL,0,76.75,NULL,False
306,0.0001835685531403372,candidate,3,4,3779296873.7112374,3776467908.1039147,0.0008422504001957639,20.74111856194749,-5.355061412496376,72.5625,False,refined,0.3346913382810235,rank_2,0.00034119909927054554,74.40574174001671,74.40574174001671,76.75,-2.3442582599832917,NULL,0,76.75,NULL,False
306,0.0001835685531403372,candidate,4,5,3662109373.7511992,3659110142.999931,0.0008000245821097709,20.219488416369646,-5.801819300061908,70.3125,False,refined,0.36261370625386924,rank_2,1.3342700458854757,75.76759295477576,74.40574174001671,76.75,-2.3442582599832917,NULL,0,76.75,NULL,False
306,0.0001835685531403372,NULL,5,0,nan,nan,nan,nan,nan,nan,False,NULL,0.25,NULL,0.0,76.75,74.40574174001671,76.75,-2.3442582599832917,NULL,0,76.75,NULL,True
307,0.00018357175314033828,candidate,0,1,4003906248.6346445,4008318526.314832,0.0014072386351101655,24.593457791984832,2.9020210294945237,76.875,False,refined,0.0,rank_1,0.74943865885046,76.42638047942987,74.82200172265642,77.0,-2.177998277343576,NULL,0,77.0,NULL,False
307,0.00018357175314033828,candidate,1,2,3623046873.7645197,3624031878.110465,0.0010075502114550853,21.641345961206213,-2.9020210294945237,69.5625,False,refined,0.18137631434340773,rank_5,0.12304846676555298,76.07201773588473,74.82200172265642,77.0,-2.177998277343576,NULL,0,77.0,NULL,False
307,0.00018357175314033828,candidate,2,3,3808593748.701247,3810964763.7765822,0.0008138838071979127,19.83735095183059,-4.756106840154244,73.125,False,refined,0.29725667750964024,rank_4,0.11900330513008521,74.82200172265642,74.82200172265642,77.0,-2.177998277343576,NULL,0,77.0,NULL,False
307,0.00018357175314033828,candidate,3,4,3359374998.8544335,3364067486.2700458,0.0007818630588710582,19.438625876326967,-5.10474111437377,64.5,False,refined,0.3190463196483606,rank_3,1.7664373440128246e-05,80.04115784389711,74.82200172265642,77.0,-2.177998277343576,NULL,0,77.0,NULL,False
307,0.00018357175314033828,candidate,4,5,4394531248.501439,4390455003.722632,0.0006655963910734771,18.090321962557184,-6.503135829427649,84.375,False,refined,0.40644598933922804,NULL,3.0,80.15644598933923,74.82200172265642,77.0,-2.177998277343576,NULL,0,77.0,NULL,False
307,0.00018357175314033828,NULL,5,0,nan,nan,nan,nan,nan,nan,False,NULL,0.25,NULL,0.0,77.0,74.82200172265642,77.0,-2.177998277343576,NULL,0,77.0,NULL,True
308,0.00018357495314033937,candidate,0,1,3642578123.757859,3641935067.52253,0.0015330265523240691,23.898169519867487,0.06299563713086265,69.9375,False,refined,0.0,rank_2,0.03205241911242774,76.10407015499716,74.9748855439183,77.25,-2.2751144560816954,NULL,0,77.25,NULL,False
308,0.00018357495314033937,candidate,1,2,3769531248.7145677,3772371164.0557466,0.001521948283394069,23.823222967357786,-0.06299563713086265,72.375,False,refined,0.0039372273206789155,rank_3,0.14894659394120885,74.9748855439183,74.9748855439183,77.25,-2.2751144560816954,NULL,0,77.25,NULL,False
308,0.00018357495314033937,candidate,2,3,4013671873.6313143,4014075955.903654,0.0010478104757786328,20.59283070243162,-3.3053388174358656,77.0625,False,refined,0.2065836760897416,rank_1,0.003314799547024177,76.63627895506663,74.9748855439183,77.25,-2.2751144560816954,NULL,0,77.25,NULL,False
308,0.00018357495314033937,candidate,3,4,3886718748.674606,3887437848.1780953,0.0007435563011012814,17.601502230920516,-6.284716373568129,74.625,False,refined,0.39279477334800805,rank_3,0.5848132637880946,75.79960975979252,74.9748855439183,77.25,-2.2751144560816954,NULL,0,77.25,NULL,False
308,0.00018357495314033937,candidate,4,5,3212890623.9043856,3215877583.069878,0.0006537103078590387,16.494882641709374,-7.403286878158113,61.68750000000001,False,refined,0.46270542988488206,NULL,3.0,80.46270542988488,74.9748855439183,77.25,-2.2751144560816954,NULL,0,77.25,NULL,False
308,0.00018357495314033937,NULL,5,0,nan,nan,nan,nan,nan,nan,False,NULL,0.25,NULL,0.0,77.25,74.9748855439183,77.25,-2.2751144560816954,NULL,0,77.25,NULL,True
309,0.00018357815314034047,candidate,0,1,3720703123.7312183,3724852702.153954,0.0027615344355746666,28.826343284444995,6.083164296819836,71.4375,False,refined,0.0,rank_2,0.22580042215121077,75.20068596606951,75.20068596606951,77.5,-2.299314033930486,NULL,0,77.5,NULL,False
309,0.00018357815314034047,candidate,1,2,3886718748.674606,3883747988.2958903,0.0011647900314011965,21.32828692534656,-7.498056359098433,74.625,False,refined,0.46862852244365205,rank_4,0.0013615065950305964,76.2695997888312,75.20068596606951,77.5,-2.299314033930486,NULL,0,77.5,NULL,False
309,0.00018357815314034047,candidate,2,3,3544921873.7911606,3545394984.534338,0.0009753951781859414,19.742113560549335,-9.03939717553862,68.0625,False,refined,0.5649623234711637,rank_1,0.9319987623367013,77.60103124080503,75.20068596606951,77.5,-2.299314033930486,NULL,0,77.5,NULL,False
309,0.00018357815314034047,candidate,3,4,3222656248.9010553,3224277458.5469947,0.0007398606141379817,17.341499646222907,-11.440011089865045,61.875,False,refined,0.7150006931165653,NULL,3.0,80.96500069311656,75.20068596606951,77.5,-2.299314033930486,NULL,0,77.5,NULL,False
309,0.00018357815314034047,candidate,4,5,4277343748.5414004,4279177984.8067455,0.0006105838565669147,15.673407826679533,-13.108102909408421,82.125,False,refined,0.75,NULL,3.0,81.0,75.20068596606951,77.5,-2.299314033930486,NULL,0,77.5,NULL,False
309,0.00018357815314034047,NULL,5,0,nan,nan,nan,nan,nan,nan,False,NULL,0.25,NULL,0.0,77.5,75.20068596606951,77.5,-2.299314033930486,NULL,0,77.5,NULL,True
310,0.00018358135314034156,candidate,0,1,3701171873.737879,3701471759.753746,0.003239007298755831,30.580685492533828,4.955948162445241,71.0625,False,refined,0.0,rank_1,0.0546668467521844,75.2553528128217,75.2553528128217,77.75,-2.494647187178302,NULL,0,77.75,NULL,False
310,0.00018358135314034156,candidate,1,2,3896484373.6712756,3896155717.003574,0.0016649894814357484,24.800676843534557,-5.780008648999271,74.8125,False,refined,0.3612505405624544,rank_2,0.015395173168347482,76.646245502562,75.2553528128217,77.75,-2.494647187178302,NULL,0,77.75,NULL,False
310,0.00018358135314034156,candidate,2,3,3222656248.9010553,3223500407.466249,0.0006914983106181704,17.16826942824456,-13.412416064289268,61.875,False,refined,0.75,NULL,3.0,81.25,75.2553528128217,77.75,-2.494647187178302,NULL,0,77.75,NULL,False
310,0.00018358135314034156,candidate,3,4,4003906248.6346445,4007846985.5022306,0.0005521024494285092,15.1756695076348,-15.367845054700497,76.875,False,refined,0.75,rank_2,1.5400561107619264,78.55965589959312,75.2553528128217,77.75,-2.494647187178302,NULL,0,77.75,NULL,False
310,0.00018358135314034156,candidate,4,5,3564453123.7845006,3565529660.9797945,0.0005494807685751414,15.171496900314656,-15.409188592219172,68.4375,False,refined,0.75,rank_3,0.0405405195563221,78.39157176036134,75.2553528128217,77.75,-2.494647187178302,NULL,0,77.75,NULL,False
310,0.00018358135314034156,NULL,5,0,nan,nan,nan,nan,nan,nan,False,NULL,0.25,NULL,0.0,77.75,75.2553528128217,77.75,-2.494647187178302,NULL,0,77.75,NULL,True
311,0.00018358455314034265,candidate,0,1,3691406248.7412086,3688452056.3467097,0.0024525203932983003,28.91525795308158,1.2372828219865983,70.875,False,refined,0.0,rank_1,0.016951267680719275,75.27230408050242,75.27230408050242,78.0,-2.7276959194975774,NULL,0,78.0,NULL,False
311,0.00018358455314034265,candidate,1,2,3935546873.657955,3933962695.5521164,0.0021269069296821802,27.67797513109498,-1.2372828219865983,75.5625,False,refined,0.0773301763741624,rank_2,0.14293676269699526,76.86651244163315,75.27230408050242,78.0,-2.7276959194975774,NULL,0,78.0,NULL,False
311,0.00018358455314034265,candidate,2,3,3818359373.697917,3814960964.96327,0.0013309219929018598,23.606057439408772,-5.309200513672803,73.3125,False,refined,0.33182503210455017,rank_1,1.2879799699089483,76.87515781483519,75.27230408050242,78.0,-2.7276959194975774,NULL,0,78.0,NULL,False
311,0.00018358455314034265,candidate,3,4,3203124998.9077153,3205340927.2649865,0.000578535427218697,16.369604578004076,-12.545653375077501,61.49999999999999,False,refined,0.75,NULL,3.0,81.5,75.27230408050242,78.0,-2.7276959194975774,NULL,0,78.0,NULL,False
311,0.00018358455314034265,candidate,4,5,3486328123.8111415,3484435724.8251405,0.0005668302386607673,16.192065616008335,-12.723192337073241,66.9375,False,refined,0.75,rank_5,0.6576226481055103,79.79919440846686,75.27230408050242,78.0,-2.7276959194975774,NULL,0,78.0,NULL,False
311,0.00018358455314034265,NULL,5,0,nan,nan,nan,nan,nan,nan,False,NULL,0.25,NULL,0.0,78.0,75.27230408050242,78.0,-2.7276959194975774,NULL,0,78.0,NULL,True
312,0.00018358775314034374,candidate,0,1,3964843748.647965,3961130532.049546,0.0026905829693283814,29.40039454672549,4.296302168973991,76.125,False,refined,0.0,rank_2,0.07380913399510554,76.94032157562826,76.03241773448752,78.25,-2.217582265512476,NULL,0,78.25,NULL,False
312,0.00018358775314034374,candidate,1,2,3623046873.7645197,3618338236.8512483,0.0016407079424081102,25.1040923777515,-4.296302168973991,69.5625,False,refined,0.26851888556087444,rank_1,0.4915947684242152,76.03241773448752,76.03241773448752,78.25,-2.217582265512476,NULL,0,78.25,NULL,False
312,0.00018358775314034374,candidate,2,3,3828124998.6945868,3824608876.2654147,0.0008718899430512331,19.612700133860574,-9.787694412864916,73.5,False,refined,0.6117309008040572,rank_3,0.00930821924940481,77.49619693488866,76.03241773448752,78.25,-2.217582265512476,NULL,0,78.25,NULL,False
312,0.00018358775314034374,candidate,3,4,4492187498.468138,4492871652.394874,0.0006848360231627403,17.47784992954213,-11.885195844795104,86.25,False,refined,0.742824740299694,NULL,3.0,81.7428247402997,76.03241773448752,78.25,-2.217582265512476,NULL,0,78.25,NULL,False
312,0.00018358775314034374,candidate,4,5,4345703123.518089,4346682309.241122,0.0005541502354714349,15.638668438611809,-13.724377335725428,83.4375,False,refined,0.75,NULL,3.0,81.75,76.03241773448752,78.25,-2.217582265512476,NULL,0,78.25,NULL,False
312,0.00018358775314034374,NULL,5,0,nan,nan,nan,nan,nan,nan,False,NULL,0.25,NULL,0.0,78.25,76.03241773448752,78.25,-2.217582265512476,NULL,0,78.25,NULL,True
313,0.00018359095314034483,candidate,0,1,4003906248.6346445,4001961406.8433404,0.002740693819735457,28.713001004719587,4.794263099708811,76.875,False,refined,0.0,rank_1,0.16671603364265336,77.10703760927092,76.40117713773303,78.5,-2.098822862266971,NULL,0,78.5,NULL,False
313,0.00018359095314034483,candidate,1,2,3593749998.77451,3592047942.156494,0.001578146678033613,23.88759173982453,-4.794263099708811,69.0,False,refined,0.2996414437318007,rank_2,0.06911795951370169,76.40117713773303,76.40117713773303,78.5,-2.098822862266971,NULL,0,78.5,NULL,False
313,0.00018359095314034483,candidate,2,3,3779296873.7112374,3780085081.6320233,0.0009888425887268017,19.85833385333678,-8.854667151382802,72.5625,False,refined,0.5534166969614251,rank_3,0.1982368288556411,78.24785046070572,76.40117713773303,78.5,-2.098822862266971,NULL,0,78.5,NULL,False
313,0.00018359095314034483,candidate,3,4,4482421873.471468,4485294873.289506,0.0005827575847983387,15.265549290021516,-13.447451714698069,86.0625,False,refined,0.75,NULL,3.0,82.0,76.40117713773303,78.5,-2.098822862266971,NULL,0,78.5,NULL,False
313,0.00018359095314034483,candidate,4,5,3300781248.874414,3302954695.74761,0.0005213397741863493,14.29820778539038,-14.414793219329205,63.375,False,refined,0.75,NULL,3.0,82.0,76.40117713773303,78.5,-2.098822862266971,NULL,0,78.5,NULL,False
313,0.00018359095314034483,NULL,5,0,nan,nan,nan,nan,nan,nan,False,NULL,0.25,NULL,0.0,78.5,76.40117713773303,78.5,-2.098822862266971,NULL,0,78.5,NULL,True
314,0.00018359415314034592,candidate,0,1,4023437498.627984,4020932687.7940593,0.0024684907769438325,28.490228148096985,4.9182109950761,77.25,False,refined,0.0,rank_1,0.035990950091110904,77.14302855936202,76.76344210989927,78.75,-1.9865578901007268,NULL,0,78.75,NULL,False
314,0.00018359415314034592,candidate,1,2,3613281248.76785,3615473736.6945643,0.001401267208762533,23.572017153020887,-4.9182109950761,69.375,False,refined,0.30738818719225625,rank_2,0.05487678497398797,76.76344210989927,76.76344210989927,78.75,-1.9865578901007268,NULL,0,78.75,NULL,False
314,0.00018359415314034592,candidate,2,3,3769531248.7145677,3766970001.0339293,0.001250719731242155,22.584797995949664,-5.90543015214732,72.375,False,refined,0.3690893845092075,rank_3,0.017200533909450134,78.63414037912437,76.76344210989927,78.75,-1.9865578901007268,NULL,0,78.75,NULL,False
314,0.00018359415314034592,candidate,3,4,3876953123.677936,3880102853.663914,0.000872449045605448,19.456399408063696,-9.03382874003329,74.4375,False,refined,0.5646142962520806,rank_1,1.4849506982983043,79.1566026038213,76.76344210989927,78.75,-1.9865578901007268,NULL,0,78.75,NULL,False
314,0.00018359415314034592,candidate,4,5,3281249998.8810744,3283592419.7772813,0.0007714667420767735,18.370948837727834,-10.102286010519865,63.0,False,refined,0.6313928756574916,NULL,3.0,82.1313928756575,76.76344210989927,78.75,-1.9865578901007268,NULL,0,78.75,NULL,False
314,0.00018359415314034592,NULL,5,0,nan,nan,nan,nan,nan,nan,False,NULL,0.25,NULL,0.0,78.75,76.76344210989927,78.75,-1.9865578901007268,NULL,0,78.75,NULL,True
315,0.000183597353140347,candidate,0,1,3759765623.717898,3755273483.20558,0.002004207206768918,26.798670058179887,0.5163512755754862,72.1875,False,refined,0.0,rank_3,0.013680852930888866,78.64782123205526,77.18233216597704,79.0,-1.8176678340229557,NULL,0,79.0,NULL,False
315,0.000183597353140347,candidate,1,2,4013671873.6313143,4012547193.2400384,0.00188853507695467,26.2823187826044,-0.5163512755754862,77.0625,False,refined,0.03227195472346789,rank_1,0.007031651891551387,77.18233216597704,77.18233216597704,79.0,-1.8176678340229557,NULL,0,79.0,NULL,False
315,0.000183597353140347,candidate,2,3,3261718748.887735,3262952890.665172,0.0008905845727946569,19.753321024678094,-7.045349033501793,62.62500000000001,False,refined,0.4403343145938621,NULL,3.0,82.19033431459385,77.18233216597704,79.0,-1.8176678340229557,NULL,0,79.0,NULL,False
315,0.000183597353140347,candidate,3,4,4121093748.5946827,4124995012.6314526,0.0007964356863287366,18.782831898549077,-8.01583815963081,79.125,False,refined,0.5009898849769256,rank_1,1.0828967450563158,78.72691518939527,77.18233216597704,79.0,-1.8176678340229557,NULL,0,79.0,NULL,False
315,0.000183597353140347,candidate,4,5,3427734373.8311224,3427431462.942407,0.0007088390368265054,17.77077020501393,-9.027899853165957,65.8125,False,refined,0.5642437408228723,rank_2,3.535989671788123,80.86367552251028,77.18233216597704,79.0,-1.8176678340229557,NULL,0,79.0,NULL,False
315,0.000183597353140347,NULL,5,0,nan,nan,nan,nan,nan,nan,False,NULL,0.25,NULL,0.0,79.0,77.18233216597704,79.0,-1.8176678340229557,NULL,0,79.0,NULL,True
316,0.0001836005531403481,candidate,0,1,3789062498.707907,3792834941.8619347,0.0024753096627634385,28.83283418293031,3.8009423033189993,72.75,False,refined,0.0,rank_1,0.14108631763930232,78.78890754969457,77.42020385585481,79.25,-1.8297961441451918,NULL,0,79.25,NULL,False
316,0.0001836005531403481,candidate,1,2,4013671873.6313143,4014315796.984023,0.0015980207785625073,25.031891879611308,-3.8009423033189993,77.0625,False,refined,0.23755889395743746,rank_2,0.0003127959203236696,77.42020385585481,77.42020385585481,79.25,-1.8297961441451918,NULL,0,79.25,NULL,False
316,0.0001836005531403481,candidate,2,3,3642578123.757859,3646120455.3538046,0.001467919682068993,24.294289311397144,-4.5385448715331655,69.9375,False,refined,0.28365905447082285,rank_1,1.1914383489210512,80.12291863544714,77.42020385585481,79.25,-1.8297961441451918,NULL,0,79.25,NULL,False
316,0.0001836005531403481,candidate,3,4,3242187498.894395,3243570995.0214863,0.0010854801813448014,21.672681410040617,-7.160152772889692,62.25,False,refined,0.44750954830560574,NULL,3.0,82.4475095483056,77.42020385585481,79.25,-1.8297961441451918,NULL,0,79.25,NULL,False
316,0.0001836005531403481,candidate,4,5,3437499998.827792,3441318599.411315,0.0007481278621726419,18.43976002479792,-10.39307415813239,66.0,False,refined,0.6495671348832743,rank_5,0.01928525593060699,81.53252791332416,77.42020385585481,79.25,-1.8297961441451918,NULL,0,79.25,NULL,False
316,0.0001836005531403481,NULL,5,0,nan,nan,nan,nan,nan,nan,False,NULL,0.25,NULL,0.0,79.25,77.42020385585481,79.25,-1.8297961441451918,NULL,0,79.25,NULL,True
317,0.0001836037531403492,candidate,0,1,3847656248.6879263,3843046489.3863,0.0027330197622533036,28.83265747162924,3.8940566757761363,73.875,False,refined,0.0,rank_1,0.2521199504791608,79.04102750017373,77.6846706320642,79.5,-1.815329367935803,NULL,0,79.5,NULL,False
317,0.0001836037531403492,candidate,1,2,4033203123.624654,4028837585.432211,0.0017455807272017993,24.938600795853105,-3.8940566757761363,77.4375,False,refined,0.24337854223600852,rank_2,0.021088233973392143,77.6846706320642,77.6846706320642,79.5,-1.815329367935803,NULL,0,79.5,NULL,False
317,0.0001836037531403492,candidate,2,3,3593749998.77451,3597136402.067079,0.0015263806801720677,23.773059238714023,-5.059598232915219,69.0,False,refined,0.3162248895572012,rank_3,0.23994374763967652,80.67908727264401,77.6846706320642,79.5,-1.815329367935803,NULL,0,79.5,NULL,False
317,0.0001836037531403492,candidate,3,4,3261718748.887735,3261008924.883004,0.0010979428092628537,20.911396405362126,-7.921261066267116,62.62500000000001,False,refined,0.49507881664169473,NULL,3.0,82.7450788166417,77.6846706320642,79.5,-1.815329367935803,NULL,0,79.5,NULL,False
317,0.0001836037531403492,candidate,4,5,4296874998.53474,4297784061.312751,0.0007793259524907483,17.93418481071953,-10.898472660909713,82.5,False,refined,0.681154541306857,NULL,3.0,82.93115454130685,77.6846706320642,79.5,-1.815329367935803,NULL,0,79.5,NULL,False
317,0.0001836037531403492,NULL,5,0,nan,nan,nan,nan,nan,nan,False,NULL,0.25,NULL,0.0,79.5,77.6846706320642,79.5,-1.815329367935803,NULL,0,79.5,NULL,True
318,0.0001836069531403503,candidate,0,1,3876953123.677936,3877210424.9904585,0.002549575468698952,27.648089076180888,1.5293781780794102,74.4375,False,refined,0.0,rank_1,0.1167174495965082,79.15774494977023,77.95622126887032,79.75,-1.7937787311296773,NULL,0,79.75,NULL,False
318,0.0001836069531403503,candidate,1,2,3564453123.7845006,3564596366.6454396,0.002137956984139375,26.118710898101476,-1.5293781780794102,68.4375,False,refined,0.09558613612996314,rank_3,0.10588539052415495,80.88055879929813,77.95622126887032,79.75,-1.7937787311296773,NULL,0,79.75,NULL,False
318,0.0001836069531403503,candidate,2,3,4013671873.6313143,4015484057.367761,0.0015976906709636606,23.588585626111687,-4.059503450069197,77.0625,False,refined,0.25371896562932483,rank_2,0.01783167117680481,77.95622126887032,77.95622126887032,79.75,-1.7937787311296773,NULL,0,79.75,NULL,False
318,0.0001836069531403503,candidate,3,4,3281249998.8810744,3285400294.3540177,0.0012865323167503954,21.707145636522156,-5.940943439658728,63.0,False,refined,0.3713089649786705,NULL,3.0,82.87130896497867,77.95622126887032,79.75,-1.7937787311296773,NULL,0,79.75,NULL,False
318,0.0001836069531403503,candidate,4,5,3134765623.9310265,3139175090.6260185,0.0012542288410643885,21.486267303277806,-6.16182177290308,60.1875,False,refined,0.3851138608064425,NULL,3.0,82.88511386080644,77.95622126887032,79.75,-1.7937787311296773,NULL,0,79.75,NULL,False
318,0.0001836069531403503,NULL,5,0,nan,nan,nan,nan,nan,nan,False,NULL,0.25,NULL,0.0,79.75,77.95622126887032,79.75,-1.7937787311296773,NULL,0,79.75,NULL,True
319,0.00018361015314035138,candidate,0,1,3564453123.7845006,3561603006.8810277,0.0027201714928885143,27.343276836939737,2.8209374571188572,68.4375,False,refined,0.0,rank_2,0.0008960202679200224,80.88145481956604,79.06696195543448,80.0,-0.9330380445655209,NULL,0,80.0,NULL,False
319,0.00018361015314035138,candidate,1,2,3916015623.6646156,3918818029.442009,0.0019658456329882104,24.52233937982088,-2.8209374571188572,75.1875,False,refined,0.17630859106992858,rank_3,0.9344320954942297,79.06696195543448,79.06696195543448,80.0,-0.9330380445655209,NULL,0,80.0,NULL,False
319,0.00018361015314035138,candidate,2,3,3144531248.927696,3142182046.5429,0.0014352860107999326,21.790120177427674,-5.553156659512064,60.375,False,refined,0.347072291219504,NULL,3.0,83.0970722912195,79.06696195543448,80.0,-0.9330380445655209,NULL,0,80.0,NULL,False
319,0.00018361015314035138,candidate,3,4,3437499998.827792,3435668165.871545,0.001340210487408789,21.194811379159795,-6.148465457779944,66.0,False,refined,0.3842790911112465,rank_2,1.6622480954793726,82.92708598588875,79.06696195543448,80.0,-0.9330380445655209,NULL,0,80.0,NULL,False
319,0.00018361015314035138,candidate,4,5,3691406248.7412086,3691534603.3922935,0.0012135257796407179,20.332331272886243,-7.010945564053497,70.875,False,refined,0.43818409775334355,rank_2,1.611331594840031,82.9300744918915,79.06696195543448,80.0,-0.9330380445655209,NULL,0,80.0,NULL,False
319,0.00018361015314035138,NULL,5,0,nan,nan,nan,nan,nan,nan,False,NULL,0.25,NULL,0.0,80.0,79.06696195543448,80.0,-0.9330380445655209,NULL,0,80.0,NULL,True
320,0.00018361335314035247,candidate,0,1,3554687498.787831,3556135816.298019,0.0029394348329142127,29.22270326575746,6.127554436289291,68.25,False,refined,0.0,rank_1,0.0029890172870939737,80.88444383685314,79.52245397674336,80.25,-0.727546023256636,NULL,0,80.25,NULL,False
320,0.00018361335314035247,candidate,1,2,3222656248.9010553,3219570675.2718377,0.0014517308788699907,23.05462862257027,-6.127554436289291,61.875,False,refined,0.3829721522680807,NULL,3.0,83.38297215226808,79.52245397674336,80.25,-0.727546023256636,NULL,0,80.25,NULL,False
320,0.00018361335314035247,candidate,2,3,3701171873.737879,3703506899.158585,0.0013895035029605697,22.71461945831132,-6.508083807446141,71.0625,False,refined,0.4067552379653838,rank_1,2.013671464352061,83.30188152188349,79.52245397674336,80.25,-0.727546023256636,NULL,0,80.25,NULL,False
320,0.00018361335314035247,candidate,3,4,3935546873.657955,3934653942.247319,0.0013302470670350226,22.336072739819286,-6.886630525938173,75.5625,False,refined,0.43041440787113583,rank_2,0.02507761343773891,79.52245397674336,79.52245397674336,80.25,-0.727546023256636,NULL,0,80.25,NULL,False
320,0.00018361335314035247,candidate,4,5,2861328124.02427,2865973426.81913,0.0007337477594150977,17.16836230051956,-12.054340965237902,54.93749999999999,False,refined,0.75,NULL,3.0,83.75,79.52245397674336,80.25,-0.727546023256636,NULL,0,80.25,NULL,False
320,0.00018361335314035247,NULL,5,0,nan,nan,nan,nan,nan,nan,False,NULL,0.25,NULL,0.0,80.25,79.52245397674336,80.25,-0.727546023256636,NULL,0,80.25,NULL,True
321,0.00018361655314035356,candidate,0,1,3544921873.7911606,3545040906.556274,0.0026305811260921505,28.37574805177705,4.25406014509206,68.0625,False,refined,0.0,rank_1,0.012309702217746799,80.89675353907089,80.89675353907089,80.5,0.39675353907088606,NULL,0,80.5,NULL,False
321,0.00018361655314035356,candidate,1,2,3232421873.897725,3236285085.5050187,0.0016119393326332928,24.12168790668499,-4.25406014509206,62.0625,False,refined,0.26587875906825376,NULL,3.0,83.51587875906826,80.89675353907089,80.5,0.39675353907088606,NULL,0,80.5,NULL,False
321,0.00018361655314035356,candidate,2,3,2910156249.0076194,2907486050.0866613,0.0012213985271234207,21.71186189449184,-6.66388615728521,55.87499999999999,False,refined,0.41649288483032565,NULL,3.0,83.66649288483032,80.89675353907089,80.5,0.39675353907088606,NULL,0,80.5,NULL,False
321,0.00018361655314035356,candidate,3,4,3710937498.7345486,3711028719.2633123,0.0011960335280317175,21.529581140819776,-6.846166910957274,71.25,False,refined,0.42788543193482964,NULL,3.0,83.67788543193483,80.89675353907089,80.5,0.39675353907088606,NULL,0,80.5,NULL,False
321,0.00018361655314035356,candidate,4,5,3417968748.8344526,3420693145.0036793,0.0011747060320663168,21.373298032390462,-7.002450019386588,65.625,False,refined,0.43765312621166175,rank_1,1.8344717207346541,83.15656868379945,80.89675353907089,80.5,0.39675353907088606,NULL,0,80.5,NULL,False
321,0.00018361655314035356,NULL,5,0,nan,nan,nan,nan,nan,nan,False,NULL,0.25,NULL,0.0,80.5,80.89675353907089,80.5,0.39675353907088606,NULL,0,80.5,NULL,True
322,0.00018361975314035465,candidate,0,1,3535156248.794491,3538439204.179486,0.0018222867262816717,24.093836493787517,0.3523192289522026,67.875,False,refined,0.0,rank_1,0.004358247427169016,80.90111178649805,80.90111178649805,80.75,0.15111178649804913,NULL,0,80.75,NULL,False
322,0.00018361975314035465,candidate,1,2,3242187498.894395,3241620792.054816,0.0017498497116817445,23.741517264835316,-0.3523192289522026,62.25,False,refined,0.02201995180951266,NULL,3.0,83.52201995180951,80.90111178649805,80.75,0.15111178649804913,NULL,0,80.75,NULL,False
322,0.00018361975314035465,candidate,2,3,2919921874.0042896,2922709701.7805934,0.001405020180406943,21.835153500778326,-2.2586829930091934,56.0625,False,refined,0.1411676870630746,NULL,3.0,83.64116768706307,80.90111178649805,80.75,0.15111178649804913,NULL,0,80.75,NULL,False
322,0.00018361975314035465,candidate,3,4,3388671873.844443,3392271727.7493973,0.001316557111782873,21.27029632683799,-2.8235401669495275,65.0625,False,refined,0.17647126043434547,rank_1,2.333842199332745,83.40706699883798,80.90111178649805,80.75,0.15111178649804913,NULL,0,80.75,NULL,False
322,0.00018361975314035465,candidate,4,5,3740234373.724558,3738502656.5911093,0.0009191704672836765,18.039176804867036,-5.9444129921565025,71.8125,False,refined,0.3715258120097814,NULL,3.0,83.87152581200978,80.90111178649805,80.75,0.15111178649804913,NULL,0,80.75,NULL,False
322,0.00018361975314035465,NULL,5,0,nan,nan,nan,nan,nan,nan,False,NULL,0.25,NULL,0.0,80.75,80.90111178649805,80.75,0.15111178649804913,NULL,0,80.75,NULL,True
323,0.00018362295314035574,candidate,0,1,3232421873.897725,3233167833.0670567,0.0016042604754383846,22.73228579966255,2.5522469349753685,62.0625,False,refined,0.0,rank_2,0.007145251564873756,83.52916520337439,81.09177966941046,81.0,0.09177966941045668,NULL,0,81.0,NULL,False
323,0.00018362295314035574,candidate,1,2,3388671873.844443,3384475638.2959127,0.0011958109806764375,20.180038864687184,-2.5522469349753685,65.0625,False,refined,0.15951543343596053,rank_1,2.370477961958534,83.43110518189253,81.09177966941046,81.0,0.09177966941045668,NULL,0,81.0,NULL,False
323,0.00018362295314035574,candidate,2,3,2949218748.994299,2947722177.7634535,0.0011918822239255554,20.151454976033698,-2.5808308236288546,56.625,False,refined,0.16130192647680341,rank_3,0.06256239547931527,83.8650320090192,81.09177966941046,81.0,0.09177966941045668,NULL,0,81.0,NULL,False
323,0.00018362295314035574,candidate,3,4,3525390623.797821,3529691612.024112,0.0011451495505307445,19.804032262690903,-2.9282535369716456,67.6875,False,refined,0.18301584606072785,rank_1,0.007652036851675328,81.09177966941046,81.09177966941046,81.0,0.09177966941045668,NULL,0,81.0,NULL,False
323,0.00018362295314035574,candidate,4,5,3749999998.7212276,3746773192.0986595,0.0006547575724528224,14.93078239414002,-7.783887078990341,72.0,False,refined,0.48649294243689634,NULL,3.0,84.2364929424369,81.09177966941046,81.0,0.09177966941045668,NULL,0,81.0,NULL,False
323,0.00018362295314035574,NULL,5,0,nan,nan,nan,nan,nan,nan,False,NULL,0.25,NULL,0.0,81.0,81.09177966941046,81.0,0.09177966941045668,NULL,0,81.0,NULL,True
324,0.00018362615314035683,candidate,0,1,3232421873.897725,3236902979.2879586,0.0011867245122010154,18.239153485335837,1.5867941399281094,62.0625,False,refined,0.0,rank_1,0.0013951317291518237,83.53056033510354,83.00593396524935,81.25,1.7559339652493549,NULL,0,81.25,NULL,False
324,0.00018362615314035683,candidate,1,2,2373046874.190777,2375093115.177623,0.000988576326023633,16.652359345407728,-1.5867941399281094,45.56249999999999,False,refined,0.09917463374550683,NULL,3.0,84.0991746337455,83.00593396524935,81.25,1.7559339652493549,NULL,0,81.25,NULL,False
324,0.00018362615314035683,candidate,2,3,2724609374.0708923,2728118536.162473,0.0009581840913855017,16.381134347023014,-1.858019138312823,52.3125,False,refined,0.11612619614455144,NULL,3.0,84.11612619614455,83.00593396524935,81.25,1.7559339652493549,NULL,0,81.25,NULL,False
324,0.00018362615314035683,candidate,3,4,2958984373.9909687,2956989571.901479,0.0008856790801920241,15.661154495141663,-2.5414705245803493,56.81249999999999,False,refined,0.15884190778627183,rank_3,0.008588459410950539,84.03246237621642,83.00593396524935,81.25,1.7559339652493549,NULL,0,81.25,NULL,False
324,0.00018362615314035683,candidate,4,5,3398437498.8411126,3397710240.997541,0.0008640782233979654,15.483216428798903,-2.7559370565369345,65.25,False,refined,0.1722460660335584,rank_4,1.741908229805347,83.00593396524935,83.00593396524935,81.25,1.7559339652493549,NULL,0,81.25,NULL,False
324,0.00018362615314035683,NULL,5,0,nan,nan,nan,nan,nan,nan,False,NULL,0.25,NULL,0.0,81.25,83.00593396524935,81.25,1.7559339652493549,NULL,0,81.25,NULL,True
325,0.00018362935314035793,candidate,0,1,2373046874.190777,2368769937.817885,0.0015777464273479935,16.554577120164254,0.5096041032964127,45.56249999999999,False,refined,0.0,rank_2,0.003998257192270162,84.10317289093777,84.10317289093777,81.5,2.6031728909377705,NULL,0,81.5,NULL,False
325,0.00018362935314035793,candidate,1,2,1679687499.4272168,1680346531.348096,0.0014878426375798937,16.108673464192044,-0.5096041032964127,32.25,False,refined,0.031850256456025794,NULL,3.0,84.28185025645602,84.10317289093777,81.5,2.6031728909377705,NULL,0,81.5,NULL,False
325,0.00018362935314035793,candidate,2,3,2783203124.0509114,2780908708.3596096,0.0012751655005589445,14.76886454745082,-1.8494130200376357,53.4375,False,refined,0.11558831375235223,NULL,3.0,84.36558831375235,84.10317289093777,81.5,2.6031728909377705,NULL,0,81.5,NULL,False
325,0.00018362935314035793,candidate,3,4,1796874999.387255,1795980278.7448523,0.00121640013799554,14.359062673694938,-2.2592148937935175,34.5,False,refined,0.14120093086209484,NULL,3.0,84.3912009308621,84.10317289093777,81.5,2.6031728909377705,NULL,0,81.5,NULL,False
325,0.00018362935314035793,candidate,4,5,1503906249.487159,1502789321.166702,0.0011274420347415438,13.699417913085261,-2.918859654403194,28.874999999999996,False,refined,0.18242872840019964,NULL,3.0,84.4324287284002,84.10317289093777,81.5,2.6031728909377705,NULL,0,81.5,NULL,False
325,0.00018362935314035793,NULL,5,0,nan,nan,nan,nan,nan,nan,False,NULL,0.25,NULL,0.0,81.5,84.10317289093777,81.5,2.6031728909377705,NULL,0,81.5,NULL,True
326,0.00018363255314035902,candidate,0,1,1650390624.437207,1646428628.3795843,0.005376681091865651,22.830068863553148,2.4054198872515276,31.6875,False,refined,0.0,rank_2,0.11504241417813668,84.39689267063416,84.39689267063416,81.75,2.646892670634159,NULL,0,81.75,NULL,False
326,0.00018363255314035902,candidate,1,2,2363281249.194107,2361696222.3218565,0.0017074595544791294,12.840057638852658,-9.963277054826483,45.375,False,refined,0.6227048159266552,rank_1,0.005003745091875265,84.7308814519563,84.39689267063416,81.75,2.646892670634159,NULL,0,81.75,NULL,False
326,0.00018363255314035902,candidate,2,3,2802734374.044251,2798400316.211337,0.0013905874394425771,11.057015182296013,-11.746319511383128,53.8125,False,refined,0.7341449694614455,rank_3,0.030595634523861465,85.13032891773766,84.39689267063416,81.75,2.646892670634159,NULL,0,81.75,NULL,False
326,0.00018363255314035902,candidate,3,4,4921874998.321611,4922209658.885615,0.0013383281841127677,10.751035785584957,-12.079033077968191,94.5,False,refined,0.75,NULL,3.0,85.25,84.39689267063416,81.75,2.646892670634159,NULL,0,81.75,NULL,False
326,0.00018363255314035902,candidate,4,5,1328124999.5471015,1326808145.8018377,0.0011710835989734362,9.591541281093798,-13.23852758245935,25.5,False,refined,0.8112688078359303,NULL,3.0,85.31126880783593,84.39689267063416,81.75,2.646892670634159,NULL,0,81.75,NULL,False
326,0.00018363255314035902,NULL,5,0,nan,nan,nan,nan,nan,nan,False,NULL,0.25,NULL,0.0,81.75,84.39689267063416,81.75,2.646892670634159,NULL,0,81.75,NULL,True
327,0.0001836357531403601,candidate,0,1,1582031249.4605181,1586322552.9269133,0.010342656211825247,28.193075014177328,4.051717341692638,30.375000000000004,False,refined,0.0,NULL,3.0,84.75,84.75,82.0,2.75,NULL,0,82.0,NULL,False
327,0.0001836357531403601,candidate,1,2,1416015624.5171304,1411493420.4606478,0.0023660430856891684,15.380886210719682,-12.812188803457648,27.1875,False,refined,0.75,NULL,3.0,85.5,84.75,82.0,2.75,NULL,0,82.0,NULL,False
327,0.0001836357531403601,candidate,2,3,4912109373.324942,4913471289.705872,0.001895343484559649,13.454191766602479,-14.73888324757485,94.3125,False,refined,0.75,NULL,3.0,85.5,84.75,82.0,2.75,NULL,0,82.0,NULL,False
327,0.0001836357531403601,candidate,3,4,4609374998.428176,4605627818.782406,0.0018239583714768745,13.120731675748614,-15.072343338428716,88.5,False,refined,0.75,NULL,3.0,85.5,84.75,82.0,2.75,NULL,0,82.0,NULL,False
327,0.0001836357531403601,candidate,4,5,1289062499.5604222,1293335612.6098206,0.001402278959697569,10.837121588665966,-17.355953425511363,24.75,False,refined,0.75,NULL,3.0,85.5,84.75,82.0,2.75,NULL,0,82.0,NULL,False
327,0.0001836357531403601,NULL,5,0,nan,nan,nan,nan,nan,nan,False,NULL,0.25,NULL,0.0,82.0,84.75,82.0,2.75,NULL,0,82.0,NULL,True
328,0.0001836389531403612,candidate,0,1,1552734374.4705083,1556579892.5314586,0.012382385538992235,30.56979874265719,4.890425428683893,29.812499999999996,False,refined,0.0,rank_1,0.08846258473993462,84.83846258473993,84.83846258473993,82.25,2.588462584739929,NULL,0,82.25,NULL,False
328,0.0001836389531403612,candidate,1,2,1757812499.4005756,1753054609.8694968,0.003815684195263853,20.34516076388921,-10.22463797876798,33.75,False,refined,0.6390398736729987,NULL,3.0,85.639039873673,84.83846258473993,82.25,2.588462584739929,NULL,0,82.25,NULL,False
328,0.0001836389531403612,candidate,2,3,1298828124.557092,1301759815.5535226,0.003053886374821287,18.410769787041474,-12.159028955615717,24.9375,False,refined,0.75,NULL,3.0,85.75,84.83846258473993,82.25,2.588462584739929,NULL,0,82.25,NULL,False
328,0.0001836389531403612,candidate,3,4,4609374998.428176,4611257282.603038,0.002865396535455308,17.857406929312056,-12.712391813345135,88.5,False,refined,0.75,NULL,3.0,85.75,84.83846258473993,82.25,2.588462584739929,NULL,0,82.25,NULL,False
328,0.0001836389531403612,candidate,4,5,4902343748.328272,4903700770.3589115,0.001664925930172051,13.141610644759734,-17.428188097897458,94.125,False,refined,0.75,NULL,3.0,85.75,84.83846258473993,82.25,2.588462584739929,NULL,0,82.25,NULL,False
328,0.0001836389531403612,NULL,5,0,nan,nan,nan,nan,nan,nan,False,NULL,0.25,NULL,0.0,82.25,84.83846258473993,82.25,2.588462584739929,NULL,0,82.25,NULL,True
329,0.0001836421531403623,candidate,0,1,1503906249.487159,1499303263.398108,0.01101992189567794,28.22170751763243,3.4997387518044887,28.874999999999996,False,refined,0.0,rank_1,0.3280612244879388,85.16652380922787,85.16652380922787,82.5,2.6665238092278685,NULL,0,82.5,NULL,False
329,0.0001836421531403623,candidate,1,2,4609374998.428176,4606978294.994725,0.0027395091204428577,16.131592201580432,-12.090115316051996,88.5,False,refined,0.75,NULL,3.0,86.0,85.16652380922787,82.5,2.6665238092278685,NULL,0,82.5,NULL,False
329,0.0001836421531403623,candidate,2,3,1767578124.3972454,1765942845.3319285,0.002214320410892562,14.109805181513089,-13.938761063757038,33.9375,False,refined,0.75,NULL,3.0,86.0,85.16652380922787,82.5,2.6665238092278685,NULL,0,82.5,NULL,False
329,0.0001836421531403623,candidate,3,4,4160156248.5813622,4159520904.7754836,0.0015407447997471309,11.132751400712761,-17.088956116919668,79.875,False,refined,0.75,NULL,3.0,86.0,85.16652380922787,82.5,2.6665238092278685,NULL,0,82.5,NULL,False
329,0.0001836421531403623,candidate,4,5,58593749.98001918,nan,0.001230608524830165,9.007394301736662,-19.041171943533467,1.125,True,boundary_peak,2.6176408547395007,NULL,3.0,87.8676408547395,85.16652380922787,82.5,2.6665238092278685,NULL,0,82.5,NULL,False
329,0.0001836421531403623,NULL,5,0,nan,nan,nan,nan,nan,nan,False,NULL,0.25,NULL,0.0,82.5,85.16652380922787,82.5,2.6665238092278685,NULL,0,82.5,NULL,True
330,0.00018364535314036338,candidate,0,1,1455078124.5038097,1451754637.9153373,0.008061608906644653,28.295478719015897,2.474224806570424,27.937499999999996,False,refined,0.0,rank_1,0.22608717853007892,85.39261098775795,85.39261098775795,82.75,2.642610987757948,NULL,0,82.75,NULL,False
330,0.00018364535314036338,candidate,1,2,58593749.98001918,nan,0.0027673344304050738,18.54165589648053,-9.28720157757545,1.125,True,boundary_peak,2.2992000985984657,NULL,3.0,87.79920009859846,85.39261098775795,82.75,2.642610987757948,NULL,0,82.75,NULL,False
330,0.00018364535314036338,candidate,2,3,1621093749.4471974,1617253607.3890488,0.002088783414871299,16.56491242140577,-11.73056629761013,31.125,False,refined,0.7331603936006331,NULL,3.0,86.23316039360063,85.39261098775795,82.75,2.642610987757948,NULL,0,82.75,NULL,False
330,0.00018364535314036338,candidate,3,4,4599609373.431506,4596753438.0384865,0.0015946930464043022,14.2205862217416,-14.074892497274298,88.3125,False,refined,0.75,NULL,3.0,86.25,85.39261098775795,82.75,2.642610987757948,NULL,0,82.75,NULL,False
330,0.00018364535314036338,candidate,4,5,4140624998.588022,4142598487.752873,0.001521935672762493,13.814970143916554,-14.480508575099345,79.5,False,refined,0.75,NULL,3.0,86.25,85.39261098775795,82.75,2.642610987757948,NULL,0,82.75,NULL,False
330,0.00018364535314036338,NULL,5,0,nan,nan,nan,nan,nan,nan,False,NULL,0.25,NULL,0.0,82.75,85.39261098775795,82.75,2.642610987757948,NULL,0,82.75,NULL,True
331,0.00018364855314036447,candidate,0,1,1386718749.5271208,1382956014.1471014,0.003725440665183299,26.302902263841432,0.763479903496469,26.625,False,refined,0.0,NULL,3.0,85.75,85.75,83.0,2.75,NULL,0,83.0,NULL,False
331,0.00018364855314036447,candidate,1,2,58593749.98001918,nan,0.00341195783597156,25.330052394216402,-0.763479903496469,1.125,True,boundary_peak,1.7664674939685292,NULL,3.0,87.51646749396853,85.75,83.0,2.75,NULL,0,83.0,NULL,False
331,0.00018364855314036447,candidate,2,3,927734374.6836371,925942332.8711109,0.0010846098806544377,15.584820377256632,-10.718081886584798,17.8125,False,refined,0.6698801179115499,NULL,3.0,86.41988011791155,85.75,83.0,2.75,NULL,0,83.0,NULL,False
331,0.00018364855314036447,candidate,3,4,810546874.7235987,806007557.5146683,0.001011411375466263,14.977905925319526,-11.324996338521904,15.5625,False,refined,0.707812271157619,NULL,3.0,86.45781227115762,85.75,83.0,2.75,NULL,0,83.0,NULL,False
331,0.00018364855314036447,candidate,4,5,1728515624.410566,1724054142.0123653,0.0008801138038623274,13.695938238759124,-12.532776364300053,33.1875,False,refined,0.75,NULL,3.0,86.5,85.75,83.0,2.75,NULL,0,83.0,NULL,False
331,0.00018364855314036447,NULL,5,0,nan,nan,nan,nan,nan,nan,False,NULL,0.25,NULL,0.0,83.0,85.75,83.0,2.75,NULL,0,83.0,NULL,True
332,0.00018365175314036556,candidate,0,1,58593749.98001918,nan,0.002591208325130189,27.92544433229444,10.848155679607663,1.125,True,boundary_peak,1.71875,NULL,3.0,87.71875,86.67800972997549,83.25,3.4280097299754857,NULL,0,83.25,NULL,False
332,0.00018365175314036556,candidate,1,2,1308593749.5537617,1305508020.7305868,0.0007431809115117846,17.201604092337046,-10.848155679607663,25.124999999999996,False,refined,0.6780097299754789,NULL,3.0,86.67800972997549,86.67800972997549,83.25,3.4280097299754857,NULL,0,83.25,NULL,False
332,0.00018365175314036556,candidate,2,3,1093749999.627025,1091865227.644956,0.0007278361358149254,17.020385440731545,-11.029374331213164,21.0,False,refined,0.6893358957008228,NULL,3.0,86.68933589570082,86.67800972997549,83.25,3.4280097299754857,NULL,0,83.25,NULL,False
332,0.00018365175314036556,candidate,3,4,1572265624.463848,1567846020.4209473,0.0006595624048903626,16.164831022666995,-11.884928749277712,30.1875,False,refined,0.742808046829857,NULL,3.0,86.74280804682985,86.67800972997549,83.25,3.4280097299754857,NULL,0,83.25,NULL,False
332,0.00018365175314036556,candidate,4,5,937499999.6803069,934838713.9487647,0.0005058803129923253,13.860668737267678,-14.18909103467703,18.0,False,refined,0.75,NULL,3.0,86.75,86.67800972997549,83.25,3.4280097299754857,NULL,0,83.25,NULL,False
332,0.00018365175314036556,NULL,5,0,nan,nan,nan,nan,nan,nan,False,NULL,0.25,NULL,0.0,83.25,86.67800972997549,83.25,3.4280097299754857,NULL,0,83.25,NULL,True
333,0.00018365495314036666,candidate,0,1,58593749.98001918,nan,0.0015979737846807472,26.947377747873986,14.245665135569121,1.125,True,boundary_peak,1.71875,NULL,3.0,87.96875,87.0,83.5,3.5,NULL,0,83.5,NULL,False
333,0.00018365495314036666,candidate,1,2,1611328124.4505277,1613772824.6121364,0.0003099462551805379,12.767863094698475,-14.245665135569121,30.9375,False,refined,0.75,NULL,3.0,87.0,87.0,83.5,3.5,NULL,0,83.5,NULL,False
333,0.00018365495314036666,candidate,2,3,1093749999.627025,1091635836.3818495,0.00024743470004048743,10.780219828026363,-16.202180912308457,21.0,False,refined,0.75,NULL,3.0,87.0,87.0,83.5,3.5,NULL,0,83.5,NULL,False
333,0.00018365495314036666,candidate,3,4,1406249999.5204604,1402413007.0131397,0.00023956203305801454,10.530495026495013,-16.483033203772585,26.999999999999996,False,refined,0.75,NULL,3.0,87.0,87.0,83.5,3.5,NULL,0,83.5,NULL,False
333,0.00018365495314036666,candidate,4,5,947265624.6769768,942540621.3792305,0.00015461153259580058,6.726972927748118,-20.286555302519478,18.1875,False,refined,1.2409540608377823,NULL,3.0,87.49095406083778,87.0,83.5,3.5,NULL,0,83.5,NULL,False
333,0.00018365495314036666,NULL,5,0,nan,nan,nan,nan,nan,nan,False,NULL,0.25,NULL,0.0,83.5,87.0,83.5,3.5,NULL,0,83.5,NULL,True
334,0.00018365815314036775,candidate,0,1,58593749.98001918,nan,0.001148272020852467,24.581764088014495,13.208366262975462,1.125,True,boundary_peak,1.71875,NULL,3.0,88.21875,87.25,83.75,3.5,NULL,0,83.75,NULL,False
334,0.00018365815314036775,candidate,1,2,1367187499.533781,1362597986.128094,0.0002509726923453479,11.578713138387782,-13.208366262975462,26.25,False,refined,0.75,NULL,3.0,87.25,87.25,83.75,3.5,NULL,0,83.75,NULL,False
334,0.00018365815314036775,candidate,2,3,1513671874.483829,1517897714.3040156,0.00018012217668068214,8.697527476141085,-16.08955192522216,29.0625,False,refined,0.9453708785788373,NULL,3.0,87.44537087857884,87.25,83.75,3.5,NULL,0,83.75,NULL,False
334,0.00018365815314036775,candidate,3,4,4169921873.578032,4174709436.7676167,0.00016638017311365364,7.978699595548022,-16.778864219383447,80.0625,False,refined,1.0531950606677967,NULL,3.0,87.5531950606678,87.25,83.75,3.5,NULL,0,83.75,NULL,False
334,0.00018365815314036775,candidate,4,5,5976562497.961957,5971872537.390149,0.0001636631090043916,7.741982878437268,-16.92187971731854,114.75,False,refined,1.0887025682344098,NULL,3.0,87.58870256823441,87.25,83.75,3.5,NULL,0,83.75,NULL,False
334,0.00018365815314036775,NULL,5,0,nan,nan,nan,nan,nan,nan,False,NULL,0.25,NULL,0.0,83.75,87.25,83.75,3.5,NULL,0,83.75,NULL,True
335,0.00018366135314036884,candidate,0,1,58593749.98001918,nan,0.0007440182438236713,21.86374137990242,12.417717867855398,1.125,True,boundary_peak,1.71875,NULL,3.0,88.46875,87.5772144398884,84.0,3.577214439888394,NULL,0,84.0,NULL,False
335,0.00018366135314036884,candidate,1,2,4189453123.5713716,4188026926.245736,0.00017811385011611222,9.485237067410726,-12.417717867855398,80.4375,False,refined,0.8272144398883912,NULL,3.0,87.5772144398884,87.5772144398884,84.0,3.577214439888394,NULL,0,84.0,NULL,False
335,0.00018366135314036884,candidate,2,3,5966796872.965287,5967062580.581653,0.00017799130759635365,9.440450139563268,-12.423695825891414,114.5625,False,refined,0.8339324790655098,NULL,3.0,87.58393247906551,87.5772144398884,84.0,3.577214439888394,NULL,0,84.0,NULL,False
335,0.00018366135314036884,candidate,3,4,5195312498.228368,5193677935.995917,0.0001740272445903103,9.2768497065551,-12.61932681800693,99.75,False,refined,0.8584725440167351,NULL,3.0,87.60847254401673,87.5772144398884,84.0,3.577214439888394,NULL,0,84.0,NULL,False
335,0.00018366135314036884,candidate,4,5,1386718749.5271208,1385612317.0273077,0.00015371117189581622,8.205391910810125,-13.697563024455999,26.625,False,refined,1.0191912133784813,NULL,3.0,87.76919121337848,87.5772144398884,84.0,3.577214439888394,NULL,0,84.0,NULL,False
335,0.00018366135314036884,NULL,5,0,nan,nan,nan,nan,nan,nan,False,NULL,0.25,NULL,0.0,84.0,87.5772144398884,84.0,3.577214439888394,NULL,0,84.0,NULL,True
336,0.00018366455314036993,candidate,0,1,58593749.98001918,nan,0.0005046969455952992,18.774382159196623,8.821796788889307,1.125,True,boundary_peak,1.71875,NULL,3.0,88.71875,87.5514083274358,84.25,3.3014083274357944,NULL,0,84.25,NULL,False
336,0.00018366455314036993,candidate,1,2,5195312498.228368,5190537893.469541,0.00018278511948114279,9.999693145798618,-8.821796788889307,99.75,False,refined,0.5514083274357889,NULL,3.0,87.5514083274358,87.5514083274358,84.25,3.3014083274357944,NULL,0,84.25,NULL,False
336,0.00018366455314036993,candidate,2,3,3759765623.717898,3754895863.8392425,0.00013864900981311237,7.599211853147239,-11.222278081540686,72.1875,False,refined,1.0615106021242071,NULL,3.0,88.0615106021242,87.5514083274358,84.25,3.3014083274357944,NULL,0,84.25,NULL,False
336,0.00018366455314036993,candidate,3,4,5048828123.278319,5052808062.263194,0.00013621496266550786,7.581966527797475,-11.376117214228083,96.93749999999999,False,refined,1.073712346719634,NULL,3.0,88.07371234671963,87.5514083274358,84.25,3.3014083274357944,NULL,0,84.25,NULL,False
336,0.00018366455314036993,candidate,4,5,5390624998.161765,5391713670.658935,0.00013620946486784426,7.386245312406476,-11.376467794124299,103.5,False,refined,1.1030924402717972,NULL,3.0,88.1030924402718,87.5514083274358,84.25,3.3014083274357944,NULL,0,84.25,NULL,False
336,0.00018366455314036993,NULL,5,0,nan,nan,nan,nan,nan,nan,False,NULL,0.25,NULL,0.0,84.25,87.5514083274358,84.25,3.3014083274357944,NULL,0,84.25,NULL,True
337,0.00018366775314037102,candidate,0,1,58593749.98001918,nan,0.0004427824839594488,18.299833420182246,7.2064308861332815,1.125,True,boundary_peak,1.71875,NULL,3.0,88.96875,87.70040193038334,84.5,3.200401930383336,NULL,0,84.5,NULL,False
337,0.00018366775314037102,candidate,1,2,4716796873.391544,4716677429.896695,0.00019313851504000287,11.259980249656483,-7.2064308861332815,90.5625,False,refined,0.4504019303833301,NULL,3.0,87.70040193038334,87.70040193038334,84.5,3.200401930383336,NULL,0,84.5,NULL,False
337,0.00018366775314037102,candidate,2,3,5185546873.231698,5189488402.987066,0.00014414525439451854,8.757918809346705,-9.747801666665739,99.5625,False,refined,0.7955497827646029,NULL,3.0,88.04554978276461,87.70040193038334,84.5,3.200401930383336,NULL,0,84.5,NULL,False
337,0.00018366775314037102,candidate,3,4,5380859373.165095,5384752979.145749,0.00013335413770192682,8.0820417401676,-10.423678735844844,103.3125,False,refined,0.9391736599651627,NULL,3.0,88.18917365996516,87.70040193038334,84.5,3.200401930383336,NULL,0,84.5,NULL,False
337,0.00018366775314037102,candidate,4,5,5048828123.278319,5051910475.449911,0.00012706067325161043,7.544323531191175,-10.843585601955956,96.93749999999999,False,refined,1.0460755704435711,NULL,3.0,88.29607557044358,87.70040193038334,84.5,3.200401930383336,NULL,0,84.5,NULL,False
337,0.00018366775314037102,NULL,5,0,nan,nan,nan,nan,nan,nan,False,NULL,0.25,NULL,0.0,84.5,87.70040193038334,84.5,3.200401930383336,NULL,0,84.5,NULL,True
338,0.0001836709531403721,candidate,0,1,58593749.98001918,nan,0.00036997319821702304,17.063329573820354,5.182308255365156,1.125,True,boundary_peak,1.71875,NULL,3.0,89.21875,87.82389426596032,84.75,3.0738942659603197,NULL,0,84.75,NULL,False
338,0.0001836709531403721,candidate,1,2,4697265623.398205,4695474424.520136,0.00020372993708090795,12.317773822611873,-5.182308255365156,90.1875,False,refined,0.3238942659603222,NULL,3.0,87.82389426596032,87.82389426596032,84.75,3.0738942659603197,NULL,0,84.75,NULL,False
338,0.0001836709531403721,candidate,2,3,4062499998.6146636,4060143031.3304424,0.00014547376162175768,9.317383601717708,-8.10771189955335,78.0,False,refined,0.6091244534644281,NULL,3.0,88.10912445346443,87.82389426596032,84.75,3.0738942659603197,NULL,0,84.75,NULL,False
338,0.0001836709531403721,candidate,3,4,3662109373.7511992,3660539345.2649403,0.00013077402137102824,8.386264080500663,-9.032975701979487,70.3125,False,refined,0.8066213692986185,NULL,3.0,88.30662136929863,87.82389426596032,84.75,3.0738942659603197,NULL,0,84.75,NULL,False
338,0.0001836709531403721,candidate,4,5,5136718748.248348,5134735445.770459,0.00012391060914883004,7.998846641192978,-9.50123543678405,98.62499999999999,False,refined,0.8940002186200564,NULL,3.0,88.39400021862005,87.82389426596032,84.75,3.0738942659603197,NULL,0,84.75,NULL,False
338,0.0001836709531403721,NULL,5,0,nan,nan,nan,nan,nan,nan,False,NULL,0.25,NULL,0.0,84.75,87.82389426596032,84.75,3.0738942659603197,NULL,0,84.75,NULL,True
339,0.0001836741531403732,candidate,0,1,58593749.98001918,nan,0.00031965408076339396,14.946089595198986,4.766945237509095,1.125,True,boundary_peak,1.71875,NULL,3.0,89.46875,88.04793407734432,85.0,3.0479340773443226,NULL,0,85.0,NULL,False
339,0.0001836741531403732,candidate,1,2,4648437498.414855,4648401225.20879,0.00018464306098912815,10.520670935731191,-4.766945237509095,89.24999999999999,False,refined,0.2979340773443184,NULL,3.0,88.04793407734432,88.04793407734432,85.0,3.0479340773443226,NULL,0,85.0,NULL,False
339,0.0001836741531403732,candidate,2,3,4042968748.6213236,4039317770.8429313,0.00017091354294211178,9.757090877384211,-5.438075522761467,77.625,False,refined,0.37631608856496,NULL,3.0,88.12631608856496,88.04793407734432,85.0,3.0479340773443226,NULL,0,85.0,NULL,False
339,0.0001836741531403732,candidate,3,4,3867187498.6812663,3867544883.959562,0.00016237018386497035,9.251488108365713,-5.883479412422039,74.25,False,refined,0.4799942470215205,NULL,3.0,88.22999424702152,88.04793407734432,85.0,3.0479340773443226,NULL,0,85.0,NULL,False
339,0.0001836741531403732,candidate,4,5,5693359373.058531,5689229663.635786,0.0001446856351198669,8.272274788274885,-6.885096761155536,109.3125,False,refined,0.6894773293309883,NULL,3.0,88.43947732933098,88.04793407734432,85.0,3.0479340773443226,NULL,0,85.0,NULL,False
339,0.0001836741531403732,NULL,5,0,nan,nan,nan,nan,nan,nan,False,NULL,0.25,NULL,0.0,85.0,88.04793407734432,85.0,3.0479340773443226,NULL,0,85.0,NULL,True
340,0.0001836773531403743,candidate,0,1,58593749.98001918,nan,0.0002666748255856963,13.503891773146863,3.478224804244867,1.125,True,boundary_peak,1.71875,NULL,3.0,89.71875,88.21738905026531,85.25,2.967389050265311,NULL,0,85.25,NULL,False
340,0.0001836773531403743,candidate,1,2,3876953123.677936,3879488201.2240095,0.0001786778752889778,10.347175621869118,-3.478224804244867,74.4375,False,refined,0.2173890502653042,NULL,3.0,88.21738905026531,88.21738905026531,85.25,2.967389050265311,NULL,0,85.25,NULL,False
340,0.0001836773531403743,candidate,2,3,4619140623.424846,4617637355.64594,0.0001713260620140117,9.982228683668053,-3.843171742445932,88.6875,False,refined,0.24286393135266282,NULL,3.0,88.24286393135266,88.21738905026531,85.25,2.967389050265311,NULL,0,85.25,NULL,False
340,0.0001836773531403743,candidate,3,4,4951171873.311622,4947177760.462429,0.0001620913217981876,9.467325348442568,-4.324445118527587,95.06250000000001,False,refined,0.350179017641589,NULL,3.0,88.3501790176416,88.21738905026531,85.25,2.967389050265311,NULL,0,85.25,NULL,False
340,0.0001836773531403743,candidate,4,5,4023437498.627984,4020292412.468837,0.00015656333925018076,9.119368189393064,-4.625838883032296,77.25,False,refined,0.42120970178055883,NULL,3.0,88.42120970178055,88.21738905026531,85.25,2.967389050265311,NULL,0,85.25,NULL,False
340,0.0001836773531403743,NULL,5,0,nan,nan,nan,nan,nan,nan,False,NULL,0.25,NULL,0.0,85.25,88.21738905026531,85.25,2.967389050265311,NULL,0,85.25,NULL,True
341,0.00018368055314037538,candidate,0,1,58593749.98001918,nan,0.00023147626004581693,13.566663920953328,2.797506343965175,1.125,True,boundary_peak,1.71875,NULL,3.0,89.96875,88.39798447962595,85.5,2.897984479625947,NULL,0,85.5,NULL,False
341,0.00018368055314037538,candidate,1,2,4589843748.434836,4594483204.18946,0.00016773787609876764,11.212530031607475,-2.797506343965175,88.125,False,refined,0.17484414649782343,NULL,3.0,88.42484414649782,88.39798447962595,85.5,2.897984479625947,NULL,0,85.5,NULL,False
341,0.00018368055314037538,candidate,2,3,3886718748.674606,3886004672.771397,0.00016727354675635786,11.114208389560938,-2.82158382748551,74.625,False,refined,0.17634898921784437,rank_2,0.004246440142791215,88.39798447962595,88.39798447962595,85.5,2.897984479625947,NULL,0,85.5,NULL,False
341,0.00018368055314037538,candidate,3,4,4931640623.318281,4936086642.183288,0.000138556236964042,9.478184677110217,-4.45760753993623,94.6875,False,refined,0.3568727696794818,NULL,3.0,88.60687276967948,88.39798447962595,85.5,2.897984479625947,NULL,0,85.5,NULL,False
341,0.00018368055314037538,candidate,4,5,2099609374.284021,2096115992.2333186,0.00013451596390839476,9.241341250180675,-4.714652576825404,40.3125,False,refined,0.4084645985244866,NULL,3.0,88.65846459852449,88.39798447962595,85.5,2.897984479625947,NULL,0,85.5,NULL,False
341,0.00018368055314037538,NULL,5,0,nan,nan,nan,nan,nan,nan,False,NULL,0.25,NULL,0.0,85.5,88.39798447962595,85.5,2.897984479625947,NULL,0,85.5,NULL,True
342,0.00018368375314037648,candidate,0,1,58593749.98001918,nan,0.00024319371986913812,12.808378725901264,2.421319832876172,1.125,True,boundary_peak,1.71875,NULL,3.0,90.21875,88.58467688063423,85.75,2.834676880634234,NULL,0,85.75,NULL,False
342,0.00018368375314037648,candidate,1,2,4599609373.431506,4603702881.288821,0.0001840290414688831,10.59007407017683,-2.421319832876172,88.3125,False,refined,0.15133248955476075,rank_2,0.008500244581648941,88.58467688063423,88.58467688063423,85.75,2.834676880634234,NULL,0,85.75,NULL,False
342,0.00018368375314037648,candidate,2,3,3916015623.6646156,3913976986.796527,0.00014119268123495026,8.385555115844037,-4.722803403916407,75.1875,False,refined,0.5373419453681699,rank_3,0.07824503519204731,89.01357146018616,88.58467688063423,85.75,2.834676880634234,NULL,0,85.75,NULL,False
342,0.00018368375314037648,candidate,3,4,4707031248.394875,4711376617.39189,0.00013567372541018076,8.039226411189473,-5.069132108570971,90.375,False,refined,0.6109367951072647,NULL,3.0,89.11093679510726,88.58467688063423,85.75,2.834676880634234,NULL,0,85.75,NULL,False
342,0.00018368375314037648,candidate,4,5,5556640623.105153,5555961567.583458,0.00013385556340044042,7.825075315955665,-5.186318587097336,106.6875,False,refined,0.6503836143002337,NULL,3.0,89.15038361430024,88.58467688063423,85.75,2.834676880634234,NULL,0,85.75,NULL,False
342,0.00018368375314037648,NULL,5,0,nan,nan,nan,nan,nan,nan,False,NULL,0.25,NULL,0.0,85.75,88.58467688063423,85.75,2.834676880634234,NULL,0,85.75,NULL,True
343,0.00018368695314037757,candidate,0,1,58593749.98001918,nan,0.00022254314056084637,12.456593738284223,0.12125766265523197,1.125,True,boundary_peak,1.71875,NULL,3.0,90.46875,88.61702310771511,86.0,2.617023107715113,NULL,0,86.0,NULL,False
343,0.00018368695314037757,candidate,1,2,4619140623.424846,4619440614.024174,0.0002194579557590256,12.655452179885582,-0.12125766265523197,88.6875,False,refined,0.007578603915951998,rank_2,0.02476762316493862,88.61702310771511,88.61702310771511,86.0,2.617023107715113,NULL,0,86.0,NULL,False
343,0.00018368695314037757,candidate,2,3,2773437499.0542417,2773247517.978308,0.00016399805938193822,10.125199770798172,-2.651510071742642,53.25,False,refined,0.16571937948391513,NULL,3.0,88.91571937948392,88.61702310771511,86.0,2.617023107715113,NULL,0,86.0,NULL,False
343,0.00018368695314037757,candidate,3,4,4150390623.5846925,4151051405.2926745,0.00014777751146267533,9.154997537296898,-3.556117274216275,79.6875,False,refined,0.34900769904398243,NULL,3.0,89.09900769904398,88.61702310771511,86.0,2.617023107715113,NULL,0,86.0,NULL,False
343,0.00018368695314037757,candidate,4,5,5195312498.228368,5199626171.899921,0.00012833064397079258,7.995033062648531,-4.781676779892283,99.75,False,refined,0.599599839345988,NULL,3.0,89.34959983934598,88.61702310771511,86.0,2.617023107715113,NULL,0,86.0,NULL,False
343,0.00018368695314037757,NULL,5,0,nan,nan,nan,nan,nan,nan,False,NULL,0.25,NULL,0.0,86.0,88.61702310771511,86.0,2.617023107715113,NULL,0,86.0,NULL,True
344,0.00018369015314037866,candidate,0,1,2763671874.0575714,2763953927.3252177,0.00021142797276882828,11.928329215815845,0.4804352668166345,53.06249999999999,False,refined,0.0,rank_3,0.008637082722721066,88.92435646220663,88.68435249752085,86.25,2.434352497520848,NULL,0,86.25,NULL,False
344,0.00018369015314037866,candidate,1,2,4599609373.431506,4600126840.278555,0.00020005097959139044,11.533004859768843,-0.4804352668166345,88.3125,False,refined,0.030027204176039657,rank_2,0.037302185629695485,88.68435249752085,88.68435249752085,86.25,2.434352497520848,NULL,0,86.25,NULL,False
344,0.00018369015314037866,candidate,2,3,4169921873.578032,4171778909.115069,0.00016946525203945264,10.091804450356037,-1.9216356762294406,80.0625,False,refined,0.12010222976434004,NULL,3.0,89.12010222976434,88.68435249752085,86.25,2.434352497520848,NULL,0,86.25,NULL,False
344,0.00018369015314037866,candidate,3,4,5029296873.28498,5031373915.440772,0.0001674369287449925,9.98721619799734,-2.026223928588138,96.5625,False,refined,0.1285565658371577,NULL,3.0,89.12855656583716,88.68435249752085,86.25,2.434352497520848,NULL,0,86.25,NULL,False
344,0.00018369015314037866,candidate,4,5,58593749.98001918,nan,0.000159199211450316,9.046025550494505,-2.4644306685286477,1.125,True,boundary_peak,2.015873084208865,NULL,3.0,91.01587308420886,88.68435249752085,86.25,2.434352497520848,NULL,0,86.25,NULL,False
344,0.00018369015314037866,NULL,5,0,nan,nan,nan,nan,nan,nan,False,NULL,0.25,NULL,0.0,86.25,88.68435249752085,86.25,2.434352497520848,NULL,0,86.25,NULL,True
345,0.00018369335314037975,candidate,0,1,5009765623.29164,5009021315.0925255,0.00023040177440409045,12.789786271998036,0.1875383248200535,96.1875,False,refined,0.0,rank_4,0.049963874232843285,89.17852044007,88.91415169739012,86.5,2.4141516973901247,NULL,0,86.5,NULL,False
345,0.00018369335314037975,candidate,1,2,5361328123.171756,5361937914.690541,0.00022548045534166288,12.622455408970357,-0.1875383248200535,102.9375,False,refined,0.011721145301253344,NULL,3.0,89.26172114530125,88.91415169739012,86.5,2.4141516973901247,NULL,0,86.5,NULL,False
345,0.00018369335314037975,candidate,2,3,2744140624.064232,2748654443.377412,0.00018685426138960175,10.917505743198124,-1.8196562523666415,52.6875,False,refined,0.1137285157729151,rank_1,0.02340742090691698,89.06149239888647,88.91415169739012,86.5,2.4141516973901247,NULL,0,86.5,NULL,False
345,0.00018369335314037975,candidate,3,4,58593749.98001918,nan,0.00016935740148670838,9.933252819412619,-2.673632757903981,1.125,True,boundary_peak,1.895864124457106,NULL,3.0,91.1458641244571,88.91415169739012,86.5,2.4141516973901247,NULL,0,86.5,NULL,False
345,0.00018369335314037975,candidate,4,5,4599609373.431506,4597675950.349437,0.00016232304240984866,9.739556953192166,-3.0421129072582342,88.3125,False,refined,0.2291985137248148,rank_2,0.0006006861444652802,88.91415169739012,88.91415169739012,86.5,2.4141516973901247,NULL,0,86.5,NULL,False
345,0.00018369335314037975,NULL,5,0,nan,nan,nan,nan,nan,nan,False,NULL,0.25,NULL,0.0,86.5,88.91415169739012,86.5,2.4141516973901247,NULL,0,86.5,NULL,True
346,0.00018369655314038084,candidate,0,1,5341796873.178415,5345765353.367487,0.0002744666265059289,13.334243066813896,2.1500758603595482,102.56249999999999,False,refined,0.0,rank_2,0.026155173974795227,89.28787631927605,89.28787631927605,86.75,2.5378763192760516,NULL,0,86.75,NULL,False
346,0.00018369655314038084,candidate,1,2,5019531248.28831,5016534551.443178,0.00021428202968875543,11.084975740470249,-2.1500758603595482,96.375,False,refined,0.13437974127247176,rank_1,0.005644872046076903,89.31854505338855,89.28787631927605,86.75,2.5378763192760516,NULL,0,86.75,NULL,False
346,0.00018369655314038084,candidate,2,3,58593749.98001918,nan,0.00018103548324044182,9.435930682535218,-3.614516775567429,1.125,True,boundary_peak,2.0292676960926816,NULL,3.0,91.52926769609269,89.28787631927605,86.75,2.5378763192760516,NULL,0,86.75,NULL,False
346,0.00018369655314038084,candidate,3,4,4697265623.398205,4700273409.999168,0.0001751104379793809,9.331501398368864,-3.9035502024609325,90.1875,False,refined,0.3442466778984786,NULL,3.0,89.84424667789848,89.28787631927605,86.75,2.5378763192760516,NULL,0,86.75,NULL,False
346,0.00018369655314038084,candidate,4,5,2724609374.0708923,2726601474.551498,0.0001670818204720908,8.84380809100314,-4.311206916734731,52.3125,False,refined,0.44287921864544966,rank_3,0.04863334340367306,89.5530049609356,89.28787631927605,86.75,2.5378763192760516,NULL,0,86.75,NULL,False
346,0.00018369655314038084,NULL,5,0,nan,nan,nan,nan,nan,nan,False,NULL,0.25,NULL,0.0,86.75,89.28787631927605,86.75,2.5378763192760516,NULL,0,86.75,NULL,True
347,0.00018369975314038193,candidate,0,1,5273437498.201727,5278150749.9331665,0.0002552693005947275,12.173616988362026,2.019745121666805,101.25,False,refined,0.0,rank_1,0.4571734597580419,89.74504977903409,89.65462868086489,87.0,2.6546286808648887,NULL,0,87.0,NULL,False
347,0.00018369975314038193,candidate,1,2,1835937499.3739345,1834489540.9235117,0.00020230719675781933,10.153871866695221,-2.019745121666805,35.25,False,refined,0.1262340701041753,NULL,3.0,89.87623407010418,89.65462868086489,87.0,2.6546286808648887,NULL,0,87.0,NULL,False
347,0.00018369975314038193,candidate,2,3,4697265623.398205,4693411796.436205,0.0002019900339317282,10.080349611177262,-2.0333729264635014,90.1875,False,refined,0.12708580790396884,NULL,3.0,89.87708580790397,89.65462868086489,87.0,2.6546286808648887,NULL,0,87.0,NULL,False
347,0.00018369975314038193,candidate,3,4,5019531248.28831,5021853656.201806,0.00018354280422612035,8.97214794841819,-2.865224515131901,96.375,False,refined,0.33325433993301534,rank_2,0.0028292875433257878,89.65462868086489,89.65462868086489,87.0,2.6546286808648887,NULL,0,87.0,NULL,False
347,0.00018369975314038193,candidate,4,5,5507812498.121803,5509766775.066798,0.00017110038429922332,8.476185195846524,-3.4749520695875624,105.75,False,refined,0.44575672497224406,NULL,3.0,90.19575672497224,89.65462868086489,87.0,2.6546286808648887,NULL,0,87.0,NULL,False
347,0.00018369975314038193,NULL,5,0,nan,nan,nan,nan,nan,nan,False,NULL,0.25,NULL,0.0,87.0,89.65462868086489,87.0,2.6546286808648887,NULL,0,87.0,NULL,True
348,0.00018370295314038302,candidate,0,1,5253906248.208387,5257303805.693641,0.0002100908088267294,9.94374563020834,0.8452531635248484,100.875,False,refined,0.008438155468748931,rank_1,0.04345950841258977,89.79694744291544,89.79694744291544,87.25,2.546947442915439,NULL,0,87.25,NULL,False
348,0.00018370295314038302,candidate,1,2,4707031248.394875,4708429694.041316,0.00019060943537324858,8.987476324252821,-0.8452531635248484,90.375,False,refined,0.20470687408237986,rank_3,0.022553724847760238,90.1043464068341,89.79694744291544,87.25,2.546947442915439,NULL,0,87.25,NULL,False
348,0.00018370295314038302,candidate,2,3,1796874999.387255,1800110272.374626,0.0001818645831800009,8.764061929611646,-1.253178429749937,34.5,False,refined,0.26371436241762414,rank_2,0.11819341059564098,90.25814184311744,89.79694744291544,87.25,2.546947442915439,NULL,0,87.25,NULL,False
348,0.00018370295314038302,candidate,3,4,5019531248.28831,5015148284.7305565,0.00017627033990883688,8.315018621424581,-1.5245562215798891,96.375,False,refined,0.34803197063505587,rank_4,0.004496200656744775,90.0071568521567,89.79694744291544,87.25,2.546947442915439,NULL,0,87.25,NULL,False
348,0.00018370295314038302,candidate,4,5,2431640624.1707964,2429988019.739543,0.00017352227706958403,8.19106475954234,-1.6610362985125526,46.6875,False,refined,0.37515505472568367,NULL,3.0,90.37515505472568,89.79694744291544,87.25,2.546947442915439,NULL,0,87.25,NULL,False
348,0.00018370295314038302,NULL,5,0,nan,nan,nan,nan,nan,nan,False,NULL,0.25,NULL,0.0,87.25,89.79694744291544,87.25,2.546947442915439,NULL,0,87.25,NULL,True
349,0.00018370615314038411,candidate,0,1,5986328122.958627,5985732261.641703,0.00017943918653952868,9.238201466198364,0.08136876282082817,114.9375,False,refined,0.11426978007024546,NULL,3.0,90.36426978007025,90.22276596235993,87.5,2.7227659623599294,NULL,0,87.5,NULL,False
349,0.00018370615314038411,candidate,1,2,4736328123.384884,4731832463.133744,0.00017776606277999251,9.021146199026564,-0.08136876282082817,90.9375,False,refined,0.15191361782231716,rank_2,0.0547689601193513,90.31102898477576,90.22276596235993,87.5,2.7227659623599294,NULL,0,87.5,NULL,False
349,0.00018370615314038411,candidate,2,3,58593749.98001918,nan,0.0001707965029794763,8.607806989496707,-0.42876634820155246,1.125,True,boundary_peak,1.954376848338091,NULL,3.0,92.20437684833809,90.22276596235993,87.5,2.7227659623599294,NULL,0,87.5,NULL,False
349,0.00018370615314038411,candidate,3,4,2343749999.2007675,2341797528.7977533,0.00017038216186506257,8.932339332691797,-0.4498633471200453,45.0,False,refined,0.18826555929123334,NULL,3.0,90.43826555929124,90.22276596235993,87.5,2.7227659623599294,NULL,0,87.5,NULL,False
349,0.00018370615314038411,candidate,4,5,5019531248.28831,5016370332.683117,0.0001678902541665,8.804366576022815,-0.5778361037890267,96.375,False,refined,0.2154597700833919,rank_4,0.00014934011983571265,90.22276596235993,90.22276596235993,87.5,2.7227659623599294,NULL,0,87.5,NULL,False
349,0.00018370615314038411,NULL,5,0,nan,nan,nan,nan,nan,nan,False,NULL,0.25,NULL,0.0,87.5,90.22276596235993,87.5,2.7227659623599294,NULL,0,87.5,NULL,True
350,0.0001837093531403852,candidate,0,1,4746093748.381554,4745918631.877293,0.000223155896494192,12.677446058049151,1.6892278245627512,91.12499999999999,False,refined,0.0,rank_2,0.019842014987171974,90.33087099976294,90.33087099976294,87.75,2.5808709997629364,NULL,0,87.75,NULL,False
350,0.0001837093531403852,candidate,1,2,5986328122.958627,5984610067.772034,0.00018371599766613716,10.79106656392458,-1.6892278245627512,114.9375,False,refined,0.10557673903517195,rank_1,0.00012593190811225962,90.46997245101353,90.33087099976294,87.75,2.5808709997629364,NULL,0,87.75,NULL,False
350,0.0001837093531403852,candidate,2,3,3037109373.964328,3035145898.0461264,0.00017811931597951246,10.707640989533624,-1.9579469622450674,58.3125,False,refined,0.12237168514031671,NULL,3.0,90.62237168514032,90.33087099976294,87.75,2.5808709997629364,NULL,0,87.75,NULL,False
350,0.0001837093531403852,candidate,3,4,2265624999.2274084,2265508981.5187936,0.000170077418002512,10.318211803864585,-2.3592342541845657,43.5,False,refined,0.14745214088653535,NULL,3.0,90.64745214088653,90.33087099976294,87.75,2.5808709997629364,NULL,0,87.75,NULL,False
350,0.0001837093531403852,candidate,4,5,58593749.98001918,nan,0.00015353722344570636,9.025999021223239,-3.2478936836773276,1.125,True,boundary_peak,2.067843502046347,NULL,3.0,92.56784350204634,90.33087099976294,87.75,2.5808709997629364,NULL,0,87.75,NULL,False
350,0.0001837093531403852,NULL,5,0,nan,nan,nan,nan,nan,nan,False,NULL,0.25,NULL,0.0,87.75,90.33087099976294,87.75,2.5808709997629364,NULL,0,87.75,NULL,True
351,0.0001837125531403863,candidate,0,1,4765624998.374894,4762716963.562823,0.0002450712351561725,12.751702435437693,3.415170613287559,91.5,False,refined,0.0,rank_1,0.028218394741710343,90.35908939450465,90.35908939450465,88.0,2.3590893945046503,NULL,0,88.0,NULL,False
351,0.0001837125531403863,candidate,1,2,58593749.98001918,nan,0.00016539935398591016,8.931873124930432,-3.415170613287559,1.125,True,boundary_peak,2.0924171945909076,NULL,3.0,92.84241719459091,90.35908939450465,88.0,2.3590893945046503,NULL,0,88.0,NULL,False
351,0.0001837125531403863,candidate,2,3,2246093749.234069,2242617175.3290267,0.0001637453960828002,9.218189503458909,-3.5024648309817152,43.125,False,refined,0.33617562641752086,rank_4,0.05240347906298494,91.03603124636703,90.35908939450465,88.0,2.3590893945046503,NULL,0,88.0,NULL,False
351,0.0001837125531403863,candidate,3,4,5986328122.958627,5988443178.80345,0.00014537375815180711,7.934038207113838,-4.536126436217627,114.9375,False,refined,0.5934021711965259,rank_2,0.0014692740179162568,91.06484389622798,90.35908939450465,88.0,2.3590893945046503,NULL,0,88.0,NULL,False
351,0.0001837125531403863,candidate,4,5,5087890623.264999,5088572019.137664,0.00014287605703858726,7.938448831950078,-4.686657663438796,97.6875,False,refined,0.602148779172413,NULL,3.0,91.35214877917241,90.35908939450465,88.0,2.3590893945046503,NULL,0,88.0,NULL,False
351,0.0001837125531403863,NULL,5,0,nan,nan,nan,nan,nan,nan,False,NULL,0.25,NULL,0.0,88.0,90.35908939450465,88.0,2.3590893945046503,NULL,0,88.0,NULL,True
352,0.0001837157531403874,candidate,0,1,4794921873.364903,4790908649.04502,0.00018371260977218348,10.094765529437959,0.812159379327273,92.0625,False,refined,0.0,rank_1,0.07947711303271064,90.43856650753736,90.43856650753736,88.25,2.1885665075373595,NULL,0,88.25,NULL,False
352,0.0001837157531403874,candidate,1,2,3935546873.657955,3932796169.3196826,0.0001673135051955921,9.382521213169541,-0.812159379327273,75.5625,False,refined,0.14338177923252338,NULL,3.0,91.14338177923253,90.43856650753736,88.25,2.1885665075373595,NULL,0,88.25,NULL,False
352,0.0001837157531403874,candidate,2,3,4482421873.471468,4483170620.75358,0.00014919955602948846,8.387251875132318,-1.8074287173644965,86.0625,False,refined,0.35487651356543337,NULL,3.0,91.35487651356543,90.43856650753736,88.25,2.1885665075373595,NULL,0,88.25,NULL,False
352,0.0001837157531403874,candidate,3,4,58593749.98001918,nan,0.0001396508285906351,7.334921627613085,-2.3819089967803375,1.125,True,boundary_peak,2.2673810681568085,NULL,3.0,93.26738106815681,90.43856650753736,88.25,2.1885665075373595,NULL,0,88.25,NULL,False
352,0.0001837157531403874,candidate,4,5,5703124998.055201,5699437746.108773,0.00013532642106593685,7.23224298500857,-2.6551274072132713,109.5,False,refined,0.5811090151995439,NULL,3.0,91.58110901519954,90.43856650753736,88.25,2.1885665075373595,NULL,0,88.25,NULL,False
352,0.0001837157531403874,NULL,5,0,nan,nan,nan,nan,nan,nan,False,NULL,0.25,NULL,0.0,88.25,90.43856650753736,88.25,2.1885665075373595,NULL,0,88.25,NULL,True
353,0.00018371895314038848,candidate,0,1,3955078123.651295,3958379798.2231035,0.0002176752262604468,11.62142079207051,2.555937130987278,75.9375,False,refined,0.0,rank_2,0.06545220678679545,91.20883398601933,91.20883398601933,88.5,2.7088339860193287,NULL,0,88.5,NULL,False
353,0.00018371895314038848,candidate,1,2,4521484373.458147,4525301180.421871,0.00016218554629683632,9.092397443021607,-2.555937130987278,86.8125,False,refined,0.2958864542334638,NULL,3.0,91.54588645423347,91.20883398601933,88.5,2.7088339860193287,NULL,0,88.5,NULL,False
353,0.00018371895314038848,candidate,2,3,4111328123.598013,4107996318.872423,0.00014758521317088938,8.230494971595803,-3.3753231527407124,78.9375,False,refined,0.47638345130692406,NULL,3.0,91.72638345130693,91.20883398601933,88.5,2.7088339860193287,NULL,0,88.5,NULL,False
353,0.00018371895314038848,candidate,3,4,5712890623.05187,5717170368.262714,0.0001355385412672447,7.506496845716271,-4.114923946354239,109.6875,False,refined,0.6312082197896993,NULL,3.0,91.8812082197897,91.20883398601933,88.5,2.7088339860193287,NULL,0,88.5,NULL,False
353,0.00018371895314038848,candidate,4,5,5078124998.26833,5080424584.828028,0.00012918876317613332,7.074132841582612,-4.531685282753903,97.5,False,refined,0.7221104039347271,NULL,3.0,91.97211040393472,91.20883398601933,88.5,2.7088339860193287,NULL,0,88.5,NULL,False
353,0.00018371895314038848,NULL,5,0,nan,nan,nan,nan,nan,nan,False,NULL,0.25,NULL,0.0,88.5,91.20883398601933,88.5,2.7088339860193287,NULL,0,88.5,NULL,True
354,0.00018372215314038957,candidate,0,1,3955078123.651295,3954712934.8273845,0.00021989656764982563,12.024413060309014,2.0223542231727354,75.9375,False,refined,0.0,rank_1,0.0013445887162864252,91.21017857473562,91.21017857473562,88.75,2.4601785747356217,NULL,0,88.75,NULL,False
354,0.00018372215314038957,candidate,1,2,58593749.98001918,nan,0.00017422109515211106,9.70051233523737,-2.0223542231727354,1.125,True,boundary_peak,1.8900702886626903,NULL,3.0,93.39007028866268,91.21017857473562,88.75,2.4601785747356217,NULL,0,88.75,NULL,False
354,0.00018372215314038957,candidate,2,3,4121093748.5946827,4121642751.8480635,0.00017223258606795092,9.91419356543303,-2.1220625596895104,79.125,False,refined,0.14549987516564,NULL,3.0,91.64549987516564,91.21017857473562,88.75,2.4601785747356217,NULL,0,88.75,NULL,False
354,0.00018372215314038957,candidate,3,4,4511718748.461477,4515920221.552829,0.00014731091700111217,8.445967978923186,-3.4796703512802463,86.625,False,refined,0.45058420011653755,NULL,3.0,91.95058420011654,91.21017857473562,88.75,2.4601785747356217,NULL,0,88.75,NULL,False
354,0.00018372215314038957,candidate,4,5,5136718748.248348,5139727079.836859,0.0001335621475644554,7.689651232508057,-4.330701140424775,98.62499999999999,False,refined,0.6172211364003399,NULL,3.0,92.11722113640035,91.21017857473562,88.75,2.4601785747356217,NULL,0,88.75,NULL,False
354,0.00018372215314038957,NULL,5,0,nan,nan,nan,nan,nan,nan,False,NULL,0.25,NULL,0.0,88.75,91.21017857473562,88.75,2.4601785747356217,NULL,0,88.75,NULL,True
355,0.00018372535314039066,candidate,0,1,3925781248.6612854,3927001381.9887037,0.0001974797052020046,11.819857967756686,0.05618898728987354,75.375,False,refined,0.0,rank_1,0.07679301607309946,91.28697159080872,91.28697159080872,89.0,2.2869715908087187,NULL,0,89.0,NULL,False
355,0.00018372535314039066,candidate,1,2,58593749.98001918,nan,0.0001962063328952855,11.625454611419945,-0.05618898728987354,1.125,True,boundary_peak,1.722261811705617,NULL,3.0,93.47226181170562,91.28697159080872,89.0,2.2869715908087187,NULL,0,89.0,NULL,False
355,0.00018372535314039066,candidate,2,3,4140624998.588022,4142779214.319953,0.00017113300613314243,10.654258978044835,-1.2437738194300874,79.5,False,refined,0.07773586371438046,rank_3,0.04467500458255931,91.76791074346258,91.28697159080872,89.0,2.2869715908087187,NULL,0,89.0,NULL,False
355,0.00018372535314039066,candidate,3,4,4492187498.468138,4491829433.080124,0.00014553349226130056,9.158653029047104,-2.651190386262945,86.25,False,refined,0.2919014447843685,NULL,3.0,92.04190144478437,91.28697159080872,89.0,2.2869715908087187,NULL,0,89.0,NULL,False
355,0.00018372535314039066,candidate,4,5,5371093748.168426,5373388788.010613,0.00013713944378218644,8.563366095943596,-3.1672017307083067,103.125,False,refined,0.4134451937777297,NULL,3.0,92.16344519377773,91.28697159080872,89.0,2.2869715908087187,NULL,0,89.0,NULL,False
355,0.00018372535314039066,NULL,5,0,nan,nan,nan,nan,nan,nan,False,NULL,0.25,NULL,0.0,89.0,91.28697159080872,89.0,2.2869715908087187,NULL,0,89.0,NULL,True
356,0.00018372855314039175,candidate,0,1,58593749.98001918,nan,0.00016946168470196536,9.753353454739164,0.26765790512651044,1.125,True,boundary_peak,1.7557469817891254,NULL,3.0,93.75574698178913,91.35927412219974,89.25,2.1092741221997358,NULL,0,89.25,NULL,False
356,0.00018372855314039175,candidate,1,2,3916015623.6646156,3916965744.9118433,0.0001643193182398817,9.696649925554919,-0.26765790512651044,75.1875,False,refined,0.062231130237169086,rank_1,0.01007140115384557,91.35927412219974,91.35927412219974,89.25,2.1092741221997358,NULL,0,89.25,NULL,False
356,0.00018372855314039175,candidate,2,3,4482421873.471468,4482866304.911323,0.00015689035807698386,9.366775424876579,-0.6695053082701197,86.0625,False,refined,0.13682776803539565,NULL,3.0,92.1368277680354,91.35927412219974,89.25,2.1092741221997358,NULL,0,89.25,NULL,False
356,0.00018372855314039175,candidate,3,4,4140624998.588022,4136441868.769182,0.00013346752176901912,7.997497004703327,-2.073918461688189,79.5,False,refined,0.4299953531500128,rank_3,0.004016194862987394,92.20192229147558,91.35927412219974,89.25,2.1092741221997358,NULL,0,89.25,NULL,False
356,0.00018372855314039175,candidate,4,5,5390624998.161765,5392033947.351435,0.00013120171258460995,7.81364041962199,-2.2226403135247086,103.5,False,refined,0.4668689566519958,NULL,3.0,92.466868956652,91.35927412219974,89.25,2.1092741221997358,NULL,0,89.25,NULL,False
356,0.00018372855314039175,NULL,5,0,nan,nan,nan,nan,nan,nan,False,NULL,0.25,NULL,0.0,89.25,91.35927412219974,89.25,2.1092741221997358,NULL,0,89.25,NULL,True
357,0.00018373175314039284,candidate,0,1,58593749.98001918,nan,0.00015406067351971984,8.322688472080095,0.14289108458592992,1.125,True,boundary_peak,1.9703467291879857,NULL,3.0,94.22034672918798,92.49636146426222,89.5,2.996361464262222,NULL,0,89.5,NULL,False
357,0.00018373175314039284,candidate,1,2,5439453123.145114,5443588586.336529,0.00015154696314246166,8.417128190162622,-0.14289108458592992,104.43749999999999,False,refined,0.24636146426222738,NULL,3.0,92.49636146426222,92.49636146426222,89.5,2.996361464262222,NULL,0,89.5,NULL,False
357,0.00018373175314039284,candidate,2,3,4501953123.4648075,4499730257.849499,0.00014430370498186138,7.84800439709759,-0.5682862094045404,86.4375,False,refined,0.3583172285231453,rank_3,0.028439290870102017,92.52358428742865,92.49636146426222,89.5,2.996361464262222,NULL,0,89.5,NULL,False
357,0.00018373175314039284,candidate,3,4,5664062498.0685215,5666190120.123678,0.00014393875463674727,8.011222597466903,-0.5902810266781255,108.75,False,refined,0.33520917454734744,NULL,3.0,92.58520917454734,92.49636146426222,89.5,2.996361464262222,NULL,0,89.5,NULL,False
357,0.00018373175314039284,candidate,4,5,2246093749.234069,2250560990.9925313,0.00014239185536431948,7.741729715936261,-0.6841328651820167,43.125,False,refined,0.3814988466834369,NULL,3.0,92.63149884668344,92.49636146426222,89.5,2.996361464262222,NULL,0,89.5,NULL,False
357,0.00018373175314039284,NULL,5,0,nan,nan,nan,nan,nan,nan,False,NULL,0.25,NULL,0.0,89.5,92.49636146426222,89.5,2.996361464262222,NULL,0,89.5,NULL,True
358,0.00018373495314039394,candidate,0,1,5712890623.05187,5715164589.513053,0.000191427432254783,11.604338599119659,0.4415384632825514,109.6875,False,refined,0.0,NULL,3.0,92.5,92.5,89.75,2.75,NULL,0,89.75,NULL,False
358,0.00018373495314039394,candidate,1,2,5449218748.141785,5448357365.829507,0.00018193960635381844,11.106947913777185,-0.4415384632825514,104.625,False,refined,0.027596153955159464,rank_2,0.0022741257852648424,92.52623174400264,92.5,89.75,2.75,NULL,0,89.75,NULL,False
358,0.00018373495314039394,candidate,2,3,58593749.98001918,nan,0.00014686725628817603,8.961894819888343,-2.301583845097843,1.125,True,boundary_peak,2.018314767335364,NULL,3.0,94.51831476733537,92.5,89.75,2.75,NULL,0,89.75,NULL,False
358,0.00018373495314039394,candidate,3,4,5966796872.965287,5963720951.525772,0.00014511865517015496,9.148882919671646,-2.405618576288111,114.5625,False,refined,0.27801872306726005,NULL,3.0,92.77801872306726,92.5,89.75,2.75,NULL,0,89.75,NULL,False
358,0.00018373495314039394,candidate,4,5,4501953123.4648075,4504284987.50122,0.00012796884222039375,7.865867913747433,-3.497998662933055,86.4375,False,refined,0.538744729371201,NULL,3.0,93.0387447293712,92.5,89.75,2.75,NULL,0,89.75,NULL,False
358,0.00018373495314039394,NULL,5,0,nan,nan,nan,nan,nan,nan,False,NULL,0.25,NULL,0.0,89.75,92.5,89.75,2.75,NULL,0,89.75,NULL,True
359,0.00018373815314039503,candidate,0,1,5732421873.04521,5735083090.483755,0.0002041805675867924,11.92939705353294,0.40214253493296326,110.06249999999999,False,refined,0.0,rank_1,0.03967466809198633,92.53967466809199,92.53967466809199,90.0,2.5396746680919904,NULL,0,90.0,NULL,False
359,0.00018373815314039503,candidate,1,2,5898437497.988598,5897896536.006745,0.0001949428360766751,11.527254518599976,-0.40214253493296326,113.25,False,refined,0.025133908433310204,NULL,3.0,92.7751339084333,92.53967466809199,90.0,2.5396746680919904,NULL,0,90.0,NULL,False
359,0.00018373815314039503,candidate,2,3,5439453123.145114,5439111164.872598,0.0001751448693486106,10.597057313087186,-1.3323397404457538,104.43749999999999,False,refined,0.08327123377785961,rank_2,0.008549223213554823,92.61805220099406,92.53967466809199,90.0,2.5396746680919904,NULL,0,90.0,NULL,False
359,0.00018373815314039503,candidate,3,4,58593749.98001918,nan,0.00014109118741538183,8.498107210227479,-3.2102903653250436,1.125,True,boundary_peak,2.1446770662986934,NULL,3.0,94.8946770662987,92.53967466809199,90.0,2.5396746680919904,NULL,0,90.0,NULL,False
359,0.00018373815314039503,candidate,4,5,2158203124.26404,2156626069.732025,0.00013604356511440639,8.356977195921917,-3.5267280470410167,41.4375,False,refined,0.4668739235517759,NULL,3.0,93.21687392355177,92.53967466809199,90.0,2.5396746680919904,NULL,0,90.0,NULL,False
359,0.00018373815314039503,NULL,5,0,nan,nan,nan,nan,nan,nan,False,NULL,0.25,NULL,0.0,90.0,92.53967466809199,90.0,2.5396746680919904,NULL,0,90.0,NULL,True
360,0.00018374135314039612,candidate,0,1,5888671872.991928,5884839451.161634,0.00021649007743890228,12.695087944264394,2.519834331134385,113.0625,False,refined,0.0,rank_2,0.01704874646524246,92.79218265489854,92.79218265489854,90.25,2.5421826548985393,NULL,0,90.25,NULL,False
360,0.00018374135314039612,candidate,1,2,5781249998.02856,5776434808.574843,0.00016197436246457778,10.26354960464439,-2.519834331134385,111.0,False,refined,0.15748964569589907,rank_1,0.17099645890848392,92.86816077269638,92.79218265489854,90.25,2.5421826548985393,NULL,0,90.25,NULL,False
360,0.00018374135314039612,candidate,2,3,4169921873.578032,4169656198.416881,0.0001604588020329931,10.03918921847676,-2.6014890059389906,80.0625,False,refined,0.1625930628711869,NULL,3.0,93.16259306287118,92.79218265489854,90.25,2.5421826548985393,NULL,0,90.25,NULL,False
360,0.00018374135314039612,candidate,3,4,5429687498.148444,5426075994.040785,0.00015453840344160178,9.855352443596521,-2.928031492182255,104.24999999999999,False,refined,0.20469910172191275,rank_3,0.016991567861454473,92.83974287057742,92.79218265489854,90.25,2.5421826548985393,NULL,0,90.25,NULL,False
360,0.00018374135314039612,candidate,4,5,5126953123.251678,5131445037.565472,0.00014350672080509007,9.212068834585363,-3.571315101193413,98.4375,False,refined,0.34139686863678387,NULL,3.0,93.34139686863678,92.79218265489854,90.25,2.5421826548985393,NULL,0,90.25,NULL,False
360,0.00018374135314039612,NULL,5,0,nan,nan,nan,nan,nan,nan,False,NULL,0.25,NULL,0.0,90.25,92.79218265489854,90.25,2.5421826548985393,NULL,0,90.25,NULL,True
361,0.0001837445531403972,candidate,0,1,5810546873.018569,5811194795.078033,0.000200175437724746,12.117387355717586,1.6008866819164513,111.5625,False,refined,0.0,rank_2,0.12082566617019536,92.98898643886658,92.98898643886658,90.5,2.4889864388665757,NULL,0,90.5,NULL,False
361,0.0001837445531403972,candidate,1,2,4599609373.431506,4600566619.090237,0.00016648168114244204,10.574490271491355,-1.6008866819164513,88.3125,False,refined,0.10005541761977821,NULL,3.0,93.35005541761979,92.98898643886658,90.5,2.4889864388665757,NULL,0,90.5,NULL,False
361,0.0001837445531403972,candidate,2,3,5146484373.245018,5149573854.635526,0.00015558752906809432,9.928667292530031,-2.1887200631875547,98.81249999999999,False,refined,0.1474949100697175,NULL,3.0,93.39749491006972,92.98898643886658,90.5,2.4889864388665757,NULL,0,90.5,NULL,False
361,0.0001837445531403972,candidate,3,4,5429687498.148444,5427020449.353868,0.00014200360803605632,9.031491195427153,-2.9822281550266805,104.24999999999999,False,refined,0.33166558037509464,rank_4,8.919958384101313e-05,93.17149765053635,92.98898643886658,90.5,2.4889864388665757,NULL,0,90.5,NULL,False
361,0.0001837445531403972,candidate,4,5,5263671873.205057,5262547214.479641,0.0001386365321003557,8.955386025094985,-3.190662011943335,101.0625,False,refined,0.35610847198221074,NULL,3.0,93.60610847198221,92.98898643886658,90.5,2.4889864388665757,NULL,0,90.5,NULL,False
361,0.0001837445531403972,NULL,5,0,nan,nan,nan,nan,nan,nan,False,NULL,0.25,NULL,0.0,90.5,92.98898643886658,90.5,2.4889864388665757,NULL,0,90.5,NULL,True
362,0.0001837477531403983,candidate,0,1,5800781248.021899,5797981740.099357,0.0001629066700374127,9.991123512997584,0.5173995768325579,111.375,False,refined,0.0013314730503624084,rank_1,0.017458482186953568,93.00777639410389,93.00777639410389,90.75,2.2577763941038853,NULL,0,90.75,NULL,False
362,0.0001837477531403983,candidate,1,2,4628906248.421515,4632909218.8461895,0.00015348604221967485,9.446250384442223,-0.5173995768325579,88.875,False,refined,0.11539991588570142,rank_2,0.10460437589737603,93.57005970940287,93.00777639410389,90.75,2.2577763941038853,NULL,0,90.75,NULL,False
362,0.0001837477531403983,candidate,2,3,58593749.98001918,nan,0.00015028725612844498,9.066883266023176,-0.7003342200944385,1.125,True,boundary_peak,1.9024883988524262,NULL,3.0,95.40248839885243,93.00777639410389,90.75,2.2577763941038853,NULL,0,90.75,NULL,False
362,0.0001837477531403983,candidate,3,4,5126953123.251678,5130095363.890344,0.00014192741922045872,8.807754185156913,-1.197451213471199,98.4375,False,refined,0.253677573068413,rank_3,0.037941160171014225,93.68911364330916,93.00777639410389,90.75,2.2577763941038853,NULL,0,90.75,NULL,False
362,0.0001837477531403983,candidate,4,5,5664062498.0685215,5668633862.711875,0.0001318571333846725,8.168500667068646,-1.8367047315594665,108.75,False,refined,0.3895189456621698,NULL,3.0,93.88951894566218,93.00777639410389,90.75,2.2577763941038853,NULL,0,90.75,NULL,False
362,0.0001837477531403983,NULL,5,0,nan,nan,nan,nan,nan,nan,False,NULL,0.25,NULL,0.0,90.75,93.00777639410389,90.75,2.2577763941038853,NULL,0,90.75,NULL,True
363,0.0001837509531403994,candidate,0,1,58593749.98001918,nan,0.00016517701695474527,10.543857330543176,0.2891831596147654,1.125,True,boundary_peak,1.71875,NULL,3.0,95.46875,93.71173684452368,91.0,2.711736844523685,NULL,0,91.0,NULL,False
363,0.0001837509531403994,candidate,1,2,5107421873.258339,5110314680.073243,0.00015976824352947758,10.487605718241522,-0.2891831596147654,98.0625,False,refined,0.018073947475922836,rank_4,0.03912754522721026,93.7463151360123,93.71173684452368,91.0,2.711736844523685,NULL,0,91.0,NULL,False
363,0.0001837509531403994,candidate,2,3,4667968748.4081955,4667630175.331016,0.000158873512022643,10.58246379878038,-0.3379624511792034,89.625,False,refined,0.021122653198700214,rank_2,0.12055448192211868,93.71173684452368,93.71173684452368,91.0,2.711736844523685,NULL,0,91.0,NULL,False
363,0.0001837509531403994,candidate,3,4,5693359373.058531,5697552124.128379,0.00015678504628609106,10.493181838690537,-0.4528996016002562,109.3125,False,refined,0.028306225100016014,NULL,3.0,93.77830622510001,93.71173684452368,91.0,2.711736844523685,NULL,0,91.0,NULL,False
363,0.0001837509531403994,candidate,4,5,5537109373.111813,5534655668.2567425,0.00014727857322057293,9.949880432479201,-0.9962010078115924,106.31249999999999,False,refined,0.06978049811634435,NULL,3.0,93.81978049811634,93.71173684452368,91.0,2.711736844523685,NULL,0,91.0,NULL,False
363,0.0001837509531403994,NULL,5,0,nan,nan,nan,nan,nan,nan,False,NULL,0.25,NULL,0.0,91.0,93.71173684452368,91.0,2.711736844523685,NULL,0,91.0,NULL,True
364,0.00018375415314040048,candidate,0,1,5371093748.168426,5370702228.17303,0.00016796685520277098,8.21404207276264,0.15794588988151226,103.125,False,refined,0.26789368908560407,NULL,3.0,94.26789368908561,94.08086698565438,91.25,2.8308669856543816,NULL,0,91.25,NULL,False
364,0.00018375415314040048,candidate,1,2,5693359373.058531,5694230121.917445,0.0001649401163647142,8.056096182881127,-0.15794588988151226,109.3125,False,refined,0.3014571906854254,rank_4,0.0011035698689448295,94.08086698565438,94.08086698565438,91.25,2.8308669856543816,NULL,0,91.25,NULL,False
364,0.00018375415314040048,candidate,2,3,4687499998.401535,4683177235.484603,0.00015584290126318849,7.534879202644307,-0.650731328462193,90.0,False,refined,0.41043882763224104,rank_3,0.024171107941926326,94.14634678009784,94.08086698565438,91.25,2.8308669856543816,NULL,0,91.25,NULL,False
364,0.00018375415314040048,candidate,3,4,5136718748.248348,5138343536.237002,0.00015497290353931928,7.486254108080814,-0.6993564230256855,98.62499999999999,False,refined,0.4207716602269832,rank_2,0.07856167778487037,94.24564847402416,94.08086698565438,91.25,2.8308669856543816,NULL,0,91.25,NULL,False
364,0.00018375415314040048,candidate,4,5,58593749.98001918,nan,0.0001389393903328325,6.356362989947808,-1.6479640451963018,1.125,True,boundary_peak,2.3682933043325978,NULL,3.0,96.3682933043326,94.08086698565438,91.25,2.8308669856543816,NULL,0,91.25,NULL,False
364,0.00018375415314040048,NULL,5,0,nan,nan,nan,nan,nan,nan,False,NULL,0.25,NULL,0.0,91.25,94.08086698565438,91.25,2.8308669856543816,NULL,0,91.25,NULL,True
365,0.00018375735314040157,candidate,0,1,5175781248.235028,5176457318.146817,0.00020398727275360045,9.44346644956501,0.5775471464552062,99.375,False,refined,0.0834800325652485,NULL,3.0,94.33348003256525,94.33348003256525,91.5,2.833480032565248,NULL,0,91.5,NULL,False
365,0.00018375735314040157,candidate,1,2,5341796873.178415,5344960429.365721,0.00019086474406551356,8.887443689763801,-0.5775471464552062,102.56249999999999,False,refined,0.20298014318888025,NULL,3.0,94.45298014318888,94.33348003256525,91.5,2.833480032565248,NULL,0,91.5,NULL,False
365,0.00018375735314040157,candidate,2,3,3232421873.897725,3231107095.600288,0.00018330383909988599,8.466357149758714,-0.9286302146340031,62.0625,False,refined,0.28808581595081806,NULL,3.0,94.53808581595082,94.33348003256525,91.5,2.833480032565248,NULL,0,91.5,NULL,False
365,0.00018375735314040157,candidate,3,4,5664062498.0685215,5660063000.305548,0.0001546375249517701,7.054456913586131,-2.405763632644895,108.75,False,refined,0.5921916900023863,rank_2,0.1167392199242191,94.78979789558097,94.33348003256525,91.5,2.833480032565248,NULL,0,91.5,NULL,False
365,0.00018375735314040157,candidate,4,5,4609374998.428176,4611979203.805499,0.00014546222228130692,6.527933767246328,-2.9370570689726794,88.5,False,refined,0.7043760017238433,NULL,3.0,94.95437600172384,94.33348003256525,91.5,2.833480032565248,NULL,0,91.5,NULL,False
365,0.00018375735314040157,NULL,5,0,nan,nan,nan,nan,nan,nan,False,NULL,0.25,NULL,0.0,91.5,94.33348003256525,91.5,2.833480032565248,NULL,0,91.5,NULL,True
366,0.00018376055314040267,candidate,0,1,5175781248.235028,5177915967.0744095,0.00021577486743748904,10.090140952677515,2.043260616423588,99.375,False,refined,0.0,rank_1,0.00021276566939661012,94.33369279823465,94.33369279823465,91.75,2.583692798234651,NULL,0,91.75,NULL,False
366,0.00018376055314040267,candidate,1,2,5332031248.181746,5332957422.707395,0.00017054454300946965,8.167738783112313,-2.043260616423588,102.37499999999999,False,refined,0.40254297105962733,rank_2,0.014407216883982185,94.8699303311325,94.33369279823465,91.75,2.583692798234651,NULL,0,91.75,NULL,False
366,0.00018376055314040267,candidate,2,3,3203124998.9077153,3201194964.2393494,0.00016596542688754207,8.01225180242695,-2.2796646225639083,61.49999999999999,False,refined,0.44064126854620167,NULL,3.0,94.9406412685462,94.33369279823465,91.75,2.583692798234651,NULL,0,91.75,NULL,False
366,0.00018376055314040267,candidate,3,4,4199218748.568042,4196194433.2302413,0.00014924570786285427,7.009019233412763,-3.2019801661231373,80.625,False,refined,0.6487708753707816,NULL,3.0,95.14877087537079,94.33369279823465,91.75,2.583692798234651,NULL,0,91.75,NULL,False
366,0.00018376055314040267,candidate,4,5,4599609373.431506,4602015788.715426,0.00014121213263330396,6.273896807453863,-3.6825769306630285,88.3125,False,refined,0.7890765370483599,NULL,3.0,95.28907653704836,94.33369279823465,91.75,2.583692798234651,NULL,0,91.75,NULL,False
366,0.00018376055314040267,NULL,5,0,nan,nan,nan,nan,nan,nan,False,NULL,0.25,NULL,0.0,91.75,94.33369279823465,91.75,2.583692798234651,NULL,0,91.75,NULL,True
367,0.00018376375314040376,candidate,0,1,3173828123.917706,3171770035.6684594,0.00017472634677898107,9.030991641038435,0.2161727471718411,60.9375,False,refined,0.14535125384423475,NULL,3.0,94.89535125384424,94.52937013198851,92.0,2.5293701319885145,NULL,0,92.0,NULL,False
367,0.00018376375314040376,candidate,1,2,5166015623.2383585,5166914721.399176,0.00017043145800613833,8.866241357233715,-0.2161727471718411,99.1875,False,refined,0.1835745931131828,rank_1,0.012102740640685129,94.52937013198851,94.52937013198851,92.0,2.5293701319885145,NULL,0,92.0,NULL,False
367,0.00018376375314040376,candidate,2,3,4931640623.318281,4928559211.784311,0.00014926988290252894,7.6632675501654735,-1.3677240908729615,94.6875,False,refined,0.4359926231547391,NULL,3.0,95.18599262315473,94.52937013198851,92.0,2.5293701319885145,NULL,0,92.0,NULL,False
367,0.00018376375314040376,candidate,3,4,3320312498.867754,3322151253.565905,0.0001428641434757126,7.223371490870125,-1.748703097942963,63.75,False,refined,0.5257882199909164,NULL,3.0,95.27578821999091,94.52937013198851,92.0,2.5293701319885145,NULL,0,92.0,NULL,False
367,0.00018376375314040376,candidate,4,5,5878906247.995258,5880504151.511623,0.0001340211669498135,6.695656603665521,-2.3037000312796074,112.875,False,refined,0.6396327614051474,NULL,3.0,95.38963276140515,94.52937013198851,92.0,2.5293701319885145,NULL,0,92.0,NULL,False
367,0.00018376375314040376,NULL,5,0,nan,nan,nan,nan,nan,nan,False,NULL,0.25,NULL,0.0,92.0,94.52937013198851,92.0,2.5293701319885145,NULL,0,92.0,NULL,True
368,0.00018376695314040485,candidate,0,1,4892578123.331602,4895639701.139676,0.00018129954059703,10.791976741459184,1.3148652665051497,93.9375,False,refined,0.0,NULL,3.0,95.0,94.98239355394404,92.25,2.7323935539440356,NULL,0,92.25,NULL,False
368,0.00018376695314040485,candidate,1,2,5117187498.255009,5113680533.866142,0.00015583085025201555,9.416956862875194,-1.3148652665051497,98.25,False,refined,0.1696355497252927,rank_2,0.28338787223021655,94.98239355394404,94.98239355394404,92.25,2.7323935539440356,NULL,0,92.25,NULL,False
368,0.00018376695314040485,candidate,2,3,5234374998.215047,5230106137.587852,0.0001504658504719783,9.092432915229045,-1.6191751879924876,100.49999999999999,False,refined,0.23733351196517372,rank_2,0.39931550799304477,95.16601915194674,94.98239355394404,92.25,2.7323935539440356,NULL,0,92.25,NULL,False
368,0.00018376695314040485,candidate,3,4,3173828123.917706,3174460869.467077,0.0001418926824903569,8.66324265208716,-2.128734089372024,60.9375,False,refined,0.33355948277267755,rank_1,0.0007240586531781548,95.22963479527009,94.98239355394404,92.25,2.7323935539440356,NULL,0,92.25,NULL,False
368,0.00018376695314040485,candidate,4,5,4179687498.574702,4178292872.078174,0.00012870040608536692,7.735272375360003,-2.97633572786153,80.25,False,refined,0.5257301266873452,NULL,3.0,95.52573012668735,94.98239355394404,92.25,2.7323935539440356,NULL,0,92.25,NULL,False
368,0.00018376695314040485,NULL,5,0,nan,nan,nan,nan,nan,nan,False,NULL,0.25,NULL,0.0,92.25,94.98239355394404,92.25,2.7323935539440356,NULL,0,92.25,NULL,True
369,0.00018377015314040594,candidate,0,1,4892578123.331602,4888499831.435157,0.00020453347507753367,11.41091545488817,0.8278767673783705,93.9375,False,refined,0.0,rank_1,0.005097773939751212,95.00509777393975,95.00509777393975,92.5,2.5050977739397524,NULL,0,92.5,NULL,False
369,0.00018377015314040594,candidate,1,2,5234374998.215047,5234453473.199003,0.00018593902906097266,10.712785189916287,-0.8278767673783705,100.49999999999999,False,refined,0.051742297961148154,rank_3,0.0018899326915987685,95.2196513825995,95.00509777393975,92.5,2.5050977739397524,NULL,0,92.5,NULL,False
369,0.00018377015314040594,candidate,2,3,4199218748.568042,4197044139.1803613,0.00014982974650865657,8.869603354895919,-2.703327048806914,80.625,False,refined,0.33851743731604433,NULL,3.0,95.58851743731604,95.00509777393975,92.5,2.5050977739397524,NULL,0,92.5,NULL,False
369,0.00018377015314040594,candidate,3,4,4462890623.478128,4458464109.195834,0.00014227493556908744,8.342153473406979,-3.1527199917563564,85.68750000000001,False,refined,0.4457219784737254,NULL,3.0,95.69572197847373,95.00509777393975,92.5,2.5050977739397524,NULL,0,92.5,NULL,False
369,0.00018377015314040594,candidate,4,5,5117187498.255009,5114471066.331033,0.00014067889132000748,8.322221200158353,-3.2507092035444796,98.25,False,refined,0.45483614519777704,rank_2,6.24941578045818e-05,95.43729219329961,95.00509777393975,92.5,2.5050977739397524,NULL,0,92.5,NULL,False
369,0.00018377015314040594,NULL,5,0,nan,nan,nan,nan,nan,nan,False,NULL,0.25,NULL,0.0,92.5,95.00509777393975,92.5,2.5050977739397524,NULL,0,92.5,NULL,True
370,0.00018377335314040703,candidate,0,1,5244140623.211717,5242853978.613604,0.00018798938971923971,11.081623083198524,0.18873898162698133,100.68749999999999,False,refined,0.0,rank_2,0.007056849122073016,95.22670823172157,95.03061579231834,92.75,2.2806157923183434,NULL,0,92.75,NULL,False
370,0.00018377335314040703,candidate,1,2,4873046873.338263,4876785809.057299,0.0001839485585265084,10.892884101571543,-0.18873898162698133,93.5625,False,refined,0.011796186351686333,rank_1,0.013721832026896178,95.03061579231834,95.03061579231834,92.75,2.2806157923183434,NULL,0,92.75,NULL,False
370,0.00018377335314040703,candidate,2,3,4189453123.5713716,4188403783.6167855,0.0001517302172426533,9.185127027285462,-1.8612251674716696,80.4375,False,refined,0.23855751887416,NULL,3.0,95.73855751887416,95.03061579231834,92.75,2.2806157923183434,NULL,0,92.75,NULL,False
370,0.00018377335314040703,candidate,3,4,58593749.98001918,nan,0.00011934295566214981,6.73493554383505,-3.946730971498029,1.125,True,boundary_peak,2.455180354143369,NULL,3.0,97.95518035414337,95.03061579231834,92.75,2.2806157923183434,NULL,0,92.75,NULL,False
370,0.00018377335314040703,candidate,4,5,5029296873.28498,5024465583.406746,0.00011431447309597309,6.7609807013753365,-4.320642381823188,96.5625,False,refined,0.7558930436576488,NULL,3.0,96.25589304365765,95.03061579231834,92.75,2.2806157923183434,NULL,0,92.75,NULL,False
370,0.00018377335314040703,NULL,5,0,nan,nan,nan,nan,nan,nan,False,NULL,0.25,NULL,0.0,92.75,95.03061579231834,92.75,2.2806157923183434,NULL,0,92.75,NULL,True
371,0.00018377655314040812,candidate,0,1,4843749998.348252,4840365781.505708,0.00017734301994798223,10.706969605311434,0.6694997877000652,92.99999999999999,False,refined,0.0,rank_2,0.13264184068586418,95.1632576330042,95.1632576330042,93.0,2.163257633004207,NULL,0,93.0,NULL,False
371,0.00018377655314040812,candidate,1,2,5283203123.198397,5279325939.575122,0.00016418712958631294,10.037469817611369,-0.6694997877000652,101.4375,False,refined,0.04184373673125408,rank_1,0.13302039363785137,95.40157236209068,95.1632576330042,93.0,2.163257633004207,NULL,0,93.0,NULL,False
371,0.00018377655314040812,candidate,2,3,5166015623.2383585,5168306510.258129,0.0001328531819531905,8.078579790499782,-2.508842782274243,99.1875,False,refined,0.4450157053171728,NULL,3.0,96.19501570531718,95.1632576330042,93.0,2.163257633004207,NULL,0,93.0,NULL,False
371,0.00018377655314040812,candidate,3,4,4960937498.308291,4965053009.147255,0.00012945323876944966,7.972946019742668,-2.7340235855687656,95.25,False,refined,0.4749345711366476,NULL,3.0,96.22493457113664,95.1632576330042,93.0,2.163257633004207,NULL,0,93.0,NULL,False
371,0.00018377655314040812,candidate,4,5,4169921873.578032,4166718391.1047564,0.00012517656958168822,7.569830538406999,-3.025821080595925,80.0625,False,refined,0.5536392367761955,NULL,3.0,96.30363923677619,95.1632576330042,93.0,2.163257633004207,NULL,0,93.0,NULL,False
371,0.00018377655314040812,NULL,5,0,nan,nan,nan,nan,nan,nan,False,NULL,0.25,NULL,0.0,93.0,95.1632576330042,93.0,2.163257633004207,NULL,0,93.0,NULL,True
372,0.0001837797531404092,candidate,0,1,4853515623.344923,4854850255.216976,0.00015571295782173804,10.117711946816375,0.3238129561451597,93.18750000000001,False,refined,0.0,rank_1,0.020979997869242612,95.18423763087345,95.18423763087345,93.25,1.9342376308734543,NULL,0,93.25,NULL,False
372,0.0001837797531404092,candidate,1,2,5839843748.008579,5838791688.625392,0.00015001479972976523,9.669515601018555,-0.3238129561451597,112.125,False,refined,0.0698109696062893,NULL,3.0,96.0698109696063,95.18423763087345,93.25,1.9342376308734543,NULL,0,93.25,NULL,False
372,0.0001837797531404092,candidate,2,3,2861328124.02427,2858419289.6883197,0.00014269045246688417,9.270966451096694,-0.7585967852502229,54.93749999999999,False,refined,0.15676733141363486,NULL,3.0,96.15676733141363,95.18423763087345,93.25,1.9342376308734543,NULL,0,93.25,NULL,False
372,0.0001837797531404092,candidate,3,4,5546874998.108483,5546524773.174356,0.00013916784988581558,9.141995210329048,-0.9757167364873265,106.5,False,refined,0.1896830144811007,NULL,3.0,96.1896830144811,95.18423763087345,93.25,1.9342376308734543,NULL,0,93.25,NULL,False
372,0.0001837797531404092,candidate,4,5,5273437498.201727,5274364458.563131,0.00012235275940283187,7.92259938636426,-2.0942197196246592,101.25,False,refined,0.44249882452190226,rank_2,0.002461629383234274,95.84653281599581,95.18423763087345,93.25,1.9342376308734543,NULL,0,93.25,NULL,False
372,0.0001837797531404092,NULL,5,0,nan,nan,nan,nan,nan,nan,False,NULL,0.25,NULL,0.0,93.25,95.18423763087345,93.25,1.9342376308734543,NULL,0,93.25,NULL,True
373,0.0001837829531404103,candidate,0,1,4892578123.331602,4893664928.504133,0.00018007557280565534,12.395491587378054,0.2170079242248324,93.9375,False,refined,0.0,rank_1,0.15065788623887438,95.33489551711233,95.33489551711233,93.5,1.8348955171123293,NULL,0,93.5,NULL,False
373,0.0001837829531404103,candidate,1,2,5537109373.111813,5534266886.432202,0.00017563230809121568,12.323738585347135,-0.2170079242248324,106.31249999999999,False,refined,0.013562995264052025,rank_4,0.015025578738347778,96.2182715884835,95.33489551711233,93.5,1.8348955171123293,NULL,0,93.5,NULL,False
373,0.0001837829531404103,candidate,2,3,5810546873.018569,5813801206.949314,0.00015974952754230071,11.500442059660845,-1.0403044499111225,111.5625,False,refined,0.06501902811944515,rank_2,0.06245241744023824,96.19728241516599,95.33489551711233,93.5,1.8348955171123293,NULL,0,93.5,NULL,False
373,0.0001837829531404103,candidate,3,4,5996093747.9552965,nan,0.0001281353749018451,9.120572971927237,-2.9557152200450343,115.125,True,boundary_peak,1.8166462554637293,NULL,3.0,98.06664625546372,95.33489551711233,93.5,1.8348955171123293,NULL,0,93.5,NULL,False
373,0.0001837829531404103,candidate,4,5,2890624999.01428,2889726868.8219376,0.00012471045156421347,9.349707446771589,-3.191039062800378,55.5,False,refined,0.2969838244092853,NULL,3.0,96.54698382440928,95.33489551711233,93.5,1.8348955171123293,NULL,0,93.5,NULL,False
373,0.0001837829531404103,NULL,5,0,nan,nan,nan,nan,nan,nan,False,NULL,0.25,NULL,0.0,93.5,95.33489551711233,93.5,1.8348955171123293,NULL,0,93.5,NULL,True
374,0.0001837861531404114,candidate,0,1,4912109373.324942,4908768287.15328,0.0001745815215779893,10.519610691541432,0.6117242348410912,94.3125,False,refined,0.0,rank_1,0.02281114424847645,95.35770666136081,95.35770666136081,93.75,1.6077066613608082,NULL,0,93.75,NULL,False
374,0.0001837861531404114,candidate,1,2,5556640623.105153,5553045282.788426,0.0001627091823124691,9.860934580243663,-0.6117242348410912,106.6875,False,refined,0.05909257764101872,rank_2,0.03526281697114491,96.31262698309567,95.35770666136081,93.75,1.6077066613608082,NULL,0,93.75,NULL,False
374,0.0001837861531404114,candidate,2,3,5810546873.018569,5813860857.000636,0.00014142030555602665,8.642928754230699,-1.8297300608540557,111.5625,False,refined,0.31791881566877367,rank_3,3.5581286227152463e-07,96.51520158664762,95.35770666136081,93.75,1.6077066613608082,NULL,0,93.75,NULL,False
374,0.0001837861531404114,candidate,3,4,4550781248.448156,4547780713.639046,0.0001351083506809444,8.198718693914824,-2.226321637643016,87.37499999999999,False,refined,0.40933729826546494,NULL,3.0,96.90933729826547,95.35770666136081,93.75,1.6077066613608082,NULL,0,93.75,NULL,False
374,0.0001837861531404114,candidate,4,5,5996093747.9552965,nan,0.0001288091242138755,7.708967162655886,-2.641032937390655,115.125,True,boundary_peak,2.008719484188533,NULL,3.0,98.50871948418853,95.35770666136081,93.75,1.6077066613608082,NULL,0,93.75,NULL,False
374,0.0001837861531404114,NULL,5,0,nan,nan,nan,nan,nan,nan,False,NULL,0.25,NULL,0.0,93.75,95.35770666136081,93.75,1.6077066613608082,NULL,0,93.75,NULL,True
375,0.00018378935314041249,candidate,0,1,5566406248.101823,5569811899.261387,0.0001467323962203873,8.530195158831146,0.3583902770305514,106.875,False,refined,0.22047072617532804,rank_2,0.028111942795134945,96.56120965206613,95.66044358669264,94.0,1.6604435866926366,NULL,0,94.0,NULL,False
375,0.00018378935314041249,candidate,1,2,4912109373.324942,4916583826.346142,0.0001408012453404211,8.171804881800595,-0.3583902770305514,94.3125,False,refined,0.2966286600443202,rank_1,0.006108265287515507,95.66044358669264,95.66044358669264,94.0,1.6604435866926366,NULL,0,94.0,NULL,False
375,0.00018378935314041249,candidate,2,3,4804687498.361573,4805712419.709048,0.00013556527404288843,7.908208283444225,-0.6875510708463306,92.25,False,refined,0.35674069941126196,rank_1,1.0620511814683113,96.77649854224038,95.66044358669264,94.0,1.6604435866926366,NULL,0,94.0,NULL,False
375,0.00018378935314041249,candidate,3,4,1503906249.487159,1499414225.84759,0.00012297027333457077,7.0346149659011115,-1.5345174298365194,28.874999999999996,False,refined,0.5407150944796157,NULL,3.0,97.29071509447962,95.66044358669264,94.0,1.6604435866926366,NULL,0,94.0,NULL,False
375,0.00018378935314041249,candidate,4,5,5820312498.015239,5817645495.611431,0.00012099829846532251,6.742207485307814,-1.6749349351673004,111.74999999999999,False,refined,0.5933523106517842,rank_3,0.0014323489414320469,97.10998624624084,95.66044358669264,94.0,1.6604435866926366,NULL,0,94.0,NULL,False
375,0.00018378935314041249,NULL,5,0,nan,nan,nan,nan,nan,nan,False,NULL,0.25,NULL,0.0,94.0,95.66044358669264,94.0,1.6604435866926366,NULL,0,94.0,NULL,True
376,0.00018379255314041358,candidate,0,1,4785156248.368234,4781644415.880838,0.00018715922655766025,11.570308852991085,1.7300294058889687,91.875,False,refined,0.0,rank_3,0.05792688082747253,96.83442542306784,96.77955006904298,94.25,2.5295500690429833,NULL,0,94.25,NULL,False
376,0.00018379255314041358,candidate,1,2,5595703123.091832,5598115555.157054,0.000153359177794858,9.79930743064827,-1.7300294058889687,107.4375,False,refined,0.1382307232708201,rank_1,0.08010969370603295,96.77955006904298,96.77955006904298,94.25,2.5295500690429833,NULL,0,94.25,NULL,False
376,0.00018379255314041358,candidate,2,3,3388671873.844443,3391292984.4336863,0.0001373661048043526,8.819501412976782,-2.6866331670479404,65.0625,False,refined,0.3449893609939789,NULL,3.0,97.34498936099398,96.77955006904298,94.25,2.5295500690429833,NULL,0,94.25,NULL,False
376,0.00018379255314041358,candidate,3,4,4277343748.5414004,4279131780.6079965,0.00013576529081871637,8.678477338201649,-2.788449750913218,82.125,False,refined,0.3725065087018288,NULL,3.0,97.37250650870183,96.77955006904298,94.25,2.5295500690429833,NULL,0,94.25,NULL,False
376,0.00018379255314041358,candidate,4,5,5390624998.161765,5395352096.309483,0.00013523040170062168,8.644189015471797,-2.8227380736430696,103.5,False,refined,0.3797927772819223,NULL,3.0,97.37979277728192,96.77955006904298,94.25,2.5295500690429833,NULL,0,94.25,NULL,False
376,0.00018379255314041358,NULL,5,0,nan,nan,nan,nan,nan,nan,False,NULL,0.25,NULL,0.0,94.25,96.77955006904298,94.25,2.5295500690429833,NULL,0,94.25,NULL,True
377,0.00018379575314041467,candidate,0,1,4746093748.381554,4748550325.149147,0.00021204961324562847,12.493442136033082,0.915091382856037,91.12499999999999,False,refined,0.0,rank_1,0.109521884135742,96.94394730720359,96.94394730720359,94.5,2.4439473072035867,NULL,0,94.5,NULL,False
377,0.00018379575314041467,candidate,1,2,5380859373.165095,5382085663.808423,0.0001908459357017159,11.541386606150503,-0.915091382856037,103.3125,False,refined,0.05719321142850231,NULL,3.0,97.3071932114285,96.94394730720359,94.5,2.4439473072035867,NULL,0,94.5,NULL,False
377,0.00018379575314041467,candidate,2,3,4873046873.338263,4872931271.752843,0.00015508808045500158,9.733174628481382,-2.7171812800120243,93.5625,False,refined,0.20984763572854415,NULL,3.0,97.45984763572855,96.94394730720359,94.5,2.4439473072035867,NULL,0,94.5,NULL,False
377,0.00018379575314041467,candidate,3,4,3437499998.827792,3433514686.9072256,0.0001377663102454552,8.747552981805873,-3.745889154227209,66.0,False,refined,0.4219851248683196,NULL,3.0,97.67198512486831,96.94394730720359,94.5,2.4439473072035867,NULL,0,94.5,NULL,False
377,0.00018379575314041467,candidate,4,5,4257812498.548061,4258527405.8372183,0.00012657122892884937,7.989811134654179,-4.482049756763615,81.75,False,refined,0.5816564395995991,NULL,3.0,97.8316564395996,96.94394730720359,94.5,2.4439473072035867,NULL,0,94.5,NULL,False
377,0.00018379575314041467,NULL,5,0,nan,nan,nan,nan,nan,nan,False,NULL,0.25,NULL,0.0,94.5,96.94394730720359,94.5,2.4439473072035867,NULL,0,94.5,NULL,True
378,0.00018379895314041576,candidate,0,1,4736328123.384884,4736548105.204405,0.0002188070044448881,13.33950944225025,0.2935721009878467,90.9375,False,refined,0.0,rank_1,0.014405328360196753,96.95835263556378,96.95835263556378,94.75,2.2083526355637844,NULL,0,94.75,NULL,False
378,0.00018379895314041576,candidate,1,2,5390624998.161765,5391170615.639001,0.00021153518539700062,13.114293294239756,-0.2935721009878467,103.5,False,refined,0.01834825631174042,rank_2,0.008253634976391984,97.33379510271664,96.95835263556378,94.75,2.2083526355637844,NULL,0,94.75,NULL,False
378,0.00018379895314041576,candidate,2,3,4873046873.338263,4875535471.67082,0.0001721780900677223,11.257842751647482,-2.081666690602768,93.5625,False,refined,0.130104168162673,rank_3,0.0006781857212793149,97.59062998961251,96.95835263556378,94.75,2.2083526355637844,NULL,0,94.75,NULL,False
378,0.00018379895314041576,candidate,3,4,5283203123.198397,5287848274.178708,0.00015084088765287412,10.0412746686629,-3.2308428215333684,101.4375,False,refined,0.20192767634583553,NULL,3.0,97.70192767634583,96.95835263556378,94.75,2.2083526355637844,NULL,0,94.75,NULL,False
378,0.00018379895314041576,candidate,4,5,5800781248.021899,5798157748.174705,0.00013493986517708882,9.023658080325712,-4.198418972153144,111.375,False,refined,0.40885247371071476,NULL,3.0,97.90885247371071,96.95835263556378,94.75,2.2083526355637844,NULL,0,94.75,NULL,False
378,0.00018379895314041576,NULL,5,0,nan,nan,nan,nan,nan,nan,False,NULL,0.25,NULL,0.0,94.75,96.95835263556378,94.75,2.2083526355637844,NULL,0,94.75,NULL,True
379,0.00018380215314041685,candidate,0,1,5400390623.158435,5396696040.165827,0.00019069419215081565,12.183825322620452,0.8126421787620242,103.6875,False,refined,0.0,rank_2,0.003053031620164927,97.3368481343368,97.03491001303846,95.0,2.0349100130384556,NULL,0,95.0,NULL,False
379,0.00018380215314041685,candidate,1,2,5771484373.03189,5769244552.757943,0.00017366222351332416,11.350397794715938,-0.8126421787620242,110.8125,False,refined,0.05079013617262651,NULL,3.0,97.80079013617262,97.03491001303846,95.0,2.0349100130384556,NULL,0,95.0,NULL,False
379,0.00018380215314041685,candidate,2,3,4736328123.384884,4734738604.811598,0.00016571182778934594,11.011168019097575,-1.2196791729202605,90.9375,False,refined,0.07622994830751628,rank_1,0.00032742916715687115,97.03491001303846,97.03491001303846,95.0,2.0349100130384556,NULL,0,95.0,NULL,False
379,0.00018380215314041685,candidate,3,4,4863281248.341593,4865093267.923189,0.00016549375966416811,10.99973031385149,-1.231116878166345,93.375,False,refined,0.07694480488539657,rank_3,0.010903961910704044,97.67847875640861,97.03491001303846,95.0,2.0349100130384556,NULL,0,95.0,NULL,False
379,0.00018380215314041685,candidate,4,5,3261718748.887735,3260045256.266178,0.00014509527513351854,9.690709980018086,-2.3736839174368995,62.62500000000001,False,refined,0.19474874783709328,NULL,3.0,97.9447487478371,97.03491001303846,95.0,2.0349100130384556,NULL,0,95.0,NULL,False
379,0.00018380215314041685,NULL,5,0,nan,nan,nan,nan,nan,nan,False,NULL,0.25,NULL,0.0,95.0,97.03491001303846,95.0,2.0349100130384556,NULL,0,95.0,NULL,True
380,0.00018380535314041794,candidate,0,1,5771484373.03189,5768134867.99763,0.00018057765646270862,10.43911638597196,0.4640730580283403,110.8125,False,refined,0.0,rank_2,0.00012314002672709958,97.80091327619935,97.71105533808442,95.25,2.461055338084421,NULL,0,95.25,NULL,False
380,0.00018380535314041794,candidate,1,2,4863281248.341593,4859116633.795986,0.00017118289215053536,10.115111802460017,-0.4640730580283403,93.375,False,refined,0.02900456612677127,rank_4,0.003572015549044742,97.71105533808442,97.71105533808442,95.25,2.461055338084421,NULL,0,95.25,NULL,False
380,0.00018380535314041794,candidate,2,3,3271484373.8844047,3269295746.551666,0.00014795785003473189,8.398450502715251,-1.7305200092544393,62.8125,False,refined,0.3483899251711148,rank_5,0.008557157052190142,98.30169583006041,97.71105533808442,95.25,2.461055338084421,NULL,0,95.25,NULL,False
380,0.00018380535314041794,candidate,3,4,4208984373.5647116,4208096851.194623,0.00012784839565345738,7.179202542144694,-2.9993745987152387,80.8125,False,refined,0.6105805310979984,NULL,3.0,98.610580531098,97.71105533808442,95.25,2.461055338084421,NULL,0,95.25,NULL,False
380,0.00018380535314041794,candidate,4,5,1845703124.3706043,1845458363.8002129,0.00012768567388625333,7.568748069516449,-3.0104367909719087,35.4375,False,refined,0.552840089008277,NULL,3.0,98.55284008900827,97.71105533808442,95.25,2.461055338084421,NULL,0,95.25,NULL,False
380,0.00018380535314041794,NULL,5,0,nan,nan,nan,nan,nan,nan,False,NULL,0.25,NULL,0.0,95.25,97.71105533808442,95.25,2.461055338084421,NULL,0,95.25,NULL,True
381,0.00018380855314041903,candidate,0,1,1884765624.3572838,1885369947.1784875,0.00017747480974750904,9.7174429842664,1.1302099343201721,36.1875,False,refined,0.04238355236003999,NULL,3.0,98.29238355236004,98.11557849032236,95.5,2.6155784903223633,NULL,0,95.5,NULL,False
381,0.00018380855314041903,candidate,1,2,4892578123.331602,4893874226.709239,0.00015582108446269877,8.579493301129446,-1.1302099343201721,93.9375,False,refined,0.28371412572559385,rank_2,0.12080902651234035,98.11557849032236,98.11557849032236,95.5,2.6155784903223633,NULL,0,95.5,NULL,False
381,0.00018380855314041903,candidate,2,3,4218749998.5613813,4221628631.549134,0.0001482215673065207,8.152936622967752,-1.5645063612986476,81.0,False,refined,0.3748411541360026,NULL,3.0,98.624841154136,98.11557849032236,95.5,2.6155784903223633,NULL,0,95.5,NULL,False
381,0.00018380855314041903,candidate,3,4,3281249998.8810744,3282759623.873443,0.00014528010879198613,7.984682665697624,-1.7386112577700708,63.0,False,refined,0.41096080375598576,NULL,3.0,98.66096080375598,98.11557849032236,95.5,2.6155784903223633,NULL,0,95.5,NULL,False
381,0.00018380855314041903,candidate,4,5,5761718748.03522,5760755795.839101,0.0001421409326223385,7.763724056914976,-1.9283511730626302,110.625,False,refined,0.45596333977916803,rank_1,0.0054450705920782,98.2623216865706,98.11557849032236,95.5,2.6155784903223633,NULL,0,95.5,NULL,False
381,0.00018380855314041903,NULL,5,0,nan,nan,nan,nan,nan,nan,False,NULL,0.25,NULL,0.0,95.5,98.11557849032236,95.5,2.6155784903223633,NULL,0,95.5,NULL,True
382,0.00018381175314042012,candidate,0,1,4228515623.558051,4227989599.1001186,0.00018709726655099452,9.773994180944996,0.5184802312678816,81.1875,False,refined,0.03390087285825061,NULL,3.0,98.53390087285825,98.45902728406249,95.75,2.7090272840624863,NULL,0,95.75,NULL,False
382,0.00018381175314042012,candidate,1,2,1904296874.3506236,1905439202.5012202,0.00017625580565476892,9.373591891151323,-0.5184802312678816,36.5625,False,refined,0.1263662307815442,rank_1,0.04027750092090343,98.45902728406249,98.45902728406249,95.75,2.7090272840624863,NULL,0,95.75,NULL,False
382,0.00018381175314042012,candidate,2,3,4892578123.331602,4897102177.976073,0.000146340206922629,7.47302459519072,-2.1340755563718528,93.9375,False,refined,0.5124260329946327,rank_2,0.00104196693810569,98.6290464902551,98.45902728406249,95.75,2.7090272840624863,NULL,0,95.75,NULL,False
382,0.00018381175314042012,candidate,3,4,3330078123.8644238,3328714534.3440976,0.00013187353763373133,6.853876404568817,-3.038195717850387,63.9375,False,refined,0.6618057716803266,NULL,3.0,99.16180577168032,98.45902728406249,95.75,2.7090272840624863,NULL,0,95.75,NULL,False
382,0.00018381175314042012,candidate,4,5,5751953123.03855,5749272540.683337,0.00013008143543567,6.557602968252052,-3.1570424385773066,110.4375,False,refined,0.7136747071732739,rank_5,0.01318651489723719,98.98918290864111,98.45902728406249,95.75,2.7090272840624863,NULL,0,95.75,NULL,False
382,0.00018381175314042012,NULL,5,0,nan,nan,nan,nan,nan,nan,False,NULL,0.25,NULL,0.0,95.75,98.45902728406249,95.75,2.7090272840624863,NULL,0,95.75,NULL,True
383,0.00018381495314042122,candidate,0,1,4228515623.558051,4225835517.2071342,0.00017617538960824683,9.38537902231813,1.9370791906576557,81.1875,False,refined,0.09219314665228051,rank_1,0.0004640068801683214,98.6265580263907,98.6265580263907,96.0,2.626558026390697,NULL,0,96.0,NULL,False
383,0.00018381495314042122,candidate,1,2,5175781248.235028,5175993524.305333,0.00014095850373011627,7.413519025947508,-1.9370791906576557,99.375,False,refined,0.5090395955239773,NULL,3.0,99.25903959552397,98.6265580263907,96.0,2.626558026390697,NULL,0,96.0,NULL,False
383,0.00018381495314042122,candidate,2,3,3603515623.77118,3606769672.5985904,0.00013969232090180238,7.335144063445798,-2.015454153159366,69.1875,False,refined,0.5256942750555907,NULL,3.0,99.27569427505559,98.6265580263907,96.0,2.626558026390697,NULL,0,96.0,NULL,False
383,0.00018381495314042122,candidate,3,4,4003906248.6346445,4004989582.2918153,0.00013947652870901608,7.397037946009419,-2.028882209672247,76.875,False,refined,0.5172494462031025,NULL,3.0,99.2672494462031,98.6265580263907,96.0,2.626558026390697,NULL,0,96.0,NULL,False
383,0.00018381495314042122,candidate,4,5,5722656248.04854,5720102939.840808,0.00013375722055748964,7.033360056708213,-2.392560098973453,109.87499999999999,False,refined,0.5945309976796088,NULL,3.0,99.34453099767961,98.6265580263907,96.0,2.626558026390697,NULL,0,96.0,NULL,False
383,0.00018381495314042122,NULL,5,0,nan,nan,nan,nan,nan,nan,False,NULL,0.25,NULL,0.0,96.0,98.6265580263907,96.0,2.626558026390697,NULL,0,96.0,NULL,True
384,0.0001838181531404223,candidate,0,1,5156249998.241689,5152417977.456199,0.00017028720026132944,8.953829900789732,1.1789524809984187,99.0,False,refined,0.15692551488154027,NULL,3.0,99.15692551488154,99.15692551488154,96.25,2.906925514881536,NULL,0,96.25,NULL,False
384,0.0001838181531404223,candidate,1,2,4853515623.344923,4850210159.359244,0.0001486737792199205,7.674284929548882,-1.1789524809984187,93.18750000000001,False,refined,0.4225417906300688,NULL,3.0,99.42254179063006,99.15692551488154,96.25,2.906925514881536,NULL,0,96.25,NULL,False
384,0.0001838181531404223,candidate,2,3,4160156248.5813622,4158831509.5217514,0.0001418193047309966,7.364896835370924,-1.5889330654188072,79.875,False,refined,0.4945737912830368,NULL,3.0,99.49457379128303,99.15692551488154,96.25,2.906925514881536,NULL,0,96.25,NULL,False
384,0.0001838181531404223,candidate,3,4,3671874998.747869,3667141552.1797743,0.00013215632566926665,6.84124484035868,-2.2018809938727912,70.5,False,refined,0.6114308360632474,NULL,3.0,99.61143083606325,99.15692551488154,96.25,2.906925514881536,NULL,0,96.25,NULL,False
384,0.0001838181531404223,candidate,4,5,5703124998.055201,5698772832.815394,0.00013180597966509387,6.728892065445349,-2.2249378353443827,109.5,False,refined,0.6297248048922216,NULL,3.0,99.62972480489222,99.15692551488154,96.25,2.906925514881536,NULL,0,96.25,NULL,False
384,0.0001838181531404223,NULL,5,0,nan,nan,nan,nan,nan,nan,False,NULL,0.25,NULL,0.0,96.25,99.15692551488154,96.25,2.906925514881536,NULL,0,96.25,NULL,True
385,0.0001838213531404234,candidate,0,1,5156249998.241689,5152405845.279245,0.00018489242878815605,10.263276807879462,1.1984270185460755,99.0,False,refined,0.0,rank_1,1.4718971762656546e-08,99.15692552960051,99.15692552960051,96.5,2.656925529600514,NULL,0,96.5,NULL,False
385,0.0001838213531404234,candidate,1,2,3681640623.744539,3686522391.911731,0.00016106373892031784,8.918736004090206,-1.1984270185460755,70.6875,False,refined,0.23709128804559876,NULL,3.0,99.4870912880456,99.15692552960051,96.5,2.656925529600514,NULL,0,96.5,NULL,False
385,0.0001838213531404234,candidate,2,3,5673828123.065191,5677607170.1259775,0.00014467035762655116,7.8141922728079205,-2.1307914486498625,108.9375,False,refined,0.46104562461942833,NULL,3.0,99.71104562461943,99.15692552960051,96.5,2.656925529600514,NULL,0,96.5,NULL,False
385,0.0001838213531404234,candidate,3,4,4707031248.394875,4704880572.08912,0.0001340200133449658,7.468287395231394,-2.794989412648068,90.375,False,refined,0.5544437290057951,NULL,3.0,99.8044437290058,99.15692552960051,96.5,2.656925529600514,NULL,0,96.5,NULL,False
385,0.0001838213531404234,candidate,4,5,3916015623.6646156,3919347552.5406594,0.00013338616652886975,7.280996298336424,-2.836166724299858,75.1875,False,refined,0.5851109755182775,NULL,3.0,99.83511097551828,99.15692552960051,96.5,2.656925529600514,NULL,0,96.5,NULL,False
385,0.0001838213531404234,NULL,5,0,nan,nan,nan,nan,nan,nan,False,NULL,0.25,NULL,0.0,96.5,99.15692552960051,96.5,2.656925529600514,NULL,0,96.5,NULL,True
386,0.0001838245531404245,candidate,0,1,5166015623.2383585,5168723840.060369,0.00016095018278088346,8.962305310973395,0.05437170930766122,99.1875,False,refined,0.15565420335399072,rank_1,0.026627695367676268,99.33920742832218,99.33920742832218,96.75,2.589207428322183,NULL,0,96.75,NULL,False
386,0.0001838245531404245,candidate,1,2,5664062498.0685215,5665130059.989673,0.00015994581778119792,8.81704391793833,-0.05437170930766122,108.75,False,refined,0.18084164414097936,NULL,3.0,99.68084164414098,99.33920742832218,96.75,2.589207428322183,NULL,0,96.75,NULL,False
386,0.0001838245531404245,candidate,2,3,3691406248.7412086,3692694399.79832,0.0001593069951077887,8.70594712756688,-0.08913256604063946,70.875,False,refined,0.199678716242508,rank_2,0.0038093681352117433,99.69057937242331,99.33920742832218,96.75,2.589207428322183,NULL,0,96.75,NULL,False
386,0.0001838245531404245,candidate,3,4,4765624998.374894,4761740600.158241,0.0001500932672862632,8.29115701902107,-0.6066052526435595,91.5,False,refined,0.2942392754370621,NULL,3.0,99.79423927543706,99.33920742832218,96.75,2.589207428322183,NULL,0,96.75,NULL,False
386,0.0001838245531404245,candidate,4,5,4492187498.468138,4491156377.841107,0.00014142931512833732,7.582130228985635,-1.1230407183000946,86.25,False,refined,0.43287051054591064,NULL,3.0,99.93287051054591,99.33920742832218,96.75,2.589207428322183,NULL,0,96.75,NULL,False
386,0.0001838245531404245,NULL,5,0,nan,nan,nan,nan,nan,nan,False,NULL,0.25,NULL,0.0,96.75,99.33920742832218,96.75,2.589207428322183,NULL,0,96.75,NULL,True
387,0.00018382775314042558,candidate,0,1,4785156248.368234,4781737648.785595,0.0001728082753786536,9.032398855343313,0.48147737448337224,91.875,False,refined,0.14514017169850302,NULL,3.0,99.8951401716985,99.8951401716985,97.0,2.8951401716985004,NULL,0,97.0,NULL,False
387,0.00018382775314042558,candidate,1,2,4501953123.4648075,4498988245.239419,0.00016348980176910763,8.593300938558546,-0.48147737448337224,86.4375,False,refined,0.2410971951214289,NULL,3.0,99.99109719512143,99.8951401716985,97.0,2.8951401716985004,NULL,0,97.0,NULL,False
387,0.00018382775314042558,candidate,2,3,5292968748.195066,5293399087.049324,0.00015624439816785073,8.183241307065874,-0.8752016088747183,101.625,False,refined,0.3272139044947888,NULL,3.0,100.07721390449478,99.8951401716985,97.0,2.8951401716985004,NULL,0,97.0,NULL,False
387,0.00018382775314042558,candidate,3,4,1826171874.3772647,1828926840.949768,0.0001501294206355707,7.694496369729968,-1.2219745471497134,35.0625,False,refined,0.4221989537373618,NULL,3.0,100.17219895373736,99.8951401716985,97.0,2.8951401716985004,NULL,0,97.0,NULL,False
387,0.00018382775314042558,candidate,4,5,5664062498.0685215,5668577443.268646,0.00014674064573519868,7.612116653155274,-1.420282202188039,108.75,False,refined,0.4469501396634613,rank_2,0.0011884451472146628,100.12898022895166,99.8951401716985,97.0,2.8951401716985004,NULL,0,97.0,NULL,False
387,0.00018382775314042558,NULL,5,0,nan,nan,nan,nan,nan,nan,False,NULL,0.25,NULL,0.0,97.0,99.8951401716985,97.0,2.8951401716985004,NULL,0,97.0,NULL,True
388,0.00018383095314042667,candidate,0,1,5068359373.27166,5065338693.9611845,0.00018514975625672484,9.213941805537793,0.09615614054781396,97.3125,False,refined,0.11790872916933104,NULL,3.0,100.11790872916933,100.11790872916933,97.25,2.8679087291693293,NULL,0,97.25,NULL,False
388,0.00018383095314042667,candidate,1,2,1845703124.3706043,1843142274.8504326,0.00018311138082857122,9.036761547878074,-0.09615614054781396,35.4375,False,refined,0.1504955266025273,NULL,3.0,100.15049552660253,100.11790872916933,97.25,2.8679087291693293,NULL,0,97.25,NULL,False
388,0.00018383095314042667,candidate,2,3,4814453123.358243,4812108030.618863,0.0001650609508333767,8.016198270821322,-0.9975760423765134,92.4375,False,refined,0.3599187620253338,rank_1,0.09223600926985051,100.34729494299368,100.11790872916933,97.25,2.8679087291693293,NULL,0,97.25,NULL,False
388,0.00018383095314042667,candidate,3,4,4511718748.461477,4514688213.716957,0.00016008073622404353,7.950260372248037,-1.2636814332897561,86.625,False,refined,0.3864410337434042,NULL,3.0,100.38644103374341,100.11790872916933,97.25,2.8679087291693293,NULL,0,97.25,NULL,False
388,0.00018383095314042667,candidate,4,5,4082031248.608003,4084919435.5658855,0.00014703759745181432,7.011879377445656,-2.00189493575218,78.375,False,refined,0.5733365268676629,NULL,3.0,100.57333652686766,100.11790872916933,97.25,2.8679087291693293,NULL,0,97.25,NULL,False
388,0.00018383095314042667,NULL,5,0,nan,nan,nan,nan,nan,nan,False,NULL,0.25,NULL,0.0,97.25,100.11790872916933,97.25,2.8679087291693293,NULL,0,97.25,NULL,True
389,0.00018383415314042776,candidate,0,1,4970703123.304961,4966330906.596786,0.00021990070825802236,12.103722898695857,1.429850611731549,95.4375,False,refined,0.0,NULL,3.0,100.25,100.25,97.5,2.75,NULL,0,97.5,NULL,False
389,0.00018383415314042776,candidate,1,2,5117187498.255009,5116077815.793702,0.0001865237325347618,10.673872286964308,-1.429850611731549,98.25,False,refined,0.08936566323322181,NULL,3.0,100.33936566323322,100.25,97.5,2.75,NULL,0,97.5,NULL,False
389,0.00018383415314042776,candidate,2,3,4853515623.344923,4853719013.172175,0.0001618077678108367,9.392025316694017,-2.664545228890134,93.18750000000001,False,refined,0.2577302793015308,NULL,3.0,100.50773027930153,100.25,97.5,2.75,NULL,0,97.5,NULL,False
389,0.00018383415314042776,candidate,3,4,1865234374.363944,1866683562.18813,0.00015928576602500366,9.302729704604031,-2.8009931940918253,35.8125,False,refined,0.2796526189401344,rank_2,0.055419220951602566,100.48556736649427,100.25,97.5,2.75,NULL,0,97.5,NULL,False
389,0.00018383415314042776,candidate,4,5,5478515623.131794,5483164649.921092,0.00014354267286426027,8.08411544278572,-3.7049119861168656,105.1875,False,refined,0.5189396827144461,NULL,3.0,100.76893968271445,100.25,97.5,2.75,NULL,0,97.5,NULL,False
389,0.00018383415314042776,NULL,5,0,nan,nan,nan,nan,nan,nan,False,NULL,0.25,NULL,0.0,97.5,100.25,97.5,2.75,NULL,0,97.5,NULL,True
390,0.00018383735314042885,candidate,0,1,4970703123.304961,4966151174.794962,0.00026044265927506764,14.189505872806363,2.7224207581889726,95.4375,False,refined,0.0,rank_1,3.2303520586763583e-06,100.25000323035206,100.25000323035206,97.75,2.500003230352064,NULL,0,97.75,NULL,False
390,0.00018383735314042885,candidate,1,2,5136718748.248348,5133899094.340653,0.00019036674458033887,11.46708511461739,-2.7224207581889726,98.62499999999999,False,refined,0.17015129738681078,rank_2,0.03175979690480264,100.54127675752484,100.25000323035206,97.75,2.500003230352064,NULL,0,97.75,NULL,False
390,0.00018383735314042885,candidate,2,3,5771484373.03189,5769084711.952951,0.00016704674008725484,10.487099614630031,-3.8574823258409374,110.8125,False,refined,0.2410926453650586,NULL,3.0,100.74109264536506,100.25000323035206,97.75,2.500003230352064,NULL,0,97.75,NULL,False
390,0.00018383735314042885,candidate,3,4,2226562499.240729,2224852964.3989687,0.00013625789262734292,8.428736464836488,-5.627009065448156,42.74999999999999,False,refined,0.5873775968650365,NULL,3.0,101.08737759686504,100.25000323035206,97.75,2.500003230352064,NULL,0,97.75,NULL,False
390,0.00018383735314042885,candidate,4,5,5634765623.078511,5636152507.490887,0.00013422166645063726,8.586792049732734,-5.757789890738234,108.18749999999999,False,refined,0.5718430607112295,NULL,3.0,101.07184306071123,100.25000323035206,97.75,2.500003230352064,NULL,0,97.75,NULL,False
390,0.00018383735314042885,NULL,5,0,nan,nan,nan,nan,nan,nan,False,NULL,0.25,NULL,0.0,97.75,100.25000323035206,97.75,2.500003230352064,NULL,0,97.75,NULL,True
391,0.00018384055314042995,candidate,0,1,4951171873.311622,4948793780.914195,0.00019248308381563444,11.030922738628322,0.2466936380361684,95.06250000000001,False,refined,0.0,rank_1,0.030127912233208317,100.28013114258528,100.28013114258528,98.0,2.280131142585276,NULL,0,98.0,NULL,False
391,0.00018384055314042995,candidate,1,2,5771484373.03189,5776026771.054246,0.00018709314957680487,10.833396245740392,-0.2466936380361684,110.8125,False,refined,0.015418352377260525,rank_3,0.004819218456586605,100.76133021619891,100.28013114258528,98.0,2.280131142585276,NULL,0,98.0,NULL,False
391,0.00018384055314042995,candidate,2,3,5136718748.248348,5133496088.150751,0.00015560340583596925,9.232620495387636,-1.8474693883889248,98.62499999999999,False,refined,0.23057376246616246,rank_2,1.6241398909957322e-05,100.77186676138992,100.28013114258528,98.0,2.280131142585276,NULL,0,98.0,NULL,False
391,0.00018384055314042995,candidate,3,4,5937499997.975278,5934133613.647029,0.00013934154106146933,8.224683565920463,-2.8062391727078584,114.00000000000001,False,refined,0.4416874134061717,NULL,3.0,101.19168741340617,100.28013114258528,98.0,2.280131142585276,NULL,0,98.0,NULL,False
391,0.00018384055314042995,candidate,4,5,5253906248.208387,5255638029.694225,0.00013032242509651373,7.692621582451116,-3.3874683013254447,100.875,False,refined,0.5578235314651729,NULL,3.0,101.30782353146517,100.28013114258528,98.0,2.280131142585276,NULL,0,98.0,NULL,False
391,0.00018384055314042995,NULL,5,0,nan,nan,nan,nan,nan,nan,False,NULL,0.25,NULL,0.0,98.0,100.28013114258528,98.0,2.280131142585276,NULL,0,98.0,NULL,True
392,0.00018384375314043104,candidate,0,1,5898437497.988598,5895181860.347191,0.00018379354093753022,10.926228461066714,0.20052928982366325,113.25,False,refined,0.0,NULL,3.0,101.0,100.93493785915595,98.25,2.6849378591559514,NULL,0,98.25,NULL,False
392,0.00018384375314043104,candidate,1,2,5732421873.04521,5735892675.531479,0.0001795989446672473,10.700279245695281,-0.20052928982366325,110.06249999999999,False,refined,0.012533080613978953,rank_2,0.16107456234305914,100.93493785915595,100.93493785915595,98.25,2.6849378591559514,NULL,0,98.25,NULL,False
392,0.00018384375314043104,candidate,2,3,5283203123.198397,5279054007.659099,0.0001504328796001904,9.186478941020972,-1.7397495200457413,101.4375,False,refined,0.23076250384971297,NULL,3.0,101.23076250384972,100.93493785915595,98.25,2.6849378591559514,NULL,0,98.25,NULL,False
392,0.00018384375314043104,candidate,3,4,58593749.98001918,nan,0.00011081502261262377,6.2806826343028455,-4.39463210959282,1.125,True,boundary_peak,2.5513121117041244,NULL,3.0,103.55131211170412,100.93493785915595,98.25,2.6849378591559514,NULL,0,98.25,NULL,False
392,0.00018384375314043104,candidate,4,5,4365234373.51143,4367975215.397301,0.00010923944765993228,6.231878576241918,-4.519014986273735,83.81250000000001,False,refined,0.8476566502058207,NULL,3.0,101.84765665020582,100.93493785915595,98.25,2.6849378591559514,NULL,0,98.25,NULL,False
392,0.00018384375314043104,NULL,5,0,nan,nan,nan,nan,nan,nan,False,NULL,0.25,NULL,0.0,98.25,100.93493785915595,98.25,2.6849378591559514,NULL,0,98.25,NULL,True
393,0.00018384695314043213,candidate,0,1,5888671872.991928,5883979503.20816,0.0002395093305012239,13.34905017637718,3.449886689885391,113.0625,False,refined,0.0,rank_1,0.012549280547038664,101.01254928054703,101.01254928054703,98.5,2.5125492805470344,NULL,0,98.5,NULL,False
393,0.00018384695314043213,candidate,1,2,5732421873.04521,5732591260.381822,0.00016100082530851032,9.837068433174982,-3.449886689885391,110.06249999999999,False,refined,0.24005765314158956,rank_2,0.00108993419903864,101.17608544649659,101.01254928054703,98.5,2.5125492805470344,NULL,0,98.5,NULL,False
393,0.00018384695314043213,candidate,2,3,4355468748.514759,4358287691.06732,0.00012179718030830106,7.439240367213831,-5.873704051775928,83.62499999999999,False,refined,0.7512204481539209,NULL,3.0,102.00122044815392,101.01254928054703,98.5,2.5125492805470344,NULL,0,98.5,NULL,False
393,0.00018384695314043213,candidate,3,4,5244140623.211717,5244063300.548043,0.0001216823753801646,7.467155022011305,-5.881895154365875,100.68749999999999,False,refined,0.7475451938461715,NULL,3.0,101.99754519384616,101.01254928054703,98.5,2.5125492805470344,NULL,0,98.5,NULL,False
393,0.00018384695314043213,candidate,4,5,58593749.98001918,nan,0.00010198824404190038,5.701359547589346,-7.415446445739606,1.125,True,boundary_peak,2.8270114707203233,NULL,3.0,104.07701147072032,101.01254928054703,98.5,2.5125492805470344,NULL,0,98.5,NULL,False
393,0.00018384695314043213,NULL,5,0,nan,nan,nan,nan,nan,nan,False,NULL,0.25,NULL,0.0,98.5,101.01254928054703,98.5,2.5125492805470344,NULL,0,98.5,NULL,True
394,0.00018385015314043322,candidate,0,1,5888671872.991928,5890537016.724926,0.00019685179900834766,11.396476746306758,2.356626291994788,113.0625,False,refined,0.0,rank_1,0.004300098352256349,101.0168493788993,101.0168493788993,98.75,2.2668493788992947,NULL,0,98.75,NULL,False
394,0.00018385015314043322,candidate,1,2,5712890623.05187,5715390101.045956,0.0001500749037577606,8.976040843426727,-2.356626291994788,109.6875,False,refined,0.3008830167356652,rank_2,0.029587988249784914,101.50655645148204,101.0168493788993,98.75,2.2668493788992947,NULL,0,98.75,NULL,False
394,0.00018385015314043322,candidate,2,3,4355468748.514759,4356328160.017575,0.00012929511175175783,7.681521490276824,-3.651145645144691,83.62499999999999,False,refined,0.5759683792800196,NULL,3.0,102.07596837928001,101.0168493788993,98.75,2.2668493788992947,NULL,0,98.75,NULL,False
394,0.00018385015314043322,candidate,3,4,5214843748.221707,5214819954.941375,0.0001255694531959074,7.268410697062384,-3.9051077007412616,100.125,False,refined,0.6538076267369712,NULL,3.0,102.15380762673698,101.0168493788993,98.75,2.2668493788992947,NULL,0,98.75,NULL,False
394,0.00018385015314043322,candidate,4,5,2001953124.3173223,2002735173.1041663,0.00012254583653209308,7.133848800158171,-4.11681654675963,38.4375,False,refined,0.6872237141487512,NULL,3.0,102.18722371414876,101.0168493788993,98.75,2.2668493788992947,NULL,0,98.75,NULL,False
394,0.00018385015314043322,NULL,5,0,nan,nan,nan,nan,nan,nan,False,NULL,0.25,NULL,0.0,98.75,101.0168493788993,98.75,2.2668493788992947,NULL,0,98.75,NULL,True
395,0.0001838533531404343,candidate,0,1,4023437498.627984,4026431871.541465,0.00014104860266666308,7.272312646240255,0.5275453261867558,77.25,False,refined,0.4091531030639617,NULL,3.0,102.15915310306396,101.67579545872645,99.0,2.675795458726455,NULL,0,99.0,NULL,False
395,0.0001838533531404343,candidate,1,2,1992187499.3206522,1995088230.2203398,0.00013273685447503408,6.511268874054563,-0.5275453261867558,38.25,False,refined,0.5562812517784878,NULL,3.0,102.30628125177849,101.67579545872645,99.0,2.675795458726455,NULL,0,99.0,NULL,False
395,0.0001838533531404343,candidate,2,3,5927734372.978607,5926848586.22639,0.00013256580350053907,6.710523517427633,-0.5387455916055206,113.81249999999999,False,refined,0.5270930718612,rank_1,0.13185300796596428,101.67579545872645,101.67579545872645,99.0,2.675795458726455,NULL,0,99.0,NULL,False
395,0.0001838533531404343,candidate,3,4,2314453124.2107577,2313759359.94223,0.00013084723658542903,6.555104486944732,-0.652084660596639,44.4375,False,refined,0.5574896182455802,NULL,3.0,102.30748961824558,101.67579545872645,99.0,2.675795458726455,NULL,0,99.0,NULL,False
395,0.0001838533531404343,candidate,4,5,2832031249.0342607,2827937100.0870185,0.00012880226589270766,6.418283450439652,-0.7889056971017183,54.375,False,refined,0.5865640885029095,NULL,3.0,102.33656408850291,101.67579545872645,99.0,2.675795458726455,NULL,0,99.0,NULL,False
395,0.0001838533531404343,NULL,5,0,nan,nan,nan,nan,nan,nan,False,NULL,0.25,NULL,0.0,99.0,101.67579545872645,99.0,2.675795458726455,NULL,0,99.0,NULL,True
396,0.0001838565531404354,candidate,0,1,3105468748.9410167,3109413883.7907467,0.00018148798157394363,9.45555096196621,0.36601592966368557,59.62499999999999,False,refined,0.08166735570506845,NULL,3.0,102.08166735570506,102.08166735570506,99.25,2.831667355705065,NULL,0,99.25,NULL,False
396,0.0001838565531404354,candidate,1,2,3935546873.657955,3933431148.0765796,0.00017399912894119283,9.118828198604767,-0.36601592966368557,75.5625,False,refined,0.1550517658132653,NULL,3.0,102.15505176581327,102.08166735570506,99.25,2.831667355705065,NULL,0,99.25,NULL,False
396,0.0001838565531404354,candidate,2,3,5312499998.188406,5312638979.373795,0.00014633208625837774,7.653240240510266,-1.8701661252448876,102.0,False,refined,0.46889934675126554,NULL,3.0,102.46889934675127,102.08166735570506,99.25,2.831667355705065,NULL,0,99.25,NULL,False
396,0.0001838565531404354,candidate,3,4,4072265623.6113334,4072467372.2769938,0.0001424980796075718,7.422629184098843,-2.1007771816563103,78.1875,False,refined,0.5179041962386929,NULL,3.0,102.51790419623869,102.08166735570506,99.25,2.831667355705065,NULL,0,99.25,NULL,False
396,0.0001838565531404354,candidate,4,5,1767578124.3972454,1765495764.2734392,0.00012918084339462072,6.412538253350881,-2.9529951002255217,33.9375,False,refined,0.7226814557614629,NULL,3.0,102.72268145576146,102.08166735570506,99.25,2.831667355705065,NULL,0,99.25,NULL,False
396,0.0001838565531404354,NULL,5,0,nan,nan,nan,nan,nan,nan,False,NULL,0.25,NULL,0.0,99.25,102.08166735570506,99.25,2.831667355705065,NULL,0,99.25,NULL,True
397,0.0001838597531404365,candidate,0,1,3925781248.6612854,3927944387.225888,0.00020034473597161932,11.447890596451247,0.5005310559513809,75.375,False,refined,0.0,rank_2,0.003010454463268415,102.15806222027653,102.15477634044866,99.5,2.654776340448663,NULL,0,99.5,NULL,False
397,0.0001838597531404365,candidate,1,2,5048828123.278319,5046271151.850978,0.0001891260634652774,11.028735893813932,-0.5005310559513809,96.93749999999999,False,refined,0.03128319099696131,NULL,3.0,102.28128319099696,102.15477634044866,99.5,2.654776340448663,NULL,0,99.5,NULL,False
397,0.0001838597531404365,candidate,2,3,3105468748.9410167,3107892135.485778,0.0001751765647703913,10.336392955759734,-1.1660386072518225,59.62499999999999,False,refined,0.07287741295323891,rank_1,0.00023157179036755192,102.15477634044866,102.15477634044866,99.5,2.654776340448663,NULL,0,99.5,NULL,False
397,0.0001838597531404365,candidate,3,4,5312499998.188406,5310272147.067905,0.00014377080268483683,8.47339720346227,-2.8821447689192414,102.0,False,refined,0.40912446753811216,NULL,3.0,102.6591244675381,102.15477634044866,99.5,2.654776340448663,NULL,0,99.5,NULL,False
397,0.0001838597531404365,candidate,4,5,1757812499.4005756,1758837055.9169238,0.00011667400713015755,6.751814155017533,-4.696076441433714,33.75,False,refined,0.7807326543369772,NULL,3.0,103.03073265433697,102.15477634044866,99.5,2.654776340448663,NULL,0,99.5,NULL,False
397,0.0001838597531404365,NULL,5,0,nan,nan,nan,nan,nan,nan,False,NULL,0.25,NULL,0.0,99.5,102.15477634044866,99.5,2.654776340448663,NULL,0,99.5,NULL,True
398,0.00018386295314043758,candidate,0,1,5039062498.28165,5042831349.498674,0.0002270139087249606,13.449746709750556,1.9917562096264607,96.74999999999999,False,refined,0.0,rank_2,0.0011832240222912729,102.28246641501924,102.28246641501924,99.75,2.5324664150192433,NULL,0,99.75,NULL,False
398,0.00018386295314043758,candidate,1,2,3906249998.667946,3907469512.0473466,0.0001804947839663921,11.422492715869934,-1.9917562096264607,75.0,False,refined,0.1244847631016538,rank_1,0.04192205135768418,102.32446903473587,102.28246641501924,99.75,2.5324664150192433,NULL,0,99.75,NULL,False
398,0.00018386295314043758,candidate,2,3,5996093747.9552965,nan,0.00013179007736957818,8.631838255469262,-4.72339506976148,115.125,True,boundary_peak,2.0004364535397032,NULL,3.0,104.5004364535397,102.28246641501924,99.75,2.5324664150192433,NULL,0,99.75,NULL,False
398,0.00018386295314043758,candidate,3,4,1874999999.3606138,1874951972.1188211,0.0001274690714777408,8.32092050529809,-5.012952882824351,36.0,False,refined,0.5651714793818083,NULL,3.0,103.0651714793818,102.28246641501924,99.75,2.5324664150192433,NULL,0,99.75,NULL,False
398,0.00018386295314043758,candidate,4,5,3134765623.9310265,3133301763.379015,0.00011758108278337851,7.6720768088048,-5.7143002244102625,60.1875,False,refined,0.7063322427049215,rank_3,0.06456491896727735,102.92567350212086,102.28246641501924,99.75,2.5324664150192433,NULL,0,99.75,NULL,False
398,0.00018386295314043758,NULL,5,0,nan,nan,nan,nan,nan,nan,False,NULL,0.25,NULL,0.0,99.75,102.28246641501924,99.75,2.5324664150192433,NULL,0,99.75,NULL,True
399,0.00018386615314043868,candidate,0,1,5019531248.28831,5023036511.667636,0.0002225651235278516,13.336159114976658,3.3019458705556826,96.375,False,refined,0.0,rank_1,0.0391835604757112,102.32164997549495,102.32164997549495,100.0,2.3216499754949496,NULL,0,100.0,NULL,False
399,0.00018386615314043868,candidate,1,2,5996093747.9552965,nan,0.00015218078389255617,9.904855603789198,-3.3019458705556826,115.125,True,boundary_peak,1.7206432763413506,NULL,3.0,104.47064327634135,102.32164997549495,100.0,2.3216499754949496,NULL,0,100.0,NULL,False
399,0.00018386615314043868,candidate,2,3,3867187498.6812663,3862683809.475432,0.00014656676940089666,9.750801141680174,-3.628431901238267,74.25,False,refined,0.26415682257536555,rank_2,0.20057591548600043,102.78920177279723,102.32164997549495,100.0,2.3216499754949496,NULL,0,100.0,NULL,False
399,0.00018386615314043868,candidate,3,4,4863281248.341593,4858913143.777496,0.0001398061645179905,9.297543333815517,-4.038615781161141,93.375,False,refined,0.3577819862502438,NULL,3.0,103.10778198625025,102.32164997549495,100.0,2.3216499754949496,NULL,0,100.0,NULL,False
399,0.00018386615314043868,candidate,4,5,4570312498.441497,4569730920.7893,0.000125307597762144,8.299136509415757,-4.9895941210468475,87.75,False,refined,0.5669791561530645,NULL,3.0,103.31697915615307,102.32164997549495,100.0,2.3216499754949496,NULL,0,100.0,NULL,False
399,0.00018386615314043868,NULL,5,0,nan,nan,nan,nan,nan,nan,False,NULL,0.25,NULL,0.0,100.0,102.32164997549495,100.0,2.3216499754949496,NULL,0,100.0,NULL,True
400,0.00018386935314043977,candidate,0,1,4999999998.2949705,5003559749.194852,0.0001760810174505078,11.247407995684826,1.551568877249645,96.0,False,refined,0.0,rank_1,0.03793442764212488,102.35958440313708,102.35958440313708,100.25,2.1095844031370774,NULL,0,100.25,NULL,False
400,0.00018386935314043977,candidate,1,2,4550781248.448156,4550201703.678743,0.00014727671720125477,9.703226315479991,-1.551568877249645,87.37499999999999,False,refined,0.1414891075061041,NULL,3.0,103.1414891075061,102.35958440313708,100.25,2.1095844031370774,NULL,0,100.25,NULL,False
400,0.00018386935314043977,candidate,2,3,4892578123.331602,4891419457.428545,0.00014505429726356398,9.571156399788237,-1.6836387929413998,93.9375,False,refined,0.169553964590602,NULL,3.0,103.1695539645906,102.35958440313708,100.25,2.1095844031370774,NULL,0,100.25,NULL,False
400,0.00018386935314043977,candidate,3,4,5693359373.058531,5690187649.4211235,0.00013179267651626918,8.656156308665581,-2.5164252216139005,109.3125,False,refined,0.3588531300510316,NULL,3.0,103.35885313005103,102.35958440313708,100.25,2.1095844031370774,NULL,0,100.25,NULL,False
400,0.00018386935314043977,candidate,4,5,1835937499.3739345,1836424102.3892093,0.00012855266829488334,8.47479510458629,-2.732628871266627,35.25,False,refined,0.39957003876622066,NULL,3.0,103.39957003876621,102.35958440313708,100.25,2.1095844031370774,NULL,0,100.25,NULL,False
400,0.00018386935314043977,NULL,5,0,nan,nan,nan,nan,nan,nan,False,NULL,0.25,NULL,0.0,100.25,102.35958440313708,100.25,2.1095844031370774,NULL,0,100.25,NULL,True
401,0.00018387255314044086,candidate,0,1,4541015623.451487,4543729097.652174,0.0001944761997686747,11.381157370323853,0.6341820129075959,87.1875,False,refined,0.0,rank_2,0.004189462877518208,103.14567857038362,103.06506686606869,100.5,2.5650668660686904,NULL,0,100.5,NULL,False
401,0.00018387255314044086,candidate,1,2,4921874998.321611,4921960356.603676,0.00018078290416629171,10.765487145201451,-0.6341820129075959,94.5,False,refined,0.039636375806724744,rank_1,0.6658460871248875,103.06506686606869,103.06506686606869,100.5,2.5650668660686904,NULL,0,100.5,NULL,False
401,0.00018387255314044086,candidate,2,3,3085937498.947677,3084424879.7566023,0.0001385780363921096,8.476729452331053,-2.9434411241976566,59.25,False,refined,0.41245565241269555,NULL,3.0,103.66245565241269,103.06506686606869,100.5,2.5650668660686904,NULL,0,100.5,NULL,False
401,0.00018387255314044086,candidate,3,4,3496093748.8078113,3499237651.2172937,0.00013242473904444296,7.999936316676495,-3.3379466728522367,67.125,False,refined,0.5086312195517906,NULL,3.0,103.75863121955179,103.06506686606869,100.5,2.5650668660686904,NULL,0,100.5,NULL,False
401,0.00018387255314044086,candidate,4,5,2900390624.0109496,2899504972.3244658,0.0001276285292641891,7.687753129716635,-3.6583738957575385,55.6875,False,refined,0.575485399027351,NULL,3.0,103.82548539902736,103.06506686606869,100.5,2.5650668660686904,NULL,0,100.5,NULL,False
401,0.00018387255314044086,NULL,5,0,nan,nan,nan,nan,nan,nan,False,NULL,0.25,NULL,0.0,100.5,103.06506686606869,100.5,2.5650668660686904,NULL,0,100.5,NULL,True
402,0.00018387575314044195,candidate,0,1,4541015623.451487,4544747373.652801,0.00019921356286833438,10.707695350318254,0.6948076366363942,87.1875,False,refined,0.0,rank_1,0.00010368860134520302,103.14578225898497,103.11770691344654,100.75,2.36770691344654,NULL,0,100.75,NULL,False
402,0.00018387575314044195,candidate,1,2,4921874998.321611,4917155224.36889,0.00018389864145847728,9.953962396608667,-0.6948076366363942,94.5,False,refined,0.050331117798474656,rank_2,0.002308929579377982,103.11770691344654,103.11770691344654,100.75,2.36770691344654,NULL,0,100.75,NULL,False
402,0.00018387575314044195,candidate,2,3,3066406248.9543376,3070275009.954602,0.00015100351932470464,7.999752123235009,-2.406636671406588,58.87500000000001,False,refined,0.4504519734776604,NULL,3.0,103.95045197347766,103.11770691344654,100.75,2.36770691344654,NULL,0,100.75,NULL,False
402,0.00018387575314044195,candidate,3,4,4648437498.414855,4647725970.979897,0.00014694055952061194,8.064151079616613,-2.643544270701641,89.24999999999999,False,refined,0.45559885497636066,NULL,3.0,103.95559885497636,103.11770691344654,100.75,2.36770691344654,NULL,0,100.75,NULL,False
402,0.00018387575314044195,candidate,4,5,2890624999.01428,2894897935.8261046,0.00013244633724475937,7.144429813212492,-3.5455790042125823,55.5,False,refined,0.6499342157814126,NULL,3.0,104.14993421578141,103.11770691344654,100.75,2.36770691344654,NULL,0,100.75,NULL,False
402,0.00018387575314044195,NULL,5,0,nan,nan,nan,nan,nan,nan,False,NULL,0.25,NULL,0.0,100.75,103.11770691344654,100.75,2.36770691344654,NULL,0,100.75,NULL,True
403,0.00018387895314044304,candidate,0,1,4931640623.318281,4935681413.056287,0.00017321543355725618,7.799909094073696,0.5896233550502927,94.6875,False,refined,0.3300136358889456,rank_2,0.03432196672810366,103.48204251606359,103.48204251606359,101.0,2.4820425160635864,NULL,0,101.0,NULL,False
403,0.00018387895314044304,candidate,1,2,4658203123.411526,4653616685.358247,0.00016184728461570875,7.328170746217291,-0.5896233550502927,89.43750000000001,False,refined,0.4376258477580497,NULL,3.0,104.18762584775806,103.48204251606359,101.0,2.4820425160635864,NULL,0,101.0,NULL,False
403,0.00018387895314044304,candidate,2,3,4521484373.458147,4517158683.8325,0.00015255534813549566,6.8146111435691825,-1.103182957698401,86.8125,False,refined,0.5467572633207727,rank_1,0.07611358060007303,103.76865310290582,103.48204251606359,101.0,2.4820425160635864,NULL,0,101.0,NULL,False
403,0.00018387895314044304,candidate,3,4,1806640624.383925,1802512078.860199,0.00014989379634454064,6.526365056874566,-1.2560585225516085,34.6875,False,refined,0.5995488991282907,NULL,3.0,104.3495488991283,103.48204251606359,101.0,2.4820425160635864,NULL,0,101.0,NULL,False
403,0.00018387895314044304,candidate,4,5,3066406248.9543376,3068522833.0106483,0.00014913422076176733,6.352119275235104,-1.3001855173237598,58.87500000000001,False,refined,0.6284437035474694,NULL,3.0,104.37844370354748,103.48204251606359,101.0,2.4820425160635864,NULL,0,101.0,NULL,False
403,0.00018387895314044304,NULL,5,0,nan,nan,nan,nan,nan,nan,False,NULL,0.25,NULL,0.0,101.0,103.48204251606359,101.0,2.4820425160635864,NULL,0,101.0,NULL,True
404,0.00018388215314044413,candidate,0,1,4970703123.304961,4971877596.956091,0.0001855989025688509,10.32218685688151,0.20225684535680521,95.4375,False,refined,0.0,rank_1,0.13101637289084384,103.61305888895443,103.61305888895443,101.25,2.363058888954427,NULL,0,101.25,NULL,False
404,0.00018388215314044413,candidate,1,2,5087890623.264999,5092660882.554257,0.0001813270356289897,10.141853473692812,-0.20225684535680521,97.6875,False,refined,0.012641052834800326,NULL,3.0,104.0126410528348,103.61305888895443,101.25,2.363058888954427,NULL,0,101.25,NULL,False
404,0.00018388215314044413,candidate,2,3,5927734372.978607,5932173241.0637245,0.00015825921412908803,8.949778424345771,-1.3841279826100283,113.81249999999999,False,refined,0.2440412352612611,NULL,3.0,104.24404123526126,103.61305888895443,101.25,2.363058888954427,NULL,0,101.25,NULL,False
404,0.00018388215314044413,candidate,3,4,3330078123.8644238,3326659178.0209985,0.00015503957986021544,8.759530434412568,-1.562656422468942,63.9375,False,refined,0.2837364612424237,NULL,3.0,104.28373646124243,103.61305888895443,101.25,2.363058888954427,NULL,0,101.25,NULL,False
404,0.00018388215314044413,candidate,4,5,5400390623.158435,5402360463.804108,0.0001519580300784184,8.529909211794902,-1.7370349807803809,103.6875,False,refined,0.32907830452953857,NULL,3.0,104.32907830452955,103.61305888895443,101.25,2.363058888954427,NULL,0,101.25,NULL,False
404,0.00018388215314044413,NULL,5,0,nan,nan,nan,nan,nan,nan,False,NULL,0.25,NULL,0.0,101.25,103.61305888895443,101.25,2.363058888954427,NULL,0,101.25,NULL,True
405,0.00018388535314044522,candidate,0,1,5947265622.971948,5949486910.876038,0.0001863204276859558,10.986792982367595,1.0164003063199178,114.1875,False,refined,0.0,NULL,3.0,104.25,103.68414696056277,101.5,2.184146960562771,NULL,0,101.5,NULL,False
405,0.00018388535314044522,candidate,1,2,4970703123.304961,4966204802.482385,0.0001657450080585844,9.971033381671628,-1.0164003063199178,95.4375,False,refined,0.06787001189425068,rank_1,0.003218059714091212,103.68414696056277,103.68414696056277,101.5,2.184146960562771,NULL,0,101.5,NULL,False
405,0.00018388535314044522,candidate,2,3,5107421873.258339,5108298640.961988,0.00015883528150851427,9.660527879420595,-1.3862699069389972,98.0625,False,refined,0.13756268727059806,rank_2,0.024453948801856334,104.17465768890726,103.68414696056277,101.5,2.184146960562771,NULL,0,101.5,NULL,False
405,0.00018388535314044522,candidate,3,4,5419921873.151774,5417287349.467897,0.0001369171828670515,8.370747432979764,-2.6760503533798286,104.0625,False,refined,0.4116410321392747,NULL,3.0,104.66164103213927,103.68414696056277,101.5,2.184146960562771,NULL,0,101.5,NULL,False
405,0.00018388535314044522,candidate,4,5,2138671874.2707002,2134957994.7983067,0.00012221112597342356,7.310276001507292,-3.6629945399687536,41.0625,False,refined,0.6323957585219533,NULL,3.0,104.88239575852195,103.68414696056277,101.5,2.184146960562771,NULL,0,101.5,NULL,False
405,0.00018388535314044522,NULL,5,0,nan,nan,nan,nan,nan,nan,False,NULL,0.25,NULL,0.0,101.5,103.68414696056277,101.5,2.184146960562771,NULL,0,101.5,NULL,True
406,0.00018388855314044631,candidate,0,1,5937499997.975278,5932796559.09417,0.0001720797926069657,9.751316321580683,1.2884255703958836,114.00000000000001,False,refined,0.03730255176289754,rank_1,0.027856784260250372,104.31515933602314,104.31515933602314,101.75,2.565159336023143,NULL,0,101.75,NULL,False
406,0.00018388855314044631,candidate,1,2,5830078123.011909,5833275786.553409,0.00014835718883209515,8.436469797455866,-1.2884255703958836,111.93749999999999,False,refined,0.3150561285313629,NULL,3.0,104.81505612853137,104.31515933602314,101.75,2.565159336023143,NULL,0,101.75,NULL,False
406,0.00018388855314044631,candidate,2,3,58593749.98001918,nan,0.00012322070444030804,6.6439924120487515,-2.9009237335930926,1.125,True,boundary_peak,2.403458871542256,NULL,3.0,106.90345887154226,104.31515933602314,101.75,2.565159336023143,NULL,0,101.75,NULL,False
406,0.00018388855314044631,candidate,3,4,4824218748.354913,4825261003.310998,0.00012071925483016017,6.682129948244517,-3.079066559549055,92.625,False,refined,0.6901221677351383,NULL,3.0,105.19012216773514,104.31515933602314,101.75,2.565159336023143,NULL,0,101.75,NULL,False
406,0.00018388855314044631,candidate,4,5,4951171873.311622,4949560890.005506,0.0001183354917576404,6.508899426232837,-3.2522970815607355,95.06250000000001,False,refined,0.7269336536626204,rank_2,0.02770198225380124,104.4387825964792,104.31515933602314,101.75,2.565159336023143,NULL,0,101.75,NULL,False
406,0.00018388855314044631,NULL,5,0,nan,nan,nan,nan,nan,nan,False,NULL,0.25,NULL,0.0,101.75,104.31515933602314,101.75,2.565159336023143,NULL,0,101.75,NULL,True
407,0.0001838917531404474,candidate,0,1,5869140622.998589,5873468479.642108,0.000214400987394323,12.714658926659022,3.237093339492052,112.6875,False,refined,0.0,rank_1,0.35198210114701406,104.66714143717016,104.66714143717016,102.0,2.6671414371701587,NULL,0,102.0,NULL,False
407,0.0001838917531404474,candidate,1,2,4814453123.358243,4816540044.472487,0.00014769714965758132,9.47756558716697,-3.237093339492052,92.4375,False,refined,0.2806834956432078,NULL,3.0,105.0306834956432,104.66714143717016,102.0,2.6671414371701587,NULL,0,102.0,NULL,False
407,0.0001838917531404474,candidate,2,3,3144531248.927696,3147505949.159476,0.0001281549084639816,8.244828199706973,-4.469830726952049,60.375,False,refined,0.5426401904784571,NULL,3.0,105.29264019047845,104.66714143717016,102.0,2.6671414371701587,NULL,0,102.0,NULL,False
407,0.0001838917531404474,candidate,3,4,4638671873.418185,4638356998.641583,0.00012083672560993716,7.626529441016574,-4.980556654074277,89.0625,False,refined,0.6673053747271562,NULL,3.0,105.41730537472715,104.66714143717016,102.0,2.6671414371701587,NULL,0,102.0,NULL,False
407,0.0001838917531404474,candidate,4,5,5517578123.118473,5518550221.056064,0.0001186959392476331,7.378882077693687,-5.135818394311187,105.9375,False,refined,0.7141563379903961,NULL,3.0,105.4641563379904,104.66714143717016,102.0,2.6671414371701587,NULL,0,102.0,NULL,False
407,0.0001838917531404474,NULL,5,0,nan,nan,nan,nan,nan,nan,False,NULL,0.25,NULL,0.0,102.0,104.66714143717016,102.0,2.6671414371701587,NULL,0,102.0,NULL,True
408,0.0001838949531404485,candidate,0,1,5839843748.008579,5842381996.56609,0.00019985387695563647,12.116715908726432,3.114413948632313,112.125,False,refined,0.0,rank_1,0.09663694300355744,104.76377838017372,104.76377838017372,102.25,2.5137783801737186,NULL,0,102.25,NULL,False
408,0.0001838949531404485,candidate,1,2,5253906248.208387,5254811729.708796,0.00013963422537469736,8.854832913652793,-3.114413948632313,100.875,False,refined,0.3664259347416007,NULL,3.0,105.3664259347416,104.76377838017372,102.25,2.5137783801737186,NULL,0,102.25,NULL,False
408,0.0001838949531404485,candidate,2,3,4804687498.361573,4804628737.031717,0.00013930985181172384,8.965341916965741,-3.13461494567723,92.25,False,refined,0.3511121465599657,NULL,3.0,105.35111214655997,104.76377838017372,102.25,2.5137783801737186,NULL,0,102.25,NULL,False
408,0.0001838949531404485,candidate,3,4,5488281248.128464,5489890276.357375,0.00012942401705392972,8.326002817901186,-3.773954044741785,105.375,False,refined,0.4869717051111837,NULL,3.0,105.48697170511119,104.76377838017372,102.25,2.5137783801737186,NULL,0,102.25,NULL,False
408,0.0001838949531404485,candidate,4,5,4140624998.588022,4138850156.8898907,0.00012474670578740133,7.925623001064173,-4.093669831891962,79.5,False,refined,0.5670109143336217,NULL,3.0,105.56701091433362,104.76377838017372,102.25,2.5137783801737186,NULL,0,102.25,NULL,False
408,0.0001838949531404485,NULL,5,0,nan,nan,nan,nan,nan,nan,False,NULL,0.25,NULL,0.0,102.25,104.76377838017372,102.25,2.5137783801737186,NULL,0,102.25,NULL,True
409,0.0001838981531404496,candidate,0,1,5830078123.011909,5830311801.856146,0.0001664910088523354,10.231603864094625,0.5147818497675161,111.93749999999999,False,refined,0.0,rank_1,0.01456896003359546,104.77834734020732,104.77834734020732,102.5,2.2783473402073184,NULL,0,102.5,NULL,False
409,0.0001838981531404496,candidate,1,2,5624999998.081841,5620528893.424673,0.00015691038660060912,9.749431531275361,-0.5147818497675161,107.99999999999999,False,refined,0.0697591359191656,NULL,3.0,105.31975913591917,104.77834734020732,102.5,2.2783473402073184,NULL,0,102.5,NULL,False
409,0.0001838981531404496,candidate,2,3,5957031247.968617,5959085181.9608345,0.00015023625869541903,9.339283363755646,-0.8923205003389789,114.375,False,refined,0.15487752670783927,NULL,3.0,105.40487752670784,104.77834734020732,102.5,2.2783473402073184,NULL,0,102.5,NULL,False
409,0.0001838981531404496,candidate,3,4,2226562499.240729,2221772290.38253,0.0001417322899751786,8.865773764546603,-1.3984396164962742,42.74999999999999,False,refined,0.2575364113490267,NULL,3.0,105.50753641134902,104.77834734020732,102.5,2.2783473402073184,NULL,0,102.5,NULL,False
409,0.0001838981531404496,candidate,4,5,4150390623.5846925,4147730623.9493995,0.00013988627424450616,8.70379400159857,-1.512313633378044,79.6875,False,refined,0.2889505018463422,NULL,3.0,105.53895050184634,104.77834734020732,102.5,2.2783473402073184,NULL,0,102.5,NULL,False
409,0.0001838981531404496,NULL,5,0,nan,nan,nan,nan,nan,nan,False,NULL,0.25,NULL,0.0,102.5,104.77834734020732,102.5,2.2783473402073184,NULL,0,102.5,NULL,True
410,0.00018390135314045068,candidate,0,1,5615234373.085172,5618325734.144882,0.00018553077367655063,10.346523513104398,2.1365585300749235,107.8125,False,refined,0.0,rank_2,0.0004853910812128662,105.32024452700038,105.32024452700038,102.75,2.5702445270003835,NULL,0,102.75,NULL,False
410,0.00018390135314045068,candidate,1,2,5976562497.961957,5977901131.355407,0.00014507348005125345,8.128831033067803,-2.1365585300749235,114.75,False,refined,0.4142102531695123,rank_3,0.03540399516191041,105.85449177503926,105.32024452700038,102.75,2.5702445270003835,NULL,0,102.75,NULL,False
410,0.00018390135314045068,candidate,2,3,4570312498.441497,4575134171.150048,0.00013558489315210087,7.408932374368318,-2.7240930483382453,87.75,False,refined,0.5589159593658927,NULL,3.0,106.05891595936589,105.32024452700038,102.75,2.5702445270003835,NULL,0,102.75,NULL,False
410,0.00018390135314045068,candidate,3,4,5839843748.008579,5837559052.702538,0.00012231780989366156,6.646864378958366,-3.61852518418436,112.125,False,refined,0.7291281671677676,rank_1,0.00525226448305249,105.51272777185814,105.32024452700038,102.75,2.5702445270003835,NULL,0,102.75,NULL,False
410,0.00018390135314045068,candidate,4,5,2236328124.237399,2235417745.6487274,0.00012168873868932316,6.545669717424101,-3.663311319579794,42.9375,False,refined,0.747106499860122,NULL,3.0,106.24710649986012,105.32024452700038,102.75,2.5702445270003835,NULL,0,102.75,NULL,False
410,0.00018390135314045068,NULL,5,0,nan,nan,nan,nan,nan,nan,False,NULL,0.25,NULL,0.0,102.75,105.32024452700038,102.75,2.5702445270003835,NULL,0,102.75,NULL,True
411,0.00018390455314045177,candidate,0,1,4560546873.444827,4562988714.687229,0.0001925858951145541,11.450022991440418,1.526454342605943,87.56250000000001,False,refined,0.0,NULL,3.0,105.75,105.42988586874132,103.0,2.429885868741323,NULL,0,103.0,NULL,False
411,0.00018390455314045177,candidate,1,2,5615234373.085172,5611985726.372761,0.00016154806457833605,9.931877496846582,-1.526454342605943,107.8125,False,refined,0.10562177188588417,rank_1,0.004019569855056014,105.42988586874132,105.42988586874132,103.0,2.429885868741323,NULL,0,103.0,NULL,False
411,0.00018390455314045177,candidate,2,3,4892578123.331602,4897123585.60986,0.00013440622982446748,8.302521217977636,-3.124101548409488,93.9375,False,refined,0.44987816407894754,NULL,3.0,106.19987816407895,105.42988586874132,103.0,2.429885868741323,NULL,0,103.0,NULL,False
411,0.00018390455314045177,candidate,3,4,5917968747.981937,5921592822.80684,0.00011358620903052498,6.864045564053578,-4.58597742738684,113.62499999999999,False,refined,0.7570167546036408,NULL,3.0,106.50701675460364,105.42988586874132,103.0,2.429885868741323,NULL,0,103.0,NULL,False
411,0.00018390455314045177,candidate,4,5,5498046873.1251335,5502046909.991753,0.0001025708166016927,5.986318572153451,-5.472013267299074,105.5625,False,refined,0.9440530433831745,NULL,3.0,106.69405304338318,105.42988586874132,103.0,2.429885868741323,NULL,0,103.0,NULL,False
411,0.00018390455314045177,NULL,5,0,nan,nan,nan,nan,nan,nan,False,NULL,0.25,NULL,0.0,103.0,105.42988586874132,103.0,2.429885868741323,NULL,0,103.0,NULL,True
412,0.00018390775314045286,candidate,0,1,4550781248.448156,4554509475.956299,0.0002605958563582733,15.037190951306805,5.418578457471632,87.37499999999999,False,refined,0.0,rank_1,0.007189748945610897,105.7571897489456,105.7571897489456,103.25,2.5071897489456063,NULL,0,103.25,NULL,False
412,0.00018390775314045286,candidate,1,2,4863281248.341593,4865673171.33882,0.00013964924208144787,9.656230001687067,-5.418578457471632,93.375,False,refined,0.39022665333891693,NULL,3.0,106.39022665333891,105.7571897489456,103.25,2.5071897489456063,NULL,0,103.25,NULL,False
412,0.00018390775314045286,candidate,2,3,5478515623.131794,5481448646.777859,0.00013280783357998857,9.17970667039052,-5.854876270337943,105.1875,False,refined,0.4889737663375435,NULL,3.0,106.48897376633754,105.7571897489456,103.25,2.5071897489456063,NULL,0,103.25,NULL,False
412,0.00018390775314045286,candidate,3,4,5585937498.095162,5590250593.344892,0.00011949904086531303,8.265129224350005,-6.7720617269567995,107.25,False,refined,0.6834844742822992,rank_2,0.04724160077391716,106.16061194379753,105.7571897489456,103.25,2.5071897489456063,NULL,0,103.25,NULL,False
412,0.00018390775314045286,candidate,4,5,2949218748.994299,2945361750.969671,0.00011781501090816146,8.139245379255824,-6.895337561472639,56.625,False,refined,0.7100717907036663,NULL,3.0,106.71007179070367,105.7571897489456,103.25,2.5071897489456063,NULL,0,103.25,NULL,False
412,0.00018390775314045286,NULL,5,0,nan,nan,nan,nan,nan,nan,False,NULL,0.25,NULL,0.0,103.25,105.7571897489456,103.25,2.5071897489456063,NULL,0,103.25,NULL,True
413,0.00018391095314045395,candidate,0,1,4570312498.441497,4567575820.311126,0.0002508312603307405,14.544905436563411,4.846671699614102,87.75,False,refined,0.0,rank_1,0.017072935479891752,105.7742626844255,105.7742626844255,103.5,2.2742626844254943,NULL,0,103.5,NULL,False
413,0.00018391095314045395,candidate,1,2,5566406248.101823,5562740752.05749,0.00014356483473298423,9.698233736949309,-4.846671699614102,106.875,False,refined,0.3481819206834851,rank_4,0.07567913676580036,106.58447300124682,105.7742626844255,103.5,2.2742626844254943,NULL,0,103.5,NULL,False
413,0.00018391095314045395,candidate,2,3,2939453123.997629,2936728359.984104,0.0001352072478500731,8.974786408251747,-5.367633750503815,56.4375,False,refined,0.4892591481687264,NULL,3.0,106.73925914816873,105.7742626844255,103.5,2.2742626844254943,NULL,0,103.5,NULL,False
413,0.00018391095314045395,candidate,3,4,4863281248.341593,4866104122.491504,0.00012960889228338113,8.74522530552924,-5.734937228643213,93.375,False,refined,0.5466497809608147,NULL,3.0,106.79664978096082,105.7742626844255,103.5,2.2742626844254943,NULL,0,103.5,NULL,False
413,0.00018391095314045395,candidate,4,5,3955078123.651295,3952965738.9076247,0.00011156386203725099,7.400155572967844,-7.037162407478554,75.9375,False,refined,0.8297993145222331,NULL,3.0,107.07979931452223,105.7742626844255,103.5,2.2742626844254943,NULL,0,103.5,NULL,False
413,0.00018391095314045395,NULL,5,0,nan,nan,nan,nan,nan,nan,False,NULL,0.25,NULL,0.0,103.5,105.7742626844255,103.5,2.2742626844254943,NULL,0,103.5,NULL,True
414,0.00018391415314045504,candidate,0,1,4609374998.428176,4608178076.601071,0.0001981757251104754,11.69154777218644,0.9268399547512196,88.5,False,refined,0.0,rank_1,0.16485432158344274,105.93911700600894,105.93911700600894,103.75,2.189117006008942,NULL,0,103.75,NULL,False
414,0.00018391415314045504,candidate,1,2,5566406248.101823,5571254840.517679,0.00017811826583802803,10.652319360090434,-0.9268399547512196,106.875,False,refined,0.057927497171951225,NULL,3.0,106.55792749717195,105.93911700600894,103.75,2.189117006008942,NULL,0,103.75,NULL,False
414,0.00018391415314045504,candidate,2,3,5439453123.145114,5436570961.2657585,0.00014127789198102933,8.690654577390351,-2.939524995633711,104.43749999999999,False,refined,0.3801221256185543,NULL,3.0,106.88012212561856,105.93911700600894,103.75,2.189117006008942,NULL,0,103.75,NULL,False
414,0.00018391415314045504,candidate,3,4,2949218748.994299,2950096487.6693807,0.00013298979236482146,8.047797639250964,-3.4646429591738492,56.625,False,refined,0.5093705390607209,NULL,3.0,107.00937053906073,105.93911700600894,103.75,2.189117006008942,NULL,0,103.75,NULL,False
414,0.00018391415314045504,candidate,4,5,5292968748.195066,5294987846.43156,0.00012565059937668722,7.7063594990549245,-3.9577178264245116,101.625,False,refined,0.5914034392932933,NULL,3.0,107.09140343929329,105.93911700600894,103.75,2.189117006008942,NULL,0,103.75,NULL,False
414,0.00018391415314045504,NULL,5,0,nan,nan,nan,nan,nan,nan,False,NULL,0.25,NULL,0.0,103.75,105.93911700600894,103.75,2.189117006008942,NULL,0,103.75,NULL,True
415,0.00018391735314045614,candidate,0,1,5576171873.098493,5578171979.230336,0.00018270391057013453,10.701649594170766,0.4379139689657041,107.0625,False,refined,0.0,rank_2,0.004784680797013778,106.56271217796896,106.2231735163689,104.0,2.2231735163689024,NULL,0,104.0,NULL,False
415,0.00018391735314045614,candidate,1,2,4941406248.314951,4945934873.2676115,0.0001737209295721825,10.181989354137961,-0.4379139689657041,94.87499999999999,False,refined,0.027369623060356507,NULL,3.0,106.77736962306035,106.2231735163689,104.0,2.2231735163689024,NULL,0,104.0,NULL,False
415,0.00018391735314045614,candidate,2,3,5429687498.148444,5426512863.5244875,0.00015998092901207543,9.548057021817291,-1.1535925723534746,104.24999999999999,False,refined,0.1398909824994985,NULL,3.0,106.8898909824995,106.2231735163689,104.0,2.2231735163689024,NULL,0,104.0,NULL,False
415,0.00018391735314045614,candidate,3,4,4619140623.424846,4621118954.421258,0.00015038729889471235,8.922406510027958,-1.6907336798151729,88.6875,False,refined,0.2673098784842546,rank_1,0.016746631875699785,106.2231735163689,106.2231735163689,104.0,2.2231735163689024,NULL,0,104.0,NULL,False
415,0.00018391735314045614,candidate,4,5,2968749998.987639,2972483204.8018594,0.00013150956136939225,7.793663633109951,-2.855810275781474,57.00000000000001,False,refined,0.5094385972698495,NULL,3.0,107.25943859726985,106.2231735163689,104.0,2.2231735163689024,NULL,0,104.0,NULL,False
415,0.00018391735314045614,NULL,5,0,nan,nan,nan,nan,nan,nan,False,NULL,0.25,NULL,0.0,104.0,106.2231735163689,104.0,2.2231735163689024,NULL,0,104.0,NULL,True
416,0.00018392055314045723,candidate,0,1,4960937498.308291,4959554719.778312,0.00019064699053014913,10.774737901597833,1.810069838832833,95.25,False,refined,0.0,rank_2,0.01855002189750331,106.79591964495785,106.79591964495785,104.25,2.5459196449578485,NULL,0,104.25,NULL,False
416,0.00018392055314045723,candidate,1,2,5585937498.095162,5584626421.36604,0.00015478414128954047,8.930878572774077,-1.810069838832833,107.25,False,refined,0.2734975790109405,rank_1,0.004165982328315173,106.84037573930821,106.79591964495785,104.25,2.5459196449578485,NULL,0,104.25,NULL,False
416,0.00018392055314045723,candidate,2,3,5419921873.151774,5420054267.834782,0.00014704269485291385,8.519007888653736,-2.255730012944097,104.0625,False,refined,0.3631319425109457,rank_3,0.004171345828308696,107.25719427083875,106.79591964495785,104.25,2.5459196449578485,NULL,0,104.25,NULL,False
416,0.00018392055314045723,candidate,3,4,2988281248.9809785,2987142654.399913,0.00013814599256782307,7.677468507337046,-2.797833259071263,57.375,False,refined,0.523244302591397,NULL,3.0,107.5232443025914,106.79591964495785,104.25,2.5459196449578485,NULL,0,104.25,NULL,False
416,0.00018392055314045723,candidate,4,5,3144531248.927696,3146973338.3389115,0.00012373906911714404,6.978053782389226,-3.7544621912181597,60.375,False,refined,0.687945819592751,NULL,3.0,107.68794581959276,106.79591964495785,104.25,2.5459196449578485,NULL,0,104.25,NULL,False
416,0.00018392055314045723,NULL,5,0,nan,nan,nan,nan,nan,nan,False,NULL,0.25,NULL,0.0,104.25,106.79591964495785,104.25,2.5459196449578485,NULL,0,104.25,NULL,True
417,0.00018392375314045832,candidate,0,1,4970703123.304961,4969274522.900016,0.0001950731265468954,11.253538485454548,2.218576148595952,95.4375,False,refined,0.0,rank_1,0.00944745727246888,106.80536710223032,106.80536710223032,104.5,2.3053671022303206,NULL,0,104.5,NULL,False
417,0.00018392375314045832,candidate,1,2,5937499997.975278,5934694867.89184,0.00015110145185865206,8.925772652854045,-2.218576148595952,114.00000000000001,False,refined,0.2997951113591403,NULL,3.0,107.54979511135915,106.80536710223032,104.5,2.3053671022303206,NULL,0,104.5,NULL,False
417,0.00018392375314045832,candidate,2,3,5390624998.161765,5390893762.694581,0.00014165480991408313,8.325279329807413,-2.779322381115419,103.5,False,refined,0.42491574934860166,NULL,3.0,107.6749157493486,106.80536710223032,104.5,2.3053671022303206,NULL,0,104.5,NULL,False
417,0.00018392375314045832,candidate,3,4,5107421873.258339,5103853521.130524,0.00013884675147894415,8.217826239789128,-2.9532344290466295,98.0625,False,refined,0.4519032158470452,NULL,3.0,107.70190321584704,106.80536710223032,104.5,2.3053671022303206,NULL,0,104.5,NULL,False
417,0.00018392375314045832,candidate,4,5,2998046873.9776483,3002114313.2765555,0.00013215843570217015,7.801375227596665,-3.3820511048624624,57.5625,False,refined,0.5411719099144041,NULL,3.0,107.79117190991441,106.80536710223032,104.5,2.3053671022303206,NULL,0,104.5,NULL,False
417,0.00018392375314045832,NULL,5,0,nan,nan,nan,nan,nan,nan,False,NULL,0.25,NULL,0.0,104.5,106.80536710223032,104.5,2.3053671022303206,NULL,0,104.5,NULL,True
418,0.0001839269531404594,candidate,0,1,4970703123.304961,4971826168.794007,0.00016731213176862612,10.63363986770229,0.2490809073022504,95.4375,False,refined,0.0,rank_1,0.0006510896768323531,106.80601819190716,106.80601819190716,104.75,2.0560181919071567,NULL,0,104.75,NULL,False
418,0.0001839269531404594,candidate,1,2,5937499997.975278,5936527597.415757,0.00016258234651694283,10.424432194401003,-0.2490809073022504,114.00000000000001,False,refined,0.01556755670639065,NULL,3.0,107.51556755670639,106.80601819190716,104.75,2.0560181919071567,NULL,0,104.75,NULL,False
418,0.0001839269531404594,candidate,2,3,5107421873.258339,5107225903.979607,0.00015177570410447128,9.787136339336433,-0.8465035283658562,98.0625,False,refined,0.08483601962240106,NULL,3.0,107.5848360196224,106.80601819190716,104.75,2.0560181919071567,NULL,0,104.75,NULL,False
418,0.0001839269531404594,candidate,3,4,5371093748.168426,5369967697.118449,0.00014110575948990132,9.015363231468108,-1.4796538413630955,103.125,False,refined,0.24017388036497733,NULL,3.0,107.74017388036498,106.80601819190716,104.75,2.0560181919071567,NULL,0,104.75,NULL,False
418,0.0001839269531404594,candidate,4,5,3017578123.9709883,3019166576.6596622,0.00013655506439755633,8.848038338020627,-1.7643924263747746,57.93750000000001,False,refined,0.2830687759453293,NULL,3.0,107.78306877594532,106.80601819190716,104.75,2.0560181919071567,NULL,0,104.75,NULL,False
418,0.0001839269531404594,NULL,5,0,nan,nan,nan,nan,nan,nan,False,NULL,0.25,NULL,0.0,104.75,106.80601819190716,104.75,2.0560181919071567,NULL,0,104.75,NULL,True
419,0.0001839301531404605,candidate,0,1,4482421873.471468,4484033590.716357,0.0001697370553765141,11.422901301640973,0.4748032069539043,86.0625,False,refined,0.0,NULL,3.0,107.75,107.59683621421196,105.0,2.5968362142119616,NULL,0,105.0,NULL,False
419,0.0001839301531404605,candidate,1,2,5107421873.258339,5109259198.498802,0.00016070763254403753,10.948098094687069,-0.4748032069539043,98.0625,False,refined,0.02967520043461902,rank_3,0.00041342866017906905,107.6149246487172,107.59683621421196,105.0,2.5968362142119616,NULL,0,105.0,NULL,False
419,0.0001839301531404605,candidate,2,3,5341796873.178415,5342567268.727195,0.00015902558625696157,10.65971411734906,-0.5661931679627674,102.56249999999999,False,refined,0.035387072997672964,NULL,3.0,107.78538707299768,107.59683621421196,105.0,2.5968362142119616,NULL,0,105.0,NULL,False
419,0.0001839301531404605,candidate,3,4,2656249999.094203,2657348497.3493443,0.00014874745214074763,10.079364722063415,-1.1465425632484116,51.0,False,refined,0.07165891020302573,NULL,3.0,107.82165891020303,107.59683621421196,105.0,2.5968362142119616,NULL,0,105.0,NULL,False
419,0.0001839301531404605,candidate,4,5,5947265622.971948,5945311802.49088,0.0001482295255057684,10.150420497631805,-1.176838906006159,114.1875,False,refined,0.07355243162538494,rank_2,0.007716225880181374,107.59683621421196,107.59683621421196,105.0,2.5968362142119616,NULL,0,105.0,NULL,False
419,0.0001839301531404605,NULL,5,0,nan,nan,nan,nan,nan,nan,False,NULL,0.25,NULL,0.0,105.0,107.59683621421196,105.0,2.5968362142119616,NULL,0,105.0,NULL,True
420,0.0001839333531404616,candidate,0,1,4501953123.4648075,4500605219.319371,0.00019335388526529965,11.274921623553098,0.7145133569309348,86.4375,False,refined,0.0,rank_1,0.02746188745562315,107.77746188745563,107.66461564879252,105.25,2.4146156487925197,NULL,0,105.25,NULL,False
420,0.0001839333531404616,candidate,1,2,5234374998.215047,5238311141.247373,0.00017808495684939083,10.57107277216038,-0.7145133569309348,100.49999999999999,False,refined,0.04465708480818342,NULL,3.0,108.04465708480818,107.66461564879252,105.25,2.4146156487925197,NULL,0,105.25,NULL,False
420,0.0001839333531404616,candidate,2,3,5117187498.255009,5114156068.206528,0.00017722233315931062,10.518232555043152,-0.7566890685099459,98.25,False,refined,0.04729306678187162,rank_2,0.0023979332934439867,107.66461564879252,107.66461564879252,105.25,2.4146156487925197,NULL,0,105.25,NULL,False
420,0.0001839333531404616,candidate,3,4,5351562498.175086,5351678336.747827,0.00015425094689929263,9.298831491297497,-1.96250129047157,102.75,False,refined,0.2278316069598486,rank_3,0.00830115604765793,108.0215198360052,107.66461564879252,105.25,2.4146156487925197,NULL,0,105.25,NULL,False
420,0.0001839333531404616,candidate,4,5,2646484374.097533,2643648487.8296514,0.00015279983315042515,9.17655408610245,-2.044600464502553,50.8125,False,refined,0.25130441611604193,rank_4,0.018769026083967605,108.09173235240304,107.66461564879252,105.25,2.4146156487925197,NULL,0,105.25,NULL,False
420,0.0001839333531404616,NULL,5,0,nan,nan,nan,nan,nan,nan,False,NULL,0.25,NULL,0.0,105.25,107.66461564879252,105.25,2.4146156487925197,NULL,0,105.25,NULL,True
421,0.00018393655314046268,candidate,0,1,5214843748.221707,5214581172.255116,0.0002145498724985589,11.471859581824031,2.3904730940185726,100.125,False,refined,0.0,rank_2,0.056311142837343904,108.10096822764552,108.10096822764552,105.5,2.6009682276455237,NULL,0,105.5,NULL,False
421,0.00018393655314046268,candidate,1,2,5371093748.168426,5374339487.003908,0.00016293133128596906,9.081386487805458,-2.3904730940185726,103.125,False,refined,0.287196595205342,rank_4,0.051352773092870625,108.36006920430341,108.10096822764552,105.5,2.6009682276455237,NULL,0,105.5,NULL,False
421,0.00018393655314046268,candidate,2,3,4492187498.468138,4490417026.591042,0.00015741826812888042,8.751178337747785,-2.6894626135391597,86.25,False,refined,0.35541466268402977,rank_1,0.010379927106958934,108.14325647724661,108.10096822764552,105.5,2.6009682276455237,NULL,0,105.5,NULL,False
421,0.00018393655314046268,candidate,3,4,4785156248.368234,4787382331.549632,0.00015164424393336175,8.426594338513391,-3.0140466127735532,91.875,False,refined,0.4243887625213384,NULL,3.0,108.67438876252133,108.10096822764552,105.5,2.6009682276455237,NULL,0,105.5,NULL,False
421,0.00018393655314046268,candidate,4,5,3408203123.837783,3403424218.753335,0.00013358882316618335,7.317146862603279,-4.115162735465576,65.4375,False,refined,0.6596256415761067,NULL,3.0,108.90962564157611,108.10096822764552,105.5,2.6009682276455237,NULL,0,105.5,NULL,False
421,0.00018393655314046268,NULL,5,0,nan,nan,nan,nan,nan,nan,False,NULL,0.25,NULL,0.0,105.5,108.10096822764552,105.5,2.6009682276455237,NULL,0,105.5,NULL,True
422,0.00018393975314046377,candidate,0,1,5166015623.2383585,5168296187.978227,0.00021564032561772022,11.42826913986994,1.7852812578248756,99.1875,False,refined,0.0,rank_1,0.2142299769511936,108.31519820459671,108.31519820459671,105.75,2.5651982045967117,NULL,0,105.75,NULL,False
422,0.00018393975314046377,candidate,1,2,4775390623.371564,4772192021.364142,0.0001755763094414606,9.578627315425665,-1.7852812578248756,91.6875,False,refined,0.17478598130020495,NULL,3.0,108.6747859813002,108.31519820459671,105.75,2.5651982045967117,NULL,0,105.75,NULL,False
422,0.00018393975314046377,candidate,2,3,5380859373.165095,5381273440.850757,0.0001608685644496582,8.82973710865068,-2.545175852869157,103.3125,False,refined,0.3346129245067204,rank_2,0.004807971595022495,108.69949010040516,108.31519820459671,105.75,2.5651982045967117,NULL,0,105.75,NULL,False
422,0.00018393975314046377,candidate,3,4,1835937499.3739345,1838866735.1421719,0.00014483653474076143,7.917875895419719,-3.457037066100117,35.25,False,refined,0.5283834323182994,NULL,3.0,109.0283834323183,108.31519820459671,105.75,2.5651982045967117,NULL,0,105.75,NULL,False
422,0.00018393975314046377,candidate,4,5,4960937498.308291,4964708394.555497,0.00014407247153266006,8.02666435548871,-3.5029794495528233,95.25,False,refined,0.5149365622737448,NULL,3.0,109.01493656227375,108.31519820459671,105.75,2.5651982045967117,NULL,0,105.75,NULL,False
422,0.00018393975314046377,NULL,5,0,nan,nan,nan,nan,nan,nan,False,NULL,0.25,NULL,0.0,105.75,108.31519820459671,105.75,2.5651982045967117,NULL,0,105.75,NULL,True
423,0.00018394295314046486,candidate,0,1,4208984373.5647116,4210484478.7294393,0.0001843813449291444,9.71174572745924,0.00737157166742719,80.8125,False,refined,0.043238140881113996,NULL,3.0,108.79323814088112,108.79323814088112,106.0,2.7932381408811153,NULL,0,106.0,NULL,False
423,0.00018394295314046486,candidate,1,2,4941406248.314951,4941429356.778886,0.00018422492989728944,9.63178217426921,-0.00737157166742719,94.87499999999999,False,refined,0.0556933970888327,NULL,3.0,108.80569339708883,108.79323814088112,106.0,2.7932381408811153,NULL,0,106.0,NULL,False
423,0.00018394295314046486,candidate,2,3,4755859373.378224,4758352675.511951,0.00016902424526291925,8.883794283094968,-0.7553594628416693,91.31250000000001,False,refined,0.21464082396335915,rank_2,0.019152749361655542,108.90857955462522,108.79323814088112,106.0,2.7932381408811153,NULL,0,106.0,NULL,False
423,0.00018394295314046486,candidate,3,4,4082031248.608003,4081449328.9562407,0.00016612038489262308,8.742455028261631,-0.9058809967900228,78.375,False,refined,0.2452493080601318,NULL,3.0,108.99524930806014,108.79323814088112,106.0,2.7932381408811153,NULL,0,106.0,NULL,False
423,0.00018394295314046486,candidate,4,5,5146484373.245018,5149529820.731019,0.00014278957841570706,7.42792668170396,-2.2204093433476935,98.81249999999999,False,refined,0.5245865817036368,rank_1,0.035217653965706766,108.87500244026604,108.79323814088112,106.0,2.7932381408811153,NULL,0,106.0,NULL,False
423,0.00018394295314046486,NULL,5,0,nan,nan,nan,nan,nan,nan,False,NULL,0.25,NULL,0.0,106.0,108.79323814088112,106.0,2.7932381408811153,NULL,0,106.0,NULL,True
424,0.00018394615314046596,candidate,0,1,4931640623.318281,4927602002.144455,0.00021087358813348921,11.457823370357376,0.31455291811356645,94.6875,False,refined,0.0,rank_2,0.01911957361863173,108.82481297070747,108.82265304604178,106.25,2.572653046041779,NULL,0,106.25,NULL,False
424,0.00018394615314046596,candidate,1,2,4218749998.5613813,4220361395.1402225,0.00020337358390833154,11.16708683071022,-0.31455291811356645,81.0,False,refined,0.019659557382097903,rank_1,0.009755347778560026,108.82265304604178,108.82265304604178,106.25,2.572653046041779,NULL,0,106.25,NULL,False
424,0.00018394615314046596,candidate,2,3,4736328123.384884,4736353742.566177,0.00017875861663424852,10.022719315263666,-1.43510405509371,90.9375,False,refined,0.08969400344335687,rank_3,0.04839530507526641,109.04666886314384,108.82265304604178,106.25,2.572653046041779,NULL,0,106.25,NULL,False
424,0.00018394615314046596,candidate,3,4,5966796872.965287,5967414787.394572,0.000147323257454186,8.280627421836417,-3.1150174984371493,114.5625,False,refined,0.45259448037685923,NULL,3.0,109.45259448037686,108.82265304604178,106.25,2.572653046041779,NULL,0,106.25,NULL,False
424,0.00018394615314046596,candidate,4,5,3837890623.6912565,3835298207.8864202,0.00014723720261383192,8.361547143787273,-3.120092605036513,73.6875,False,refined,0.44077371624669104,NULL,3.0,109.4407737162467,108.82265304604178,106.25,2.572653046041779,NULL,0,106.25,NULL,False
424,0.00018394615314046596,NULL,5,0,nan,nan,nan,nan,nan,nan,False,NULL,0.25,NULL,0.0,106.25,108.82265304604178,106.25,2.572653046041779,NULL,0,106.25,NULL,True
425,0.00018394935314046705,candidate,0,1,4892578123.331602,4896601257.869859,0.00020572762277780023,12.007408477551289,0.789306116370474,93.9375,False,refined,0.0,rank_1,0.096104614557891,108.92091758526536,108.8725650982918,106.5,2.372565098291801,NULL,0,106.5,NULL,False
425,0.00018394935314046705,candidate,1,2,4218749998.5613813,4222770585.827702,0.00018785696513236056,11.115029135024823,-0.789306116370474,81.0,False,refined,0.049331632273154624,rank_2,0.0005804199768637925,108.8725650982918,108.8725650982918,106.5,2.372565098291801,NULL,0,106.5,NULL,False
425,0.00018394935314046705,candidate,2,3,3828124998.6945868,3829129275.2655735,0.00017693431022125928,10.670661841392866,-1.3096110091608004,73.5,False,refined,0.08185068807255003,NULL,3.0,109.33185068807255,108.8725650982918,106.5,2.372565098291801,NULL,0,106.5,NULL,False
425,0.00018394935314046705,candidate,3,4,5976562497.961957,5975845662.1228695,0.00017194030394278068,10.298551064814347,-1.5582983528913008,114.75,False,refined,0.0973936470557063,NULL,3.0,109.34739364705571,108.8725650982918,106.5,2.372565098291801,NULL,0,106.5,NULL,False
425,0.00018394935314046705,candidate,4,5,4736328123.384884,4736358376.365799,0.00017166318863140543,10.400734313010132,-1.5723086501409433,90.9375,False,refined,0.09826929063380896,rank_3,2.147209893297378e-09,109.14493815592485,108.8725650982918,106.5,2.372565098291801,NULL,0,106.5,NULL,False
425,0.00018394935314046705,NULL,5,0,nan,nan,nan,nan,nan,nan,False,NULL,0.25,NULL,0.0,106.5,108.8725650982918,106.5,2.372565098291801,NULL,0,106.5,NULL,True
426,0.00018395255314046814,candidate,0,1,4882812498.334932,4882000091.693161,0.00017307588028936123,9.132227444096506,1.029881015241223,93.75,False,refined,0.13016588338552415,rank_1,0.021319405371954182,109.07240287402284,109.07240287402284,106.75,2.322402874022842,NULL,0,106.75,NULL,False
426,0.00018395255314046814,candidate,1,2,5957031247.968617,5954116520.392288,0.00015372429090231325,8.083121533079689,-1.029881015241223,114.375,False,refined,0.3518993334906231,rank_4,0.0472155600347689,109.7465085405811,109.07240287402284,106.75,2.322402874022842,NULL,0,106.75,NULL,False
426,0.00018395255314046814,candidate,2,3,3828124998.6945868,3824143943.802808,0.0001497901045224727,7.930096317699524,-1.255068507043191,73.5,False,refined,0.3889273340352708,rank_3,0.002485352979364153,109.72326337508719,109.07240287402284,106.75,2.322402874022842,NULL,0,106.75,NULL,False
426,0.00018395255314046814,candidate,3,4,4404296873.498109,4399972196.09051,0.0001460225806354701,7.5056565305012235,-1.4763305955982364,84.5625,False,refined,0.46642218264970625,NULL,3.0,109.96642218264971,109.07240287402284,106.75,2.322402874022842,NULL,0,106.75,NULL,False
426,0.00018395255314046814,candidate,4,5,4228515623.558051,4227123379.3276534,0.00013799658416865451,7.145638293567975,-1.9673642547529369,81.1875,False,refined,0.5511145218868623,rank_2,0.0018946811253218836,109.42557430130398,109.07240287402284,106.75,2.322402874022842,NULL,0,106.75,NULL,False
426,0.00018395255314046814,NULL,5,0,nan,nan,nan,nan,nan,nan,False,NULL,0.25,NULL,0.0,106.75,109.07240287402284,106.75,2.322402874022842,NULL,0,106.75,NULL,True
427,0.00018395575314046923,candidate,0,1,4394531248.501439,4394146069.904375,0.00017484214219164545,9.495134474405678,1.5774189245525427,84.375,False,refined,0.07572982883914836,NULL,3.0,109.82572982883914,109.82572982883914,107.0,2.825729828839144,NULL,0,107.0,NULL,False
427,0.00018395575314046923,candidate,1,2,1669921874.4305468,1666946200.3883908,0.00014580592508081422,7.561978685564004,-1.5774189245525427,32.0625,False,refined,0.4642918799499334,NULL,3.0,110.21429187994994,109.82572982883914,107.0,2.825729828839144,NULL,0,107.0,NULL,False
427,0.00018395575314046923,candidate,2,3,5751953123.03855,5756387008.529915,0.00014383151170228753,7.641397923521884,-1.695841477565052,110.4375,False,refined,0.4597804038195331,NULL,3.0,110.20978040381954,109.82572982883914,107.0,2.825729828839144,NULL,0,107.0,NULL,False
427,0.00018395575314046923,candidate,3,4,5253906248.208387,5251216414.079512,0.00013952582606758073,7.4209399194461945,-1.9598303287592422,100.875,False,refined,0.5093484076305235,NULL,3.0,110.25934840763053,109.82572982883914,107.0,2.825729828839144,NULL,0,107.0,NULL,False
427,0.00018395575314046923,candidate,4,5,5947265622.971948,5944973838.227307,0.0001351612380752006,7.151596601590953,-2.2358791527429567,114.1875,False,refined,0.5670029568077919,NULL,3.0,110.3170029568078,109.82572982883914,107.0,2.825729828839144,NULL,0,107.0,NULL,False
427,0.00018395575314046923,NULL,5,0,nan,nan,nan,nan,nan,nan,False,NULL,0.25,NULL,0.0,107.0,109.82572982883914,107.0,2.825729828839144,NULL,0,107.0,NULL,True
428,0.00018395895314047032,candidate,0,1,1660156249.433877,1663705364.7001095,0.00017926607181726958,11.59491952934217,0.42129900308294665,31.875,False,refined,0.0,NULL,3.0,110.0,109.85595250566975,107.25,2.605952505669748,NULL,0,107.25,NULL,False
428,0.00018395895314047032,candidate,1,2,4404296873.498109,4400384250.037968,0.00017077848317881863,11.14478516128341,-0.42129900308294665,84.5625,False,refined,0.026331187692684166,rank_1,0.003891489137914946,109.85595250566975,109.85595250566975,107.25,2.605952505669748,NULL,0,107.25,NULL,False
428,0.00018395895314047032,candidate,2,3,5429687498.148444,5432557398.312294,0.0001608172623107472,10.643668616436939,-0.9433087497371062,104.24999999999999,False,refined,0.05895679685856914,NULL,3.0,110.05895679685857,109.85595250566975,107.25,2.605952505669748,NULL,0,107.25,NULL,False
428,0.00018395895314047032,candidate,3,4,4960937498.308291,4964828628.378002,0.00015512866118068408,10.309963010536238,-1.2561211538301187,95.25,False,refined,0.07850757211438242,NULL,3.0,110.07850757211438,109.85595250566975,107.25,2.605952505669748,NULL,0,107.25,NULL,False
428,0.00018395895314047032,candidate,4,5,5781249998.02856,5781284413.301999,0.00013729905221149884,9.258074805132166,-2.3166112560444674,111.0,False,refined,0.2560769827329543,NULL,3.0,110.25607698273295,109.85595250566975,107.25,2.605952505669748,NULL,0,107.25,NULL,False
428,0.00018395895314047032,NULL,5,0,nan,nan,nan,nan,nan,nan,False,NULL,0.25,NULL,0.0,107.25,109.85595250566975,107.25,2.605952505669748,NULL,0,107.25,NULL,True
429,0.0001839621531404714,candidate,0,1,4814453123.358243,4818338328.532542,0.00019064863875450653,11.316543278833029,0.6268868037969355,92.4375,False,refined,0.0,NULL,3.0,110.25,109.9881843694348,107.5,2.488184369434805,NULL,0,107.5,NULL,False
429,0.0001839621531404714,candidate,1,2,1650390624.437207,1650602109.0592318,0.00017737375843316638,10.689656475036093,-0.6268868037969355,31.6875,False,refined,0.03918042523730847,rank_1,0.017169530839019388,110.05634995607632,109.9881843694348,107.5,2.488184369434805,NULL,0,107.5,NULL,False
429,0.0001839621531404714,candidate,2,3,4423828123.491448,4427597461.704078,0.00017127458695436027,10.372738936698562,-0.9308155975456067,84.9375,False,refined,0.05817597484660042,rank_2,0.07405588891845075,109.9881843694348,109.9881843694348,107.5,2.488184369434805,NULL,0,107.5,NULL,False
429,0.0001839621531404714,candidate,3,4,5371093748.168426,5372910824.127743,0.0001565639291485532,9.60570334225789,-1.7108399365751392,103.125,False,refined,0.16607199469726275,NULL,3.0,110.41607199469726,109.9881843694348,107.5,2.488184369434805,NULL,0,107.5,NULL,False
429,0.0001839621531404714,candidate,4,5,4980468748.301631,4981615626.848252,0.00014903576434464706,9.172570218982186,-2.1388641896621152,95.625,False,refined,0.25779347900655436,rank_4,0.028180331764018022,110.36448138288495,109.9881843694348,107.5,2.488184369434805,NULL,0,107.5,NULL,False
429,0.0001839621531404714,NULL,5,0,nan,nan,nan,nan,nan,nan,False,NULL,0.25,NULL,0.0,107.5,109.9881843694348,107.5,2.488184369434805,NULL,0,107.5,NULL,True
430,0.0001839653531404725,candidate,0,1,4443359373.484788,4445480486.1128435,0.00020736636105196822,11.590359459182684,0.7688854299896075,85.3125,False,refined,0.0,rank_3,0.031980256200451314,110.02016462563526,110.02016462563526,107.75,2.2701646256352603,NULL,0,107.75,NULL,False
430,0.0001839653531404725,candidate,1,2,4794921873.364903,4795402126.348522,0.00018979905032313844,10.821474029193077,-0.7688854299896075,92.0625,False,refined,0.04805533937435047,rank_1,0.05260693706262458,110.35066227643696,110.02016462563526,107.75,2.2701646256352603,NULL,0,107.75,NULL,False
430,0.0001839653531404725,candidate,2,3,5351562498.175086,5350289281.081607,0.00018026049780735012,10.343323257862727,-1.2167548096895153,102.75,False,refined,0.07604717560559471,rank_4,0.05117342097881796,110.54329259128167,110.02016462563526,107.75,2.2701646256352603,NULL,0,107.75,NULL,False
430,0.0001839653531404725,candidate,3,4,5009765623.29164,5007112394.981079,0.00015045148852057313,8.70363020269866,-2.7868363538254215,96.1875,False,refined,0.36863274170928984,rank_5,0.06500851852191324,110.79812264311614,110.02016462563526,107.75,2.2701646256352603,NULL,0,107.75,NULL,False
430,0.0001839653531404725,candidate,4,5,1650390624.437207,1645701797.1036167,0.00013557681786648218,7.869020662972481,-3.6910574045797606,31.6875,False,refined,0.5503379883403628,rank_2,0.0024013057262343733,110.60908925014292,110.02016462563526,107.75,2.2701646256352603,NULL,0,107.75,NULL,False
430,0.0001839653531404725,NULL,5,0,nan,nan,nan,nan,nan,nan,False,NULL,0.25,NULL,0.0,107.75,110.02016462563526,107.75,2.2701646256352603,NULL,0,107.75,NULL,True
431,0.0001839685531404736,candidate,0,1,4462890623.478128,4460404937.772695,0.00019145828201128215,11.073015361303353,1.4727220033429056,85.68750000000001,False,refined,0.0,rank_1,0.022273925734723147,110.04243855136998,110.04243855136998,108.0,2.042438551369983,NULL,0,108.0,NULL,False
431,0.0001839685531404736,candidate,1,2,4999999998.2949705,5002028829.135262,0.00016159877244987616,9.48596070348482,-1.4727220033429056,96.0,False,refined,0.16915101968620871,NULL,3.0,110.91915101968621,110.04243855136998,108.0,2.042438551369983,NULL,0,108.0,NULL,False
431,0.0001839685531404736,candidate,2,3,4755859373.378224,4752315085.425435,0.00014661818263669022,8.663271244128135,-2.317726511248992,91.31250000000001,False,refined,0.3453672203338418,rank_2,0.18564930955077844,110.88167880632159,110.04243855136998,108.0,2.042438551369983,NULL,0,108.0,NULL,False
431,0.0001839685531404736,candidate,3,4,5380859373.165095,5379601962.208378,0.00012386459283647124,7.290475797258615,-3.782539564044738,103.3125,False,refined,0.6428373531640038,rank_3,0.08592332748397552,111.27205327192965,110.04243855136998,108.0,2.042438551369983,NULL,0,108.0,NULL,False
431,0.0001839685531404736,candidate,4,5,1396484374.5237906,1391812356.1937,0.0001226014200902365,7.039100925924684,-3.8715731391351227,26.8125,False,refined,0.6861081823072426,NULL,3.0,111.43610818230724,110.04243855136998,108.0,2.042438551369983,NULL,0,108.0,NULL,False
431,0.0001839685531404736,NULL,5,0,nan,nan,nan,nan,nan,nan,False,NULL,0.25,NULL,0.0,108.0,110.04243855136998,108.0,2.042438551369983,NULL,0,108.0,NULL,True
432,0.00018397175314047469,candidate,0,1,4980468748.301631,4976762631.972813,0.00018964155142569742,11.968949374476772,2.352768496305826,95.625,False,refined,0.0,rank_2,0.063838071905174,110.98298909159139,110.41573586372341,108.25,2.1657358637234125,NULL,0,108.25,NULL,False
432,0.00018397175314047469,candidate,1,2,4501953123.4648075,4501475171.891818,0.00014464221863734223,9.616180878170946,-2.352768496305826,86.4375,False,refined,0.20462089929347227,rank_1,0.16867641305996128,110.41573586372341,110.41573586372341,108.25,2.1657358637234125,NULL,0,108.25,NULL,False
432,0.00018397175314047469,candidate,2,3,4199218748.568042,4199189838.68542,0.0001384987298034653,9.268736119157426,-2.729754182501347,80.625,False,refined,0.28029921853272033,NULL,3.0,111.28029921853272,110.41573586372341,108.25,2.1657358637234125,NULL,0,108.25,NULL,False
432,0.00018397175314047469,candidate,3,4,2412109374.1774564,2409556172.148088,0.00012893051201742707,8.593612583677528,-3.3515558437027426,46.3125,False,refined,0.42043035267979223,NULL,3.0,111.42043035267979,110.41573586372341,108.25,2.1657358637234125,NULL,0,108.25,NULL,False
432,0.00018397175314047469,candidate,4,5,2958984373.9909687,2960745886.157361,0.000128799146074885,8.612058760512644,-3.360410316923863,56.81249999999999,False,refined,0.4182168307308448,NULL,3.0,111.41821683073084,110.41573586372341,108.25,2.1657358637234125,NULL,0,108.25,NULL,False
432,0.00018397175314047469,NULL,5,0,nan,nan,nan,nan,nan,nan,False,NULL,0.25,NULL,0.0,108.25,110.41573586372341,108.25,2.1657358637234125,NULL,0,108.25,NULL,True
433,0.00018397495314047578,candidate,0,1,4980468748.301631,4975591400.487867,0.00018176786353055085,10.335573957120383,1.48911429620596,95.625,False,refined,0.0,rank_1,0.00013717831913271662,110.98312626991053,110.98312626991053,108.5,2.483126269910528,NULL,0,108.5,NULL,False
433,0.00018397495314047578,candidate,1,2,2958984373.9909687,2961760195.7789574,0.00015313038971967007,8.892540728763656,-1.48911429620596,56.81249999999999,False,refined,0.2591885341983241,NULL,3.0,111.50918853419833,110.98312626991053,108.5,2.483126269910528,NULL,0,108.5,NULL,False
433,0.00018397495314047578,candidate,2,3,4248046873.551391,4251296514.4874625,0.00015132598701542247,8.825695519448784,-1.5920717472977763,81.5625,False,refined,0.2756501562887934,NULL,3.0,111.52565015628879,110.98312626991053,108.5,2.483126269910528,NULL,0,108.5,NULL,False
433,0.00018397495314047578,candidate,3,4,5419921873.151774,5418039947.165243,0.00014300630571117804,8.029312419867951,-2.0832382995869203,104.0625,False,refined,0.42580553074398986,NULL,3.0,111.67580553074399,110.98312626991053,108.5,2.483126269910528,NULL,0,108.5,NULL,False
433,0.00018397495314047578,candidate,4,5,3564453123.7845006,3565006382.66971,0.00013555675997118361,7.808790202882303,-2.547918453627007,68.4375,False,refined,0.4879263729193425,NULL,3.0,111.73792637291935,110.98312626991053,108.5,2.483126269910528,NULL,0,108.5,NULL,False
433,0.00018397495314047578,NULL,5,0,nan,nan,nan,nan,nan,nan,False,NULL,0.25,NULL,0.0,108.5,110.98312626991053,108.5,2.483126269910528,NULL,0,108.5,NULL,True
434,0.00018397815314047687,candidate,0,1,5419921873.151774,5418183613.1065445,0.00017127391851455207,9.896511166793802,1.269170839061653,104.0625,False,refined,0.015523324980929676,NULL,3.0,111.51552332498093,111.31413537843692,108.75,2.564135378436916,NULL,0,108.75,NULL,False
434,0.00018397815314047687,candidate,1,2,4960937498.308291,4959828992.096627,0.00014799010964720388,8.487729471627912,-1.269170839061653,95.25,False,refined,0.30616375669716656,rank_1,0.0248453518292237,111.31413537843692,111.31413537843692,108.75,2.564135378436916,NULL,0,108.75,NULL,False
434,0.00018397815314047687,candidate,2,3,4257812498.548061,4254924632.0818596,0.0001409090574681006,8.061853831414005,-1.6950464792755593,81.75,False,refined,0.39666233024262165,NULL,3.0,111.89666233024262,111.31413537843692,108.75,2.564135378436916,NULL,0,108.75,NULL,False
434,0.00018397815314047687,candidate,3,4,2998046873.9776483,3001901461.1806216,0.00013728162882396304,7.974934955996877,-1.9215762107969248,57.5625,False,refined,0.4238582697752762,NULL,3.0,111.92385826977528,111.31413537843692,108.75,2.564135378436916,NULL,0,108.75,NULL,False
434,0.00018397815314047687,candidate,4,5,5693359373.058531,5691987363.0940695,0.00013250450269979372,7.667299218541475,-2.2292119482523276,109.3125,False,refined,0.4892308639845493,NULL,3.0,111.98923086398455,111.31413537843692,108.75,2.564135378436916,NULL,0,108.75,NULL,False
434,0.00018397815314047687,NULL,5,0,nan,nan,nan,nan,nan,nan,False,NULL,0.25,NULL,0.0,108.75,111.31413537843692,108.75,2.564135378436916,NULL,0,108.75,NULL,True
435,0.00018398135314047796,candidate,0,1,5644531248.075182,5647657142.14273,0.00015390519531782037,9.152740515847988,0.23338595692209196,108.375,False,refined,0.1270889226228018,NULL,3.0,111.8770889226228,111.65520455000868,109.0,2.6552045500086763,NULL,0,109.0,NULL,False
435,0.00018398135314047796,candidate,1,2,5419921873.151774,5415134789.596128,0.00014982489518475546,8.919354558925896,-0.23338595692209196,104.0625,False,refined,0.17668343846874635,rank_1,0.0009295324797665529,111.69313629592945,111.65520455000868,109.0,2.6552045500086763,NULL,0,109.0,NULL,False
435,0.00018398135314047796,candidate,2,3,4716796873.391544,4718971608.504029,0.00014579885286160002,8.682757047814933,-0.469983468033055,90.5625,False,refined,0.226960409579826,NULL,3.0,111.97696040957983,111.65520455000868,109.0,2.6552045500086763,NULL,0,109.0,NULL,False
435,0.00018398135314047796,candidate,3,4,3037109373.964328,3032474907.5032864,0.0001427669426542815,8.170652752071117,-0.6525124232348745,58.3125,False,refined,0.3151841136415121,NULL,3.0,112.06518411364151,111.65520455000868,109.0,2.6552045500086763,NULL,0,109.0,NULL,False
435,0.00018398135314047796,candidate,4,5,4941406248.314951,4944164935.403899,0.00014197193244002863,8.181870526307664,-0.7010157329699052,94.87499999999999,False,refined,0.31653290436446946,rank_2,0.02453626720729982,111.65520455000868,111.65520455000868,109.0,2.6552045500086763,NULL,0,109.0,NULL,False
435,0.00018398135314047796,NULL,5,0,nan,nan,nan,nan,nan,nan,False,NULL,0.25,NULL,0.0,109.0,111.65520455000868,109.0,2.6552045500086763,NULL,0,109.0,NULL,True
436,0.00018398455314047905,candidate,0,1,4765624998.374894,4765011486.148811,0.00019866924393047435,10.92602650399626,0.7160621916868593,91.5,False,refined,0.0,NULL,3.0,112.0,111.9609695839349,109.25,2.7109695839348973,NULL,0,109.25,NULL,False
436,0.00018398455314047905,candidate,1,2,5624999998.081841,5627876653.187283,0.00018294794241692708,10.012552203621636,-0.7160621916868593,107.99999999999999,False,refined,0.0447538869804287,rank_1,0.03912677433165686,111.9609695839349,111.9609695839349,109.25,2.7109695839348973,NULL,0,109.25,NULL,False
436,0.00018398455314047905,candidate,2,3,4521484373.458147,4518321341.046557,0.00016297506912590673,9.22295296933176,-1.720189301660895,86.8125,False,refined,0.22406888595404206,NULL,3.0,112.22406888595404,111.9609695839349,109.25,2.7109695839348973,NULL,0,109.25,NULL,False
436,0.00018398455314047905,candidate,3,4,3886718748.674606,3884776176.9588237,0.00015571039588029327,8.743819570111961,-2.116260602817519,74.625,False,refined,0.3206933521593007,NULL,3.0,112.3206933521593,111.9609695839349,109.25,2.7109695839348973,NULL,0,109.25,NULL,False
436,0.00018398455314047905,candidate,4,5,3320312498.867754,3323079694.9987564,0.0001381408301694923,7.572442847459193,-3.1561715478493024,63.75,False,refined,0.5613942946217024,NULL,3.0,112.5613942946217,111.9609695839349,109.25,2.7109695839348973,NULL,0,109.25,NULL,False
436,0.00018398455314047905,NULL,5,0,nan,nan,nan,nan,nan,nan,False,NULL,0.25,NULL,0.0,109.25,111.9609695839349,109.25,2.7109695839348973,NULL,0,109.25,NULL,True
437,0.00018398775314048014,candidate,0,1,4785156248.368234,4782825431.445449,0.0002043823777271577,10.361653568022975,0.2713657393065727,91.875,False,refined,0.0,rank_1,0.031733664703159456,112.03173366470315,111.99110879331296,109.5,2.4911087933129608,NULL,0,109.5,NULL,False
437,0.00018398775314048014,candidate,1,2,5615234373.085172,5616396735.647765,0.00019809575099122634,10.039487917166738,-0.2713657393065727,107.8125,False,refined,0.016960358706660794,rank_2,0.013178850671411928,111.99110879331296,111.99110879331296,109.5,2.4911087933129608,NULL,0,109.5,NULL,False
437,0.00018398775314048014,candidate,2,3,3916015623.6646156,3920258665.442291,0.00017894633199925226,9.207240636896126,-1.1544129311268492,75.1875,False,refined,0.19106471266100922,NULL,3.0,112.441064712661,111.99110879331296,109.5,2.4911087933129608,NULL,0,109.5,NULL,False
437,0.00018398775314048014,candidate,3,4,4511718748.461477,4509484629.235131,0.00014999238939211311,7.603878614720898,-2.6874844755056326,86.625,False,refined,0.5273859875109673,rank_3,0.0078087475638198645,112.75926362102882,111.99110879331296,109.5,2.4911087933129608,NULL,0,109.5,NULL,False
437,0.00018398775314048014,candidate,4,5,3574218748.7811704,3576138900.5186286,0.00014227575430769845,7.097035097279303,-3.146251010129477,68.625,False,refined,0.6320854235411969,NULL,3.0,112.8820854235412,111.99110879331296,109.5,2.4911087933129608,NULL,0,109.5,NULL,False
437,0.00018398775314048014,NULL,5,0,nan,nan,nan,nan,nan,nan,False,NULL,0.25,NULL,0.0,109.5,111.99110879331296,109.5,2.4911087933129608,NULL,0,109.5,NULL,True
438,0.00018399095314048123,candidate,0,1,5576171873.098493,5572308001.571845,0.0002314473319275302,11.814716898082622,1.3660229015349046,107.0625,False,refined,0.0,rank_2,0.19438164724171986,112.18549044055469,112.18549044055469,109.75,2.4354904405546876,NULL,0,109.75,NULL,False
438,0.00018399095314048123,candidate,1,2,3925781248.6612854,3928722163.5687284,0.00019776572859937035,10.418720993471347,-1.3660229015349046,75.375,False,refined,0.08537643134593154,rank_3,0.007163080053621386,112.53360422406055,112.18549044055469,109.75,2.4354904405546876,NULL,0,109.75,NULL,False
438,0.00018399095314048123,candidate,2,3,4804687498.361573,4805331053.377001,0.00019138482773764487,10.133850432786389,-1.6508934622198623,92.25,False,refined,0.1031808413887414,rank_1,0.050650301852595135,112.18556480794449,112.18549044055469,109.75,2.4354904405546876,NULL,0,109.75,NULL,False
438,0.00018399095314048123,candidate,3,4,2070312499.294011,2071778191.752914,0.00014837392260786937,7.985813592228315,-3.861892005619243,39.75,False,refined,0.5434962115169555,NULL,3.0,113.04349621151695,112.18549044055469,109.75,2.4354904405546876,NULL,0,109.75,NULL,False
438,0.00018399095314048123,candidate,4,5,5693359373.058531,5693096497.703368,0.0001353177112693865,7.1527661966512746,-4.661950701431348,109.3125,False,refined,0.718456989341768,NULL,3.0,113.21845698934177,112.18549044055469,109.75,2.4354904405546876,NULL,0,109.75,NULL,False
438,0.00018399095314048123,NULL,5,0,nan,nan,nan,nan,nan,nan,False,NULL,0.25,NULL,0.0,109.75,112.18549044055469,109.75,2.4354904405546876,NULL,0,109.75,NULL,True
439,0.00018399415314048232,candidate,0,1,5576171873.098493,5571690699.751118,0.0002459254067953905,13.430123612258589,1.3786013821739918,107.0625,False,refined,0.0,rank_1,3.8106153787329934e-05,112.18552854670847,112.18552854670847,110.0,2.1855285467084684,NULL,0,110.0,NULL,False
439,0.00018399415314048232,candidate,1,2,3925781248.6612854,3927913251.2704563,0.00020983277751421826,12.033527058076388,-1.3786013821739918,75.375,False,refined,0.08616258638587448,rank_2,6.54339106295904e-05,112.61983224435706,112.18552854670847,110.0,2.1855285467084684,NULL,0,110.0,NULL,False
439,0.00018399415314048232,candidate,2,3,5693359373.058531,5696958376.142772,0.00016862022651569172,10.152249010828376,-3.277874601430213,109.3125,False,refined,0.2048671625893883,NULL,3.0,112.9548671625894,112.18552854670847,110.0,2.1855285467084684,NULL,0,110.0,NULL,False
439,0.00018399415314048232,candidate,3,4,4814453123.358243,4810976956.4793415,0.0001573404013316948,9.48626010954837,-3.8792628969383713,92.4375,False,refined,0.3195149146263927,rank_3,0.0031876221841020324,112.50826734475498,112.18552854670847,110.0,2.1855285467084684,NULL,0,110.0,NULL,False
439,0.00018399415314048232,candidate,4,5,4970703123.304961,4973341223.61563,0.00014481379597295892,8.744877463226075,-4.599869213810175,95.4375,False,refined,0.47576020637922467,NULL,3.0,113.22576020637922,112.18552854670847,110.0,2.1855285467084684,NULL,0,110.0,NULL,False
439,0.00018399415314048232,NULL,5,0,nan,nan,nan,nan,nan,nan,False,NULL,0.25,NULL,0.0,110.0,112.18552854670847,110.0,2.1855285467084684,NULL,0,110.0,NULL,True
440,0.00018399735314048342,candidate,0,1,3935546873.657955,3938952893.058387,0.00021844526230095472,12.083955105466968,0.27671773639174724,75.5625,False,refined,0.0,rank_2,0.012187369080582109,112.63201961343763,112.31812379578173,110.25,2.0681237957817302,NULL,0,110.25,NULL,False
440,0.00018399735314048342,candidate,1,2,5605468748.088502,5605646610.952083,0.0002115956539166793,11.813048546172027,-0.27671773639174724,107.625,False,refined,0.017294858524484202,rank_1,0.11530039054878155,112.31812379578173,112.31812379578173,110.25,2.0681237957817302,NULL,0,110.25,NULL,False
440,0.00018399735314048342,candidate,2,3,4628906248.421515,4631859037.333549,0.00017909526026227011,10.364595530339908,-1.7251707522238657,88.875,False,refined,0.10782317201399161,NULL,3.0,113.107823172014,112.31812379578173,110.25,2.0681237957817302,NULL,0,110.25,NULL,False
440,0.00018399735314048342,candidate,3,4,4960937498.308291,4958549146.892069,0.00016363953923496363,9.58067864092417,-2.5090876416396046,95.25,False,refined,0.21971618146384986,NULL,3.0,113.21971618146385,112.31812379578173,110.25,2.0681237957817302,NULL,0,110.25,NULL,False
440,0.00018399735314048342,candidate,4,5,3124999998.9343567,3127679407.5095215,0.0001181332824448323,6.739138921078309,-5.339407172795596,60.0,False,refined,0.8228421101379784,NULL,3.0,113.82284211013798,112.31812379578173,110.25,2.0681237957817302,NULL,0,110.25,NULL,False
440,0.00018399735314048342,NULL,5,0,nan,nan,nan,nan,nan,nan,False,NULL,0.25,NULL,0.0,110.25,112.31812379578173,110.25,2.0681237957817302,NULL,0,110.25,NULL,True
441,0.0001840005531404845,candidate,0,1,5664062498.0685215,5662569964.143208,0.0002619087278142325,13.299742747115992,2.4792686188152313,108.75,False,refined,0.0,rank_2,0.3240268138521551,112.64215060963389,112.64215060963389,110.5,2.1421506096338874,NULL,0,110.5,NULL,False
441,0.0001840005531404845,candidate,1,2,4902343748.328272,4903522624.888829,0.0001968731726551752,10.798338571040889,-2.4792686188152313,94.125,False,refined,0.15495428867595196,NULL,3.0,113.40495428867595,112.64215060963389,110.5,2.1421506096338874,NULL,0,110.5,NULL,False
441,0.0001840005531404845,candidate,2,3,3974609373.6446347,3969972421.276581,0.00019621963610960477,10.784933803071821,-2.508150101319293,76.3125,False,refined,0.15675938133245582,rank_1,0.09622111308793344,112.88500010785802,112.64215060963389,110.5,2.1421506096338874,NULL,0,110.5,NULL,False
441,0.0001840005531404845,candidate,3,4,4648437498.414855,4650358779.531283,0.00017338081098433936,9.662013608776183,-3.582978820413638,89.24999999999999,False,refined,0.2746341349594249,rank_3,0.03422404613826509,113.41668135311168,112.64215060963389,110.5,2.1421506096338874,NULL,0,110.5,NULL,False
441,0.0001840005531404845,candidate,4,5,4306640623.53141,4307152679.824885,0.00014938287271836187,8.184182634254489,-4.876983282543312,82.6875,False,refined,0.5771840600207837,NULL,3.0,113.82718406002078,112.64215060963389,110.5,2.1421506096338874,NULL,0,110.5,NULL,False
441,0.0001840005531404845,NULL,5,0,nan,nan,nan,nan,nan,nan,False,NULL,0.25,NULL,0.0,110.5,112.64215060963389,110.5,2.1421506096338874,NULL,0,110.5,NULL,True
442,0.0001840037531404856,candidate,0,1,5673828123.065191,5670183882.565192,0.00024376363472868493,12.023571096950638,0.9882463795362018,108.9375,False,refined,0.0,rank_1,0.005797175373663756,112.64794778500755,112.64794778500755,110.75,1.8979477850075455,NULL,0,110.75,NULL,False
442,0.0001840037531404856,candidate,1,2,4892578123.331602,4889166147.405339,0.0002175487528784056,11.035324717414436,-0.9882463795362018,93.9375,False,refined,0.06176539872101261,rank_2,0.020610844573395508,113.48733053197036,112.64794778500755,110.75,1.8979477850075455,NULL,0,110.75,NULL,False
442,0.0001840037531404856,candidate,2,3,4306640623.53141,4309369900.061975,0.0001702955660693511,8.887144636955124,-3.115311528965181,82.6875,False,refined,0.36163527501705517,NULL,3.0,113.86163527501705,112.64794778500755,110.75,1.8979477850075455,NULL,0,110.75,NULL,False
442,0.0001840037531404856,candidate,3,4,4013671873.6313143,4013408703.761529,0.00015894463283150026,8.358863467156628,-3.7144609905754766,77.0625,False,refined,0.47832429183747316,rank_3,0.1886710636112214,113.55199546330671,112.64794778500755,110.75,1.8979477850075455,NULL,0,110.75,NULL,False
442,0.0001840037531404856,candidate,4,5,4541015623.451487,4545186639.065126,0.0001517826725963368,7.887521739164329,-4.114934426755976,87.1875,False,refined,0.5740551407975991,NULL,3.0,114.0740551407976,112.64794778500755,110.75,1.8979477850075455,NULL,0,110.75,NULL,False
442,0.0001840037531404856,NULL,5,0,nan,nan,nan,nan,nan,nan,False,NULL,0.25,NULL,0.0,110.75,112.64794778500755,110.75,1.8979477850075455,NULL,0,110.75,NULL,True
443,0.0001840069531404867,candidate,0,1,4882812498.334932,4883615223.962765,0.00019563619251474444,9.512082564813253,0.019252365978079666,93.75,False,refined,0.07318761527801199,rank_2,0.003081275106532315,113.56359942235491,112.73078560912498,111.0,1.730785609124979,NULL,0,111.0,NULL,False
443,0.0001840069531404867,candidate,1,2,5664062498.0685215,5662727958.028906,0.0001952030430485089,9.492830198835174,-0.019252365978079666,108.75,False,refined,0.07727874304835392,rank_1,0.005559081069079689,112.73078560912498,112.73078560912498,111.0,1.730785609124979,NULL,0,111.0,NULL,False
443,0.0001840069531404867,candidate,2,3,4316406248.52808,4317562463.155885,0.00018283133688492203,8.924111223314535,-0.5879713414987187,82.875,False,refined,0.1981315253464897,NULL,3.0,113.94813152534648,112.73078560912498,111.0,1.730785609124979,NULL,0,111.0,NULL,False
443,0.0001840069531404867,candidate,3,4,4550781248.448156,4553564986.237835,0.00016401324242004692,8.002331868630161,-1.531405751726611,87.37499999999999,False,refined,0.395363079188389,NULL,3.0,114.14536307918839,112.73078560912498,111.0,1.730785609124979,NULL,0,111.0,NULL,False
443,0.0001840069531404867,candidate,4,5,3457031248.821132,3461727485.830196,0.00015535899655351175,7.371087882300236,-2.002255888974336,66.375,False,refined,0.5194778107158606,NULL,3.0,114.26947781071586,112.73078560912498,111.0,1.730785609124979,NULL,0,111.0,NULL,False
443,0.0001840069531404867,NULL,5,0,nan,nan,nan,nan,nan,nan,False,NULL,0.25,NULL,0.0,111.0,112.73078560912498,111.0,1.730785609124979,NULL,0,111.0,NULL,True
444,0.00018401015314048778,candidate,0,1,4589843748.434836,4594119557.943914,0.00022765778152099457,11.3908907072737,1.8099102142489265,88.125,False,refined,0.0,NULL,3.0,114.0,113.30757649812703,111.25,2.057576498127034,NULL,0,111.25,NULL,False
444,0.00018401015314048778,candidate,1,2,4316406248.52808,4318565784.203781,0.00018483618183569428,9.573084111610095,-1.8099102142489265,82.875,False,refined,0.17715677164904364,rank_3,0.00010066531251519005,114.12538896230804,113.30757649812703,111.25,2.057576498127034,NULL,0,111.25,NULL,False
444,0.00018401015314048778,candidate,2,3,5439453123.145114,5443937837.372381,0.00015002867410201747,7.801211563004049,-3.6221645654554013,104.43749999999999,False,refined,0.5562035508903552,NULL,3.0,114.55620355089036,113.30757649812703,111.25,2.057576498127034,NULL,0,111.25,NULL,False
444,0.00018401015314048778,candidate,3,4,5673828123.065191,5670298964.781266,0.00014938263252033194,7.717794092364931,-3.6596478165179036,108.9375,False,refined,0.5710588746776293,rank_2,0.005732014324428593,113.30757649812703,113.30757649812703,111.25,2.057576498127034,NULL,0,111.25,NULL,False
444,0.00018401015314048778,candidate,4,5,5263671873.205057,5265104925.011092,0.0001431835057384861,7.363100550411339,-4.027790156862361,101.0625,False,refined,0.6472718022421967,NULL,3.0,114.6472718022422,113.30757649812703,111.25,2.057576498127034,NULL,0,111.25,NULL,False
444,0.00018401015314048778,NULL,5,0,nan,nan,nan,nan,nan,nan,False,NULL,0.25,NULL,0.0,111.25,113.30757649812703,111.25,2.057576498127034,NULL,0,111.25,NULL,True
445,0.00018401335314048887,candidate,0,1,4599609373.431506,4599717470.7897005,0.00021410578593041943,11.390499844088549,2.7695258771797793,88.3125,False,refined,0.0,rank_1,0.0031336628229016975,114.0031336628229,114.0031336628229,111.5,2.503133662822904,NULL,0,111.5,NULL,False
445,0.00018401335314048887,candidate,1,2,5078124998.26833,5078487729.398765,0.00015565106975497938,8.522642430072969,-2.7695258771797793,97.5,False,refined,0.3946990028127909,NULL,3.0,114.64469900281279,114.0031336628229,111.5,2.503133662822904,NULL,0,111.5,NULL,False
445,0.00018401335314048887,candidate,2,3,5292968748.195066,5295575844.659014,0.000152070964790579,8.418857795468382,-2.9716420486201667,101.625,False,refined,0.42289895871850314,NULL,3.0,114.6728989587185,114.0031336628229,111.5,2.503133662822904,NULL,0,111.5,NULL,False
445,0.00018401335314048887,candidate,3,4,4296874998.53474,4297853615.219595,0.00014295276793554505,7.857801934311075,-3.5087166971212103,82.5,False,refined,0.5406245034234144,rank_2,0.04289939440294836,114.7089128601344,114.0031336628229,111.5,2.503133662822904,NULL,0,111.5,NULL,False
445,0.00018401335314048887,candidate,4,5,5478515623.131794,5481517188.962819,0.00014260380263225492,7.836572686356815,-3.52994594507547,105.1875,False,refined,0.5451357186136946,NULL,3.0,114.7951357186137,114.0031336628229,111.5,2.503133662822904,NULL,0,111.5,NULL,False
445,0.00018401335314048887,NULL,5,0,nan,nan,nan,nan,nan,nan,False,NULL,0.25,NULL,0.0,111.5,114.0031336628229,111.5,2.503133662822904,NULL,0,111.5,NULL,True
446,0.00018401655314048996,candidate,0,1,5058593748.27499,5061443487.010298,0.00016574791938752344,9.075206391219206,0.1268901450591997,97.125,False,refined,0.1387190413171191,NULL,3.0,114.63871904131712,114.46539066492046,111.75,2.715390664920463,NULL,0,111.75,NULL,False
446,0.00018401655314048996,candidate,1,2,5341796873.178415,5345416245.287937,0.0001633441473400587,8.919840076440826,-0.1268901450591997,102.56249999999999,False,refined,0.1699546226000761,NULL,3.0,114.66995462260007,114.46539066492046,111.75,2.715390664920463,NULL,0,111.75,NULL,False
446,0.00018401655314048996,candidate,2,3,5771484373.03189,5772492583.271933,0.00015215276314854218,8.269796503300357,-0.7433648351812749,110.8125,False,refined,0.3059908267037761,NULL,3.0,114.80599082670378,114.46539066492046,111.75,2.715390664920463,NULL,0,111.75,NULL,False
446,0.00018401655314048996,candidate,3,4,4492187498.468138,4489603914.4412775,0.00014641456651086975,7.997930402183364,-1.0772759890358419,86.25,False,refined,0.3676401889872355,NULL,3.0,114.86764018898724,114.46539066492046,111.75,2.715390664920463,NULL,0,111.75,NULL,False
446,0.00018401655314048996,candidate,4,5,4619140623.424846,4616195016.113255,0.00014115945251356812,7.680443987494705,-1.394762403724501,88.6875,False,refined,0.43510605210857556,rank_1,0.027150949988977754,114.46539066492046,114.46539066492046,111.75,2.715390664920463,NULL,0,111.75,NULL,False
446,0.00018401655314048996,NULL,5,0,nan,nan,nan,nan,nan,nan,False,NULL,0.25,NULL,0.0,111.75,114.46539066492046,111.75,2.715390664920463,NULL,0,111.75,NULL,True
447,0.00018401975314049105,candidate,0,1,4892578123.331602,4897426369.522391,0.00017680761177245495,10.062476529563495,0.2911636327179856,93.9375,False,refined,0.0,NULL,3.0,114.75,114.75,112.0,2.75,NULL,0,112.0,NULL,False
447,0.00018401975314049105,candidate,1,2,5996093747.9552965,nan,0.00017097900142404535,9.662216172311693,-0.2911636327179856,115.125,True,boundary_peak,1.5688653011981202,NULL,3.0,116.31886530119812,114.75,112.0,2.75,NULL,0,112.0,NULL,False
447,0.00018401975314049105,candidate,2,3,5048828123.278319,5051587853.55541,0.00014850066794410834,8.477307748869958,-1.5154510176106673,96.93749999999999,False,refined,0.32311952627017304,rank_1,0.009713351079709555,114.971551918667,114.75,112.0,2.75,NULL,0,112.0,NULL,False
447,0.00018401975314049105,candidate,3,4,5361328123.171756,5357570997.341192,0.00014784321689574584,8.438767681673491,-1.5539910848071337,102.9375,False,refined,0.33130929054942215,rank_2,0.014773799747610863,115.01603771289712,114.75,112.0,2.75,NULL,0,112.0,NULL,False
447,0.00018401975314049105,candidate,4,5,5771484373.03189,5774469408.148936,0.00014265011095284668,8.088802921555285,-1.8645768834743937,110.8125,False,refined,0.4032156169838569,NULL,3.0,115.15321561698386,114.75,112.0,2.75,NULL,0,112.0,NULL,False
447,0.00018401975314049105,NULL,5,0,nan,nan,nan,nan,nan,nan,False,NULL,0.25,NULL,0.0,112.0,114.75,112.0,2.75,NULL,0,112.0,NULL,True
448,0.00018402295314049215,candidate,0,1,5986328122.958627,5985619004.706097,0.00017141216417541734,9.578749407354685,0.1235490404032813,114.9375,False,refined,0.06318758889679721,NULL,3.0,115.0631875888968,114.8874386715089,112.25,2.637438671508903,NULL,0,112.25,NULL,False
448,0.00018402295314049215,candidate,1,2,4921874998.321611,4920859284.040119,0.0001689912374599319,9.501288611972134,-0.1235490404032813,94.5,False,refined,0.08252852322938498,rank_1,0.05491014827951407,114.8874386715089,114.8874386715089,112.25,2.637438671508903,NULL,0,112.25,NULL,False
448,0.00018402295314049215,candidate,2,3,5351562498.175086,5351762117.527257,0.0001562514392630257,8.820485417246644,-0.8043522351287713,102.75,False,refined,0.2271992021085516,NULL,3.0,115.22719920210855,114.8874386715089,112.25,2.637438671508903,NULL,0,112.25,NULL,False
448,0.00018402295314049215,candidate,3,4,3320312498.867754,3319685638.048237,0.00014968332462441715,8.415660164373389,-1.1773643485272345,63.75,False,refined,0.31123624712694387,NULL,3.0,115.31123624712694,114.8874386715089,112.25,2.637438671508903,NULL,0,112.25,NULL,False
448,0.00018402295314049215,candidate,4,5,2138671874.2707002,2136598448.8950813,0.00013105812921564427,7.317449440923287,-2.3315534763922052,41.0625,False,refined,0.5481046761360198,NULL,3.0,115.54810467613602,114.8874386715089,112.25,2.637438671508903,NULL,0,112.25,NULL,False
448,0.00018402295314049215,NULL,5,0,nan,nan,nan,nan,nan,nan,False,NULL,0.25,NULL,0.0,112.25,114.8874386715089,112.25,2.637438671508903,NULL,0,112.25,NULL,True
449,0.00018402615314049324,candidate,0,1,5371093748.168426,5373331340.100767,0.00015646345753774933,9.353376200730068,0.2804860269346321,103.125,False,refined,0.0969935698904898,NULL,3.0,115.34699356989049,115.08665651813628,112.5,2.58665651813628,NULL,0,112.5,NULL,False
449,0.00018402615314049324,candidate,1,2,4931640623.318281,4935943480.457439,0.0001514916241576968,8.94043885474451,-0.2804860269346321,94.6875,False,refined,0.17646454847173798,rank_2,0.02275329815562971,115.08665651813628,115.08665651813628,112.5,2.58665651813628,NULL,0,112.5,NULL,False
449,0.00018402615314049324,candidate,2,3,1718749999.413896,1714924418.8956158,0.00014983976653561515,8.872996678658316,-0.3757167076440471,33.0,False,refined,0.19253279242900556,NULL,3.0,115.442532792429,115.08665651813628,112.5,2.58665651813628,NULL,0,112.5,NULL,False
449,0.00018402615314049324,candidate,3,4,5263671873.205057,5267718715.12294,0.00014194159427134633,8.436122320658708,-0.8460648842695662,101.0625,False,refined,0.28746070716804173,NULL,3.0,115.53746070716804,115.08665651813628,112.5,2.58665651813628,NULL,0,112.5,NULL,False
449,0.00018402615314049324,candidate,4,5,5136718748.248348,5136150018.2251425,0.00013954876497736398,8.211631389867584,-0.993738515859075,98.62499999999999,False,refined,0.33036394876105457,NULL,3.0,115.58036394876106,115.08665651813628,112.5,2.58665651813628,NULL,0,112.5,NULL,False
449,0.00018402615314049324,NULL,5,0,nan,nan,nan,nan,nan,nan,False,NULL,0.25,NULL,0.0,112.5,115.08665651813628,112.5,2.58665651813628,NULL,0,112.5,NULL,True
450,0.00018402935314049433,candidate,0,1,5400390623.158435,5404389914.378071,0.00019012458255721377,10.497775792706658,0.17578969845476244,103.6875,False,refined,0.0,rank_1,0.09646350361387908,115.44345707350436,115.14223070804115,112.75,2.3922307080411542,NULL,0,112.75,NULL,False
450,0.00018402935314049433,candidate,1,2,2851562499.0276003,2852259804.8326316,0.00018631541517209795,10.37690020810838,-0.17578969845476244,54.75,False,refined,0.010986856153422653,NULL,3.0,115.51098685615342,115.14223070804115,112.75,2.3922307080411542,NULL,0,112.75,NULL,False
450,0.00018402935314049433,candidate,2,3,4941406248.314951,4941935989.87323,0.00017774793920374862,9.897059673864259,-0.5846739851947369,94.87499999999999,False,refined,0.05198317299503219,rank_2,0.003591016909833849,115.14223070804115,115.14223070804115,112.75,2.3922307080411542,NULL,0,112.75,NULL,False
450,0.00018402935314049433,candidate,3,4,5156249998.241689,5154535827.177931,0.00017350251001141523,9.671834793668292,-0.7946502305235192,99.0,False,refined,0.09889042035747608,NULL,3.0,115.59889042035748,115.14223070804115,112.75,2.3922307080411542,NULL,0,112.75,NULL,False
450,0.00018402935314049433,candidate,4,5,1708984374.4172263,1708678872.5461805,0.00013233891771144803,7.187919224648454,-3.147013898396853,32.8125,False,refined,0.6185004849525353,rank_3,0.0039006849202944975,116.06493396230184,115.14223070804115,112.75,2.3922307080411542,NULL,0,112.75,NULL,False
450,0.00018402935314049433,NULL,5,0,nan,nan,nan,nan,nan,nan,False,NULL,0.25,NULL,0.0,112.75,115.14223070804115,112.75,2.3922307080411542,NULL,0,112.75,NULL,True
451,0.00018403255314049542,candidate,0,1,5175781248.235028,5173662478.518933,0.0002372257435911935,12.322645590598835,2.247610663345858,99.375,False,refined,0.0,rank_4,0.03658287915202714,115.6354732995095,115.6354732995095,113.0,2.635473299509499,NULL,0,113.0,NULL,False
451,0.00018403255314049542,candidate,1,2,2871093749.0209403,2867549860.310979,0.00018313918764795048,10.075034927252977,-2.247610663345858,55.125,False,refined,0.14047566645911613,rank_2,0.02337857965309383,115.67484110226563,115.6354732995095,113.0,2.635473299509499,NULL,0,113.0,NULL,False
451,0.00018403255314049542,candidate,2,3,4873046873.338263,4876165375.263981,0.00017927659333245665,9.889881078457456,-2.432764512141379,93.5625,False,refined,0.1685656202402177,rank_3,0.4325773746078373,115.7433737028892,115.6354732995095,113.0,2.635473299509499,NULL,0,113.0,NULL,False
451,0.00018403255314049542,candidate,3,4,5419921873.151774,5418245099.074356,0.00015413483825493798,8.4767351063699,-3.7452201119470363,104.0625,False,refined,0.4625659910412049,rank_1,0.019196614296817693,115.92521967884238,115.6354732995095,113.0,2.635473299509499,NULL,0,113.0,NULL,False
451,0.00018403255314049542,candidate,4,5,5820312498.015239,5822127022.575076,0.00015143873733948878,8.424148856742075,-3.89849673385676,111.74999999999999,False,refined,0.4800337173547362,NULL,3.0,116.23003371735473,115.6354732995095,113.0,2.635473299509499,NULL,0,113.0,NULL,False
451,0.00018403255314049542,NULL,5,0,nan,nan,nan,nan,nan,nan,False,NULL,0.25,NULL,0.0,113.0,115.6354732995095,113.0,2.635473299509499,NULL,0,113.0,NULL,True
452,0.0001840357531404965,candidate,0,1,5175781248.235028,5172561682.180688,0.00023986809011219607,12.716122825728347,2.4142592387896045,99.375,False,refined,0.0,rank_1,0.00012117525782944631,115.63559447476733,115.63559447476733,113.25,2.3855944747673306,NULL,0,113.25,NULL,False
452,0.0001840357531404965,candidate,1,2,4863281248.341593,4860002104.025528,0.00018166008591493155,10.14767614330073,-2.4142592387896045,93.375,False,refined,0.15089120242435028,rank_3,0.02612513371277991,115.92039003902633,115.63559447476733,113.25,2.3855944747673306,NULL,0,113.25,NULL,False
452,0.0001840357531404965,candidate,2,3,5810546873.018569,5814214051.058571,0.00017848005549276163,10.055505768865691,-2.567655697651343,111.5625,False,refined,0.16047848110320895,NULL,3.0,116.16047848110321,115.63559447476733,113.25,2.3855944747673306,NULL,0,113.25,NULL,False
452,0.0001840357531404965,candidate,3,4,5009765623.29164,5013556998.002987,0.00017291946133320566,9.80961028876103,-2.8425720641823204,96.1875,False,refined,0.20621921069724047,NULL,3.0,116.20621921069724,115.63559447476733,113.25,2.3855944747673306,NULL,0,113.25,NULL,False
452,0.0001840357531404965,candidate,4,5,5937499997.975278,5938800248.877709,0.0001432069337148694,8.075663897302459,-4.480168625507206,114.00000000000001,False,refined,0.5686609544988316,NULL,3.0,116.56866095449884,115.63559447476733,113.25,2.3855944747673306,NULL,0,113.25,NULL,False
452,0.0001840357531404965,NULL,5,0,nan,nan,nan,nan,nan,nan,False,NULL,0.25,NULL,0.0,113.25,115.63559447476733,113.25,2.3855944747673306,NULL,0,113.25,NULL,True
453,0.0001840389531404976,candidate,0,1,4843749998.348252,4845619342.44003,0.00019256453605598117,9.942091562373374,0.5317854848712411,92.99999999999999,False,refined,0.008686265643993885,rank_2,0.02068638308252728,115.94976268775285,115.94976268775285,113.5,2.4497626877528518,NULL,0,113.5,NULL,False
453,0.0001840389531404976,candidate,1,2,5830078123.011909,5825348821.370445,0.00018112860127799752,9.410306077502133,-0.5317854848712411,111.93749999999999,False,refined,0.12169068117913262,rank_3,0.012398310989819928,116.29456747327217,115.94976268775285,113.5,2.4497626877528518,NULL,0,113.5,NULL,False
453,0.0001840389531404976,candidate,2,3,5029296873.28498,5031880420.329291,0.00017703360273683727,9.187006329006273,-0.7304120009453108,96.5625,False,refined,0.16759980070814096,rank_4,0.03357478057481119,116.4073937919802,115.94976268775285,113.5,2.4497626877528518,NULL,0,113.5,NULL,False
453,0.0001840389531404976,candidate,3,4,5644531248.075182,5645567571.847826,0.00017699899088662675,9.264344406716187,-0.732110345772714,108.375,False,refined,0.15610523560336653,NULL,3.0,116.40610523560336,115.94976268775285,113.5,2.4497626877528518,NULL,0,113.5,NULL,False
453,0.0001840389531404976,candidate,4,5,5937499997.975278,5940755190.2111435,0.0001710179408176446,8.941959658249994,-1.0306926947610062,114.00000000000001,False,refined,0.2231243446850638,NULL,3.0,116.47312434468506,115.94976268775285,113.5,2.4497626877528518,NULL,0,113.5,NULL,False
453,0.0001840389531404976,NULL,5,0,nan,nan,nan,nan,nan,nan,False,NULL,0.25,NULL,0.0,113.5,115.94976268775285,113.5,2.4497626877528518,NULL,0,113.5,NULL,True
454,0.0001840421531404987,candidate,0,1,5644531248.075182,5642564767.667019,0.00024412265726690322,12.060626188690389,2.370575248308633,108.375,False,refined,0.0,rank_4,0.0009016832948272681,116.40700691889819,116.18582266533303,113.75,2.435822665333035,NULL,0,113.75,NULL,False
454,0.0001840421531404987,candidate,1,2,5898437497.988598,5901885681.494429,0.00018581438238580425,9.727627051461631,-2.370575248308633,113.25,False,refined,0.18901689530004484,NULL,3.0,116.68901689530004,116.18582266533303,113.75,2.435822665333035,NULL,0,113.75,NULL,False
454,0.0001840421531404987,candidate,2,3,4833984373.351583,4836929022.581467,0.00018243726862535254,9.530735647705288,-2.5298905409851002,92.8125,False,refined,0.2285078116557755,rank_1,0.00755216592441418,116.18582266533303,116.18582266533303,113.75,2.435822665333035,NULL,0,113.75,NULL,False
454,0.0001840421531404987,candidate,3,4,4531249998.454817,4532981348.303494,0.00017618241545595261,9.206963500213883,-2.8329105746993744,87.0,False,refined,0.2960123858866285,NULL,3.0,116.79601238588663,116.18582266533303,113.75,2.435822665333035,NULL,0,113.75,NULL,False
454,0.0001840421531404987,candidate,4,5,5234374998.215047,5234725274.910399,0.000175441688836402,9.15420051985894,-2.8695057859382445,100.49999999999999,False,refined,0.3062140336422994,NULL,3.0,116.8062140336423,116.18582266533303,113.75,2.435822665333035,NULL,0,113.75,NULL,False
454,0.0001840421531404987,NULL,5,0,nan,nan,nan,nan,nan,nan,False,NULL,0.25,NULL,0.0,113.75,116.18582266533303,113.75,2.435822665333035,NULL,0,113.75,NULL,True
455,0.00018404535314049978,candidate,0,1,5624999998.081841,5620195000.976763,0.0002367149974098029,11.777564644798018,2.0587145256372796,107.99999999999999,False,refined,0.0,rank_1,0.050040646177649216,116.45704756507584,116.45704756507584,114.0,2.4570475650758397,NULL,0,114.0,NULL,False
455,0.00018404535314049978,candidate,1,2,5087890623.264999,5089560959.062131,0.00018676265872496047,9.55141552502715,-2.0587145256372796,97.6875,False,refined,0.19595732909825758,NULL,3.0,116.94595732909826,116.45704756507584,114.0,2.4570475650758397,NULL,0,114.0,NULL,False
455,0.00018404535314049978,candidate,2,3,4541015623.451487,4540598975.298895,0.00018048742544683654,9.128864643937122,-2.355576482444608,87.1875,False,refined,0.27789383356221964,NULL,3.0,117.02789383356222,116.45704756507584,114.0,2.4570475650758397,NULL,0,114.0,NULL,False
455,0.00018404535314049978,candidate,3,4,5234374998.215047,5229560802.876473,0.00017911647528453904,9.290427482204144,-2.421804793519362,100.49999999999999,False,refined,0.25779867726433847,NULL,3.0,117.00779867726433,116.45704756507584,114.0,2.4570475650758397,NULL,0,114.0,NULL,False
455,0.00018404535314049978,candidate,4,5,4892578123.331602,4895578627.870545,0.00017018056327191002,8.782189261464657,-2.8663163472607955,93.9375,False,refined,0.3618163824841012,rank_3,0.3439776200564729,116.89161666787362,116.45704756507584,114.0,2.4570475650758397,NULL,0,114.0,NULL,False
455,0.00018404535314049978,NULL,5,0,nan,nan,nan,nan,nan,nan,False,NULL,0.25,NULL,0.0,114.0,116.45704756507584,114.0,2.4570475650758397,NULL,0,114.0,NULL,True
456,0.00018404855314050087,candidate,0,1,5136718748.248348,5137199726.426427,0.00024191664394488478,12.59240396348308,1.8659289233360532,98.62499999999999,False,refined,0.0,NULL,3.0,117.0,116.88902262642816,114.25,2.639022626428158,NULL,0,114.25,NULL,False
456,0.00018404855314050087,candidate,1,2,4912109373.324942,4911776479.119274,0.00019515033575840017,10.726475040147028,-1.8659289233360532,94.3125,False,refined,0.11662055770850333,rank_5,0.026237038507594363,117.03447426408971,116.88902262642816,114.25,2.639022626428158,NULL,0,114.25,NULL,False
456,0.00018404855314050087,candidate,2,3,4541015623.451487,4540020338.740778,0.00016750404329971918,9.093232966897045,-3.1928090853578173,87.1875,False,refined,0.3355656228003069,NULL,3.0,117.3355656228003,116.88902262642816,114.25,2.639022626428158,NULL,0,114.25,NULL,False
456,0.00018404855314050087,candidate,3,4,5595703123.091832,5599660538.317166,0.00016065274446905534,8.882755694517579,-3.555551997730042,107.4375,False,refined,0.3898086456804908,rank_1,0.04216641567183606,116.88902262642816,116.88902262642816,114.25,2.639022626428158,NULL,0,114.25,NULL,False
456,0.00018404855314050087,candidate,4,5,4785156248.368234,4788725609.512878,0.00014529723841676302,8.010139912069665,-4.428167780177956,91.875,False,refined,0.5752394994506725,NULL,3.0,117.57523949945067,116.88902262642816,114.25,2.639022626428158,NULL,0,114.25,NULL,False
456,0.00018404855314050087,NULL,5,0,nan,nan,nan,nan,nan,nan,False,NULL,0.25,NULL,0.0,114.25,116.88902262642816,114.25,2.639022626428158,NULL,0,114.25,NULL,True
457,0.00018405175314050197,candidate,0,1,5156249998.241689,5151413780.984764,0.00023635524212295452,12.844216888455904,2.494497497151853,99.0,False,refined,0.0,rank_1,0.020203934698738685,117.02020393469874,117.02020393469874,114.5,2.520203934698742,NULL,0,114.5,NULL,False
457,0.00018405175314050197,candidate,1,2,4521484373.458147,4519991475.166365,0.00017735374526241647,10.232165176563308,-2.494497497151853,86.8125,False,refined,0.1559060935719908,NULL,3.0,117.40590609357199,117.02020393469874,114.5,2.520203934698742,NULL,0,114.5,NULL,False
457,0.00018405175314050197,candidate,2,3,4873046873.338263,4870447206.464227,0.0001548803421508843,9.186672192181469,-3.671378791691655,93.5625,False,refined,0.35146034565350814,rank_2,0.170810877819525,117.55674548756274,117.02020393469874,114.5,2.520203934698742,NULL,0,114.5,NULL,False
457,0.00018405175314050197,candidate,3,4,4179687498.574702,4182124656.846805,0.00014967324995145638,8.820119547239926,-3.9684210017349386,80.25,False,refined,0.4250083805224447,NULL,3.0,117.67500838052244,117.02020393469874,114.5,2.520203934698742,NULL,0,114.5,NULL,False
457,0.00018405175314050197,candidate,4,5,5576171873.098493,5576557259.577702,0.0001352047755059479,7.903636262683769,-4.851464151402762,107.0625,False,refined,0.6176710700601074,rank_4,0.05337614885134044,117.56006984533961,117.02020393469874,114.5,2.520203934698742,NULL,0,114.5,NULL,False
457,0.00018405175314050197,NULL,5,0,nan,nan,nan,nan,nan,nan,False,NULL,0.25,NULL,0.0,114.5,117.02020393469874,114.5,2.520203934698742,NULL,0,114.5,NULL,True
458,0.00018405495314050306,candidate,0,1,5185546873.231698,5184830221.71575,0.00020291266730296012,11.742703652790887,0.3710919824706771,99.5625,False,refined,0.0,rank_1,0.11166585111274761,117.13186978581149,117.13186978581149,114.75,2.381869785811489,NULL,0,114.75,NULL,False
458,0.00018405495314050306,candidate,1,2,4501953123.4648075,4504526057.62876,0.00019442609815734,11.33561747049674,-0.3710919824706771,86.4375,False,refined,0.02319324890441732,rank_2,0.023917913961243962,117.45301725643765,117.13186978581149,114.75,2.381869785811489,NULL,0,114.75,NULL,False
458,0.00018405495314050306,candidate,2,3,4199218748.568042,4196950438.5221844,0.00017405022908974945,10.410012443026204,-1.3326912097646826,80.625,False,refined,0.08329320061029266,NULL,3.0,117.5832932006103,117.13186978581149,114.75,2.381869785811489,NULL,0,114.75,NULL,False
458,0.00018405495314050306,candidate,3,4,5576171873.098493,5574965899.48688,0.00015488609654345592,9.360774953523956,-2.3459344994434606,107.0625,False,refined,0.2425046631866229,NULL,3.0,117.74250466318662,117.13186978581149,114.75,2.381869785811489,NULL,0,114.75,NULL,False
458,0.00018405495314050306,candidate,4,5,5810546873.018569,5814080892.503492,0.00014433400825490618,8.650976003795812,-2.958809745850921,111.5625,False,refined,0.3872792085463108,NULL,3.0,117.88727920854632,117.13186978581149,114.75,2.381869785811489,NULL,0,114.75,NULL,False
458,0.00018405495314050306,NULL,5,0,nan,nan,nan,nan,nan,nan,False,NULL,0.25,NULL,0.0,114.75,117.13186978581149,114.75,2.381869785811489,NULL,0,114.75,NULL,True
459,0.00018405815314050415,candidate,0,1,4492187498.468138,4494389061.153291,0.0002072692927209766,11.382607598314234,1.0435585144580095,86.25,False,refined,0.0,rank_2,0.010275869754368288,117.46329312619201,117.21541233679024,115.0,2.215412336790237,NULL,0,115.0,NULL,False
459,0.00018405815314050415,candidate,1,2,5195312498.228368,5198365414.298466,0.00018380488086140352,10.339049083856224,-1.0435585144580095,99.75,False,refined,0.0652224071536256,rank_1,0.01832014382512099,117.21541233679024,117.21541233679024,115.0,2.215412336790237,NULL,0,115.0,NULL,False
459,0.00018405815314050415,candidate,2,3,5585937498.095162,5586131830.196287,0.00018322684689431621,10.274977420797153,-1.0709171486927893,107.25,False,refined,0.06693232179329933,NULL,3.0,117.8169323217933,117.21541233679024,115.0,2.215412336790237,NULL,0,115.0,NULL,False
459,0.00018405815314050415,candidate,3,4,4697265623.398205,4694882498.844051,0.00016082369894755846,9.142196194311367,-2.2036983751785755,90.1875,False,refined,0.2664017193019559,NULL,3.0,118.01640171930195,117.21541233679024,115.0,2.215412336790237,NULL,0,115.0,NULL,False
459,0.00018405815314050415,candidate,4,5,5830078123.011909,5831447417.772407,0.0001551637003209652,8.830997821657958,-2.514896747831985,111.93749999999999,False,refined,0.3325313734908054,NULL,3.0,118.08253137349081,117.21541233679024,115.0,2.215412336790237,NULL,0,115.0,NULL,False
459,0.00018405815314050415,NULL,5,0,nan,nan,nan,nan,nan,nan,False,NULL,0.25,NULL,0.0,115.0,117.21541233679024,115.0,2.215412336790237,NULL,0,115.0,NULL,True
460,0.00018406135314050524,candidate,0,1,4511718748.461477,4511197178.405427,0.00017778728758928984,9.943053561449071,0.3804456462935235,86.625,False,refined,0.008541965782639327,rank_1,0.02825128055615596,117.50008637253082,117.50008637253082,115.25,2.2500863725308164,NULL,0,115.25,NULL,False
460,0.00018406135314050524,candidate,1,2,5595703123.091832,5596645382.37143,0.00017016820660056305,9.483324188350677,-0.3804456462935235,107.4375,False,refined,0.10127922464074368,rank_3,0.011053477933945918,117.929265024368,117.50008637253082,115.25,2.2500863725308164,NULL,0,115.25,NULL,False
460,0.00018406135314050524,candidate,2,3,5048828123.278319,5045924021.8888445,0.00016663262240930316,9.319043464409624,-0.5628135003828927,96.93749999999999,False,refined,0.13731932411248715,NULL,3.0,118.13731932411248,117.50008637253082,115.25,2.2500863725308164,NULL,0,115.25,NULL,False
460,0.00018406135314050524,candidate,3,4,4648437498.414855,4649393324.905561,0.00014147730360302715,7.9587749591691725,-1.9842786022798986,89.24999999999999,False,refined,0.4302011687671178,NULL,3.0,118.43020116876711,117.50008637253082,115.25,2.2500863725308164,NULL,0,115.25,NULL,False
460,0.00018406135314050524,candidate,4,5,5205078123.225038,5208673095.628662,0.00013872867699916418,7.636058469792211,-2.154689191501662,99.9375,False,refined,0.48925930400002227,rank_2,0.010624829440487902,117.71529647023075,117.50008637253082,115.25,2.2500863725308164,NULL,0,115.25,NULL,False
460,0.00018406135314050524,NULL,5,0,nan,nan,nan,nan,nan,nan,False,NULL,0.25,NULL,0.0,115.25,117.50008637253082,115.25,2.2500863725308164,NULL,0,115.25,NULL,True
461,0.00018406455314050633,candidate,0,1,5039062498.28165,5039479201.468565,0.00017848103845086063,10.095532973986572,1.4801002652350714,96.74999999999999,False,refined,0.0,rank_3,0.004153571024965166,118.14147289513745,118.0686219798136,115.5,2.5686219798135994,NULL,0,115.5,NULL,False
461,0.00018406455314050633,candidate,1,2,4570312498.441497,4565892364.9585085,0.00015051752582413778,8.820846683346995,-1.4801002652350714,87.75,False,refined,0.2693792640751428,rank_1,0.29915634320763884,118.0686219798136,118.0686219798136,115.5,2.5686219798135994,NULL,0,115.5,NULL,False
461,0.00018406455314050633,candidate,2,3,5937499997.975278,5937479959.730307,0.0001457433312198189,8.412475143544826,-1.7600678452052154,114.00000000000001,False,refined,0.348132968793602,NULL,3.0,118.5981329687936,118.0686219798136,115.5,2.5686219798135994,NULL,0,115.5,NULL,False
461,0.00018406455314050633,candidate,3,4,3808593748.701247,3811114338.245978,0.00014334853377457278,8.15250417099211,-1.903976579119,73.125,False,refined,0.39612291054612103,NULL,3.0,118.64612291054613,118.0686219798136,115.5,2.5686219798135994,NULL,0,115.5,NULL,False
461,0.00018406455314050633,candidate,4,5,5605468748.088502,5607085515.346505,0.000137944021855249,7.818696747586715,-2.2377840025243945,107.625,False,refined,0.46705698801976736,rank_2,0.010899637653724354,118.40722165004148,118.0686219798136,115.5,2.5686219798135994,NULL,0,115.5,NULL,False
461,0.00018406455314050633,NULL,5,0,nan,nan,nan,nan,nan,nan,False,NULL,0.25,NULL,0.0,115.5,118.0686219798136,115.5,2.5686219798135994,NULL,0,115.5,NULL,True
462,0.00018406775314050742,candidate,0,1,4990234373.298301,4988186258.675455,0.00016492109859782186,8.74871423819286,0.480570007341532,95.8125,False,refined,0.1876928642710709,rank_1,0.26309659803772445,118.59226235744624,118.3964200818787,115.75,2.646420081878702,NULL,0,115.75,NULL,False
462,0.00018406775314050742,candidate,1,2,4218749998.5613813,4221160386.6184893,0.00015604423152266442,8.199054417306213,-0.480570007341532,81.0,False,refined,0.3001774628629138,NULL,3.0,118.80017746286292,118.3964200818787,115.75,2.646420081878702,NULL,0,115.75,NULL,False
462,0.00018406775314050742,candidate,2,3,4570312498.441497,4569551771.830276,0.00015393464886838846,8.073105439862402,-0.5987966748663531,87.75,False,refined,0.3264589761997867,rank_2,0.001339125865313586,118.3964200818787,118.3964200818787,115.75,2.646420081878702,NULL,0,115.75,NULL,False
462,0.00018406775314050742,candidate,3,4,3398437498.8411126,3400030234.3946157,0.00015082242368251648,7.879715076978302,-0.7762060721012976,65.25,False,refined,0.3665556179595858,NULL,3.0,118.86655561795959,118.3964200818787,115.75,2.646420081878702,NULL,0,115.75,NULL,False
462,0.00018406775314050742,candidate,4,5,3808593748.701247,3812495646.213299,0.00014263482789214375,7.418611690489563,-1.2610127341581823,73.125,False,refined,0.466021542311452,NULL,3.0,118.96602154231145,118.3964200818787,115.75,2.646420081878702,NULL,0,115.75,NULL,False
462,0.00018406775314050742,NULL,5,0,nan,nan,nan,nan,nan,nan,False,NULL,0.25,NULL,0.0,115.75,118.3964200818787,115.75,2.646420081878702,NULL,0,115.75,NULL,True
463,0.0001840709531405085,candidate,0,1,4960937498.308291,4965675045.564468,0.00021317418995942832,11.903987953056623,2.2104146336167663,95.25,False,refined,0.0,rank_1,0.050675471572826,118.64293782901908,118.64293782901908,116.0,2.6429378290190755,NULL,0,116.0,NULL,False
463,0.0001840709531405085,candidate,1,2,4257812498.548061,4254853532.8963866,0.0001652775588537596,9.747113780623469,-2.2104146336167663,81.75,False,refined,0.1760838475075276,NULL,3.0,118.92608384750753,118.64293782901908,116.0,2.6429378290190755,NULL,0,116.0,NULL,False
463,0.0001840709531405085,candidate,2,3,3398437498.8411126,3397058574.6377544,0.00016350948257680062,9.620969756417708,-2.303833543223801,65.25,False,refined,0.20084413298883141,NULL,3.0,118.95084413298883,118.64293782901908,116.0,2.6429378290190755,NULL,0,116.0,NULL,False
463,0.0001840709531405085,candidate,3,4,4570312498.441497,4567055921.495117,0.00014550687138507166,8.552034432286542,-3.3170223709582736,87.75,False,refined,0.42450873334191086,rank_3,0.0006229268895510038,118.82155174211016,118.64293782901908,116.0,2.6429378290190755,NULL,0,116.0,NULL,False
463,0.0001840709531405085,candidate,4,5,1835937499.3739345,1831890330.3699977,0.00011758509206949192,6.527932998603969,-5.167647156524184,35.25,False,refined,0.8437879974921662,NULL,3.0,119.59378799749217,118.64293782901908,116.0,2.6429378290190755,NULL,0,116.0,NULL,False
463,0.0001840709531405085,NULL,5,0,nan,nan,nan,nan,nan,nan,False,NULL,0.25,NULL,0.0,116.0,118.64293782901908,116.0,2.6429378290190755,NULL,0,116.0,NULL,True
464,0.0001840741531405096,candidate,0,1,4960937498.308291,4956724020.542937,0.00019958903463917655,10.671986327461997,2.1020353948426784,95.25,False,refined,0.0,rank_1,0.008012084893607592,118.65094991391268,118.65094991391268,116.25,2.400949913912683,NULL,0,116.25,NULL,False
464,0.0001840741531405096,candidate,1,2,4570312498.441497,4570613448.642709,0.00015668770079778815,8.522453340101306,-2.1020353948426784,87.75,False,refined,0.3530092111624715,rank_4,0.0012655999405851162,119.17582655321321,118.65094991391268,116.25,2.400949913912683,NULL,0,116.25,NULL,False
464,0.0001840741531405096,candidate,2,3,4267578123.5447307,4269631962.9860015,0.0001368494515679526,7.346616408732549,-3.277872326211435,81.9375,False,refined,0.6028745590783323,rank_2,0.021840199591363414,119.55079860617722,118.65094991391268,116.25,2.400949913912683,NULL,0,116.25,NULL,False
464,0.0001840741531405096,candidate,3,4,3447265623.824462,3443501649.7097178,0.00012147761746519592,6.307130976702311,-4.312808241352055,66.1875,False,refined,0.8234808685791568,NULL,3.0,119.82348086857915,118.65094991391268,116.25,2.400949913912683,NULL,0,116.25,NULL,False
464,0.0001840741531405096,candidate,4,5,5996093747.9552965,nan,0.00011468333207954964,5.76844862873072,-4.812727497705911,115.125,True,boundary_peak,2.435528174297011,NULL,3.0,121.435528174297,118.65094991391268,116.25,2.400949913912683,NULL,0,116.25,NULL,False
464,0.0001840741531405096,NULL,5,0,nan,nan,nan,nan,nan,nan,False,NULL,0.25,NULL,0.0,116.25,118.65094991391268,116.25,2.400949913912683,NULL,0,116.25,NULL,True
465,0.0001840773531405107,candidate,0,1,5068359373.27166,5063506774.724134,0.00015815293587298076,9.652053362934847,0.16665716392603613,97.3125,False,refined,0.05219199555977294,NULL,3.0,119.30219199555977,119.26724006681536,116.5,2.7672400668153614,NULL,0,116.5,NULL,False
465,0.0001840773531405107,candidate,1,2,5644531248.075182,5646893746.626915,0.00015514736363149043,9.472036040332448,-0.16665716392603613,108.375,False,refined,0.0896106666955101,NULL,3.0,119.3396106666955,119.26724006681536,116.5,2.7672400668153614,NULL,0,116.5,NULL,False
465,0.0001840773531405107,candidate,2,3,4882812498.334932,4886092298.817985,0.00015266263474267685,9.345163264300513,-0.3068900986343337,93.75,False,refined,0.11740614151956885,rank_1,0.49888401138311556,119.26724006681536,119.26724006681536,116.5,2.7672400668153614,NULL,0,116.5,NULL,False
465,0.0001840773531405107,candidate,3,4,4541015623.451487,4545733587.532349,0.0001377326776508733,8.451248008936423,-1.2008053539984243,87.1875,False,refined,0.3073631332844381,rank_2,0.06190074888708112,119.54509043538474,119.26724006681536,116.5,2.7672400668153614,NULL,0,116.5,NULL,False
465,0.0001840773531405107,candidate,4,5,3916015623.6646156,3912867833.4526787,0.00012877855921390881,7.804959227781909,-1.784673929944196,75.1875,False,refined,0.4407982364542259,NULL,3.0,119.69079823645423,119.26724006681536,116.5,2.7672400668153614,NULL,0,116.5,NULL,False
465,0.0001840773531405107,NULL,5,0,nan,nan,nan,nan,nan,nan,False,NULL,0.25,NULL,0.0,116.5,119.26724006681536,116.5,2.7672400668153614,NULL,0,116.5,NULL,True
466,0.0001840805531405118,candidate,0,1,5644531248.075182,5641442936.983367,0.00018747257489168325,12.267894208705208,1.343188933666184,108.375,False,refined,0.0,rank_2,0.0029711325770196,119.34258179927252,119.34258179927252,116.75,2.592581799272523,NULL,0,116.75,NULL,False
466,0.0001840805531405118,candidate,1,2,4863281248.341593,4860890297.912376,0.00016061211373891754,10.912020724539477,-1.343188933666184,93.375,False,refined,0.0839493083541365,rank_3,0.06351408496462756,119.41470346013412,119.34258179927252,116.75,2.592581799272523,NULL,0,116.75,NULL,False
466,0.0001840805531405118,candidate,2,3,4511718748.461477,4508930236.809396,0.00015673024040900287,10.674445264846124,-1.5556988920210557,86.625,False,refined,0.09723118075131598,NULL,3.0,119.59723118075132,119.34258179927252,116.75,2.592581799272523,NULL,0,116.75,NULL,False
466,0.0001840805531405118,candidate,3,4,3896484373.6712756,3893222254.4879446,0.00013688382510664083,9.617847021811219,-2.731712233069441,74.8125,False,refined,0.22805496129515723,NULL,3.0,119.72805496129516,119.34258179927252,116.75,2.592581799272523,NULL,0,116.75,NULL,False
466,0.0001840805531405118,candidate,4,5,5185546873.231698,5182245679.829419,0.00013622057605759927,9.493993571906492,-2.7739006367987162,99.5625,False,refined,0.24926975401394602,NULL,3.0,119.74926975401395,119.34258179927252,116.75,2.592581799272523,NULL,0,116.75,NULL,False
466,0.0001840805531405118,NULL,5,0,nan,nan,nan,nan,nan,nan,False,NULL,0.25,NULL,0.0,116.75,119.34258179927252,116.75,2.592581799272523,NULL,0,116.75,NULL,True
467,0.00018408375314051288,candidate,0,1,5615234373.085172,5620052513.262198,0.0001681138209695456,11.54411813270908,0.7779254749024744,107.8125,False,refined,0.0,rank_1,0.04575502269711289,119.38833682196963,119.38833682196963,117.0,2.388336821969631,NULL,0,117.0,NULL,False
467,0.00018408375314051288,candidate,1,2,4501953123.4648075,4504413983.385883,0.00015371177773338004,10.722119384095059,-0.7779254749024744,86.4375,False,refined,0.04862034218140465,rank_3,0.0020396544985388006,119.64789117743126,119.38833682196963,117.0,2.388336821969631,NULL,0,117.0,NULL,False
467,0.00018408375314051288,candidate,2,3,4873046873.338263,4869662493.226223,0.00013541078845611876,9.54435618113255,-1.8790030450516326,93.5625,False,refined,0.18578426314584462,rank_2,0.007695141062427204,119.6081828643424,119.38833682196963,117.0,2.388336821969631,NULL,0,117.0,NULL,False
467,0.00018408375314051288,candidate,3,4,2734374999.067562,2736041609.049306,0.00012959776371892012,9.133077747280325,-2.2601182301457357,52.5,False,refined,0.27129572729205975,NULL,3.0,120.02129572729206,119.38833682196963,117.0,2.388336821969631,NULL,0,117.0,NULL,False
467,0.00018408375314051288,candidate,4,5,5214843748.221707,5214686891.228021,0.00012617377253152498,8.981537275573368,-2.4926866135534187,100.125,False,refined,0.30856232201108347,NULL,3.0,120.05856232201108,119.38833682196963,117.0,2.388336821969631,NULL,0,117.0,NULL,False
467,0.00018408375314051288,NULL,5,0,nan,nan,nan,nan,nan,nan,False,NULL,0.25,NULL,0.0,117.0,119.38833682196963,117.0,2.388336821969631,NULL,0,117.0,NULL,True
468,0.00018408695314051397,candidate,0,1,5585937498.095162,5584583640.367607,0.00015359747486078215,10.448933302381125,0.7342072129645771,107.25,False,refined,0.0,rank_1,0.12580409444126756,119.5141409164109,119.5141409164109,117.25,2.264140916410895,NULL,0,117.25,NULL,False
468,0.00018408695314051397,candidate,1,2,4873046873.338263,4877274275.110997,0.00014114767061843402,9.633549659724103,-0.7342072129645771,93.5625,False,refined,0.10085550185167058,rank_3,0.005793922346137678,119.71483228854021,119.5141409164109,117.25,2.264140916410895,NULL,0,117.25,NULL,False
468,0.00018408695314051397,candidate,2,3,4511718748.461477,4513371805.538231,0.00013081816814358705,9.113743605633644,-1.3943202516226272,86.625,False,refined,0.2200834748813676,rank_2,0.008024257771308876,119.87599891008394,119.5141409164109,117.25,2.264140916410895,NULL,0,117.25,NULL,False
468,0.00018408695314051397,candidate,3,4,5283203123.198397,5286606652.966254,0.00012868225532833494,9.051604248258318,-1.5373082414972572,101.4375,False,refined,0.23834112785483086,NULL,3.0,120.23834112785482,119.5141409164109,117.25,2.264140916410895,NULL,0,117.25,NULL,False
468,0.00018408695314051397,candidate,4,5,3193359373.9110456,3188571557.7267876,0.00012227741732719004,8.458038537280697,-1.980756374556183,61.3125,False,refined,0.35509149281765695,NULL,3.0,120.35509149281766,119.5141409164109,117.25,2.264140916410895,NULL,0,117.25,NULL,False
468,0.00018408695314051397,NULL,5,0,nan,nan,nan,nan,nan,nan,False,NULL,0.25,NULL,0.0,117.25,119.5141409164109,117.25,2.264140916410895,NULL,0,117.25,NULL,True
469,0.00018409015314051506,candidate,0,1,5576171873.098493,5573714396.467782,0.00016127441156926642,9.926433754114932,0.13962044567017884,107.0625,False,refined,0.011034936882760249,rank_1,0.011814046295388505,119.53698989958905,119.53698989958905,117.5,2.036989899589045,NULL,0,117.5,NULL,False
469,0.00018409015314051506,candidate,1,2,4882812498.334932,4880803010.258442,0.00015870274686974843,9.882344448253981,-0.13962044567017884,93.75,False,refined,0.026374610616288985,rank_2,0.0012451971740811744,119.74245209633058,119.53698989958905,117.5,2.036989899589045,NULL,0,117.5,NULL,False
469,0.00018409015314051506,candidate,2,3,4101562498.601343,4099800925.5417585,0.00014579015232805907,9.160486625392625,-0.8767455251898326,78.75,False,refined,0.18072360151547073,NULL,3.0,120.43072360151547,119.53698989958905,117.5,2.036989899589045,NULL,0,117.5,NULL,False
469,0.00018409015314051506,candidate,3,4,2822265624.037591,2826298753.4681706,0.0001371134640465255,8.640907123997374,-1.4097072591436,54.1875,False,refined,0.2919706350968688,NULL,3.0,120.54197063509687,119.53698989958905,117.5,2.036989899589045,NULL,0,117.5,NULL,False
469,0.00018409015314051506,candidate,4,5,5332031248.181746,5335208317.884175,0.00013129534803172705,8.264291838017579,-1.7863225451233955,102.37499999999999,False,refined,0.3720013833675754,NULL,3.0,120.62200138336758,119.53698989958905,117.5,2.036989899589045,NULL,0,117.5,NULL,False
469,0.00018409015314051506,NULL,5,0,nan,nan,nan,nan,nan,nan,False,NULL,0.25,NULL,0.0,117.5,119.53698989958905,117.5,2.036989899589045,NULL,0,117.5,NULL,True
470,0.00018409335314051615,candidate,0,1,5566406248.101823,5571138379.594708,0.00019355615404419518,10.393157342462978,0.5073846825920558,106.875,False,refined,0.0,rank_1,0.0006635862930359773,119.53765348588207,119.53765348588207,117.75,1.7876534858820747,NULL,0,117.75,NULL,False
470,0.00018409335314051615,candidate,1,2,2841796874.0309305,2843803644.22287,0.00018257350367886243,9.953730852723632,-0.5073846825920558,54.5625,False,refined,0.03865191475345864,NULL,3.0,120.53865191475346,119.53765348588207,117.75,1.7876534858820747,NULL,0,117.75,NULL,False
470,0.00018409335314051615,candidate,2,3,4882812498.334932,4887123572.304746,0.000179633973606338,9.613096688475142,-0.6483701451680446,93.75,False,refined,0.09855863080173144,rank_2,0.003994950458117543,119.84500567759044,119.53765348588207,117.75,1.7876534858820747,NULL,0,117.75,NULL,False
470,0.00018409335314051615,candidate,3,4,3740234373.724558,3741468200.2011814,0.00017897853115126725,9.968292461539194,-0.6801208905698264,71.8125,False,refined,0.047263686429735,NULL,3.0,120.54726368642973,119.53765348588207,117.75,1.7876534858820747,NULL,0,117.75,NULL,False
470,0.00018409335314051615,candidate,4,5,3037109373.964328,3035306581.214994,0.0001573597506421671,8.662849027541357,-1.798266507774331,58.3125,False,refined,0.3129643026046921,NULL,3.0,120.8129643026047,119.53765348588207,117.75,1.7876534858820747,NULL,0,117.75,NULL,False
470,0.00018409335314051615,NULL,5,0,nan,nan,nan,nan,nan,nan,False,NULL,0.25,NULL,0.0,117.75,119.53765348588207,117.75,1.7876534858820747,NULL,0,117.75,NULL,True
471,0.00018409655314051724,candidate,0,1,5585937498.095162,5582386339.408108,0.0001950023623331249,8.971756516547762,0.8378725577492663,107.25,False,refined,0.1542365225178357,rank_1,0.012651659996384595,119.70454166839629,119.70454166839629,118.0,1.7045416683962884,NULL,0,118.0,NULL,False
471,0.00018409655314051724,candidate,1,2,4882812498.334932,4883970267.633209,0.00017707051267788318,8.031854184347456,-0.8378725577492663,93.75,False,refined,0.3475889072072108,rank_3,0.0009943330351533572,120.1935889178328,119.70454166839629,118.0,1.7045416683962884,NULL,0,118.0,NULL,False
471,0.00018409655314051724,candidate,2,3,3037109373.964328,3032975960.6060886,0.00017426483769238243,7.909203561388498,-0.9766021294605043,58.3125,False,refined,0.3746570988830068,NULL,3.0,121.124657098883,119.70454166839629,118.0,1.7045416683962884,NULL,0,118.0,NULL,False
471,0.00018409655314051724,candidate,3,4,2861328124.02427,2856477616.539284,0.00016643058982863322,7.554397176719947,-1.3761344056697666,54.93749999999999,False,refined,0.4528488238463684,rank_2,0.016062957427723748,121.00756369602755,119.70454166839629,118.0,1.7045416683962884,NULL,0,118.0,NULL,False
471,0.00018409655314051724,candidate,4,5,5078124998.26833,5082944868.811305,0.0001626150572805836,7.308223367885862,-1.5775823229631403,97.5,False,refined,0.502365390002317,NULL,3.0,121.25236539000231,119.70454166839629,118.0,1.7045416683962884,NULL,0,118.0,NULL,False
471,0.00018409655314051724,NULL,5,0,nan,nan,nan,nan,nan,nan,False,NULL,0.25,NULL,0.0,118.0,119.70454166839629,118.0,1.7045416683962884,NULL,0,118.0,NULL,True
472,0.00018409975314051833,candidate,0,1,5439453123.145114,5436176172.361762,0.0001941614655196874,8.951483572842669,0.6872167114826588,104.43749999999999,False,refined,0.15727746407359966,NULL,3.0,121.1572774640736,120.00716867344714,118.25,1.75716867344714,NULL,0,118.25,NULL,False
472,0.00018409975314051833,candidate,1,2,5585937498.095162,5582848305.371926,0.0001793916423055813,8.26896920447993,-0.6872167114826588,107.25,False,refined,0.30260566379567666,rank_1,2.1341255172680194e-05,120.00716867344714,120.00716867344714,118.25,1.75716867344714,NULL,0,118.25,NULL,False
472,0.00018409975314051833,candidate,2,3,5097656248.261669,5092865918.153853,0.0001602979902743006,7.2802436655927405,-1.6646992783402315,97.875,False,refined,0.5120071550573534,NULL,3.0,121.51200715505735,120.00716867344714,118.25,1.75716867344714,NULL,0,118.25,NULL,False
472,0.00018409975314051833,candidate,3,4,3027343748.967658,3025170344.2247066,0.00014662774103957118,6.493503310840172,-2.4389379504655295,58.125,False,refined,0.6784081252780698,NULL,3.0,121.67840812527807,120.00716867344714,118.25,1.75716867344714,NULL,0,118.25,NULL,False
472,0.00018409975314051833,candidate,4,5,4482421873.471468,4485743796.770262,0.0001445990814117221,6.443122997141009,-2.5599501464522323,86.0625,False,refined,0.6935284345821132,NULL,3.0,121.69352843458212,120.00716867344714,118.25,1.75716867344714,NULL,0,118.25,NULL,False
472,0.00018409975314051833,NULL,5,0,nan,nan,nan,nan,nan,nan,False,NULL,0.25,NULL,0.0,118.25,120.00716867344714,118.25,1.75716867344714,NULL,0,118.25,NULL,True
473,0.00018410295314051943,candidate,0,1,5429687498.148444,5425788995.131942,0.0002076555288282909,11.501564119083376,0.9337214966536855,104.24999999999999,False,refined,0.0,rank_1,0.010789345080369632,121.16806680915397,120.07383342672586,118.5,1.5738334267258551,NULL,0,118.5,NULL,False
473,0.00018410295314051943,candidate,1,2,4501953123.4648075,4503448286.531465,0.00018649080510273818,10.49474884841425,-0.9337214966536855,86.4375,False,refined,0.058357593540855346,NULL,3.0,121.30835759354086,120.07383342672586,118.5,1.5738334267258551,NULL,0,118.5,NULL,False
473,0.00018410295314051943,candidate,2,3,5576171873.098493,5574825268.207795,0.00018584942685082292,10.436242276409482,-0.9636454519202164,107.0625,False,refined,0.06022784074501353,rank_2,0.006436912533702985,120.07383342672586,120.07383342672586,118.5,1.5738334267258551,NULL,0,118.5,NULL,False
473,0.00018410295314051943,candidate,3,4,3291015623.877744,3291297011.644443,0.0001619536834648251,9.34251074580339,-2.1590533732799866,63.1875,False,refined,0.23356422395949072,NULL,3.0,121.48356422395949,120.07383342672586,118.5,1.5738334267258551,NULL,0,118.5,NULL,False
473,0.00018410295314051943,candidate,4,5,4794921873.364903,4793444763.947559,0.00013748284677245486,7.784961697546482,-3.5818996492796984,92.0625,False,refined,0.5561244734480089,NULL,3.0,121.80612447344801,120.07383342672586,118.5,1.5738334267258551,NULL,0,118.5,NULL,False
473,0.00018410295314051943,NULL,5,0,nan,nan,nan,nan,nan,nan,False,NULL,0.25,NULL,0.0,118.5,120.07383342672586,118.5,1.5738334267258551,NULL,0,118.5,NULL,True
474,0.00018410615314052052,candidate,0,1,5556640623.105153,5552457149.932148,0.0002130757697309301,12.20718374228806,0.4714499032123509,106.6875,False,refined,0.0,rank_3,0.050033271519334066,120.1238666982452,120.1238666982452,118.75,1.3738666982451946,NULL,0,118.75,NULL,False
474,0.00018410615314052052,candidate,1,2,5400390623.158435,5398840552.830481,0.00020181877735638186,11.693842408025494,-0.4714499032123509,103.6875,False,refined,0.029465618950771932,rank_1,0.07262185424751844,121.27015428235225,120.1238666982452,118.75,1.3738666982451946,NULL,0,118.75,NULL,False
474,0.00018410615314052052,candidate,2,3,4482421873.471468,4482154879.715123,0.00017396404501761605,10.445692369179493,-1.7614913731085657,86.0625,False,refined,0.11009321081928536,rank_2,0.04534091738462144,121.46379172174477,120.1238666982452,118.75,1.3738666982451946,NULL,0,118.75,NULL,False
474,0.00018410615314052052,candidate,3,4,3310546873.871084,3311762397.08069,0.00014321530643394704,8.681445335431901,-3.4508925883287933,63.56250000000001,False,refined,0.41346398645576443,NULL,3.0,121.91346398645577,120.1238666982452,118.75,1.3738666982451946,NULL,0,118.75,NULL,False
474,0.00018410615314052052,candidate,4,5,4931640623.318281,4931558044.422803,0.000127393502935624,7.720288252849814,-4.467735728708062,94.6875,False,refined,0.6211902451167818,NULL,3.0,122.12119024511678,120.1238666982452,118.75,1.3738666982451946,NULL,0,118.75,NULL,False
474,0.00018410615314052052,NULL,5,0,nan,nan,nan,nan,nan,nan,False,NULL,0.25,NULL,0.0,118.75,120.1238666982452,118.75,1.3738666982451946,NULL,0,118.75,NULL,True
475,0.0001841093531405216,candidate,0,1,5390624998.161765,5391718357.191531,0.0002036060065575834,12.412985888994168,1.1543779704411072,103.5,False,refined,0.0,rank_2,0.005072567071946977,121.2752268494242,120.31669526033403,119.0,1.3166952603340292,NULL,0,119.0,NULL,False
475,0.0001841093531405216,candidate,1,2,4433593748.488118,4432599475.373405,0.0001782673002483661,11.25860791855306,-1.1543779704411072,85.125,False,refined,0.0721486231525692,rank_3,0.24557380994711353,121.78151415484446,120.31669526033403,119.0,1.3166952603340292,NULL,0,119.0,NULL,False
475,0.0001841093531405216,candidate,2,3,5517578123.118473,5520688196.178721,0.00017189729794474064,10.942555171712574,-1.4704307172815945,105.9375,False,refined,0.09190191983009965,rank_1,0.10092664225873552,120.31669526033403,120.31669526033403,119.0,1.3166952603340292,NULL,0,119.0,NULL,False
475,0.0001841093531405216,candidate,3,4,4912109373.324942,4909228045.0919695,0.00015386833491842645,9.952756524221202,-2.4328266363914164,94.3125,False,refined,0.15913818614128317,NULL,3.0,121.90913818614128,120.31669526033403,119.0,1.3166952603340292,NULL,0,119.0,NULL,False
475,0.0001841093531405216,candidate,4,5,4208984373.5647116,4204655839.8556485,0.00013623164616698976,8.793566558680643,-3.490251628761536,80.8125,False,refined,0.3991057429954995,NULL,3.0,122.1491057429955,120.31669526033403,119.0,1.3166952603340292,NULL,0,119.0,NULL,False
475,0.0001841093531405216,NULL,5,0,nan,nan,nan,nan,nan,nan,False,NULL,0.25,NULL,0.0,119.0,120.31669526033403,119.0,1.3166952603340292,NULL,0,119.0,NULL,True
476,0.0001841125531405227,candidate,0,1,4199218748.568042,4201389789.0562606,0.00019508871704818905,10.920485831345017,0.2740732820866487,80.625,False,refined,0.0,NULL,3.0,122.0,120.83740204729669,119.25,1.5874020472966919,NULL,0,119.25,NULL,False
476,0.0001841125531405227,candidate,1,2,5449218748.141785,5449725022.149353,0.00018902902253114848,10.60493237427897,-0.2740732820866487,104.625,False,refined,0.017129580130415545,rank_3,0.5035772068322426,120.83740204729669,120.83740204729669,119.25,1.5874020472966919,NULL,0,119.25,NULL,False
476,0.0001841125531405227,candidate,2,3,5029296873.28498,5033812052.774724,0.00015824017025773117,9.10217760777873,-1.8183082235662873,96.5625,False,refined,0.2483176228060835,NULL,3.0,122.24831762280608,120.83740204729669,119.25,1.5874020472966919,NULL,0,119.25,NULL,False
476,0.0001841125531405227,candidate,3,4,5332031248.181746,5336406496.073987,0.00015572253578618038,8.962872120295193,-1.9576137110498237,102.37499999999999,False,refined,0.277920038896335,rank_1,0.30594019802864947,121.85908708634919,120.83740204729669,119.25,1.5874020472966919,NULL,0,119.25,NULL,False
476,0.0001841125531405227,candidate,4,5,4882812498.334932,4883879305.040527,0.00015531648283502282,8.940193723609129,-1.9802921077358882,93.75,False,refined,0.2827391981921237,rank_4,0.06425586221955873,122.25613324655295,120.83740204729669,119.25,1.5874020472966919,NULL,0,119.25,NULL,False
476,0.0001841125531405227,NULL,5,0,nan,nan,nan,nan,nan,nan,False,NULL,0.25,NULL,0.0,119.25,120.83740204729669,119.25,1.5874020472966919,NULL,0,119.25,NULL,True
477,0.0001841157531405238,candidate,0,1,4228515623.558051,4230871984.920859,0.0002224542426767245,12.08320999516598,2.0779117226636057,81.1875,False,refined,0.0,rank_1,0.08691998729985358,122.08691998729985,120.98309918339123,119.5,1.4830991833912321,NULL,0,119.5,NULL,False
477,0.0001841157531405238,candidate,1,2,5449218748.141785,5447757548.405216,0.00017512377361281794,9.897062945768829,-2.0779117226636057,104.625,False,refined,0.14531004080115106,rank_2,0.00038709529338677186,120.98309918339123,120.98309918339123,119.5,1.4830991833912321,NULL,0,119.5,NULL,False
477,0.0001841157531405238,candidate,2,3,4677734373.404865,4673907294.585938,0.00015530893899951378,8.845288347140086,-3.1208848055362015,89.8125,False,refined,0.36826204827499975,NULL,3.0,122.618262048275,120.98309918339123,119.5,1.4830991833912321,NULL,0,119.5,NULL,False
477,0.0001841157531405238,candidate,3,4,5312499998.188406,5312835248.641093,0.0001550538743523641,8.831011740670629,-3.135161412005658,102.0,False,refined,0.3712958271497593,rank_4,0.05556037055427003,122.28594328405323,120.98309918339123,119.5,1.4830991833912321,NULL,0,119.5,NULL,False
477,0.0001841157531405238,candidate,4,5,4072265623.6113334,4072643494.964289,0.00013815053685691238,7.945447672199695,-4.137762322966285,78.1875,False,refined,0.5667929943554386,NULL,3.0,122.81679299435544,120.98309918339123,119.5,1.4830991833912321,NULL,0,119.5,NULL,False
477,0.0001841157531405238,NULL,5,0,nan,nan,nan,nan,nan,nan,False,NULL,0.25,NULL,0.0,119.5,120.98309918339123,119.5,1.4830991833912321,NULL,0,119.5,NULL,True
478,0.00018411895314052488,candidate,0,1,4248046873.551391,4247250267.307461,0.0002005405090795126,11.744114554753775,1.7947646661437133,81.5625,False,refined,0.0,rank_1,0.026824813393527484,122.11374480069338,121.66339759477226,119.75,1.9133975947722632,NULL,0,119.75,NULL,False
478,0.00018411895314052488,candidate,1,2,4648437498.414855,4650412066.249722,0.00016310372503847663,10.01898967608545,-1.7947646661437133,89.24999999999999,False,refined,0.11217279163398208,NULL,3.0,122.61217279163398,121.66339759477226,119.75,1.9133975947722632,NULL,0,119.75,NULL,False
478,0.00018411895314052488,candidate,2,3,1660156249.433877,1664011249.9846642,0.00014685555951058537,8.945177087972986,-2.706234416483202,31.875,False,refined,0.32736308783425216,NULL,3.0,122.82736308783426,121.66339759477226,119.75,1.9133975947722632,NULL,0,119.75,NULL,False
478,0.00018411895314052488,candidate,3,4,5166015623.2383585,5163350291.937826,0.0001373751957893142,8.429745463101366,-3.2858757736804556,99.1875,False,refined,0.4409054163898236,NULL,3.0,122.94090541638982,121.66339759477226,119.75,1.9133975947722632,NULL,0,119.75,NULL,False
478,0.00018411895314052488,candidate,4,5,5419921873.151774,5420268643.400581,0.00012470871429355176,7.687648116911419,-4.126106225317745,104.0625,False,refined,0.6047344215456463,rank_2,0.07556398983538393,121.66339759477226,121.66339759477226,119.75,1.9133975947722632,NULL,0,119.75,NULL,False
478,0.00018411895314052488,NULL,5,0,nan,nan,nan,nan,nan,nan,False,NULL,0.25,NULL,0.0,119.75,121.66339759477226,119.75,1.9133975947722632,NULL,0,119.75,NULL,True
479,0.00018412215314052597,candidate,0,1,5185546873.231698,5183697239.095466,0.00015520940499923726,9.909532767677094,0.007100810406948099,99.5625,False,refined,0.013570084848435915,NULL,3.0,122.76357008484844,122.45477911581847,120.0,2.454779115818468,NULL,0,120.0,NULL,False
479,0.00018412215314052597,candidate,1,2,1669921874.4305468,1670345210.7650313,0.00015508257145283716,9.816488226166857,-0.007100810406948099,32.0625,False,refined,0.027970566725405654,NULL,3.0,122.7779705667254,122.45477911581847,120.0,2.454779115818468,NULL,0,120.0,NULL,False
479,0.00018412215314052597,candidate,2,3,4599609373.431506,4603614477.276798,0.0001463862087372031,9.369296090598525,-0.5083574182590933,88.3125,False,refined,0.12637792505141465,NULL,3.0,122.87637792505141,122.45477911581847,120.0,2.454779115818468,NULL,0,120.0,NULL,False
479,0.00018412215314052597,candidate,3,4,4814453123.358243,4811941343.266245,0.00013311051750541174,8.543540265892062,-1.3341132429655556,92.4375,False,refined,0.3018510378015379,NULL,3.0,123.05185103780154,122.45477911581847,120.0,2.454779115818468,NULL,0,120.0,NULL,False
479,0.00018412215314052597,candidate,4,5,4248046873.551391,4245359491.1046076,0.00013033975360935484,8.360830741851482,-1.5168227670061363,81.5625,False,refined,0.3406768116601613,rank_1,0.0003575034649275976,122.45477911581847,122.45477911581847,120.0,2.454779115818468,NULL,0,120.0,NULL,False
479,0.00018412215314052597,NULL,5,0,nan,nan,nan,nan,nan,nan,False,NULL,0.25,NULL,0.0,120.0,122.45477911581847,120.0,2.454779115818468,NULL,0,120.0,NULL,True
480,0.00018412535314052706,candidate,0,1,4833984373.351583,4834600223.406014,0.0001635476856511196,9.931263047747425,0.8583004907703184,92.8125,False,refined,0.010310542837886238,NULL,3.0,123.01031054283789,122.99329923622989,120.25,2.7432992362298876,NULL,0,120.25,NULL,False
480,0.00018412535314052706,candidate,1,2,1669921874.4305468,1669929324.5412655,0.0001481594572178642,8.92221604869178,-0.8583004907703184,32.0625,False,refined,0.2153113733693779,rank_2,1.7296135111821872e-05,122.99329923622989,122.99329923622989,120.25,2.7432992362298876,NULL,0,120.25,NULL,False
480,0.00018412535314052706,candidate,2,3,5205078123.225038,5203931073.933338,0.0001422198836018843,8.717581368144502,-1.2136816796029226,99.9375,False,refined,0.2682178997535073,rank_1,0.04094080722463031,123.07272879182658,122.99329923622989,120.25,2.7432992362298876,NULL,0,120.25,NULL,False
480,0.00018412535314052706,candidate,3,4,5019531248.28831,5020293025.675968,0.00014036888651755485,8.60379208821989,-1.3274709595275347,96.375,False,refined,0.29239812173748736,NULL,3.0,123.29239812173749,122.99329923622989,120.25,2.7432992362298876,NULL,0,120.25,NULL,False
480,0.00018412535314052706,candidate,4,5,4580078123.438167,4576152619.974805,0.00013925184765597927,8.341178425350604,-1.396868730871299,87.9375,False,refined,0.3361275318768656,rank_3,0.07541536064750466,123.2879208175758,122.99329923622989,120.25,2.7432992362298876,NULL,0,120.25,NULL,False
480,0.00018412535314052706,NULL,5,0,nan,nan,nan,nan,nan,nan,False,NULL,0.25,NULL,0.0,120.25,122.99329923622989,120.25,2.7432992362298876,NULL,0,120.25,NULL,True
481,0.00018412855314052816,candidate,0,1,5019531248.28831,5024344766.476187,0.00018835199041174102,11.67673169422664,0.5093751960972526,96.375,False,refined,0.0,NULL,3.0,123.25,123.05687615855362,120.5,2.556876158553621,NULL,0,120.5,NULL,False
481,0.00018412855314052816,candidate,1,2,4843749998.348252,4846736806.928433,0.0001776239215751038,11.167356498129388,-0.5093751960972526,92.99999999999999,False,refined,0.031835949756078286,rank_1,0.014729665959665178,123.05687615855362,123.05687615855362,120.5,2.556876158553621,NULL,0,120.5,NULL,False
481,0.00018412855314052816,candidate,2,3,4531249998.454817,4533730901.65086,0.0001553575870658073,9.990283165488947,-1.672754931952829,87.0,False,refined,0.10600470842370979,NULL,3.0,123.35600470842371,123.05687615855362,120.5,2.556876158553621,NULL,0,120.5,NULL,False
481,0.00018412855314052816,candidate,3,4,4091796873.604673,4088953070.0023003,0.00015271674206469277,9.845373609958017,-1.821671267552647,78.5625,False,refined,0.1370484127283379,NULL,3.0,123.38704841272833,123.05687615855362,120.5,2.556876158553621,NULL,0,120.5,NULL,False
481,0.00018412855314052816,candidate,4,5,3037109373.964328,3038216398.5074005,0.00013912625509537792,9.031815722892302,-2.6312223745494734,58.3125,False,refined,0.30967903997549673,NULL,3.0,123.55967903997549,123.05687615855362,120.5,2.556876158553621,NULL,0,120.5,NULL,False
481,0.00018412855314052816,NULL,5,0,nan,nan,nan,nan,nan,nan,False,NULL,0.25,NULL,0.0,120.5,123.05687615855362,120.5,2.556876158553621,NULL,0,120.5,NULL,True
482,0.00018413175314052925,candidate,0,1,4833984373.351583,4837826208.461143,0.00018457827743935463,11.187769946723574,0.19299660765375926,92.8125,False,refined,0.0,rank_2,0.007939876504528655,123.06481603505814,123.06481603505814,120.75,2.3148160350581435,NULL,0,120.75,NULL,False
482,0.00018413175314052925,candidate,1,2,5019531248.28831,5019436331.7433,0.0001805222584854893,10.922051433863151,-0.19299660765375926,96.375,False,refined,0.012062287978359953,rank_1,0.0024092731527004746,123.26447156113106,123.06481603505814,120.75,2.3148160350581435,NULL,0,120.75,NULL,False
482,0.00018413175314052925,candidate,2,3,4101562498.601343,4102075348.608755,0.0001696072352682477,10.532065008802984,-0.7347242757552053,78.75,False,refined,0.04592026723470033,rank_4,0.01721941958254226,123.45018809954558,123.06481603505814,120.75,2.3148160350581435,NULL,0,120.75,NULL,False
482,0.00018413175314052925,candidate,3,4,3037109373.964328,3035189547.1576858,0.00015303308063901062,9.638883929919695,-1.6279053546384947,58.3125,False,refined,0.1559114951769517,NULL,3.0,123.65591149517695,123.06481603505814,120.75,2.3148160350581435,NULL,0,120.75,NULL,False
482,0.00018413175314052925,candidate,4,5,4511718748.461477,4511864941.376697,0.0001367164553097837,8.65959330686871,-2.6071959776894804,86.625,False,refined,0.36401075257528615,rank_3,0.04781202187112852,123.76782748287012,123.06481603505814,120.75,2.3148160350581435,NULL,0,120.75,NULL,False
482,0.00018413175314052925,NULL,5,0,nan,nan,nan,nan,nan,nan,False,NULL,0.25,NULL,0.0,120.75,123.06481603505814,120.75,2.3148160350581435,NULL,0,120.75,NULL,True
483,0.00018413495314053034,candidate,0,1,4824218748.354913,4819746020.516552,0.00021846907543033486,11.90258775617151,3.952564716017939,92.625,False,refined,0.0,rank_1,0.03268931961117181,123.09750535466931,123.09750535466931,121.0,2.097505354669309,NULL,0,121.0,NULL,False
483,0.00018413495314053034,candidate,1,2,4082031248.608003,4083226755.648194,0.0001385995227791527,7.900311995941038,-3.952564716017939,78.375,False,refined,0.5619884953599654,rank_3,0.03552694565929201,124.04770354056484,123.09750535466931,121.0,2.097505354669309,NULL,0,121.0,NULL,False
483,0.00018413495314053034,candidate,2,3,2656249999.094203,2654132904.3287706,0.00013314142655877922,7.60105246027873,-4.30153529589278,51.0,False,refined,0.6286880869514893,NULL,3.0,124.37868808695148,123.09750535466931,121.0,2.097505354669309,NULL,0,121.0,NULL,False
483,0.00018413495314053034,candidate,3,4,5009765623.29164,5004995395.584723,0.00012865343311004195,7.2459146600095625,-4.599371818120757,96.1875,False,refined,0.7005735396311129,rank_2,0.02085406371360956,123.98589916447578,123.09750535466931,121.0,2.097505354669309,NULL,0,121.0,NULL,False
483,0.00018413495314053034,candidate,4,5,3017578123.9709883,3021291929.188442,0.00012486338381185118,6.8677310706125105,-4.859097410956679,57.93750000000001,False,refined,0.7735339275929158,rank_4,0.01931437852190405,124.44875980129177,123.09750535466931,121.0,2.097505354669309,NULL,0,121.0,NULL,False
483,0.00018413495314053034,NULL,5,0,nan,nan,nan,nan,nan,nan,False,NULL,0.25,NULL,0.0,121.0,123.09750535466931,121.0,2.097505354669309,NULL,0,121.0,NULL,True
484,0.00018413815314053143,candidate,0,1,4814453123.358243,4816370684.422538,0.00021352831887239056,12.567986956876087,2.7382615395899723,92.4375,False,refined,0.0,rank_1,0.0011392893747554818,123.09864464404406,123.09864464404406,121.25,1.8486446440440574,NULL,0,121.25,NULL,False
484,0.00018413815314053143,candidate,1,2,3759765623.717898,3757608255.031713,0.00015579101393880826,9.797599613590853,-2.7382615395899723,72.1875,False,refined,0.20150140418574536,NULL,3.0,124.20150140418575,123.09864464404406,121.25,1.8486446440440574,NULL,0,121.25,NULL,False
484,0.00018413815314053143,candidate,2,3,1835937499.3739345,1833694483.4576125,0.00014278820817320226,8.923155089882426,-3.495262741928533,35.25,False,refined,0.37998065788816937,NULL,3.0,124.37998065788817,123.09864464404406,121.25,1.8486446440440574,NULL,0,121.25,NULL,False
484,0.00018413815314053143,candidate,3,4,2646484374.097533,2643683363.7989597,0.000133699882650208,8.351928736682046,-4.066489095128913,50.8125,False,refined,0.5013662579432502,NULL,3.0,124.50136625794325,123.09864464404406,121.25,1.8486446440440574,NULL,0,121.25,NULL,False
484,0.00018413815314053143,candidate,4,5,5859374998.001919,5860775740.965205,0.00013245441763944587,8.270637165715309,-4.147780666095651,112.5,False,refined,0.5186407167736818,NULL,3.0,124.51864071677369,123.09864464404406,121.25,1.8486446440440574,NULL,0,121.25,NULL,False
484,0.00018413815314053143,NULL,5,0,nan,nan,nan,nan,nan,nan,False,NULL,0.25,NULL,0.0,121.25,123.09864464404406,121.25,1.8486446440440574,NULL,0,121.25,NULL,True
485,0.00018414135314053252,candidate,0,1,3769531248.7145677,3769719161.096833,0.00018605948769422873,10.01236891884373,1.320809683476849,72.375,False,refined,0.0,rank_2,0.014667404571816575,124.21616880875756,123.58341325978337,121.5,2.08341325978337,NULL,0,121.5,NULL,False
485,0.00018414135314053252,candidate,1,2,4863281248.341593,4863688425.5743265,0.00015981271757663993,8.811192348325054,-1.320809683476849,93.375,False,refined,0.2608717529685449,rank_1,0.2238968627707679,123.58341325978337,123.58341325978337,121.5,2.08341325978337,NULL,0,121.5,NULL,False
485,0.00018414135314053252,candidate,2,3,1835937499.3739345,1833150899.7336044,0.0001503448898188724,7.979898416731581,-1.8512629935096125,35.25,False,refined,0.4187191745846136,NULL,3.0,124.66871917458461,123.58341325978337,121.5,2.08341325978337,NULL,0,121.5,NULL,False
485,0.00018414135314053252,candidate,3,4,4746093748.381554,4747061541.431857,0.00013980276802883155,7.64928102193684,-2.482721009865063,91.12499999999999,False,refined,0.5077779098260404,rank_1,0.4803757302102623,124.08679828408036,123.58341325978337,121.5,2.08341325978337,NULL,0,121.5,NULL,False
485,0.00018414135314053252,candidate,4,5,2275390624.224078,2271590888.1363196,0.00013426718068699047,7.1629415716837475,-2.8336390204420514,43.68749999999999,False,refined,0.6026612030250661,NULL,3.0,124.85266120302506,123.58341325978337,121.5,2.08341325978337,NULL,0,121.5,NULL,False
485,0.00018414135314053252,NULL,5,0,nan,nan,nan,nan,nan,nan,False,NULL,0.25,NULL,0.0,121.5,123.58341325978337,121.5,2.08341325978337,NULL,0,121.5,NULL,True
486,0.0001841445531405336,candidate,0,1,5146484373.245018,5148242283.098378,0.00018707867931418002,9.572650167864207,1.1735675753618935,98.81249999999999,False,refined,0.0641024748203689,NULL,3.0,124.56410247482037,124.54855430293857,121.75,2.7985543029385695,NULL,0,121.75,NULL,False
486,0.0001841445531405336,candidate,1,2,3769531248.7145677,3767275474.8624616,0.0001634353195736317,8.277064263468699,-1.1735675753618935,72.375,False,refined,0.33178833393981355,rank_1,0.0005971602412057554,124.54855430293857,124.54855430293857,121.75,2.7985543029385695,NULL,0,121.75,NULL,False
486,0.0001841445531405336,candidate,2,3,1591796874.457188,1593036596.1651428,0.00015523596038369693,7.829992588482426,-1.620639250348166,30.5625,False,refined,0.42679106487439644,NULL,3.0,124.9267910648744,124.54855430293857,121.75,2.7985543029385695,NULL,0,121.75,NULL,False
486,0.0001841445531405336,candidate,3,4,1845703124.3706043,1847034679.937414,0.00014758069305957633,7.366642430768984,-2.0598949963005353,35.4375,False,refined,0.5237470726534359,NULL,3.0,125.02374707265344,124.54855430293857,121.75,2.7985543029385695,NULL,0,121.75,NULL,False
486,0.0001841445531405336,candidate,4,5,4707031248.394875,4702236520.110006,0.00013806543990388127,6.801622274981538,-2.638786286989321,90.375,False,refined,0.6446808016896018,rank_4,0.20092825365043768,124.9324073394204,124.54855430293857,121.75,2.7985543029385695,NULL,0,121.75,NULL,False
486,0.0001841445531405336,NULL,5,0,nan,nan,nan,nan,nan,nan,False,NULL,0.25,NULL,0.0,121.75,124.54855430293857,121.75,2.7985543029385695,NULL,0,121.75,NULL,True
487,0.0001841477531405347,candidate,0,1,5117187498.255009,5119469147.415317,0.00020042101481718814,11.743512151980058,1.8587927319155373,98.25,False,refined,0.0,rank_1,0.08278933370358728,124.64689180852396,124.64689180852396,122.0,2.6468918085239608,NULL,0,122.0,NULL,False
487,0.0001841477531405347,candidate,1,2,1591796874.457188,1593609343.6022186,0.00016180935258081503,9.784555773876402,-1.8587927319155373,30.5625,False,refined,0.14849117966326075,NULL,3.0,124.89849117966327,124.64689180852396,122.0,2.6468918085239608,NULL,0,122.0,NULL,False
487,0.0001841477531405347,candidate,2,3,5371093748.168426,5371453935.757106,0.00014184253821078894,8.695865156297025,-3.002735252902875,103.125,False,refined,0.383291179861876,NULL,3.0,125.13329117986187,124.64689180852396,122.0,2.6468918085239608,NULL,0,122.0,NULL,False
487,0.0001841477531405347,candidate,3,4,3496093748.8078113,3493468783.678207,0.00012726526412169882,7.758986591189689,-3.9446674731805853,67.125,False,refined,0.5826937283953332,NULL,3.0,125.33269372839533,124.64689180852396,122.0,2.6468918085239608,NULL,0,122.0,NULL,False
487,0.0001841477531405347,candidate,4,5,4716796873.391544,4721320899.776034,0.00012122554682145713,7.331618308770205,-4.366982100429695,90.5625,False,refined,0.6731936349613252,NULL,3.0,125.42319363496132,124.64689180852396,122.0,2.6468918085239608,NULL,0,122.0,NULL,False
487,0.0001841477531405347,NULL,5,0,nan,nan,nan,nan,nan,nan,False,NULL,0.25,NULL,0.0,122.0,124.64689180852396,122.0,2.6468918085239608,NULL,0,122.0,NULL,True
488,0.0001841509531405358,candidate,0,1,5087890623.264999,5089150851.106441,0.00017581167147679184,10.881712982362206,1.9276729076120525,97.6875,False,refined,0.0,rank_1,0.09191990910728062,124.73881171763124,124.73881171763124,122.25,2.4888117176312363,NULL,0,122.25,NULL,False
488,0.0001841509531405358,candidate,1,2,5517578123.118473,5521429449.670255,0.00014081990840330804,8.9356380693288,-1.9276729076120525,105.9375,False,refined,0.28013384632643334,NULL,3.0,125.28013384632644,124.73881171763124,122.25,2.4888117176312363,NULL,0,122.25,NULL,False
488,0.0001841509531405358,candidate,2,3,1591796874.457188,1592319146.750688,0.0001348810792851951,8.479358018510368,-2.301933409255863,30.5625,False,refined,0.37196713530193626,rank_2,0.00016646079156993487,125.27062477575677,124.73881171763124,122.25,2.4888117176312363,NULL,0,122.25,NULL,False
488,0.0001841509531405358,candidate,3,4,3222656248.9010553,3218966100.905402,0.00013425327633700303,8.539256786630247,-2.342456195731959,61.875,False,refined,0.36551499423871037,NULL,3.0,125.36551499423871,124.73881171763124,122.25,2.4888117176312363,NULL,0,122.25,NULL,False
488,0.0001841509531405358,candidate,4,5,4931640623.318281,4927388781.435745,0.0001317490382594344,8.37570799760016,-2.506004984762047,94.6875,False,refined,0.40026911190760406,NULL,3.0,125.4002691119076,124.73881171763124,122.25,2.4888117176312363,NULL,0,122.25,NULL,False
488,0.0001841509531405358,NULL,5,0,nan,nan,nan,nan,nan,nan,False,NULL,0.25,NULL,0.0,122.25,124.73881171763124,122.25,2.4888117176312363,NULL,0,122.25,NULL,True
489,0.00018415415314053689,candidate,0,1,4882812498.334932,4881863401.049822,0.0001722913655268798,9.953647829613033,0.4302236344863619,93.75,False,refined,0.006952825558045106,NULL,3.0,125.25695282555805,125.25695282555805,122.5,2.756952825558045,NULL,0,122.5,NULL,False
489,0.00018415415314053689,candidate,1,2,5869140622.998589,5871914122.305051,0.00016396544475148227,9.561137791309386,-0.4302236344863619,112.6875,False,refined,0.09271830845898965,NULL,3.0,125.34271830845898,125.25695282555805,122.5,2.756952825558045,NULL,0,122.5,NULL,False
489,0.00018415415314053689,candidate,2,3,5498046873.1251335,5499232889.506373,0.00016284468644991795,9.434145731138619,-0.48979841599886775,105.5625,False,refined,0.11549054132913639,NULL,3.0,125.36549054132914,125.25695282555805,122.5,2.756952825558045,NULL,0,122.5,NULL,False
489,0.00018415415314053689,candidate,3,4,5292968748.195066,5292963615.5555,0.000138652711910581,7.964019864923637,-1.8867028945123376,101.625,False,refined,0.42331595116847553,NULL,3.0,125.67331595116848,125.25695282555805,122.5,2.756952825558045,NULL,0,122.5,NULL,False
489,0.00018415415314053689,candidate,4,5,2998046873.9776483,3000207243.5918007,0.00012512564372999,7.145600381121051,-2.7783437660164356,57.5625,False,refined,0.6018064282078696,NULL,3.0,125.85180642820787,125.25695282555805,122.5,2.756952825558045,NULL,0,122.5,NULL,False
489,0.00018415415314053689,NULL,5,0,nan,nan,nan,nan,nan,nan,False,NULL,0.25,NULL,0.0,122.5,125.25695282555805,122.5,2.756952825558045,NULL,0,122.5,NULL,True
490,0.00018415735314053798,candidate,0,1,5898437497.988598,5893919643.231284,0.00018932361729015205,11.052483662920762,0.7111834441867781,113.25,False,refined,0.0,rank_2,0.04842429512348913,125.39114260358248,125.39114260358248,122.75,2.6411426035824803,NULL,0,122.75,NULL,False
490,0.00018415735314053798,candidate,1,2,5488281248.128464,5487948263.366635,0.00017443981662594184,10.170792725899869,-0.7111834441867781,105.375,False,refined,0.044448965261673634,rank_3,0.012734278711366002,125.42267378530218,125.39114260358248,122.75,2.6411426035824803,NULL,0,122.75,NULL,False
490,0.00018415735314053798,candidate,2,3,4531249998.454817,4534761444.721544,0.00015789081984762135,9.346001252595988,-1.5769582771541302,87.0,False,refined,0.19665970443273495,NULL,3.0,125.69665970443273,125.39114260358248,122.75,2.6411426035824803,NULL,0,122.75,NULL,False
490,0.00018415735314053798,candidate,3,4,4863281248.341593,4865107407.990979,0.0001531894860358185,9.098995128274412,-1.8395166919891714,93.375,False,refined,0.2501205240081614,rank_1,0.028076330338798333,125.535149679905,125.39114260358248,122.75,2.6411426035824803,NULL,0,122.75,NULL,False
490,0.00018415735314053798,candidate,4,5,5234374998.215047,5233877132.020725,0.00015239947004364973,9.168056925126988,-1.884426737793774,100.49999999999999,False,refined,0.24256813234306263,NULL,3.0,125.74256813234307,125.39114260358248,122.75,2.6411426035824803,NULL,0,122.75,NULL,False
490,0.00018415735314053798,NULL,5,0,nan,nan,nan,nan,nan,nan,False,NULL,0.25,NULL,0.0,122.75,125.39114260358248,122.75,2.6411426035824803,NULL,0,122.75,NULL,True
491,0.00018416055314053907,candidate,0,1,5468749998.135124,5470408089.698777,0.00017473249933689348,9.188132534385636,0.10303296963267705,105.0,False,refined,0.12178011984215464,rank_2,0.030765769229862353,125.5752196743742,125.5752196743742,123.0,2.575219674374196,NULL,0,123.0,NULL,False
491,0.00018416055314053907,candidate,1,2,4531249998.454817,4533572522.91176,0.0001726720481926548,9.048847481206828,-0.10303296963267705,87.0,False,refined,0.14911243842101818,rank_3,0.00014135350697799085,125.84591349636072,125.5752196743742,123.0,2.575219674374196,NULL,0,123.0,NULL,False
491,0.00018416055314053907,candidate,2,3,3544921873.7911606,3543475349.9306717,0.00015175584022738788,8.075988504293043,-1.2245655079153561,68.0625,False,refined,0.36513706860075323,NULL,3.0,126.11513706860076,125.5752196743742,123.0,2.575219674374196,NULL,0,123.0,NULL,False
491,0.00018416055314053907,candidate,3,4,5898437497.988598,5894039111.010229,0.00014519025575839933,7.6221389454180954,-1.6087243747860391,113.25,False,refined,0.45722443161141313,rank_1,1.4272550206044018e-06,125.8483684624489,125.5752196743742,123.0,2.575219674374196,NULL,0,123.0,NULL,False
491,0.00018416055314053907,candidate,4,5,2695312499.0808825,2699133234.069015,0.00013629101902703676,7.030003528123707,-2.1581290062619285,51.75,False,refined,0.5803825336728144,NULL,3.0,126.33038253367282,125.5752196743742,123.0,2.575219674374196,NULL,0,123.0,NULL,False
491,0.00018416055314053907,NULL,5,0,nan,nan,nan,nan,nan,nan,False,NULL,0.25,NULL,0.0,123.0,125.5752196743742,123.0,2.575219674374196,NULL,0,123.0,NULL,True
492,0.00018416375314054016,candidate,0,1,5458984373.138454,5460927483.279711,0.0001954256882149977,10.932935522694942,1.8497908743498126,104.8125,False,refined,0.0,rank_1,0.008988189807324357,125.58420786418152,125.58420786418152,123.25,2.334207864181522,NULL,0,123.25,NULL,False
492,0.00018416375314054016,candidate,1,2,3564453123.7845006,3568795589.3859572,0.00015793999005631458,9.098252040874293,-1.8497908743498126,68.4375,False,refined,0.25087412351571936,NULL,3.0,126.25087412351571,125.58420786418152,123.25,2.334207864181522,NULL,0,123.25,NULL,False
492,0.00018416375314054016,candidate,2,3,3730468748.727888,3730345187.7166195,0.00015239715227687223,8.65276329891171,-2.1600959656911733,71.625,False,refined,0.33709150301894186,NULL,3.0,126.33709150301894,125.58420786418152,123.25,2.334207864181522,NULL,0,123.25,NULL,False
492,0.00018416375314054016,candidate,3,4,4550781248.448156,4549212163.150489,0.00014997889526815325,8.633905527644208,-2.2990299950507342,87.37499999999999,False,refined,0.3486035455440397,rank_2,0.024459834679685634,126.21897687658445,125.58420786418152,123.25,2.334207864181522,NULL,0,123.25,NULL,False
492,0.00018416375314054016,candidate,4,5,4697265623.398205,4699157796.827591,0.00013090966268265201,7.4527365978014615,-3.4801989248934806,90.1875,False,refined,0.5996019431356233,NULL,3.0,126.59960194313562,125.58420786418152,123.25,2.334207864181522,NULL,0,123.25,NULL,False
492,0.00018416375314054016,NULL,5,0,nan,nan,nan,nan,nan,nan,False,NULL,0.25,NULL,0.0,123.25,125.58420786418152,123.25,2.334207864181522,NULL,0,123.25,NULL,True
493,0.00018416695314054125,candidate,0,1,5468749998.135124,5472818584.70069,0.00022237906214404678,11.614886388611101,3.7729572294173863,105.0,False,refined,0.0,rank_1,0.014139829300402067,125.59834769348193,125.59834769348193,123.5,2.0983476934819265,NULL,0,123.5,NULL,False
493,0.00018416695314054125,candidate,1,2,3583984373.77784,3583734685.5457544,0.00014402770245893149,7.825346735362064,-3.7729572294173863,68.8125,False,refined,0.562007816534277,NULL,3.0,126.81200781653428,125.59834769348193,123.5,2.0983476934819265,NULL,0,123.5,NULL,False
493,0.00018416695314054125,candidate,2,3,5341796873.178415,5345133131.206993,0.000130138886152949,6.92309246066575,-4.653736179789885,102.56249999999999,False,refined,0.7523946421370054,NULL,3.0,127.002394642137,125.59834769348193,123.5,2.0983476934819265,NULL,0,123.5,NULL,False
493,0.00018416695314054125,candidate,3,4,3749999998.7212276,3749358945.443069,0.00012993111323183186,7.025871664771799,-4.667614697503009,72.0,False,refined,0.7378451688781682,NULL,3.0,126.98784516887817,125.59834769348193,123.5,2.0983476934819265,NULL,0,123.5,NULL,False
493,0.00018416695314054125,candidate,4,5,4404296873.498109,4405973075.483425,0.00012667907670542837,6.706258713305848,-4.887780098789962,84.5625,False,refined,0.7995474491784954,NULL,3.0,127.04954744917849,125.59834769348193,123.5,2.0983476934819265,NULL,0,123.5,NULL,False
493,0.00018416695314054125,NULL,5,0,nan,nan,nan,nan,nan,nan,False,NULL,0.25,NULL,0.0,123.5,125.59834769348193,123.5,2.0983476934819265,NULL,0,123.5,NULL,True
494,0.00018417015314054234,candidate,0,1,5478515623.131794,5481137960.948757,0.00023712649517177955,12.692543147761839,2.2101755240933674,105.1875,False,refined,0.0,rank_1,0.006921202115689973,125.60526889559762,125.60526889559762,123.75,1.855268895597618,NULL,0,123.75,NULL,False
494,0.00018417015314054234,candidate,1,2,5097656248.261669,5096384316.046825,0.00018385324777022338,10.48862216424701,-2.2101755240933674,97.875,False,refined,0.13813597025583546,NULL,3.0,126.63813597025583,125.60526889559762,123.75,1.855268895597618,NULL,0,123.75,NULL,False
494,0.00018417015314054234,candidate,2,3,5947265622.971948,5943888384.947835,0.0001646130289125131,9.4360454729168,-3.1703175240253056,114.1875,False,refined,0.2827380243140615,NULL,3.0,126.78273802431406,125.60526889559762,123.75,1.855268895597618,NULL,0,123.75,NULL,False
494,0.00018417015314054234,candidate,3,4,3808593748.701247,3809869498.2802887,0.00015583705816521966,8.940480960511081,-3.64618682270736,73.125,False,refined,0.3868145323425478,NULL,3.0,126.88681453234254,125.60526889559762,123.75,1.855268895597618,NULL,0,123.75,NULL,False
494,0.00018417015314054234,candidate,4,5,4931640623.318281,4930015503.051906,0.0001340037869188082,7.6891240251297965,-4.957260213732386,94.6875,False,refined,0.6564601595888047,NULL,3.0,127.1564601595888,125.60526889559762,123.75,1.855268895597618,NULL,0,123.75,NULL,False
494,0.00018417015314054234,NULL,5,0,nan,nan,nan,nan,nan,nan,False,NULL,0.25,NULL,0.0,123.75,125.60526889559762,123.75,1.855268895597618,NULL,0,123.75,NULL,True
495,0.00018417335314054343,candidate,0,1,5468749998.135124,5467585863.81558,0.00022270902311803095,11.576416812192303,0.6284825378839098,105.0,False,refined,0.0,rank_1,0.018365933670705898,125.62363482926833,125.62363482926833,124.0,1.623634829268326,NULL,0,124.0,NULL,False
495,0.00018417335314054343,candidate,1,2,5078124998.26833,5081006965.385803,0.00020716371289145112,10.947934274308393,-0.6284825378839098,97.5,False,refined,0.039280158617744365,rank_2,0.023646291335203944,126.70106242020877,125.62363482926833,124.0,1.623634829268326,NULL,0,124.0,NULL,False
495,0.00018417335314054343,candidate,2,3,3818359373.697917,3822811801.6586375,0.00016441160249415723,8.818444229618292,-2.6361070118272156,73.3125,False,refined,0.3419900537964572,NULL,3.0,127.09199005379645,125.62363482926833,124.0,1.623634829268326,NULL,0,124.0,NULL,False
495,0.00018417335314054343,candidate,3,4,5927734372.978607,5923591354.337251,0.00015581684339495086,8.416014768157956,-3.1024682195151865,113.81249999999999,False,refined,0.4315020484960058,NULL,3.0,127.181502048496,125.62363482926833,124.0,1.623634829268326,NULL,0,124.0,NULL,False
495,0.00018417335314054343,candidate,4,5,4072265623.6113334,4072610884.7635555,0.00015374840101394993,8.150593354090816,-3.21854410302981,78.1875,False,refined,0.47857000332574073,NULL,3.0,127.22857000332574,125.62363482926833,124.0,1.623634829268326,NULL,0,124.0,NULL,False
495,0.00018417335314054343,NULL,5,0,nan,nan,nan,nan,nan,nan,False,NULL,0.25,NULL,0.0,124.0,125.62363482926833,124.0,1.623634829268326,NULL,0,124.0,NULL,True
496,0.00018417655314054452,candidate,0,1,5458984373.138454,5461660475.001396,0.0001942217875536245,9.909947443765956,0.6509378212585482,104.8125,False,refined,0.01350788343510656,rank_1,0.003511023259925911,125.64065373596337,125.64065373596337,124.25,1.3906537359633688,NULL,0,124.25,NULL,False
496,0.00018417655314054452,candidate,1,2,4082031248.608003,4079071126.4888473,0.00018019845200242508,9.424950170245046,-0.6509378212585482,78.375,False,refined,0.12694108829190243,NULL,3.0,127.1269410882919,125.64065373596337,124.25,1.3906537359633688,NULL,0,124.25,NULL,False
496,0.00018417655314054452,candidate,2,3,5078124998.26833,5080773029.793579,0.0001542041144280431,8.09420905342332,-2.004039706472218,97.5,False,refined,0.4111211236410156,rank_2,5.472586130925026e-06,127.1121890164359,125.64065373596337,124.25,1.3906537359633688,NULL,0,124.25,NULL,False
496,0.00018417655314054452,candidate,3,4,4658203123.411526,4654472354.10618,0.00015173411765213453,7.953954692845473,-2.1442940670500654,89.43750000000001,False,refined,0.44092517526380814,NULL,3.0,127.44092517526381,125.64065373596337,124.25,1.3906537359633688,NULL,0,124.25,NULL,False
496,0.00018417655314054452,candidate,4,5,3486328123.8111415,3486705121.761769,0.00014699995494477685,7.59979474713715,-2.4196149054170224,66.9375,False,refined,0.5112567195179915,NULL,3.0,127.51125671951799,125.64065373596337,124.25,1.3906537359633688,NULL,0,124.25,NULL,False
496,0.00018417655314054452,NULL,5,0,nan,nan,nan,nan,nan,nan,False,NULL,0.25,NULL,0.0,124.25,125.64065373596337,124.25,1.3906537359633688,NULL,0,124.25,NULL,True
497,0.00018417975314054561,candidate,0,1,4667968748.4081955,4665219449.269898,0.00016472446285180345,9.02398513692205,0.2192367261159145,89.625,False,refined,0.14640222946169246,NULL,3.0,127.3964022294617,126.03780120243087,124.5,1.5378012024308703,NULL,0,124.5,NULL,False
497,0.00018417975314054561,candidate,1,2,4121093748.5946827,4117439185.27338,0.00016061875813694175,8.804748410806136,-0.2192367261159145,79.125,False,refined,0.1929900337613243,NULL,3.0,127.44299003376132,126.03780120243087,124.5,1.5378012024308703,NULL,0,124.5,NULL,False
497,0.00018417975314054561,candidate,2,3,3515624998.8011513,3515741958.07044,0.00014461667818917338,7.849730480968571,-1.1307943672933618,67.5,False,refined,0.3932150758105495,NULL,3.0,127.64321507581055,126.03780120243087,124.5,1.5378012024308703,NULL,0,124.5,NULL,False
497,0.00018417975314054561,candidate,3,4,5458984373.138454,5461900318.620068,0.0001440144166682649,7.8386563268433385,-1.167042607965918,104.8125,False,refined,0.3971417139713691,rank_1,5.7524961417400195e-06,126.03780120243087,126.03780120243087,124.5,1.5378012024308703,NULL,0,124.5,NULL,False
497,0.00018417975314054561,candidate,4,5,3017578123.9709883,3016917194.097447,0.00013935162811099265,7.57106407914363,-1.4529210577784202,57.93750000000001,False,refined,0.45514795423960674,NULL,3.0,127.7051479542396,126.03780120243087,124.5,1.5378012024308703,NULL,0,124.5,NULL,False
497,0.00018417975314054561,NULL,5,0,nan,nan,nan,nan,nan,nan,False,NULL,0.25,NULL,0.0,124.5,126.03780120243087,124.5,1.5378012024308703,NULL,0,124.5,NULL,True
498,0.0001841829531405467,candidate,0,1,3271484373.8844047,3275357880.8594513,0.00016993915704681137,9.296226732373682,1.761384587639414,62.8125,False,refined,0.10556599014394763,NULL,3.0,127.60556599014394,127.60556599014394,124.75,2.855565990143944,NULL,0,124.75,NULL,False
498,0.0001841829531405467,candidate,1,2,4804687498.361573,4802285496.296504,0.00013874720087342623,7.473420828637574,-1.761384587639414,92.25,False,refined,0.48907341243182734,NULL,3.0,127.98907341243182,127.60556599014394,124.75,2.855565990143944,NULL,0,124.75,NULL,False
498,0.0001841829531405467,candidate,2,3,4501953123.4648075,4503770241.170969,0.00013403626909566822,7.234804153329648,-2.0614225790440344,86.4375,False,refined,0.5436182881908049,NULL,3.0,128.0436182881908,127.60556599014394,124.75,2.855565990143944,NULL,0,124.75,NULL,False
498,0.0001841829531405467,candidate,3,4,4326171873.52475,4325495244.857962,0.00013218432096574824,7.183246674491679,-2.1822703057442805,83.0625,False,refined,0.5589048929352657,NULL,3.0,128.05890489293526,127.60556599014394,124.75,2.855565990143944,NULL,0,124.75,NULL,False
498,0.0001841829531405467,candidate,4,5,4179687498.574702,4180763051.161476,0.00012166675589988711,6.463086351781859,-2.9024306284541,80.25,False,refined,0.7119389615111024,NULL,3.0,128.2119389615111,127.60556599014394,124.75,2.855565990143944,NULL,0,124.75,NULL,False
498,0.0001841829531405467,NULL,5,0,nan,nan,nan,nan,nan,nan,False,NULL,0.25,NULL,0.0,124.75,127.60556599014394,124.75,2.855565990143944,NULL,0,124.75,NULL,True
499,0.0001841861531405478,candidate,0,1,4785156248.368234,4783821249.796893,0.0001751287291852406,11.121672688963304,0.561130754418695,91.875,False,refined,0.0,NULL,3.0,127.75,127.64937838943173,125.0,2.6493783894317318,NULL,0,125.0,NULL,False
499,0.0001841861531405478,candidate,1,2,4492187498.468138,4489548945.774367,0.0001641726689377216,10.579033843140255,-0.561130754418695,86.25,False,refined,0.035070672151168436,NULL,3.0,127.78507067215116,127.64937838943173,125.0,2.6493783894317318,NULL,0,125.0,NULL,False
499,0.0001841861531405478,candidate,2,3,3271484373.8844047,3273167181.5221777,0.00016169307112218163,10.43787181009308,-0.6933197268666103,62.8125,False,refined,0.04333248292916314,rank_1,0.00047991635863309804,127.64937838943173,127.64937838943173,125.0,2.6493783894317318,NULL,0,125.0,NULL,False
499,0.0001841861531405478,candidate,3,4,3955078123.651295,3957410803.4394093,0.00013272181939114324,8.636689951327527,-2.40830139492215,75.9375,False,refined,0.35501534448350525,NULL,3.0,128.10501534448352,127.64937838943173,125.0,2.6493783894317318,NULL,0,125.0,NULL,False
499,0.0001841861531405478,candidate,4,5,4335937498.52142,4338787045.221989,0.00012722109934892916,8.338935310552271,-2.775965042834896,83.25,False,refined,0.4226575185943403,NULL,3.0,128.17265751859435,127.64937838943173,125.0,2.6493783894317318,NULL,0,125.0,NULL,False
499,0.0001841861531405478,NULL,5,0,nan,nan,nan,nan,nan,nan,False,NULL,0.25,NULL,0.0,125.0,127.64937838943173,125.0,2.6493783894317318,NULL,0,125.0,NULL,True
500,0.0001841893531405489,candidate,0,1,4765624998.374894,4762991224.13409,0.00018571542038194787,10.416958617743264,0.3876178638911565,91.5,False,refined,0.0,rank_1,0.04338899691130189,127.7933889969113,127.7933889969113,125.25,2.543388996911304,NULL,0,125.25,NULL,False
500,0.0001841893531405489,candidate,1,2,5712890623.05187,5710154809.566524,0.00017760986023637789,9.887451743053202,-0.3876178638911565,109.6875,False,refined,0.04110835503521704,NULL,3.0,128.04110835503522,127.7933889969113,125.25,2.543388996911304,NULL,0,125.25,NULL,False
500,0.0001841893531405489,candidate,2,3,4492187498.468138,4491882209.260212,0.0001316390522658639,7.386578821032357,-2.989264375604659,86.25,False,refined,0.5788422003204376,rank_2,0.000544411849437575,128.36445728432105,127.7933889969113,125.25,2.543388996911304,NULL,0,125.25,NULL,False
500,0.0001841893531405489,candidate,3,4,1923828124.3439631,1920897151.8150318,0.0001316291952572033,7.301320653431818,-2.9899147912186486,36.9375,False,refined,0.5916715764363929,NULL,3.0,128.5916715764364,127.7933889969113,125.25,2.543388996911304,NULL,0,125.25,NULL,False
500,0.0001841893531405489,candidate,4,5,5878906247.995258,5875202033.908353,0.0001297598269013513,7.226898897165288,-3.114154163857732,112.875,False,refined,0.610599800666315,NULL,3.0,128.6105998006663,127.7933889969113,125.25,2.543388996911304,NULL,0,125.25,NULL,False
500,0.0001841893531405489,NULL,5,0,nan,nan,nan,nan,nan,nan,False,NULL,0.25,NULL,0.0,125.25,127.7933889969113,125.25,2.543388996911304,NULL,0,125.25,NULL,True
501,0.00018419255314054998,candidate,0,1,5722656248.04854,5719717185.588449,0.00019978937918332842,11.251389671268575,0.8345537051536667,109.87499999999999,False,refined,0.0,rank_2,0.009143903518468567,128.05025225855368,128.05025225855368,125.5,2.5502522585536838,NULL,0,125.5,NULL,False
501,0.00018419255314054998,candidate,1,2,5087890623.264999,5083736608.170981,0.00018148666165884432,10.416835966114908,-0.8345537051536667,97.6875,False,refined,0.05215960657210417,NULL,3.0,128.3021596065721,128.05025225855368,125.5,2.5502522585536838,NULL,0,125.5,NULL,False
501,0.00018419255314054998,candidate,2,3,5869140622.998589,5872167202.689617,0.00017950273066717537,10.262524109982962,-0.9300267550903474,112.6875,False,refined,0.05812667219314671,NULL,3.0,128.30812667219314,128.05025225855368,125.5,2.5502522585536838,NULL,0,125.5,NULL,False
501,0.00018419255314054998,candidate,3,4,4912109373.324942,4908580057.920971,0.0001590268987248596,9.269353515703997,-1.9820361555645771,94.3125,False,refined,0.23347423236718645,NULL,3.0,128.4834742323672,128.05025225855368,125.5,2.5502522585536838,NULL,0,125.5,NULL,False
501,0.00018419255314054998,candidate,4,5,2138671874.2707002,2137840041.1532543,0.00013888814302372442,7.790879257404404,-3.1581445215703496,41.0625,False,refined,0.5287521439874863,NULL,3.0,128.77875214398748,128.05025225855368,125.5,2.5502522585536838,NULL,0,125.5,NULL,False
501,0.00018419255314054998,NULL,5,0,nan,nan,nan,nan,nan,nan,False,NULL,0.25,NULL,0.0,125.5,128.05025225855368,125.5,2.5502522585536838,NULL,0,125.5,NULL,True
502,0.00018419575314055107,candidate,0,1,5097656248.261669,5098917930.631701,0.0002688663284840597,14.005511815071543,2.641520755791529,97.875,False,refined,0.0,rank_2,0.023047255165636344,128.32520686173774,128.32520686173774,125.75,2.5752068617377404,NULL,0,125.75,NULL,False
502,0.00018419575314055107,candidate,1,2,5869140622.998589,5867415643.416454,0.00019836286802576864,11.368999821590027,-2.641520755791529,112.6875,False,refined,0.16509504723697055,rank_3,0.0022577315526379794,128.47547945098276,128.32520686173774,125.75,2.5752068617377404,NULL,0,125.75,NULL,False
502,0.00018419575314055107,candidate,2,3,5673828123.065191,5669413074.4503,0.00015007398882497508,8.945900760121752,-5.064619817259803,108.9375,False,refined,0.4746536245604749,rank_1,0.2530503597399177,128.7779562428541,128.32520686173774,125.75,2.5752068617377404,NULL,0,125.75,NULL,False
502,0.00018419575314055107,candidate,3,4,2148437499.26737,2144081575.7645407,0.00013435638864677237,7.966101632453055,-6.025561894564033,41.25,False,refined,0.6816823735422938,NULL,3.0,129.1816823735423,128.32520686173774,125.75,2.5752068617377404,NULL,0,125.75,NULL,False
502,0.00018419575314055107,candidate,4,5,4042968748.6213236,4040838867.988193,0.0001300823398143687,7.652658514086497,-6.306361532792408,77.625,False,refined,0.746248818686551,NULL,3.0,129.24624881868655,128.32520686173774,125.75,2.5752068617377404,NULL,0,125.75,NULL,False
502,0.00018419575314055107,NULL,5,0,nan,nan,nan,nan,nan,nan,False,NULL,0.25,NULL,0.0,125.75,128.32520686173774,125.75,2.5752068617377404,NULL,0,125.75,NULL,True
503,0.00018419895314055216,candidate,0,1,5097656248.261669,5095787322.908065,0.00026344587973766754,14.412576905303238,4.2369556211050075,97.875,False,refined,0.0,rank_1,0.0009800704719293307,128.32618693220968,128.32618693220968,126.0,2.32618693220968,NULL,0,126.0,NULL,False
503,0.00018419895314055216,candidate,1,2,5908203122.985268,5905487815.906068,0.00016174975428146423,10.161702543298583,-4.2369556211050075,113.4375,False,refined,0.26480972631906297,rank_2,0.14494903180788854,128.88523820910973,128.32618693220968,126.0,2.32618693220968,NULL,0,126.0,NULL,False
503,0.00018419895314055216,candidate,2,3,5800781248.021899,5804435664.279665,0.0001419443285341688,8.919493770482294,-5.3714673184105965,111.375,False,refined,0.49779264182831817,NULL,3.0,129.2477926418283,128.32618693220968,126.0,2.32618693220968,NULL,0,126.0,NULL,False
503,0.00018419895314055216,candidate,3,4,4306640623.53141,4308990641.460665,0.00013194555637595205,8.28502825112241,-6.00593283777048,82.6875,False,refined,0.6326165646922934,NULL,3.0,129.38261656469228,128.32618693220968,126.0,2.32618693220968,NULL,0,126.0,NULL,False
503,0.00018419895314055216,candidate,4,5,3232421873.897725,3236430507.1020436,0.00011189180940534482,6.874955170936499,-7.437862275104097,62.0625,False,refined,0.9336231165535313,NULL,3.0,129.68362311655352,128.32618693220968,126.0,2.32618693220968,NULL,0,126.0,NULL,False
503,0.00018419895314055216,NULL,5,0,nan,nan,nan,nan,nan,nan,False,NULL,0.25,NULL,0.0,126.0,128.32618693220968,126.0,2.32618693220968,NULL,0,126.0,NULL,True
504,0.00018420215314055325,candidate,0,1,5097656248.261669,5095779427.171008,0.00017357678723019335,11.318127083661738,0.9183319199570317,97.875,False,refined,0.0,rank_1,6.234266366905372e-09,128.32618693844395,128.32618693844395,126.25,2.0761869384439535,NULL,0,126.25,NULL,False
504,0.00018420215314055325,candidate,1,2,4697265623.398205,4700694594.148238,0.00015616188752411492,10.411517051095949,-0.9183319199570317,90.1875,False,refined,0.05739574499731448,NULL,3.0,129.0573957449973,128.32618693844395,126.25,2.0761869384439535,NULL,0,126.25,NULL,False
504,0.00018420215314055325,candidate,2,3,5927734372.978607,5932564680.445,0.00013864070806681104,9.270195664670746,-1.9520175582670873,113.81249999999999,False,refined,0.23147174769108103,rank_2,0.07331565932596648,129.19002561612677,128.32618693844395,126.25,2.0761869384439535,NULL,0,126.25,NULL,False
504,0.00018420215314055325,candidate,3,4,4306640623.53141,4306019845.6882515,0.00013807610180431942,9.1972167207462,-1.9874625642481014,82.6875,False,refined,0.2446339021535764,NULL,3.0,129.24463390215357,128.32618693844395,126.25,2.0761869384439535,NULL,0,126.25,NULL,False
504,0.00018420215314055325,candidate,4,5,1308593749.5537617,1305732746.7164195,0.00012627737193463334,8.541944198278397,-2.763322216258066,25.124999999999996,False,refined,0.39141600877436955,NULL,3.0,129.39141600877437,128.32618693844395,126.25,2.0761869384439535,NULL,0,126.25,NULL,False
504,0.00018420215314055325,NULL,5,0,nan,nan,nan,nan,nan,nan,False,NULL,0.25,NULL,0.0,126.25,128.32618693844395,126.25,2.0761869384439535,NULL,0,126.25,NULL,True
505,0.00018420535314055434,candidate,0,1,4707031248.394875,4706849925.880595,0.00017681219667638204,11.4883074881699,1.4452284875264265,90.375,False,refined,0.0,rank_2,0.0037888108735361333,129.06118455587085,129.06118455587085,126.5,2.5611845558708524,NULL,0,126.5,NULL,False
505,0.00018420535314055434,candidate,1,2,4326171873.52475,4322834165.973416,0.00014970999483816398,10.072480201300849,-1.4452284875264265,83.0625,False,refined,0.09032678047040166,NULL,3.0,129.3403267804704,129.06118455587085,126.5,2.5611845558708524,NULL,0,126.5,NULL,False
505,0.00018420535314055434,candidate,2,3,5341796873.178415,5337377177.825287,0.0001355739212721198,9.10156116758528,-2.306721244310541,102.56249999999999,False,refined,0.27893590263161694,NULL,3.0,129.52893590263162,129.06118455587085,126.5,2.5611845558708524,NULL,0,126.5,NULL,False
505,0.00018420535314055434,candidate,3,4,1298828124.557092,1298563815.2909038,0.00012846353548769265,8.633635420727295,-2.7746469911685256,24.9375,False,refined,0.37837012383893864,NULL,3.0,129.62837012383895,129.06118455587085,126.5,2.5611845558708524,NULL,0,126.5,NULL,False
505,0.00018420535314055434,candidate,4,5,2802734374.044251,2806377883.9651275,0.000124288138305555,8.29945109138067,-3.061650738656585,53.8125,False,refined,0.4464355074589361,NULL,3.0,129.69643550745894,129.06118455587085,126.5,2.5611845558708524,NULL,0,126.5,NULL,False
505,0.00018420535314055434,NULL,5,0,nan,nan,nan,nan,nan,nan,False,NULL,0.25,NULL,0.0,126.5,129.06118455587085,126.5,2.5611845558708524,NULL,0,126.5,NULL,True
506,0.00018420855314055544,candidate,0,1,4335937498.52142,4339837791.0656,0.00019106387470180236,10.745898846258983,2.1791511803975627,83.25,False,refined,0.0,rank_2,0.02891232662755516,129.36923910709797,129.36923910709797,126.75,2.619239107097968,NULL,0,126.75,NULL,False
506,0.00018420855314055544,candidate,1,2,4892578123.331602,4890548972.910089,0.00014866920593616846,8.56674766586142,-2.1791511803975627,93.9375,False,refined,0.3511847988956346,NULL,3.0,129.85118479889564,129.36923910709797,126.75,2.619239107097968,NULL,0,126.75,NULL,False
506,0.00018420855314055544,candidate,2,3,5332031248.181746,5327403931.011677,0.0001484805092150162,8.454576770734592,-2.1901826506075928,102.37499999999999,False,refined,0.36869990005278575,NULL,3.0,129.86869990005277,129.36923910709797,126.75,2.619239107097968,NULL,0,126.75,NULL,False
506,0.00018420855314055544,candidate,3,4,5849609373.005249,5846838546.236791,0.00013413367130763032,7.673083462059118,-3.072815384199865,112.3125,False,refined,0.5410884422036238,NULL,3.0,130.04108844220363,129.36923910709797,126.75,2.619239107097968,NULL,0,126.75,NULL,False
506,0.00018420855314055544,candidate,4,5,4687499998.401535,4688607224.478585,0.00012678931966148948,7.105461116079468,-3.5619181871151806,90.0,False,refined,0.6568007192827786,rank_1,0.03327961544428963,129.75126489059792,129.36923910709797,126.75,2.619239107097968,NULL,0,126.75,NULL,False
506,0.00018420855314055544,NULL,5,0,nan,nan,nan,nan,nan,nan,False,NULL,0.25,NULL,0.0,126.75,129.36923910709797,126.75,2.619239107097968,NULL,0,126.75,NULL,True
507,0.00018421175314055653,candidate,0,1,5859374998.001919,5858810363.670276,0.00019414033866569264,11.153489824496914,0.7834502210583771,112.5,False,refined,0.0,NULL,3.0,129.75,129.4219971207349,127.0,2.4219971207348863,NULL,0,127.0,NULL,False
507,0.00018421175314055653,candidate,1,2,4345703123.518089,4345996017.125734,0.00017739577488649607,10.307105889760644,-0.7834502210583771,83.4375,False,refined,0.04896563881614857,rank_1,0.0037923748207712715,129.4219971207349,129.4219971207349,127.0,2.4219971207348863,NULL,0,127.0,NULL,False
507,0.00018421175314055653,candidate,2,3,4882812498.334932,4885673724.50067,0.00017006590314620724,9.940585448430417,-1.1499706623886041,93.75,False,refined,0.08078534913472524,NULL,3.0,129.83078534913471,129.4219971207349,127.0,2.4219971207348863,NULL,0,127.0,NULL,False
507,0.00018421175314055653,candidate,3,4,5068359373.27166,5064508127.547267,0.0001408100796816252,8.29396540004013,-2.789640772806461,97.3125,False,refined,0.4302577382943842,NULL,3.0,130.1802577382944,129.4219971207349,127.0,2.4219971207348863,NULL,0,127.0,NULL,False
507,0.00018421175314055653,candidate,4,5,3847656248.6879263,3851553108.3358254,0.0001350200498128888,7.921659631887872,-3.154350380228994,73.875,False,refined,0.5088979539811314,NULL,3.0,130.25889795398112,129.4219971207349,127.0,2.4219971207348863,NULL,0,127.0,NULL,False
507,0.00018421175314055653,NULL,5,0,nan,nan,nan,nan,nan,nan,False,NULL,0.25,NULL,0.0,127.0,129.4219971207349,127.0,2.4219971207348863,NULL,0,127.0,NULL,True
508,0.00018421495314055762,candidate,0,1,5878906247.995258,5875194704.201038,0.0002060420151114391,11.707920141614174,1.5576308506728598,112.875,False,refined,0.0,rank_1,0.026844661462799246,129.7768446614628,129.7768446614628,127.25,2.5268446614628033,NULL,0,127.25,NULL,False
508,0.00018421495314055762,candidate,1,2,5078124998.26833,5078766571.467216,0.00017221629674484665,10.230522340813737,-1.5576308506728598,97.5,False,refined,0.09735192816705374,NULL,3.0,130.09735192816706,129.7768446614628,127.25,2.5268446614628033,NULL,0,127.25,NULL,False
508,0.00018421495314055762,candidate,2,3,4873046873.338263,4870224992.513565,0.00017090676265181767,10.164222373357008,-1.6239308181295886,93.5625,False,refined,0.10149567613309929,rank_3,0.023866332000941258,129.95614735726878,129.7768446614628,127.25,2.5268446614628033,NULL,0,127.25,NULL,False
508,0.00018421495314055762,candidate,3,4,5273437498.201727,5277303136.470312,0.00015696628293553882,9.344931848494902,-2.3629882931192725,101.25,False,refined,0.24594699104571927,NULL,3.0,130.2459469910457,129.7768446614628,127.25,2.5268446614628033,NULL,0,127.25,NULL,False
508,0.00018421495314055762,candidate,4,5,4648437498.414855,4652991483.8887415,0.00014555991019572532,8.757188268440101,-3.018280193991343,89.24999999999999,False,refined,0.3750642718584437,NULL,3.0,130.37506427185843,129.7768446614628,127.25,2.5268446614628033,NULL,0,127.25,NULL,False
508,0.00018421495314055762,NULL,5,0,nan,nan,nan,nan,nan,nan,False,NULL,0.25,NULL,0.0,127.25,129.7768446614628,127.25,2.5268446614628033,NULL,0,127.25,NULL,True
509,0.0001842181531405587,candidate,0,1,4863281248.341593,4867196628.50129,0.00021589249954063648,12.543906845639432,0.3555506363386307,93.375,False,refined,0.0,rank_3,0.0009170988590840774,129.95706445612785,129.95706445612785,127.5,2.4570644561278527,NULL,0,127.5,NULL,False
509,0.0001842181531405587,candidate,1,2,5097656248.261669,5102049111.0047035,0.00020723352898775887,12.207299430236782,-0.3555506363386307,97.875,False,refined,0.02222191477116442,rank_2,0.05420766473146912,130.1737815076697,129.95706445612785,127.5,2.4570644561278527,NULL,0,127.5,NULL,False
509,0.0001842181531405587,candidate,2,3,4677734373.404865,4677858476.044777,0.00018330410623943762,11.089375992671409,-1.421307213751124,89.8125,False,refined,0.08883170085944525,NULL,3.0,130.33883170085946,129.95706445612785,127.5,2.4570644561278527,NULL,0,127.5,NULL,False
509,0.0001842181531405587,candidate,3,4,5400390623.158435,5403222827.316532,0.0001749401856191477,10.766154387084086,-1.8269594299820913,103.6875,False,refined,0.1141849643738807,NULL,3.0,130.3641849643739,129.95706445612785,127.5,2.4570644561278527,NULL,0,127.5,NULL,False
509,0.0001842181531405587,candidate,4,5,4970703123.304961,4975386079.345529,0.0001532422027114671,9.597817790807044,-2.977183371329062,95.4375,False,refined,0.24640129208700978,NULL,3.0,130.496401292087,129.95706445612785,127.5,2.4570644561278527,NULL,0,127.5,NULL,False
509,0.0001842181531405587,NULL,5,0,nan,nan,nan,nan,nan,nan,False,NULL,0.25,NULL,0.0,127.5,129.95706445612785,127.5,2.4570644561278527,NULL,0,127.5,NULL,True
510,0.0001842213531405598,candidate,0,1,4873046873.338263,4871993236.061216,0.0002568250828801777,14.172572912304506,2.624337750785468,93.5625,False,refined,0.0,rank_1,0.0023007444083939575,129.95936520053624,129.95936520053624,127.75,2.20936520053624,NULL,0,127.75,NULL,False
510,0.0001842213531405598,candidate,1,2,5390624998.161765,5393504210.294195,0.00018985434874216645,11.468178990181794,-2.624337750785468,103.5,False,refined,0.16402110942409176,rank_4,0.009445151682685773,130.53765122548066,129.95936520053624,127.75,2.20936520053624,NULL,0,127.75,NULL,False
510,0.0001842213531405598,candidate,2,3,5078124998.26833,5082679180.202277,0.00018955553401325137,11.53455353427531,-2.638019378029197,97.5,False,refined,0.16487621112682482,rank_2,0.037519421929078464,130.37617714072562,129.95936520053624,127.75,2.20936520053624,NULL,0,127.75,NULL,False
510,0.0001842213531405598,candidate,3,4,5917968747.981937,5919766547.555016,0.00015283568641675916,9.542312781180513,-4.508253302606828,113.62499999999999,False,refined,0.3504189142358498,NULL,3.0,130.85041891423586,129.95936520053624,127.75,2.20936520053624,NULL,0,127.75,NULL,False
510,0.0001842213531405598,candidate,4,5,4677734373.404865,4673966783.833093,0.00014815248130356889,9.394002765056921,-4.778570147247585,89.8125,False,refined,0.38956021944443586,rank_3,0.001514526827048367,130.72990644713093,129.95936520053624,127.75,2.20936520053624,NULL,0,127.75,NULL,False
510,0.0001842213531405598,NULL,5,0,nan,nan,nan,nan,nan,nan,False,NULL,0.25,NULL,0.0,127.75,129.95936520053624,127.75,2.20936520053624,NULL,0,127.75,NULL,True
511,0.0001842245531405609,candidate,0,1,4873046873.338263,4873017089.292945,0.0002470068621157966,12.998929378619177,0.5942161508232768,93.5625,False,refined,0.0,rank_1,0.00010482754401210037,129.95947002808026,129.95947002808026,128.0,1.9594700280802613,NULL,0,128.0,NULL,False
511,0.0001842245531405609,candidate,1,2,5029296873.28498,5028472039.700419,0.00023067376867805532,12.36853613791193,-0.5942161508232768,96.5625,False,refined,0.0371385094264548,rank_3,0.2938414081388147,130.70715705829087,129.95947002808026,128.0,1.9594700280802613,NULL,0,128.0,NULL,False
511,0.0001842245531405609,candidate,2,3,2880859374.01761,2881590128.358678,0.0001842476575094357,10.416611417384356,-2.5461408713508504,55.3125,False,refined,0.15913380445942815,NULL,3.0,130.90913380445943,129.95947002808026,128.0,1.9594700280802613,NULL,0,128.0,NULL,False
511,0.0001842245531405609,candidate,3,4,5937499997.975278,5936062684.364933,0.00017119674160027796,9.778481806093922,-3.184270482641285,114.00000000000001,False,refined,0.23224463425099207,NULL,3.0,130.982244634251,129.95947002808026,128.0,1.9594700280802613,NULL,0,128.0,NULL,False
511,0.0001842245531405609,candidate,4,5,5361328123.171756,5365052917.047786,0.00014557182000929445,8.406295242683468,-4.592634135935709,102.9375,False,refined,0.5260953470934616,rank_2,0.0809476087393182,131.14469418131344,129.95947002808026,128.0,1.9594700280802613,NULL,0,128.0,NULL,False
511,0.0001842245531405609,NULL,5,0,nan,nan,nan,nan,nan,nan,False,NULL,0.25,NULL,0.0,128.0,129.95947002808026,128.0,1.9594700280802613,NULL,0,128.0,NULL,True
512,0.00018422775314056198,candidate,0,1,5957031247.968617,5957513213.231932,0.00022226907556476588,11.097988344032235,1.0802612233348885,114.375,False,refined,0.0,NULL,3.0,131.0,130.24168496724076,128.25,1.991684967240758,NULL,0,128.25,NULL,False
512,0.00018422775314056198,candidate,1,2,5009765623.29164,5013054433.137052,0.00019627545015130733,10.109490065209394,-1.0802612233348885,96.1875,False,refined,0.06751632645843053,rank_2,0.023770259214280325,130.79844364396357,130.24168496724076,128.25,1.991684967240758,NULL,0,128.25,NULL,False
512,0.00018422775314056198,candidate,2,3,2890624999.01428,2894409238.658656,0.0001801342185532161,9.327388382407245,-1.8256564676743725,55.5,False,refined,0.2149952718685616,rank_3,0.01643295888830086,131.14056203521628,130.24168496724076,128.25,1.991684967240758,NULL,0,128.25,NULL,False
512,0.00018422775314056198,candidate,3,4,4873046873.338263,4874411754.488579,0.00017319289552955968,9.022771884585037,-2.166979403959246,93.5625,False,refined,0.28202043005969735,rank_1,0.00019450910079125118,130.24168496724076,130.24168496724076,128.25,1.991684967240758,NULL,0,128.25,NULL,False
512,0.00018422775314056198,candidate,4,5,4560546873.444827,4561844053.565278,0.0001574212309784397,8.076358241406227,-2.9963147827327052,87.56250000000001,False,refined,0.47581593770985997,NULL,3.0,131.47581593770985,130.24168496724076,128.25,1.991684967240758,NULL,0,128.25,NULL,False
512,0.00018422775314056198,NULL,5,0,nan,nan,nan,nan,nan,nan,False,NULL,0.25,NULL,0.0,128.25,130.24168496724076,128.25,1.991684967240758,NULL,0,128.25,NULL,True
513,0.00018423095314056307,candidate,0,1,5947265622.971948,5948765537.791555,0.0002393899715186515,10.178146559752497,2.7446618005213974,114.1875,False,refined,0.0,rank_1,0.007652182561016237,131.007652182561,131.007652182561,128.5,2.507652182561003,NULL,0,128.5,NULL,False
513,0.00018423095314056307,candidate,1,2,5380859373.165095,5384207109.832916,0.00017453111493367487,7.38929813343125,-2.7446618005213974,103.3125,False,refined,0.5631466425178998,NULL,3.0,131.8131466425179,131.007652182561,128.5,2.507652182561003,NULL,0,128.5,NULL,False
513,0.00018423095314056307,candidate,2,3,4082031248.608003,4083899399.298948,0.00016591082084027993,7.052218171268958,-3.184624821480382,78.375,False,refined,0.6412063256521802,NULL,3.0,131.89120632565218,131.007652182561,128.5,2.507652182561003,NULL,0,128.5,NULL,False
513,0.00018423095314056307,candidate,3,4,3164062498.9210362,3163987795.4318905,0.0001598066960727571,6.726623386755879,-3.510219605993461,60.75000000000001,False,refined,0.7103952173612095,NULL,3.0,131.9603952173612,131.007652182561,128.5,2.507652182561003,NULL,0,128.5,NULL,False
513,0.00018423095314056307,candidate,4,5,5117187498.255009,5121881759.844022,0.00015347394310738066,6.282700458248893,-3.861426035117228,98.25,False,refined,0.7989340584574928,NULL,3.0,132.0489340584575,131.007652182561,128.5,2.507652182561003,NULL,0,128.5,NULL,False
513,0.00018423095314056307,NULL,5,0,nan,nan,nan,nan,nan,nan,False,NULL,0.25,NULL,0.0,128.5,131.007652182561,128.5,2.507652182561003,NULL,0,128.5,NULL,True
514,0.00018423415314056417,candidate,0,1,5917968747.981937,5918854418.579528,0.00023922020680303442,12.234079336866523,0.8801996562234837,113.62499999999999,False,refined,0.0,rank_1,0.08946750525161234,131.0971196878126,131.0971196878126,128.75,2.347119687812608,NULL,0,128.75,NULL,False
514,0.00018423415314056417,candidate,1,2,5390624998.161765,5387127538.3715105,0.00021616624506804531,11.323438572283315,-0.8801996562234837,103.5,False,refined,0.05501247851396773,NULL,3.0,131.55501247851396,131.0971196878126,128.75,2.347119687812608,NULL,0,128.75,NULL,False
514,0.00018423415314056417,candidate,2,3,4638671873.418185,4634760648.31946,0.00017777021807193903,9.655302210487857,-2.5787771263786663,89.0625,False,refined,0.21287823882548806,NULL,3.0,131.71287823882548,131.0971196878126,128.75,2.347119687812608,NULL,0,128.75,NULL,False
514,0.00018423415314056417,candidate,3,4,3671874998.747869,3672849740.537144,0.00016689144457347605,9.10680358366684,-3.127275753199683,70.5,False,refined,0.32943419702495413,NULL,3.0,131.82943419702497,131.0971196878126,128.75,2.347119687812608,NULL,0,128.75,NULL,False
514,0.00018423415314056417,candidate,4,5,4970703123.304961,4968063873.246194,0.00016569482569033872,8.914418829154851,-3.1897782996744883,95.4375,False,refined,0.3621983193564279,NULL,3.0,131.86219831935642,131.0971196878126,128.75,2.347119687812608,NULL,0,128.75,NULL,False
514,0.00018423415314056417,NULL,5,0,nan,nan,nan,nan,nan,nan,False,NULL,0.25,NULL,0.0,128.75,131.0971196878126,128.75,2.347119687812608,NULL,0,128.75,NULL,True
515,0.00018423735314056526,candidate,0,1,5898437497.988598,5899347336.764912,0.00021471434168799573,12.962077500815452,0.7381398059201683,113.25,False,refined,0.0,rank_1,0.03805262409221302,131.13517231190482,131.13517231190482,129.0,2.1351723119048245,NULL,0,129.0,NULL,False
515,0.00018423735314056526,candidate,1,2,5390624998.161765,5386160900.694433,0.00019722141186355962,12.223937694895284,-0.7381398059201683,103.5,False,refined,0.046133737870010516,rank_2,9.343883987453858e-05,131.60123965522385,131.13517231190482,129.0,2.1351723119048245,NULL,0,129.0,NULL,False
515,0.00018423735314056526,candidate,2,3,4960937498.308291,4961294613.024775,0.00017320853082734345,11.096241984676096,-1.8658355161393558,95.25,False,refined,0.11661471975870974,NULL,3.0,131.8666147197587,131.13517231190482,129.0,2.1351723119048245,NULL,0,129.0,NULL,False
515,0.00018423735314056526,candidate,3,4,3671874998.747869,3671470165.3949246,0.00015957109044312083,10.29131780310479,-2.5781368189703446,70.5,False,refined,0.16113355118564654,NULL,3.0,131.91113355118566,131.13517231190482,129.0,2.1351723119048245,NULL,0,129.0,NULL,False
515,0.00018423735314056526,candidate,4,5,4648437498.414855,4644583106.45923,0.00015129682240366978,9.849125093301643,-3.04062493791708,89.24999999999999,False,refined,0.2126702946245711,rank_3,0.009648068390754392,131.9351966018408,131.13517231190482,129.0,2.1351723119048245,NULL,0,129.0,NULL,False
515,0.00018423735314056526,NULL,5,0,nan,nan,nan,nan,nan,nan,False,NULL,0.25,NULL,0.0,129.0,131.13517231190482,129.0,2.1351723119048245,NULL,0,129.0,NULL,True
516,0.00018424055314056635,candidate,0,1,5888671872.991928,5889779597.92817,0.00017424345207837826,10.46840031688518,0.4692020193819957,113.0625,False,refined,0.0,rank_1,0.009154162644809059,131.14432647454964,131.14432647454964,129.25,1.8943264745496435,NULL,0,129.25,NULL,False
516,0.00018424055314056635,candidate,1,2,4951171873.311622,4950911637.690338,0.00016508072429605782,10.067051700397336,-0.4692020193819957,95.06250000000001,False,refined,0.02932512621137473,rank_3,0.010780617679551503,131.90672046364963,131.14432647454964,129.25,1.8943264745496435,NULL,0,129.25,NULL,False
516,0.00018424055314056635,candidate,2,3,3681640623.744539,3677259395.00368,0.00014267749297671087,8.629250168019498,-1.7360199405001797,70.6875,False,refined,0.31411372107833657,rank_4,0.003351517946289238,132.2285987902103,131.14432647454964,129.25,1.8943264745496435,NULL,0,129.25,NULL,False
516,0.00018424055314056635,candidate,3,4,4824218748.354913,4822716472.246882,0.0001263903877096798,7.853702161716809,-2.788848411714442,92.625,False,refined,0.49624770147463126,NULL,3.0,132.49624770147463,131.14432647454964,129.25,1.8943264745496435,NULL,0,129.25,NULL,False
516,0.00018424055314056635,candidate,4,5,5400390623.158435,5398421077.361567,0.00012514024244209639,7.767361080855846,-2.875189492575405,103.6875,False,refined,0.514595181157586,rank_2,0.015031193190932055,132.13086602957236,131.14432647454964,129.25,1.8943264745496435,NULL,0,129.25,NULL,False
516,0.00018424055314056635,NULL,5,0,nan,nan,nan,nan,nan,nan,False,NULL,0.25,NULL,0.0,129.25,131.14432647454964,129.25,1.8943264745496435,NULL,0,129.25,NULL,True
517,0.00018424375314056744,candidate,0,1,5722656248.04854,5717968079.189394,0.00018619178046950418,10.267898605932393,2.265686065730872,109.87499999999999,False,refined,0.0,NULL,3.0,132.25,131.6121291438577,129.5,2.112129143857686,NULL,0,129.5,NULL,False
517,0.00018424375314056744,candidate,1,2,5566406248.101823,5564811852.611768,0.00014344195696468746,8.002212540201521,-2.265686065730872,106.875,False,refined,0.44127349807795135,NULL,3.0,132.69127349807795,131.6121291438577,129.5,2.112129143857686,NULL,0,129.5,NULL,False
517,0.00018424375314056744,candidate,2,3,5878906247.995258,5880516605.345855,0.00014250854522164993,7.906180877739706,-2.322391964975825,112.875,False,refined,0.4592223661500332,rank_1,0.008580303158003096,131.6121291438577,131.6121291438577,129.5,2.112129143857686,NULL,0,129.5,NULL,False
517,0.00018424375314056744,candidate,3,4,4169921873.578032,4168893652.84163,0.00013520484800907934,7.378848788339187,-2.7793648127310266,80.0625,False,refined,0.5668829825448111,NULL,3.0,132.8168829825448,131.6121291438577,129.5,2.112129143857686,NULL,0,129.5,NULL,False
517,0.00018424375314056744,candidate,4,5,4863281248.341593,4863824392.194475,0.00013099477301262703,7.213767840972984,-3.0541307649594085,93.375,False,refined,0.6088179966640154,NULL,3.0,132.85881799666402,131.6121291438577,129.5,2.112129143857686,NULL,0,129.5,NULL,False
517,0.00018424375314056744,NULL,5,0,nan,nan,nan,nan,nan,nan,False,NULL,0.25,NULL,0.0,129.5,131.6121291438577,129.5,2.112129143857686,NULL,0,129.5,NULL,True
518,0.00018424695314056853,candidate,0,1,5722656248.04854,5725841031.528224,0.00023223738882234926,11.485995014119688,3.151483526584622,109.87499999999999,False,refined,0.0,rank_1,0.006198337852948868,132.25619833785294,132.25619833785294,129.75,2.506198337852936,NULL,0,129.75,NULL,False
518,0.00018424695314056853,candidate,1,2,5585937498.095162,5588108534.479251,0.0001615689726544421,8.334511487535066,-3.151483526584622,107.25,False,refined,0.446790997281279,NULL,3.0,132.94679099728128,132.25619833785294,129.75,2.506198337852936,NULL,0,129.75,NULL,False
518,0.00018424695314056853,candidate,2,3,4199218748.568042,4194671326.3714247,0.00015934362910253113,8.171165325120393,-3.271948713820594,80.625,False,refined,0.47882199584572815,NULL,3.0,132.97882199584572,132.25619833785294,129.75,2.506198337852936,NULL,0,129.75,NULL,False
518,0.00018424695314056853,candidate,3,4,3935546873.657955,3936584443.55867,0.00015927767675932668,8.174857374065816,-3.2755445485754464,75.5625,False,refined,0.478492928176093,NULL,3.0,132.97849292817608,132.25619833785294,129.75,2.506198337852936,NULL,0,129.75,NULL,False
518,0.00018424695314056853,candidate,4,5,4365234373.51143,4368951828.386999,0.0001486234682623991,7.573506960846776,-3.876894961794486,83.81250000000001,False,refined,0.6062798909851389,NULL,3.0,133.10627989098515,132.25619833785294,129.75,2.506198337852936,NULL,0,129.75,NULL,False
518,0.00018424695314056853,NULL,5,0,nan,nan,nan,nan,nan,nan,False,NULL,0.25,NULL,0.0,129.75,132.25619833785294,129.75,2.506198337852936,NULL,0,129.75,NULL,True
519,0.00018425015314056962,candidate,0,1,5742187498.041881,5741751182.005655,0.00025071140933223654,12.992484439532923,0.7221758619785934,110.25,False,refined,0.0,rank_1,0.025313288821450737,132.2815116266744,132.2815116266744,130.0,2.281511626674387,NULL,0,130.0,NULL,False
519,0.00018425015314056962,candidate,1,2,3955078123.651295,3953122460.9166512,0.000230709408168888,12.282055975411561,-0.7221758619785934,75.9375,False,refined,0.04513599137366209,NULL,3.0,132.79513599137366,132.2815116266744,130.0,2.281511626674387,NULL,0,130.0,NULL,False
519,0.00018425015314056962,candidate,2,3,5595703123.091832,5599369040.852137,0.00015866855207162693,8.84841662896732,-3.9736647920184165,107.4375,False,refined,0.4210915551560531,NULL,3.0,133.17109155515604,132.2815116266744,130.0,2.281511626674387,NULL,0,130.0,NULL,False
519,0.00018425015314056962,candidate,3,4,4208984373.5647116,4211815333.472374,0.00015676876244020123,8.91419307457645,-4.078291364956472,80.8125,False,refined,0.4177642491233119,NULL,3.0,133.1677642491233,132.2815116266744,130.0,2.281511626674387,NULL,0,130.0,NULL,False
519,0.00018425015314056962,candidate,4,5,1845703124.3706043,1844150652.1037705,0.00014285426219282546,8.144507243044687,-4.88561791412665,35.4375,False,refined,0.5836750331762125,NULL,3.0,133.3336750331762,132.2815116266744,130.0,2.281511626674387,NULL,0,130.0,NULL,False
519,0.00018425015314056962,NULL,5,0,nan,nan,nan,nan,nan,nan,False,NULL,0.25,NULL,0.0,130.0,132.2815116266744,130.0,2.281511626674387,NULL,0,130.0,NULL,True
520,0.0001842533531405707,candidate,0,1,5761718748.03522,5764175831.655108,0.00023575659460376618,12.147827213226359,0.38337616660410134,110.625,False,refined,0.0,rank_1,0.05028649119007199,132.33179811786445,132.33179811786445,130.25,2.0817981178644516,NULL,0,130.25,NULL,False
520,0.0001842533531405707,candidate,1,2,3964843748.647965,3966767541.3252177,0.00022557711676033507,11.699194959956776,-0.38337616660410134,76.125,False,refined,0.023961010412756334,rank_2,0.018618821935624467,132.83771582372205,132.33179811786445,130.25,2.0817981178644516,NULL,0,130.25,NULL,False
520,0.0001842533531405707,candidate,2,3,5224609373.218377,5228160137.494672,0.0001880411685367872,10.14800815075442,-1.964218167166365,100.3125,False,refined,0.12276363544789781,NULL,3.0,133.1227636354479,132.33179811786445,130.25,2.0817981178644516,NULL,0,130.25,NULL,False
520,0.0001842533531405707,candidate,3,4,1845703124.3706043,1849665779.0190485,0.00017677974997275047,9.54451660305434,-2.500626687598535,35.4375,False,refined,0.22461167751675737,NULL,3.0,133.22461167751675,132.33179811786445,130.25,2.0817981178644516,NULL,0,130.25,NULL,False
520,0.0001842533531405707,candidate,4,5,2373046874.190777,2370462445.2707505,0.00017153947583211404,9.314165323448398,-2.761995420370287,45.56249999999999,False,refined,0.27549991525588324,NULL,3.0,133.2754999152559,132.33179811786445,130.25,2.0817981178644516,NULL,0,130.25,NULL,False
520,0.0001842533531405707,NULL,5,0,nan,nan,nan,nan,nan,nan,False,NULL,0.25,NULL,0.0,130.25,132.33179811786445,130.25,2.0817981178644516,NULL,0,130.25,NULL,True
521,0.0001842565531405718,candidate,0,1,3994140623.6379743,3993242729.959002,0.00018993690120324466,8.359977774349812,0.13358292141794514,76.6875,False,refined,0.24600333384752826,rank_2,0.07009356131944612,133.15381271888904,132.65951652051191,130.5,2.1595165205119145,NULL,0,130.5,NULL,False
521,0.0001842565531405718,candidate,1,2,5791015623.025229,5790440229.803476,0.0001870381517121349,8.33074927300502,-0.13358292141794514,111.1875,False,refined,0.2587365416378685,rank_1,0.06898186100959901,132.65951652051191,132.65951652051191,130.5,2.1595165205119145,NULL,0,130.5,NULL,False
521,0.0001842565531405718,candidate,2,3,5283203123.198397,5285771701.060546,0.00017653425795471328,7.828725156959386,-0.6356070374635792,101.4375,False,refined,0.36541666629756575,NULL,3.0,133.61541666629756,132.65951652051191,130.5,2.1595165205119145,NULL,0,130.5,NULL,False
521,0.0001842565531405718,candidate,3,4,4238281248.554721,4236499540.600347,0.00017585161965368146,7.756785867025062,-0.6692595118631317,81.375,False,refined,0.3783108394376864,NULL,3.0,133.6283108394377,132.65951652051191,130.5,2.1595165205119145,NULL,0,130.5,NULL,False
521,0.0001842565531405718,candidate,4,5,1855468749.3672743,1857676284.9288695,0.00016772973530557493,7.308214052552771,-1.0799857329426388,35.625,False,refined,0.47126700042599934,rank_4,0.0064168204931277706,133.70229549843586,132.65951652051191,130.5,2.1595165205119145,NULL,0,130.5,NULL,False
521,0.0001842565531405718,NULL,5,0,nan,nan,nan,nan,nan,nan,False,NULL,0.25,NULL,0.0,130.5,132.65951652051191,130.5,2.1595165205119145,NULL,0,130.5,NULL,True
522,0.0001842597531405729,candidate,0,1,4873046873.338263,4875636896.312697,0.00021555089035862104,9.134425096627243,0.5759454789247798,93.5625,False,refined,0.1298362355059135,NULL,3.0,133.6298362355059,133.6298362355059,130.75,2.8798362355059055,NULL,0,130.75,NULL,False
522,0.0001842597531405729,candidate,1,2,5986328122.958627,5983073931.274558,0.0002017216663965907,8.454054482704194,-0.5759454789247798,114.9375,False,refined,0.2678884200271696,NULL,3.0,133.76788842002716,133.6298362355059,130.75,2.8798362355059055,NULL,0,130.75,NULL,False
522,0.0001842597531405729,candidate,2,3,4374999998.5081,4372375863.901253,0.0001970922134739354,8.395419639955826,-0.7776070832241899,84.0,False,refined,0.289287496708138,NULL,3.0,133.78928749670814,133.6298362355059,130.75,2.8798362355059055,NULL,0,130.75,NULL,False
522,0.0001842597531405729,candidate,3,4,4013671873.6313143,4012343263.183378,0.00016766001308501729,6.71229988205277,-2.182406507629926,77.0625,False,refined,0.6295554244189548,rank_1,0.03648303694554991,133.81985118025355,133.6298362355059,130.75,2.8798362355059055,NULL,0,130.75,NULL,False
522,0.0001842597531405729,candidate,4,5,4208984373.5647116,4206222362.327611,0.00016134622122981724,6.646478999991068,-2.5158204505723525,80.8125,False,refined,0.6602669281621119,NULL,3.0,134.16026692816212,133.6298362355059,130.75,2.8798362355059055,NULL,0,130.75,NULL,False
522,0.0001842597531405729,NULL,5,0,nan,nan,nan,nan,nan,nan,False,NULL,0.25,NULL,0.0,130.75,133.6298362355059,130.75,2.8798362355059055,NULL,0,130.75,NULL,True
523,0.000184262953140574,candidate,0,1,4873046873.338263,4873161349.769669,0.00026423068123317367,11.793941119001046,1.7908145048925128,93.5625,False,refined,0.0,rank_1,0.0006128330686701999,133.63044906857456,133.63044906857456,131.0,2.6304490685745634,NULL,0,131.0,NULL,False
523,0.000184262953140574,candidate,1,2,5996093747.9552965,nan,0.00021500200958642684,9.962195187626,-1.7908145048925128,115.125,True,boundary_peak,1.6175966284118821,NULL,3.0,135.3675966284119,133.63044906857456,131.0,2.6304490685745634,NULL,0,131.0,NULL,False
523,0.000184262953140574,candidate,2,3,4345703123.518089,4341386966.924913,0.00019582625758242297,9.191694714558754,-2.602246404442292,83.4375,False,refined,0.28388619309383023,NULL,3.0,134.03388619309382,133.63044906857456,131.0,2.6304490685745634,NULL,0,131.0,NULL,False
523,0.000184262953140574,candidate,3,4,5546874998.108483,5548811288.013268,0.00017660975692498424,8.294570085826063,-3.4993710331749828,106.5,False,refined,0.474525176699527,NULL,3.0,134.22452517669953,133.63044906857456,131.0,2.6304490685745634,NULL,0,131.0,NULL,False
523,0.000184262953140574,candidate,4,5,4023437498.627984,4027397818.7744737,0.00015929202577783457,7.3572255112491725,-4.39578418126934,77.25,False,refined,0.6711526846419579,NULL,3.0,134.42115268464195,133.63044906857456,131.0,2.6304490685745634,NULL,0,131.0,NULL,False
523,0.000184262953140574,NULL,5,0,nan,nan,nan,nan,nan,nan,False,NULL,0.25,NULL,0.0,131.0,133.63044906857456,131.0,2.6304490685745634,NULL,0,131.0,NULL,True
524,0.00018426615314057508,candidate,0,1,4873046873.338263,4873650676.981445,0.000281783074579397,13.147188472999849,2.369639027276147,93.5625,False,refined,0.0,rank_1,2.394411201851921e-05,133.6304730126866,133.6304730126866,131.25,2.3804730126865934,NULL,0,131.25,NULL,False
524,0.00018426615314057508,candidate,1,2,5996093747.9552965,nan,0.000214502793338978,10.608514808257246,-2.369639027276147,115.125,True,boundary_peak,1.6481024392047592,NULL,3.0,135.64810243920476,133.6304730126866,131.25,2.3804730126865934,NULL,0,131.25,NULL,False
524,0.00018426615314057508,candidate,2,3,4316406248.52808,4321260428.880733,0.00020378663621653645,10.379799393567835,-2.814784054833943,82.875,False,refined,0.17592400342712144,NULL,3.0,134.17592400342713,133.6304730126866,131.25,2.3804730126865934,NULL,0,131.25,NULL,False
524,0.00018426615314057508,candidate,3,4,5556640623.105153,5552504056.854359,0.00017478272850788933,9.04625567438523,-4.148327774016547,106.6875,False,refined,0.4023321347182496,NULL,3.0,134.40233213471825,133.6304730126866,131.25,2.3804730126865934,NULL,0,131.25,NULL,False
524,0.00018426615314057508,candidate,4,5,2949218748.994299,2949633096.406538,0.0001697913617863526,8.874385331471881,-4.399986238700011,56.625,False,refined,0.4438413401979685,NULL,3.0,134.44384134019796,133.6304730126866,131.25,2.3804730126865934,NULL,0,131.25,NULL,False
524,0.00018426615314057508,NULL,5,0,nan,nan,nan,nan,nan,nan,False,NULL,0.25,NULL,0.0,131.25,133.6304730126866,131.25,2.3804730126865934,NULL,0,131.25,NULL,True
525,0.00018426935314057617,candidate,0,1,4882812498.334932,4880197775.03731,0.00023291991807571595,11.447180487797617,0.206817020247545,93.75,False,refined,0.0,rank_1,0.004286449295310254,133.6347594619819,133.6347594619819,131.5,2.1347594619819006,NULL,0,131.5,NULL,False
525,0.00018426935314057617,candidate,1,2,5996093747.9552965,nan,0.0002274394401591776,11.09307924221044,-0.206817020247545,115.125,True,boundary_peak,1.5129260637654716,NULL,3.0,135.76292606376546,133.6347594619819,131.5,2.1347594619819006,NULL,0,131.5,NULL,False
525,0.00018426935314057617,candidate,2,3,4316406248.52808,4317378668.703367,0.00021638683762743556,10.689315542289624,-0.6395157739513557,82.875,False,refined,0.03996973587195973,rank_3,0.001506806207457911,134.21740054550654,133.6347594619819,131.5,2.1347594619819006,NULL,0,131.5,NULL,False
525,0.00018426935314057617,candidate,3,4,3457031248.821132,3460690181.5191274,0.00016482984386473044,8.470576140779222,-3.0034156288192193,66.375,False,refined,0.41712705568431785,NULL,3.0,134.66712705568432,133.6347594619819,131.5,2.1347594619819006,NULL,0,131.5,NULL,False
525,0.00018426935314057617,candidate,4,5,2939453123.997629,2937951252.01744,0.00015460278945891452,7.749797277767492,-3.5597860632926803,56.4375,False,refined,0.5600170372906688,NULL,3.0,134.81001703729066,133.6347594619819,131.5,2.1347594619819006,NULL,0,131.5,NULL,False
525,0.00018426935314057617,NULL,5,0,nan,nan,nan,nan,nan,nan,False,NULL,0.25,NULL,0.0,131.5,133.6347594619819,131.5,2.1347594619819006,NULL,0,131.5,NULL,True
526,0.00018427255314057726,candidate,0,1,5957031247.968617,5960773460.642419,0.0002157905732388591,10.074697893270823,1.1387281203704358,114.375,False,refined,0.0,NULL,3.0,134.5,134.09193212299607,131.75,2.34193212299607,NULL,0,131.75,NULL,False
526,0.00018427255314057726,candidate,1,2,4345703123.518089,4349235427.657209,0.0001892762237186644,8.977956097581083,-1.1387281203704358,83.4375,False,refined,0.22447709288598972,rank_3,0.10148530910432028,134.54336294749686,134.09193212299607,131.75,2.34193212299607,NULL,0,131.75,NULL,False
526,0.00018427255314057726,candidate,2,3,4921874998.321611,4925479247.856038,0.00018709880671994333,8.83546887236971,-1.2392290209011136,94.5,False,refined,0.2521314829508632,rank_1,0.2050411780633243,134.09193212299607,134.09193212299607,131.75,2.34193212299607,NULL,0,131.75,NULL,False
526,0.00018427255314057726,candidate,3,4,3457031248.821132,3455023066.577269,0.00016053482901951308,7.4339619379725885,-2.5692639776486015,66.375,False,refined,0.5454847079071493,NULL,3.0,135.04548470790715,134.09193212299607,131.75,2.34193212299607,NULL,0,131.75,NULL,False
526,0.00018427255314057726,candidate,4,5,1835937499.3739345,1831433918.3944929,0.0001460632761491618,6.658340713569038,-3.3898286243337505,35.25,False,refined,0.7131131819855038,NULL,3.0,135.2131131819855,134.09193212299607,131.75,2.34193212299607,NULL,0,131.75,NULL,False
526,0.00018427255314057726,NULL,5,0,nan,nan,nan,nan,nan,nan,False,NULL,0.25,NULL,0.0,131.75,134.09193212299607,131.75,2.34193212299607,NULL,0,131.75,NULL,True
527,0.00018427575314057835,candidate,0,1,5820312498.015239,5822721751.171579,0.00018476567050417574,9.257849519657224,0.1493541237711149,111.74999999999999,False,refined,0.11132257205141638,NULL,3.0,134.86132257205142,134.67944664037572,132.0,2.6794466403757156,NULL,0,132.0,NULL,False
527,0.00018427575314057835,candidate,1,2,5703124998.055201,5705332193.904079,0.0001816157783049981,9.01645107909685,-0.1493541237711149,109.5,False,refined,0.1568669708711672,NULL,3.0,134.90686697087116,134.67944664037572,132.0,2.6794466403757156,NULL,0,132.0,NULL,False
527,0.00018427575314057835,candidate,2,3,4912109373.324942,4915287354.861745,0.0001446334853609412,7.038756593319153,-2.1270486095488117,94.3125,False,refined,0.5771270490989278,rank_3,0.010387468280712306,134.67944664037572,134.67944664037572,132.0,2.6794466403757156,NULL,0,132.0,NULL,False
527,0.00018427575314057835,candidate,3,4,2626953124.1041937,2623569714.8921137,0.00014097387833181577,6.741487407804634,-2.3496526920692595,50.4375,False,refined,0.6356301820836336,NULL,3.0,135.38563018208364,134.67944664037572,132.0,2.6794466403757156,NULL,0,132.0,NULL,False
527,0.00018427575314057835,candidate,4,5,1835937499.3739345,1834351538.293877,0.0001367246866082623,6.3604840951206665,-2.6154869159787086,35.25,False,refined,0.7093953179805693,NULL,3.0,135.45939531798058,134.67944664037572,132.0,2.6794466403757156,NULL,0,132.0,NULL,False
527,0.00018427575314057835,NULL,5,0,nan,nan,nan,nan,nan,nan,False,NULL,0.25,NULL,0.0,132.0,134.67944664037572,132.0,2.6794466403757156,NULL,0,132.0,NULL,True
528,0.00018427895314057944,candidate,0,1,5693359373.058531,5698031964.316436,0.00020100587606115852,11.038927708329451,0.776001570418341,109.3125,False,refined,0.0,rank_2,0.00532933520323074,134.9121963060744,134.9121963060744,132.25,2.6621963060744065,NULL,0,132.25,NULL,False
528,0.00018427895314057944,candidate,1,2,5419921873.151774,5418733698.102498,0.0001838267355506315,10.26292613791111,-0.776001570418341,104.0625,False,refined,0.04850009815114631,NULL,3.0,135.04850009815115,134.9121963060744,132.25,2.6621963060744065,NULL,0,132.25,NULL,False
528,0.00018427895314057944,candidate,2,3,5029296873.28498,5029725655.169131,0.00016778026514667938,9.493783910084943,-1.5693575414538241,96.5625,False,refined,0.17401725982812255,NULL,3.0,135.17401725982813,134.9121963060744,132.25,2.6621963060744065,NULL,0,132.25,NULL,False
528,0.00018427895314057944,candidate,3,4,3925781248.6612854,3929262583.3989396,0.00015214804570835632,8.620080206362397,-2.418847501967054,75.375,False,refined,0.3581659379185813,NULL,3.0,135.35816593791859,134.9121963060744,132.25,2.6621963060744065,NULL,0,132.25,NULL,False
528,0.00018427895314057944,candidate,4,5,4912109373.324942,4907420709.895685,0.00014992726551464697,8.516578783934765,-2.546562667604002,94.3125,False,refined,0.38167334913503537,rank_3,0.006188410302203219,135.06730839981296,134.9121963060744,132.25,2.6621963060744065,NULL,0,132.25,NULL,False
528,0.00018427895314057944,NULL,5,0,nan,nan,nan,nan,nan,nan,False,NULL,0.25,NULL,0.0,132.25,134.9121963060744,132.25,2.6621963060744065,NULL,0,132.25,NULL,True
529,0.00018428215314058053,candidate,0,1,5312499998.188406,5315937729.86127,0.00021180882055778742,11.210249552788136,0.2040142503503617,102.0,False,refined,0.0,NULL,3.0,135.25,135.1255360745481,132.5,2.6255360745481084,NULL,0,132.5,NULL,False
529,0.00018428215314058053,candidate,1,2,5019531248.28831,5015135856.6026325,0.0002068918244378802,11.006235302437775,-0.2040142503503617,96.375,False,refined,0.012750890646897606,rank_3,0.02128622222110092,135.20805437269613,135.1255360745481,132.5,2.6255360745481084,NULL,0,132.5,NULL,False
529,0.00018428215314058053,candidate,2,3,5429687498.148444,5425267107.841142,0.0001852380054991773,10.006585982670364,-1.164278913850616,104.24999999999999,False,refined,0.0727674321156635,rank_2,0.004268544281300363,135.1255360745481,135.1255360745481,132.5,2.6255360745481084,NULL,0,132.5,NULL,False
529,0.00018428215314058053,candidate,3,4,4707031248.394875,4706409467.311268,0.00017586602544548876,9.538437553472718,-1.6152418640677002,90.375,False,refined,0.1701869834833235,NULL,3.0,135.42018698348332,135.1255360745481,132.5,2.6255360745481084,NULL,0,132.5,NULL,False
529,0.00018428215314058053,candidate,4,5,5673828123.065191,5674652535.658012,0.0001700876227870478,9.286996127037153,-1.905426611496468,108.9375,False,refined,0.22603974416295636,rank_1,0.054659768439431045,135.1928958186768,135.1255360745481,132.5,2.6255360745481084,NULL,0,132.5,NULL,False
529,0.00018428215314058053,NULL,5,0,nan,nan,nan,nan,nan,nan,False,NULL,0.25,NULL,0.0,132.5,135.1255360745481,132.5,2.6255360745481084,NULL,0,132.5,NULL,True
530,0.00018428535314058163,candidate,0,1,5312499998.188406,5312157231.443415,0.0002763637231819442,13.849763687999328,2.404066955176214,102.0,False,refined,0.0,rank_1,0.0014292168287406148,135.25142921682874,135.25142921682874,132.75,2.5014292168287398,NULL,0,132.75,NULL,False
530,0.00018428535314058163,candidate,1,2,4980468748.301631,4984660422.513737,0.00020954518558088638,11.365760573079333,-2.404066955176214,95.625,False,refined,0.15025418469851337,rank_2,0.0928752082906632,135.4511837656853,135.25142921682874,132.75,2.5014292168287398,NULL,0,132.75,NULL,False
530,0.00018428535314058163,candidate,2,3,5449218748.141785,5447729147.785808,0.0001747259557408676,9.762172400826161,-3.9824722032797144,104.625,False,refined,0.28457865258105797,rank_3,0.05045432384757669,135.46056905097674,135.25142921682874,132.75,2.5014292168287398,NULL,0,132.75,NULL,False
530,0.00018428535314058163,candidate,3,4,4726562498.388214,4729785809.4157915,0.00016723490286231615,9.486681435505275,-4.363082252494053,90.75,False,refined,0.349690425455087,rank_4,0.05464533701877256,135.82452274595718,135.25142921682874,132.75,2.5014292168287398,NULL,0,132.75,NULL,False
530,0.00018428535314058163,candidate,4,5,2539062499.134165,2538358662.851661,0.0001544238970282062,8.644749257679765,-5.055330536141076,48.75,False,refined,0.5192457698568526,NULL,3.0,136.01924576985687,135.25142921682874,132.75,2.5014292168287398,NULL,0,132.75,NULL,False
530,0.00018428535314058163,NULL,5,0,nan,nan,nan,nan,nan,nan,False,NULL,0.25,NULL,0.0,132.75,135.25142921682874,132.75,2.5014292168287398,NULL,0,132.75,NULL,True
531,0.00018428855314058272,candidate,0,1,5322265623.185076,5317692391.777954,0.00025175648312709444,13.71144479335392,4.184839928924831,102.1875,False,refined,0.0,rank_1,0.0030637999929058472,135.25449301682164,135.25449301682164,133.0,2.254493016821641,NULL,0,133.0,NULL,False
531,0.00018428855314058272,candidate,1,2,5449218748.141785,5450619715.587035,0.00015550296231022124,9.483518726235616,-4.184839928924831,104.625,False,refined,0.33902468662245955,rank_3,0.0008355382213493586,135.80042927582053,135.25449301682164,133.0,2.254493016821641,NULL,0,133.0,NULL,False
531,0.00018428855314058272,candidate,2,3,2519531249.140825,2518671687.810576,0.00014995752017332034,9.21119652941063,-4.5002482639432895,48.37499999999999,False,refined,0.39958603708486107,NULL,3.0,136.14958603708487,135.25449301682164,133.0,2.254493016821641,NULL,0,133.0,NULL,False
531,0.00018428855314058272,candidate,3,4,4970703123.304961,4967562366.677288,0.0001383927607081796,8.514098988096164,-5.197345805257756,95.4375,False,refined,0.5477192646141852,rank_2,0.029234351338631642,136.02813738163812,135.25449301682164,133.0,2.254493016821641,NULL,0,133.0,NULL,False
531,0.00018428855314058272,candidate,4,5,4746093748.381554,4742045801.097683,0.00013536192306202384,8.29881510852636,-5.3896829491537,91.12499999999999,False,refined,0.5920329180431522,NULL,3.0,136.34203291804315,135.25449301682164,133.0,2.254493016821641,NULL,0,133.0,NULL,False
531,0.00018428855314058272,NULL,5,0,nan,nan,nan,nan,nan,nan,False,NULL,0.25,NULL,0.0,133.0,135.25449301682164,133.0,2.254493016821641,NULL,0,133.0,NULL,True
532,0.0001842917531405838,candidate,0,1,5322265623.185076,5322244023.461475,0.0002206362733110419,13.501535380323295,2.125638132068275,102.1875,False,refined,0.0,rank_1,0.0020717350982434675,135.25656475191988,135.25656475191988,133.25,2.006564751919882,NULL,0,133.25,NULL,False
532,0.0001842917531405838,candidate,1,2,1650390624.437207,1648260026.5906646,0.00017274083189893337,11.37589724825502,-2.125638132068275,31.6875,False,refined,0.13285238325426718,NULL,3.0,136.13285238325426,135.25656475191988,133.25,2.006564751919882,NULL,0,133.25,NULL,False
532,0.0001842917531405838,candidate,2,3,5449218748.141785,5451277475.2230625,0.00014197452720518257,9.672205734670776,-3.8293296456525194,104.625,False,refined,0.2885022426526661,rank_2,4.326477387868137e-05,136.08897478324707,135.25656475191988,133.25,2.006564751919882,NULL,0,133.25,NULL,False
532,0.0001842917531405838,candidate,3,4,2490234374.1508155,2488632129.96937,0.00013356294749094228,9.115063764223903,-4.35981837607331,47.8125,False,refined,0.40522908387099643,NULL,3.0,136.405229083871,135.25656475191988,133.25,2.006564751919882,NULL,0,133.25,NULL,False
532,0.0001842917531405838,candidate,4,5,4755859373.378224,4758340052.678371,0.00013022891388775098,8.877954981652412,-4.579389896653945,91.31250000000001,False,refined,0.4545186212930098,NULL,3.0,136.454518621293,135.25656475191988,133.25,2.006564751919882,NULL,0,133.25,NULL,False
532,0.0001842917531405838,NULL,5,0,nan,nan,nan,nan,nan,nan,False,NULL,0.25,NULL,0.0,133.25,135.25656475191988,133.25,2.006564751919882,NULL,0,133.25,NULL,True
533,0.0001842949531405849,candidate,0,1,5312499998.188406,5315638615.331651,0.0002025201382716674,11.629888662038681,0.44093849599870616,102.0,False,refined,0.0,rank_1,0.004363141656155343,135.26092789357602,135.26092789357602,133.5,1.7609278935760244,NULL,0,133.5,NULL,False
533,0.0001842949531405849,candidate,1,2,1650390624.437207,1652938760.046243,0.00019249581427518086,11.212077992857692,-0.44093849599870616,31.6875,False,refined,0.027558655999919135,rank_2,0.0021890546748347915,136.162600093929,135.26092789357602,133.5,1.7609278935760244,NULL,0,133.5,NULL,False
533,0.0001842949531405849,candidate,2,3,4765624998.374894,4765697697.051985,0.0001557960964310415,9.351655796446705,-2.278232865591976,91.5,False,refined,0.23964118463249273,NULL,3.0,136.4896411846325,135.26092789357602,133.5,1.7609278935760244,NULL,0,133.5,NULL,False
533,0.0001842949531405849,candidate,3,4,5849609373.005249,5846594345.269671,0.00013946723897499615,8.413096249915935,-3.2399202389404635,112.3125,False,refined,0.4405305774463888,NULL,3.0,136.6905305774464,135.26092789357602,133.5,1.7609278935760244,NULL,0,133.5,NULL,False
533,0.0001842949531405849,candidate,4,5,4384765623.504769,4385223321.369016,0.00013763403958956855,8.238395464639474,-3.3548471705863925,84.1875,False,refined,0.4739186284657284,NULL,3.0,136.72391862846573,135.26092789357602,133.5,1.7609278935760244,NULL,0,133.5,NULL,False
533,0.0001842949531405849,NULL,5,0,nan,nan,nan,nan,nan,nan,False,NULL,0.25,NULL,0.0,133.5,135.26092789357602,133.5,1.7609278935760244,NULL,0,133.5,NULL,True
534,0.000184298153140586,candidate,0,1,5351562498.175086,5349137024.502637,0.00016810733669054079,9.211867983128101,0.10327974253590888,102.75,False,refined,0.11821980253078479,rank_1,0.11221434169868108,135.4913620378055,135.4913620378055,133.75,1.7413620378054873,NULL,0,133.75,NULL,False
534,0.000184298153140586,candidate,1,2,4365234373.51143,4367133252.435002,0.0001661202899990969,9.12611677895188,-0.10327974253590888,83.81250000000001,False,refined,0.13753746706571224,NULL,3.0,136.6375374670657,135.4913620378055,133.75,1.7413620378054873,NULL,0,133.75,NULL,False
534,0.000184298153140586,candidate,2,3,1679687499.4272168,1682285945.5660214,0.0001605393770647433,8.811766098043288,-0.4001018850848137,32.25,False,refined,0.2032414531113077,rank_2,0.08612572979322963,136.45196727683353,135.4913620378055,133.75,1.7413620378054873,NULL,0,133.75,NULL,False
534,0.000184298153140586,candidate,3,4,5107421873.258339,5103658084.025299,0.00016037938650718473,8.82063412415528,-0.4087623973325094,98.0625,False,refined,0.20245253120998985,NULL,3.0,136.70245253120999,135.4913620378055,133.75,1.7413620378054873,NULL,0,133.75,NULL,False
534,0.000184298153140586,candidate,4,5,4755859373.378224,4751939493.03669,0.00015356626509903832,8.36663156908413,-0.7858169168655849,91.31250000000001,False,refined,0.2941188219414794,NULL,3.0,136.79411882194148,135.4913620378055,133.75,1.7413620378054873,NULL,0,133.75,NULL,False
534,0.000184298153140586,NULL,5,0,nan,nan,nan,nan,nan,nan,False,NULL,0.25,NULL,0.0,133.75,135.4913620378055,133.75,1.7413620378054873,NULL,0,133.75,NULL,True
535,0.00018430135314058708,candidate,0,1,5390624998.161765,5388479186.4486685,0.00021036069224117395,11.440729182761658,2.5098787381840015,103.5,False,refined,0.0,rank_1,0.15478057065877748,135.64614260846426,135.64614260846426,134.0,1.6461426084642596,NULL,0,134.0,NULL,False
535,0.00018430135314058708,candidate,1,2,3056640623.9576674,3054829124.7195873,0.00015756895485722098,8.960819383187841,-2.5098787381840015,58.68749999999999,False,refined,0.3127445136583239,NULL,3.0,137.06274451365832,135.64614260846426,134.0,1.6461426084642596,NULL,0,134.0,NULL,False
535,0.00018430135314058708,candidate,2,3,5097656248.261669,5100144034.954745,0.00015600013945096168,8.843937088475231,-2.5967920942864264,97.875,False,refined,0.335708942621617,rank_4,0.0012348540870259885,137.0393963279186,135.64614260846426,134.0,1.6461426084642596,NULL,0,134.0,NULL,False
535,0.00018430135314058708,candidate,3,4,5498046873.1251335,5500285186.338012,0.00015260053069155987,8.633316450959798,-2.7881709468992444,105.5625,False,refined,0.37926321653723305,NULL,3.0,137.12926321653723,135.64614260846426,134.0,1.6461426084642596,NULL,0,134.0,NULL,False
535,0.00018430135314058708,candidate,4,5,1718749999.413896,1717273553.7186124,0.0001474678081633536,8.27158265844318,-3.0853473196002668,33.0,False,refined,0.45209680870853974,rank_3,0.12241327242392513,137.026477357966,135.64614260846426,134.0,1.6461426084642596,NULL,0,134.0,NULL,False
535,0.00018430135314058708,NULL,5,0,nan,nan,nan,nan,nan,nan,False,NULL,0.25,NULL,0.0,134.0,135.64614260846426,134.0,1.6461426084642596,NULL,0,134.0,NULL,True
536,0.00018430455314058817,candidate,0,1,5410156248.155105,5408604916.988974,0.00022027645985485462,11.900394814399293,2.8707803128465503,103.875,False,refined,0.0,rank_1,0.04050450297809709,135.68664711144237,135.68664711144237,134.25,1.436647111442369,NULL,0,134.25,NULL,False
536,0.00018430455314058817,candidate,1,2,4667968748.4081955,4665251261.548664,0.00015828110463240178,8.899930635800253,-2.8707803128465503,89.625,False,refined,0.3444341741828715,NULL,3.0,137.34443417418288,135.68664711144237,134.25,1.436647111442369,NULL,0,134.25,NULL,False
536,0.00018430455314058817,candidate,2,3,2011718749.313992,2006881334.605784,0.00014171274052874502,7.757258274765464,-3.8311838276846544,38.625,False,refined,0.5758602480154713,NULL,3.0,137.57586024801546,135.68664711144237,134.25,1.436647111442369,NULL,0,134.25,NULL,False
536,0.00018430455314058817,candidate,3,4,3017578123.9709883,3017884101.164848,0.00013979780637935865,7.98164416591888,-3.949354627475552,57.93750000000001,False,refined,0.54958803932939,NULL,3.0,137.5495880393294,135.68664711144237,134.25,1.436647111442369,NULL,0,134.25,NULL,False
536,0.00018430455314058817,candidate,4,5,4824218748.354913,4828270045.306054,0.00013672475831087757,7.664582491282195,-4.142418476283325,92.625,False,refined,0.6092137810753786,NULL,3.0,137.60921378107537,135.68664711144237,134.25,1.436647111442369,NULL,0,134.25,NULL,False
536,0.00018430455314058817,NULL,5,0,nan,nan,nan,nan,nan,nan,False,NULL,0.25,NULL,0.0,134.25,135.68664711144237,134.25,1.436647111442369,NULL,0,134.25,NULL,True
537,0.00018430775314058926,candidate,0,1,5419921873.151774,5415205353.061849,0.00017065104025488435,9.652006771310075,0.286513180399508,104.0625,False,refined,0.05219898430348868,rank_1,0.004356575635210985,135.74320267138106,135.74320267138106,134.5,1.2432026713810558,NULL,0,134.5,NULL,False
537,0.00018430775314058926,candidate,1,2,3281249998.8810744,3282285343.842985,0.00016511376518205378,9.326057107175565,-0.286513180399508,63.0,False,refined,0.11899850769863451,NULL,3.0,137.36899850769862,135.74320267138106,134.5,1.2432026713810558,NULL,0,134.5,NULL,False
537,0.00018430775314058926,candidate,2,3,4667968748.4081955,4665600412.383219,0.00015426581194863073,8.558182242941523,-0.8767850132193278,89.625,False,refined,0.2710717268849795,NULL,3.0,137.52107172688497,135.74320267138106,134.5,1.2432026713810558,NULL,0,134.5,NULL,False
537,0.00018430775314058926,candidate,3,4,2011718749.313992,2012975836.7410448,0.0001538125283675426,8.670325097868998,-0.9023445770439231,38.625,False,refined,0.25584777138489545,NULL,3.0,137.5058477713849,135.74320267138106,134.5,1.2432026713810558,NULL,0,134.5,NULL,False
537,0.00018430775314058926,candidate,4,5,4951171873.311622,4951456979.400155,0.00014955101489960872,8.426278167688421,-1.1463915072245001,95.06250000000001,False,refined,0.30770774404826806,NULL,3.0,137.55770774404826,135.74320267138106,134.5,1.2432026713810558,NULL,0,134.5,NULL,False
537,0.00018430775314058926,NULL,5,0,nan,nan,nan,nan,nan,nan,False,NULL,0.25,NULL,0.0,134.5,135.74320267138106,134.5,1.2432026713810558,NULL,0,134.5,NULL,True
538,0.00018431095314059035,candidate,0,1,4951171873.311622,4952351938.145923,0.00017374068943494837,8.978276310976936,1.4059531856407315,95.06250000000001,False,refined,0.15325855335345961,NULL,3.0,137.65325855335345,137.65325855335345,134.75,2.903258553353453,NULL,0,134.75,NULL,False
538,0.00018431095314059035,candidate,1,2,4667968748.4081955,4663565200.792775,0.00014777599127471268,7.486878304231013,-1.4059531856407315,89.625,False,refined,0.4648403284678938,NULL,3.0,137.9648403284679,137.65325855335345,134.75,2.903258553353453,NULL,0,134.75,NULL,False
538,0.00018431095314059035,candidate,2,3,3261718748.887735,3263840083.011816,0.0001436180534354279,7.358437838414931,-1.6538500886515806,62.62500000000001,False,refined,0.4995999547784842,rank_2,0.0340227647129862,137.90262122719008,137.65325855335345,134.75,2.903258553353453,NULL,0,134.75,NULL,False
538,0.00018431095314059035,candidate,3,4,2031249999.3073318,2030804366.4824917,0.0001396365288190539,7.171627096297142,-1.8980499251089,39.0,False,refined,0.542884055874735,NULL,3.0,138.04288405587474,137.65325855335345,134.75,2.903258553353453,NULL,0,134.75,NULL,False
538,0.00018431095314059035,candidate,4,5,3603515623.77118,3601468155.5683446,0.00013958596498655297,6.982440037005819,-1.901195745258244,69.1875,False,refined,0.5714587285277674,NULL,3.0,138.07145872852777,137.65325855335345,134.75,2.903258553353453,NULL,0,134.75,NULL,False
538,0.00018431095314059035,NULL,5,0,nan,nan,nan,nan,nan,nan,False,NULL,0.25,NULL,0.0,134.75,137.65325855335345,134.75,2.903258553353453,NULL,0,134.75,NULL,True
539,0.00018431415314059145,candidate,0,1,4951171873.311622,4946685666.847622,0.000175222285593376,8.793637599262647,0.9031659931241798,95.06250000000001,False,refined,0.18095436011060295,rank_1,0.0032106630425946785,137.83742357650667,137.83742357650667,135.0,2.8374235765066658,NULL,0,135.0,NULL,False
539,0.00018431415314059145,candidate,1,2,5664062498.0685215,5663740070.489291,0.00015791778408050616,7.8541033816782235,-0.9031659931241798,108.75,False,refined,0.3783323673185277,NULL,3.0,138.12833236731854,137.83742357650667,135.0,2.8374235765066658,NULL,0,135.0,NULL,False
539,0.00018431415314059145,candidate,2,3,4365234373.51143,4370075345.654164,0.00015564954718128742,7.806027408140608,-1.02882958789686,83.81250000000001,False,refined,0.3933977380224626,NULL,3.0,138.14339773802246,137.83742357650667,135.0,2.8374235765066658,NULL,0,135.0,NULL,False
539,0.00018431415314059145,candidate,3,4,2802734374.044251,2797869025.8501277,0.00015153788604423398,7.543565350768562,-1.26136232832037,53.8125,False,refined,0.44730034290473886,NULL,3.0,138.19730034290473,137.83742357650667,135.0,2.8374235765066658,NULL,0,135.0,NULL,False
539,0.00018431415314059145,candidate,4,5,3574218748.7811704,3577580481.927608,0.00013591919609060211,6.67758703704358,-2.206170875445066,68.625,False,refined,0.6362476241587797,NULL,3.0,138.38624762415878,137.83742357650667,135.0,2.8374235765066658,NULL,0,135.0,NULL,False
539,0.00018431415314059145,NULL,5,0,nan,nan,nan,nan,nan,nan,False,NULL,0.25,NULL,0.0,135.0,137.83742357650667,135.0,2.8374235765066658,NULL,0,135.0,NULL,True
540,0.00018431735314059254,candidate,0,1,3955078123.651295,3954386605.160436,0.00015982147453130332,8.547101931678274,0.03744935368944269,75.9375,False,refined,0.21793471024825894,NULL,3.0,138.21793471024827,138.2077730024677,135.25,2.9577730024676896,NULL,0,135.25,NULL,False
540,0.00018431735314059254,candidate,1,2,4990234373.298301,4985775055.673874,0.00015913388500020547,8.565261270170357,-0.03744935368944269,95.8125,False,refined,0.21755139408003665,rank_1,0.15279803188099136,138.2077730024677,138.2077730024677,135.25,2.9577730024676896,NULL,0,135.25,NULL,False
540,0.00018431735314059254,candidate,2,3,5654296873.071852,5654898009.137617,0.00015715359627148384,8.400885743190214,-0.14621618848805973,108.5625,False,refined,0.24900565030197164,NULL,3.0,138.24900565030197,138.2077730024677,135.25,2.9577730024676896,NULL,0,135.25,NULL,False
540,0.00018431735314059254,candidate,3,4,4736328123.384884,4736074539.558706,0.0001497683217358159,7.9827985322524775,-0.5643033994257962,90.9375,False,refined,0.33784918262624064,NULL,3.0,138.33784918262623,138.2077730024677,135.25,2.9577730024676896,NULL,0,135.25,NULL,False
540,0.00018431735314059254,candidate,4,5,3544921873.7911606,3542227916.027271,0.0001482300737057485,7.820143561227333,-0.6539761728523352,68.0625,False,refined,0.367851976619171,NULL,3.0,138.36785197661916,138.2077730024677,135.25,2.9577730024676896,NULL,0,135.25,NULL,False
540,0.00018431735314059254,NULL,5,0,nan,nan,nan,nan,nan,nan,False,NULL,0.25,NULL,0.0,135.25,138.2077730024677,135.25,2.9577730024676896,NULL,0,135.25,NULL,True
541,0.00018432055314059363,candidate,0,1,5019531248.28831,5017935877.461137,0.00018328134442951094,9.33417131378432,0.48320211995410034,96.375,False,refined,0.09987430293235189,NULL,3.0,138.34987430293236,138.34987430293236,135.5,2.8498743029323634,NULL,0,135.5,NULL,False
541,0.00018432055314059363,candidate,1,2,5292968748.195066,5289426478.246403,0.00017336369544365473,8.975269989932109,-0.48320211995410034,101.625,False,refined,0.18390963400731497,NULL,3.0,138.4339096340073,138.34987430293236,135.5,2.8498743029323634,NULL,0,135.5,NULL,False
541,0.00018432055314059363,candidate,2,3,3984374998.6413045,3981737928.7543387,0.0001619408073474228,8.356043176390129,-1.0752392357851992,76.5,False,refined,0.3137959757780556,NULL,3.0,138.56379597577805,138.34987430293236,135.5,2.8498743029323634,NULL,0,135.5,NULL,False
541,0.00018432055314059363,candidate,3,4,3710937498.7345486,3713606130.832693,0.0001456462361033529,7.237926335128577,-1.9963799226887602,71.25,False,refined,0.5390847948987609,NULL,3.0,138.78908479489877,138.34987430293236,135.5,2.8498743029323634,NULL,0,135.5,NULL,False
541,0.00018432055314059363,candidate,4,5,5878906247.995258,5881220944.3911915,0.00013957029297423848,7.091966674805041,-2.3665054350811676,112.875,False,refined,0.5841115884718168,NULL,3.0,138.8341115884718,138.34987430293236,135.5,2.8498743029323634,NULL,0,135.5,NULL,False
541,0.00018432055314059363,NULL,5,0,nan,nan,nan,nan,nan,nan,False,NULL,0.25,NULL,0.0,135.5,138.34987430293236,135.5,2.8498743029323634,NULL,0,135.5,NULL,True
542,0.00018432375314059472,candidate,0,1,3994140623.6379743,3990205471.5065007,0.00017686612641434928,9.283835431898932,0.8256865335780716,76.6875,False,refined,0.10742468521516013,NULL,3.0,138.60742468521516,138.60742468521516,135.75,2.8574246852151646,NULL,0,135.75,NULL,False
542,0.00018432375314059472,candidate,1,2,5292968748.195066,5294912570.831934,0.00016082750985046282,8.366004770499647,-0.8256865335780716,101.625,False,refined,0.2967046927736825,rank_2,0.0030097211857020786,138.73362404796669,138.60742468521516,135.75,2.8574246852151646,NULL,0,135.75,NULL,False
542,0.00018432375314059472,candidate,2,3,5039062498.28165,5043053499.221757,0.00014784939850584144,7.815574768706366,-1.5565020461991708,96.74999999999999,False,refined,0.4249451625814933,rank_1,0.06308949229095773,138.8379089578048,138.60742468521516,135.75,2.8574246852151646,NULL,0,135.75,NULL,False
542,0.00018432375314059472,candidate,3,4,5859374998.001919,5861002889.809797,0.00014530910547975504,7.647381811226142,-1.7070367013610532,112.5,False,refined,0.4595825221511446,NULL,3.0,138.95958252215115,138.60742468521516,135.75,2.8574246852151646,NULL,0,135.75,NULL,False
542,0.00018432375314059472,candidate,4,5,3505859373.8044815,3507999115.5641947,0.00012135457768812812,6.052371932699048,-3.271770021657323,67.3125,False,refined,0.7966298364487255,NULL,3.0,139.29662983644872,138.60742468521516,135.75,2.8574246852151646,NULL,0,135.75,NULL,False
542,0.00018432375314059472,NULL,5,0,nan,nan,nan,nan,nan,nan,False,NULL,0.25,NULL,0.0,135.75,138.60742468521516,135.75,2.8574246852151646,NULL,0,135.75,NULL,True
543,0.0001843269531405958,candidate,0,1,4130859373.5913525,4133263284.834254,0.0001802537017289916,8.982553962952844,1.0780149665461725,79.3125,False,refined,0.1526169055570734,NULL,3.0,138.90261690555707,138.90261690555707,136.0,2.9026169055570676,NULL,0,136.0,NULL,False
543,0.0001843269531405958,candidate,1,2,5830078123.011909,5829522548.720363,0.00015921480303766148,7.8320932215425465,-1.0780149665461725,111.93749999999999,False,refined,0.3925619521777538,NULL,3.0,139.14256195217774,138.90261690555707,136.0,2.9026169055570676,NULL,0,136.0,NULL,False
543,0.0001843269531405958,candidate,2,3,3964843748.647965,3964376399.685625,0.0001523914932337621,7.606119167103973,-1.4584693532891801,76.125,False,refined,0.4502364595149778,rank_1,0.06671409511279522,139.12437523984292,138.90261690555707,136.0,2.9026169055570676,NULL,0,136.0,NULL,False
543,0.0001843269531405958,candidate,3,4,5947265622.971948,5948327797.124867,0.000143245045106737,6.927254993034122,-1.9960916747655677,114.1875,False,refined,0.5856674807177297,NULL,3.0,139.33566748071772,138.90261690555707,136.0,2.9026169055570676,NULL,0,136.0,NULL,False
543,0.0001843269531405958,candidate,4,5,5517578123.118473,5517463889.989358,0.00013635576307278153,6.55834008019518,-2.4242138827576643,105.9375,False,refined,0.6677623556430771,NULL,3.0,139.41776235564308,138.90261690555707,136.0,2.9026169055570676,NULL,0,136.0,NULL,False
543,0.0001843269531405958,NULL,5,0,nan,nan,nan,nan,nan,nan,False,NULL,0.25,NULL,0.0,136.0,138.90261690555707,136.0,2.9026169055570676,NULL,0,136.0,NULL,True
544,0.0001843301531405969,candidate,0,1,4140624998.588022,4135955439.0668864,0.00020671826072457043,10.37102444941306,0.8859989072563756,79.5,False,refined,0.0,rank_1,0.0007247694412281824,138.9033416749983,138.9033416749983,136.25,2.653341674998302,NULL,0,136.25,NULL,False
544,0.0001843301531405969,candidate,1,2,5527343748.115143,5529495792.784589,0.00018667187810077513,9.362390542174364,-0.8859989072563756,106.12499999999999,False,refined,0.15101635037736894,NULL,3.0,139.15101635037738,138.9033416749983,136.25,2.653341674998302,NULL,0,136.25,NULL,False
544,0.0001843301531405969,candidate,2,3,5693359373.058531,5695414430.860732,0.00016167265607331367,8.236179069150618,-2.1348453802624423,109.3125,False,refined,0.39800097589381,NULL,3.0,139.3980009758938,138.9033416749983,136.25,2.653341674998302,NULL,0,136.25,NULL,False
544,0.0001843301531405969,candidate,3,4,3925781248.6612854,3929291059.7542844,0.00015670323978983597,7.820043356758433,-2.40601733647285,75.375,False,refined,0.4773695800157882,NULL,3.0,139.4773695800158,138.9033416749983,136.25,2.653341674998302,NULL,0,136.25,NULL,False
544,0.0001843301531405969,candidate,4,5,5820312498.015239,5817570459.922176,0.00015579811897763104,7.914691802317844,-2.4563326470952163,111.74999999999999,False,refined,0.46631702009577447,NULL,3.0,139.46631702009577,138.9033416749983,136.25,2.653341674998302,NULL,0,136.25,NULL,False
544,0.0001843301531405969,NULL,5,0,nan,nan,nan,nan,nan,nan,False,NULL,0.25,NULL,0.0,136.25,138.9033416749983,136.25,2.653341674998302,NULL,0,136.25,NULL,True
545,0.000184333353140598,candidate,0,1,4179687498.574702,4178846757.149935,0.00018959934478495632,9.716485580447136,0.2282024488088652,80.25,False,refined,0.042527162932929574,rank_1,0.18396651669012296,139.12983535462138,139.12983535462138,136.5,2.6298353546213775,NULL,0,136.5,NULL,False
545,0.000184333353140598,candidate,1,2,5263671873.205057,5259043718.176332,0.00018468291031379443,9.488283131638271,-0.2282024488088652,101.0625,False,refined,0.09102018330481343,NULL,3.0,139.3410201833048,139.12983535462138,136.5,2.6298353546213775,NULL,0,136.5,NULL,False
545,0.000184333353140598,candidate,2,3,4873046873.338263,4876842075.257027,0.00016289124915208793,8.308227896600924,-1.3187815683887827,93.5625,False,refined,0.33618966353416035,NULL,3.0,139.58618966353416,139.12983535462138,136.5,2.6298353546213775,NULL,0,136.5,NULL,False
545,0.000184333353140598,candidate,3,4,5556640623.105153,5555363004.497358,0.00015809559085620188,8.04866798185997,-1.578341483129737,106.6875,False,refined,0.39134614541661317,rank_2,0.06691126417932398,139.6092737599733,139.12983535462138,136.5,2.6298353546213775,NULL,0,136.5,NULL,False
545,0.000184333353140598,candidate,4,5,5693359373.058531,5692344402.91404,0.00015413865721332844,7.828504247250194,-1.7985052177395122,109.3125,False,refined,0.4381309390211904,NULL,3.0,139.6881309390212,139.12983535462138,136.5,2.6298353546213775,NULL,0,136.5,NULL,False
545,0.000184333353140598,NULL,5,0,nan,nan,nan,nan,nan,nan,False,NULL,0.25,NULL,0.0,136.5,139.12983535462138,136.5,2.6298353546213775,NULL,0,136.5,NULL,True
546,0.00018433655314059908,candidate,0,1,5244140623.211717,5248555178.116818,0.00019043145479061708,10.628025125366216,0.12287746874940275,100.68749999999999,False,refined,0.0,rank_2,0.01100094725800309,139.3520211305628,139.32517999402697,136.75,2.5751799940269677,NULL,0,136.75,NULL,False
546,0.00018433655314059908,candidate,1,2,4853515623.344923,4857477762.235571,0.00018775642686952274,10.567614103728307,-0.12287746874940275,93.18750000000001,False,refined,0.007679841796837672,NULL,3.0,139.50767984179683,139.32517999402697,136.75,2.5751799940269677,NULL,0,136.75,NULL,False
546,0.00018433655314059908,candidate,2,3,4179687498.574702,4181227009.1975207,0.00016319159091761785,9.260153711439454,-1.3408181782480266,80.25,False,refined,0.19477807942458358,rank_1,0.0005665599810037174,139.32517999402697,139.32517999402697,136.75,2.5751799940269677,NULL,0,136.75,NULL,False
546,0.00018433655314059908,candidate,3,4,5449218748.141785,5451447376.022621,0.0001615806924316948,9.210992322785563,-1.4269844056785352,104.625,False,refined,0.20753767693707403,NULL,3.0,139.70753767693708,139.32517999402697,136.75,2.5751799940269677,NULL,0,136.75,NULL,False
546,0.00018433655314059908,candidate,4,5,4052734373.617994,4053040566.6034646,0.00015809515591598007,8.984569450249564,-1.6164024394379162,77.8125,False,refined,0.2533397349274351,NULL,3.0,139.75333973492744,139.32517999402697,136.75,2.5751799940269677,NULL,0,136.75,NULL,False
546,0.00018433655314059908,NULL,5,0,nan,nan,nan,nan,nan,nan,False,NULL,0.25,NULL,0.0,136.75,139.32517999402697,136.75,2.5751799940269677,NULL,0,136.75,NULL,True
547,0.00018433975314060018,candidate,0,1,5605468748.088502,5609034947.937615,0.00017905629273047455,10.60382309952363,0.4151476459885739,107.625,False,refined,0.0,NULL,3.0,139.75,139.50336171534852,137.0,2.503361715348518,NULL,0,137.0,NULL,False
547,0.00018433975314060018,candidate,1,2,4052734373.617994,4049907791.3729486,0.00017069948313415807,10.177244817113946,-0.4151476459885739,77.8125,False,refined,0.02594672787428587,NULL,3.0,139.7759467278743,139.50336171534852,137.0,2.503361715348518,NULL,0,137.0,NULL,False
547,0.00018433975314060018,candidate,2,3,4824218748.354913,4824571266.24056,0.00016417847186080565,9.927407277790135,-0.7534675875556474,92.625,False,refined,0.05798063255370778,rank_2,0.10828374786696968,139.67394422221753,139.50336171534852,137.0,2.503361715348518,NULL,0,137.0,NULL,False
547,0.00018433975314060018,candidate,3,4,5224609373.218377,5226821852.17371,0.00016012641626075454,9.7103427762511,-0.9705320890946822,100.3125,False,refined,0.10410683913075269,rank_1,0.047233745654939555,139.50336171534852,139.50336171534852,137.0,2.503361715348518,NULL,0,137.0,NULL,False
547,0.00018433975314060018,candidate,4,5,5449218748.141785,5453511754.699364,0.00013594291288675413,8.199732123734362,-2.392660339368158,104.625,False,refined,0.4195814526503555,rank_4,0.00042616593209893373,140.12754529551955,139.50336171534852,137.0,2.503361715348518,NULL,0,137.0,NULL,False
547,0.00018433975314060018,NULL,5,0,nan,nan,nan,nan,nan,nan,False,NULL,0.25,NULL,0.0,137.0,139.50336171534852,137.0,2.503361715348518,NULL,0,137.0,NULL,True
548,0.00018434295314060127,candidate,0,1,4052734373.617994,4049679326.858422,0.00016612764152244708,9.791424907857378,0.07941977339101847,77.8125,False,refined,0.03128626382139332,rank_2,5.219603439798652e-06,139.80723821129914,139.79531169116228,137.25,2.545311691162283,NULL,0,137.25,NULL,False
548,0.00018434295314060127,candidate,1,2,5615234373.085172,5619440833.609294,0.00016461557027695048,9.803201935572456,-0.07941977339101847,107.8125,False,refined,0.03448344550107019,rank_1,0.01082824566120448,139.79531169116228,139.79531169116228,137.25,2.545311691162283,NULL,0,137.25,NULL,False
548,0.00018434295314060127,candidate,2,3,5761718748.03522,5757084563.596859,0.00013611253805774503,8.05290152032284,-1.7308753457010262,110.625,False,refined,0.40024448105788824,NULL,3.0,140.40024448105788,139.79531169116228,137.25,2.545311691162283,NULL,0,137.25,NULL,False
548,0.00018434295314060127,candidate,3,4,4941406248.314951,4938983320.508295,0.0001281158093461283,7.526993365403598,-2.2567835006202674,94.87499999999999,False,refined,0.511999963978227,NULL,3.0,140.51199996397824,139.79531169116228,137.25,2.545311691162283,NULL,0,137.25,NULL,False
548,0.00018434295314060127,candidate,4,5,5146484373.245018,5141758197.77019,0.00012068730336861993,7.0275060509950915,-2.7756063197379888,98.81249999999999,False,refined,0.6193494873343606,NULL,3.0,140.61934948733435,139.79531169116228,137.25,2.545311691162283,NULL,0,137.25,NULL,False
548,0.00018434295314060127,NULL,5,0,nan,nan,nan,nan,nan,nan,False,NULL,0.25,NULL,0.0,137.25,139.79531169116228,137.25,2.545311691162283,NULL,0,137.25,NULL,True
549,0.00018434615314060236,candidate,0,1,5761718748.03522,5759096358.378383,0.00016051330502330865,10.188029788650095,0.0535467082590646,110.625,False,refined,0.0,NULL,3.0,140.25,139.8009585631767,137.5,2.3009585631766925,NULL,0,137.5,NULL,False
549,0.00018434615314060236,candidate,1,2,5624999998.081841,5624236876.50759,0.00015952681765583933,10.04904761408766,-0.0535467082590646,107.99999999999999,False,refined,0.0033466692661915376,rank_2,0.0023002027482298916,139.8009585631767,139.8009585631767,137.5,2.3009585631766925,NULL,0,137.5,NULL,False
549,0.00018434615314060236,candidate,2,3,4960937498.308291,4965700380.653259,0.000150583225555661,9.689950527452202,-0.5546888286604545,95.25,False,refined,0.08117547267344805,NULL,3.0,140.33117547267344,139.8009585631767,137.5,2.3009585631766925,NULL,0,137.5,NULL,False
549,0.00018434615314060236,candidate,3,4,5097656248.261669,5096251591.456737,0.0001466036649630327,9.424921955036734,-0.7873241936957065,97.875,False,refined,0.13546946885047162,NULL,3.0,140.38546946885046,139.8009585631767,137.5,2.3009585631766925,NULL,0,137.5,NULL,False
549,0.00018434615314060236,candidate,4,5,2626953124.1041937,2631425715.3772917,0.0001437294819210571,9.04946167594054,-0.9593035391750693,50.4375,False,refined,0.20253721980736084,NULL,3.0,140.45253721980737,139.8009585631767,137.5,2.3009585631766925,NULL,0,137.5,NULL,False
549,0.00018434615314060236,NULL,5,0,nan,nan,nan,nan,nan,nan,False,NULL,0.25,NULL,0.0,137.5,139.8009585631767,137.5,2.3009585631766925,NULL,0,137.5,NULL,True
550,0.00018434935314060345,candidate,0,1,5624999998.081841,5624571726.214557,0.00017190047001703991,9.384768478941341,1.0067517514800972,107.99999999999999,False,refined,0.09228472815879885,rank_2,1.1212432625548404e-05,139.89325450376813,139.89325450376813,137.75,2.1432545037681336,NULL,0,137.75,NULL,False
550,0.00018434935314060345,candidate,1,2,2636718749.1008635,2638388822.20777,0.000153087410370259,8.403868627144835,-1.0067517514800972,50.625,False,refined,0.30234169039578085,rank_5,0.0048484856732652045,140.75972739587644,139.89325450376813,137.75,2.1432545037681336,NULL,0,137.75,NULL,False
550,0.00018434935314060345,candidate,2,3,5068359373.27166,5072343725.856793,0.00014902062925477264,8.15849020302287,-1.2406134247135725,97.3125,False,refined,0.35376480859116777,rank_4,0.05715860375449456,140.7963928811961,139.89325450376813,137.75,2.1432545037681336,NULL,0,137.75,NULL,False
550,0.00018434935314060345,candidate,3,4,3642578123.757859,3642002329.085465,0.00014139246609414692,7.658276688692434,-1.697015897380716,69.9375,False,refined,0.4573219902824297,NULL,3.0,140.95732199028242,139.89325450376813,137.75,2.1432545037681336,NULL,0,137.75,NULL,False
550,0.00018434935314060345,candidate,4,5,5996093747.9552965,nan,0.00013792588638056343,7.289827570412344,-1.9126256104397754,115.125,True,boundary_peak,2.0260649650906344,NULL,3.0,142.52606496509063,139.89325450376813,137.75,2.1432545037681336,NULL,0,137.75,NULL,False
550,0.00018434935314060345,NULL,5,0,nan,nan,nan,nan,nan,nan,False,NULL,0.25,NULL,0.0,137.75,139.89325450376813,137.75,2.1432545037681336,NULL,0,137.75,NULL,True
551,0.00018435255314060454,candidate,0,1,5624999998.081841,5624352747.2233305,0.00018821051954404056,9.620707643691953,1.8157276825578617,107.99999999999999,False,refined,0.05689385344620712,rank_1,4.795179859844255e-06,139.9501531523942,139.9501531523942,138.0,1.9501531523941935,NULL,0,138.0,NULL,False
551,0.00018435255314060454,candidate,1,2,3652343748.7545295,3655806359.8146706,0.00015270649510787658,7.564632320218045,-1.8157276825578617,70.125,False,refined,0.47878813212715954,NULL,3.0,141.22878813212716,139.9501531523942,138.0,1.9501531523941935,NULL,0,138.0,NULL,False
551,0.00018435255314060454,candidate,2,3,3017578123.9709883,3022390201.2868657,0.00014961289050133693,7.543602979867918,-1.9934976002805094,57.93750000000001,False,refined,0.4930531530373441,NULL,3.0,141.24305315303735,139.9501531523942,138.0,1.9501531523941935,NULL,0,138.0,NULL,False
551,0.00018435255314060454,candidate,3,4,2666015624.090873,2661944888.6011333,0.00014433902163723958,7.315504917282745,-2.305202726409208,51.18749999999999,False,refined,0.5467494328081638,NULL,3.0,141.29674943280816,139.9501531523942,138.0,1.9501531523941935,NULL,0,138.0,NULL,False
551,0.00018435255314060454,candidate,4,5,2490234374.1508155,2489485936.7438912,0.00013776579526279684,6.752551399687352,-2.7100497999632633,47.8125,False,refined,0.6564954025446011,NULL,3.0,141.4064954025446,139.9501531523942,138.0,1.9501531523941935,NULL,0,138.0,NULL,False
551,0.00018435255314060454,NULL,5,0,nan,nan,nan,nan,nan,nan,False,NULL,0.25,NULL,0.0,138.0,139.9501531523942,138.0,1.9501531523941935,NULL,0,138.0,NULL,True
552,0.00018435575314060563,candidate,0,1,4687499998.401535,4691218414.359017,0.00020282583210650337,10.48030549285535,1.3061976225492167,90.0,False,refined,0.0,NULL,3.0,141.0,140.17209905300965,138.25,1.9220990530096458,NULL,0,138.25,NULL,False
552,0.00018435575314060563,candidate,1,2,5615234373.085172,5619606844.05741,0.0001745072140671423,9.07962540319934,-1.3061976225492167,107.8125,False,refined,0.21969354092942495,rank_1,0.002252359686029192,140.17209905300965,140.17209905300965,138.25,1.9220990530096458,NULL,0,138.25,NULL,False
552,0.00018435575314060563,candidate,2,3,2499999999.1474853,2498391475.771619,0.00016321317219900356,8.415533438961624,-1.887361211889278,48.0,False,refined,0.3556300598988362,NULL,3.0,141.35563005989883,140.17209905300965,138.25,1.9220990530096458,NULL,0,138.25,NULL,False
552,0.00018435575314060563,candidate,3,4,3642578123.757859,3647048512.2020273,0.00016102498939803302,8.35271039141733,-2.0045997428368256,69.9375,False,refined,0.372380925214702,NULL,3.0,141.3723809252147,140.17209905300965,138.25,1.9220990530096458,NULL,0,138.25,NULL,False
552,0.00018435575314060563,candidate,4,5,5458984373.138454,5456834909.229612,0.00015173830058219694,8.007875008573642,-2.5205610114419486,104.8125,False,refined,0.45635381192907554,NULL,3.0,141.45635381192906,140.17209905300965,138.25,1.9220990530096458,NULL,0,138.25,NULL,False
552,0.00018435575314060563,NULL,5,0,nan,nan,nan,nan,nan,nan,False,NULL,0.25,NULL,0.0,138.25,140.17209905300965,138.25,1.9220990530096458,NULL,0,138.25,NULL,True
553,0.00018435895314060672,candidate,0,1,4667968748.4081955,4666730938.397893,0.00023103913050665452,10.614721845306088,2.2679530358888744,89.625,False,refined,0.0,rank_1,0.05996364789466463,141.05996364789468,141.05996364789468,138.5,2.5599636478946763,NULL,0,138.5,NULL,False
553,0.00018435895314060672,candidate,1,2,3632812498.7611895,3631036195.0562487,0.00017794586053075493,8.281096324728114,-2.2679530358888744,69.75,False,refined,0.3995826160338375,NULL,3.0,141.64958261603383,141.05996364789468,138.5,2.5599636478946763,NULL,0,138.5,NULL,False
553,0.00018435895314060672,candidate,2,3,5917968747.981937,5913787030.66022,0.0001742496501532921,8.07119099282696,-2.4502725328752906,113.62499999999999,False,refined,0.4424633843806617,NULL,3.0,141.69246338438066,141.05996364789468,138.5,2.5599636478946763,NULL,0,138.5,NULL,False
553,0.00018435895314060672,candidate,3,4,5468749998.135124,5470075862.397452,0.00016352895693465123,7.487062209372457,-3.0018174969549616,105.0,False,refined,0.5645542621538165,NULL,3.0,141.81455426215382,141.05996364789468,138.5,2.5599636478946763,NULL,0,138.5,NULL,False
553,0.00018435895314060672,candidate,4,5,2480468749.1541457,2485105504.7489705,0.00016033490426397624,7.315730413158894,-3.1731492931685246,47.625,False,refined,0.6009622688491987,NULL,3.0,141.8509622688492,141.05996364789468,138.5,2.5599636478946763,NULL,0,138.5,NULL,False
553,0.00018435895314060672,NULL,5,0,nan,nan,nan,nan,nan,nan,False,NULL,0.25,NULL,0.0,138.5,141.05996364789468,138.5,2.5599636478946763,NULL,0,138.5,NULL,True
554,0.00018436215314060781,candidate,0,1,4628906248.421515,4624492696.864187,0.00021333183795371744,10.147551656500493,0.4388199264830206,88.875,False,refined,0.0,rank_1,0.1784069047859662,141.23837055268064,141.23837055268064,138.75,2.4883705526806352,NULL,0,138.75,NULL,False
554,0.00018436215314060781,candidate,1,2,5937499997.975278,5940148962.815157,0.00020282182149886495,9.596691185726023,-0.4388199264830206,114.00000000000001,False,refined,0.08792256754628536,NULL,3.0,141.5879225675463,141.23837055268064,138.75,2.4883705526806352,NULL,0,138.75,NULL,False
554,0.00018436215314060781,candidate,2,3,4736328123.384884,4740273921.173572,0.00015722992412826707,7.3851017087261805,-2.650409403482863,90.9375,False,refined,0.5578853314087519,NULL,3.0,142.05788533140876,141.23837055268064,138.75,2.4883705526806352,NULL,0,138.75,NULL,False
554,0.00018436215314060781,candidate,3,4,3613281248.76785,3617428071.914899,0.00015441503750756073,7.340229981218762,-2.807321675281731,69.375,False,refined,0.5744231075222939,NULL,3.0,142.0744231075223,141.23837055268064,138.75,2.4883705526806352,NULL,0,138.75,NULL,False
554,0.00018436215314060781,candidate,4,5,5126953123.251678,5125292996.050787,0.00015185092375167767,6.9776709979701845,-2.952764736584461,98.4375,False,refined,0.6378971463410011,NULL,3.0,142.137897146341,141.23837055268064,138.75,2.4883705526806352,NULL,0,138.75,NULL,False
554,0.00018436215314060781,NULL,5,0,nan,nan,nan,nan,nan,nan,False,NULL,0.25,NULL,0.0,138.75,141.23837055268064,138.75,2.4883705526806352,NULL,0,138.75,NULL,True
555,0.0001843653531406089,candidate,0,1,5107421873.258339,5110313681.5376005,0.0001990694180683574,10.26043040371234,0.8569829547298724,98.0625,False,refined,0.0,NULL,3.0,141.75,141.73596124193745,139.0,2.7359612419374457,NULL,0,139.0,NULL,False
555,0.0001843653531406089,candidate,1,2,5986328122.958627,5983618818.446628,0.00018036630117276465,9.384006229263901,-0.8569829547298724,114.9375,False,refined,0.1459605002810318,NULL,3.0,141.89596050028103,141.73596124193745,139.0,2.7359612419374457,NULL,0,139.0,NULL,False
555,0.0001843653531406089,candidate,2,3,4619140623.424846,4621211284.579183,0.00014848824744263315,7.750844394769176,-2.5462493090201654,88.6875,False,refined,0.4965139225983839,rank_1,0.0010767666584179216,141.73596124193745,141.73596124193745,139.0,2.7359612419374457,NULL,0,139.0,NULL,False
555,0.0001843653531406089,candidate,3,4,5791015623.025229,5794029992.566047,0.00013886492021160471,7.187998075323279,-3.128239958775554,111.1875,False,refined,0.6173152861249803,NULL,3.0,142.36731528612498,141.73596124193745,139.0,2.7359612419374457,NULL,0,139.0,NULL,False
555,0.0001843653531406089,candidate,4,5,4990234373.298301,4987038164.316727,0.00013663290968538483,7.161415040872736,-3.268984597679081,95.8125,False,refined,0.6300992812240321,NULL,3.0,142.38009928122403,141.73596124193745,139.0,2.7359612419374457,NULL,0,139.0,NULL,False
555,0.0001843653531406089,NULL,5,0,nan,nan,nan,nan,nan,nan,False,NULL,0.25,NULL,0.0,139.0,141.73596124193745,139.0,2.7359612419374457,NULL,0,139.0,NULL,True
556,0.00018436855314061,candidate,0,1,5097656248.261669,5096425853.054969,0.00023694929172639675,12.151021456904969,2.2386955724848345,97.875,False,refined,0.0,rank_1,0.019287177996299587,141.7692871779963,141.7692871779963,139.25,2.51928717799629,NULL,0,139.25,NULL,False
556,0.00018436855314061,candidate,1,2,4414062498.494779,4416135198.009567,0.0001831136148982504,9.667320335261333,-2.2386955724848345,84.75,False,refined,0.18982042299110213,NULL,3.0,142.1898204229911,141.7692871779963,139.25,2.51928717799629,NULL,0,139.25,NULL,False
556,0.00018436855314061,candidate,2,3,5839843748.008579,5841890662.285635,0.00014968452737704842,7.916445818625419,-3.9895700891207486,112.125,False,refined,0.5618812577762339,NULL,3.0,142.56188125777624,141.7692871779963,139.25,2.51928717799629,NULL,0,139.25,NULL,False
556,0.00018436855314061,candidate,3,4,3740234373.724558,3738720235.430394,0.0001462477324796936,7.606679163261187,-4.191325473018024,71.8125,False,refined,0.6209559675744484,NULL,3.0,142.62095596757445,141.7692871779963,139.25,2.51928717799629,NULL,0,139.25,NULL,False
556,0.00018436855314061,candidate,4,5,1103515624.6236947,1103348898.6844413,0.00014364620616806793,7.420162232501326,-4.347225090401503,21.1875,False,refined,0.658677233274895,NULL,3.0,142.6586772332749,141.7692871779963,139.25,2.51928717799629,NULL,0,139.25,NULL,False
556,0.00018436855314061,NULL,5,0,nan,nan,nan,nan,nan,nan,False,NULL,0.25,NULL,0.0,139.25,141.7692871779963,139.25,2.51928717799629,NULL,0,139.25,NULL,True
557,0.0001843717531406111,candidate,0,1,5107421873.258339,5104525539.669465,0.0002032307265508921,11.019798569794084,0.5053755554865891,98.0625,False,refined,0.0,rank_1,0.006560492325304941,141.77584767032158,141.77584767032158,139.5,2.275847670321582,NULL,0,139.5,NULL,False
557,0.0001843717531406111,candidate,1,2,4433593748.488118,4430048319.516841,0.00019174347415770948,10.514423014307495,-0.5053755554865891,85.125,False,refined,0.03158597221791182,rank_2,0.019357495007616125,142.24076389021664,141.77584767032158,139.5,2.275847670321582,NULL,0,139.5,NULL,False
557,0.0001843717531406111,candidate,2,3,1123046874.6170344,1120636916.0670485,0.0001582998694134827,8.767988244903604,-2.1701762633480914,21.5625,False,refined,0.3204377797237151,NULL,3.0,142.5704377797237,141.77584767032158,139.5,2.275847670321582,NULL,0,139.5,NULL,False
557,0.0001843717531406111,candidate,3,4,2783203124.0509114,2781252015.0383415,0.0001403068233217039,7.801587012546047,-3.2182115572480363,53.4375,False,refined,0.5309001704460952,NULL,3.0,142.7809001704461,141.77584767032158,139.5,2.275847670321582,NULL,0,139.5,NULL,False
557,0.0001843717531406111,candidate,4,5,4667968748.4081955,4664717973.262058,0.00013340176152517444,7.175639627226387,-3.6565561087310083,89.625,False,refined,0.65218881271173,NULL,3.0,142.90218881271173,141.77584767032158,139.5,2.275847670321582,NULL,0,139.5,NULL,False
557,0.0001843717531406111,NULL,5,0,nan,nan,nan,nan,nan,nan,False,NULL,0.25,NULL,0.0,139.5,141.77584767032158,139.5,2.275847670321582,NULL,0,139.5,NULL,True
558,0.00018437495314061218,candidate,0,1,4667968748.4081955,4665691369.647188,0.00017606133011915584,8.656117898666889,0.5883208560130981,89.625,False,refined,0.20158231519996672,NULL,3.0,142.70158231519997,142.32620109113338,139.75,2.5762010911333846,NULL,0,139.75,NULL,False
558,0.00018437495314061218,candidate,1,2,4472656248.474798,4468437601.53717,0.00016453107518693503,8.064175880174389,-0.5883208560130981,85.875,False,refined,0.3271436714746603,rank_2,0.14737369740363918,142.71528125909495,142.32620109113338,139.75,2.5762010911333846,NULL,0,139.75,NULL,False
558,0.00018437495314061218,candidate,2,3,5888671872.991928,5889738896.644327,0.0001570346788766041,7.6591285801041575,-0.9933681560833296,113.0625,False,refined,0.41321622273958447,NULL,3.0,142.91321622273958,142.32620109113338,139.75,2.5762010911333846,NULL,0,139.75,NULL,False
558,0.00018437495314061218,candidate,3,4,2783203124.0509114,2785215168.182197,0.00015134920587971497,7.338820096456633,-1.3136766397308541,53.4375,False,refined,0.48128177551468343,NULL,3.0,142.98128177551467,142.32620109113338,139.75,2.5762010911333846,NULL,0,139.75,NULL,False
558,0.00018437495314061218,candidate,4,5,5126953123.251678,5127223336.298144,0.00015013609738366226,7.250927641449536,-1.3835771175924805,98.4375,False,refined,0.4988344236320996,rank_1,0.05151899717968843,142.32620109113338,142.32620109113338,139.75,2.5762010911333846,NULL,0,139.75,NULL,False
558,0.00018437495314061218,NULL,5,0,nan,nan,nan,nan,nan,nan,False,NULL,0.25,NULL,0.0,139.75,142.32620109113338,139.75,2.5762010911333846,NULL,0,139.75,NULL,True
559,0.00018437815314061327,candidate,0,1,5908203122.985268,5912202400.946826,0.0002164251999393556,11.30345707210381,0.501771818435488,113.4375,False,refined,0.0,NULL,3.0,142.75,142.75,140.0,2.75,NULL,0,140.0,NULL,False
559,0.00018437815314061327,candidate,1,2,4677734373.404865,4681943935.681349,0.0002042768895928104,10.88319374663123,-0.501771818435488,89.8125,False,refined,0.031360738652218,rank_1,0.026414590269475128,142.75935764412165,142.75,140.0,2.75,NULL,0,140.0,NULL,False
559,0.00018437815314061327,candidate,2,3,5624999998.081841,5622593523.094873,0.00018407545853768502,9.909768638320458,-1.4062387282234745,107.99999999999999,False,refined,0.10142462476589853,NULL,3.0,142.8514246247659,142.75,140.0,2.75,NULL,0,140.0,NULL,False
559,0.00018437815314061327,candidate,3,4,5468749998.135124,5467117686.121447,0.00015756228938137637,8.558896468205557,-2.757110898338375,105.0,False,refined,0.3884849609153149,NULL,3.0,143.13848496091532,142.75,140.0,2.75,NULL,0,140.0,NULL,False
559,0.00018437815314061327,candidate,4,5,3525390623.797821,3522026500.6067367,0.00015077127072637948,8.144731967693248,-3.1397846449123623,67.6875,False,refined,0.4745267451530354,NULL,3.0,143.22452674515304,142.75,140.0,2.75,NULL,0,140.0,NULL,False
559,0.00018437815314061327,NULL,5,0,nan,nan,nan,nan,nan,nan,False,NULL,0.25,NULL,0.0,140.0,142.75,140.0,2.75,NULL,0,140.0,NULL,True
560,0.00018438135314061436,candidate,0,1,5908203122.985268,5907881258.516969,0.00022167407328847123,10.169972624356696,0.26791530041784917,113.4375,False,refined,0.0,rank_1,0.0018672271899112653,142.7518672271899,142.7518672271899,140.25,2.501867227189905,NULL,0,140.25,NULL,False
560,0.00018438135314061436,candidate,1,2,5654296873.071852,5649905696.292801,0.00021494093638849685,9.91565590710004,-0.26791530041784917,108.5625,False,refined,0.029396320211109495,rank_3,0.0745954804793588,142.95541642545638,142.7518672271899,140.25,2.501867227189905,NULL,0,140.25,NULL,False
560,0.00018438135314061436,candidate,2,3,3525390623.797821,3527932774.762117,0.00018416752144068666,8.465471285921664,-1.6100371647940381,67.6875,False,refined,0.33080662991137777,NULL,3.0,143.33080662991136,142.7518672271899,140.25,2.501867227189905,NULL,0,140.25,NULL,False
560,0.00018438135314061436,candidate,3,4,5126953123.251678,5123012219.121542,0.00016154890592470842,7.343946143091955,-2.7482176084558496,98.4375,False,refined,0.5701716790646973,NULL,3.0,143.57017167906469,142.7518672271899,140.25,2.501867227189905,NULL,0,140.25,NULL,False
560,0.00018438135314061436,candidate,4,5,4687499998.401535,4686430472.079618,0.00015825373200934096,7.22770132334543,-2.9272188206442618,90.0,False,refined,0.5987959777884518,rank_2,0.002012900885299843,143.3601665227954,142.7518672271899,140.25,2.501867227189905,NULL,0,140.25,NULL,False
560,0.00018438135314061436,NULL,5,0,nan,nan,nan,nan,nan,nan,False,NULL,0.25,NULL,0.0,140.25,142.7518672271899,140.25,2.501867227189905,NULL,0,140.25,NULL,True
561,0.00018438455314061545,candidate,0,1,5888671872.991928,5887109747.6894455,0.00018947712397435302,9.0859565938743,0.09988748758938293,113.0625,False,refined,0.13710651091885495,rank_1,0.043145566205791484,142.93211930431454,142.93211930431454,140.5,2.43211930431454,NULL,0,140.5,NULL,False
561,0.00018438455314061545,candidate,1,2,3535156248.794491,3534501934.3335075,0.0001873106235783667,8.995018006242566,-0.09988748758938293,67.875,False,refined,0.1569902670379516,NULL,3.0,143.40699026703794,142.93211930431454,140.5,2.43211930431454,NULL,0,140.5,NULL,False
561,0.00018438455314061545,candidate,2,3,5664062498.0685215,5664331978.754334,0.00017922128345983522,8.637353370922218,-0.4833440188242566,108.75,False,refined,0.2346059955381833,rank_2,0.02081176256599504,143.21083418356054,142.93211930431454,140.5,2.43211930431454,NULL,0,140.5,NULL,False
561,0.00018438455314061545,candidate,3,4,5107421873.258339,5108741309.5028515,0.00016884477668549242,8.09352241302447,-1.0013830808074786,98.0625,False,refined,0.34855808059679694,NULL,3.0,143.5985580805968,142.93211930431454,140.5,2.43211930431454,NULL,0,140.5,NULL,False
561,0.00018438455314061545,candidate,4,5,4208984373.5647116,4209947885.07629,0.00016321244518128282,7.824627133622215,-1.2960702561242599,80.8125,False,refined,0.407310320964434,NULL,3.0,143.65731032096443,142.93211930431454,140.5,2.43211930431454,NULL,0,140.5,NULL,False
561,0.00018438455314061545,NULL,5,0,nan,nan,nan,nan,nan,nan,False,NULL,0.25,NULL,0.0,140.5,142.93211930431454,140.5,2.43211930431454,NULL,0,140.5,NULL,True
562,0.00018438775314061654,candidate,0,1,5058593748.27499,5061566711.263241,0.00017810033530102346,8.986673729994443,0.8966242161388482,97.125,False,refined,0.1519989405008335,NULL,3.0,143.65199894050085,143.65199894050085,140.75,2.901998940500846,NULL,0,140.75,NULL,False
562,0.00018438775314061654,candidate,1,2,4160156248.5813622,4159758045.992033,0.00016063253984946262,7.990581203149523,-0.8966242161388482,79.875,False,refined,0.3574518330362496,NULL,3.0,143.85745183303624,143.65199894050085,140.75,2.901998940500846,NULL,0,140.75,NULL,False
562,0.00018438775314061654,candidate,2,3,5673828123.065191,5676986653.415709,0.00015388585815138175,7.617884892318099,-1.2693205269702723,108.9375,False,refined,0.4366497990879272,rank_3,0.016014079078522352,143.66349806172698,143.65199894050085,140.75,2.901998940500846,NULL,0,140.75,NULL,False
562,0.00018438775314061654,candidate,3,4,1855468749.3672743,1853230890.898663,0.0001533150780186373,7.650909100467835,-1.3015973748693987,35.625,False,refined,0.4337134708591621,NULL,3.0,143.93371347085917,143.65199894050085,140.75,2.901998940500846,NULL,0,140.75,NULL,False
562,0.00018438775314061654,candidate,4,5,3525390623.797821,3524468079.009226,0.0001481754479144553,7.354736708083269,-1.5977697672539648,67.6875,False,refined,0.4966501042408824,rank_2,0.010067825266861608,143.91370819654568,143.65199894050085,140.75,2.901998940500846,NULL,0,140.75,NULL,False
562,0.00018438775314061654,NULL,5,0,nan,nan,nan,nan,nan,nan,False,NULL,0.25,NULL,0.0,140.75,143.65199894050085,140.75,2.901998940500846,NULL,0,140.75,NULL,True
563,0.00018439095314061764,candidate,0,1,5693359373.058531,5696110618.726123,0.0001849728437300782,9.888608797765137,0.022508847335496185,109.3125,False,refined,0.01670868033522943,rank_3,0.03657260491939301,143.7167793469816,143.7167793469816,141.0,2.7167793469816104,NULL,0,141.0,NULL,False
563,0.00018439095314061764,candidate,1,2,5429687498.148444,5425915191.976323,0.00018449412069822008,9.866099950429641,-0.022508847335496185,104.24999999999999,False,refined,0.02149181039402237,NULL,3.0,143.77149181039402,143.7167793469816,141.0,2.7167793469816104,NULL,0,141.0,NULL,False
563,0.00018439095314061764,candidate,2,3,4912109373.324942,4910694779.268166,0.00017231162105466855,9.198584735087811,-0.6158681038952007,94.3125,False,refined,0.15870404623027834,NULL,3.0,143.90870404623027,143.7167793469816,141.0,2.7167793469816104,NULL,0,141.0,NULL,False
563,0.00018439095314061764,candidate,3,4,5058593748.27499,5062040347.018699,0.0001674854400791514,8.781023902722103,-0.8626182925541048,97.125,False,refined,0.23676005787631615,rank_1,2.2433082884815493e-05,143.88878143146005,143.7167793469816,141.0,2.7167793469816104,NULL,0,141.0,NULL,False
563,0.00018439095314061764,candidate,4,5,4648437498.414855,4646117549.126661,0.00016191844646454875,8.67719537358389,-1.156232900753702,89.24999999999999,False,refined,0.27068525025952284,NULL,3.0,144.02068525025953,143.7167793469816,141.0,2.7167793469816104,NULL,0,141.0,NULL,False
563,0.00018439095314061764,NULL,5,0,nan,nan,nan,nan,nan,nan,False,NULL,0.25,NULL,0.0,141.0,143.7167793469816,141.0,2.7167793469816104,NULL,0,141.0,NULL,True
564,0.00018439415314061873,candidate,0,1,4648437498.414855,4644366090.793205,0.0002683208701138111,12.30780419867755,2.5262071469615055,89.24999999999999,False,refined,0.0,NULL,3.0,144.0,143.90796754818314,141.25,2.6579675481831373,NULL,0,141.25,NULL,False
564,0.00018439415314061873,candidate,1,2,5703124998.055201,5698434004.7763405,0.00020060608217240428,9.781597051716044,-2.5262071469615055,109.5,False,refined,0.19064838892768743,rank_1,0.0005398122738345872,143.90796754818314,143.90796754818314,141.25,2.6579675481831373,NULL,0,141.25,NULL,False
564,0.00018439415314061873,candidate,2,3,5410156248.155105,5413045594.803056,0.00019060337414071585,9.246421750638847,-2.970477383321022,103.875,False,refined,0.29869157386173684,rank_2,0.016562653140217133,144.08674603739598,143.90796754818314,141.25,2.6579675481831373,NULL,0,141.25,NULL,False
564,0.00018439415314061873,candidate,3,4,4921874998.321611,4920836085.982239,0.0001536217748201558,7.631357454557568,-4.844033506250103,94.5,False,refined,0.6580484759569962,rank_3,0.010284610186890579,144.57703713237416,143.90796754818314,141.25,2.6579675481831373,NULL,0,141.25,NULL,False
564,0.00018439415314061873,candidate,4,5,4277343748.5414004,4276596343.5705805,0.00015107203985178646,7.48598375512791,-4.989407205679761,82.125,False,refined,0.6889403870857986,NULL,3.0,144.6889403870858,143.90796754818314,141.25,2.6579675481831373,NULL,0,141.25,NULL,False
564,0.00018439415314061873,NULL,5,0,nan,nan,nan,nan,nan,nan,False,NULL,0.25,NULL,0.0,141.25,143.90796754818314,141.25,2.6579675481831373,NULL,0,141.25,NULL,True
565,0.00018439735314061982,candidate,0,1,4638671873.418185,4642377969.132543,0.0002884461557888893,12.277271101205187,3.5920223997886946,89.0625,False,refined,0.0,rank_1,0.0003952627737596017,144.00039526277376,144.00039526277376,141.5,2.5003952627737647,NULL,0,141.5,NULL,False
565,0.00018439735314061982,candidate,1,2,5419921873.151774,5416846110.705848,0.00019074959975831976,8.43970181668694,-3.5920223997886946,104.0625,False,refined,0.45854612748375245,rank_3,0.0014443921127374713,144.54673655699247,144.00039526277376,141.5,2.5003952627737647,NULL,0,141.5,NULL,False
565,0.00018439735314061982,candidate,2,3,4267578123.5447307,4266343485.8505445,0.00018268585874181974,8.165925233759248,-3.967196487169895,81.9375,False,refined,0.5230609953842312,NULL,3.0,144.77306099538424,144.00039526277376,141.5,2.5003952627737647,NULL,0,141.5,NULL,False
565,0.00018439735314061982,candidate,3,4,5693359373.058531,5696413830.560833,0.00017025464958416895,7.2442175515384655,-4.579315484123079,109.3125,False,refined,0.6995745850269226,rank_2,0.00040811038610013726,144.60795024359615,144.00039526277376,141.5,2.5003952627737647,NULL,0,141.5,NULL,False
565,0.00018439735314061982,candidate,4,5,4999999998.2949705,4998422425.882657,0.00015471941314478042,6.722722802821375,-5.410398918107768,96.0,False,refined,0.8297415119585293,NULL,3.0,145.07974151195853,144.00039526277376,141.5,2.5003952627737647,NULL,0,141.5,NULL,False
565,0.00018439735314061982,NULL,5,0,nan,nan,nan,nan,nan,nan,False,NULL,0.25,NULL,0.0,141.5,144.00039526277376,141.5,2.5003952627737647,NULL,0,141.5,NULL,True
566,0.0001844005531406209,candidate,0,1,4638671873.418185,4641841500.055358,0.00021023845091587014,8.737606340877972,0.2116719944566725,89.0625,False,refined,0.18935904886830413,rank_1,2.877990707753791e-05,144.18978309154915,144.18978309154915,141.75,2.4397830915491454,NULL,0,141.75,NULL,False
566,0.0001844005531406209,candidate,1,2,5429687498.148444,5432691527.740182,0.00020517693986308263,8.402609199243587,-0.2116719944566725,104.24999999999999,False,refined,0.252838119767004,NULL,3.0,144.752838119767,144.18978309154915,141.75,2.4397830915491454,NULL,0,141.75,NULL,False
566,0.0001844005531406209,candidate,2,3,5009765623.29164,5008895786.221149,0.00019086149148840966,7.774404501484984,-0.8398766922152756,96.1875,False,refined,0.38633161804070715,NULL,3.0,144.8863316180407,144.18978309154915,141.75,2.4397830915491454,NULL,0,141.75,NULL,False
566,0.0001844005531406209,candidate,3,4,3046874998.9609976,3051471028.3526397,0.000170723725044155,6.92924094491608,-1.8083653959618928,58.5,False,refined,0.5736366955102064,NULL,3.0,145.0736366955102,144.18978309154915,141.75,2.4397830915491454,NULL,0,141.75,NULL,False
566,0.0001844005531406209,candidate,4,5,4423828123.491448,4421411947.034347,0.00016528063766518968,6.64780297702845,-2.089803363849523,84.9375,False,refined,0.6334422636863277,NULL,3.0,145.13344226368633,144.18978309154915,141.75,2.4397830915491454,NULL,0,141.75,NULL,False
566,0.0001844005531406209,NULL,5,0,nan,nan,nan,nan,nan,nan,False,NULL,0.25,NULL,0.0,141.75,144.18978309154915,141.75,2.4397830915491454,NULL,0,141.75,NULL,True
567,0.000184403753140622,candidate,0,1,5429687498.148444,5427185935.890312,0.00022153833789428264,11.078470839073793,0.45634806461257504,104.24999999999999,False,refined,0.0,NULL,3.0,144.75,144.75,142.0,2.75,NULL,0,142.0,NULL,False
567,0.000184403753140622,candidate,1,2,5009765623.29164,5008401932.958486,0.00021019940861777912,10.628457830178135,-0.45634806461257504,96.1875,False,refined,0.02852175403828594,NULL,3.0,144.77852175403828,144.75,142.0,2.75,NULL,0,142.0,NULL,False
567,0.000184403753140622,candidate,2,3,5869140622.998589,5866054612.47536,0.00016442817945236756,8.505054748378829,-2.5894528950504014,112.6875,False,refined,0.3860825936838258,NULL,3.0,145.13608259368382,144.75,142.0,2.75,NULL,0,142.0,NULL,False
567,0.000184403753140622,candidate,3,4,4384765623.504769,4384789160.746725,0.000161486516264674,8.348255094863202,-2.7462525485660283,84.1875,False,refined,0.4194025200558965,NULL,3.0,145.16940252005588,144.75,142.0,2.75,NULL,0,142.0,NULL,False
567,0.000184403753140622,candidate,4,5,4169921873.578032,4172184686.985038,0.00014187754115986922,7.195693354596342,-3.8707047967422348,80.0625,False,refined,0.6625650466069384,NULL,3.0,145.41256504660694,144.75,142.0,2.75,NULL,0,142.0,NULL,False
567,0.000184403753140622,NULL,5,0,nan,nan,nan,nan,nan,nan,False,NULL,0.25,NULL,0.0,142.0,144.75,142.0,2.75,NULL,0,142.0,NULL,True
568,0.0001844069531406231,candidate,0,1,4980468748.301631,4978732563.317761,0.0001977081210302273,10.511355674550726,1.1133738542821892,95.625,False,refined,0.0,rank_2,0.08802714948779257,144.86654890352608,144.86654890352608,142.25,2.6165489035260805,NULL,0,142.25,NULL,False
568,0.0001844069531406231,candidate,1,2,5410156248.155105,5414741488.269957,0.00017392251864296348,9.380205638303298,-1.1133738542821892,103.875,False,refined,0.16255502014714207,rank_1,0.01548642765757743,144.92804144780473,144.86654890352608,142.25,2.6165489035260805,NULL,0,142.25,NULL,False
568,0.0001844069531406231,candidate,2,3,5869140622.998589,5871734796.155064,0.00016130554368057098,8.743851366484474,-1.7675043080662522,112.6875,False,refined,0.29889131428146964,NULL,3.0,145.29889131428146,144.86654890352608,142.25,2.6165489035260805,NULL,0,142.25,NULL,False
568,0.0001844069531406231,candidate,3,4,5283203123.198397,5284846781.77778,0.00015362720007055155,8.3202278086178,-2.191127865932927,101.4375,False,refined,0.388911320328138,NULL,3.0,145.38891132032813,144.86654890352608,142.25,2.6165489035260805,NULL,0,142.25,NULL,False
568,0.0001844069531406231,candidate,4,5,4199218748.568042,4198475990.414871,0.0001428570372598816,7.660156242119278,-2.82245739468018,80.625,False,refined,0.5273801508496195,NULL,3.0,145.5273801508496,144.86654890352608,142.25,2.6165489035260805,NULL,0,142.25,NULL,False
568,0.0001844069531406231,NULL,5,0,nan,nan,nan,nan,nan,nan,False,NULL,0.25,NULL,0.0,142.25,144.86654890352608,142.25,2.6165489035260805,NULL,0,142.25,NULL,True
569,0.00018441015314062418,candidate,0,1,5244140623.211717,5239811242.690684,0.00019969949149514958,10.438748392281498,0.702887283956608,100.68749999999999,False,refined,0.0,NULL,3.0,145.25,145.07530835678725,142.5,2.5753083567872466,NULL,0,142.5,NULL,False
569,0.00018441015314062418,candidate,1,2,5351562498.175086,5349915040.916456,0.00018417581265578478,9.73586110832489,-0.702887283956608,102.75,False,refined,0.08355128899855446,NULL,3.0,145.33355128899856,145.07530835678725,142.5,2.5753083567872466,NULL,0,142.5,NULL,False
569,0.00018441015314062418,candidate,2,3,4980468748.301631,4976889475.2851,0.00017281283902620227,9.133876244062451,-1.2560190803348448,95.625,False,refined,0.20841975591156015,rank_1,0.0003396973496139811,145.07530835678725,145.07530835678725,142.5,2.5753083567872466,NULL,0,142.5,NULL,False
569,0.00018441015314062418,candidate,3,4,4228515623.558051,4229596642.396341,0.00017024313050480232,9.043780757434368,-1.3861472464371083,81.1875,False,refined,0.23006708928716413,NULL,3.0,145.48006708928716,145.07530835678725,142.5,2.5753083567872466,NULL,0,142.5,NULL,False
569,0.00018441015314062418,candidate,4,5,5468749998.135124,5473285019.199167,0.00015015262097757234,7.926743278288528,-2.476880832220516,105.0,False,refined,0.465793560270503,NULL,3.0,145.7157935602705,145.07530835678725,142.5,2.5753083567872466,NULL,0,142.5,NULL,False
569,0.00018441015314062418,NULL,5,0,nan,nan,nan,nan,nan,nan,False,NULL,0.25,NULL,0.0,142.5,145.07530835678725,142.5,2.5753083567872466,NULL,0,142.5,NULL,True
570,0.00018441335314062527,candidate,0,1,5234374998.215047,5232975490.181456,0.000195774893178747,10.533929393330732,1.0137772688334046,100.49999999999999,False,refined,0.0,rank_1,0.004672751236742656,145.25467275123674,145.25467275123674,142.75,2.5046727512367397,NULL,0,142.75,NULL,False
570,0.00018441335314062527,candidate,1,2,5361328123.171756,5366013069.4408655,0.00017420801499470136,9.520152124497328,-1.0137772688334046,102.9375,False,refined,0.13533826062748866,rank_2,0.025914652237269527,145.49480420186333,145.25467275123674,142.75,2.5046727512367397,NULL,0,142.75,NULL,False
570,0.00018441335314062527,candidate,2,3,5468749998.135124,5473510043.431111,0.00016922303456097775,9.229270593311671,-1.2659503396780725,105.0,False,refined,0.19473130723312881,NULL,3.0,145.69473130723313,145.25467275123674,142.75,2.5046727512367397,NULL,0,142.75,NULL,False
570,0.00018441335314062527,candidate,3,4,3017578123.9709883,3015282829.410213,0.0001686000368271241,9.267967783584128,-1.2979866104586257,57.93750000000001,False,refined,0.19092899561604493,NULL,3.0,145.69092899561605,145.25467275123674,142.75,2.5046727512367397,NULL,0,142.75,NULL,False
570,0.00018441335314062527,candidate,4,5,3212890623.9043856,3216555246.9921703,0.00016480020303052395,9.037944327917184,-1.4959850654135476,61.68750000000001,False,refined,0.23780741740076905,NULL,3.0,145.73780741740077,145.25467275123674,142.75,2.5046727512367397,NULL,0,142.75,NULL,False
570,0.00018441335314062527,NULL,5,0,nan,nan,nan,nan,nan,nan,False,NULL,0.25,NULL,0.0,142.75,145.25467275123674,142.75,2.5046727512367397,NULL,0,142.75,NULL,True
571,0.00018441655314062637,candidate,0,1,3037109373.964328,3033058128.7934413,0.00018189089381099192,9.19758817502494,0.42858779124666846,58.3125,False,refined,0.120361773746259,rank_4,0.031596126816339644,145.84288689617864,145.83476346861988,143.0,2.834763468619883,NULL,0,143.0,NULL,False
571,0.00018441655314062637,candidate,1,2,5400390623.158435,5404048365.083959,0.00017313368293150132,8.87663894441407,-0.42858779124666846,103.6875,False,refined,0.19529089529080623,rank_2,0.14466837146574976,145.83476346861988,145.83476346861988,143.0,2.834763468619883,NULL,0,143.0,NULL,False
571,0.00018441655314062637,candidate,2,3,5087890623.264999,5090007797.385632,0.00017025552525240558,8.731031890930794,-0.574194844729945,97.6875,False,refined,0.2262323941560025,NULL,3.0,145.976232394156,145.83476346861988,143.0,2.834763468619883,NULL,0,143.0,NULL,False
571,0.00018441655314062637,candidate,3,4,2519531249.140825,2518504708.605189,0.00015245724029263623,7.6643301157291255,-1.5332580592958145,48.37499999999999,False,refined,0.4461791113466196,NULL,3.0,146.19617911134662,145.83476346861988,143.0,2.834763468619883,NULL,0,143.0,NULL,False
571,0.00018441655314062637,candidate,4,5,4521484373.458147,4521296752.720795,0.00014637236834682727,7.387041201637006,-1.887037143661301,86.8125,False,refined,0.5098836412332804,NULL,3.0,146.25988364123327,145.83476346861988,143.0,2.834763468619883,NULL,0,143.0,NULL,False
571,0.00018441655314062637,NULL,5,0,nan,nan,nan,nan,nan,nan,False,NULL,0.25,NULL,0.0,143.0,145.83476346861988,143.0,2.834763468619883,NULL,0,143.0,NULL,True
572,0.00018441975314062746,candidate,0,1,4472656248.474798,4468252397.936865,0.0001880658803571352,9.84296772358575,1.4813155599840044,85.875,False,refined,0.0235548414621376,NULL,3.0,146.02355484146213,146.02355484146213,143.25,2.773554841462129,NULL,0,143.25,NULL,False
572,0.00018441975314062746,candidate,1,2,5292968748.195066,5293013735.5862875,0.00015857847362884977,8.322370324949064,-1.4813155599840044,101.625,False,refined,0.3442266737566406,NULL,3.0,146.34422667375665,146.02355484146213,143.25,2.773554841462129,NULL,0,143.25,NULL,False
572,0.00018441975314062746,candidate,2,3,3066406248.9543376,3070440959.800726,0.0001462265726910003,7.6441894421811,-2.1856742066932178,58.87500000000001,False,refined,0.48997622159116117,rank_1,0.1397476054119202,146.4726107231817,146.02355484146213,143.25,2.773554841462129,NULL,0,143.25,NULL,False
572,0.00018441975314062746,candidate,3,4,4667968748.4081955,4671233960.58033,0.00014195623130819568,7.3998567187642905,-2.443111004821459,89.625,False,refined,0.5427159299866976,NULL,3.0,146.54271592998668,146.02355484146213,143.25,2.773554841462129,NULL,0,143.25,NULL,False
572,0.00018441975314062746,candidate,4,5,3583984373.77784,3586173166.3595576,0.00013980787606720878,7.055446770237754,-2.575567465104127,68.8125,False,refined,0.6026559510333448,NULL,3.0,146.60265595103334,146.02355484146213,143.25,2.773554841462129,NULL,0,143.25,NULL,False
572,0.00018441975314062746,NULL,5,0,nan,nan,nan,nan,nan,nan,False,NULL,0.25,NULL,0.0,143.25,146.02355484146213,143.25,2.773554841462129,NULL,0,143.25,NULL,True
573,0.00018442295314062855,candidate,0,1,4443359373.484788,4444085646.049205,0.00016586580291799084,8.998408513091443,0.5416682347644297,85.3125,False,refined,0.1502387230362836,rank_1,0.05840318967997194,146.2321967541784,146.2321967541784,143.5,2.7321967541784034,NULL,0,143.5,NULL,False
573,0.00018442295314062855,candidate,1,2,5263671873.205057,5262358700.042704,0.0001558380278923781,8.405025789714022,-0.5416682347644297,101.0625,False,refined,0.2731003962156735,NULL,3.0,146.52310039621568,146.2321967541784,143.5,2.7321967541784034,NULL,0,143.5,NULL,False
573,0.00018442295314062855,candidate,2,3,4111328123.598013,4110329906.7119083,0.00015365445258811274,8.41631353272339,-0.6642341128733964,78.9375,False,refined,0.27906760214607884,NULL,3.0,146.52906760214609,146.2321967541784,143.5,2.7321967541784034,NULL,0,143.5,NULL,False
573,0.00018442295314062855,candidate,3,4,3583984373.77784,3585716191.6877317,0.00014888913466208997,8.142670654549331,-0.9378769910474549,68.8125,False,refined,0.3372167137580663,NULL,3.0,146.58721671375807,146.2321967541784,143.5,2.7321967541784034,NULL,0,143.5,NULL,False
573,0.00018442295314062855,candidate,4,5,4677734373.404865,4673799269.618262,0.00013404360601338634,7.148193458028951,-1.8502150550624918,89.8125,False,refined,0.5434094222370631,NULL,3.0,146.79340942223706,146.2321967541784,143.5,2.7321967541784034,NULL,0,143.5,NULL,False
573,0.00018442295314062855,NULL,5,0,nan,nan,nan,nan,nan,nan,False,NULL,0.25,NULL,0.0,143.5,146.2321967541784,143.5,2.7321967541784034,NULL,0,143.5,NULL,True
574,0.00018442615314062964,candidate,0,1,5244140623.211717,5242129654.62047,0.00017724450482464998,10.542390791975418,0.2525398314572147,100.68749999999999,False,refined,0.0,NULL,3.0,146.5,146.5,143.75,2.75,NULL,0,143.75,NULL,False
574,0.00018442615314062964,candidate,1,2,4150390623.5846925,4152848914.610855,0.0001721653651045542,10.48965774329301,-0.2525398314572147,79.6875,False,refined,0.01578373946607592,NULL,3.0,146.5157837394661,146.5,143.75,2.75,NULL,0,143.75,NULL,False
574,0.00018442615314062964,candidate,2,3,3652343748.7545295,3652938303.361606,0.0001445998642249925,8.872315536941997,-1.7680978861254282,70.125,False,refined,0.2796587873415397,NULL,3.0,146.77965878734153,146.5,143.75,2.75,NULL,0,143.75,NULL,False
574,0.00018442615314062964,candidate,3,4,5908203122.985268,5905159840.979224,0.00014052269635325752,8.637886868888165,-2.0165261004237767,113.4375,False,refined,0.3303498509432613,NULL,3.0,146.83034985094326,146.5,143.75,2.75,NULL,0,143.75,NULL,False
574,0.00018442615314062964,candidate,4,5,4296874998.53474,4299611079.348587,0.00013532316506928665,8.39818492394139,-2.3440126508088355,82.5,False,refined,0.38677305208434376,NULL,3.0,146.88677305208435,146.5,143.75,2.75,NULL,0,143.75,NULL,False
574,0.00018442615314062964,NULL,5,0,nan,nan,nan,nan,nan,nan,False,NULL,0.25,NULL,0.0,143.75,146.5,143.75,2.75,NULL,0,143.75,NULL,True
575,0.00018442935314063073,candidate,0,1,5878906247.995258,5880117291.774846,0.00017953144194054397,9.815866883610003,0.24841035533241573,112.875,False,refined,0.027619967458499595,NULL,3.0,146.7776199674585,146.58995099696875,144.0,2.589950996968753,NULL,0,144.0,NULL,False
575,0.00018442935314063073,candidate,1,2,5253906248.208387,5249144743.751911,0.000174469694757078,9.536638651944953,-0.24841035533241573,100.875,False,refined,0.08502984941653302,rank_1,0.0049211475522063265,146.58995099696875,146.58995099696875,144.0,2.589950996968753,NULL,0,144.0,NULL,False
575,0.00018442935314063073,candidate,2,3,4394531248.501439,4389872418.51433,0.00015216110022780725,8.386210452522134,-1.4367375833873464,84.375,False,refined,0.3318645310833891,NULL,3.0,147.0818645310834,146.58995099696875,144.0,2.589950996968753,NULL,0,144.0,NULL,False
575,0.00018442935314063073,candidate,3,4,4160156248.5813622,4158121662.8902364,0.00014629545272277025,8.00685517157027,-1.778193835707098,79.875,False,refined,0.410108838996153,rank_2,0.0027801874417718196,146.92867276590403,146.58995099696875,144.0,2.589950996968753,NULL,0,144.0,NULL,False
575,0.00018442935314063073,candidate,4,5,3691406248.7412086,3691878706.305451,0.00012382259103930224,6.572169907561598,-3.226812629047231,70.875,False,refined,0.7158503031812122,NULL,3.0,147.4658503031812,146.58995099696875,144.0,2.589950996968753,NULL,0,144.0,NULL,False
575,0.00018442935314063073,NULL,5,0,nan,nan,nan,nan,nan,nan,False,NULL,0.25,NULL,0.0,144.0,146.58995099696875,144.0,2.589950996968753,NULL,0,144.0,NULL,True
576,0.00018443255314063182,candidate,0,1,4785156248.368234,4789580555.783655,0.00019083706750656817,9.84810650886379,0.48574209696528037,91.875,False,refined,0.02278402367043153,NULL,3.0,147.02278402367043,147.0053268976096,144.25,2.755326897609592,NULL,0,144.25,NULL,False
576,0.00018443255314063182,candidate,1,2,5839843748.008579,5836757349.493245,0.00018045778796138646,9.388390259063621,-0.48574209696528037,112.125,False,refined,0.1221003422007868,rank_1,0.18800845946637657,147.08772876912565,147.0053268976096,144.25,2.755326897609592,NULL,0,144.25,NULL,False
576,0.00018443255314063182,candidate,2,3,4394531248.501439,4391005881.156349,0.00015924913994941906,8.256156935496719,-1.5717127765077343,84.375,False,refined,0.35980850820722554,NULL,3.0,147.35980850820724,147.0053268976096,144.25,2.755326897609592,NULL,0,144.25,NULL,False
576,0.00018443255314063182,candidate,3,4,5263671873.205057,5266301353.231045,0.00015675234254486928,8.139132616682705,-1.7089738921810849,101.0625,False,refined,0.38594097575891206,rank_2,0.02943492488194971,147.0053268976096,147.0053268976096,144.25,2.755326897609592,NULL,0,144.25,NULL,False
576,0.00018443255314063182,candidate,4,5,2656249999.094203,2659864362.9075212,0.00013641489844985107,6.8869960801383545,-2.9160186061637905,51.0,False,refined,0.6492017508644837,NULL,3.0,147.64920175086448,147.0053268976096,144.25,2.755326897609592,NULL,0,144.25,NULL,False
576,0.00018443255314063182,NULL,5,0,nan,nan,nan,nan,nan,nan,False,NULL,0.25,NULL,0.0,144.25,147.0053268976096,144.25,2.755326897609592,NULL,0,144.25,NULL,True
577,0.0001844357531406329,candidate,0,1,4814453123.358243,4811225308.044027,0.00024730150700329943,12.76944496767956,3.504055393932317,92.4375,False,refined,0.0,rank_1,0.046849530041288584,147.06963355371172,147.06963355371172,144.5,2.569633553711725,NULL,0,144.5,NULL,False
577,0.0001844357531406329,candidate,1,2,5800781248.021899,5804273379.2647705,0.0001652053065559949,9.265389573747242,-3.504055393932317,111.375,False,refined,0.32919502605868345,rank_2,0.10552083218044253,147.52244462736476,147.06963355371172,144.5,2.569633553711725,NULL,0,144.5,NULL,False
577,0.0001844357531406329,candidate,2,3,2656249999.094203,2656905392.783097,0.00016260268111040698,8.939075608330809,-3.641981211807934,51.0,False,refined,0.3867624844883746,NULL,3.0,147.63676248448837,147.06963355371172,144.5,2.569633553711725,NULL,0,144.5,NULL,False
577,0.0001844357531406329,candidate,3,4,4384765623.504769,4380901624.304597,0.00016123066587230011,8.719608639759615,-3.7155823054436077,84.1875,False,refined,0.4242825981262832,NULL,3.0,147.6742825981263,147.06963355371172,144.5,2.569633553711725,NULL,0,144.5,NULL,False
577,0.0001844357531406329,candidate,4,5,5458984373.138454,5457485652.151737,0.00016036322695983006,8.81861730066321,-3.7624395194755333,104.8125,False,refined,0.4123598748677394,NULL,3.0,147.66235987486775,147.06963355371172,144.5,2.569633553711725,NULL,0,144.5,NULL,False
577,0.0001844357531406329,NULL,5,0,nan,nan,nan,nan,nan,nan,False,NULL,0.25,NULL,0.0,144.5,147.06963355371172,144.5,2.569633553711725,NULL,0,144.5,NULL,True
578,0.000184438953140634,candidate,0,1,4843749998.348252,4847728297.523876,0.00022644645220618617,11.897005858039682,1.2240916659969603,92.99999999999999,False,refined,0.0,rank_1,0.1332468240965957,147.20288037780833,147.20288037780833,144.75,2.4528803778083272,NULL,0,144.75,NULL,False
578,0.000184438953140634,candidate,1,2,4365234373.51143,4368478666.661046,0.00019668033419879558,10.690850009804755,-1.2240916659969603,83.81250000000001,False,refined,0.07650572912481002,NULL,3.0,147.57650572912482,147.20288037780833,144.75,2.4528803778083272,NULL,0,144.75,NULL,False
578,0.000184438953140634,candidate,2,3,3613281248.76785,3610755054.9084525,0.00017123118567007853,9.477703769614712,-2.427653139213426,69.375,False,refined,0.2300727557586324,NULL,3.0,147.73007275575864,147.20288037780833,144.75,2.4528803778083272,NULL,0,144.75,NULL,False
578,0.000184438953140634,candidate,3,4,5654296873.071852,5657544825.547477,0.00016177314445906842,9.023723256789644,-2.921181874273797,108.5625,False,refined,0.3290153786236657,NULL,3.0,147.82901537862367,147.20288037780833,144.75,2.4528803778083272,NULL,0,144.75,NULL,False
578,0.000184438953140634,candidate,4,5,2646484374.097533,2644848269.7626996,0.00015876958242237686,8.821392542469937,-3.0839643663582006,50.8125,False,refined,0.369538891526897,NULL,3.0,147.8695388915269,147.20288037780833,144.75,2.4528803778083272,NULL,0,144.75,NULL,False
578,0.000184438953140634,NULL,5,0,nan,nan,nan,nan,nan,nan,False,NULL,0.25,NULL,0.0,144.75,147.20288037780833,144.75,2.4528803778083272,NULL,0,144.75,NULL,True
579,0.0001844421531406351,candidate,0,1,4853515623.344923,4853034057.143793,0.00020246952562470458,9.763634480059142,0.8962451038793873,93.18750000000001,False,refined,0.035454827991128646,rank_1,0.0028151085144340897,147.24115031431387,147.24115031431387,145.0,2.2411503143138702,NULL,0,145.0,NULL,False
579,0.0001844421531406351,candidate,1,2,5605468748.088502,5602800308.620692,0.00018261960964984823,8.893489725540764,-0.8962451038793873,107.625,False,refined,0.2219918601613471,NULL,3.0,147.97199186016135,147.24115031431387,145.0,2.2411503143138702,NULL,0,145.0,NULL,False
579,0.0001844421531406351,candidate,2,3,4384765623.504769,4380519444.178071,0.0001824485926633929,8.885351877490288,-0.904382951929863,84.1875,False,refined,0.22372115287207317,rank_2,0.014498032321449457,147.81472491431833,147.24115031431387,145.0,2.2411503143138702,NULL,0,145.0,NULL,False
579,0.0001844421531406351,candidate,3,4,5078124998.26833,5078134580.656241,0.0001635744133374165,7.912556766037238,-1.8528858793048641,97.5,False,refined,0.4289218525509684,NULL,3.0,148.17892185255096,147.24115031431387,145.0,2.2411503143138702,NULL,0,145.0,NULL,False
579,0.0001844421531406351,candidate,4,5,4746093748.381554,4745165249.588068,0.00015070812537231455,7.187165218820306,-2.5644599512547206,91.12499999999999,False,refined,0.5822039641303741,NULL,3.0,148.33220396413037,147.24115031431387,145.0,2.2411503143138702,NULL,0,145.0,NULL,False
579,0.0001844421531406351,NULL,5,0,nan,nan,nan,nan,nan,nan,False,NULL,0.25,NULL,0.0,145.0,147.24115031431387,145.0,2.2411503143138702,NULL,0,145.0,NULL,True
580,0.00018444535314063619,candidate,0,1,4833984373.351583,4830630069.458204,0.00021825666552660104,11.674216017252421,0.5167968993268968,92.8125,False,refined,0.0,rank_1,0.05019386642160162,147.29134418073548,147.29134418073548,145.25,2.0413441807354786,NULL,0,145.25,NULL,False
580,0.00018444535314063619,candidate,1,2,5576171873.098493,5571801075.634084,0.00020564950614001385,11.129371447761915,-0.5167968993268968,107.0625,False,refined,0.03229980620793105,NULL,3.0,148.03229980620793,147.29134418073548,145.25,2.0413441807354786,NULL,0,145.25,NULL,False
580,0.00018444535314063619,candidate,2,3,5244140623.211717,5239895579.355828,0.00017511693980433915,9.666222466996661,-1.912787132144027,100.68749999999999,False,refined,0.1696158257095025,NULL,3.0,148.1696158257095,147.29134418073548,145.25,2.0413441807354786,NULL,0,145.25,NULL,False
580,0.00018444535314063619,candidate,3,4,5078124998.26833,5076945731.250905,0.00017273122680173304,9.614235180777477,-2.031933166311335,97.5,False,refined,0.18486054577783684,NULL,3.0,148.18486054577784,147.29134418073548,145.25,2.0413441807354786,NULL,0,145.25,NULL,False
580,0.00018444535314063619,candidate,4,5,4433593748.488118,4433292794.3467045,0.00016183344950284137,9.04153072462269,-2.5979844918863115,85.125,False,refined,0.3061444220494909,NULL,3.0,148.3061444220495,147.29134418073548,145.25,2.0413441807354786,NULL,0,145.25,NULL,False
580,0.00018444535314063619,NULL,5,0,nan,nan,nan,nan,nan,nan,False,NULL,0.25,NULL,0.0,145.25,147.29134418073548,145.25,2.0413441807354786,NULL,0,145.25,NULL,True
581,0.00018444855314063728,candidate,0,1,4628906248.421515,4626113154.702777,0.00023104305773759195,11.250570632101455,0.03194469286762036,88.875,False,refined,0.0,NULL,3.0,148.25,147.29334175279416,145.5,1.7933417527941629,NULL,0,145.5,NULL,False
581,0.00018444855314063728,candidate,1,2,4833984373.351583,4830731496.991877,0.00023019489544452224,11.242472353910351,-0.03194469286762036,92.8125,False,refined,0.0019965433042262726,rank_1,1.0287544586852196e-06,147.29334175279416,147.29334175279416,145.5,1.7933417527941629,NULL,0,145.5,NULL,False
581,0.00018444855314063728,candidate,2,3,5224609373.218377,5228418063.97733,0.0002071503978123212,10.259836110804041,-0.9481430387780332,100.3125,False,refined,0.059258939923627074,rank_3,0.013173335926365987,148.2420481015595,147.29334175279416,145.5,1.7933417527941629,NULL,0,145.5,NULL,False
581,0.00018444855314063728,candidate,3,4,5546874998.108483,5543097472.216914,0.000169470515997132,8.493184102424927,-2.6919754362783177,106.5,False,refined,0.39427084940365587,rank_2,0.08238968491301486,148.5089603405246,147.29334175279416,145.5,1.7933417527941629,NULL,0,145.5,NULL,False
581,0.00018444855314063728,candidate,4,5,5097656248.261669,5102476957.51949,0.00016913693186160333,8.565327539666798,-2.709089507111173,97.875,False,refined,0.3845189632444286,NULL,3.0,148.63451896324443,147.29334175279416,145.5,1.7933417527941629,NULL,0,145.5,NULL,False
581,0.00018444855314063728,NULL,5,0,nan,nan,nan,nan,nan,nan,False,NULL,0.25,NULL,0.0,145.5,147.29334175279416,145.5,1.7933417527941629,NULL,0,145.5,NULL,True
582,0.00018445175314063837,candidate,0,1,4648437498.414855,4653054830.57345,0.00023809110223526448,10.941216916318846,1.1574595663309584,89.24999999999999,False,refined,0.0,rank_1,0.07258538987204136,148.32258538987205,147.68362728474892,145.75,1.9336272847489226,NULL,0,145.75,NULL,False
582,0.00018445175314063837,candidate,1,2,5117187498.255009,5121590840.340574,0.00020838679117051045,9.684717181012168,-1.1574595663309584,98.25,False,refined,0.1196336457438597,NULL,3.0,148.61963364574385,147.68362728474892,145.75,1.9336272847489226,NULL,0,145.75,NULL,False
582,0.00018445175314063837,candidate,2,3,5253906248.208387,5252280562.255064,0.00019204538546470102,8.975390960693819,-1.8667857866493076,100.875,False,refined,0.2703654675615089,rank_3,0.056941882405484874,148.5693554515265,147.68362728474892,145.75,1.9336272847489226,NULL,0,145.75,NULL,False
582,0.00018445175314063837,candidate,3,4,4863281248.341593,4859275207.847828,0.00018776612011917607,8.800641516567076,-2.0625186639521065,93.375,False,refined,0.30881118901194526,rank_2,0.08147434294281526,147.68362728474892,147.68362728474892,145.75,1.9336272847489226,NULL,0,145.75,NULL,False
582,0.00018445175314063837,candidate,4,5,5898437497.988598,5902475797.207761,0.0001676260087522124,7.76145393039287,-3.048035223573269,113.25,False,refined,0.5262841119143988,NULL,3.0,149.0262841119144,147.68362728474892,145.75,1.9336272847489226,NULL,0,145.75,NULL,False
582,0.00018445175314063837,NULL,5,0,nan,nan,nan,nan,nan,nan,False,NULL,0.25,NULL,0.0,145.75,147.68362728474892,145.75,1.9336272847489226,NULL,0,145.75,NULL,True
583,0.00018445495314063946,candidate,0,1,5117187498.255009,5114196433.660473,0.0002044031230111841,8.88781231332553,0.9616675639976169,98.25,False,refined,0.1668281530011706,rank_2,0.005467725015072814,148.7919295237601,148.7919295237601,146.0,2.7919295237601034,NULL,0,146.0,NULL,False
583,0.00018445495314063946,candidate,1,2,5263671873.205057,5266552796.086933,0.00018298022140909696,7.9261447493279125,-0.9616675639976169,101.0625,False,refined,0.3711825103506642,rank_3,0.020369665855154963,148.96090762773233,148.7919295237601,146.0,2.7919295237601034,NULL,0,146.0,NULL,False
583,0.00018445495314063946,candidate,2,3,4091796873.604673,4091889877.112879,0.0001799067410353941,7.723845040383264,-1.1088018093454721,78.5625,False,refined,0.41072335702660245,NULL,3.0,149.1607233570266,148.7919295237601,146.0,2.7919295237601034,NULL,0,146.0,NULL,False
583,0.00018445495314063946,candidate,3,4,4707031248.394875,4703984327.805518,0.00017558537794513105,7.567828709104978,-1.3199836042205515,90.375,False,refined,0.4473246688980378,rank_1,0.2593813688311229,149.0292914276012,148.7919295237601,146.0,2.7919295237601034,NULL,0,146.0,NULL,False
583,0.00018445495314063946,candidate,4,5,5693359373.058531,5696589656.204738,0.00017459877671610017,7.574671561155499,-1.3689266072206596,109.3125,False,refined,0.4493571787779663,NULL,3.0,149.19935717877797,148.7919295237601,146.0,2.7919295237601034,NULL,0,146.0,NULL,False
583,0.00018445495314063946,NULL,5,0,nan,nan,nan,nan,nan,nan,False,NULL,0.25,NULL,0.0,146.0,148.7919295237601,146.0,2.7919295237601034,NULL,0,146.0,NULL,True
584,0.00018445815314064055,candidate,0,1,5693359373.058531,5697358645.340524,0.00017538454682056772,8.687454972459241,0.42138869657299516,109.3125,False,refined,0.19688175413111386,NULL,3.0,149.1968817541311,149.1968817541311,146.25,2.9468817541311125,NULL,0,146.25,NULL,False
584,0.00018445815314064055,candidate,1,2,5039062498.28165,5043548102.538649,0.0001670790087788327,8.457042802812431,-0.42138869657299516,96.74999999999999,False,refined,0.2577803731139475,NULL,3.0,149.25778037311395,149.1968817541311,146.25,2.9468817541311125,NULL,0,146.25,NULL,False
584,0.00018445815314064055,candidate,2,3,4121093748.5946827,4122649346.165786,0.00016377222642674426,8.2834100641141,-0.5950214352713257,79.125,False,refined,0.29467733008734276,NULL,3.0,149.29467733008735,149.1968817541311,146.25,2.9468817541311125,NULL,0,146.25,NULL,False
584,0.00018445815314064055,candidate,3,4,2421874999.174126,2420115482.6743126,0.00016239082446353043,7.885393678054502,-0.6685967633779111,46.49999999999999,False,refined,0.35897824600294415,NULL,3.0,149.35897824600295,149.1968817541311,146.25,2.9468817541311125,NULL,0,146.25,NULL,False
584,0.00018445815314064055,candidate,4,5,5371093748.168426,5368619242.420008,0.00015296763088499797,7.6116266788801035,-1.1878356878180174,103.125,False,refined,0.43249572865661057,NULL,3.0,149.43249572865662,149.1968817541311,146.25,2.9468817541311125,NULL,0,146.25,NULL,False
584,0.00018445815314064055,NULL,5,0,nan,nan,nan,nan,nan,nan,False,NULL,0.25,NULL,0.0,146.25,149.1968817541311,146.25,2.9468817541311125,NULL,0,146.25,NULL,True
585,0.00018446135314064164,candidate,0,1,5849609373.005249,5849092018.93484,0.00019581820135133136,9.975522599316227,1.4847757771499026,112.3125,False,refined,0.003671610102566003,NULL,3.0,149.25367161010257,149.25367161010257,146.5,2.7536716101025718,NULL,0,146.5,NULL,False
585,0.00018446135314064164,candidate,1,2,2412109374.1774564,2407492332.6415396,0.00016504952099671385,8.297691987846312,-1.4847757771499026,46.3125,False,refined,0.34814468789492214,NULL,3.0,149.59814468789492,149.25367161010257,146.5,2.7536716101025718,NULL,0,146.5,NULL,False
585,0.00018446135314064164,candidate,2,3,5009765623.29164,5014260189.121218,0.0001523011632468535,7.778286330003956,-2.182996734384126,96.1875,False,refined,0.46969434639841445,NULL,3.0,149.71969434639843,149.25367161010257,146.5,2.7536716101025718,NULL,0,146.5,NULL,False
585,0.00018446135314064164,candidate,3,4,5507812498.121803,5505841693.214481,0.0001511628664360705,7.620600242736657,-2.248158769274431,105.75,False,refined,0.4974198866691534,NULL,3.0,149.74741988666915,149.25367161010257,146.5,2.7536716101025718,NULL,0,146.5,NULL,False
585,0.00018446135314064164,candidate,4,5,4199218748.568042,4201580831.2525406,0.00014430423164950705,7.475775335687409,-2.651479807525652,80.625,False,refined,0.5443511876172419,NULL,3.0,149.79435118761725,149.25367161010257,146.5,2.7536716101025718,NULL,0,146.5,NULL,False
585,0.00018446135314064164,NULL,5,0,nan,nan,nan,nan,nan,nan,False,NULL,0.25,NULL,0.0,146.5,149.25367161010257,146.5,2.7536716101025718,NULL,0,146.5,NULL,True
586,0.00018446455314064273,candidate,0,1,5839843748.008579,5839861865.850322,0.00022748555085440415,11.136858995342038,0.6159289125572176,112.125,False,refined,0.0,rank_1,0.008519572596364515,149.26219118269893,149.26219118269893,146.75,2.5121911826989276,NULL,0,146.75,NULL,False
586,0.00018446455314064273,candidate,1,2,4921874998.321611,4922905919.664925,0.00021191288852118,10.336906135957422,-0.6159289125572176,94.5,False,refined,0.0384955570348261,NULL,3.0,149.53849555703482,149.26219118269893,146.75,2.5121911826989276,NULL,0,146.75,NULL,False
586,0.00018446455314064273,candidate,2,3,5517578123.118473,5513472025.631109,0.00019605404776210214,9.782739133929903,-1.2915600730052912,105.9375,False,refined,0.11331163447334525,NULL,3.0,149.61331163447335,149.26219118269893,146.75,2.5121911826989276,NULL,0,146.75,NULL,False
586,0.00018446455314064273,candidate,3,4,3544921873.7911606,3541627058.402327,0.0001927373144614183,9.540334759662441,-1.4397602703373114,68.0625,False,refined,0.1589348029467158,NULL,3.0,149.6589348029467,149.26219118269893,146.75,2.5121911826989276,NULL,0,146.75,NULL,False
586,0.00018446455314064273,candidate,4,5,4257812498.548061,4262576479.6537466,0.00016677927804859688,8.256600501474747,-2.696234547039893,81.75,False,refined,0.4300245839687813,NULL,3.0,149.9300245839688,149.26219118269893,146.75,2.5121911826989276,NULL,0,146.75,NULL,False
586,0.00018446455314064273,NULL,5,0,nan,nan,nan,nan,nan,nan,False,NULL,0.25,NULL,0.0,146.75,149.26219118269893,146.75,2.5121911826989276,NULL,0,146.75,NULL,True
587,0.00018446775314064382,candidate,0,1,4931640623.318281,4926955951.243208,0.0002804405117248389,12.363924412020815,1.9649902138378295,94.6875,False,refined,0.0,rank_2,0.0016402755785091998,149.54013583261332,149.54013583261332,147.0,2.5401358326133163,NULL,0,147.0,NULL,False
587,0.00018446775314064382,candidate,1,2,5566406248.101823,5568119408.139242,0.00022366150361425528,10.526721424711596,-1.9649902138378295,106.875,False,refined,0.12281188836486434,NULL,3.0,149.87281188836485,149.54013583261332,147.0,2.5401358326133163,NULL,0,147.0,NULL,False
587,0.00018446775314064382,candidate,2,3,5830078123.011909,5833575335.403994,0.00019405134766850224,9.29322988486227,-3.1984817536871546,111.93749999999999,False,refined,0.30592062687610655,rank_1,0.003952046505261098,149.5720638560803,149.54013583261332,147.0,2.5401358326133163,NULL,0,147.0,NULL,False
587,0.00018446775314064382,candidate,3,4,3525390623.797821,3528078122.084039,0.0001844423494767994,8.693543774303194,-3.639602103234232,67.6875,False,refined,0.4234435653066604,rank_4,0.01835736753570195,150.10073573578907,149.54013583261332,147.0,2.5401358326133163,NULL,0,147.0,NULL,False
587,0.00018446775314064382,candidate,4,5,1708984374.4172263,1707086027.8860047,0.00017020371506127358,7.90420621481255,-4.337434312891872,32.8125,False,refined,0.5854587123338595,NULL,3.0,150.33545871233386,149.54013583261332,147.0,2.5401358326133163,NULL,0,147.0,NULL,False
587,0.00018446775314064382,NULL,5,0,nan,nan,nan,nan,nan,nan,False,NULL,0.25,NULL,0.0,147.0,149.54013583261332,147.0,2.5401358326133163,NULL,0,147.0,NULL,True
588,0.00018447095314064492,candidate,0,1,4921874998.321611,4923179928.354348,0.0002463240008659036,11.586827910383883,1.9746972004520735,94.5,False,refined,0.0,rank_1,0.0014258348857192722,149.54156166749902,149.54156166749902,147.25,2.2915616674990247,NULL,0,147.25,NULL,False
588,0.00018447095314064492,candidate,1,2,5566406248.101823,5571117181.497461,0.00019623292160195742,9.433667917365431,-1.9746972004520735,106.875,False,refined,0.20836838742343988,rank_2,0.0008986645107248501,150.082078940299,149.54156166749902,147.25,2.2915616674990247,NULL,0,147.25,NULL,False
588,0.00018447095314064492,candidate,2,3,5312499998.188406,5309766767.098568,0.00016168716244787182,7.657048361376804,-3.6566238099730697,102.0,False,refined,0.5799817339167963,NULL,3.0,150.5799817339168,149.54156166749902,147.25,2.2915616674990247,NULL,0,147.25,NULL,False
588,0.00018447095314064492,candidate,3,4,5439453123.145114,5434599673.314085,0.00016065013163680397,7.6179131921748855,-3.712512882812371,104.43749999999999,False,refined,0.5893450763495404,NULL,3.0,150.58934507634953,149.54156166749902,147.25,2.2915616674990247,NULL,0,147.25,NULL,False
588,0.00018447095314064492,candidate,4,5,4287109373.53807,4285961850.560286,0.00015649503994078488,7.6467048581699615,-3.940123052213922,82.3125,False,refined,0.5992519620378759,NULL,3.0,150.59925196203787,149.54156166749902,147.25,2.2915616674990247,NULL,0,147.25,NULL,False
588,0.00018447095314064492,NULL,5,0,nan,nan,nan,nan,nan,nan,False,NULL,0.25,NULL,0.0,147.25,149.54156166749902,147.25,2.2915616674990247,NULL,0,147.25,NULL,True
589,0.000184474153140646,candidate,0,1,5429687498.148444,5434303586.339251,0.00017648975845555267,9.05749916664611,0.15958401136668243,104.24999999999999,False,refined,0.14137512500308347,NULL,3.0,150.3913751250031,149.90903750224197,147.5,2.409037502241972,NULL,0,147.5,NULL,False
589,0.000184474153140646,candidate,1,2,3916015623.6646156,3920330446.700492,0.00017327675577943427,8.897915155279428,-0.15958401136668243,75.1875,False,refined,0.17528672741850349,NULL,3.0,150.4252867274185,149.90903750224197,147.5,2.409037502241972,NULL,0,147.5,NULL,False
589,0.000184474153140646,candidate,2,3,5322265623.185076,5325140676.37894,0.00017235685914158012,8.764977863523882,-0.2058187477806328,102.1875,False,refined,0.1981169922077073,NULL,3.0,150.4481169922077,149.90903750224197,147.5,2.409037502241972,NULL,0,147.5,NULL,False
589,0.000184474153140646,candidate,3,4,4414062498.494779,4415226353.03201,0.00017125369288433162,8.77314634321368,-0.2615912683179733,84.75,False,refined,0.2003775027878213,NULL,3.0,150.45037750278783,149.90903750224197,147.5,2.409037502241972,NULL,0,147.5,NULL,False
589,0.000184474153140646,candidate,4,5,4931640623.318281,4933547246.535419,0.0001570537509368552,8.04407525552552,-1.01342391112059,94.6875,False,refined,0.35672770611620885,rank_1,0.010748128626757116,149.90903750224197,149.90903750224197,147.5,2.409037502241972,NULL,0,147.5,NULL,False
589,0.000184474153140646,NULL,5,0,nan,nan,nan,nan,nan,nan,False,NULL,0.25,NULL,0.0,147.5,149.90903750224197,147.5,2.409037502241972,NULL,0,147.5,NULL,True
590,0.0001844773531406471,candidate,0,1,5068359373.27166,5072698111.106023,0.00018525956195240145,9.838105599729552,0.24638463534768285,97.3125,False,refined,0.024284160040567215,NULL,3.0,150.52428416004057,150.52428416004057,147.75,2.7742841600405654,NULL,0,147.75,NULL,False
590,0.0001844773531406471,candidate,1,2,2861328124.02427,2862101851.0959187,0.00018007830784987539,9.684241040833816,-0.24638463534768285,54.93749999999999,False,refined,0.06276288358415771,NULL,3.0,150.56276288358416,150.52428416004057,147.75,2.7742841600405654,NULL,0,147.75,NULL,False
590,0.0001844773531406471,candidate,2,3,5507812498.121803,5512272189.970997,0.00017953880652324844,9.707214227498513,-0.2724459784312483,105.75,False,refined,0.06094573952717608,NULL,3.0,150.56094573952717,150.52428416004057,147.75,2.7742841600405654,NULL,0,147.75,NULL,False
590,0.0001844773531406471,candidate,3,4,3925781248.6612854,3921326360.719263,0.00017480209176779174,9.47498005566473,-0.5046801502650311,75.375,False,refined,0.11029550104185493,rank_2,9.918447327849455e-05,150.53568141293363,150.52428416004057,147.75,2.7742841600405654,NULL,0,147.75,NULL,False
590,0.0001844773531406471,candidate,4,5,4033203123.624654,4029414017.0492473,0.0001670903775775003,9.034041827822668,-0.8965838483588318,77.4375,False,refined,0.20093021634902686,NULL,3.0,150.70093021634904,150.52428416004057,147.75,2.7742841600405654,NULL,0,147.75,NULL,False
590,0.0001844773531406471,NULL,5,0,nan,nan,nan,nan,nan,nan,False,NULL,0.25,NULL,0.0,147.75,150.52428416004057,147.75,2.7742841600405654,NULL,0,147.75,NULL,True
591,0.0001844805531406482,candidate,0,1,5615234373.085172,5612731340.685303,0.00020199537824069157,11.144067930199721,0.14773655980887312,107.8125,False,refined,0.0,NULL,3.0,150.75,150.54071475333402,148.0,2.540714753334015,NULL,0,148.0,NULL,False
591,0.0001844805531406482,candidate,1,2,5078124998.26833,5081181658.893003,0.00019858873285119748,11.019941150393642,-0.14773655980887312,97.5,False,refined,0.00923353498805457,rank_1,0.0071970583053983924,150.54071475333402,150.54071475333402,148.0,2.540714753334015,NULL,0,148.0,NULL,False
591,0.0001844805531406482,candidate,2,3,4609374998.428176,4612918034.725294,0.00019664120469577485,10.93433958060877,-0.23333812959374534,88.5,False,refined,0.014583633099609083,NULL,3.0,150.76458363309962,150.54071475333402,148.0,2.540714753334015,NULL,0,148.0,NULL,False
591,0.0001844805531406482,candidate,3,4,2861328124.02427,2864266511.817692,0.00019242644093758754,10.698476706807396,-0.4215337065336566,54.93749999999999,False,refined,0.02634585665835354,rank_2,0.00046857560403874447,150.58957731584655,150.54071475333402,148.0,2.540714753334015,NULL,0,148.0,NULL,False
591,0.0001844805531406482,candidate,4,5,5283203123.198397,5284474216.238374,0.00018856446315886158,10.526262832761821,-0.5976316732289799,101.4375,False,refined,0.037351979576811245,NULL,3.0,150.7873519795768,150.54071475333402,148.0,2.540714753334015,NULL,0,148.0,NULL,False
591,0.0001844805531406482,NULL,5,0,nan,nan,nan,nan,nan,nan,False,NULL,0.25,NULL,0.0,148.0,150.54071475333402,148.0,2.540714753334015,NULL,0,148.0,NULL,True
592,0.00018448375314064928,candidate,0,1,5292968748.195066,5291240103.58836,0.00020806249388190018,12.216788271201962,0.8879013257598611,101.625,False,refined,0.0,rank_5,0.00457772316327016,150.79192970274008,150.711396099418,148.25,2.4613960994180104,NULL,0,148.25,NULL,False
592,0.00018448375314064928,candidate,1,2,4609374998.428176,4608195602.989819,0.00018784460804468814,11.14752671768601,-0.8879013257598611,88.5,False,refined,0.05549383285999132,rank_3,0.002230136149622652,150.82230760210922,150.711396099418,148.25,2.4613960994180104,NULL,0,148.25,NULL,False
592,0.00018448375314064928,candidate,2,3,5634765623.078511,5635556285.444182,0.0001675685920377204,10.336764688621294,-1.8800235825806677,108.18749999999999,False,refined,0.11750147391129173,rank_1,0.052097810324590814,150.9195992842359,150.711396099418,148.25,2.4613960994180104,NULL,0,148.25,NULL,False
592,0.00018448375314064928,candidate,3,4,2871093749.0209403,2866699913.4673877,0.00016642267116198116,10.182640893974177,-1.9396262274011011,55.125,False,refined,0.12122663921256882,rank_4,0.0005921443588742597,150.711396099418,150.711396099418,148.25,2.4613960994180104,NULL,0,148.25,NULL,False
592,0.00018448375314064928,candidate,4,5,5878906247.995258,5880673496.392547,0.00014431840859244652,8.944825751441021,-3.1774413699342574,112.875,False,refined,0.3568662229047379,NULL,3.0,151.35686622290473,150.711396099418,148.25,2.4613960994180104,NULL,0,148.25,NULL,False
592,0.00018448375314064928,NULL,5,0,nan,nan,nan,nan,nan,nan,False,NULL,0.25,NULL,0.0,148.25,150.711396099418,148.25,2.4613960994180104,NULL,0,148.25,NULL,True
593,0.00018448695314065037,candidate,0,1,5322265623.185076,5320376622.800292,0.00019274886038384866,12.247980875897024,0.29305459369943776,102.1875,False,refined,0.0,rank_1,0.08489367517872931,150.8768233779188,150.8768233779188,148.5,2.376823377918811,NULL,0,148.5,NULL,False
593,0.00018448695314065037,candidate,1,2,5673828123.065191,5674695823.750928,0.00018635415884748634,11.91606250957646,-0.29305459369943776,108.9375,False,refined,0.01831591210621486,rank_3,0.15319034588652009,151.0911055422286,150.8768233779188,148.5,2.376823377918811,NULL,0,148.5,NULL,False
593,0.00018448695314065037,candidate,2,3,5888671872.991928,5888718562.423621,0.00016583327335416192,10.941577961788793,-1.3064029141082312,113.0625,False,refined,0.08165018213176445,NULL,3.0,151.33165018213177,150.8768233779188,148.5,2.376823377918811,NULL,0,148.5,NULL,False
593,0.00018448695314065037,candidate,3,4,5556640623.105153,5558658720.504616,0.00015477424917933452,10.303254841414384,-1.9058622618615129,106.6875,False,refined,0.11911639136634455,NULL,3.0,151.36911639136633,150.8768233779188,148.5,2.376823377918811,NULL,0,148.5,NULL,False
593,0.00018448695314065037,candidate,4,5,4580078123.438167,4583745800.672205,0.00013063360654557866,8.86924283728808,-3.378738038608944,87.9375,False,refined,0.3807847018198469,rank_2,0.05977928333703834,151.2628715872661,150.8768233779188,148.5,2.376823377918811,NULL,0,148.5,NULL,False
593,0.00018448695314065037,NULL,5,0,nan,nan,nan,nan,nan,nan,False,NULL,0.25,NULL,0.0,148.5,150.8768233779188,148.5,2.376823377918811,NULL,0,148.5,NULL,True
594,0.00018449015314065146,candidate,0,1,5683593748.061861,5681890693.544389,0.00020848849904274403,11.773275290709018,0.01237562307565554,109.125,False,refined,0.0,rank_2,0.005176615134485533,151.09628215736308,151.09628215736308,148.75,2.3462821573630777,NULL,0,148.75,NULL,False
594,0.00018449015314065146,candidate,1,2,5957031247.968617,5961050121.885775,0.000208191656928929,11.802499756610958,-0.01237562307565554,114.375,False,refined,0.0007734764422284712,NULL,3.0,151.50077347644222,151.09628215736308,148.75,2.3462821573630777,NULL,0,148.75,NULL,False
594,0.00018449015314065146,candidate,2,3,5537109373.111813,5533206539.602034,0.00018941730149721618,10.987944064375599,-0.8332491509724704,106.31249999999999,False,refined,0.0520780719357794,rank_4,0.06478135126977684,151.48597581457187,151.09628215736308,148.75,2.3462821573630777,NULL,0,148.75,NULL,False
594,0.00018449015314065146,candidate,3,4,4531249998.454817,4532060647.951741,0.00015825666781911211,9.420473668017513,-2.3944017116691008,87.0,False,refined,0.2365790567766919,NULL,3.0,151.7365790567767,151.09628215736308,148.75,2.3462821573630777,NULL,0,148.75,NULL,False
594,0.00018449015314065146,candidate,4,5,5380859373.165095,5377699143.309972,0.00014653619600667482,8.752131590837902,-3.062743788848712,103.3125,False,refined,0.37860174817735925,rank_1,0.3285871357582661,151.5840122618544,151.09628215736308,148.75,2.3462821573630777,NULL,0,148.75,NULL,False
594,0.00018449015314065146,NULL,5,0,nan,nan,nan,nan,nan,nan,False,NULL,0.25,NULL,0.0,148.75,151.09628215736308,148.75,2.3462821573630777,NULL,0,148.75,NULL,True
595,0.00018449335314065255,candidate,0,1,5966796872.965287,5967641979.17641,0.00023443316288291469,11.89130264464036,1.8006114186566968,114.5625,False,refined,0.0,rank_2,0.004345258254009924,151.50511873469623,151.23748756104487,149.0,2.2374875610448726,NULL,0,149.0,NULL,False
595,0.00018449335314065255,candidate,1,2,5703124998.055201,5698822081.560653,0.00019054101572364422,10.222010885345343,-1.8006114186566968,109.5,False,refined,0.11253821366604355,rank_1,0.02866719001572869,151.23748756104487,151.23748756104487,149.0,2.2374875610448726,NULL,0,149.0,NULL,False
595,0.00018449335314065255,candidate,2,3,5517578123.118473,5514429287.683688,0.00016339844008593404,8.923035531066867,-3.135422815748683,105.9375,False,refined,0.3575085963242626,rank_3,0.035258518960500786,151.87874292985663,151.23748756104487,149.0,2.2374875610448726,NULL,0,149.0,NULL,False
595,0.00018449335314065255,candidate,3,4,4541015623.451487,4540415219.048602,0.0001601119987564451,8.57409425974236,-3.311903357233339,87.1875,False,refined,0.4208798208657297,rank_4,0.00697988582125033,152.16443876346366,151.23748756104487,149.0,2.2374875610448726,NULL,0,149.0,NULL,False
595,0.00018449335314065255,candidate,4,5,4941406248.314951,4939088101.095728,0.0001449834157323012,7.8844439539122035,-4.174014392903347,94.87499999999999,False,refined,0.5782093064696286,NULL,3.0,152.32820930646963,151.23748756104487,149.0,2.2374875610448726,NULL,0,149.0,NULL,False
595,0.00018449335314065255,NULL,5,0,nan,nan,nan,nan,nan,nan,False,NULL,0.25,NULL,0.0,149.0,151.23748756104487,149.0,2.2374875610448726,NULL,0,149.0,NULL,True
596,0.00018449655314065365,candidate,0,1,5712890623.05187,5717682010.661326,0.00020052557264594982,10.299891464117206,0.8679682611326278,109.6875,False,refined,0.0,rank_2,0.03556969256824377,151.2730572536131,151.2730572536131,149.25,2.0230572536131035,NULL,0,149.25,NULL,False
596,0.00018449655314065365,candidate,1,2,5957031247.968617,5960884392.234859,0.0001814560079741907,9.502121747777323,-0.8679682611326278,114.375,False,refined,0.12892975415419072,rank_1,0.004566498127261052,151.6386149869777,151.2730572536131,149.25,2.0230572536131035,NULL,0,149.25,NULL,False
596,0.00018449655314065365,candidate,2,3,4980468748.301631,4977164925.747406,0.00014751199180517902,7.773118154506937,-2.6668487611361424,95.625,False,refined,0.5007103243949683,NULL,3.0,152.50071032439496,151.2730572536131,149.25,2.0230572536131035,NULL,0,149.25,NULL,False
596,0.00018449655314065365,candidate,3,4,4570312498.441497,4570129451.449183,0.00014654180941580332,7.535572303030147,-2.7241643115929293,87.75,False,refined,0.539924424020036,NULL,3.0,152.53992442402003,151.2730572536131,149.25,2.0230572536131035,NULL,0,149.25,NULL,False
596,0.00018449655314065365,candidate,4,5,3740234373.724558,3736665180.3620887,0.00013901121942304343,7.0773383705793425,-3.1823982440437337,71.8125,False,refined,0.637299134665832,NULL,3.0,152.63729913466582,151.2730572536131,149.25,2.0230572536131035,NULL,0,149.25,NULL,False
596,0.00018449655314065365,NULL,5,0,nan,nan,nan,nan,nan,nan,False,NULL,0.25,NULL,0.0,149.25,151.2730572536131,149.25,2.0230572536131035,NULL,0,149.25,NULL,True
597,0.00018449975314065474,candidate,0,1,5712890623.05187,5713848087.882594,0.00017980482092310463,10.33497878016095,0.47933408372828445,109.6875,False,refined,0.0,rank_1,0.0014698963873282396,151.27452715000044,151.27452715000044,149.5,1.7745271500004378,NULL,0,149.5,NULL,False
597,0.00018449975314065474,candidate,1,2,4716796873.391544,4719477479.286262,0.0001701510477258997,9.855644696432666,-0.47933408372828445,90.5625,False,refined,0.05161167576811787,NULL,3.0,152.30161167576813,151.27452715000044,149.5,1.7745271500004378,NULL,0,149.5,NULL,False
597,0.00018449975314065474,candidate,2,3,4589843748.434836,4592504241.0977745,0.0001504366139823272,8.668187084921053,-1.5489556411982797,88.125,False,refined,0.29658166483673454,NULL,3.0,152.54658166483674,151.27452715000044,149.5,1.7745271500004378,NULL,0,149.5,NULL,False
597,0.00018449975314065474,candidate,3,4,4999999998.2949705,4997933062.739862,0.00014934220124770715,8.51504199743311,-1.6123756694331526,96.0,False,refined,0.3235171797246055,NULL,3.0,152.5735171797246,151.27452715000044,149.5,1.7745271500004378,NULL,0,149.5,NULL,False
597,0.00018449975314065474,candidate,4,5,2929687499.0009594,2933614434.576167,0.00013203744299453406,7.445333135846166,-2.682084531020097,56.25,False,refined,0.5508303128118311,NULL,3.0,152.80083031281183,151.27452715000044,149.5,1.7745271500004378,NULL,0,149.5,NULL,False
597,0.00018449975314065474,NULL,5,0,nan,nan,nan,nan,nan,nan,False,NULL,0.25,NULL,0.0,149.5,151.27452715000044,149.5,1.7745271500004378,NULL,0,149.5,NULL,True
598,0.00018450295314065583,candidate,0,1,5683593748.061861,5679656926.784262,0.00016368904695353474,9.771411949125524,0.40340549922942337,109.125,False,refined,0.03428820763117146,rank_1,0.11690354972521193,151.4257189073568,151.4257189073568,149.75,1.67571890735681,NULL,0,149.75,NULL,False
598,0.00018450295314065583,candidate,1,2,4736328123.384884,4736764816.542882,0.00015626054876395826,9.362408889423879,-0.40340549922942337,90.9375,False,refined,0.12085151028825714,rank_2,0.0298852029424136,152.4523483889988,151.4257189073568,149.75,1.67571890735681,NULL,0,149.75,NULL,False
598,0.00018450295314065583,candidate,2,3,4404296873.498109,4400959545.981774,0.0001545691260494199,9.44800725386762,-0.49793737462650256,84.5625,False,refined,0.1139199978340133,NULL,3.0,152.61391999783402,151.4257189073568,149.75,1.67571890735681,NULL,0,149.75,NULL,False
598,0.00018450295314065583,candidate,3,4,5175781248.235028,5173403289.406659,0.0001378997850281233,8.278639011508417,-1.4891206192147433,99.375,False,refined,0.35127418697465884,NULL,3.0,152.85127418697465,151.4257189073568,149.75,1.67571890735681,NULL,0,149.75,NULL,False
598,0.00018450295314065583,candidate,4,5,2949218748.994299,2949619170.2273464,0.00013093623247083407,8.006749035694956,-1.9391955927991678,56.625,False,refined,0.42018736919570465,NULL,3.0,152.9201873691957,151.4257189073568,149.75,1.67571890735681,NULL,0,149.75,NULL,False
598,0.00018450295314065583,NULL,5,0,nan,nan,nan,nan,nan,nan,False,NULL,0.25,NULL,0.0,149.75,151.4257189073568,149.75,1.67571890735681,NULL,0,149.75,NULL,True
599,0.00018450615314065692,candidate,0,1,4443359373.484788,4447156155.052449,0.00021386737097005209,12.680035543451815,0.3043667817106588,85.3125,False,refined,0.0,NULL,3.0,152.75,151.83298981665405,150.0,1.8329898166540488,NULL,0,150.0,NULL,False
599,0.00018450615314065692,candidate,1,2,5205078123.225038,5207841010.340296,0.00020650291744194374,12.393592173492909,-0.3043667817106588,99.9375,False,refined,0.019022923856916174,NULL,3.0,152.7690229238569,151.83298981665405,150.0,1.8329898166540488,NULL,0,150.0,NULL,False
599,0.00018450615314065692,candidate,2,3,4755859373.378224,4757470919.447421,0.00016613276382514285,10.299034514104353,-2.193784812174293,91.31250000000001,False,refined,0.13711155076089332,rank_2,0.042874269749336294,152.63233420950903,151.83298981665405,150.0,1.8329898166540488,NULL,0,150.0,NULL,False
599,0.00018450615314065692,candidate,3,4,5654296873.071852,5654133407.777453,0.00014509834496390895,9.123177886325928,-3.3696414399527175,108.5625,False,refined,0.3421259070481556,rank_1,0.06514500224909037,151.83298981665405,151.83298981665405,150.0,1.8329898166540488,NULL,0,150.0,NULL,False
599,0.00018450615314065692,candidate,4,5,5527343748.115143,5528583462.449143,0.00013111058253275075,8.447823279686224,-4.250135675517344,106.12499999999999,False,refined,0.49845998776690037,NULL,3.0,153.2484599877669,151.83298981665405,150.0,1.8329898166540488,NULL,0,150.0,NULL,False
599,0.00018450615314065692,NULL,5,0,nan,nan,nan,nan,nan,nan,False,NULL,0.25,NULL,0.0,150.0,151.83298981665405,150.0,1.8329898166540488,NULL,0,150.0,NULL,True
600,0.000184509353140658,candidate,0,1,4492187498.468138,4494092005.250107,0.00025909431497270934,13.417156385336195,1.7740395781231921,86.25,False,refined,0.0,rank_1,0.22029740337769538,152.97029740337769,152.81593364797422,150.25,2.5659336479742194,NULL,0,150.25,NULL,False
600,0.000184509353140658,candidate,1,2,5224609373.218377,5224005436.13918,0.00021123014877759622,11.643116807213003,-1.7740395781231921,100.3125,False,refined,0.11087747363269951,rank_2,0.02612886614076393,152.9060292636304,152.81593364797422,150.25,2.5659336479742194,NULL,0,150.25,NULL,False
600,0.000184509353140658,candidate,2,3,4775390623.371564,4778683220.939697,0.0002007128935048093,11.199504145252126,-2.2176522400840692,91.6875,False,refined,0.13860326500525433,rank_3,0.044996173459922274,152.81593364797422,152.81593364797422,150.25,2.5659336479742194,NULL,0,150.25,NULL,False
600,0.000184509353140658,candidate,3,4,5976562497.961957,5979260170.395993,0.0001453358979019669,8.028948893978152,-5.021699714864232,114.75,False,refined,0.6095138980822917,NULL,3.0,153.6095138980823,152.81593364797422,150.25,2.5659336479742194,NULL,0,150.25,NULL,False
600,0.000184509353140658,candidate,4,5,5527343748.115143,5523530322.542248,0.0001449973564966674,8.207769047539433,-5.041955986390185,106.12499999999999,False,refined,0.5839568920184717,NULL,3.0,153.58395689201848,152.81593364797422,150.25,2.5659336479742194,NULL,0,150.25,NULL,False
600,0.000184509353140658,NULL,5,0,nan,nan,nan,nan,nan,nan,False,NULL,0.25,NULL,0.0,150.25,152.81593364797422,150.25,2.5659336479742194,NULL,0,150.25,NULL,True
601,0.0001845125531406591,candidate,0,1,4501953123.4648075,4506262604.146579,0.0002182454653120575,11.307365020045621,0.42478970161631047,86.4375,False,refined,0.0,rank_1,0.014812347749880493,152.98510975112757,152.98510975112757,150.5,2.485109751127567,NULL,0,150.5,NULL,False
601,0.0001845125531406591,candidate,1,2,4814453123.358243,4817321411.594532,0.0002078288065291529,10.980586183104801,-0.42478970161631047,92.4375,False,refined,0.026549356351019404,rank_3,0.14929097770793592,152.99177398203318,152.98510975112757,150.5,2.485109751127567,NULL,0,150.5,NULL,False
601,0.0001845125531406591,candidate,2,3,5976562497.961957,5977152502.37451,0.00019267383522038694,10.221519134899513,-1.0824497305334457,114.75,False,refined,0.06765310815834036,NULL,3.0,153.31765310815834,152.98510975112757,150.5,2.485109751127567,NULL,0,150.5,NULL,False
601,0.0001845125531406591,candidate,3,4,5371093748.168426,5374283740.68818,0.00019186456361936505,10.286366714545103,-1.1190091701760085,103.125,False,refined,0.06993807313600053,NULL,3.0,153.319938073136,152.98510975112757,150.5,2.485109751127567,NULL,0,150.5,NULL,False
601,0.0001845125531406591,candidate,4,5,5791015623.025229,5787218552.293954,0.00017749858744827492,9.61036933496719,-1.7950065497539214,111.1875,False,refined,0.17063250911454153,NULL,3.0,153.42063250911454,152.98510975112757,150.5,2.485109751127567,NULL,0,150.5,NULL,False
601,0.0001845125531406591,NULL,5,0,nan,nan,nan,nan,nan,nan,False,NULL,0.25,NULL,0.0,150.5,152.98510975112757,150.5,2.485109751127567,NULL,0,150.5,NULL,True
602,0.0001845157531406602,candidate,0,1,5771484373.03189,5773676772.487188,0.00023596976638414814,11.889101786021712,1.3131998231080466,110.8125,False,refined,0.0,rank_5,0.018337980033492338,153.43897048914803,153.09088678009365,150.75,2.340886780093655,NULL,0,150.75,NULL,False
602,0.0001845157531406602,candidate,1,2,4833984373.351583,4830374307.486337,0.00020285997677027236,10.645798584440804,-1.3131998231080466,92.8125,False,refined,0.08207498894425291,rank_2,0.017037809116229187,153.09088678009365,153.09088678009365,150.75,2.340886780093655,NULL,0,150.75,NULL,False
602,0.0001845157531406602,candidate,2,3,5419921873.151774,5420381761.102824,0.0001992429377481773,10.538312978453357,-1.4694685197487,104.0625,False,refined,0.09184178248429375,NULL,3.0,153.5918417824843,153.09088678009365,150.75,2.340886780093655,NULL,0,150.75,NULL,False
602,0.0001845157531406602,candidate,3,4,5917968747.981937,5917840738.855789,0.00019548449000048892,10.324117268019268,-1.6348811395295826,113.62499999999999,False,refined,0.10218007122059891,NULL,3.0,153.6021800712206,153.09088678009365,150.75,2.340886780093655,NULL,0,150.75,NULL,False
602,0.0001845157531406602,candidate,4,5,5624999998.081841,5629840881.850027,0.00016682370803451597,8.947026558965625,-3.011971848583226,107.99999999999999,False,refined,0.34619425669160786,NULL,3.0,153.8461942566916,153.09088678009365,150.75,2.340886780093655,NULL,0,150.75,NULL,False
602,0.0001845157531406602,NULL,5,0,nan,nan,nan,nan,nan,nan,False,NULL,0.25,NULL,0.0,150.75,153.09088678009365,150.75,2.340886780093655,NULL,0,150.75,NULL,True
603,0.00018451895314066128,candidate,0,1,5888671872.991928,5892425950.906335,0.00022806255349465442,12.027935080958638,1.1207582267198024,113.0625,False,refined,0.0,rank_4,0.0645911446515728,153.6667712158722,153.21733487141,151.0,2.217334871410003,NULL,0,151.0,NULL,False
603,0.00018451895314066128,candidate,1,2,5781249998.02856,5778237037.9920635,0.00020045462050287069,10.966450293041321,-1.1207582267198024,111.0,False,refined,0.07004738916998765,rank_1,0.0020796021474954506,153.5110974804655,153.21733487141,151.0,2.217334871410003,NULL,0,151.0,NULL,False
603,0.00018451895314066128,candidate,2,3,5615234373.085172,5615756286.62515,0.00019362288753486267,10.649509997294677,-1.421945800511244,107.8125,False,refined,0.08887161253195275,NULL,3.0,153.83887161253196,153.21733487141,151.0,2.217334871410003,NULL,0,151.0,NULL,False
603,0.00018451895314066128,candidate,3,4,4824218748.354913,4821306098.045162,0.00018343157848811612,10.136337495847716,-1.8915975851109224,92.625,False,refined,0.11822484906943265,rank_2,0.008223242246900648,153.21733487141,153.21733487141,151.0,2.217334871410003,NULL,0,151.0,NULL,False
603,0.00018451895314066128,candidate,4,5,5439453123.145114,5442112503.3727045,0.00017570994391089202,9.720788714166355,-2.265152849254841,104.43749999999999,False,refined,0.1834537459534743,rank_3,0.04722251595999622,153.82251804439775,153.21733487141,151.0,2.217334871410003,NULL,0,151.0,NULL,False
603,0.00018451895314066128,NULL,5,0,nan,nan,nan,nan,nan,nan,False,NULL,0.25,NULL,0.0,151.0,153.21733487141,151.0,2.217334871410003,NULL,0,151.0,NULL,True
604,0.00018452215314066238,candidate,0,1,5878906247.995258,5874907130.487411,0.0002727329933128852,13.210589355890416,3.7950330779994257,112.875,False,refined,0.0,rank_1,0.030690906887052016,153.69746212275925,153.55095966088427,151.25,2.300959660884274,NULL,0,151.25,NULL,False
604,0.00018452215314066238,candidate,1,2,4833984373.351583,4830670212.40956,0.000176191934976582,9.41555627789099,-3.7950330779994257,92.8125,False,refined,0.3248561256913155,rank_4,0.008768663782952503,153.55095966088427,153.55095966088427,151.25,2.300959660884274,NULL,0,151.25,NULL,False
604,0.00018452215314066238,candidate,2,3,4042968748.6213236,4044209324.7019234,0.0001752202296536076,9.105413022086433,-3.843068675834731,77.625,False,refined,0.3743798389267058,NULL,3.0,154.3743798389267,153.55095966088427,151.25,2.300959660884274,NULL,0,151.25,NULL,False
604,0.00018452215314066238,candidate,3,4,5693359373.058531,5692841658.089006,0.0001739916731355865,9.306405063607013,-3.9041842922834036,109.3125,False,refined,0.3480507587266608,NULL,3.0,154.34805075872666,153.55095966088427,151.25,2.300959660884274,NULL,0,151.25,NULL,False
604,0.00018452215314066238,candidate,4,5,1689453124.4238865,1691170093.9660354,0.00016016097069889717,8.458710045111193,-4.623619733978757,32.4375,False,refined,0.5201697266069933,NULL,3.0,154.52016972660698,153.55095966088427,151.25,2.300959660884274,NULL,0,151.25,NULL,False
604,0.00018452215314066238,NULL,5,0,nan,nan,nan,nan,nan,nan,False,NULL,0.25,NULL,0.0,151.25,153.55095966088427,151.25,2.300959660884274,NULL,0,151.25,NULL,True
605,0.00018452535314066347,candidate,0,1,5878906247.995258,5875031631.908841,0.00025446376291049353,11.780500037340795,1.402511953798662,112.875,False,refined,0.0,rank_1,1.5500603938236821e-06,153.69746367281965,153.69746367281965,151.5,2.1974636728196515,NULL,0,151.5,NULL,False
605,0.00018452535314066347,candidate,1,2,4873046873.338263,4873913359.682745,0.00021652116111877314,10.398522139895006,-1.402511953798662,93.5625,False,refined,0.08765699711241637,rank_2,0.18699697860903483,153.82561363660574,153.69746367281965,151.5,2.1974636728196515,NULL,0,151.5,NULL,False
605,0.00018452535314066347,candidate,2,3,4052734373.617994,4049382270.6512055,0.00018393199026472693,8.902514985848624,-2.819373496884765,77.8125,False,refined,0.3408335956780042,NULL,3.0,154.590833595678,153.69746367281965,151.5,2.1974636728196515,NULL,0,151.5,NULL,False
605,0.00018452535314066347,candidate,3,4,5996093747.9552965,nan,0.00017435240676593082,8.493709248540986,-3.283959965999408,115.125,True,boundary_peak,1.931191110593815,NULL,3.0,156.18119111059383,153.69746367281965,151.5,2.1974636728196515,NULL,0,151.5,NULL,False
605,0.00018452535314066347,candidate,4,5,2783203124.0509114,2781356382.954239,0.0001675037709105565,8.148472905799906,-3.632027131540889,53.4375,False,refined,0.5047307598513197,NULL,3.0,154.75473075985133,153.69746367281965,151.5,2.1974636728196515,NULL,0,151.5,NULL,False
605,0.00018452535314066347,NULL,5,0,nan,nan,nan,nan,nan,nan,False,NULL,0.25,NULL,0.0,151.5,153.69746367281965,151.5,2.1974636728196515,NULL,0,151.5,NULL,True
606,0.00018452855314066456,candidate,0,1,4882812498.334932,4883349320.338885,0.00023791528404396188,12.178506677370535,0.6330217180007747,93.75,False,refined,0.0,rank_2,0.008903735350422819,153.83451737195617,153.7682000255115,151.75,2.0182000255115042,NULL,0,151.75,NULL,False
606,0.00018452855314066456,candidate,1,2,5859374998.001919,5857375897.6231165,0.0002211929377923535,11.54548495936976,-0.6330217180007747,112.5,False,refined,0.03956385737504842,rank_1,0.031172495316811252,153.7682000255115,153.7682000255115,151.75,2.0182000255115042,NULL,0,151.75,NULL,False
606,0.00018452855314066456,candidate,2,3,4052734373.617994,4054034816.796359,0.00020630311237006428,11.000904510383771,-1.2383312543799274,77.8125,False,refined,0.07739570339874546,NULL,3.0,154.57739570339874,153.7682000255115,151.75,2.0182000255115042,NULL,0,151.75,NULL,False
606,0.00018452855314066456,candidate,3,4,2792968749.047581,2797086013.755167,0.00018223853683809146,10.058562497520862,-2.3156424561213473,53.625,False,refined,0.1447276535075842,NULL,3.0,154.64472765350757,153.7682000255115,151.75,2.0182000255115042,NULL,0,151.75,NULL,False
606,0.00018452855314066456,candidate,4,5,2304687499.214088,2309482862.650161,0.00017786344952031922,9.852068859627936,-2.526712636429478,44.25,False,refined,0.18010921083265197,NULL,3.0,154.68010921083265,153.7682000255115,151.75,2.0182000255115042,NULL,0,151.75,NULL,False
606,0.00018452855314066456,NULL,5,0,nan,nan,nan,nan,nan,nan,False,NULL,0.25,NULL,0.0,151.75,153.7682000255115,151.75,2.0182000255115042,NULL,0,151.75,NULL,True
607,0.00018453175314066565,candidate,0,1,4892578123.331602,4896798107.051806,0.0002044967634027978,11.052120019388951,0.03524051871409917,93.9375,False,refined,0.0,rank_1,0.01808698640496443,153.85260435836113,153.83527578886003,152.0,1.8352757888600308,NULL,0,152.0,NULL,False
607,0.00018453175314066565,candidate,1,2,5830078123.011909,5831905673.649054,0.00020366875697354968,11.060874484152547,-0.03524051871409917,111.93749999999999,False,refined,0.002202532419631198,rank_2,0.06487323092889297,153.83527578886003,153.83527578886003,152.0,1.8352757888600308,NULL,0,152.0,NULL,False
607,0.00018453175314066565,candidate,2,3,4042968748.6213236,4043644518.508037,0.00018952592568225956,10.441581080079825,-0.660356245290199,77.625,False,refined,0.041272265330637437,rank_3,0.01079582985203065,154.6294637985814,153.83527578886003,152.0,1.8352757888600308,NULL,0,152.0,NULL,False
607,0.00018453175314066565,candidate,3,4,2822265624.037591,2819913115.8614287,0.00017254277887080973,9.545611250751111,-1.4757930103282746,54.1875,False,refined,0.16039537553285044,rank_4,0.05210765905696987,154.8572306880974,153.83527578886003,152.0,1.8352757888600308,NULL,0,152.0,NULL,False
607,0.00018453175314066565,candidate,4,5,2568359374.124174,2564241581.347386,0.00016478516675036197,9.132771028157478,-1.875366459130401,49.31249999999999,False,refined,0.24729474947202834,NULL,3.0,154.99729474947202,153.83527578886003,152.0,1.8352757888600308,NULL,0,152.0,NULL,False
607,0.00018453175314066565,NULL,5,0,nan,nan,nan,nan,nan,nan,False,NULL,0.25,NULL,0.0,152.0,153.83527578886003,152.0,1.8352757888600308,NULL,0,152.0,NULL,True
608,0.00018453495314066674,candidate,0,1,5605468748.088502,5601737286.514722,0.00019954458831643158,10.77965571385417,0.6524553429275226,107.625,False,refined,0.0,NULL,3.0,155.0,154.06569952589825,152.25,1.8156995258982533,NULL,0,152.25,NULL,False
608,0.00018453495314066674,candidate,1,2,5791015623.025229,5788357392.614639,0.0001851045895720679,10.138724134922974,-0.6524553429275226,111.1875,False,refined,0.04077845893297016,rank_2,0.18964527810523277,154.06569952589825,154.06569952589825,152.25,1.8156995258982533,NULL,0,152.25,NULL,False
608,0.00018453495314066674,candidate,2,3,2578124999.1208444,2575960214.3603816,0.00017871900195155923,9.822271240676361,-0.9573844731778092,49.5,False,refined,0.08649584347215888,NULL,3.0,155.08649584347216,154.06569952589825,152.25,1.8156995258982533,NULL,0,152.25,NULL,False
608,0.00018453495314066674,candidate,3,4,4941406248.314951,4942774438.631196,0.00017799749663330536,9.837329038077707,-0.9925211945717471,94.87499999999999,False,refined,0.08643321894907818,rank_1,0.2113823065497975,154.15041988386002,154.06569952589825,152.25,1.8156995258982533,NULL,0,152.25,NULL,False
608,0.00018453495314066674,candidate,4,5,5166015623.2383585,5165860312.283728,0.00016660590793700074,9.202224636632454,-1.5669911294798933,99.1875,False,refined,0.21760325009762516,NULL,3.0,155.21760325009762,154.06569952589825,152.25,1.8156995258982533,NULL,0,152.25,NULL,False
608,0.00018453495314066674,NULL,5,0,nan,nan,nan,nan,nan,nan,False,NULL,0.25,NULL,0.0,152.25,154.06569952589825,152.25,1.8156995258982533,NULL,0,152.25,NULL,True
609,0.00018453815314066783,candidate,0,1,5595703123.091832,5598637728.6101885,0.00030594742350053807,13.786233613619254,5.171121135597581,107.4375,False,refined,0.0,rank_1,0.0009607259203555398,155.00096072592035,154.75922878104515,152.5,2.2592287810451523,NULL,0,152.5,NULL,False
609,0.00018453815314066783,candidate,1,2,4970703123.304961,4969485035.48824,0.00016869054580535454,8.571545148237822,-5.171121135597581,95.4375,False,refined,0.5374632987391754,rank_4,0.07134559844595406,154.75922878104515,154.75922878104515,152.5,2.2592287810451523,NULL,0,152.5,NULL,False
609,0.00018453815314066783,candidate,2,3,5175781248.235028,5178507153.602379,0.00016751563759439422,8.554404703435567,-5.231828910183687,99.375,False,refined,0.5438286013711453,rank_5,0.015994259533914323,155.77742611100268,154.75922878104515,152.5,2.2592287810451523,NULL,0,152.5,NULL,False
609,0.00018453815314066783,candidate,3,4,5742187498.041881,5744404870.535842,0.00016546372218372943,8.447353405003772,-5.338880208615482,110.25,False,refined,0.5665770022879018,rank_2,0.19318241970871677,154.82545894789487,154.75922878104515,152.5,2.2592287810451523,NULL,0,152.5,NULL,False
609,0.00018453815314066783,candidate,4,5,2656249999.094203,2660199767.5331044,0.00015607456704925973,7.93691731105481,-5.846293226337371,51.0,False,refined,0.6748557299878643,NULL,3.0,155.92485572998785,154.75922878104515,152.5,2.2592287810451523,NULL,0,152.5,NULL,False
609,0.00018453815314066783,NULL,5,0,nan,nan,nan,nan,nan,nan,False,NULL,0.25,NULL,0.0,152.5,154.75922878104515,152.5,2.2592287810451523,NULL,0,152.5,NULL,True
610,0.00018454135314066892,candidate,0,1,5595703123.091832,5593144196.596267,0.00030684974206412487,14.363708726152202,3.8216767478130897,107.4375,False,refined,0.0,rank_1,0.0030178893987983023,155.00397861531914,155.00397861531914,152.75,2.2539786153191415,NULL,0,152.75,NULL,False
610,0.00018454135314066892,candidate,1,2,4384765623.504769,4383840533.545306,0.00019762501921400869,10.512762559309499,-3.8216767478130897,84.1875,False,refined,0.2388547967383181,NULL,3.0,155.7388547967383,155.00397861531914,152.75,2.2539786153191415,NULL,0,152.75,NULL,False
610,0.00018454135314066892,candidate,2,3,5234374998.215047,5230057982.591937,0.00017762857991266754,9.615450350274672,-4.74825837587753,100.49999999999999,False,refined,0.35444859595114475,NULL,3.0,155.85444859595114,155.00397861531914,152.75,2.2539786153191415,NULL,0,152.75,NULL,False
610,0.00018454135314066892,candidate,3,4,2675781249.087543,2674192097.0233192,0.00016999596596250317,9.123953394451334,-5.129742938948043,51.375,False,refined,0.4520159245165526,NULL,3.0,155.95201592451656,155.00397861531914,152.75,2.2539786153191415,NULL,0,152.75,NULL,False
610,0.00018454135314066892,candidate,4,5,5371093748.168426,5372697631.355169,0.00016326785217053112,8.883207065756782,-5.48050166039542,103.125,False,refined,0.5100502939111965,NULL,3.0,156.0100502939112,155.00397861531914,152.75,2.2539786153191415,NULL,0,152.75,NULL,False
610,0.00018454135314066892,NULL,5,0,nan,nan,nan,nan,nan,nan,False,NULL,0.25,NULL,0.0,152.75,155.00397861531914,152.75,2.2539786153191415,NULL,0,152.75,NULL,True
611,0.00018454455314067001,candidate,0,1,4374999998.5081,4378352469.974737,0.00022169027287466782,12.797386735798488,0.1513214282909381,84.0,False,refined,0.0,rank_2,0.0030118841754606983,155.74186668091377,155.06822707822852,153.0,2.0682270782285173,NULL,0,153.0,NULL,False
611,0.00018454455314067001,candidate,1,2,5400390623.158435,5396527650.490504,0.00021786153865979032,12.557146881390588,-0.1513214282909381,103.6875,False,refined,0.00945758926818363,NULL,3.0,155.75945758926818,155.06822707822852,153.0,2.0682270782285173,NULL,0,153.0,NULL,False
611,0.00018454455314067001,candidate,2,3,5615234373.085172,5610406783.874581,0.00020805953387694612,12.246206400514588,-0.5511803352839006,107.8125,False,refined,0.03444877095524379,rank_1,0.029799691954142872,155.06822707822852,155.06822707822852,153.0,2.0682270782285173,NULL,0,153.0,NULL,False
611,0.00018454455314067001,candidate,3,4,4667968748.4081955,4671658055.289775,0.00017023592083909665,10.50347806190902,-2.2939086738894687,89.625,False,refined,0.1433692921180918,NULL,3.0,155.89336929211808,155.06822707822852,153.0,2.0682270782285173,NULL,0,153.0,NULL,False
611,0.00018454455314067001,candidate,4,5,2666015624.090873,2661717117.247163,0.00014848702579007547,9.218419191165665,-3.481162591555096,51.18749999999999,False,refined,0.3348097832973437,NULL,3.0,156.08480978329735,155.06822707822852,153.0,2.0682270782285173,NULL,0,153.0,NULL,False
611,0.00018454455314067001,NULL,5,0,nan,nan,nan,nan,nan,nan,False,NULL,0.25,NULL,0.0,153.0,155.06822707822852,153.0,2.0682270782285173,NULL,0,153.0,NULL,True
612,0.0001845477531406711,candidate,0,1,5419921873.151774,5416298708.76666,0.0002105447391087137,11.873537545905517,0.2857599367945163,104.0625,False,refined,0.0,rank_2,0.03908947453591358,155.7985470638041,155.7985470638041,153.25,2.548547063804108,NULL,0,153.25,NULL,False
612,0.0001845477531406711,candidate,1,2,4619140623.424846,4616490502.049351,0.00020373066243883385,11.537652491532047,-0.2857599367945163,88.6875,False,refined,0.017859996049657267,NULL,3.0,156.01785999604965,155.7985470638041,153.25,2.548547063804108,NULL,0,153.25,NULL,False
612,0.0001845477531406711,candidate,2,3,5156249998.241689,5155425891.7864,0.00019249220665532146,10.981530958832773,-0.7786248607706359,99.0,False,refined,0.04866405379816474,NULL,3.0,156.04866405379818,155.7985470638041,153.25,2.548547063804108,NULL,0,153.25,NULL,False
612,0.0001845477531406711,candidate,3,4,4394531248.501439,4395215249.835827,0.00017755127041286202,10.393125344956076,-1.4804122009494414,84.375,False,refined,0.09252576255934009,rank_1,0.028435334464357254,155.86282777793747,155.7985470638041,153.25,2.548547063804108,NULL,0,153.25,NULL,False
612,0.0001845477531406711,candidate,4,5,2626953124.1041937,2623692208.287421,0.0001611711039912733,9.475056499441816,-2.321144267972297,50.4375,False,refined,0.22381304183199613,NULL,3.0,156.223813041832,155.7985470638041,153.25,2.548547063804108,NULL,0,153.25,NULL,False
612,0.0001845477531406711,NULL,5,0,nan,nan,nan,nan,nan,nan,False,NULL,0.25,NULL,0.0,153.25,155.7985470638041,153.25,2.548547063804108,NULL,0,153.25,NULL,True
613,0.0001845509531406722,candidate,0,1,5146484373.245018,5148390509.314263,0.0002552571933507499,12.635600689881521,2.4727889280487503,98.81249999999999,False,refined,0.0,rank_3,0.004949660652924546,156.0536137144511,156.0379929638184,153.5,2.5379929638183967,NULL,0,153.5,NULL,False
613,0.0001845509531406722,candidate,1,2,4619140623.424846,4614463265.378832,0.0001920164973520241,9.992572148818102,-2.4727889280487503,88.6875,False,refined,0.15566348568033161,rank_2,0.00041096885182964545,156.1739344505818,156.0379929638184,153.5,2.5379929638183967,NULL,0,153.5,NULL,False
613,0.0001845509531406722,candidate,2,3,5439453123.145114,5440001938.96315,0.00018656768181447598,9.912769201308684,-2.7228314885728366,104.43749999999999,False,refined,0.18326158783949964,rank_1,0.056184312174780905,156.0379929638184,156.0379929638184,153.5,2.5379929638183967,NULL,0,153.5,NULL,False
613,0.0001845509531406722,candidate,3,4,4736328123.384884,4740416993.12777,0.00016667128994722765,8.786796318532284,-3.7023438610934445,90.9375,False,refined,0.4133770435384977,NULL,3.0,156.6633770435385,156.0379929638184,153.5,2.5379929638183967,NULL,0,153.5,NULL,False
613,0.0001845509531406722,candidate,4,5,2617187499.1075234,2618983786.9305835,0.00015304034798899248,7.831323899988609,-4.443440903192011,50.24999999999999,False,refined,0.6030164714512093,rank_5,0.0022169231673525836,156.82904643645054,156.0379929638184,153.5,2.5379929638183967,NULL,0,153.5,NULL,False
613,0.0001845509531406722,NULL,5,0,nan,nan,nan,nan,nan,nan,False,NULL,0.25,NULL,0.0,153.5,156.0379929638184,153.5,2.5379929638183967,NULL,0,153.5,NULL,True
614,0.0001845541531406733,candidate,0,1,5146484373.245018,5151245592.5247,0.00021910385296555797,10.360675024369668,1.632358134929719,98.81249999999999,False,refined,0.0,rank_1,0.0008151500138518225,156.05442886446497,156.05442886446497,153.75,2.304428864464967,NULL,0,153.75,NULL,False
614,0.0001845541531406733,candidate,1,2,4785156248.368234,4788106232.011477,0.00018156498913452006,8.798141483534412,-1.632358134929719,91.875,False,refined,0.28230116090294566,NULL,3.0,156.78230116090293,156.05442886446497,153.75,2.304428864464967,NULL,0,153.75,NULL,False
614,0.0001845541531406733,candidate,2,3,5644531248.075182,5645856842.753501,0.00017032621487648883,8.234104837465042,-2.187370389069656,108.375,False,refined,0.40159492369709726,NULL,3.0,156.9015949236971,156.05442886446497,153.75,2.304428864464967,NULL,0,153.75,NULL,False
614,0.0001845541531406733,candidate,3,4,4287109373.53807,4285738078.3649497,0.00016928505845115128,8.174389344317756,-2.240627738567893,82.3125,False,refined,0.4138808320128299,NULL,3.0,156.91388083201284,156.05442886446497,153.75,2.304428864464967,NULL,0,153.75,NULL,False
614,0.0001845541531406733,candidate,4,5,3017578123.9709883,3019426765.9786444,0.00016091174067421415,7.749253981068032,-2.681245637396099,57.93750000000001,False,refined,0.5051897551770514,NULL,3.0,157.00518975517704,156.05442886446497,153.75,2.304428864464967,NULL,0,153.75,NULL,False
614,0.0001845541531406733,NULL,5,0,nan,nan,nan,nan,nan,nan,False,NULL,0.25,NULL,0.0,153.75,156.05442886446497,153.75,2.304428864464967,NULL,0,153.75,NULL,True
615,0.00018455735314067438,candidate,0,1,4853515623.344923,4852034422.078811,0.00021709865696652793,10.441521805593794,2.1305104543727182,93.18750000000001,False,refined,0.0,NULL,3.0,156.75,156.75,154.0,2.75,NULL,0,154.0,NULL,False
615,0.00018455735314067438,candidate,1,2,4306640623.53141,4302937760.931674,0.0001698758387624204,8.311011351221076,-2.1305104543727182,82.6875,False,refined,0.3865052007151335,NULL,3.0,157.13650520071513,156.75,154.0,2.75,NULL,0,154.0,NULL,False
615,0.00018455735314067438,candidate,2,3,5712890623.05187,5709998428.540093,0.00016386935730153897,7.941338377019411,-2.4431877278189074,109.6875,False,refined,0.46149847643577,NULL,3.0,157.21149847643576,156.75,154.0,2.75,NULL,0,154.0,NULL,False
615,0.00018455735314067438,candidate,3,4,1113281249.6203644,1113010867.793394,0.00014743469473915618,6.935170501386354,-3.3611488373817178,21.374999999999996,False,refined,0.6697962271284043,NULL,3.0,157.41979622712842,156.75,154.0,2.75,NULL,0,154.0,NULL,False
615,0.00018455735314067438,candidate,4,5,5117187498.255009,5121209452.229585,0.0001445096222785502,6.9632657922928765,-3.5352074184924653,98.25,False,refined,0.6764605948118476,rank_1,0.09021697238278593,156.82110643165962,156.75,154.0,2.75,NULL,0,154.0,NULL,False
615,0.00018455735314067438,NULL,5,0,nan,nan,nan,nan,nan,nan,False,NULL,0.25,NULL,0.0,154.0,156.75,154.0,2.75,NULL,0,154.0,NULL,True
616,0.00018456055314067547,candidate,0,1,5947265622.971948,5948179717.66336,0.00020979710384557413,10.20571018284512,1.2549796119385004,114.1875,False,refined,0.0,NULL,3.0,157.0,156.98087015323281,154.25,2.7308701532328143,NULL,0,154.25,NULL,False
616,0.00018456055314067547,candidate,1,2,4853515623.344923,4854590813.110022,0.00018157268179104315,8.988130573491917,-1.2549796119385004,93.18750000000001,False,refined,0.23021663972236872,rank_1,0.0006535135104455526,156.98087015323281,156.98087015323281,154.25,2.7308701532328143,NULL,0,154.25,NULL,False
616,0.00018456055314067547,candidate,2,3,4130859373.5913525,4126158751.7561574,0.00015741791701592131,7.778469296594901,-2.4949065445817187,79.3125,False,refined,0.4891612645471223,NULL,3.0,157.48916126454714,156.98087015323281,154.25,2.7308701532328143,NULL,0,154.25,NULL,False
616,0.00018456055314067547,candidate,3,4,2529296874.137495,2533776133.331003,0.00015003828805205168,7.164123565085481,-2.9119477696913965,48.5625,False,refined,0.6073782008428902,NULL,3.0,157.6073782008429,156.98087015323281,154.25,2.7308701532328143,NULL,0,154.25,NULL,False
616,0.00018456055314067547,candidate,4,5,5732421873.04521,5730179775.739154,0.00013922827827686867,6.476450054111176,-3.5614407210986343,110.06249999999999,False,refined,0.7511225369519883,NULL,3.0,157.75112253695198,156.98087015323281,154.25,2.7308701532328143,NULL,0,154.25,NULL,False
616,0.00018456055314067547,NULL,5,0,nan,nan,nan,nan,nan,nan,False,NULL,0.25,NULL,0.0,154.25,156.98087015323281,154.25,2.7308701532328143,NULL,0,154.25,NULL,True
617,0.00018456375314067656,candidate,0,1,5957031247.968617,5959234619.736557,0.0002205407916042459,12.29165314023259,1.5744430578556123,114.375,False,refined,0.0,rank_1,0.01222108598479834,157.0122210859848,157.0122210859848,154.5,2.5122210859848053,NULL,0,154.5,NULL,False
617,0.00018456375314067656,candidate,1,2,4140624998.588022,4138707312.9711785,0.00018397837397843387,10.795305147751018,-1.5744430578556123,79.5,False,refined,0.09840269111597577,NULL,3.0,157.34840269111598,157.0122210859848,154.5,2.5122210859848053,NULL,0,154.5,NULL,False
617,0.00018456375314067656,candidate,2,3,4462890623.478128,4464702163.470914,0.00015803716290881982,9.260670310794312,-2.89459408970683,85.68750000000001,False,refined,0.29181158398753004,NULL,3.0,157.54181158398754,157.0122210859848,154.5,2.5122210859848053,NULL,0,154.5,NULL,False
617,0.00018456375314067656,candidate,3,4,5517578123.118473,5513085827.381626,0.00015235063165009761,9.156854807040817,-3.2128933985658126,105.9375,False,refined,0.3272776163542407,NULL,3.0,157.57727761635425,157.0122210859848,154.5,2.5122210859848053,NULL,0,154.5,NULL,False
617,0.00018456375314067656,candidate,4,5,2519531249.140825,2523989105.259122,0.0001427225638401347,8.479661951990058,-3.779925808102673,48.37499999999999,False,refined,0.4642960702079083,NULL,3.0,157.71429607020792,157.0122210859848,154.5,2.5122210859848053,NULL,0,154.5,NULL,False
617,0.00018456375314067656,NULL,5,0,nan,nan,nan,nan,nan,nan,False,NULL,0.25,NULL,0.0,154.5,157.0122210859848,154.5,2.5122210859848053,NULL,0,154.5,NULL,True
618,0.00018456695314067765,candidate,0,1,5996093747.9552965,nan,0.00020736279910418947,12.342081412126316,1.2248806236980503,115.125,True,boundary_peak,1.5,rank_1,0.13585953330454795,158.64808061928935,157.47303099877033,154.75,2.7230309987703265,NULL,0,154.75,NULL,False
618,0.00018456695314067765,candidate,1,2,5712890623.05187,5712943610.245991,0.0001800888461069288,11.122076583356444,-1.2248806236980503,109.6875,False,refined,0.07655503898112814,NULL,3.0,157.57655503898113,157.47303099877033,154.75,2.7230309987703265,NULL,0,154.75,NULL,False
618,0.00018456695314067765,candidate,2,3,5537109373.111813,5541459756.840356,0.00017360332209707678,10.913178770542054,-1.5434562990333767,106.31249999999999,False,refined,0.09646601868958604,NULL,3.0,157.5964660186896,157.47303099877033,154.75,2.7230309987703265,NULL,0,154.75,NULL,False
618,0.00018456695314067765,candidate,3,4,4140624998.588022,4136194180.1465917,0.0001650188162435556,10.271385920728946,-1.9839475839188658,79.5,False,refined,0.12399672399492911,rank_2,0.0006315836594015971,157.47303099877033,157.47303099877033,154.75,2.7230309987703265,NULL,0,154.75,NULL,False
618,0.00018456695314067765,candidate,4,5,5107421873.258339,5110746089.6652565,0.00014909391352034042,9.502310659733606,-2.865418640685604,98.0625,False,refined,0.25374206608280936,NULL,3.0,157.75374206608282,157.47303099877033,154.75,2.7230309987703265,NULL,0,154.75,NULL,False
618,0.00018456695314067765,NULL,5,0,nan,nan,nan,nan,nan,nan,False,NULL,0.25,NULL,0.0,154.75,157.47303099877033,154.75,2.7230309987703265,NULL,0,154.75,NULL,True
619,0.00018457015314067874,candidate,0,1,5712890623.05187,5709109781.330915,0.0002259420753261985,12.439159760898999,2.1194475514534172,109.6875,False,refined,0.0,rank_2,0.0014698244150067466,157.57802486339614,157.57802486339614,155.0,2.578024863396138,NULL,0,155.0,NULL,False
619,0.00018457015314067874,candidate,1,2,5087890623.264999,5090984324.604869,0.00017702097806400423,10.255209830787626,-2.1194475514534172,97.6875,False,refined,0.13246547196583858,NULL,3.0,157.88246547196584,157.57802486339614,155.0,2.578024863396138,NULL,0,155.0,NULL,False
619,0.00018457015314067874,candidate,2,3,4755859373.378224,4753594409.944392,0.00017246941176509968,10.03920918220583,-2.3457006277788217,91.31250000000001,False,refined,0.14660628923617636,NULL,3.0,157.8966062892362,157.57802486339614,155.0,2.578024863396138,NULL,0,155.0,NULL,False
619,0.00018457015314067874,candidate,3,4,5996093747.9552965,nan,0.00016109558689348863,9.393374840455424,-2.938269403035827,115.125,True,boundary_peak,1.7746356116214255,NULL,3.0,159.52463561162142,157.57802486339614,155.0,2.578024863396138,NULL,0,155.0,NULL,False
619,0.00018457015314067874,candidate,4,5,4580078123.438167,4579450663.900699,0.0001557944774255138,9.167770238334905,-3.228901094165364,87.9375,False,refined,0.32664078263509955,NULL,3.0,158.0766407826351,157.57802486339614,155.0,2.578024863396138,NULL,0,155.0,NULL,False
619,0.00018457015314067874,NULL,5,0,nan,nan,nan,nan,nan,nan,False,NULL,0.25,NULL,0.0,155.0,157.57802486339614,155.0,2.578024863396138,NULL,0,155.0,NULL,True
