frame_index,time_s,state_type,state_index,candidate_rank,discrete_frequency_hz,refined_frequency_hz,peak_amplitude,peak_to_background_db,peak_to_competitor_db,cycles_in_window,is_band_boundary,refinement_status,node_cost,winning_predecessor,transition_cost,cumulative_cost,best_candidate_cumulative_cost,null_cumulative_cost,candidate_vs_null_cost_margin,selected_state,selected_rank,selected_cumulative_cost,selected_winning_predecessor,is_selected
0,0.00018258935314000328,candidate,0,1,3115234373.937687,3119734995.354521,0.00030822867067523927,9.173160358528376,0.23634464962531965,59.81250000000001,False,refined,0.12402594622074359,initial,3.0,3.1240259462207436,3.1240259462207436,0.25,2.8740259462207436,NULL,0,0.25,initial,False
0,0.00018258935314000328,candidate,1,2,1845703124.3706043,1849136932.5211701,0.00029995478943279134,8.942736873737474,-0.23634464962531965,35.4375,False,refined,0.17336100954096145,initial,3.0,3.1733610095409617,3.1240259462207436,0.25,2.8740259462207436,NULL,0,0.25,initial,False
0,0.00018258935314000328,candidate,2,3,4550781248.448156,4552317841.852099,0.0002891037568410862,8.674768515862601,-0.5563859599723386,87.37499999999999,False,refined,0.23355884511888103,initial,3.0,3.233558845118881,3.1240259462207436,0.25,2.8740259462207436,NULL,0,0.25,initial,False
0,0.00018258935314000328,candidate,3,4,3457031248.821132,3461234449.1963573,0.0002835026471108347,8.475078559763523,-0.7263182988479677,66.375,False,refined,0.2741331097134696,initial,3.0,3.2741331097134694,3.1240259462207436,0.25,2.8740259462207436,NULL,0,0.25,initial,False
0,0.00018258935314000328,candidate,4,5,4316406248.52808,4314202946.495711,0.0002823537322777121,8.439806849411076,-0.7615900092004146,82.875,False,refined,0.2816283481633646,initial,3.0,3.2816283481633644,3.1240259462207436,0.25,2.8740259462207436,NULL,0,0.25,initial,False
0,0.00018258935314000328,NULL,5,0,nan,nan,nan,nan,nan,nan,False,NULL,0.25,initial,0.0,0.25,3.1240259462207436,0.25,2.8740259462207436,NULL,0,0.25,initial,True
1,0.00018259255314000437,candidate,0,1,4345703123.518089,4342910658.87421,0.00029588339901450735,8.749971916833772,0.7630861919917731,83.4375,False,refined,0.1875042124749342,NULL,3.0,3.437504212474934,3.437504212474934,0.5,2.937504212474934,NULL,0,0.5,NULL,False
1,0.00018259255314000437,candidate,1,2,917968749.6869673,915321491.4667825,0.0002709981271446667,7.865687877759573,-0.7630861919917731,17.625,False,refined,0.3678397053355499,NULL,3.0,3.61783970533555,3.437504212474934,0.5,2.937504212474934,NULL,0,0.5,NULL,False
1,0.00018259255314000437,candidate,2,3,58593749.98001918,nan,0.00024114917414745114,6.742306984588025,-1.7766964028718935,1.125,True,boundary_peak,2.3184474774912895,NULL,3.0,5.56844747749129,3.437504212474934,0.5,2.937504212474934,NULL,0,0.5,NULL,False
1,0.00018259255314000437,candidate,3,4,1845703124.3706043,1845798880.841937,0.0002372214524699117,6.748641489507126,-1.9193327679974637,35.4375,False,refined,0.6076620745737726,rank_2,0.0011142589013230747,3.782137343016057,3.437504212474934,0.5,2.937504212474934,NULL,0,0.5,NULL,False
1,0.00018259255314000437,candidate,4,5,4541015623.451487,4537791534.72435,0.0002354084832240381,6.709794402079234,-1.9859697997834669,87.1875,False,refined,0.6176539521745815,NULL,3.0,3.8676539521745816,3.437504212474934,0.5,2.937504212474934,NULL,0,0.5,NULL,False
1,0.00018259255314000437,NULL,5,0,nan,nan,nan,nan,nan,nan,False,NULL,0.25,NULL,0.0,0.5,3.437504212474934,0.5,2.937504212474934,NULL,0,0.5,NULL,True
2,0.00018259575314000546,candidate,0,1,898437499.6936275,894332136.1308674,0.00030602508484800435,9.165045163529655,1.3704038191415435,17.25,False,refined,0.12524322547055178,NULL,3.0,3.6252432254705518,3.6252432254705518,0.75,2.8752432254705518,NULL,0,0.75,NULL,False
2,0.00018259575314000546,candidate,1,2,4687499998.401535,4684939889.583771,0.0002613586246385044,7.694075252862831,-1.3704038191415435,90.0,False,refined,0.43153895076692184,NULL,3.0,3.931538950766922,3.6252432254705518,0.75,2.8752432254705518,NULL,0,0.75,NULL,False
2,0.00018259575314000546,candidate,2,3,4335937498.52142,4336107228.928748,0.00023662402467274746,6.830515269248529,-2.233963802755845,83.25,False,refined,0.6150454472849609,rank_1,0.004628665902281215,4.057178325662177,3.6252432254705518,0.75,2.8752432254705518,NULL,0,0.75,NULL,False
2,0.00018259575314000546,candidate,3,4,3203124998.9077153,3198507954.144335,0.00022858595017109096,6.4312262107432705,-2.5341498731546785,61.49999999999999,False,refined,0.6937004354606768,NULL,3.0,4.193700435460677,3.6252432254705518,0.75,2.8752432254705518,NULL,0,0.75,NULL,False
2,0.00018259575314000546,candidate,4,5,5605468748.088502,5609995687.255558,0.0002202150160349122,6.201440702828593,-2.8582019535072334,107.625,False,refined,0.7484215166699131,NULL,3.0,4.248421516669913,3.6252432254705518,0.75,2.8752432254705518,NULL,0,0.75,NULL,False
2,0.00018259575314000546,NULL,5,0,nan,nan,nan,nan,nan,nan,False,NULL,0.25,NULL,0.0,0.75,3.6252432254705518,0.75,2.8752432254705518,NULL,0,0.75,NULL,True
3,0.00018259895314000655,candidate,0,1,859374999.706948,862347380.7357421,0.000323246629612434,10.380308448287723,1.4651070761730267,16.5,False,refined,0.0,rank_1,0.1023024577685995,3.727545683239151,3.727545683239151,1.0,2.727545683239151,NULL,0,1.0,NULL,False
3,0.00018259895314000655,candidate,1,2,2656249999.094203,2654383958.25969,0.0002730729308202215,8.77725525097902,-1.4651070761730267,51.0,False,refined,0.2749809046139613,NULL,3.0,4.024980904613962,3.727545683239151,1.0,2.727545683239151,NULL,0,1.0,NULL,False
3,0.00018259895314000655,candidate,2,3,4677734373.404865,4680182184.459952,0.0002535679422343276,7.998782328574832,-2.1087931815883465,89.8125,False,refined,0.4319822245630469,NULL,3.0,4.181982224563047,3.727545683239151,1.0,2.727545683239151,NULL,0,1.0,NULL,False
3,0.00018259895314000655,candidate,3,4,2285156249.2207484,2286797440.7488346,0.0002351818212456477,7.344970387912868,-2.76260512225031,43.875,False,refined,0.5709172619537142,NULL,3.0,4.320917261953714,3.727545683239151,1.0,2.727545683239151,NULL,0,1.0,NULL,False
3,0.00018259895314000655,candidate,4,5,1279296874.5637522,1276013082.4187434,0.0002162934905183694,6.783791600939368,-3.4898111208870652,24.5625,False,refined,0.7005444549145363,NULL,3.0,4.450544454914536,3.727545683239151,1.0,2.727545683239151,NULL,0,1.0,NULL,False
3,0.00018259895314000655,NULL,5,0,nan,nan,nan,nan,nan,nan,False,NULL,0.25,NULL,0.0,1.0,3.727545683239151,1.0,2.727545683239151,NULL,0,1.0,NULL,True
4,0.00018260215314000764,candidate,0,1,869140624.7036179,870606780.3622044,0.0003143442055693954,10.183143101657857,0.9059800171668009,16.6875,False,refined,0.0,rank_1,0.006821768218960625,3.7343674514581116,3.7343674514581116,1.25,2.4843674514581116,NULL,0,1.25,NULL,False
4,0.00018260215314000764,candidate,1,2,2656249999.094203,2657439130.1056204,0.0002832086138519761,9.3349970472969,-0.9059800171668009,51.0,False,refined,0.15637419397839003,NULL,3.0,4.15637419397839,3.7343674514581116,1.25,2.4843674514581116,NULL,0,1.25,NULL,False
4,0.00018260215314000764,candidate,2,3,2285156249.2207484,2288789984.8111405,0.0002653875132215654,8.632849110012595,-1.4704994853842912,43.875,False,refined,0.296978851334629,NULL,3.0,4.296978851334629,3.7343674514581116,1.25,2.4843674514581116,NULL,0,1.25,NULL,False
4,0.00018260215314000764,candidate,3,4,1249999999.5737426,1246732008.932272,0.0002560247925109421,8.350527688878904,-1.7824687278062967,24.0,False,refined,0.358825142156058,NULL,3.0,4.358825142156058,3.7343674514581116,1.25,2.4843674514581116,NULL,0,1.25,NULL,False
4,0.00018260215314000764,candidate,4,5,3818359373.697917,3819699220.876191,0.00025404030767092295,8.333086517804906,-1.8500565838529504,73.3125,False,refined,0.36566555882007346,NULL,3.0,4.365665558820074,3.7343674514581116,1.25,2.4843674514581116,NULL,0,1.25,NULL,False
4,0.00018260215314000764,NULL,5,0,nan,nan,nan,nan,nan,nan,False,NULL,0.25,NULL,0.0,1.25,3.7343674514581116,1.25,2.4843674514581116,NULL,0,1.25,NULL,True
5,0.00018260535314000874,candidate,0,1,878906249.7002878,877910850.5342214,0.0003034277308206502,8.774764987571473,0.2829965530800216,16.875,False,refined,0.18378525186427908,rank_1,0.005334944107774814,3.9234876474301656,3.9234876474301656,1.5,2.4234876474301656,NULL,0,1.5,NULL,False
5,0.00018260535314000874,candidate,1,2,1230468749.5804029,1233215647.9056354,0.00029370101106648014,8.398342566003318,-0.2829965530800216,23.625,False,refined,0.2579358996670036,NULL,3.0,4.507935899667004,3.9234876474301656,1.5,2.4234876474301656,NULL,0,1.5,NULL,False
5,0.00018260535314000874,candidate,2,3,419921874.8568042,416379299.2362417,0.000271936269185839,7.744268938818184,-0.9517626852740335,8.0625,False,refined,0.3978448270068995,NULL,3.0,4.6478448270068995,3.9234876474301656,1.5,2.4234876474301656,NULL,0,1.5,NULL,False
5,0.00018260535314000874,candidate,3,4,1601562499.4538577,1597104979.347376,0.0002556488936801498,7.286537955956822,-1.4882270316146506,30.749999999999996,False,refined,0.5000334960823923,NULL,3.0,4.750033496082392,3.9234876474301656,1.5,2.4234876474301656,NULL,0,1.5,NULL,False
5,0.00018260535314000874,candidate,4,5,2109374999.2806907,2107125326.0462475,0.00025488440583025165,7.135040935715358,-1.5142400735195505,40.5,False,refined,0.5243838642376683,NULL,3.0,4.774383864237668,3.9234876474301656,1.5,2.4234876474301656,NULL,0,1.5,NULL,False
5,0.00018260535314000874,NULL,5,0,nan,nan,nan,nan,nan,nan,False,NULL,0.25,NULL,0.0,1.5,3.9234876474301656,1.5,2.4234876474301656,NULL,0,1.5,NULL,True
6,0.00018260855314000983,candidate,0,1,419921874.8568042,419618826.8393108,0.0002853644499033547,8.312345934375216,0.03046408436735426,8.0625,False,refined,0.2531481098437176,NULL,3.0,4.753148109843718,4.400405447735405,1.75,2.6504054477354053,NULL,0,1.75,NULL,False
6,0.00018260855314000983,candidate,1,2,1191406249.5937235,1195094837.8557115,0.0002843653421904871,8.401452922607433,-0.03046408436735426,22.875,False,refined,0.24168606688184469,NULL,3.0,4.741686066881845,4.400405447735405,1.75,2.6504054477354053,NULL,0,1.75,NULL,False
6,0.00018260855314000983,candidate,2,3,1562499999.4671783,1559662878.1926208,0.00027852537946881044,8.221215125564134,-0.21070188141065316,30.0,False,refined,0.2799865987535457,NULL,3.0,4.7799865987535455,4.400405447735405,1.75,2.6504054477354053,NULL,0,1.75,NULL,False
6,0.00018260855314000983,candidate,3,4,849609374.7102782,851425195.945956,0.0002600361132123009,7.624592953070941,-0.8073240539038462,16.3125,False,refined,0.4067688104083492,rank_1,0.07014898989689049,4.400405447735405,4.400405447735405,1.75,2.6504054477354053,NULL,0,1.75,NULL,False
6,0.00018260855314000983,candidate,4,5,2119140624.2773604,2123821401.6482787,0.00024928990134865753,7.154321219985,-1.1739036586085305,40.6875,False,refined,0.5002207956652831,NULL,3.0,5.0002207956652835,4.400405447735405,1.75,2.6504054477354053,NULL,0,1.75,NULL,False
6,0.00018260855314000983,NULL,5,0,nan,nan,nan,nan,nan,nan,False,NULL,0.25,NULL,0.0,1.75,4.400405447735405,1.75,2.6504054477354053,NULL,0,1.75,NULL,True
7,0.00018261175314001092,candidate,0,1,419921874.8568042,422332959.3687334,0.0002867531208571002,9.513974312660691,0.9592227117125596,8.0625,False,refined,0.07290385310089631,NULL,3.0,4.822903853100897,4.822903853100897,2.0,2.8229038531008968,NULL,0,2.0,NULL,False
7,0.00018261175314001092,candidate,1,2,1386718749.5271208,1389599142.4256155,0.00025677161793676896,8.64068669093549,-0.9592227117125596,26.625,False,refined,0.26384841584171137,NULL,3.0,5.013848415841712,4.822903853100897,2.0,2.8229038531008968,NULL,0,2.0,NULL,False
7,0.00018261175314001092,candidate,2,3,1171874999.6003838,1176351188.5953128,0.00024736858744161893,8.360788186741628,-1.283272082138982,22.5,False,refined,0.3260862771224422,NULL,3.0,5.076086277122442,4.822903853100897,2.0,2.8229038531008968,NULL,0,2.0,NULL,False
7,0.00018261175314001092,candidate,3,4,1533203124.4771688,1537800054.8983061,0.0002422818411147565,8.136163643099152,-1.4637457595488979,29.437500000000004,False,refined,0.37105956350693325,NULL,3.0,5.121059563506933,4.822903853100897,2.0,2.8229038531008968,NULL,0,2.0,NULL,False
7,0.00018261175314001092,candidate,4,5,2138671874.2707002,2142298425.7769578,0.00020927631251742868,6.808199334334422,-2.7357615767922017,41.0625,False,refined,0.6497551983993494,NULL,3.0,5.399755198399349,4.822903853100897,2.0,2.8229038531008968,NULL,0,2.0,NULL,False
7,0.00018261175314001092,NULL,5,0,nan,nan,nan,nan,nan,nan,False,NULL,0.25,NULL,0.0,2.0,4.822903853100897,2.0,2.8229038531008968,NULL,0,2.0,NULL,True
8,0.000182614953140012,candidate,0,1,419921874.8568042,415297184.88428265,0.0002728846377742015,8.840752921180348,0.5862725143130199,8.0625,False,refined,0.17388706182294777,rank_1,0.004950212259604832,5.001741127183449,5.001741127183449,2.25,2.7517411271834487,NULL,0,2.25,NULL,False
8,0.000182614953140012,candidate,1,2,4482421873.471468,4487158598.29868,0.0002550735706822219,8.15439952239669,-0.5862725143130199,86.0625,False,refined,0.31348210378506036,NULL,3.0,5.31348210378506,5.001741127183449,2.25,2.7517411271834487,NULL,0,2.25,NULL,False
8,0.000182614953140012,candidate,2,3,1396484374.5237906,1396579318.963751,0.0002478837595559247,7.9504709559472975,-0.8346202630726296,26.8125,False,refined,0.35959312304994473,NULL,3.0,5.359593123049945,5.001741127183449,2.25,2.7517411271834487,NULL,0,2.25,NULL,False
8,0.000182614953140012,candidate,3,4,1826171874.3772647,1824353293.9819927,0.0002357741746238947,7.541628964289622,-1.2696570852935007,35.0625,False,refined,0.44810922318740054,NULL,3.0,5.448109223187401,5.001741127183449,2.25,2.7517411271834487,NULL,0,2.25,NULL,False
8,0.000182614953140012,candidate,4,5,5458984373.138454,5454553010.43365,0.00020506996311915455,6.359212238343135,-2.4815406828372133,104.8125,False,refined,0.7012144569258556,NULL,3.0,5.701214456925856,5.001741127183449,2.25,2.7517411271834487,NULL,0,2.25,NULL,False
8,0.000182614953140012,NULL,5,0,nan,nan,nan,nan,nan,nan,False,NULL,0.25,NULL,0.0,2.25,5.001741127183449,2.25,2.7517411271834487,NULL,0,2.25,NULL,True
9,0.0001826181531400131,candidate,0,1,1816406249.3805947,1818759384.9658334,0.0002835845368495549,8.264745520093868,0.23320475777122596,34.875,False,refined,0.2602881719859198,NULL,3.0,5.51028817198592,5.51028817198592,2.5,3.01028817198592,NULL,0,2.5,NULL,False
9,0.0001826181531400131,candidate,1,2,4492187498.468138,4489627107.023157,0.00027607196616979594,8.103774446863001,-0.23320475777122596,86.25,False,refined,0.2990091303312514,NULL,3.0,5.549009130331251,5.51028817198592,2.5,3.01028817198592,NULL,0,2.5,NULL,False
9,0.0001826181531400131,candidate,2,3,400390624.8634644,401701944.1511773,0.0002354789863417554,6.650137749677851,-1.6146077704160167,7.687499999999999,False,refined,0.6033923231993233,rank_1,0.018483057059108726,5.623616507441881,5.51028817198592,2.5,3.01028817198592,NULL,0,2.5,NULL,False
9,0.0001826181531400131,candidate,3,4,2900390624.0109496,2903536992.874261,0.00023050675198564707,6.573841349761906,-1.7999778988147774,55.6875,False,refined,0.6264224162116376,NULL,3.0,5.876422416211637,5.51028817198592,2.5,3.01028817198592,NULL,0,2.5,NULL,False
9,0.0001826181531400131,candidate,4,5,5488281248.128464,5483660602.298493,0.0002156776118056393,5.941844607750522,-2.377549604515057,105.375,False,refined,0.7573201591196128,NULL,3.0,6.007320159119613,5.51028817198592,2.5,3.01028817198592,NULL,0,2.5,NULL,False
9,0.0001826181531400131,NULL,5,0,nan,nan,nan,nan,nan,nan,False,NULL,0.25,NULL,0.0,2.5,5.51028817198592,2.5,3.01028817198592,NULL,0,2.5,NULL,True
10,0.0001826213531400142,candidate,0,1,2939453123.997629,2937347125.039463,0.0003176993311553168,10.290644378347107,0.8090515027351763,56.4375,False,refined,0.0,NULL,3.0,5.5,5.5,2.75,2.75,NULL,0,2.75,NULL,False
10,0.0001826213531400142,candidate,1,2,1318359374.5504317,1321945928.4005513,0.00028944344952939094,9.33502119208205,-0.8090515027351763,25.3125,False,refined,0.15031254010864115,NULL,3.0,5.650312540108641,5.5,2.75,2.75,NULL,0,2.75,NULL,False
10,0.0001826213531400142,candidate,2,3,830078124.7169385,831292057.943143,0.00027250497261159,8.957806999905449,-1.332837378441658,15.9375,False,refined,0.2396312861667863,NULL,3.0,5.739631286166786,5.5,2.75,2.75,NULL,0,2.75,NULL,False
10,0.0001826213531400142,candidate,3,4,1816406249.3805947,1814814296.7661572,0.00024223177454421168,7.7472701165636515,-2.3557037954093474,34.875,False,refined,0.4851409697285365,NULL,3.0,5.985140969728537,5.5,2.75,2.75,NULL,0,2.75,NULL,False
10,0.0001826213531400142,candidate,4,5,4492187498.468138,4490579692.476184,0.00022597518083068395,7.279487057179601,-2.959111158411538,86.25,False,refined,0.593021388823781,NULL,3.0,6.0930213888237805,5.5,2.75,2.75,NULL,0,2.75,NULL,False
10,0.0001826213531400142,NULL,5,0,nan,nan,nan,nan,nan,nan,False,NULL,0.25,NULL,0.0,2.75,5.5,2.75,2.75,NULL,0,2.75,NULL,True
11,0.00018262455314001528,candidate,0,1,830078124.7169385,827037376.500793,0.00031076047416719237,11.117671690411894,0.546505109609674,15.9375,False,refined,0.0,rank_3,0.0018102314175877732,5.7414415175843745,5.682258246626072,3.0,2.6822582466260716,NULL,0,3.0,NULL,False
11,0.00018262455314001528,candidate,1,2,1308593749.5537617,1308893931.5100455,0.00029181023474105275,10.675578801360412,-0.546505109609674,25.124999999999996,False,refined,0.034156569350604626,rank_2,0.01703546228297728,5.701504571742222,5.682258246626072,3.0,2.6822582466260716,NULL,0,3.0,NULL,False
11,0.00018262455314001528,candidate,2,3,2968749998.987639,2971429127.222292,0.000275134979304034,10.15173117284327,-1.0575993495525804,57.00000000000001,False,refined,0.06609995934703627,rank_1,0.1161582872790354,5.682258246626072,5.682258246626072,3.0,2.6822582466260716,NULL,0,3.0,NULL,False
11,0.00018262455314001528,candidate,3,4,1035156249.6470056,1031581060.3238628,0.0002336365429606735,8.639971611893422,-2.477700078518472,19.875,False,refined,0.3588605131233912,NULL,3.0,6.108860513123391,5.682258246626072,3.0,2.6822582466260716,NULL,0,3.0,NULL,False
11,0.00018262455314001528,candidate,4,5,3466796873.817802,3466108766.8842196,0.00023089223573851482,8.588856018649631,-2.580328927682416,66.5625,False,refined,0.37294215518270635,NULL,3.0,6.122942155182706,5.682258246626072,3.0,2.6822582466260716,NULL,0,3.0,NULL,False
11,0.00018262455314001528,NULL,5,0,nan,nan,nan,nan,nan,nan,False,NULL,0.25,NULL,0.0,3.0,5.682258246626072,3.0,2.6822582466260716,NULL,0,3.0,NULL,True
12,0.00018262775314001637,candidate,0,1,507812499.82683295,506165055.7712353,0.0002647240006890366,8.704187597228481,0.09079967026651481,9.75,False,refined,0.19437186041572785,NULL,3.0,6.194371860415728,5.993757267100844,3.25,2.743757267100844,NULL,0,3.25,NULL,False
12,0.00018262775314001637,candidate,1,2,800781249.7269288,804398510.1572804,0.00026197107006025426,8.697407045380867,-0.09079967026651481,15.374999999999998,False,refined,0.2010639225845271,rank_1,0.05125182693194246,5.993757267100844,5.993757267100844,3.25,2.743757267100844,NULL,0,3.25,NULL,False
12,0.00018262775314001637,candidate,2,3,3857421873.6845965,3859220217.1975684,0.0002539830748890009,8.312349922607742,-0.3597708161161961,74.0625,False,refined,0.2756331876161009,NULL,3.0,6.275633187616101,5.993757267100844,3.25,2.743757267100844,NULL,0,3.25,NULL,False
12,0.00018262775314001637,candidate,3,4,1289062499.5604222,1293569870.265792,0.00024125874846385754,7.8511032401673475,-0.806204939530426,24.75,False,refined,0.3727223226955495,rank_2,0.02348268530176363,6.0977095797395355,5.993757267100844,3.25,2.743757267100844,NULL,0,3.25,NULL,False
12,0.00018262775314001637,candidate,4,5,4121093748.5946827,4120076277.7430887,0.0002353515658173138,7.627908529530005,-1.0215245099660386,79.125,False,refined,0.4196590024433766,NULL,3.0,6.419659002443376,5.993757267100844,3.25,2.743757267100844,NULL,0,3.25,NULL,False
12,0.00018262775314001637,NULL,5,0,nan,nan,nan,nan,nan,nan,False,NULL,0.25,NULL,0.0,3.25,5.993757267100844,3.25,2.743757267100844,NULL,0,3.25,NULL,True
13,0.00018263095314001747,candidate,0,1,732421874.7502398,734465773.6248555,0.00032119631090823936,9.191711518696648,0.7971166182596701,14.0625,False,refined,0.1212432721955028,NULL,3.0,6.371243272195503,6.371243272195503,3.5,2.8712432721955032,NULL,0,3.5,NULL,False
13,0.00018263095314001747,candidate,1,2,4130859373.5913525,4127607424.041798,0.00029303177625995467,8.151163396129899,-0.7971166182596701,79.3125,False,refined,0.3271452792217445,NULL,3.0,6.577145279221744,6.371243272195503,3.5,2.8712432721955032,NULL,0,3.5,NULL,False
13,0.00018263095314001747,candidate,2,3,5517578123.118473,5515999596.025183,0.0002775162429421193,7.814828279695982,-1.2696428245925429,105.9375,False,refined,0.4071284345826366,NULL,3.0,6.657128434582637,6.371243272195503,3.5,2.8712432721955032,NULL,0,3.5,NULL,False
13,0.00018263095314001747,candidate,3,4,2021484374.3106618,2019400521.127123,0.0002534889321347092,7.002954267141934,-2.0562309338771367,38.8125,False,refined,0.5780712932960309,NULL,3.0,6.828071293296031,6.371243272195503,3.5,2.8712432721955032,NULL,0,3.5,NULL,False
13,0.00018263095314001747,candidate,4,5,3857421873.6845965,3859452133.872877,0.0002477948803986669,6.866912604344035,-2.2535643845515807,74.0625,False,refined,0.6108108833828685,NULL,3.0,6.860810883382868,6.371243272195503,3.5,2.8712432721955032,NULL,0,3.5,NULL,False
13,0.00018263095314001747,NULL,5,0,nan,nan,nan,nan,nan,nan,False,NULL,0.25,NULL,0.0,3.5,6.371243272195503,3.5,2.8712432721955032,NULL,0,3.5,NULL,True
14,0.00018263415314001856,candidate,0,1,4130859373.5913525,4129705302.4983644,0.00030911384025215764,8.525282317757616,0.21063915517973264,79.3125,False,refined,0.22120765233635753,NULL,3.0,6.721207652336357,6.630465850307144,3.75,2.880465850307144,NULL,0,3.75,NULL,False
14,0.00018263415314001856,candidate,1,2,1621093749.4471974,1625698396.186023,0.0003017077685745858,8.571120649555661,-0.21063915517973264,31.125,False,refined,0.2274968497653841,NULL,3.0,6.727496849765384,6.630465850307144,3.75,2.880465850307144,NULL,0,3.75,NULL,False
14,0.00018263415314001856,candidate,2,3,722656249.75357,723913487.7436408,0.00030102570403534983,8.442040552420158,-0.23029739588441345,13.875,False,refined,0.24808750437975213,rank_1,0.011135073731888389,6.630465850307144,6.630465850307144,3.75,2.880465850307144,NULL,0,3.75,NULL,False
14,0.00018263415314001856,candidate,3,4,5517578123.118473,5513505003.613057,0.00029568670350369744,8.286604847171892,-0.3857331011326792,105.9375,False,refined,0.2811175917450086,NULL,3.0,6.781117591745009,6.630465850307144,3.75,2.880465850307144,NULL,0,3.75,NULL,False
14,0.00018263415314001856,candidate,4,5,3115234373.937687,3117664156.2123137,0.00026172062264918694,7.29866601818534,-1.4456101148805978,59.81250000000001,False,refined,0.4955507294522363,NULL,3.0,6.995550729452236,6.630465850307144,3.75,2.880465850307144,NULL,0,3.75,NULL,False
14,0.00018263415314001856,NULL,5,0,nan,nan,nan,nan,nan,nan,False,NULL,0.25,NULL,0.0,3.75,6.630465850307144,3.75,2.880465850307144,NULL,0,3.75,NULL,True
15,0.00018263735314001965,candidate,0,1,1621093749.4471974,1623022828.2753127,0.0003200421902516574,8.704176638762648,1.5674285697079604,31.125,False,refined,0.19437350418560273,rank_2,0.0007158663644822866,6.922586220315468,6.922586220315468,4.0,2.922586220315468,NULL,0,4.0,NULL,False
15,0.00018263735314001965,candidate,1,2,5546874998.108483,5547066412.601073,0.00026719960107867574,7.180300949673741,-1.5674285697079604,106.5,False,refined,0.5209191431556863,NULL,3.0,7.2709191431556865,6.922586220315468,4.0,2.922586220315468,NULL,0,4.0,NULL,False
15,0.00018263735314001965,candidate,2,3,4150390623.5846925,4148265162.0486803,0.0002612334758337214,6.849950689932367,-1.7635680989671787,79.6875,False,refined,0.5827304026955936,NULL,3.0,7.332730402695594,6.922586220315468,4.0,2.922586220315468,NULL,0,4.0,NULL,False
15,0.00018263735314001965,candidate,3,4,1992187499.3206522,1994372476.729071,0.00025676713829363417,6.684177379776077,-1.913355861015198,38.25,False,refined,0.6169581343470383,NULL,3.0,7.366958134347039,6.922586220315468,4.0,2.922586220315468,NULL,0,4.0,NULL,False
15,0.00018263735314001965,candidate,4,5,419921874.8568042,417059132.9722152,0.00025415695856299776,6.5790649875086515,-2.0021045830144857,8.0625,False,refined,0.6382717883121076,NULL,3.0,7.388271788312108,6.922586220315468,4.0,2.922586220315468,NULL,0,4.0,NULL,False
15,0.00018263735314001965,NULL,5,0,nan,nan,nan,nan,nan,nan,False,NULL,0.25,NULL,0.0,4.0,6.922586220315468,4.0,2.922586220315468,NULL,0,4.0,NULL,True
16,0.00018264055314002074,candidate,0,1,5693359373.058531,5691690671.380303,0.00026264391518448333,7.32290109759596,0.09174258276209102,109.3125,False,refined,0.40156483536060605,NULL,3.0,7.401564835360606,7.401564835360606,4.25,3.151564835360606,NULL,0,4.25,NULL,False
16,0.00018264055314002074,candidate,1,2,5566406248.101823,5564756333.755324,0.0002598844021276977,7.2239662391506965,-0.09174258276209102,106.875,False,refined,0.4221389755500262,NULL,3.0,7.422138975550026,7.401564835360606,4.25,3.151564835360606,NULL,0,4.25,NULL,False
16,0.00018264055314002074,candidate,2,3,2841796874.0309305,2838882908.0856514,0.0002467182312800061,6.779579081851184,-0.543322015744776,54.5625,False,refined,0.517020763706371,NULL,3.0,7.517020763706371,7.401564835360606,4.25,3.151564835360606,NULL,0,4.25,NULL,False
16,0.00018264055314002074,candidate,3,4,1640624999.4405372,1638697843.894635,0.0002461221248291807,6.734973116026293,-0.564333758412241,31.5,False,refined,0.5250248924968212,rank_1,0.024570611466599807,7.472181724278889,7.401564835360606,4.25,3.151564835360606,NULL,0,4.25,NULL,False
16,0.00018264055314002074,candidate,4,5,5205078123.225038,5209371856.237217,0.00023100841304195035,6.208110156256126,-1.1147909413398338,99.9375,False,refined,0.6384579103953207,NULL,3.0,7.638457910395321,7.401564835360606,4.25,3.151564835360606,NULL,0,4.25,NULL,False
16,0.00018264055314002074,NULL,5,0,nan,nan,nan,nan,nan,nan,False,NULL,0.25,NULL,0.0,4.25,7.401564835360606,4.25,3.151564835360606,NULL,0,4.25,NULL,True
17,0.00018264375314002183,candidate,0,1,4580078123.438167,4583816307.885464,0.0002657878587341542,7.577351801948895,0.47400900391692424,87.9375,False,refined,0.36339722970766575,NULL,3.0,7.613397229707665,7.613397229707665,4.5,3.1133972297076653,NULL,0,4.5,NULL,False
17,0.00018264375314002183,candidate,1,2,5703124998.055201,5700914607.0005,0.0002516718770097455,7.075992063443053,-0.47400900391692424,109.5,False,refined,0.46822675322834983,NULL,3.0,7.7182267532283495,7.613397229707665,4.5,3.1133972297076653,NULL,0,4.5,NULL,False
17,0.00018264375314002183,candidate,2,3,498046874.83016306,498381599.31661886,0.0002512828975385189,7.137876894002293,-0.4874441420372566,9.5625,False,refined,0.4597837247769846,NULL,3.0,7.709783724776985,7.613397229707665,4.5,3.1133972297076653,NULL,0,4.5,NULL,False
17,0.00018264375314002183,candidate,3,4,5205078123.225038,5200218391.596557,0.0002497256208347033,7.124618311948092,-0.5414407375070507,99.9375,False,refined,0.46514729930197685,NULL,3.0,7.715147299301977,7.613397229707665,4.5,3.1133972297076653,NULL,0,4.5,NULL,False
17,0.00018264375314002183,candidate,4,5,2861328124.02427,2856855893.070872,0.00024244239744610795,6.751469699655903,-0.798531367704074,54.93749999999999,False,refined,0.5371877555331191,NULL,3.0,7.787187755533119,7.613397229707665,4.5,3.1133972297076653,NULL,0,4.5,NULL,False
17,0.00018264375314002183,NULL,5,0,nan,nan,nan,nan,nan,nan,False,NULL,0.25,NULL,0.0,4.5,7.613397229707665,4.5,3.1133972297076653,NULL,0,4.5,NULL,True
18,0.00018264695314002292,candidate,0,1,4609374998.428176,4604811607.294022,0.000325524056581205,9.981111818189943,1.4635507216707122,88.5,False,refined,0.002833227271508587,NULL,3.0,7.502833227271509,7.502833227271509,4.75,2.752833227271509,NULL,0,4.75,NULL,False
18,0.00018264695314002292,candidate,1,2,624999999.7868713,621977175.5616394,0.00027504613898953807,8.479508912243379,-1.4635507216707122,12.0,False,refined,0.3195455832679127,NULL,3.0,7.819545583267913,7.502833227271509,4.75,2.752833227271509,NULL,0,4.75,NULL,False
18,0.00018264695314002292,candidate,2,3,3017578123.9709883,3019801493.036621,0.0002546734633744017,7.931992801519208,-2.1319878898440425,57.93750000000001,False,refined,0.4434503228873715,NULL,3.0,7.943450322887371,7.502833227271509,4.75,2.752833227271509,NULL,0,4.75,NULL,False
18,0.00018264695314002292,candidate,3,4,2871093749.0209403,2874042681.375043,0.00023993684931950348,7.245268709308101,-2.649722744327283,55.125,False,refined,0.57881736512424,NULL,3.0,8.07881736512424,7.502833227271509,4.75,2.752833227271509,NULL,0,4.75,NULL,False
18,0.00018264695314002292,candidate,4,5,1679687499.4272168,1680159999.2716508,0.00022277711671069245,6.745540388550051,-3.294250202544058,32.25,False,refined,0.694059579376496,NULL,3.0,8.194059579376496,7.502833227271509,4.75,2.752833227271509,NULL,0,4.75,NULL,False
18,0.00018264695314002292,NULL,5,0,nan,nan,nan,nan,nan,nan,False,NULL,0.25,NULL,0.0,4.75,7.502833227271509,4.75,2.752833227271509,NULL,0,4.75,NULL,True
19,0.000182650153140024,candidate,0,1,4628906248.421515,4630237368.037016,0.0003313441567477243,9.870656107126594,1.2229488123346233,88.875,False,refined,0.01940158393101088,rank_1,0.06464693093599905,7.5868817421385195,7.5868817421385195,5.0,2.5868817421385195,NULL,0,5.0,NULL,False
19,0.000182650153140024,candidate,1,2,624999999.7868713,621411019.1164235,0.0002878272283201293,8.589612343261237,-1.2229488123346233,12.0,False,refined,0.2879924492817284,NULL,3.0,8.03799244928173,7.5868817421385195,5.0,2.5868817421385195,NULL,0,5.0,NULL,False
19,0.000182650153140024,candidate,2,3,5751953123.03855,5753005404.976238,0.0002477254256505577,7.252454776085617,-2.5261746582028977,110.4375,False,refined,0.5700176997248385,NULL,3.0,8.320017699724838,7.5868817421385195,5.0,2.5868817421385195,NULL,0,5.0,NULL,False
19,0.000182650153140024,candidate,3,4,2880859374.01761,2883275265.915218,0.0002383616771555789,6.932247039742689,-2.860857673529935,55.3125,False,refined,0.6389665486342175,NULL,3.0,8.388966548634217,7.5868817421385195,5.0,2.5868817421385195,NULL,0,5.0,NULL,False
19,0.000182650153140024,candidate,4,5,5537109373.111813,5535530898.513969,0.00022499673577548008,6.4120151868049025,-3.3620619749395875,106.31249999999999,False,refined,0.7483265954129888,NULL,3.0,8.498326595412989,7.5868817421385195,5.0,2.5868817421385195,NULL,0,5.0,NULL,False
19,0.000182650153140024,NULL,5,0,nan,nan,nan,nan,nan,nan,False,NULL,0.25,NULL,0.0,5.0,7.5868817421385195,5.0,2.5868817421385195,NULL,0,5.0,NULL,True
20,0.0001826533531400251,candidate,0,1,5761718748.03522,5761543306.407516,0.0002570832171295105,7.064802455508605,0.2573595367050707,110.625,False,refined,0.4402796316737092,NULL,3.0,8.44027963167371,8.394558129010738,5.25,3.144558129010738,NULL,0,5.25,NULL,False
20,0.0001826533531400251,candidate,1,2,3242187498.894395,3245703765.413467,0.00024957768336562587,6.791880877782912,-0.2573595367050707,62.25,False,refined,0.4973028393766301,NULL,3.0,8.49730283937663,8.394558129010738,5.25,3.144558129010738,NULL,0,5.25,NULL,False
20,0.0001826533531400251,candidate,2,3,615234374.7902014,619427073.243534,0.0002372380058321441,6.351451190102759,-0.6977892243852235,11.8125,False,refined,0.5908941480086626,NULL,3.0,8.590894148008662,8.394558129010738,5.25,3.144558129010738,NULL,0,5.25,NULL,False
20,0.0001826533531400251,candidate,3,4,5537109373.111813,5535819864.022937,0.00022631161999735885,5.903303816881849,-1.1073374517439394,106.31249999999999,False,refined,0.6837130182017189,NULL,3.0,8.683713018201718,8.394558129010738,5.25,3.144558129010738,NULL,0,5.25,NULL,False
20,0.0001826533531400251,candidate,4,5,4638671873.418185,4643114286.856539,0.00021237321140962838,5.4174840440256045,-1.6594798343616013,89.0625,False,refined,0.7910948830437594,rank_1,0.0165815038284582,8.394558129010738,8.394558129010738,5.25,3.144558129010738,NULL,0,5.25,NULL,False
20,0.0001826533531400251,NULL,5,0,nan,nan,nan,nan,nan,nan,False,NULL,0.25,NULL,0.0,5.25,8.394558129010738,5.25,3.144558129010738,NULL,0,5.25,NULL,True
21,0.0001826565531400262,candidate,0,1,3261718748.887735,3263483245.1212225,0.0002678620362464656,7.8237101551934,0.3451008604399064,62.62500000000001,False,refined,0.32644347672099006,NULL,3.0,8.57644347672099,8.57644347672099,5.5,3.076443476720989,NULL,0,5.5,NULL,False
21,0.0001826565531400262,candidate,1,2,1923828124.3439631,1924163608.9268801,0.00025742820173088035,7.610334678225383,-0.3451008604399064,36.9375,False,refined,0.38001860204368665,NULL,3.0,8.630018602043688,8.57644347672099,5.5,3.076443476720989,NULL,0,5.5,NULL,False
21,0.0001826565531400262,candidate,2,3,4306640623.53141,4308455461.494135,0.0002459075516752207,7.201917741129806,-0.7427860016532595,82.6875,False,refined,0.46613646393385777,NULL,3.0,8.716136463933857,8.57644347672099,5.5,3.076443476720989,NULL,0,5.5,NULL,False
21,0.0001826565531400262,candidate,3,4,3701171873.737879,3700147417.7545433,0.00024368497738034444,7.024912403483725,-0.8216481840132861,71.0625,False,refined,0.4976161509782716,NULL,3.0,8.747616150978272,8.57644347672099,5.5,3.076443476720989,NULL,0,5.5,NULL,False
21,0.0001826565531400262,candidate,4,5,1796874999.387255,1795274035.5649264,0.00022448378714384835,6.2891864459858215,-1.534523709207578,34.5,False,refined,0.6525297649276004,NULL,3.0,8.9025297649276,8.57644347672099,5.5,3.076443476720989,NULL,0,5.5,NULL,False
21,0.0001826565531400262,NULL,5,0,nan,nan,nan,nan,nan,nan,False,NULL,0.25,NULL,0.0,5.5,8.57644347672099,5.5,3.076443476720989,NULL,0,5.5,NULL,True
22,0.00018265975314002729,candidate,0,1,1923828124.3439631,1922556683.263889,0.00028737606664789336,8.570688306317198,0.6412883547168136,36.9375,False,refined,0.2143967540524203,NULL,3.0,8.71439675405242,8.71439675405242,5.75,2.9643967540524194,NULL,0,5.75,NULL,False
22,0.00018265975314002729,candidate,1,2,3291015623.877744,3288553838.630996,0.0002669231113551998,7.83735152281702,-0.6412883547168136,63.1875,False,refined,0.36447779374724787,NULL,3.0,8.864477793747248,8.71439675405242,5.75,2.9643967540524194,NULL,0,5.75,NULL,False
22,0.00018265975314002729,candidate,2,3,3876953123.677936,3875742681.1150837,0.0002658543757052171,7.744300650333509,-0.6761356693452569,74.4375,False,refined,0.38061338178405224,NULL,3.0,8.880613381784052,8.71439675405242,5.75,2.9643967540524194,NULL,0,5.75,NULL,False
22,0.00018265975314002729,candidate,3,4,3681640623.744539,3682006192.230366,0.00025839195713450464,7.557160799955973,-0.9234320964707887,70.6875,False,refined,0.4241403860360283,NULL,3.0,8.924140386036028,8.71439675405242,5.75,2.9643967540524194,NULL,0,5.75,NULL,False
22,0.00018265975314002729,candidate,4,5,556640624.8101822,554619241.0879192,0.00025342710649478925,7.356577496867445,-1.091950623802047,10.687499999999998,False,refined,0.46476028945751124,NULL,3.0,8.96476028945751,8.71439675405242,5.75,2.9643967540524194,NULL,0,5.75,NULL,False
22,0.00018265975314002729,NULL,5,0,nan,nan,nan,nan,nan,nan,False,NULL,0.25,NULL,0.0,5.75,8.71439675405242,5.75,2.9643967540524194,NULL,0,5.75,NULL,True
23,0.00018266295314002838,candidate,0,1,976562499.6669865,977017703.7615142,0.0002963123738820686,8.461859444264475,0.4962839883795933,18.75,False,refined,0.23072108336032882,NULL,3.0,8.98072108336033,8.98072108336033,6.0,2.9807210833603293,NULL,0,6.0,NULL,False
23,0.00018266295314002838,candidate,1,2,1884765624.3572838,1885401145.6485853,0.0002798566224553085,7.990863028001387,-0.4962839883795933,36.1875,False,refined,0.3323882950735165,NULL,3.0,9.082388295073516,8.98072108336033,6.0,2.9807210833603293,NULL,0,6.0,NULL,False
23,0.00018266295314002838,candidate,2,3,3310546873.871084,3307732178.0143666,0.00027376830447376274,7.600099279302519,-0.6873324310610052,63.56250000000001,False,refined,0.40294338504593497,NULL,3.0,9.152943385045935,8.98072108336033,6.0,2.9807210833603293,NULL,0,6.0,NULL,False
23,0.00018266295314002838,candidate,3,4,3623046873.7645197,3626820444.6186366,0.0002639041184891152,7.481074617550538,-1.006072398830442,69.5625,False,refined,0.4407183322943219,NULL,3.0,9.190718332294322,8.98072108336033,6.0,2.9807210833603293,NULL,0,6.0,NULL,False
23,0.00018266295314002838,candidate,4,5,703124999.7602302,702825261.9993278,0.00025780962518240705,7.2647183540760185,-1.2090132069544168,13.499999999999998,False,refined,0.4858555723232483,NULL,3.0,9.23585557232325,8.98072108336033,6.0,2.9807210833603293,NULL,0,6.0,NULL,False
23,0.00018266295314002838,NULL,5,0,nan,nan,nan,nan,nan,nan,False,NULL,0.25,NULL,0.0,6.0,8.98072108336033,6.0,2.9807210833603293,NULL,0,6.0,NULL,True
24,0.00018266615314002947,candidate,0,1,1191406249.5937235,1195689274.6961508,0.00033557749801728474,9.369930966680355,1.2825308007944347,22.875,False,refined,0.09451035499794669,NULL,3.0,9.094510354997947,9.094510354997947,6.25,2.844510354997947,NULL,0,6.25,NULL,False
24,0.00018266615314002947,candidate,1,2,957031249.6736467,957401319.4452277,0.00028951181478332897,8.0394136761866,-1.2825308007944347,18.375,False,refined,0.3742461236216622,NULL,3.0,9.374246123621662,9.094510354997947,6.25,2.844510354997947,NULL,0,6.25,NULL,False
24,0.00018266615314002947,candidate,2,3,3310546873.871084,3314224449.876943,0.0002695029907567859,7.405765594178533,-1.904584853684037,63.56250000000001,False,refined,0.5081717142284724,NULL,3.0,9.508171714228473,9.094510354997947,6.25,2.844510354997947,NULL,0,6.25,NULL,False
24,0.00018266615314002947,candidate,3,4,1855468749.3672743,1852036473.9454043,0.0002426063933295128,6.547985873204336,-2.8178118045090628,35.625,False,refined,0.693915356801166,NULL,3.0,9.693915356801167,9.094510354997947,6.25,2.844510354997947,NULL,0,6.25,NULL,False
24,0.00018266615314002947,candidate,4,5,4707031248.394875,4703829641.805412,0.00023094746586043393,6.076351866017751,-3.2455926109632838,90.375,False,refined,0.7913967582825426,NULL,3.0,9.791396758282543,9.094510354997947,6.25,2.844510354997947,NULL,0,6.25,NULL,False
24,0.00018266615314002947,NULL,5,0,nan,nan,nan,nan,nan,nan,False,NULL,0.25,NULL,0.0,6.25,9.094510354997947,6.25,2.844510354997947,NULL,0,6.25,NULL,True
25,0.00018266935314003056,candidate,0,1,1210937499.587063,1212988236.229284,0.00033205691390911343,9.498016330178318,1.7089618181439814,23.249999999999996,False,refined,0.07529755047325226,rank_1,0.029925407012482457,9.199733312483682,9.199733312483682,6.5,2.6997333124836818,NULL,0,6.5,NULL,False
25,0.00018266935314003056,candidate,1,2,4033203123.624654,4033336192.957631,0.00027274979723791,7.718647597032202,-1.7089618181439814,77.4375,False,refined,0.4490129740791685,NULL,3.0,9.699012974079169,9.199733312483682,6.5,2.6997333124836818,NULL,0,6.5,NULL,False
25,0.00018266935314003056,candidate,2,3,3339843748.8610935,3338375787.15812,0.00026184098003352493,7.4604031785069225,-2.0634981901584926,64.125,False,refined,0.5099081601088674,NULL,3.0,9.759908160108868,9.199733312483682,6.5,2.6997333124836818,NULL,0,6.5,NULL,False
25,0.00018266935314003056,candidate,3,4,4990234373.298301,4985769308.518162,0.00026131176005338125,7.249748411768113,-2.0810714438473443,95.8125,False,refined,0.542604703475242,NULL,3.0,9.792604703475241,9.199733312483682,6.5,2.6997333124836818,NULL,0,6.5,NULL,False
25,0.00018266935314003056,candidate,4,5,937499999.6803069,935597398.7077413,0.00025679303851460124,7.098234231889471,-2.2325856237259867,18.0,False,refined,0.5748014666994535,NULL,3.0,9.824801466699453,9.199733312483682,6.5,2.6997333124836818,NULL,0,6.5,NULL,False
25,0.00018266935314003056,NULL,5,0,nan,nan,nan,nan,nan,nan,False,NULL,0.25,NULL,0.0,6.5,9.199733312483682,6.5,2.6997333124836818,NULL,0,6.5,NULL,True
26,0.00018267255314003165,candidate,0,1,4033203123.624654,4032838971.252321,0.00029859333610709647,8.704874894751393,0.0583088121732267,77.4375,False,refined,0.19426876578729102,NULL,3.0,9.69426876578729,9.69426876578729,6.75,2.9442687657872906,NULL,0,6.75,NULL,False
26,0.00018267255314003165,candidate,1,2,4999999998.2949705,4997059728.491342,0.00029659557711725554,8.646566082578167,-0.0583088121732267,96.0,False,refined,0.2066593883741017,NULL,3.0,9.706659388374101,9.69426876578729,6.75,2.9442687657872906,NULL,0,6.75,NULL,False
26,0.00018267255314003165,candidate,2,3,2265624999.2274084,2265090286.0737495,0.00027195383226101804,7.8931763350545125,-0.8116985596968807,43.5,False,refined,0.36675470972287816,NULL,3.0,9.866754709722878,9.69426876578729,6.75,2.9442687657872906,NULL,0,6.75,NULL,False
26,0.00018267255314003165,candidate,3,4,1240234374.5770729,1235839923.636461,0.0002526872490176343,7.246618872278043,-1.4499356752769543,23.8125,False,refined,0.5036281488631031,rank_1,0.05221996173553305,9.755581423082319,9.69426876578729,6.75,2.9442687657872906,NULL,0,6.75,NULL,False
26,0.00018267255314003165,candidate,4,5,5566406248.101823,5564613145.884159,0.0002518426269412774,7.21675038695424,-1.4790174059894667,106.875,False,refined,0.5099260298312056,NULL,3.0,10.009926029831206,9.69426876578729,6.75,2.9442687657872906,NULL,0,6.75,NULL,False
26,0.00018267255314003165,NULL,5,0,nan,nan,nan,nan,nan,nan,False,NULL,0.25,NULL,0.0,6.75,9.69426876578729,6.75,2.9442687657872906,NULL,0,6.75,NULL,True
27,0.00018267575314003274,candidate,0,1,2255859374.2307386,2259388617.5057836,0.0003898397188341227,12.099634343240684,2.8721666899867593,43.3125,False,refined,0.0,NULL,3.0,9.75,9.75,7.0,2.75,NULL,0,7.0,NULL,False
27,0.00018267575314003274,candidate,1,2,4042968748.6213236,4040627189.8089848,0.0002800771965271292,9.096082725106527,-2.8721666899867593,77.625,False,refined,0.31509800935819343,rank_1,0.006065634828636531,10.015432409974121,9.75,7.0,2.75,NULL,0,7.0,NULL,False
27,0.00018267575314003274,candidate,2,3,449218749.84681374,445707710.74715704,0.00027913520497945915,9.198204917520796,-2.901429425719888,8.625,False,refined,0.30160860147937363,NULL,3.0,10.051608601479373,9.75,7.0,2.75,NULL,0,7.0,NULL,False
27,0.00018267575314003274,candidate,3,4,4999999998.2949705,5001623732.632695,0.00027601113065606566,9.100444563166308,-2.999189780074376,96.0,False,refined,0.32238267677970234,rank_2,0.0020830133802292876,10.031125078534032,9.75,7.0,2.75,NULL,0,7.0,NULL,False
27,0.00018267575314003274,candidate,4,5,5234374998.215047,5238035943.627899,0.00022896747887835606,7.487503125329784,-4.622245658433197,100.49999999999999,False,refined,0.6657648848526072,NULL,3.0,10.415764884852607,9.75,7.0,2.75,NULL,0,7.0,NULL,False
27,0.00018267575314003274,NULL,5,0,nan,nan,nan,nan,nan,nan,False,NULL,0.25,NULL,0.0,7.0,9.75,7.0,2.75,NULL,0,7.0,NULL,True
28,0.00018267895314003383,candidate,0,1,2255859374.2307386,2255885055.085483,0.0003957322054807447,12.854687693757176,2.7992913769049466,43.3125,False,refined,0.0,rank_1,0.0012274949632941783,9.751227494963294,9.751227494963294,7.25,2.5012274949632936,NULL,0,7.25,NULL,False
28,0.00018267895314003383,candidate,1,2,1513671874.483829,1514872979.3912401,0.0002867060296652691,9.968893460271735,-2.7992913769049466,29.0625,False,refined,0.17962169201579892,NULL,3.0,10.179621692015798,9.751227494963294,7.25,2.5012274949632936,NULL,0,7.25,NULL,False
28,0.00018267895314003383,candidate,2,3,439453124.8501439,438327033.5354199,0.00027549696662083624,9.663651607830914,-3.145691481538675,8.4375,False,refined,0.24705797642153005,NULL,3.0,10.24705797642153,9.751227494963294,7.25,2.5012274949632936,NULL,0,7.25,NULL,False
28,0.00018267895314003383,candidate,3,4,3183593748.914376,3179129386.1525235,0.00023877000649453033,8.420910604849627,-4.388432484519962,61.125,False,refined,0.5111404395550535,NULL,3.0,10.511140439555053,9.751227494963294,7.25,2.5012274949632936,NULL,0,7.25,NULL,False
28,0.00018267895314003383,candidate,4,5,4042968748.6213236,4042696292.2933397,0.00023041181800870683,7.973644515551461,-4.697932896447288,77.625,False,refined,0.5975741286952363,NULL,3.0,10.597574128695236,9.751227494963294,7.25,2.5012274949632936,NULL,0,7.25,NULL,False
28,0.00018267895314003383,NULL,5,0,nan,nan,nan,nan,nan,nan,False,NULL,0.25,NULL,0.0,7.25,9.751227494963294,7.25,2.5012274949632936,NULL,0,7.25,NULL,True
29,0.00018268215314003492,candidate,0,1,2246093749.234069,2246263275.7030663,0.00033580003077697334,11.03966887696786,1.3116639452127288,43.125,False,refined,0.0,rank_1,0.009257863848389959,9.760485358811684,9.760485358811684,7.5,2.2604853588116836,NULL,0,7.5,NULL,False
29,0.00018268215314003492,candidate,1,2,996093749.6603261,1000421755.3083075,0.0002887337386633845,9.786915147943711,-1.3116639452127288,19.125,False,refined,0.11394172438423888,NULL,3.0,10.363941724384238,9.760485358811684,7.5,2.2604853588116836,NULL,0,7.5,NULL,False
29,0.00018268215314003492,candidate,2,3,3173828123.917706,3174022114.858541,0.0002568758734658998,8.712520564293245,-2.327148312674616,60.9375,False,refined,0.3385686848981768,NULL,3.0,10.588568684898178,9.760485358811684,7.5,2.2604853588116836,NULL,0,7.5,NULL,False
29,0.00018268215314003492,candidate,3,4,1513671874.483829,1508802350.6193717,0.00025236806253084497,8.617652332676142,-2.4809267604802976,29.0625,False,refined,0.36241007262859726,rank_2,0.0036852533685837255,10.54571701801298,9.760485358811684,7.5,2.2604853588116836,NULL,0,7.5,NULL,False
29,0.00018268215314003492,candidate,4,5,4462890623.478128,4462604259.964416,0.0002522787120287987,8.600208451546454,-2.48400253009625,85.68750000000001,False,refined,0.36521889039904754,NULL,3.0,10.615218890399047,9.760485358811684,7.5,2.2604853588116836,NULL,0,7.5,NULL,False
29,0.00018268215314003492,NULL,5,0,nan,nan,nan,nan,nan,nan,False,NULL,0.25,NULL,0.0,7.5,9.760485358811684,7.5,2.2604853588116836,NULL,0,7.5,NULL,True
30,0.00018268535314003602,candidate,0,1,957031249.6736467,961905688.3533679,0.00035701478408750343,10.141283337197002,1.3103567567245822,18.375,False,refined,0.0,NULL,3.0,10.5,10.030633358543145,7.75,2.2806333585431453,NULL,0,7.75,NULL,False
30,0.00018268535314003602,candidate,1,2,2255859374.2307386,2255362027.120128,0.00030702119865755567,8.800186835325157,-1.3103567567245822,43.3125,False,refined,0.2618692719965129,rank_1,0.008278727734948421,10.030633358543145,10.030633358543145,7.75,2.2806333585431453,NULL,0,7.75,NULL,False
30,0.00018268535314003602,candidate,2,3,1162109374.6037138,1161970199.2395627,0.0002672506845848994,7.625935849528895,-2.515347487668107,22.312499999999996,False,refined,0.5133188405499224,NULL,3.0,11.013318840549923,10.030633358543145,7.75,2.2806333585431453,NULL,0,7.75,NULL,False
30,0.00018268535314003602,candidate,3,4,4433593748.488118,4430444160.951496,0.00026098261845497304,7.403521912615121,-2.7214923325804996,85.125,False,refined,0.5595649838940131,NULL,3.0,11.059564983894013,10.030633358543145,7.75,2.2806333585431453,NULL,0,7.75,NULL,False
30,0.00018268535314003602,candidate,4,5,2929687499.0009594,2927294242.7841344,0.00023083940542393318,6.3175339754118465,-3.787525074540943,56.25,False,refined,0.789090220847032,NULL,3.0,11.289090220847031,10.030633358543145,7.75,2.2806333585431453,NULL,0,7.75,NULL,False
30,0.00018268535314003602,NULL,5,0,nan,nan,nan,nan,nan,nan,False,NULL,0.25,NULL,0.0,7.75,10.030633358543145,7.75,2.2806333585431453,NULL,0,7.75,NULL,True
31,0.0001826885531400371,candidate,0,1,957031249.6736467,960456756.5111023,0.00036523256860487033,10.541258479151434,0.47357215994058066,18.375,False,refined,0.0,rank_1,0.00020994034835312026,10.500209940348354,10.142307242805735,8.0,2.1423072428057353,NULL,0,8.0,NULL,False
31,0.0001826885531400371,candidate,1,2,2285156249.2207484,2284010870.7732854,0.00034585247632588006,10.115419031961386,-0.47357215994058066,43.875,False,refined,0.02959825999628629,rank_2,0.08207562426630476,10.142307242805735,10.142307242805735,8.0,2.1423072428057353,NULL,0,8.0,NULL,False
31,0.0001826885531400371,candidate,2,3,2949218748.994299,2951162300.321893,0.00027682391506867187,8.204274155570426,-2.4073178220035185,56.625,False,refined,0.41981624053965605,NULL,3.0,11.169816240539657,10.142307242805735,8.0,2.1423072428057353,NULL,0,8.0,NULL,False
31,0.0001826885531400371,candidate,3,4,1123046874.6170344,1118685844.5326958,0.0002318036218523934,6.622411039244396,-3.948985604313533,21.5625,False,refined,0.7534499443829364,NULL,3.0,11.503449944382936,10.142307242805735,8.0,2.1423072428057353,NULL,0,8.0,NULL,False
31,0.0001826885531400371,candidate,4,5,4824218748.354913,4828528466.006352,0.0002293044427419501,6.528256075717387,-4.043140567840542,92.625,False,refined,0.7734578741324258,NULL,3.0,11.523457874132426,10.142307242805735,8.0,2.1423072428057353,NULL,0,8.0,NULL,False
31,0.0001826885531400371,NULL,5,0,nan,nan,nan,nan,nan,nan,False,NULL,0.25,NULL,0.0,8.0,10.142307242805735,8.0,2.1423072428057353,NULL,0,8.0,NULL,True
32,0.0001826917531400382,candidate,0,1,2988281248.9809785,2985816152.9877276,0.00033886763372480643,9.884885731389828,0.582939282035424,57.375,False,refined,0.017267140291525873,NULL,3.0,11.017267140291526,10.479601656739696,8.25,2.229601656739696,NULL,0,8.25,NULL,False
32,0.0001826917531400382,candidate,1,2,2324218749.2074275,2328848529.960656,0.00031687146076358244,9.334539062223568,-0.582939282035424,44.62499999999999,False,refined,0.1362528457936788,rank_2,0.2010415681402815,10.479601656739696,10.479601656739696,8.25,2.229601656739696,NULL,0,8.25,NULL,False
32,0.0001826917531400382,candidate,2,3,2666015624.090873,2668745706.982851,0.0003142338708681098,9.229343836186814,-0.6555418952030134,51.18749999999999,False,refined,0.15656979302216623,NULL,3.0,11.156569793022166,10.479601656739696,8.25,2.229601656739696,NULL,0,8.25,NULL,False
32,0.0001826917531400382,candidate,3,4,986328124.6636562,981621925.1094415,0.0002721976522921042,8.014564045321535,-1.902914298937457,18.9375,False,refined,0.4167475368853608,rank_1,0.044796436179612376,10.961753913413327,10.479601656739696,8.25,2.229601656739696,NULL,0,8.25,NULL,False
32,0.0001826917531400382,candidate,4,5,4687499998.401535,4688407495.141736,0.0002584938214410094,7.457364417152181,-2.3515984610951346,90.0,False,refined,0.5283702412456187,NULL,3.0,11.528370241245618,10.479601656739696,8.25,2.229601656739696,NULL,0,8.25,NULL,False
32,0.0001826917531400382,NULL,5,0,nan,nan,nan,nan,nan,nan,False,NULL,0.25,NULL,0.0,8.25,10.479601656739696,8.25,2.229601656739696,NULL,0,8.25,NULL,True
33,0.0001826949531400393,candidate,0,1,2666015624.090873,2663441494.3874884,0.0004057870326886805,11.195353629308507,2.568305041540979,51.18749999999999,False,refined,0.0,rank_3,0.002813467125680392,11.159383260147846,11.159383260147846,8.5,2.6593832601478464,NULL,0,8.5,NULL,False
33,0.0001826949531400393,candidate,1,2,4238281248.554721,4242913666.310502,0.0003019137639621839,8.627048587767527,-2.568305041540979,81.375,False,refined,0.3664617769311821,NULL,3.0,11.616461776931182,11.159383260147846,8.5,2.6593832601478464,NULL,0,8.5,NULL,False
33,0.0001826949531400393,candidate,2,3,1728515624.410566,1732423691.0872755,0.00028800981993084776,7.927143361333444,-2.977817379741685,33.1875,False,refined,0.4970420820338387,NULL,3.0,11.747042082033838,11.159383260147846,8.5,2.6593832601478464,NULL,0,8.5,NULL,False
33,0.0001826949531400393,candidate,3,4,2207031249.2473893,2208898858.288485,0.00028312566742710876,7.827917447617798,-3.126378429631629,42.375,False,refined,0.5212110347093071,NULL,3.0,11.771211034709307,11.159383260147846,8.5,2.6593832601478464,NULL,0,8.5,NULL,False
33,0.0001826949531400393,candidate,4,5,1445312499.50714,1448944010.788572,0.0002669084283376134,7.429764888485071,-3.6387175325451615,27.75,False,refined,0.612955112511312,NULL,3.0,11.862955112511312,11.159383260147846,8.5,2.6593832601478464,NULL,0,8.5,NULL,False
33,0.0001826949531400393,NULL,5,0,nan,nan,nan,nan,nan,nan,False,NULL,0.25,NULL,0.0,8.5,11.159383260147846,8.5,2.6593832601478464,NULL,0,8.5,NULL,True
34,0.00018269815314004038,candidate,0,1,2607421874.1108537,2603951032.747268,0.00035237936467191934,9.42178697711813,1.0259741961920632,50.0625,False,refined,0.08673195343228057,NULL,3.0,11.586731953432281,11.586731953432281,8.75,2.836731953432281,NULL,0,8.75,NULL,False
34,0.00018269815314004038,candidate,1,2,2714843749.074222,2713313640.0216217,0.00031312068499857285,8.362494703093466,-1.0259741961920632,52.12499999999999,False,refined,0.30974918179798405,rank_1,0.24872309101522053,11.717855532961051,11.586731953432281,8.75,2.836731953432281,NULL,0,8.75,NULL,False
34,0.00018269815314004038,candidate,2,3,4228515623.558051,4225368395.7665515,0.00031165852296820404,8.225637928807963,-1.066629202161904,81.1875,False,refined,0.33281863581392457,NULL,3.0,11.832818635813924,11.586731953432281,8.75,2.836731953432281,NULL,0,8.75,NULL,False
34,0.00018269815314004038,candidate,3,4,2041015624.3040016,2044218425.6651444,0.00030290300287172704,8.002316118267299,-1.3141377883023697,39.1875,False,refined,0.3817861940288033,NULL,3.0,11.881786194028804,11.586731953432281,8.75,2.836731953432281,NULL,0,8.75,NULL,False
34,0.00018269815314004038,candidate,4,5,1748046874.4039056,1745470724.3174317,0.000292246208412429,7.778439753770794,-1.6252316570663883,33.5625,False,refined,0.4348110155010302,NULL,3.0,11.93481101550103,11.586731953432281,8.75,2.836731953432281,NULL,0,8.75,NULL,False
34,0.00018269815314004038,NULL,5,0,nan,nan,nan,nan,nan,nan,False,NULL,0.25,NULL,0.0,8.75,11.586731953432281,8.75,2.836731953432281,NULL,0,8.75,NULL,True
35,0.00018270135314004147,candidate,0,1,3417968748.8344526,3417619983.259737,0.00033301696126657626,8.824126408616664,0.2128795753336199,65.625,False,refined,0.17638103870750044,NULL,3.0,11.9263810387075,11.9263810387075,9.0,2.9263810387075004,NULL,0,9.0,NULL,False
35,0.00018270135314004147,candidate,1,2,2021484374.3106618,2022047450.740706,0.00032495436483541526,8.74671757547322,-0.2128795753336199,38.8125,False,refined,0.2012973371373683,NULL,3.0,11.951297337137369,11.9263810387075,9.0,2.9263810387075004,NULL,0,9.0,NULL,False
35,0.00018270135314004147,candidate,2,3,2568359374.124174,2572456268.4273295,0.000317739711614548,8.490103797708306,-0.40789713165227504,49.31249999999999,False,refined,0.2519780010720213,rank_1,0.09919201795684814,11.937901972461152,11.9263810387075,9.0,2.9263810387075004,NULL,0,9.0,NULL,False
35,0.00018270135314004147,candidate,3,4,5224609373.218377,5223441638.1119995,0.0002829667345709011,7.430004901220553,-1.4146194107221088,100.3125,False,refined,0.4739129779870489,NULL,3.0,12.223912977987048,11.9263810387075,9.0,2.9263810387075004,NULL,0,9.0,NULL,False
35,0.00018270135314004147,candidate,4,5,3955078123.651295,3959142116.3683357,0.00028208737485284363,7.382472321031006,-1.4416540875856576,75.9375,False,refined,0.4827325323194527,NULL,3.0,12.232732532319453,11.9263810387075,9.0,2.9263810387075004,NULL,0,9.0,NULL,False
35,0.00018270135314004147,NULL,5,0,nan,nan,nan,nan,nan,nan,False,NULL,0.25,NULL,0.0,9.0,11.9263810387075,9.0,2.9263810387075004,NULL,0,9.0,NULL,True
36,0.00018270455314004256,candidate,0,1,2001953124.3173223,2001397253.7337787,0.0003638238759475882,9.861251187848064,1.1757075848203336,38.4375,False,refined,0.02081232182279047,rank_2,0.04264306364249072,12.01475272260265,12.01475272260265,9.25,2.7647527226026494,NULL,0,9.25,NULL,False
36,0.00018270455314004256,candidate,1,2,3427734373.8311224,3423396934.012523,0.00031776482187617476,8.688139585102519,-1.1757075848203336,65.8125,False,refined,0.270260786285893,rank_1,0.0033373160000116572,12.199979140993406,12.01475272260265,9.25,2.7647527226026494,NULL,0,9.25,NULL,False
36,0.00018270455314004256,candidate,2,3,1826171874.3772647,1822701481.9959018,0.00029874547013040883,8.149453839159762,-1.711797348688302,35.0625,False,refined,0.38456925841905465,NULL,3.0,12.384569258419054,12.01475272260265,9.25,2.7647527226026494,NULL,0,9.25,NULL,False
36,0.00018270455314004256,candidate,3,4,5380859373.165095,5376973991.085985,0.0002899634426938614,7.732390084809344,-1.9709589763749946,103.3125,False,refined,0.46332642330203555,NULL,3.0,12.463326423302036,12.01475272260265,9.25,2.7647527226026494,NULL,0,9.25,NULL,False
36,0.00018270455314004256,candidate,4,5,5839843748.008579,5836270693.501144,0.0002896335668117548,7.880405114857227,-1.9808460729908361,112.125,False,refined,0.44174211233334315,NULL,3.0,12.441742112333344,12.01475272260265,9.25,2.7647527226026494,NULL,0,9.25,NULL,False
36,0.00018270455314004256,NULL,5,0,nan,nan,nan,nan,nan,nan,False,NULL,0.25,NULL,0.0,9.25,12.01475272260265,9.25,2.7647527226026494,NULL,0,9.25,NULL,True
37,0.00018270775314004365,candidate,0,1,5908203122.985268,5912529213.997019,0.0003235677788750304,8.938132317239535,0.870802161613593,113.4375,False,refined,0.15928015241406968,NULL,3.0,12.40928015241407,12.38337072815209,9.5,2.883370728152091,NULL,0,9.5,NULL,False
37,0.00018270775314004365,candidate,1,2,2011718749.313992,2013241650.6299098,0.00029270164259940547,7.998907355564775,-0.870802161613593,38.625,False,refined,0.3545890317661333,rank_1,0.01402897378330786,12.38337072815209,12.38337072815209,9.5,2.883370728152091,NULL,0,9.5,NULL,False
37,0.00018270775314004365,candidate,2,3,1835937499.3739345,1836888922.5421505,0.00028300795352597356,7.776039184923738,-1.163332536203967,35.25,False,refined,0.4063024057741873,NULL,3.0,12.656302405774188,12.38337072815209,9.5,2.883370728152091,NULL,0,9.5,NULL,False
37,0.00018270775314004365,candidate,3,4,5371093748.168426,5370696129.409135,0.0002667875642810749,7.102660046182212,-1.675993713812165,103.125,False,refined,0.5393506001859285,NULL,3.0,12.789350600185928,12.38337072815209,9.5,2.883370728152091,NULL,0,9.5,NULL,False
37,0.00018270775314004365,candidate,4,5,2246093749.234069,2241603299.057536,0.00026453638952614377,7.079007569653051,-1.7495969170662118,43.125,False,refined,0.5474986718686806,NULL,3.0,12.79749867186868,12.38337072815209,9.5,2.883370728152091,NULL,0,9.5,NULL,False
37,0.00018270775314004365,NULL,5,0,nan,nan,nan,nan,nan,nan,False,NULL,0.25,NULL,0.0,9.5,12.38337072815209,9.5,2.883370728152091,NULL,0,9.5,NULL,True
38,0.00018271095314004475,candidate,0,1,5917968747.981937,5916907307.119711,0.00037341620598675007,9.94233622137366,0.8772982272205443,113.62499999999999,False,refined,0.008649566793951013,rank_1,0.0019167699390963936,12.419846489147117,12.419846489147117,9.75,2.669846489147117,NULL,0,9.75,NULL,False
38,0.00018271095314004475,candidate,1,2,2246093749.234069,2243928407.1097445,0.00033754233527686424,9.065037994153116,-0.8772982272205443,43.125,False,refined,0.19507544007831668,NULL,3.0,12.695075440078316,12.419846489147117,9.75,2.669846489147117,NULL,0,9.75,NULL,False
38,0.00018271095314004475,candidate,2,3,3574218748.7811704,3578455192.51433,0.00026536805294702235,6.875367327652695,-2.966890482499771,68.625,False,refined,0.6541255560083314,NULL,3.0,13.154125556008331,12.419846489147117,9.75,2.669846489147117,NULL,0,9.75,NULL,False
38,0.00018271095314004475,candidate,3,4,5009765623.29164,5007043719.6571,0.00026217531083900305,6.790890342934466,-3.072027409962521,96.1875,False,refined,0.6733681616824877,NULL,3.0,13.173368161682488,12.419846489147117,9.75,2.669846489147117,NULL,0,9.75,NULL,False
38,0.00018271095314004475,candidate,4,5,5351562498.175086,5355875940.01564,0.00023600747547925226,5.856909755730788,-3.985348054421678,102.75,False,refined,0.8705477900417367,NULL,3.0,13.370547790041737,12.419846489147117,9.75,2.669846489147117,NULL,0,9.75,NULL,False
38,0.00018271095314004475,NULL,5,0,nan,nan,nan,nan,nan,nan,False,NULL,0.25,NULL,0.0,9.75,12.419846489147117,9.75,2.669846489147117,NULL,0,9.75,NULL,True
39,0.00018271415314004584,candidate,0,1,3593749998.77451,3592838641.7088275,0.0003216595283179202,8.938265070271285,0.32867949018710263,69.0,False,refined,0.15926023945930723,NULL,3.0,12.909260239459307,12.909260239459307,10.0,2.9092602394593072,NULL,0,10.0,NULL,False
39,0.00018271415314004584,candidate,1,2,2265624999.2274084,2262908129.2904863,0.00030971514747651924,8.554716100217119,-0.32867949018710263,43.5,False,refined,0.23733505310412606,rank_2,0.036022985405814174,12.968433478588256,12.909260239459307,10.0,2.9092602394593072,NULL,0,10.0,NULL,False
39,0.00018271415314004584,candidate,2,3,5009765623.29164,5012042504.495321,0.0002621144005847065,6.917249456225338,-1.778110779719535,96.1875,False,refined,0.5735445052986702,NULL,3.0,13.32354450529867,12.909260239459307,10.0,2.9092602394593072,NULL,0,10.0,NULL,False
39,0.00018271415314004584,candidate,3,4,3701171873.737879,3703802457.4974203,0.0002536731350721755,6.757342183792634,-2.06243889004039,71.0625,False,refined,0.6153011030586293,NULL,3.0,13.365301103058629,12.909260239459307,10.0,2.9092602394593072,NULL,0,10.0,NULL,False
39,0.00018271415314004584,candidate,4,5,2529296874.137495,2528837166.9099336,0.00025173481446096946,6.5875790768251274,-2.1290627786137684,48.5625,False,refined,0.6449295621395914,NULL,3.0,13.394929562139591,12.909260239459307,10.0,2.9092602394593072,NULL,0,10.0,NULL,False
39,0.00018271415314004584,NULL,5,0,nan,nan,nan,nan,nan,nan,False,NULL,0.25,NULL,0.0,10.0,12.909260239459307,10.0,2.9092602394593072,NULL,0,10.0,NULL,True
40,0.00018271735314004693,candidate,0,1,3642578123.757859,3639483180.96523,0.0003389878287744655,8.902581084780303,0.6453002857193368,69.9375,False,refined,0.1646128372829545,NULL,3.0,13.164612837282954,13.164612837282954,10.25,2.914612837282954,NULL,0,10.25,NULL,False
40,0.00018271735314004693,candidate,1,2,5292968748.195066,5288312447.104175,0.00031471619438310134,8.210885153220486,-0.6453002857193368,101.625,False,refined,0.3086984948743856,NULL,3.0,13.308698494874385,13.164612837282954,10.25,2.914612837282954,NULL,0,10.25,NULL,False
40,0.00018271735314004693,candidate,2,3,1289062499.5604222,1293078918.0485394,0.0002617869142632325,6.580325394932984,-2.2447234257807747,24.75,False,refined,0.6532464048713508,NULL,3.0,13.65324640487135,13.164612837282954,10.25,2.914612837282954,NULL,0,10.25,NULL,False
40,0.00018271735314004693,candidate,3,4,2509765624.144155,2513598892.566138,0.0002470741789775764,6.035822904417811,-2.747134888432683,48.1875,False,refined,0.766322494864371,NULL,3.0,13.76632249486437,13.164612837282954,10.25,2.914612837282954,NULL,0,10.25,NULL,False
40,0.00018271735314004693,candidate,4,5,2294921874.217418,2291555679.7811656,0.00023956224152971178,5.863402130698212,-3.015314745658202,44.0625,False,refined,0.8089468519989058,NULL,3.0,13.808946851998906,13.164612837282954,10.25,2.914612837282954,NULL,0,10.25,NULL,False
40,0.00018271735314004693,NULL,5,0,nan,nan,nan,nan,nan,nan,False,NULL,0.25,NULL,0.0,10.25,13.164612837282954,10.25,2.914612837282954,NULL,0,10.25,NULL,True
41,0.00018272055314004802,candidate,0,1,5292968748.195066,5293197295.066894,0.00033730271843222245,8.195186549690137,1.1912230199437612,101.625,False,refined,0.2707220175464795,NULL,3.0,13.520722017546479,13.520722017546479,10.5,3.020722017546479,NULL,0,10.5,NULL,False
41,0.00018272055314004802,candidate,1,2,3662109373.7511992,3662669210.9854403,0.0002940753958754614,6.950137541411916,-1.1912230199437612,70.3125,False,refined,0.5319308075346977,rank_1,0.053759198809809165,13.75030284362746,13.520722017546479,10.5,3.020722017546479,NULL,0,10.5,NULL,False
41,0.00018272055314004802,candidate,2,3,1279296874.5637522,1275973623.9434507,0.0002746259722767914,6.364739249646023,-1.785564676608633,24.5625,False,refined,0.6568869048411361,NULL,3.0,13.906886904841135,13.520722017546479,10.5,3.020722017546479,NULL,0,10.5,NULL,False
41,0.00018272055314004802,candidate,3,4,1728515624.410566,1726577185.2344275,0.0002589886623635053,5.811105653384638,-2.294781775021413,33.1875,False,refined,0.7717580129311425,NULL,3.0,14.021758012931143,13.520722017546479,10.5,3.020722017546479,NULL,0,10.5,NULL,False
41,0.00018272055314004802,candidate,4,5,361328124.876785,359248588.0627812,0.00023531822970121246,4.995609838042361,-3.1272853758577845,6.9375,False,refined,0.9461138602847574,NULL,3.0,14.196113860284758,13.520722017546479,10.5,3.020722017546479,NULL,0,10.5,NULL,False
41,0.00018272055314004802,NULL,5,0,nan,nan,nan,nan,nan,nan,False,NULL,0.25,NULL,0.0,10.5,13.520722017546479,10.5,3.020722017546479,NULL,0,10.5,NULL,True
42,0.0001827237531400491,candidate,0,1,1757812499.4005756,1756658508.7521853,0.00031800154399741894,8.890477662441567,0.6827731914339097,33.75,False,refined,0.16642835063376493,NULL,3.0,13.666428350633765,13.666428350633765,10.75,2.9164283506337654,NULL,0,10.75,NULL,False
42,0.0001827237531400491,candidate,1,2,5292968748.195066,5296887073.009084,0.0002939615773409524,8.122552502758467,-0.6827731914339097,101.625,False,refined,0.32429044905084936,NULL,3.0,13.82429044905085,13.666428350633765,10.75,2.9164283506337654,NULL,0,10.75,NULL,False
42,0.0001827237531400491,candidate,2,3,380859374.8701247,379468613.74322015,0.0002811505036081776,7.774506640794447,-1.0698072570745687,7.3125,False,refined,0.40068695744799343,NULL,3.0,13.900686957447993,13.666428350633765,10.75,2.9164283506337654,NULL,0,10.75,NULL,False
42,0.0001827237531400491,candidate,3,4,4951171873.311622,4949684221.270605,0.000277047637019452,7.646818332342855,-1.197495565526161,95.06250000000001,False,refined,0.4278207229939568,NULL,3.0,13.927820722993957,13.666428350633765,10.75,2.9164283506337654,NULL,0,10.75,NULL,False
42,0.0001827237531400491,candidate,4,5,1259765624.5704124,1260587091.9990385,0.00024940984479353,6.64111944799612,-2.1103127303920566,24.187499999999996,False,refined,0.6357266284500855,NULL,3.0,14.135726628450085,13.666428350633765,10.75,2.9164283506337654,NULL,0,10.75,NULL,False
42,0.0001827237531400491,NULL,5,0,nan,nan,nan,nan,nan,nan,False,NULL,0.25,NULL,0.0,10.75,13.666428350633765,10.75,2.9164283506337654,NULL,0,10.75,NULL,True
43,0.0001827269531400502,candidate,0,1,1796874999.387255,1794267059.7373333,0.00035755742045109825,9.805501506050387,2.796358371007317,34.5,False,refined,0.029174774092441957,NULL,3.0,13.779174774092443,13.779174774092443,11.0,2.779174774092443,NULL,0,11.0,NULL,False
43,0.0001827269531400502,candidate,1,2,2207031249.2473893,2202267754.856629,0.0002591360752753378,7.00914313504307,-2.796358371007317,42.375,False,refined,0.6234009279314968,NULL,3.0,14.373400927931497,13.779174774092443,11.0,2.779174774092443,NULL,0,11.0,NULL,False
43,0.0001827269531400502,candidate,2,3,5927734372.978607,5929943686.493246,0.0002358483720696464,6.143218880485977,-3.614258251212741,113.81249999999999,False,refined,0.8044083086278998,NULL,3.0,14.5544083086279,13.779174774092443,11.0,2.779174774092443,NULL,0,11.0,NULL,False
43,0.0001827269531400502,candidate,3,4,371093749.87345487,372242584.2925702,0.00023283465018088142,6.026835583090975,-3.725963669472936,7.125000000000001,False,refined,0.8288473918784123,NULL,3.0,14.578847391878412,13.779174774092443,11.0,2.779174774092443,NULL,0,11.0,NULL,False
43,0.0001827269531400502,candidate,4,5,2861328124.02427,2863754280.2316747,0.0002294883312297504,5.875760008890305,-3.8517037510499907,54.93749999999999,False,refined,0.8593674831070787,NULL,3.0,14.609367483107079,13.779174774092443,11.0,2.779174774092443,NULL,0,11.0,NULL,False
43,0.0001827269531400502,NULL,5,0,nan,nan,nan,nan,nan,nan,False,NULL,0.25,NULL,0.0,11.0,13.779174774092443,11.0,2.779174774092443,NULL,0,11.0,NULL,True
44,0.0001827301531400513,candidate,0,1,1826171874.3772647,1825318152.957372,0.00034746941115304964,10.174749068097428,1.7895039650007138,35.0625,False,refined,0.0,rank_1,0.09641703901595303,13.875591813108397,13.875591813108397,11.25,2.6255918131083966,NULL,0,11.25,NULL,False
44,0.0001827301531400513,candidate,1,2,3925781248.6612854,3929846430.1598477,0.0002827752402375034,8.36407652864648,-1.7895039650007138,75.375,False,refined,0.3572325185155726,NULL,3.0,14.357232518515573,13.875591813108397,11.25,2.6255918131083966,NULL,0,11.25,NULL,False
44,0.0001827301531400513,candidate,2,3,2861328124.02427,2861936063.7273526,0.00023609914033029857,6.752336593210639,-3.3564434503447593,54.93749999999999,False,refined,0.6969272266649515,NULL,3.0,14.696927226664952,13.875591813108397,11.25,2.6255918131083966,NULL,0,11.25,NULL,False
44,0.0001827301531400513,candidate,3,4,5039062498.28165,5035996863.442707,0.00023464016516523012,6.698495591631337,-3.4102844519240616,96.74999999999999,False,refined,0.7083684395005533,NULL,3.0,14.708368439500553,13.875591813108397,11.25,2.6255918131083966,NULL,0,11.25,NULL,False
44,0.0001827301531400513,candidate,4,5,5937499997.975278,5936217078.868753,0.00022276661029491595,6.288616253344053,-3.8613296353577553,114.00000000000001,False,refined,0.7980406642082518,NULL,3.0,14.798040664208251,13.875591813108397,11.25,2.6255918131083966,NULL,0,11.25,NULL,False
44,0.0001827301531400513,NULL,5,0,nan,nan,nan,nan,nan,nan,False,NULL,0.25,NULL,0.0,11.25,13.875591813108397,11.25,2.6255918131083966,NULL,0,11.25,NULL,True
45,0.00018273335314005238,candidate,0,1,3955078123.651295,3950466706.533133,0.0003228770287547822,10.560770491578655,0.3985798982229216,75.9375,False,refined,0.0,NULL,3.0,14.25,13.906378346574435,11.5,2.406378346574435,NULL,0,11.5,NULL,False
45,0.00018273335314005238,candidate,1,2,1835937499.3739345,1832983196.875776,0.000308395585752061,10.054622739009167,-0.3985798982229216,35.25,False,refined,0.0249112436389326,rank_1,0.005875289827106371,13.906378346574435,13.906378346574435,11.5,2.406378346574435,NULL,0,11.5,NULL,False
45,0.00018273335314005238,candidate,2,3,4091796873.604673,4089077666.918519,0.0003071981586832869,10.086345279257118,-0.4323707954845535,78.5625,False,refined,0.027023174717784593,NULL,3.0,14.277023174717785,13.906378346574435,11.5,2.406378346574435,NULL,0,11.5,NULL,False
45,0.00018273335314005238,candidate,3,4,3574218748.7811704,3571358581.8873415,0.00022149483540103397,7.220233803187295,-3.273470875927238,68.625,False,refined,0.6215568592673582,NULL,3.0,14.871556859267358,13.906378346574435,11.5,2.406378346574435,NULL,0,11.5,NULL,False
45,0.00018273335314005238,candidate,4,5,2861328124.02427,2863784682.5943418,0.00020789966466631176,6.597593725800124,-3.8236671837743508,54.93749999999999,False,refined,0.7493401401158784,NULL,3.0,14.999340140115878,13.906378346574435,11.5,2.406378346574435,NULL,0,11.5,NULL,False
45,0.00018273335314005238,NULL,5,0,nan,nan,nan,nan,nan,nan,False,NULL,0.25,NULL,0.0,11.5,13.906378346574435,11.5,2.406378346574435,NULL,0,11.5,NULL,True
46,0.00018273655314005348,candidate,0,1,4101562498.601343,4096872458.1741896,0.0003512666648935702,10.909312568460257,0.6424376927988007,78.75,False,refined,0.0,rank_3,0.006075877071947804,14.283099051789733,14.283099051789733,11.75,2.5330990517897334,NULL,0,11.75,NULL,False
46,0.00018273655314005348,candidate,1,2,3984374998.6413045,3989040583.9901195,0.00032622335712859167,10.28133949314972,-0.6424376927988007,76.5,False,refined,0.040152355799925044,rank_1,0.14879440220666057,14.438946758006587,14.283099051789733,11.75,2.5330990517897334,NULL,0,11.75,NULL,False
46,0.00018273655314005348,candidate,2,3,4316406248.52808,4319911128.403232,0.00022799849629327986,7.093243432774345,-3.754099091900027,82.875,False,refined,0.6706446783275999,NULL,3.0,15.1706446783276,14.283099051789733,11.75,2.5330990517897334,NULL,0,11.75,NULL,False
46,0.00018273655314005348,candidate,3,4,1806640624.383925,1811182127.3179426,0.00022146648840488966,6.819452026650339,-4.006578356707422,34.6875,False,refined,0.727493343296663,rank_2,0.047528663386549166,14.681400353257647,14.283099051789733,11.75,2.5330990517897334,NULL,0,11.75,NULL,False
46,0.00018273655314005348,candidate,4,5,2880859374.01761,2883723455.234068,0.00022006376979926957,6.7333361139193215,-4.061767779249079,55.3125,False,refined,0.7438600691151692,NULL,3.0,15.243860069115168,14.283099051789733,11.75,2.5330990517897334,NULL,0,11.75,NULL,False
46,0.00018273655314005348,NULL,5,0,nan,nan,nan,nan,nan,nan,False,NULL,0.25,NULL,0.0,11.75,14.283099051789733,11.75,2.5330990517897334,NULL,0,11.75,NULL,True
47,0.00018273975314005457,candidate,0,1,4140624998.588022,4143232993.760303,0.0003462094152347416,10.264995261799825,2.0276584851109547,79.5,False,refined,0.0,rank_1,0.2149299259831292,14.498028977772863,14.498028977772863,12.0,2.4980289777728633,NULL,0,12.0,NULL,False
47,0.00018273975314005457,candidate,1,2,4023437498.627984,4020631980.3049655,0.00027412961123252376,8.23733677668887,-2.0276584851109547,77.25,False,refined,0.3911281388161041,rank_2,0.09980163211216678,14.929876528934857,14.498028977772863,12.0,2.4980289777728633,NULL,0,12.0,NULL,False
47,0.00018273975314005457,candidate,2,3,4296874998.53474,4298695300.972086,0.00027285969031595926,8.197005411093814,-2.0679898507060113,82.5,False,refined,0.3996985540050536,NULL,3.0,15.149698554005054,14.498028977772863,12.0,2.4980289777728633,NULL,0,12.0,NULL,False
47,0.00018273975314005457,candidate,3,4,2900390624.0109496,2896586825.1974998,0.00027180575295639305,8.163390666008388,-2.1016045957914375,55.6875,False,refined,0.4068416873357067,NULL,3.0,15.156841687335707,14.498028977772863,12.0,2.4980289777728633,NULL,0,12.0,NULL,False
47,0.00018273975314005457,candidate,4,5,1523437499.4804988,1519078081.306977,0.0002686067972801752,7.994296440044488,-2.2044375166565455,29.25,False,refined,0.43863287878436086,NULL,3.0,15.188632878784361,14.498028977772863,12.0,2.4980289777728633,NULL,0,12.0,NULL,False
47,0.00018273975314005457,NULL,5,0,nan,nan,nan,nan,nan,nan,False,NULL,0.25,NULL,0.0,12.0,14.498028977772863,12.0,2.4980289777728633,NULL,0,12.0,NULL,True
48,0.00018274295314005566,candidate,0,1,4160156248.5813622,4163220614.1229553,0.0003269514084789589,9.743112810070906,0.3413856974552232,79.875,False,refined,0.03853307848936405,rank_1,0.0399504967761513,14.576512553038379,14.576512553038379,12.25,2.326512553038379,NULL,0,12.25,NULL,False
48,0.00018274295314005566,candidate,1,2,830078124.7169385,834300999.5184126,0.0003143503351622411,9.476110538024765,-0.3413856974552232,15.9375,False,refined,0.09992002538723677,NULL,3.0,15.099920025387236,14.576512553038379,12.25,2.326512553038379,NULL,0,12.25,NULL,False
48,0.00018274295314005566,candidate,2,3,1513671874.483829,1516368338.3271124,0.0002987360912658602,8.986561254610939,-0.7839103664550606,29.0625,False,refined,0.2010102097118005,NULL,3.0,15.2010102097118,14.576512553038379,12.25,2.326512553038379,NULL,0,12.25,NULL,False
48,0.00018274295314005566,candidate,3,4,2929687499.0009594,2931685981.3803005,0.0002589622219641061,7.72443729294479,-2.0249359967006253,56.25,False,refined,0.46789290585207055,NULL,3.0,15.46789290585207,14.576512553038379,12.25,2.326512553038379,NULL,0,12.25,NULL,False
48,0.00018274295314005566,candidate,4,5,3144531248.927696,3146058906.129051,0.0002168201852060366,6.164909855970624,-3.567670031011616,60.375,False,refined,0.7982428985426324,NULL,3.0,15.798242898542632,14.576512553038379,12.25,2.326512553038379,NULL,0,12.25,NULL,False
48,0.00018274295314005566,NULL,5,0,nan,nan,nan,nan,nan,nan,False,NULL,0.25,NULL,0.0,12.25,14.576512553038379,12.25,2.326512553038379,NULL,0,12.25,NULL,True
49,0.00018274615314005675,candidate,0,1,830078124.7169385,827043826.1879236,0.00030172110512950815,9.399205889819067,1.6030301101238997,15.9375,False,refined,0.09011911652714,rank_2,0.005266656474876137,15.195305798389253,15.006075886426157,12.5,2.5060758864261565,NULL,0,12.5,NULL,False
49,0.00018274615314005675,candidate,1,2,4150390623.5846925,4153748838.827571,0.0002508731507740245,7.863983341463943,-1.6030301101238997,79.6875,False,refined,0.42059188066315234,rank_1,0.008971452724625437,15.006075886426157,15.006075886426157,12.5,2.5060758864261565,NULL,0,12.5,NULL,False
49,0.00018274615314005675,candidate,2,3,1513671874.483829,1513976594.460843,0.0002468955392651276,7.725164525908141,-1.741848925679701,29.0625,False,refined,0.4500908789687601,rank_3,0.0005720438721837058,15.651673132552745,15.006075886426157,12.5,2.5060758864261565,NULL,0,12.5,NULL,False
49,0.00018274615314005675,candidate,3,4,1298828124.557092,1296357137.9874144,0.00024239257574835133,7.662356275705342,-1.9017275216869756,24.9375,False,refined,0.46950452874963466,NULL,3.0,15.719504528749635,15.006075886426157,12.5,2.5060758864261565,NULL,0,12.5,NULL,False
49,0.00018274615314005675,candidate,4,5,3183593748.914376,3182603493.349147,0.00023235044113421925,7.2351894334388245,-2.269243768087037,61.125,False,refined,0.5565493204896161,NULL,3.0,15.806549320489616,15.006075886426157,12.5,2.5060758864261565,NULL,0,12.5,NULL,False
49,0.00018274615314005675,NULL,5,0,nan,nan,nan,nan,nan,nan,False,NULL,0.25,NULL,0.0,12.5,15.006075886426157,12.5,2.5060758864261565,NULL,0,12.5,NULL,True
50,0.00018274935314005784,candidate,0,1,791015624.7302591,795569636.0223964,0.0002592183604629189,8.385274053179872,0.2932140600121258,15.187500000000002,False,refined,0.2422088920230192,rank_1,0.09906246465757632,15.536577155069848,15.536577155069848,12.75,2.786577155069848,NULL,0,12.75,NULL,False
50,0.00018274935314005784,candidate,1,2,1855468749.3672743,1851842734.5590045,0.00025061384313658497,8.043362115024992,-0.2932140600121258,35.625,False,refined,0.311821561497009,NULL,3.0,15.811821561497009,15.536577155069848,12.75,2.786577155069848,NULL,0,12.75,NULL,False
50,0.00018274935314005784,candidate,2,3,3222656248.9010553,3223699570.111753,0.0002491379210026374,7.947672239630865,-0.3445184673649937,61.875,False,refined,0.3293815682656823,NULL,3.0,15.829381568265683,15.536577155069848,12.75,2.786577155069848,NULL,0,12.75,NULL,False
50,0.00018274935314005784,candidate,3,4,4150390623.5846925,4145999922.053395,0.00019960189492065813,5.855548736771912,-2.270021989294815,79.6875,False,refined,0.7635440638151392,rank_2,0.006004571117310805,15.775624521358607,15.536577155069848,12.75,2.786577155069848,NULL,0,12.75,NULL,False
50,0.00018274935314005784,candidate,4,5,1298828124.557092,1299648547.1088717,0.0001978657504216158,6.049062366842266,-2.345902658317911,24.9375,False,refined,0.7392595611185295,NULL,3.0,16.23925956111853,15.536577155069848,12.75,2.786577155069848,NULL,0,12.75,NULL,False
50,0.00018274935314005784,NULL,5,0,nan,nan,nan,nan,nan,nan,False,NULL,0.25,NULL,0.0,12.75,15.536577155069848,12.75,2.786577155069848,NULL,0,12.75,NULL,True
51,0.00018275255314005893,candidate,0,1,791015624.7302591,786137879.2443917,0.0002829637690873919,9.523262908413992,0.11940851224774285,15.187500000000002,False,refined,0.07151056373790121,rank_1,0.008895803591943884,15.616983522399693,15.616983522399693,13.0,2.6169835223996927,NULL,0,13.0,NULL,False
51,0.00018275255314005893,candidate,1,2,2285156249.2207484,2287686978.5639825,0.000279100366030134,9.351791689302065,-0.11940851224774285,43.875,False,refined,0.10469427862017422,NULL,3.0,15.854694278620174,15.616983522399693,13.0,2.6169835223996927,NULL,0,13.0,NULL,False
51,0.00018275255314005893,candidate,2,3,683593749.7668905,685269736.8471738,0.0002633541341853683,8.899449082909427,-0.6238138255045644,13.125,False,refined,0.20407100165762115,NULL,3.0,15.95407100165762,15.616983522399693,13.0,2.6169835223996927,NULL,0,13.0,NULL,False
51,0.00018275255314005893,candidate,3,4,1865234374.363944,1868502093.6840165,0.0002577802655620355,8.661576903456982,-0.8096232980928253,35.8125,False,refined,0.25136492061225424,NULL,3.0,16.001364920612254,15.616983522399693,13.0,2.6169835223996927,NULL,0,13.0,NULL,False
51,0.00018275255314005893,candidate,4,5,3242187498.894395,3240550607.9183717,0.00023136601770324395,7.615194658052422,-1.7486252028079363,62.25,False,refined,0.4670098764676327,NULL,3.0,16.217009876467632,15.616983522399693,13.0,2.6169835223996927,NULL,0,13.0,NULL,False
51,0.00018275255314005893,NULL,5,0,nan,nan,nan,nan,nan,nan,False,NULL,0.25,NULL,0.0,13.0,15.616983522399693,13.0,2.6169835223996927,NULL,0,13.0,NULL,True
52,0.00018275575314006002,candidate,0,1,2294921874.217418,2292138913.967158,0.0003168909375549513,9.716978745497915,1.1845760322307797,44.0625,False,refined,0.04245318817531274,rank_2,0.00198197288340461,15.899129439678891,15.899129439678891,13.25,2.649129439678891,NULL,0,13.25,NULL,False
52,0.00018275575314006002,candidate,1,2,820312499.7202686,822924176.2706939,0.0002764910118176498,8.613624307002379,-1.1845760322307797,15.75,False,refined,0.2819923559640669,rank_1,0.13532316489073312,16.034299043254492,15.899129439678891,13.25,2.649129439678891,NULL,0,13.25,NULL,False
52,0.00018275575314006002,candidate,2,3,4423828123.491448,4428124497.819878,0.0002589888450529036,7.905912255644063,-1.7525752099043057,84.9375,False,refined,0.42364911227240964,NULL,3.0,16.42364911227241,15.899129439678891,13.25,2.649129439678891,NULL,0,13.25,NULL,False
52,0.00018275575314006002,candidate,3,4,5058593748.27499,5058854059.069849,0.0002547032870809621,7.73627384078563,-1.8975053923336649,97.125,False,refined,0.4581530109030095,NULL,3.0,16.45815301090301,15.899129439678891,13.25,2.649129439678891,NULL,0,13.25,NULL,False
52,0.00018275575314006002,candidate,4,5,3242187498.894395,3244587090.812441,0.00023878484178088506,7.074658237497076,-2.4580613076914393,62.25,False,refined,0.5924300961061536,NULL,3.0,16.592430096106153,15.899129439678891,13.25,2.649129439678891,NULL,0,13.25,NULL,False
52,0.00018275575314006002,NULL,5,0,nan,nan,nan,nan,nan,nan,False,NULL,0.25,NULL,0.0,13.25,15.899129439678891,13.25,2.649129439678891,NULL,0,13.25,NULL,True
53,0.00018275895314006111,candidate,0,1,2314453124.2107577,2310385944.854441,0.00029588512205694183,8.749011666539808,1.0905876346385757,44.4375,False,refined,0.18764825001902885,rank_1,0.033295413620147166,16.120073103318067,16.120073103318067,13.5,2.6200731033180666,NULL,0,13.5,NULL,False
53,0.00018275895314006111,candidate,1,2,5048828123.278319,5051035018.821371,0.00026097189938327844,7.640123049500129,-1.0905876346385757,96.93749999999999,False,refined,0.4221432697398916,NULL,3.0,16.67214326973989,16.120073103318067,13.5,2.6200731033180666,NULL,0,13.5,NULL,False
53,0.00018275895314006111,candidate,2,3,839843749.7136084,837388948.924783,0.0002511761174333277,7.314411104544609,-1.4228957024906563,16.125,False,refined,0.49176931572397464,rank_2,0.020922964793448358,16.546991323771916,16.120073103318067,13.5,2.6200731033180666,NULL,0,13.5,NULL,False
53,0.00018275895314006111,candidate,3,4,498046874.83016306,498437007.2784298,0.00024693274923975726,7.195054944868113,-1.5708887294832419,9.5625,False,refined,0.5189223038624856,NULL,3.0,16.768922303862485,16.120073103318067,13.5,2.6200731033180666,NULL,0,13.5,NULL,False
53,0.00018275895314006111,candidate,4,5,3232421873.897725,3236232303.9039044,0.0002452162088328849,7.105827718684461,-1.6314790883508046,62.0625,False,refined,0.5360932852192561,NULL,3.0,16.786093285219255,16.120073103318067,13.5,2.6200731033180666,NULL,0,13.5,NULL,False
53,0.00018275895314006111,NULL,5,0,nan,nan,nan,nan,nan,nan,False,NULL,0.25,NULL,0.0,13.5,16.120073103318067,13.5,2.6200731033180666,NULL,0,13.5,NULL,True
54,0.0001827621531400622,candidate,0,1,4580078123.438167,4576407582.276219,0.00027803982332686605,7.8377458774178255,0.18755926975516424,87.9375,False,refined,0.3243381183873262,NULL,3.0,16.824338118387328,16.700385440426174,13.75,2.9503854404261745,NULL,0,13.75,NULL,False
54,0.0001827621531400622,candidate,1,2,2099609374.284021,2098479230.1561494,0.00027210031239543716,7.697637240006303,-0.18755926975516424,40.3125,False,refined,0.3570768683587523,NULL,3.0,16.857076868358753,16.700385440426174,13.75,2.9503854404261745,NULL,0,13.75,NULL,False
54,0.0001827621531400622,candidate,2,3,2333984374.2040977,2331031594.6897564,0.00025102439881995143,6.785338559200245,-0.8878213644143695,44.8125,False,refined,0.5376880513958614,rank_1,0.04262428571224517,16.700385440426174,16.700385440426174,13.75,2.9503854404261745,NULL,0,13.75,NULL,False
54,0.0001827621531400622,candidate,3,4,5048828123.278319,5052050047.870617,0.00024366516868311338,6.526888892652707,-1.1462710309619073,96.93749999999999,False,refined,0.5926086055372132,NULL,3.0,17.09260860553721,16.700385440426174,13.75,2.9503854404261745,NULL,0,13.75,NULL,False
54,0.0001827621531400622,candidate,4,5,4082031248.608003,4083621304.9863863,0.0002333927358751617,6.410112342636403,-1.5203933791145818,78.375,False,refined,0.633507734799201,NULL,3.0,17.133507734799203,16.700385440426174,13.75,2.9503854404261745,NULL,0,13.75,NULL,False
54,0.0001827621531400622,NULL,5,0,nan,nan,nan,nan,nan,nan,False,NULL,0.25,NULL,0.0,13.75,16.700385440426174,13.75,2.9503854404261745,NULL,0,13.75,NULL,True
55,0.0001827653531400633,candidate,0,1,4580078123.438167,4576486740.873508,0.0002515294037242343,7.080326326330928,0.07243947497348024,87.9375,False,refined,0.4379510510503608,NULL,3.0,17.187951051050362,17.187951051050362,14.0,3.187951051050362,NULL,0,14.0,NULL,False
55,0.0001827653531400633,candidate,1,2,3320312498.867754,3322855630.731576,0.0002494403961240085,6.872444675797436,-0.07243947497348024,63.75,False,refined,0.4736607658162272,NULL,3.0,17.223660765816227,17.187951051050362,14.0,3.187951051050362,NULL,0,14.0,NULL,False
55,0.0001827653531400633,candidate,2,3,2119140624.2773604,2121626831.4815402,0.0002462824652736283,6.8972209449084865,-0.18310538142244148,40.6875,False,refined,0.4768609446026296,NULL,3.0,17.22686094460263,17.187951051050362,14.0,3.187951051050362,NULL,0,14.0,NULL,False
55,0.0001827653531400633,candidate,3,4,1230468749.5804029,1229941289.3316848,0.0002447642972039945,6.951459330712106,-0.23681383987485205,23.625,False,refined,0.4720819653853623,NULL,3.0,17.222081965385364,17.187951051050362,14.0,3.187951051050362,NULL,0,14.0,NULL,False
55,0.0001827653531400633,candidate,4,5,4091796873.604673,4087312469.6998935,0.0002250647765934906,6.088558146810001,-0.9656245905460814,78.5625,False,refined,0.6470678148876299,NULL,3.0,17.39706781488763,17.187951051050362,14.0,3.187951051050362,NULL,0,14.0,NULL,False
55,0.0001827653531400633,NULL,5,0,nan,nan,nan,nan,nan,nan,False,NULL,0.25,NULL,0.0,14.0,17.187951051050362,14.0,3.187951051050362,NULL,0,14.0,NULL,True
56,0.0001827685531400644,candidate,0,1,3476562498.8144717,3476125692.0461593,0.0002959986032588459,8.56852024959812,0.01008047845489024,66.75,False,refined,0.2147219625602821,NULL,3.0,17.214721962560283,17.214721962560283,14.25,2.964721962560283,NULL,0,14.25,NULL,False
56,0.0001827685531400644,candidate,1,2,3330078123.8644238,3334598194.274156,0.0002956552789828195,8.55843977114323,-0.01008047845489024,63.9375,False,refined,0.21686406423194626,NULL,3.0,17.216864064231945,17.214721962560283,14.25,2.964721962560283,NULL,0,14.25,NULL,False
56,0.0001827685531400644,candidate,2,3,1357421874.537111,1358581971.4193697,0.00024206258739042512,6.776018894742197,-1.7472398123807942,26.062499999999996,False,refined,0.59279965406247,NULL,3.0,17.59279965406247,17.214721962560283,14.25,2.964721962560283,NULL,0,14.25,NULL,False
56,0.0001827685531400644,candidate,3,4,1796874999.387255,1797467432.4066048,0.00023067664299234795,6.357537923380185,-2.165720783742806,34.5,False,refined,0.6817268604768976,NULL,3.0,17.681726860476896,17.214721962560283,14.25,2.964721962560283,NULL,0,14.25,NULL,False
56,0.0001827685531400644,candidate,4,5,5029296873.28498,5031562490.550565,0.00021771888434636954,5.745296132280604,-2.667871230759822,96.5625,False,refined,0.8049475320803983,NULL,3.0,17.804947532080398,17.214721962560283,14.25,2.964721962560283,NULL,0,14.25,NULL,False
56,0.0001827685531400644,NULL,5,0,nan,nan,nan,nan,nan,nan,False,NULL,0.25,NULL,0.0,14.25,17.214721962560283,14.25,2.964721962560283,NULL,0,14.25,NULL,True
57,0.00018277175314006548,candidate,0,1,3359374998.8544335,3359715010.682045,0.0003441162896091529,10.38217809703716,0.8627261758268023,64.5,False,refined,0.0,NULL,3.0,17.25,17.25,14.5,2.75,NULL,0,14.5,NULL,False
57,0.00018277175314006548,candidate,1,2,3496093748.8078113,3497499271.479252,0.00031157953349104434,9.519451921210358,-0.8627261758268023,67.125,False,refined,0.12600259780762146,NULL,3.0,17.37600259780762,17.25,14.5,2.75,NULL,0,14.5,NULL,False
57,0.00018277175314006548,candidate,2,3,1806640624.383925,1809332807.951066,0.00027808678282668204,8.52565859630924,-1.8504976746968715,34.6875,False,refined,0.33680731522216845,NULL,3.0,17.586807315222167,17.25,14.5,2.75,NULL,0,14.5,NULL,False
57,0.00018277175314006548,candidate,3,4,1376953124.5304508,1374846152.72489,0.00025654040192055547,7.779021059848281,-2.5509892143580526,26.4375,False,refined,0.4925836669201361,NULL,3.0,17.742583666920137,17.25,14.5,2.75,NULL,0,14.5,NULL,False
57,0.00018277175314006548,candidate,4,5,2695312499.0808825,2699475528.8048935,0.00024277461167195307,7.299971006102792,-3.0300392681035415,51.75,False,refined,0.5943818033410525,NULL,3.0,17.84438180334105,17.25,14.5,2.75,NULL,0,14.5,NULL,False
57,0.00018277175314006548,NULL,5,0,nan,nan,nan,nan,nan,nan,False,NULL,0.25,NULL,0.0,14.5,17.25,14.5,2.75,NULL,0,14.5,NULL,True
58,0.00018277495314006657,candidate,0,1,3369140623.8511033,3367005799.7503324,0.00033199482303901943,9.990167612401715,1.533236028260161,64.6875,False,refined,0.0014748581397427962,rank_1,0.005315560523825867,17.25679041866357,17.25679041866357,14.75,2.50679041866357,NULL,0,14.75,NULL,False
58,0.00018277495314006657,candidate,1,2,2705078124.0775523,2708873444.266667,0.0002782720004966179,8.349079070090513,-1.533236028260161,51.9375,False,refined,0.34346539125268316,NULL,3.0,17.843465391252682,17.25679041866357,14.75,2.50679041866357,NULL,0,14.75,NULL,False
58,0.00018277495314006657,candidate,2,3,1835937499.3739345,1836211705.1517131,0.00026100589651924597,7.812433689930298,-2.0896198553154477,35.25,False,refined,0.45873618746767075,NULL,3.0,17.95873618746767,17.25679041866357,14.75,2.50679041866357,NULL,0,14.75,NULL,False
58,0.00018277495314006657,candidate,3,4,2197265624.2507195,2198301626.7880054,0.0002527435618836305,7.513290899738809,-2.3690241986118643,42.1875,False,refined,0.5210703774524201,NULL,3.0,18.02107037745242,17.25679041866357,14.75,2.50679041866357,NULL,0,14.75,NULL,False
58,0.00018277495314006657,candidate,4,5,3671874998.747869,3674750780.442131,0.00024079721356941083,7.200570522556706,-2.7895970898450084,70.5,False,refined,0.5942642397318071,NULL,3.0,18.094264239731807,17.25679041866357,14.75,2.50679041866357,NULL,0,14.75,NULL,False
58,0.00018277495314006657,NULL,5,0,nan,nan,nan,nan,nan,nan,False,NULL,0.25,NULL,0.0,14.75,17.25679041866357,14.75,2.50679041866357,NULL,0,14.75,NULL,True
59,0.00018277815314006766,candidate,0,1,3974609373.6446347,3979074023.4351315,0.00029244114238221474,8.686529416879019,0.18919005154735657,76.3125,False,refined,0.1970205874681472,NULL,3.0,17.947020587468145,17.947020587468145,15.0,2.9470205874681454,NULL,0,15.0,NULL,False
59,0.00018277815314006766,candidate,1,2,3652343748.7545295,3657109839.3363833,0.00028614026114265437,8.581573422220803,-0.18919005154735657,70.125,False,refined,0.22458836488858935,NULL,3.0,17.97458836488859,17.947020587468145,15.0,2.9470205874681454,NULL,0,15.0,NULL,False
59,0.00018277815314006766,candidate,2,3,1835937499.3739345,1834724078.071277,0.0002793290255459388,8.21237269037793,-0.3984481087520564,35.25,False,refined,0.29304710324031413,NULL,3.0,18.043047103240315,17.947020587468145,15.0,2.9470205874681454,NULL,0,15.0,NULL,False
59,0.00018277815314006766,candidate,3,4,1718749999.413896,1714810536.097281,0.00026417796843749284,7.823946995160531,-0.882837513466237,33.0,False,refined,0.38158529531756014,NULL,3.0,18.13158529531756,17.947020587468145,15.0,2.9470205874681454,NULL,0,15.0,NULL,False
59,0.00018277815314006766,candidate,4,5,2724609374.0708923,2726083347.3501077,0.0002588556136827981,7.634536184539202,-1.059617679680489,52.3125,False,refined,0.4210456772991502,NULL,3.0,18.17104567729915,17.947020587468145,15.0,2.9470205874681454,NULL,0,15.0,NULL,False
59,0.00018277815314006766,NULL,5,0,nan,nan,nan,nan,nan,nan,False,NULL,0.25,NULL,0.0,15.0,17.947020587468145,15.0,2.9470205874681454,NULL,0,15.0,NULL,True
60,0.00018278135314006875,candidate,0,1,1816406249.3805947,1819303525.3516245,0.00033381938183917953,10.087175670444788,1.1760581533395698,34.875,False,refined,0.0,NULL,3.0,18.0,18.0,15.25,2.75,NULL,0,15.25,NULL,False
60,0.00018278135314006875,candidate,1,2,1699218749.4205563,1699506897.8179367,0.00029154704296411725,8.880462772778666,-1.1760581533395698,32.625,False,refined,0.24143421866692327,NULL,3.0,18.241434218666924,18.0,15.25,2.75,NULL,0,15.25,NULL,False
60,0.00018278135314006875,candidate,2,3,3613281248.76785,3612225401.1188993,0.00026823255285948544,8.187174357676286,-1.9000013127685023,69.375,False,refined,0.39067392839658854,NULL,3.0,18.390673928396588,18.0,15.25,2.75,NULL,0,15.25,NULL,False
60,0.00018278135314006875,candidate,3,4,3974609373.6446347,3969844093.8848386,0.0002489972767347549,7.420271163104815,-2.5463390262100027,76.3125,False,refined,0.546105514672403,rank_1,0.008519159950337137,18.501645262090882,18.0,15.25,2.75,NULL,0,15.25,NULL,False
60,0.00018278135314006875,candidate,4,5,673828124.7702206,671007377.2278218,0.00024777464782416516,7.443776896316194,-2.5890936212370086,12.9375,False,refined,0.5452518168798839,NULL,3.0,18.545251816879883,18.0,15.25,2.75,NULL,0,15.25,NULL,False
60,0.00018278135314006875,NULL,5,0,nan,nan,nan,nan,nan,nan,False,NULL,0.25,NULL,0.0,15.25,18.0,15.25,2.75,NULL,0,15.25,NULL,True
61,0.00018278455314006984,candidate,0,1,1816406249.3805947,1811609602.7648928,0.0003910203033801006,11.90633537832797,1.7343320403988027,34.875,False,refined,0.0,rank_1,0.005919644477061978,18.00591964447706,18.00591964447706,15.5,2.5059196444770606,NULL,0,15.5,NULL,False
61,0.00018278455314006984,candidate,1,2,673828124.7702206,669668852.4100335,0.00032024525698450364,10.290701500967812,-1.7343320403988027,12.9375,False,refined,0.10839575252492517,NULL,3.0,18.358395752524924,18.00591964447706,15.5,2.5059196444770606,NULL,0,15.5,NULL,False
61,0.00018278455314006984,candidate,2,3,1679687499.4272168,1675629976.907459,0.00026739477577590126,8.60540757128911,-3.3009278070388604,32.25,False,refined,0.4154968522465623,NULL,3.0,18.665496852246562,18.00591964447706,15.5,2.5059196444770606,NULL,0,15.5,NULL,False
61,0.00018278455314006984,candidate,3,4,1152343749.607044,1154035461.1878326,0.00023407878021346152,7.422887648496426,-4.45674525319343,22.125,False,refined,0.6651134310501255,NULL,3.0,18.915113431050127,18.00591964447706,15.5,2.5059196444770606,NULL,0,15.5,NULL,False
61,0.00018278455314006984,candidate,4,5,3554687498.787831,3555570429.1316133,0.00021106802734940404,6.542902613429531,-5.355537142163618,68.25,False,refined,0.8532856793707965,NULL,3.0,19.103285679370796,18.00591964447706,15.5,2.5059196444770606,NULL,0,15.5,NULL,False
61,0.00018278455314006984,NULL,5,0,nan,nan,nan,nan,nan,nan,False,NULL,0.25,NULL,0.0,15.5,18.00591964447706,15.5,2.5059196444770606,NULL,0,15.5,NULL,True
62,0.00018278775314007093,candidate,0,1,1816406249.3805947,1813035697.9521906,0.000381247998302689,12.630096889654308,2.0882742293800582,34.875,False,refined,0.0,rank_1,0.0002033747483234007,18.006123019225384,18.006123019225384,15.75,2.2561230192253845,NULL,0,15.75,NULL,False
62,0.00018278775314007093,candidate,1,2,644531249.7802111,640675222.7678236,0.00029977392943225087,10.584951755062573,-2.0882742293800582,12.375,False,refined,0.13051713933625364,rank_2,0.0840630559829632,18.57297594784414,18.006123019225384,15.75,2.2561230192253845,NULL,0,15.75,NULL,False
62,0.00018278775314007093,candidate,2,3,2978515623.9843087,2982274132.9504304,0.0002560438372381497,9.172231990466058,-3.45786489918825,57.1875,False,refined,0.340281757629357,NULL,3.0,18.840281757629356,18.006123019225384,15.75,2.2561230192253845,NULL,0,15.75,NULL,False
62,0.00018278775314007093,candidate,3,4,4130859373.5913525,4133651701.7986164,0.0002353154627391945,8.503174194908167,-4.19114212499248,79.3125,False,refined,0.48647025357580487,NULL,3.0,18.986470253575806,18.006123019225384,15.75,2.2561230192253845,NULL,0,15.75,NULL,False
62,0.00018278775314007093,candidate,4,5,3398437498.8411126,3395195545.686046,0.00022653306104919948,8.15170641090126,-4.5215195735413705,65.25,False,refined,0.5598390117111466,NULL,3.0,19.059839011711148,18.006123019225384,15.75,2.2561230192253845,NULL,0,15.75,NULL,False
62,0.00018278775314007093,NULL,5,0,nan,nan,nan,nan,nan,nan,False,NULL,0.25,NULL,0.0,15.75,18.006123019225384,15.75,2.2561230192253845,NULL,0,15.75,NULL,True
63,0.00018279095314007203,candidate,0,1,1806640624.383925,1805248556.7155008,0.00034299488038132557,10.881853408729745,0.4851544582218903,34.6875,False,refined,0.0,rank_1,0.006063956864015483,18.0121869760894,18.0121869760894,16.0,2.0121869760893993,NULL,0,16.0,NULL,False
63,0.00018279095314007203,candidate,1,2,4160156248.5813622,4164208271.4135,0.00032436195907906287,10.441556071662763,-0.4851544582218903,79.875,False,refined,0.030322153638868143,NULL,3.0,18.780322153638867,18.0121869760894,16.0,2.0121869760893993,NULL,0,16.0,NULL,False
63,0.00018279095314007203,candidate,2,3,2949218748.994299,2948179304.03316,0.00022841275914719454,7.3386477201947375,-3.531345555060561,56.625,False,refined,0.6199119391620744,NULL,3.0,19.369911939162073,18.0121869760894,16.0,2.0121869760893993,NULL,0,16.0,NULL,False
63,0.00018279095314007203,candidate,3,4,3408203123.837783,3406173481.435354,0.00022809343338830898,7.3383563043671,-3.543497104362645,65.4375,False,refined,0.6207151233676004,NULL,3.0,19.3707151233676,18.0121869760894,16.0,2.0121869760893993,NULL,0,16.0,NULL,False
63,0.00018279095314007203,candidate,4,5,3701171873.737879,3702434773.088379,0.0002276029461293242,7.23869074952896,-3.5621951675342434,71.0625,False,refined,0.6368335855415462,NULL,3.0,19.386833585541545,18.0121869760894,16.0,2.0121869760893993,NULL,0,16.0,NULL,False
63,0.00018279095314007203,NULL,5,0,nan,nan,nan,nan,nan,nan,False,NULL,0.25,NULL,0.0,16.0,18.0121869760894,16.0,2.0121869760893993,NULL,0,16.0,NULL,True
64,0.00018279415314007312,candidate,0,1,1796874999.387255,1795170752.6980743,0.00028241353829745486,9.08827109066328,0.2860713312789809,34.5,False,refined,0.13675933640050797,rank_1,0.010156213381365752,18.159102525871273,18.159102525871273,16.25,1.9091025258712726,NULL,0,16.25,NULL,False
64,0.00018279415314007312,candidate,1,2,4150390623.5846925,4152676662.6776414,0.00027326370066490824,8.81651055234875,-0.2860713312789809,79.6875,False,refined,0.19540287535262368,rank_2,0.013297800003692671,18.989022828995182,18.159102525871273,16.25,1.9091025258712726,NULL,0,16.25,NULL,False
64,0.00018279415314007312,candidate,2,3,996093749.6603261,998001672.817646,0.0002715931086737409,8.883587822281065,-0.3393353187655457,19.125,False,refined,0.18867028408068687,NULL,3.0,19.188670284080686,18.159102525871273,16.25,1.9091025258712726,NULL,0,16.25,NULL,False
64,0.00018279415314007312,candidate,3,4,4736328123.384884,4735160017.704465,0.0002546123342025539,8.32280166829281,-0.9001214727538009,90.9375,False,refined,0.3078373418031911,NULL,3.0,19.30783734180319,18.159102525871273,16.25,1.9091025258712726,NULL,0,16.25,NULL,False
64,0.00018279415314007312,candidate,4,5,2910156249.0076194,2910270839.7057214,0.00023814090069754754,7.58909435267606,-1.4810304027509957,55.87499999999999,False,refined,0.4542002472705282,NULL,3.0,19.454200247270528,18.159102525871273,16.25,1.9091025258712726,NULL,0,16.25,NULL,False
64,0.00018279415314007312,NULL,5,0,nan,nan,nan,nan,nan,nan,False,NULL,0.25,NULL,0.0,16.25,18.159102525871273,16.25,1.9091025258712726,NULL,0,16.25,NULL,True
65,0.0001827973531400742,candidate,0,1,4736328123.384884,4739215106.655218,0.0002527376642926586,8.205914675793897,0.1501038413832756,90.9375,False,refined,0.2691127986309154,NULL,3.0,19.519112798630914,19.4969282813899,16.5,2.9969282813898985,NULL,0,16.5,NULL,False
65,0.0001827973531400742,candidate,1,2,1015624999.6536659,1012309139.979222,0.00024840754086974913,8.143959029568002,-0.1501038413832756,19.5,False,refined,0.2877876356512544,rank_3,0.02047036165795765,19.4969282813899,19.4969282813899,16.5,2.9969282813898985,NULL,0,16.5,NULL,False
65,0.0001827973531400742,candidate,2,3,2880859374.01761,2880708010.556505,0.00023400999249233867,7.60888253715386,-0.6687112982303756,55.3125,False,refined,0.4004620755663194,NULL,3.0,19.65046207556632,19.4969282813899,16.5,2.9969282813898985,NULL,0,16.5,NULL,False
65,0.0001827973531400742,candidate,3,4,58593749.98001918,nan,0.00021266172909686855,6.678378452153355,-1.4996125378972458,1.125,True,boundary_peak,2.3107190157955744,NULL,3.0,21.560719015795573,19.4969282813899,16.5,2.9969282813898985,NULL,0,16.5,NULL,False
65,0.0001827973531400742,candidate,4,5,4345703123.518089,4349022415.019794,0.0001998166944818727,6.294879621089606,-2.0407639463268,83.4375,False,refined,0.6833158034819841,NULL,3.0,19.933315803481985,19.4969282813899,16.5,2.9969282813898985,NULL,0,16.5,NULL,False
65,0.0001827973531400742,NULL,5,0,nan,nan,nan,nan,nan,nan,False,NULL,0.25,NULL,0.0,16.5,19.4969282813899,16.5,2.9969282813898985,NULL,0,16.5,NULL,True
66,0.0001828005531400753,candidate,0,1,2578124999.1208444,2576278149.2873836,0.0002436551220555053,8.546648583333,0.28383841409137744,49.5,False,refined,0.21800271250004988,NULL,3.0,19.71800271250005,19.71800271250005,16.75,2.9680027125000485,NULL,0,16.75,NULL,False
66,0.0001828005531400753,candidate,1,2,4316406248.52808,4321224441.94043,0.00023582162340232126,8.229597079400994,-0.28383841409137744,82.875,False,refined,0.28330033897056195,NULL,3.0,19.783300338970562,19.71800271250005,16.75,2.9680027125000485,NULL,0,16.75,NULL,False
66,0.0001828005531400753,candidate,2,3,2871093749.0209403,2866554904.0443954,0.00022838894871493422,7.951426293475103,-0.5620092000172683,55.125,False,refined,0.34241163097981375,NULL,3.0,19.842411630979814,19.71800271250005,16.75,2.9680027125000485,NULL,0,16.75,NULL,False
66,0.0001828005531400753,candidate,3,4,4746093748.381554,4743288919.4270735,0.0002084941714439796,7.1705233942912106,-1.3536325374925617,91.12499999999999,False,refined,0.5090235244496035,NULL,3.0,20.009023524449603,19.71800271250005,16.75,2.9680027125000485,NULL,0,16.75,NULL,False
66,0.0001828005531400753,candidate,4,5,3007812498.974318,3006895366.0594335,0.00020799708484596006,7.057864345375595,-1.3743659445731016,57.74999999999999,False,refined,0.5272182197294796,NULL,3.0,20.02721821972948,19.71800271250005,16.75,2.9680027125000485,NULL,0,16.75,NULL,False
66,0.0001828005531400753,NULL,5,0,nan,nan,nan,nan,nan,nan,False,NULL,0.25,NULL,0.0,16.75,19.71800271250005,16.75,2.9680027125000485,NULL,0,16.75,NULL,True
67,0.0001828037531400764,candidate,0,1,2587890624.117514,2584555022.1342206,0.000271345830657236,9.75653136338491,2.0597785797867907,49.6875,False,refined,0.03652029549226343,rank_1,0.006850662412270835,19.76137367040458,19.76137367040458,17.0,2.7613736704045806,NULL,0,17.0,NULL,False
67,0.0001828037531400764,candidate,1,2,4316406248.52808,4314727437.804399,0.00021405936060727725,7.549081642040081,-2.0597785797867907,82.875,False,refined,0.4963739149306623,NULL,3.0,20.24637391493066,19.76137367040458,17.0,2.7613736704045806,NULL,0,17.0,NULL,False
67,0.0001828037531400764,candidate,2,3,3378906248.847773,3374518667.577241,0.00021397246434493947,7.587211330002042,-2.0633052864987445,64.875,False,refined,0.4908748809058653,NULL,3.0,20.240874880905864,19.76137367040458,17.0,2.7613736704045806,NULL,0,17.0,NULL,False
67,0.0001828037531400764,candidate,3,4,2021484374.3106618,2020327434.6526098,0.00020847307017615222,7.361052805251003,-2.2894638112497834,38.8125,False,refined,0.5389335674154611,NULL,3.0,20.288933567415462,19.76137367040458,17.0,2.7613736704045806,NULL,0,17.0,NULL,False
67,0.0001828037531400764,candidate,4,5,2998046873.9776483,3000686628.842427,0.00020514771630770128,7.327402042180351,-2.4291293212045595,57.5625,False,refined,0.5527102762482323,NULL,3.0,20.30271027624823,19.76137367040458,17.0,2.7613736704045806,NULL,0,17.0,NULL,False
67,0.0001828037531400764,NULL,5,0,nan,nan,nan,nan,nan,nan,False,NULL,0.25,NULL,0.0,17.0,19.76137367040458,17.0,2.7613736704045806,NULL,0,17.0,NULL,True
68,0.00018280695314007748,candidate,0,1,2949218748.994299,2949623118.335262,0.0002477444496518545,9.307195894814848,1.1432152391453076,56.625,False,refined,0.10392061577777278,NULL,3.0,20.103920615777774,20.103920615777774,17.25,2.853920615777774,NULL,0,17.25,NULL,False
68,0.00018280695314007748,candidate,1,2,3710937498.7345486,3709105742.8441563,0.00021719167347020418,8.062119267084675,-1.1432152391453076,71.25,False,refined,0.36213306238388043,NULL,3.0,20.36213306238388,20.103920615777774,17.25,2.853920615777774,NULL,0,17.25,NULL,False
68,0.00018280695314007748,candidate,2,3,3085937498.947677,3087044352.85352,0.00021643744831667771,8.198582531616125,-1.1734305670509304,59.25,False,refined,0.34355203069826434,NULL,3.0,20.343552030698266,20.103920615777774,17.25,2.853920615777774,NULL,0,17.25,NULL,False
68,0.00018280695314007748,candidate,3,4,2587890624.117514,2588532498.0713315,0.00020667270401645958,7.742451115462767,-1.574416238198486,49.6875,False,refined,0.4370333475679903,rank_1,0.0015820314830296241,20.1999890494556,20.103920615777774,17.25,2.853920615777774,NULL,0,17.25,NULL,False
68,0.00018280695314007748,candidate,4,5,3359374998.8544335,3359702275.164551,0.0002062946138616714,7.615013618277651,-1.5903208879523323,64.5,False,refined,0.45714301275537317,NULL,3.0,20.457143012755374,20.103920615777774,17.25,2.853920615777774,NULL,0,17.25,NULL,False
68,0.00018280695314007748,NULL,5,0,nan,nan,nan,nan,nan,nan,False,NULL,0.25,NULL,0.0,17.25,20.103920615777774,17.25,2.853920615777774,NULL,0,17.25,NULL,True
69,0.00018281015314007857,candidate,0,1,1757812499.4005756,1762030884.1038244,0.0002708175002343581,9.527755849428114,0.6647929084041859,33.75,False,refined,0.07083662258578283,NULL,3.0,20.320836622585784,20.320836622585784,17.5,2.8208366225857837,NULL,0,17.5,NULL,False
69,0.00018281015314007857,candidate,1,2,3691406248.7412086,3689341014.441375,0.00025086327036178123,8.862962941023929,-0.6647929084041859,70.875,False,refined,0.21210511562167234,NULL,3.0,20.46210511562167,20.320836622585784,17.5,2.8208366225857837,NULL,0,17.5,NULL,False
69,0.00018281015314007857,candidate,2,3,2949218748.994299,2952327022.1627383,0.00024804738151550126,8.764914284904934,-0.7628415645231801,56.625,False,refined,0.2329404550469586,rank_1,0.0007311095908242073,20.337592180415555,20.320836622585784,17.5,2.8208366225857837,NULL,0,17.5,NULL,False
69,0.00018281015314007857,candidate,3,4,1601562499.4538577,1604896616.9105182,0.00023761625372404713,8.360660159475808,-1.1360116112401553,30.749999999999996,False,refined,0.3169017017811385,NULL,3.0,20.566901701781138,20.320836622585784,17.5,2.8208366225857837,NULL,0,17.5,NULL,False
69,0.00018281015314007857,candidate,4,5,3076171873.9510074,3080522452.333106,0.00020039701794346423,6.950017236511412,-2.6157094084528776,59.0625,False,refined,0.620979252551593,NULL,3.0,20.870979252551592,20.320836622585784,17.5,2.8208366225857837,NULL,0,17.5,NULL,False
69,0.00018281015314007857,NULL,5,0,nan,nan,nan,nan,nan,nan,False,NULL,0.25,NULL,0.0,17.5,20.320836622585784,17.5,2.8208366225857837,NULL,0,17.5,NULL,True
70,0.00018281335314007966,candidate,0,1,742187499.7469097,738392263.3712604,0.0002451471643568758,7.985933907415594,0.11441109227801505,14.250000000000002,False,refined,0.30210991388766084,NULL,3.0,20.802109913887662,20.802109913887662,17.75,3.052109913887662,NULL,0,17.75,NULL,False
70,0.00018281335314007966,candidate,1,2,3681640623.744539,3682829258.3716865,0.0002419392441199584,7.7765001636206765,-0.11441109227801505,70.6875,False,refined,0.34067566872427446,rank_2,0.004240296711112267,20.80702108105706,20.802109913887662,17.75,3.052109913887662,NULL,0,17.75,NULL,False
70,0.00018281335314007966,candidate,2,3,1640624999.4405372,1637149812.6304865,0.00022526625822059292,7.251319331194832,-0.7346145762207623,31.5,False,refined,0.45821551133457283,NULL,3.0,20.958215511334572,20.802109913887662,17.75,3.052109913887662,NULL,0,17.75,NULL,False
70,0.00018281335314007966,candidate,3,4,3017578123.9709883,3019013072.08955,0.0002175854524504842,6.920421367844707,-1.0359403717323357,57.93750000000001,False,refined,0.526683068056565,NULL,3.0,21.026683068056563,20.802109913887662,17.75,3.052109913887662,NULL,0,17.75,NULL,False
70,0.00018281335314007966,candidate,4,5,1806640624.383925,1808724853.361964,0.00018926241500396722,5.7386839742675555,-2.247249933148039,34.6875,False,refined,0.7796505246816191,NULL,3.0,21.279650524681617,20.802109913887662,17.75,3.052109913887662,NULL,0,17.75,NULL,False
70,0.00018281335314007966,NULL,5,0,nan,nan,nan,nan,nan,nan,False,NULL,0.25,NULL,0.0,17.75,20.802109913887662,17.75,3.052109913887662,NULL,0,17.75,NULL,True
71,0.00018281655314008076,candidate,0,1,732421874.7502398,729395169.6482747,0.0002746540016723845,8.929041283800245,0.5476181645005607,14.0625,False,refined,0.1606438074299632,NULL,3.0,20.910643807429963,20.910643807429963,18.0,2.910643807429963,NULL,0,18.0,NULL,False
71,0.00018281655314008076,candidate,1,2,5791015623.025229,5789139159.893694,0.0002578724953391208,8.262079506351858,-0.5476181645005607,111.1875,False,refined,0.2949142093285063,NULL,3.0,21.044914209328507,20.910643807429963,18.0,2.910643807429963,NULL,0,18.0,NULL,False
71,0.00018281655314008076,candidate,2,3,2138671874.2707002,2134565469.1395652,0.00023285674583587714,7.495099141816137,-1.433942141984108,41.0625,False,refined,0.46535651260158617,NULL,3.0,21.215356512601588,20.910643807429963,18.0,2.910643807429963,NULL,0,18.0,NULL,False
71,0.00018281655314008076,candidate,3,4,3251953123.8910646,3247582815.563755,0.0002177019907694977,6.68197362210079,-2.0184706112805273,62.43749999999999,False,refined,0.6238583698899145,NULL,3.0,21.373858369889916,20.910643807429963,18.0,2.910643807429963,NULL,0,18.0,NULL,False
71,0.00018281655314008076,candidate,4,5,1025390624.6503358,1030128572.0964562,0.00020046365394162409,6.074691894037292,-2.735005776815127,19.6875,False,refined,0.7597340769453517,NULL,3.0,21.509734076945353,20.910643807429963,18.0,2.910643807429963,NULL,0,18.0,NULL,False
71,0.00018281655314008076,NULL,5,0,nan,nan,nan,nan,nan,nan,False,NULL,0.25,NULL,0.0,18.0,20.910643807429963,18.0,2.910643807429963,NULL,0,18.0,NULL,True
72,0.00018281975314008185,candidate,0,1,5791015623.025229,5788724433.112063,0.0002869084296927641,9.799737972862435,1.8636306249359613,111.1875,False,refined,0.03003930407063482,NULL,3.0,21.030039304070634,21.030039304070634,18.25,2.780039304070634,NULL,0,18.25,NULL,False
72,0.00018281975314008185,candidate,1,2,3261718748.887735,3265534607.1155214,0.00023150574734302458,8.034517046957426,-1.8636306249359613,62.62500000000001,False,refined,0.41129935701488374,NULL,3.0,21.411299357014883,21.030039304070634,18.25,2.780039304070634,NULL,0,18.25,NULL,False
72,0.00018281975314008185,candidate,2,3,2128906249.2740304,2130340104.8351536,0.00022842457991293044,7.918138199802467,-1.98000947209092,40.875,False,refined,0.43602986203531247,NULL,3.0,21.436029862035312,21.030039304070634,18.25,2.780039304070634,NULL,0,18.25,NULL,False
72,0.00018281975314008185,candidate,3,4,5957031247.968617,5961206386.583045,0.00021397374662822006,7.252081625665658,-2.547656347196776,114.375,False,refined,0.5714162778499497,NULL,3.0,21.57141627784995,21.030039304070634,18.25,2.780039304070634,NULL,0,18.25,NULL,False
72,0.00018281975314008185,candidate,4,5,3447265623.824462,3449618867.7031846,0.00021226045660700818,7.2701943241873135,-2.617484287223215,66.1875,False,refined,0.5730636193233539,NULL,3.0,21.573063619323353,21.030039304070634,18.25,2.780039304070634,NULL,0,18.25,NULL,False
72,0.00018281975314008185,NULL,5,0,nan,nan,nan,nan,nan,nan,False,NULL,0.25,NULL,0.0,18.25,21.030039304070634,18.25,2.780039304070634,NULL,0,18.25,NULL,True
73,0.00018282295314008294,candidate,0,1,2753906249.0609016,2754685170.84463,0.0002594266013077589,8.756234797270297,0.8268290170833392,52.875,False,refined,0.18656478040945546,NULL,3.0,21.436564780409455,21.415699254955808,18.5,2.9156992549558076,NULL,0,18.5,NULL,False
73,0.00018282295314008294,candidate,1,2,5810546873.018569,5805967132.643327,0.00023587018910737017,7.971652875967177,-0.8268290170833392,111.5625,False,refined,0.3559288821726322,rank_1,0.029731068712542937,21.415699254955808,21.415699254955808,18.5,2.9156992549558076,NULL,0,18.5,NULL,False
73,0.00018282295314008294,candidate,2,3,5947265622.971948,5951422183.262047,0.00022766724264767154,7.56051784138041,-1.1342791679292663,114.1875,False,refined,0.4368147717885177,NULL,3.0,21.68681477178852,21.415699254955808,18.5,2.9156992549558076,NULL,0,18.5,NULL,False
73,0.00018282295314008294,candidate,3,4,3281249998.8810744,3283863398.140837,0.00022098193658792219,7.461875749206861,-1.3931546174436082,63.0,False,refined,0.46779080120919636,NULL,3.0,21.717790801209198,21.415699254955808,18.5,2.9156992549558076,NULL,0,18.5,NULL,False
73,0.00018282295314008294,candidate,4,5,58593749.98001918,nan,0.00019227109779727184,5.709744785372637,-2.6020100023898607,1.125,True,boundary_peak,2.5249139073434708,NULL,3.0,23.77491390734347,21.415699254955808,18.5,2.9156992549558076,NULL,0,18.5,NULL,False
73,0.00018282295314008294,NULL,5,0,nan,nan,nan,nan,nan,nan,False,NULL,0.25,NULL,0.0,18.5,21.415699254955808,18.5,2.9156992549558076,NULL,0,18.5,NULL,True
74,0.00018282615314008403,candidate,0,1,2763671874.0575714,2760888921.026883,0.00026890194129941335,9.131686327204083,1.1875268157830199,53.06249999999999,False,refined,0.1302470509193876,rank_1,0.0038486516323808606,21.570660482961223,21.570660482961223,18.75,2.820660482961223,NULL,0,18.75,NULL,False
74,0.00018282615314008403,candidate,1,2,5947265622.971948,5947021829.36518,0.0002345403650497027,7.924249502726539,-1.1875268157830199,114.1875,False,refined,0.38558300057745787,NULL,3.0,21.88558300057746,21.570660482961223,18.75,2.820660482961223,NULL,0,18.75,NULL,False
74,0.00018282615314008403,candidate,2,3,1826171874.3772647,1822669625.2859025,0.0002332183507273136,7.87792339034028,-1.236624355567697,35.0625,False,refined,0.39560051367193905,NULL,3.0,21.89560051367194,21.570660482961223,18.75,2.820660482961223,NULL,0,18.75,NULL,False
74,0.00018282615314008403,candidate,3,4,5820312498.015239,5821548447.765631,0.00021554997265202974,7.168628059240811,-1.920919309467033,111.74999999999999,False,refined,0.5447632479555679,rank_2,0.024277738094053813,21.98474024100543,21.570660482961223,18.75,2.820660482961223,NULL,0,18.75,NULL,False
74,0.00018282615314008403,candidate,4,5,791015624.7302591,787602945.0909663,0.00020480692181484823,6.755189862430386,-2.3649861450868226,15.187500000000002,False,refined,0.6345331547033685,NULL,3.0,22.13453315470337,21.570660482961223,18.75,2.820660482961223,NULL,0,18.75,NULL,False
74,0.00018282615314008403,NULL,5,0,nan,nan,nan,nan,nan,nan,False,NULL,0.25,NULL,0.0,18.75,21.570660482961223,18.75,2.820660482961223,NULL,0,18.75,NULL,True
75,0.00018282935314008512,candidate,0,1,1826171874.3772647,1824481794.8032112,0.00025630006911491295,9.882541228874269,0.23089452294734691,35.0625,False,refined,0.0176188156688597,NULL,3.0,21.76761881566886,21.65589294452168,19.0,2.6558929445216783,NULL,0,19.0,NULL,False
75,0.00018282935314008512,candidate,1,2,2753906249.0609016,2755469783.5101857,0.0002495766765211986,9.54756767510828,-0.23089452294734691,52.875,False,refined,0.08229575641796727,rank_1,0.0029367051424877334,21.65589294452168,21.65589294452168,19.0,2.6558929445216783,NULL,0,19.0,NULL,False
75,0.00018282935314008512,candidate,2,3,5839843748.008579,5836813437.736814,0.00021569401437706234,8.408453143075736,-1.4982125985917438,112.125,False,refined,0.3323703159506236,NULL,3.0,22.082370315950623,21.65589294452168,19.0,2.6558929445216783,NULL,0,19.0,NULL,False
75,0.00018282935314008512,candidate,3,4,5976562497.961957,5981258549.208432,0.00018083384212076755,6.8016390242891855,-3.0293802716058416,114.75,False,refined,0.6690904133319873,NULL,3.0,22.419090413331986,21.65589294452168,19.0,2.6558929445216783,NULL,0,19.0,NULL,False
75,0.00018282935314008512,candidate,4,5,830078124.7169385,828836083.6940032,0.0001743625898874006,6.5607574990779405,-3.3459082425895392,15.9375,False,refined,0.7250056403001551,NULL,3.0,22.475005640300154,21.65589294452168,19.0,2.6558929445216783,NULL,0,19.0,NULL,False
75,0.00018282935314008512,NULL,5,0,nan,nan,nan,nan,nan,nan,False,NULL,0.25,NULL,0.0,19.0,21.65589294452168,19.0,2.6558929445216783,NULL,0,19.0,NULL,True
76,0.0001828325531400862,candidate,0,1,3369140623.8511033,3371064180.2686076,0.00022953822098804183,9.737086130839518,1.2598550425413002,64.6875,False,refined,0.03943708037407223,NULL,3.0,22.03943708037407,21.954738625197166,19.25,2.704738625197166,NULL,0,19.25,NULL,False
76,0.0001828325531400862,candidate,1,2,2763671874.0575714,2760225467.1508937,0.0001985465107716325,8.547712747815961,-1.2598550425413002,53.06249999999999,False,refined,0.2965840279864371,rank_2,0.0022616526890497407,21.954738625197166,21.954738625197166,19.25,2.704738625197166,NULL,0,19.25,NULL,False
76,0.0001828325531400862,candidate,2,3,1845703124.3706043,1841422124.8666196,0.00019524862680603242,8.304263883065124,-1.4053404644033929,35.4375,False,refined,0.3421941965654435,rank_1,0.028697478265721756,22.13851049050003,21.954738625197166,19.25,2.704738625197166,NULL,0,19.25,NULL,False
76,0.0001828325531400862,candidate,3,4,849609374.7102782,854304442.9231943,0.00019467149167469962,8.306033037206682,-1.431053093632837,16.3125,False,refined,0.3435358627710501,NULL,3.0,22.34353586277105,21.954738625197166,19.25,2.704738625197166,NULL,0,19.25,NULL,False
76,0.0001828325531400862,candidate,4,5,5830078123.011909,5833729877.8227005,0.00018511855847249062,7.939466758033786,-1.8681010323234748,111.93749999999999,False,refined,0.4258363008151492,NULL,3.0,22.42583630081515,21.954738625197166,19.25,2.704738625197166,NULL,0,19.25,NULL,False
76,0.0001828325531400862,NULL,5,0,nan,nan,nan,nan,nan,nan,False,NULL,0.25,NULL,0.0,19.25,21.954738625197166,19.25,2.704738625197166,NULL,0,19.25,NULL,True
77,0.0001828357531400873,candidate,0,1,3349609373.8577633,3346074908.0004535,0.00022468327794706864,8.463337134537836,0.23560374025016984,64.3125,False,refined,0.23049942981932459,rank_1,0.06244637284919378,22.33238288304259,22.33238288304259,19.5,2.832382883042591,NULL,0,19.5,NULL,False
77,0.0001828357531400873,candidate,1,2,2441406249.167466,2437975081.7396913,0.00021867068441431487,8.227733394287666,-0.23560374025016984,46.875,False,refined,0.2805652246224857,NULL,3.0,22.530565224622485,22.33238288304259,19.5,2.832382883042591,NULL,0,19.5,NULL,False
77,0.0001828357531400873,candidate,2,3,830078124.7169385,828598033.9668742,0.00018583785864885786,6.814605961083968,-1.6487311734538679,15.9375,False,refined,0.5808548041782715,NULL,3.0,22.830854804178273,22.33238288304259,19.5,2.832382883042591,NULL,0,19.5,NULL,False
77,0.0001828357531400873,candidate,3,4,947265624.6769768,950283944.3982643,0.0001627335415477282,5.5221458395694345,-2.8018735044383725,18.1875,False,refined,0.8467952180919831,NULL,3.0,23.096795218091984,22.33238288304259,19.5,2.832382883042591,NULL,0,19.5,NULL,False
77,0.0001828357531400873,candidate,4,5,4335937498.52142,4336912544.355672,0.00016055204405623642,5.286307737934157,-2.919098242599123,83.25,False,refined,0.8894974794723216,NULL,3.0,23.139497479472322,22.33238288304259,19.5,2.832382883042591,NULL,0,19.5,NULL,False
77,0.0001828357531400873,NULL,5,0,nan,nan,nan,nan,nan,nan,False,NULL,0.25,NULL,0.0,19.5,22.33238288304259,19.5,2.832382883042591,NULL,0,19.5,NULL,True
78,0.0001828389531400884,candidate,0,1,2441406249.167466,2436992019.2995,0.00022519003313491907,7.300730598350418,1.6990955382717488,46.875,False,refined,0.4048904102474373,NULL,3.0,22.904890410247436,22.904890410247436,19.75,3.154890410247436,NULL,0,19.75,NULL,False
78,0.0001828389531400884,candidate,1,2,3564453123.7845006,3568431057.2125,0.00018518013139053963,5.624410679774732,-1.6990955382717488,68.4375,False,refined,0.7625318691757745,NULL,3.0,23.262531869175774,22.904890410247436,19.75,3.154890410247436,NULL,0,19.75,NULL,False
78,0.0001828389531400884,candidate,2,3,5517578123.118473,5514073173.377351,0.00018342739938328591,5.541807096018632,-1.7816991220278489,105.9375,False,refined,0.7800851307239458,NULL,3.0,23.280085130723947,22.904890410247436,19.75,3.154890410247436,NULL,0,19.75,NULL,False
78,0.0001828389531400884,candidate,3,4,3271484373.8844047,3270295094.1392317,0.00017757803299932944,5.260307743168884,-2.0631984748775967,62.8125,False,refined,0.8399037432045172,NULL,3.0,23.339903743204516,22.904890410247436,19.75,3.154890410247436,NULL,0,19.75,NULL,False
78,0.0001828389531400884,candidate,4,5,58593749.98001918,nan,0.00016827427693804782,4.531769657770699,-2.5306286343448026,1.125,True,boundary_peak,2.697148840980945,NULL,3.0,25.197148840980944,22.904890410247436,19.75,3.154890410247436,NULL,0,19.75,NULL,False
78,0.0001828389531400884,NULL,5,0,nan,nan,nan,nan,nan,nan,False,NULL,0.25,NULL,0.0,19.75,22.904890410247436,19.75,3.154890410247436,NULL,0,19.75,NULL,True
79,0.00018284215314008949,candidate,0,1,1191406249.5937235,1191879888.471027,0.00023687866438458545,8.494287745511855,0.7328026712852775,22.875,False,refined,0.22585683817322177,NULL,3.0,22.97585683817322,22.97585683817322,20.0,2.9758568381732218,NULL,0,20.0,NULL,False
79,0.00018284215314008949,candidate,1,2,2089843749.287351,2088212682.287655,0.0002177137268147452,7.759419406174288,-0.7328026712852775,40.125,False,refined,0.3818872560291866,NULL,3.0,23.131887256029188,22.97585683817322,20.0,2.9758568381732218,NULL,0,20.0,NULL,False
79,0.00018284215314008949,candidate,2,3,3496093748.8078113,3493053886.040329,0.00021212821287123264,7.53573749529008,-0.9585502502217746,67.125,False,refined,0.4295487663453489,NULL,3.0,23.17954876634535,22.97585683817322,20.0,2.9758568381732218,NULL,0,20.0,NULL,False
79,0.00018284215314008949,candidate,3,4,1611328124.4505277,1609794378.4968863,0.0002087996892271815,7.39630012290001,-1.0959219545595555,30.9375,False,refined,0.4590501037249707,NULL,3.0,23.20905010372497,22.97585683817322,20.0,2.9758568381732218,NULL,0,20.0,NULL,False
79,0.00018284215314008949,candidate,4,5,1796874999.387255,1799431277.8846076,0.00020434454668345967,7.174754115901241,-1.2832578684589002,34.5,False,refined,0.5039904993934952,NULL,3.0,23.253990499393495,22.97585683817322,20.0,2.9758568381732218,NULL,0,20.0,NULL,False
79,0.00018284215314008949,NULL,5,0,nan,nan,nan,nan,nan,nan,False,NULL,0.25,NULL,0.0,20.0,22.97585683817322,20.0,2.9758568381732218,NULL,0,20.0,NULL,True
80,0.00018284535314009058,candidate,0,1,1162109374.6037138,1163093826.295451,0.000244878891216928,8.969807777180527,0.4891445939615302,22.312499999999996,False,refined,0.1545288334229209,NULL,3.0,23.154528833422923,23.154528833422923,20.25,2.9045288334229227,NULL,0,20.25,NULL,False
80,0.00018284535314009058,candidate,1,2,2070312499.294011,2074017020.6325781,0.00023146968491150697,8.238896750915021,-0.4891445939615302,39.75,False,refined,0.29473702448534245,NULL,3.0,23.294737024485343,23.154528833422923,20.25,2.9045288334229227,NULL,0,20.25,NULL,False
80,0.00018284535314009058,candidate,2,3,1435546874.5104702,1435942471.4838,0.00021271136391344436,7.357627283840156,-1.2232131568809912,27.5625,False,refined,0.4728067297290386,NULL,3.0,23.47280672972904,23.154528833422923,20.25,2.9045288334229227,NULL,0,20.25,NULL,False
80,0.00018284535314009058,candidate,3,4,3457031248.821132,3460013588.931119,0.0002040203507860078,7.279211835143524,-1.585557204342365,66.375,False,refined,0.5072155499998692,NULL,3.0,23.50721554999987,23.154528833422923,20.25,2.9045288334229227,NULL,0,20.25,NULL,False
80,0.00018284535314009058,candidate,4,5,1806640624.383925,1803785078.3796291,0.00020162882060284766,7.048688077083165,-1.6879748074132461,34.6875,False,refined,0.5481952139008531,NULL,3.0,23.548195213900854,23.154528833422923,20.25,2.9045288334229227,NULL,0,20.25,NULL,False
80,0.00018284535314009058,NULL,5,0,nan,nan,nan,nan,nan,nan,False,NULL,0.25,NULL,0.0,20.25,23.154528833422923,20.25,2.9045288334229227,NULL,0,20.25,NULL,True
81,0.00018284855314009167,candidate,0,1,1445312499.50714,1446340200.1999464,0.00022772350569727804,8.035576594049125,0.701425417565682,27.75,False,refined,0.2946635108926312,NULL,3.0,23.544663510892633,23.544663510892633,20.5,3.044663510892633,NULL,0,20.5,NULL,False
81,0.00018284855314009167,candidate,1,2,1132812499.6137042,1137488740.574371,0.00021005672498514835,7.337989838986028,-0.701425417565682,21.75,False,refined,0.443140612749951,rank_1,0.06556204147838461,23.663231487651256,23.544663510892633,20.5,3.044663510892633,NULL,0,20.5,NULL,False
81,0.00018284855314009167,candidate,2,3,3417968748.8344526,3420917545.237521,0.00019501268869479715,6.655513516400449,-1.346899817347138,65.625,False,refined,0.5858542111241288,NULL,3.0,23.83585421112413,23.544663510892633,20.5,3.044663510892633,NULL,0,20.5,NULL,False
81,0.00018284855314009167,candidate,3,4,2060546874.2973413,2063064774.064831,0.0001948039494823864,6.64897379743862,-1.356202067471246,39.5625,False,refined,0.5874165596011599,NULL,3.0,23.83741655960116,23.544663510892633,20.5,3.044663510892633,NULL,0,20.5,NULL,False
81,0.00018284855314009167,candidate,4,5,2226562499.240729,2222737825.678416,0.00018102825557327258,6.042346704635921,-1.993229889413204,42.74999999999999,False,refined,0.718224862392937,NULL,3.0,23.968224862392937,23.544663510892633,20.5,3.044663510892633,NULL,0,20.5,NULL,False
81,0.00018284855314009167,NULL,5,0,nan,nan,nan,nan,nan,nan,False,NULL,0.25,NULL,0.0,20.5,23.544663510892633,20.5,3.044663510892633,NULL,0,20.5,NULL,True
82,0.00018285175314009276,candidate,0,1,1464843749.5004797,1461594830.8862925,0.00022121592717345946,8.707648037657743,1.6717782743702614,28.125,False,refined,0.19385279435133862,NULL,3.0,23.69385279435134,23.69385279435134,20.75,2.94385279435134,NULL,0,20.75,NULL,False
82,0.00018285175314009276,candidate,1,2,3632812498.7611895,3631420334.2572207,0.00018248512883830534,7.033699891101444,-1.6717782743702614,69.75,False,refined,0.5494311584829248,NULL,3.0,24.049431158482925,23.69385279435134,20.75,2.94385279435134,NULL,0,20.75,NULL,False
82,0.00018285175314009276,candidate,2,3,3388671873.844443,3389063473.008068,0.00018050314760313668,6.931996804500411,-1.76663225438344,65.0625,False,refined,0.5706149952239034,NULL,3.0,24.070614995223902,23.69385279435134,20.75,2.94385279435134,NULL,0,20.75,NULL,False
82,0.00018285175314009276,candidate,3,4,58593749.98001918,nan,0.00016638786207412228,6.048623017480761,-2.4738950144240146,1.125,True,boundary_peak,2.466074985779387,NULL,3.0,25.966074985779386,23.69385279435134,20.75,2.94385279435134,NULL,0,20.75,NULL,False
82,0.00018285175314009276,candidate,4,5,810546874.7235987,815296451.5881717,0.00016622468827008497,6.225230736471392,-2.4824173011863504,15.5625,False,refined,0.7213664708534381,NULL,3.0,24.22136647085344,23.69385279435134,20.75,2.94385279435134,NULL,0,20.75,NULL,False
82,0.00018285175314009276,NULL,5,0,nan,nan,nan,nan,nan,nan,False,NULL,0.25,NULL,0.0,20.75,23.69385279435134,20.75,2.94385279435134,NULL,0,20.75,NULL,True
83,0.00018285495314009385,candidate,0,1,3632812498.7611895,3634556354.0765285,0.00020728351057016078,7.853204099873485,0.16416730358415066,69.75,False,refined,0.3220193850189772,NULL,3.0,24.072019385018976,24.072019385018976,21.0,3.072019385018976,NULL,0,21.0,NULL,False
83,0.00018285495314009385,candidate,1,2,947265624.6769768,951023653.9473617,0.00020340254852918688,7.598796362279687,-0.16416730358415066,18.1875,False,refined,0.37044100213205633,NULL,3.0,24.120441002132058,24.072019385018976,21.0,3.072019385018976,NULL,0,21.0,NULL,False
83,0.00018285495314009385,candidate,2,3,2363281249.194107,2362718185.2202353,0.00019409134602872469,7.282032431874086,-0.5711716679993994,45.375,False,refined,0.4433933644688496,NULL,3.0,24.19339336446885,24.072019385018976,21.0,3.072019385018976,NULL,0,21.0,NULL,False
83,0.00018285495314009385,candidate,3,4,2548828124.1308346,2547927952.308909,0.00017972817079936636,6.554669315680881,-1.2389720205460897,48.9375,False,refined,0.5942353539319984,NULL,3.0,24.344235353932,24.072019385018976,21.0,3.072019385018976,NULL,0,21.0,NULL,False
83,0.00018285495314009385,candidate,4,5,3369140623.8511033,3366541738.192842,0.00017338176232772586,6.202514628031155,-1.5512268458030043,64.6875,False,refined,0.6665744836580145,NULL,3.0,24.416574483658014,24.072019385018976,21.0,3.072019385018976,NULL,0,21.0,NULL,False
83,0.00018285495314009385,NULL,5,0,nan,nan,nan,nan,nan,nan,False,NULL,0.25,NULL,0.0,21.0,24.072019385018976,21.0,3.072019385018976,NULL,0,21.0,NULL,True
84,0.00018285815314009494,candidate,0,1,2324218749.2074275,2321461834.793492,0.0002179708739326857,8.04055004059304,0.727835089666673,44.62499999999999,False,refined,0.29391749391104405,NULL,3.0,24.293917493911046,24.293917493911046,21.25,3.043917493911046,NULL,0,21.25,NULL,False
84,0.00018285815314009494,candidate,1,2,3642578123.757859,3638002865.4605737,0.0002004503001901218,7.183760161124955,-0.727835089666673,69.9375,False,refined,0.46792566893542387,NULL,3.0,24.467925668935425,24.293917493911046,21.25,3.043917493911046,NULL,0,21.25,NULL,False
84,0.00018285815314009494,candidate,2,3,947265624.6769768,943468993.8315521,0.00019610651560961808,7.102553144543808,-0.9181288436788648,18.1875,False,refined,0.4920000810483578,NULL,3.0,24.492000081048356,24.293917493911046,21.25,3.043917493911046,NULL,0,21.25,NULL,False
84,0.00018285815314009494,candidate,3,4,2529296874.137495,2532079807.7743897,0.00019186942698823823,6.865235486494532,-1.1078537382226639,48.5625,False,refined,0.5394555356647367,NULL,3.0,24.539455535664736,24.293917493911046,21.25,3.043917493911046,NULL,0,21.25,NULL,False
84,0.00018285815314009494,candidate,4,5,1113281249.6203644,1114633818.3570082,0.0001855369245592506,6.641187801401349,-1.3993622391916904,21.374999999999996,False,refined,0.5912819697392783,NULL,3.0,24.591281969739278,24.293917493911046,21.25,3.043917493911046,NULL,0,21.25,NULL,False
84,0.00018285815314009494,NULL,5,0,nan,nan,nan,nan,nan,nan,False,NULL,0.25,NULL,0.0,21.25,24.293917493911046,21.25,3.043917493911046,NULL,0,21.25,NULL,True
85,0.00018286135314009603,candidate,0,1,1093749999.627025,1095354738.527802,0.00026156360747994723,9.328680509013836,1.902560655590566,21.0,False,refined,0.10069792364792463,NULL,3.0,24.350697923647925,24.350697923647925,21.5,2.8506979236479246,NULL,0,21.5,NULL,False
85,0.00018286135314009603,candidate,1,2,2070312499.294011,2071115933.3691142,0.0002101112399600225,7.467491588856774,-1.902560655590566,39.75,False,refined,0.4987863026458943,NULL,3.0,24.748786302645893,24.350697923647925,21.5,2.8506979236479246,NULL,0,21.5,NULL,False
85,0.00018286135314009603,candidate,2,3,5771484373.03189,5771391176.436347,0.00020758311618812876,7.284388384092173,-2.007705826466859,110.8125,False,refined,0.5328233565403527,NULL,3.0,24.78282335654035,24.350697923647925,21.5,2.8506979236479246,NULL,0,21.5,NULL,False
85,0.00018286135314009603,candidate,3,4,908203124.6902974,906810363.9642918,0.00020475878880483686,7.1653988789936385,-2.1266953315653936,17.4375,False,refined,0.5581086263737913,NULL,3.0,24.80810862637379,24.350697923647925,21.5,2.8506979236479246,NULL,0,21.5,NULL,False
85,0.00018286135314009603,candidate,4,5,2314453124.2107577,2318098738.552184,0.00019292307097129995,6.648231169378036,-2.643863041180996,44.4375,False,refined,0.6680067646671068,NULL,3.0,24.91800676466711,24.350697923647925,21.5,2.8506979236479246,NULL,0,21.5,NULL,False
85,0.00018286135314009603,NULL,5,0,nan,nan,nan,nan,nan,nan,False,NULL,0.25,NULL,0.0,21.5,24.350697923647925,21.5,2.8506979236479246,NULL,0,21.5,NULL,True
86,0.00018286455314009712,candidate,0,1,1093749999.627025,1092310389.4863136,0.000281488341747532,9.980322878734516,1.8643593230618105,21.0,False,refined,0.002951568189822673,rank_1,0.0009268061086411394,24.354576297946387,24.354576297946387,21.75,2.6045762979463873,NULL,0,21.75,NULL,False
86,0.00018286455314009712,candidate,1,2,2041015624.3040016,2036282560.9896975,0.00022711323659040174,8.08713330043827,-1.8643593230618105,39.1875,False,refined,0.40345246262562273,NULL,3.0,24.903452462625623,24.354576297946387,21.75,2.6045762979463873,NULL,0,21.75,NULL,False
86,0.00018286455314009712,candidate,2,3,4580078123.438167,4583054939.060943,0.0002187758259546324,7.825043801086675,-2.189221609762768,87.9375,False,refined,0.46306978044717173,NULL,3.0,24.96306978044717,24.354576297946387,21.75,2.6045762979463873,NULL,0,21.75,NULL,False
86,0.00018286455314009712,candidate,3,4,644531249.7802111,643624052.9652708,0.0002026731065048588,7.081080228703938,-2.8532857670258505,12.375,False,refined,0.616168326133525,NULL,3.0,25.116168326133526,24.354576297946387,21.75,2.6045762979463873,NULL,0,21.75,NULL,False
86,0.00018286455314009712,candidate,4,5,5253906248.208387,5254667033.097613,0.00020210768628481599,7.05681434992635,-2.877551645803438,100.875,False,refined,0.6213248253737623,NULL,3.0,25.12132482537376,24.354576297946387,21.75,2.6045762979463873,NULL,0,21.75,NULL,False
86,0.00018286455314009712,NULL,5,0,nan,nan,nan,nan,nan,nan,False,NULL,0.25,NULL,0.0,21.75,24.354576297946387,21.75,2.6045762979463873,NULL,0,21.75,NULL,True
87,0.00018286775314009822,candidate,0,1,5244140623.211717,5245840463.924671,0.00025481077983265094,8.040468124900126,0.3869591248481363,100.68749999999999,False,refined,0.29392978126498104,NULL,3.0,25.043929781264982,25.043929781264982,22.0,3.043929781264982,NULL,0,22.0,NULL,False
87,0.00018286775314009822,candidate,1,2,4619140623.424846,4617017582.99722,0.00024370803092069152,7.9029238949749825,-0.3869591248481363,88.6875,False,refined,0.33874636105676115,NULL,3.0,25.08874636105676,25.043929781264982,22.0,3.043929781264982,NULL,0,22.0,NULL,False
87,0.00018286775314009822,candidate,2,3,2041015624.3040016,2043517852.2285619,0.00022452744702574704,7.01804182153543,-1.098967174308978,39.1875,False,refined,0.5159791751639966,NULL,3.0,25.265979175163995,25.043929781264982,22.0,3.043929781264982,NULL,0,22.0,NULL,False
87,0.00018286775314009822,candidate,3,4,1933593749.3406332,1930703891.4499967,0.00021523647223659238,6.849324609017113,-1.466038634328406,37.125,False,refined,0.5642287232929584,NULL,3.0,25.31422872329296,25.043929781264982,22.0,3.043929781264982,NULL,0,22.0,NULL,False
87,0.00018286775314009822,candidate,4,5,517578124.8235028,517522401.95788366,0.0002145142624498384,6.8201307535917355,-1.4952324897537839,9.9375,False,refined,0.5704324175708512,NULL,3.0,25.320432417570853,25.043929781264982,22.0,3.043929781264982,NULL,0,22.0,NULL,False
87,0.00018286775314009822,NULL,5,0,nan,nan,nan,nan,nan,nan,False,NULL,0.25,NULL,0.0,22.0,25.043929781264982,22.0,3.043929781264982,NULL,0,22.0,NULL,True
88,0.0001828709531400993,candidate,0,1,507812499.82683295,506405885.60768574,0.00027085434865059944,8.298310636192356,0.24431739272355202,9.75,False,refined,0.25525340457114654,NULL,3.0,25.255253404571146,25.255253404571146,22.25,3.005253404571146,NULL,0,22.25,NULL,False
88,0.0001828709531400993,candidate,1,2,3271484373.8844047,3269925345.9114246,0.0002633418869149197,8.007479411456595,-0.24431739272355202,62.8125,False,refined,0.31414792532673275,NULL,3.0,25.314147925326733,25.255253404571146,22.25,3.005253404571146,NULL,0,22.25,NULL,False
88,0.0001828709531400993,candidate,2,3,5234374998.215047,5234920103.698461,0.00025284785120620437,7.602787466208145,-0.5975309104284499,100.49999999999999,False,refined,0.39692756197055634,NULL,3.0,25.396927561970557,25.255253404571146,22.25,3.005253404571146,NULL,0,22.25,NULL,False
88,0.0001828709531400993,candidate,3,4,2041015624.3040016,2043668385.7532656,0.0002320203198192959,6.882299015344131,-1.3441958323710335,39.1875,False,refined,0.5516673872215699,NULL,3.0,25.55166738722157,25.255253404571146,22.25,3.005253404571146,NULL,0,22.25,NULL,False
88,0.0001828709531400993,candidate,4,5,2939453123.997629,2936207999.431045,0.00022166141086158247,6.557396245274871,-1.7409143909174851,56.4375,False,refined,0.6251977126411121,NULL,3.0,25.62519771264111,25.255253404571146,22.25,3.005253404571146,NULL,0,22.25,NULL,False
88,0.0001828709531400993,NULL,5,0,nan,nan,nan,nan,nan,nan,False,NULL,0.25,NULL,0.0,22.25,25.255253404571146,22.25,3.005253404571146,NULL,0,22.25,NULL,True
89,0.0001828741531401004,candidate,0,1,2031249999.3073318,2028836283.1979609,0.00028390802661736866,8.712701290380993,0.026967988425088407,39.0,False,refined,0.19309480644285104,NULL,3.0,25.44309480644285,25.44309480644285,22.5,2.9430948064428506,NULL,0,22.5,NULL,False
89,0.0001828741531401004,candidate,1,2,3291015623.877744,3286501290.716335,0.00028302791471986445,8.685733301955905,-0.026967988425088407,63.1875,False,refined,0.19882550398318233,NULL,3.0,25.448825503983183,25.44309480644285,22.5,2.9430948064428506,NULL,0,22.5,NULL,False
89,0.0001828741531401004,candidate,2,3,4394531248.501439,4395006405.395283,0.00024230552790691757,7.492848969771382,-1.3762869774772035,84.375,False,refined,0.46209059062661795,NULL,3.0,25.71209059062662,25.44309480644285,22.5,2.9430948064428506,NULL,0,22.5,NULL,False
89,0.0001828741531401004,candidate,3,4,5214843748.221707,5217470784.196908,0.00024227494153296323,7.164440731733883,-1.3773834718087041,100.125,False,refined,0.5114203572279615,NULL,3.0,25.761420357227962,25.44309480644285,22.5,2.9430948064428506,NULL,0,22.5,NULL,False
89,0.0001828741531401004,candidate,4,5,3769531248.7145677,3766497219.6113205,0.00023775163668061355,7.071605863088637,-1.5410831145328352,72.375,False,refined,0.5355768151950067,NULL,3.0,25.785576815195007,25.44309480644285,22.5,2.9430948064428506,NULL,0,22.5,NULL,False
89,0.0001828741531401004,NULL,5,0,nan,nan,nan,nan,nan,nan,False,NULL,0.25,NULL,0.0,22.5,25.44309480644285,22.5,2.9430948064428506,NULL,0,22.5,NULL,True
90,0.0001828773531401015,candidate,0,1,2460937499.1608057,2465440479.103933,0.00028840002593616816,9.41627417261027,0.7831287678257759,47.25,False,refined,0.08755887410845942,NULL,3.0,25.58755887410846,25.58755887410846,22.75,2.83755887410846,NULL,0,22.75,NULL,False
90,0.0001828773531401015,candidate,1,2,4394531248.501439,4395239885.81069,0.0002635353366720745,8.708465268594034,-0.7831287678257759,84.375,False,refined,0.24267575770000582,NULL,3.0,25.742675757700006,25.58755887410846,22.75,2.83755887410846,NULL,0,22.75,NULL,False
90,0.0001828773531401015,candidate,2,3,2197265624.2507195,2201797818.6796403,0.00025504954117537055,8.424179066105308,-1.067414970314502,42.1875,False,refined,0.3030865757288601,NULL,3.0,25.80308657572886,25.58755887410846,22.75,2.83755887410846,NULL,0,22.75,NULL,False
90,0.0001828773531401015,candidate,3,4,2031249999.3073318,2032150657.9073424,0.0002541718803092502,8.339458372577875,-1.0973558669446781,39.0,False,refined,0.31766598579736116,rank_1,0.0010985079714188235,25.761859300211633,25.58755887410846,22.75,2.83755887410846,NULL,0,22.75,NULL,False
90,0.0001828773531401015,candidate,4,5,4511718748.461477,4513379442.940731,0.00024249988238062044,7.931138983303718,-1.5056752562188347,86.625,False,refined,0.40443385601811943,NULL,3.0,25.90443385601812,25.58755887410846,22.75,2.83755887410846,NULL,0,22.75,NULL,False
90,0.0001828773531401015,NULL,5,0,nan,nan,nan,nan,nan,nan,False,NULL,0.25,NULL,0.0,22.75,25.58755887410846,22.75,2.83755887410846,NULL,0,22.75,NULL,True
91,0.00018288055314010258,candidate,0,1,2460937499.1608057,2461660717.351295,0.0003120217463276577,10.571946795287888,0.9699738354301957,47.25,False,refined,0.0,rank_1,0.0014286598906704054,25.58898753399913,25.58898753399913,23.0,2.5889875339991306,NULL,0,23.0,NULL,False
91,0.00018288055314010258,candidate,1,2,2158203124.26404,2161251089.385811,0.00027905266304586676,9.610272335160532,-0.9699738354301957,41.4375,False,refined,0.11908251444030737,NULL,3.0,25.869082514440308,25.58898753399913,23.0,2.5889875339991306,NULL,0,23.0,NULL,False
91,0.00018288055314010258,candidate,2,3,3466796873.817802,3470022224.407099,0.00024834489763435504,8.52864736416131,-1.9825924310972631,66.5625,False,refined,0.3446149223193824,NULL,3.0,26.094614922319384,25.58898753399913,23.0,2.5889875339991306,NULL,0,23.0,NULL,False
91,0.00018288055314010258,candidate,3,4,810546874.7235987,810069194.3671358,0.00023645353241771763,8.129541793458452,-2.4087811358514344,15.5625,False,refined,0.4311175519719468,NULL,3.0,26.181117551971948,25.58898753399913,23.0,2.5889875339991306,NULL,0,23.0,NULL,False
91,0.00018288055314010258,candidate,4,5,3349609373.8577633,3350733358.7217784,0.00022099911613593715,7.496040825997774,-2.9958865283484837,64.3125,False,refined,0.5628367841221141,NULL,3.0,26.312836784122116,25.58898753399913,23.0,2.5889875339991306,NULL,0,23.0,NULL,False
91,0.00018288055314010258,NULL,5,0,nan,nan,nan,nan,nan,nan,False,NULL,0.25,NULL,0.0,23.0,25.58898753399913,23.0,2.5889875339991306,NULL,0,23.0,NULL,True
92,0.00018288375314010367,candidate,0,1,2158203124.26404,2155299426.6213813,0.00028157632050321686,10.534738601002127,0.19229269980571395,41.4375,False,refined,0.0,rank_2,0.003542228966149743,25.87262474340646,25.811179163008276,23.25,2.5611791630082763,NULL,0,23.25,NULL,False
92,0.00018288375314010367,candidate,1,2,3476562498.8144717,3475225716.0589643,0.0002754111346824301,10.450160834797675,-0.19229269980571395,66.75,False,refined,0.012018293737857122,NULL,3.0,26.012018293737857,25.811179163008276,23.25,2.5611791630082763,NULL,0,23.25,NULL,False
92,0.00018288375314010367,candidate,2,3,1689453124.4238865,1687429732.7758892,0.00024904659338948994,9.636115886527215,-1.0663104785479671,32.4375,False,refined,0.12122702193016577,NULL,3.0,26.121227021930167,25.811179163008276,23.25,2.5611791630082763,NULL,0,23.25,NULL,False
92,0.00018288375314010367,candidate,3,4,1835937499.3739345,1839164551.9770954,0.00024884550588091526,9.607647242093282,-1.0733265529327607,35.25,False,refined,0.1259358232443052,NULL,3.0,26.125935823244305,25.811179163008276,23.25,2.5611791630082763,NULL,0,23.25,NULL,False
92,0.00018288375314010367,candidate,4,5,2460937499.1608057,2458816116.376914,0.00023772996820323156,9.136718619891786,-1.470243944361087,47.25,False,refined,0.22138245353880004,rank_1,0.0008091754703449163,25.811179163008276,25.811179163008276,23.25,2.5611791630082763,NULL,0,23.25,NULL,False
92,0.00018288375314010367,NULL,5,0,nan,nan,nan,nan,nan,nan,False,NULL,0.25,NULL,0.0,23.25,25.811179163008276,23.25,2.5611791630082763,NULL,0,23.25,NULL,True
93,0.00018288695314010476,candidate,0,1,3486328123.8111415,3485698237.0611815,0.0002685682873839875,9.0939818227542,0.8354217778535222,66.9375,False,refined,0.13590272658686997,rank_2,0.01096736961418823,26.158888389938916,26.158888389938916,23.5,2.658888389938916,NULL,0,23.5,NULL,False
93,0.00018288695314010476,candidate,1,2,449218749.84681374,448719025.1355677,0.00024394034902279618,8.215593009617796,-0.8354217778535222,8.625,False,refined,0.31987490967317567,NULL,3.0,26.569874909673175,26.158888389938916,23.5,2.658888389938916,NULL,0,23.5,NULL,False
93,0.00018288695314010476,candidate,2,3,1835937499.3739345,1840563526.6370845,0.00023307904391820094,7.887429912771831,-1.2310300357744275,35.25,False,refined,0.39382489032012713,rank_4,0.000195713009929167,26.51995642657436,26.158888389938916,23.5,2.658888389938916,NULL,0,23.5,NULL,False
93,0.00018288695314010476,candidate,3,4,2167968749.26071,2164931818.5591288,0.00023178300019961292,7.710283311300481,-1.279462993535354,41.625,False,refined,0.4234239404008875,rank_1,0.009278297444238262,26.305326981251586,26.158888389938916,23.5,2.658888389938916,NULL,0,23.5,NULL,False
93,0.00018288695314010476,candidate,4,5,1679687499.4272168,1676576794.396868,0.00022330728628027147,7.490945105182458,-1.603036717571742,32.25,False,refined,0.47654802907086513,rank_3,0.011778627145883062,26.609553678146916,26.158888389938916,23.5,2.658888389938916,NULL,0,23.5,NULL,False
93,0.00018288695314010476,NULL,5,0,nan,nan,nan,nan,nan,nan,False,NULL,0.25,NULL,0.0,23.5,26.158888389938916,23.5,2.658888389938916,NULL,0,23.5,NULL,True
94,0.00018289015314010585,candidate,0,1,439453124.8501439,444098778.7534243,0.0003031538560549254,10.75985771697309,2.0533735869544945,8.4375,False,refined,0.0,NULL,3.0,26.5,26.49477956907445,23.75,2.744779569074449,NULL,0,23.75,NULL,False
94,0.00018289015314010585,candidate,1,2,3486328123.8111415,3481792845.6585755,0.00023932849919110208,8.626465854999186,-2.0533735869544945,66.9375,False,refined,0.33436597093477805,rank_1,0.0015252082007548944,26.49477956907445,26.49477956907445,23.75,2.744779569074449,NULL,0,23.75,NULL,False
94,0.00018289015314010585,candidate,2,3,3808593748.701247,3811306993.1584773,0.00022621009205224337,8.216835311571629,-2.5430224054014605,73.125,False,refined,0.426413603601847,NULL,3.0,26.926413603601848,26.49477956907445,23.75,2.744779569074449,NULL,0,23.75,NULL,False
94,0.00018289015314010585,candidate,3,4,2187499999.25405,2187749886.7367883,0.00021695204110228788,7.6372819605202835,-2.905987127619847,42.0,False,refined,0.5360319013981979,rank_4,0.05206642353603177,26.893425306185815,26.49477956907445,23.75,2.744779569074449,NULL,0,23.75,NULL,False
94,0.00018289015314010585,candidate,4,5,2392578124.184117,2389134785.032904,0.00021663688428244252,7.761225525789781,-2.918613916163899,45.9375,False,refined,0.5182295408917765,NULL,3.0,27.018229540891777,26.49477956907445,23.75,2.744779569074449,NULL,0,23.75,NULL,False
94,0.00018289015314010585,NULL,5,0,nan,nan,nan,nan,nan,nan,False,NULL,0.25,NULL,0.0,23.75,26.49477956907445,23.75,2.744779569074449,NULL,0,23.75,NULL,True
95,0.00018289335314010694,candidate,0,1,429687499.853474,427635789.10350513,0.00027833153758237964,9.678289128634567,0.6323743727554998,8.25,False,refined,0.048256630704814896,rank_1,0.027103002821334512,26.575359633526148,26.575359633526148,24.0,2.5753596335261477,NULL,0,24.0,NULL,False
95,0.00018289335314010694,candidate,1,2,3212890623.9043856,3211885588.277809,0.00025878774133300514,8.99928116109459,-0.6323743727554998,61.68750000000001,False,refined,0.18963122413303024,NULL,3.0,26.93963122413303,26.575359633526148,24.0,2.5753596335261477,NULL,0,24.0,NULL,False
95,0.00018289335314010694,candidate,2,3,3779296873.7112374,3777064797.0758605,0.00024175272992162154,8.497858910427576,-1.2238206369672344,72.5625,False,refined,0.30180995324631577,NULL,3.0,27.051809953246316,26.575359633526148,24.0,2.5753596335261477,NULL,0,24.0,NULL,False
95,0.00018289335314010694,candidate,3,4,58593749.98001918,nan,0.00023267409207454142,7.7886473006771695,-1.5562878172169192,1.125,True,boundary_peak,2.147720893474482,NULL,3.0,28.89772089347448,26.575359633526148,24.0,2.5753596335261477,NULL,0,24.0,NULL,False
95,0.00018289335314010694,candidate,4,5,5976562497.961957,5979016742.057449,0.000211828223809353,7.038041819675511,-2.3715718825177756,114.75,False,refined,0.5925169697060343,NULL,3.0,27.342516969706033,26.575359633526148,24.0,2.5753596335261477,NULL,0,24.0,NULL,False
95,0.00018289335314010694,NULL,5,0,nan,nan,nan,nan,nan,nan,False,NULL,0.25,NULL,0.0,24.0,26.575359633526148,24.0,2.5753596335261477,NULL,0,24.0,NULL,True
96,0.00018289655314010804,candidate,0,1,3271484373.8844047,3267295038.777648,0.00028690517504346226,9.340524411788778,0.3767225860348855,62.8125,False,refined,0.09892133823168336,NULL,3.0,27.098921338231683,27.098921338231683,24.25,2.8489213382316834,NULL,0,24.25,NULL,False
96,0.00018289655314010804,candidate,1,2,4541015623.451487,4541927666.06314,0.0002747275749399907,8.912729483575701,-0.3767225860348855,87.1875,False,refined,0.1866357390908252,NULL,3.0,27.186635739090825,27.098921338231683,24.25,2.8489213382316834,NULL,0,24.25,NULL,False
96,0.00018289655314010804,candidate,2,3,4951171873.311622,4946637501.632027,0.00022171776281811536,6.998994188049581,-2.2387578815271336,95.06250000000001,False,refined,0.5900732393880087,NULL,3.0,27.59007323938801,27.098921338231683,24.25,2.8489213382316834,NULL,0,24.25,NULL,False
96,0.00018289655314010804,candidate,3,4,58593749.98001918,nan,0.00021091092448673196,6.481357387427913,-2.6727861310740852,1.125,True,boundary_peak,2.4135955250779433,NULL,3.0,29.413595525077945,27.098921338231683,24.25,2.8489213382316834,NULL,0,24.25,NULL,False
96,0.00018289655314010804,candidate,4,5,3779296873.7112374,3775904659.5066824,0.00020642159866480713,6.319654696887955,-2.8596648939947933,72.5625,False,refined,0.7307808513414813,NULL,3.0,27.730780851341482,27.098921338231683,24.25,2.8489213382316834,NULL,0,24.25,NULL,False
96,0.00018289655314010804,NULL,5,0,nan,nan,nan,nan,nan,nan,False,NULL,0.25,NULL,0.0,24.25,27.098921338231683,24.25,2.8489213382316834,NULL,0,24.25,NULL,True
97,0.00018289975314010913,candidate,0,1,4541015623.451487,4539676455.903025,0.00024271131911454805,8.523755532637098,0.9901207658165312,87.1875,False,refined,0.22143667010443524,rank_2,0.0005067947185006094,27.40857920391376,27.40857920391376,24.5,2.90857920391376,NULL,0,24.5,NULL,False
97,0.00018289975314010913,candidate,1,2,4931640623.318281,4929093832.662065,0.00021656286702515214,7.502305158862539,-0.9901207658165312,94.6875,False,refined,0.43653677403415236,NULL,3.0,27.686536774034153,27.40857920391376,24.5,2.90857920391376,NULL,0,24.5,NULL,False
97,0.00018289975314010913,candidate,2,3,3271484373.8844047,3267964998.8943615,0.00019978055725068024,6.801689715954664,-1.690736208724406,62.8125,False,refined,0.5854175556520758,rank_1,4.4884655798679845e-05,27.68438377853956,27.40857920391376,24.5,2.90857920391376,NULL,0,24.5,NULL,False
97,0.00018289975314010913,candidate,3,4,1113281249.6203644,1109350883.5589886,0.00019550176813405202,6.6449687112411215,-1.8787868213959769,21.374999999999996,False,refined,0.6206788696510803,NULL,3.0,27.87067886965108,27.40857920391376,24.5,2.90857920391376,NULL,0,24.5,NULL,False
97,0.00018289975314010913,candidate,4,5,1992187499.3206522,1994487877.1156247,0.00018243060386718114,5.974006756869752,-2.479846698257555,38.25,False,refined,0.7588894051106344,NULL,3.0,28.008889405110633,27.40857920391376,24.5,2.90857920391376,NULL,0,24.5,NULL,False
97,0.00018289975314010913,NULL,5,0,nan,nan,nan,nan,nan,nan,False,NULL,0.25,NULL,0.0,24.5,27.40857920391376,24.5,2.90857920391376,NULL,0,24.5,NULL,True
98,0.00018290295314011022,candidate,0,1,2675781249.087543,2670939590.729393,0.0001948474644580367,6.973025498469418,0.0407981348048736,51.375,False,refined,0.45404617522958723,NULL,3.0,27.954046175229585,27.954046175229585,24.75,3.2040461752295855,NULL,0,24.75,NULL,False
98,0.00018290295314011022,candidate,1,2,1992187499.3206522,1996734631.2861433,0.00019393440048677234,6.810873934284913,-0.0407981348048736,38.25,False,refined,0.4809187932825676,NULL,3.0,27.98091879328257,27.954046175229585,24.75,3.2040461752295855,NULL,0,24.75,NULL,False
98,0.00018290295314011022,candidate,2,3,3916015623.6646156,3920072560.872426,0.00018761467896431626,6.5337874959850595,-0.3285588831136188,75.1875,False,refined,0.5404668057968423,NULL,3.0,28.040466805796843,27.954046175229585,24.75,3.2040461752295855,NULL,0,24.75,NULL,False
98,0.00018290295314011022,candidate,3,4,2333984374.2040977,2338063793.8044953,0.00018114344753648176,6.373028074006859,-0.6334425939389821,44.8125,False,refined,0.5836359510201575,NULL,3.0,28.083635951020156,27.954046175229585,24.75,3.2040461752295855,NULL,0,24.75,NULL,False
98,0.00018290295314011022,candidate,4,5,5068359373.27166,5067898873.881779,0.00017711855822175266,6.033732571121986,-0.8286138079766925,97.3125,False,refined,0.6467284773302454,NULL,3.0,28.146728477330246,27.954046175229585,24.75,3.2040461752295855,NULL,0,24.75,NULL,False
98,0.00018290295314011022,NULL,5,0,nan,nan,nan,nan,nan,nan,False,NULL,0.25,NULL,0.0,24.75,27.954046175229585,24.75,3.2040461752295855,NULL,0,24.75,NULL,True
99,0.0001829061531401113,candidate,0,1,1738281249.4072359,1743097125.3411214,0.00022960639635343172,9.050702658115304,0.4090722534708213,33.375,False,refined,0.14239460128270442,NULL,3.0,27.892394601282703,27.892394601282703,25.0,2.892394601282703,NULL,0,25.0,NULL,False
99,0.0001829061531401113,candidate,1,2,3916015623.6646156,3917493280.3215723,0.00021904349975258088,8.54262269754023,-0.4090722534708213,75.1875,False,refined,0.24417361121089187,NULL,3.0,27.994173611210893,27.892394601282703,25.0,2.892394601282703,NULL,0,25.0,NULL,False
99,0.0001829061531401113,candidate,2,3,2021484374.3106618,2020918828.576619,0.00019816283616204286,7.759804996047963,-1.2792354612553858,38.8125,False,refined,0.41598146692126714,NULL,3.0,28.165981466921266,27.892394601282703,25.0,2.892394601282703,NULL,0,25.0,NULL,False
99,0.0001829061531401113,candidate,3,4,3076171873.9510074,3072213548.582046,0.0001908486352410687,7.444804182640237,-1.6058984754750671,59.0625,False,refined,0.4836480273211562,NULL,3.0,28.233648027321156,27.892394601282703,25.0,2.892394601282703,NULL,0,25.0,NULL,False
99,0.0001829061531401113,candidate,4,5,2353515624.1974373,2349789974.440517,0.00018874563090732121,7.371692951432154,-1.702141501614598,45.1875,False,refined,0.5006299011360893,NULL,3.0,28.25062990113609,27.892394601282703,25.0,2.892394601282703,NULL,0,25.0,NULL,False
99,0.0001829061531401113,NULL,5,0,nan,nan,nan,nan,nan,nan,False,NULL,0.25,NULL,0.0,25.0,27.892394601282703,25.0,2.892394601282703,NULL,0,25.0,NULL,True
100,0.0001829093531401124,candidate,0,1,3916015623.6646156,3912931310.64059,0.00025026897907908966,9.227026197754755,0.322833001240026,75.1875,False,refined,0.11594607033678672,rank_2,0.002081156737020004,28.1122008382847,28.08992095940079,25.25,2.8399209594007893,NULL,0,25.25,NULL,False
100,0.0001829093531401124,candidate,1,2,1728515624.410566,1731704902.1086724,0.00024113784308401668,8.90419319651473,-0.322833001240026,33.1875,False,refined,0.18454808310029225,rank_1,0.012978275017795199,28.08992095940079,28.08992095940079,25.25,2.8399209594007893,NULL,0,25.25,NULL,False
100,0.0001829093531401124,candidate,2,3,2060546874.2973413,2065062933.4286911,0.0002297661651461218,8.76737059101428,-0.742418923608108,39.5625,False,refined,0.23129559407336464,NULL,3.0,28.231295594073366,28.08992095940079,25.25,2.8399209594007893,NULL,0,25.25,NULL,False
100,0.0001829093531401124,candidate,3,4,3291015623.877744,3290480536.2179537,0.00020542804256086983,7.794843633715347,-1.7149458809070417,63.1875,False,refined,0.43795757249938805,NULL,3.0,28.43795757249939,28.08992095940079,25.25,2.8399209594007893,NULL,0,25.25,NULL,False
100,0.0001829093531401124,candidate,4,5,58593749.98001918,nan,0.00018815525094782244,6.551175260405886,-2.477813581849091,1.125,True,boundary_peak,2.3909370598046853,NULL,3.0,30.390937059804685,28.08992095940079,25.25,2.8399209594007893,NULL,0,25.25,NULL,False
100,0.0001829093531401124,NULL,5,0,nan,nan,nan,nan,nan,nan,False,NULL,0.25,NULL,0.0,25.25,28.08992095940079,25.25,2.8399209594007893,NULL,0,25.25,NULL,True
101,0.0001829125531401135,candidate,0,1,3320312498.867754,3321080190.0913277,0.00024199514692112818,8.945829091705209,0.25424816356905744,63.75,False,refined,0.15812563624421871,NULL,3.0,28.40812563624422,28.341960856054623,25.5,2.841960856054623,NULL,0,25.5,NULL,False
101,0.0001829125531401135,candidate,1,2,3906249998.667946,3903646856.1099386,0.00023501427814044606,8.631670680308776,-0.25424816356905744,75.0,False,refined,0.22113990817674967,rank_1,0.008620109593173645,28.341960856054623,28.341960856054623,25.5,2.841960856054623,NULL,0,25.5,NULL,False
101,0.0001829125531401135,candidate,2,3,2089843749.287351,2086842049.9553263,0.00022825231186827106,8.465297821762325,-0.5078294304749953,40.125,False,refined,0.2619446661403384,NULL,3.0,28.511944666140337,28.341960856054623,25.5,2.841960856054623,NULL,0,25.5,NULL,False
101,0.0001829125531401135,candidate,3,4,1718749999.413896,1714489372.0531793,0.00021820550240933103,7.983371707388907,-0.8988191738915496,33.0,False,refined,0.35867044225988587,rank_2,0.029637447509158685,28.478228849169835,28.341960856054623,25.5,2.841960856054623,NULL,0,25.5,NULL,False
101,0.0001829125531401135,candidate,4,5,2597656249.114184,2601336771.2077312,0.0001844084012389938,6.511751173938469,-2.360519077349146,49.875,False,refined,0.6707697662435512,NULL,3.0,28.920769766243552,28.341960856054623,25.5,2.841960856054623,NULL,0,25.5,NULL,False
101,0.0001829125531401135,NULL,5,0,nan,nan,nan,nan,nan,nan,False,NULL,0.25,NULL,0.0,25.5,28.341960856054623,25.5,2.841960856054623,NULL,0,25.5,NULL,True
102,0.00018291575314011458,candidate,0,1,3769531248.7145677,3765376019.3743277,0.0002369161243642837,8.696365568120523,0.30618061146618025,72.375,False,refined,0.19554516478192152,NULL,3.0,28.695545164781922,28.695545164781922,25.75,2.9455451647819224,NULL,0,25.75,NULL,False
102,0.00018291575314011458,candidate,1,2,3359374998.8544335,3361561476.2416244,0.00022871022912093734,8.357959923656457,-0.30618061146618025,64.5,False,refined,0.2654422996681677,NULL,3.0,28.765442299668166,28.695545164781922,25.75,2.9455451647819224,NULL,0,25.75,NULL,False
102,0.00018291575314011458,candidate,2,3,5996093747.9552965,nan,0.00021682147858560817,7.878207934518304,-0.769846356639583,115.125,True,boundary_peak,1.8663842071122283,NULL,3.0,30.36638420711223,28.695545164781922,25.75,2.9455451647819224,NULL,0,25.75,NULL,False
102,0.00018291575314011458,candidate,3,4,2128906249.2740304,2127236546.8825393,0.00017927441215883716,6.274839319765171,-2.4215262483553524,40.875,False,refined,0.7101194925574339,NULL,3.0,29.210119492557435,28.695545164781922,25.75,2.9455451647819224,NULL,0,25.75,NULL,False
102,0.00018291575314011458,candidate,4,5,2236328124.237399,2239321404.8043895,0.00017861509126519863,6.242836173866193,-2.45352939425433,42.9375,False,refined,0.7169201610609667,NULL,3.0,29.216920161060965,28.695545164781922,25.75,2.9455451647819224,NULL,0,25.75,NULL,False
102,0.00018291575314011458,NULL,5,0,nan,nan,nan,nan,nan,nan,False,NULL,0.25,NULL,0.0,25.75,28.695545164781922,25.75,2.9455451647819224,NULL,0,25.75,NULL,True
103,0.00018291895314011567,candidate,0,1,3769531248.7145677,3771915901.873399,0.00024291911609771087,9.75058374681538,0.5229309666704296,72.375,False,refined,0.037412437977693,rank_1,0.004277006310165674,28.73723460906978,28.73723460906978,26.0,2.7372346090697803,NULL,0,26.0,NULL,False
103,0.00018291895314011567,candidate,1,2,3378906248.847773,3381009243.1390305,0.00022872579399168202,9.204726241323407,-0.5229309666704296,64.875,False,refined,0.15197424921839087,NULL,3.0,28.90197424921839,28.73723460906978,26.0,2.7372346090697803,NULL,0,26.0,NULL,False
103,0.00018291895314011567,candidate,2,3,2255859374.2307386,2256429501.642989,0.00022469979496698165,8.955250752503776,-0.6771803212632932,43.3125,False,refined,0.1990361572033894,NULL,3.0,28.949036157203388,28.73723460906978,26.0,2.7372346090697803,NULL,0,26.0,NULL,False
103,0.00018291895314011567,candidate,3,4,576171874.803522,578310216.2945473,0.00020920553193833294,8.45039840795148,-1.2977705595371791,11.0625,False,refined,0.3135508987783516,NULL,3.0,29.063550898778352,28.73723460906978,26.0,2.7372346090697803,NULL,0,26.0,NULL,False
103,0.00018291895314011567,candidate,4,5,2011718749.313992,2012580942.0319908,0.00017496899146428096,6.8542384999224915,-2.850012073600876,38.625,False,refined,0.649989979611681,NULL,3.0,29.399989979611682,28.73723460906978,26.0,2.7372346090697803,NULL,0,26.0,NULL,False
103,0.00018291895314011567,NULL,5,0,nan,nan,nan,nan,nan,nan,False,NULL,0.25,NULL,0.0,26.0,28.73723460906978,26.0,2.7372346090697803,NULL,0,26.0,NULL,True
104,0.00018292215314011677,candidate,0,1,605468749.7935315,603292993.8968542,0.00022457128963513452,8.840836696587182,0.04972222044870023,11.624999999999998,False,refined,0.1738744955119227,NULL,3.0,29.173874495511924,29.172721593944587,26.25,2.922721593944587,NULL,0,26.25,NULL,False
104,0.00018292215314011677,candidate,1,2,2714843749.074222,2710448228.0636234,0.00022328940784483014,8.869240298889718,-0.04972222044870023,52.12499999999999,False,refined,0.17272159394458608,NULL,3.0,29.172721593944587,29.172721593944587,26.25,2.922721593944587,NULL,0,26.25,NULL,False
104,0.00018292215314011677,candidate,2,3,2265624999.2274084,2265875038.9636908,0.00021556619439586436,8.52848360362108,-0.3554715648699158,43.5,False,refined,0.24294443226120777,rank_3,0.008921817527676675,29.200902406992274,29.172721593944587,26.25,2.922721593944587,NULL,0,26.25,NULL,False
104,0.00018292215314011677,candidate,3,4,3349609373.8577633,3347053681.188761,0.00021366752189419655,8.525647887163084,-0.4323143977829691,64.3125,False,refined,0.24817246678697302,NULL,3.0,29.248172466786972,29.172721593944587,26.25,2.922721593944587,NULL,0,26.25,NULL,False
104,0.00018292215314011677,candidate,4,5,58593749.98001918,nan,0.00020984617425957115,8.163133120798012,-0.5890635415568646,1.125,True,boundary_peak,2.0310965032276025,NULL,3.0,31.0310965032276,29.172721593944587,26.25,2.922721593944587,NULL,0,26.25,NULL,False
104,0.00018292215314011677,NULL,5,0,nan,nan,nan,nan,nan,nan,False,NULL,0.25,NULL,0.0,26.25,29.172721593944587,26.25,2.922721593944587,NULL,0,26.25,NULL,True
105,0.00018292535314011786,candidate,0,1,3330078123.8644238,3330023097.9388785,0.0002849199736509289,10.19281772967397,0.8637565419462945,63.9375,False,refined,0.0,NULL,3.0,29.25,29.25,26.5,2.75,NULL,0,26.5,NULL,False
105,0.00018292535314011786,candidate,1,2,2695312499.0808825,2695135573.501544,0.0002579497245269763,9.279572883799263,-0.8637565419462945,51.75,False,refined,0.16204885130175395,rank_2,0.0234477389737572,29.3582181842201,29.25,26.5,2.75,NULL,0,26.5,NULL,False
105,0.00018292535314011786,candidate,2,3,58593749.98001918,nan,0.0002285228439099351,8.174576079088842,-1.9158655080113007,1.125,True,boundary_peak,2.11230518238738,NULL,3.0,31.36230518238738,29.25,26.5,2.75,NULL,0,26.5,NULL,False
105,0.00018292535314011786,candidate,3,4,615234374.7902014,616265243.5861787,0.00021401789748064343,7.641344071351064,-2.4854560458159813,11.8125,False,refined,0.5091393921608393,rank_1,0.01682792620021795,29.699841813872982,29.25,26.5,2.75,NULL,0,26.5,NULL,False
105,0.00018292535314011786,candidate,4,5,3730468748.727888,3733007501.5248513,0.0002041871494684648,7.260624381158403,-2.893889785000283,71.625,False,refined,0.5917744543887573,NULL,3.0,29.84177445438876,29.25,26.5,2.75,NULL,0,26.5,NULL,False
105,0.00018292535314011786,NULL,5,0,nan,nan,nan,nan,nan,nan,False,NULL,0.25,NULL,0.0,26.5,29.25,26.5,2.75,NULL,0,26.5,NULL,True
106,0.00018292855314011895,candidate,0,1,3339843748.8610935,3343070199.9785037,0.0002935962516446177,11.294900906887273,2.126090761914341,64.125,False,refined,0.0,rank_1,0.017022687163239125,29.26702268716324,29.26702268716324,26.75,2.517022687163241,NULL,0,26.75,NULL,False
106,0.00018292855314011895,candidate,1,2,2705078124.0775523,2705556684.7422605,0.0002298507729389961,9.168810144972932,-2.126090761914341,51.9375,False,refined,0.2575591508737065,rank_2,0.01085995594913869,29.626637291042947,29.26702268716324,26.75,2.517022687163241,NULL,0,26.75,NULL,False
106,0.00018292855314011895,candidate,2,3,2929687499.0009594,2929575265.131128,0.00022565615327448089,8.759499034068963,-2.286066522112842,56.25,False,refined,0.3289543025217082,NULL,3.0,29.82895430252171,29.26702268716324,26.75,2.517022687163241,NULL,0,26.75,NULL,False
106,0.00018292855314011895,candidate,3,4,58593749.98001918,nan,0.00020666332587315826,7.906148023292285,-3.049741846576568,1.125,True,boundary_peak,2.2234366619171926,NULL,3.0,31.72343666191719,29.26702268716324,26.75,2.517022687163241,NULL,0,26.75,NULL,False
106,0.00018292855314011895,candidate,4,5,5371093748.168426,5373820050.332479,0.0001958013546723133,7.494082142424254,-3.518696288686032,103.125,False,refined,0.5958061966792388,NULL,3.0,30.095806196679238,29.26702268716324,26.75,2.517022687163241,NULL,0,26.75,NULL,False
106,0.00018292855314011895,NULL,5,0,nan,nan,nan,nan,nan,nan,False,NULL,0.25,NULL,0.0,26.75,29.26702268716324,26.75,2.517022687163241,NULL,0,26.75,NULL,True
107,0.00018293175314012004,candidate,0,1,3339843748.8610935,3343997940.288503,0.00026867135253962694,9.484068662317444,0.9962589548023537,64.125,False,refined,0.07738970065238338,rank_1,8.607020827979053e-05,29.344498458023903,29.344498458023903,27.0,2.344498458023903,NULL,0,27.0,NULL,False
107,0.00018293175314012004,candidate,1,2,2939453123.997629,2937641709.1761203,0.0002395567507739713,8.475528667058416,-0.9962589548023537,56.4375,False,refined,0.29093688461638467,NULL,3.0,30.040936884616386,29.344498458023903,27.0,2.344498458023903,NULL,0,27.0,NULL,False
107,0.00018293175314012004,candidate,2,3,58593749.98001918,nan,0.00023504369418106695,8.281203803694996,-1.1614551467527434,1.125,True,boundary_peak,2.049160376117797,NULL,3.0,31.799160376117797,29.344498458023903,27.0,2.344498458023903,NULL,0,27.0,NULL,False
107,0.00018293175314012004,candidate,3,4,2744140624.064232,2748885343.3900084,0.000204909480854225,7.141822018776969,-2.3531861724493464,52.6875,False,refined,0.5758008329615388,NULL,3.0,30.325800832961537,29.344498458023903,27.0,2.344498458023903,NULL,0,27.0,NULL,False
107,0.00018293175314012004,candidate,4,5,5722656248.04854,5725558867.616092,0.00019042702716335155,6.505152708555997,-2.9898554826703183,109.87499999999999,False,refined,0.7110930613834954,NULL,3.0,30.461093061383494,29.344498458023903,27.0,2.344498458023903,NULL,0,27.0,NULL,False
107,0.00018293175314012004,NULL,5,0,nan,nan,nan,nan,nan,nan,False,NULL,0.25,NULL,0.0,27.0,29.344498458023903,27.0,2.344498458023903,NULL,0,27.0,NULL,True
108,0.00018293495314012113,candidate,0,1,1689453124.4238865,1688034848.717512,0.00023307221762559684,7.937831314038704,0.1860851929292373,32.4375,False,refined,0.30932530289419446,NULL,3.0,30.309325302894194,29.922115255688297,27.25,2.672115255688297,NULL,0,27.25,NULL,False
108,0.00018293495314012113,candidate,1,2,2773437499.0542417,2769152783.1394114,0.00022813202146089846,7.654596844204278,-0.1860851929292373,53.25,False,refined,0.36344079792743567,NULL,3.0,30.363440797927435,29.922115255688297,27.25,2.672115255688297,NULL,0,27.25,NULL,False
108,0.00018293495314012113,candidate,2,3,3320312498.867754,3317292217.6308074,0.0002105379006490006,6.992686933048509,-0.8832044056751176,63.75,False,refined,0.5062972353974186,rank_1,0.07131956226697651,29.922115255688297,29.922115255688297,27.25,2.672115255688297,NULL,0,27.25,NULL,False
108,0.00018293495314012113,candidate,3,4,2939453123.997629,2935662012.124855,0.00020861218571916094,6.902840986008112,-0.9630167000671896,56.4375,False,refined,0.5247623958529826,NULL,3.0,30.52476239585298,29.922115255688297,27.25,2.672115255688297,NULL,0,27.25,NULL,False
108,0.00018293495314012113,candidate,4,5,58593749.98001918,nan,0.00018925878295026434,5.975840981419154,-1.808689308182636,1.125,True,boundary_peak,2.4354169345485417,NULL,3.0,32.43541693454854,29.922115255688297,27.25,2.672115255688297,NULL,0,27.25,NULL,False
108,0.00018293495314012113,NULL,5,0,nan,nan,nan,nan,nan,nan,False,NULL,0.25,NULL,0.0,27.25,29.922115255688297,27.25,2.672115255688297,NULL,0,27.25,NULL,True
109,0.00018293815314012222,candidate,0,1,1669921874.4305468,1671345261.7485611,0.0002824116567951062,10.397205781733945,1.978637696502581,32.0625,False,refined,0.0,NULL,3.0,30.25,30.25,27.5,2.75,NULL,0,27.5,NULL,False
109,0.00018293815314012222,candidate,1,2,2773437499.0542417,2772939007.056037,0.00022487994885146242,8.396794455018348,-1.978637696502581,53.25,False,refined,0.3641456877786591,NULL,3.0,30.61414568777866,30.25,27.5,2.75,NULL,0,27.5,NULL,False
109,0.00018293815314012222,candidate,2,3,761718749.7402494,761484156.4782634,0.0001995309085082216,7.357983378557318,-3.0174487729636112,14.625,False,refined,0.584893041526628,NULL,3.0,30.834893041526627,30.25,27.5,2.75,NULL,0,27.5,NULL,False
109,0.00018293815314012222,candidate,3,4,2207031249.2473893,2208193537.7774153,0.000192786519952824,7.0593130551461325,-3.3161190963747966,42.375,False,refined,0.6483604852515049,NULL,3.0,30.898360485251505,30.25,27.5,2.75,NULL,0,27.5,NULL,False
109,0.00018293815314012222,candidate,4,5,2343749999.2007675,2340980409.7048674,0.00018786011384219628,6.849351239013695,-3.540960749286457,45.0,False,refined,0.6939073609783494,NULL,3.0,30.94390736097835,30.25,27.5,2.75,NULL,0,27.5,NULL,False
109,0.00018293815314012222,NULL,5,0,nan,nan,nan,nan,nan,nan,False,NULL,0.25,NULL,0.0,27.5,30.25,27.5,2.75,NULL,0,27.5,NULL,True
110,0.0001829413531401233,candidate,0,1,1650390624.437207,1649388919.932987,0.0002549261049473812,9.721503157275233,1.5596521787204498,31.6875,False,refined,0.04177452640871504,rank_1,0.048208094592233075,30.33998262100095,30.33998262100095,27.75,2.5899826210009493,NULL,0,27.75,NULL,False
110,0.0001829413531401233,candidate,1,2,2783203124.0509114,2784159270.5494866,0.0002130255530306208,8.161850978554783,-1.5596521787204498,53.4375,False,refined,0.3732006143868106,NULL,3.0,30.87320061438681,30.33998262100095,27.75,2.5899826210009493,NULL,0,27.75,NULL,False
110,0.0001829413531401233,candidate,2,3,751953124.7435795,747279026.131842,0.00021101014975330503,8.132850928958515,-1.6422192934592417,14.437499999999998,False,refined,0.38271106649742537,NULL,3.0,30.882711066497425,30.33998262100095,27.75,2.5899826210009493,NULL,0,27.75,NULL,False
110,0.0001829413531401233,candidate,3,4,58593749.98001918,nan,0.00018272640998735022,6.661787469692815,-2.892259772501049,1.125,True,boundary_peak,2.4002481153273934,NULL,3.0,32.90024811532739,30.33998262100095,27.75,2.5899826210009493,NULL,0,27.75,NULL,False
110,0.0001829413531401233,candidate,4,5,2236328124.237399,2234194029.812767,0.0001819112265771069,6.86831819290167,-2.931096163603941,42.9375,False,refined,0.6529457812899958,NULL,3.0,31.152945781289997,30.33998262100095,27.75,2.5899826210009493,NULL,0,27.75,NULL,False
110,0.0001829413531401233,NULL,5,0,nan,nan,nan,nan,nan,nan,False,NULL,0.25,NULL,0.0,27.75,30.33998262100095,27.75,2.5899826210009493,NULL,0,27.75,NULL,True
111,0.0001829445531401244,candidate,0,1,2783203124.0509114,2787975816.6523623,0.00020552344695393766,7.516133035818848,0.39507465376972917,53.4375,False,refined,0.37258004462717276,NULL,3.0,31.122580044627174,30.957184504807717,28.0,2.957184504807717,NULL,0,28.0,NULL,False
111,0.0001829445531401244,candidate,1,2,5634765623.078511,5639507351.39418,0.00019638469675222186,7.1055391333908435,-0.39507465376972917,108.18749999999999,False,refined,0.45886129585198154,NULL,3.0,31.20886129585198,30.957184504807717,28.0,2.957184504807717,NULL,0,28.0,NULL,False
111,0.0001829445531401244,candidate,2,3,537109374.8168426,537290033.5386306,0.00019070008058386507,7.0035136436151735,-0.6502099712177767,10.3125,False,refined,0.490111076658835,NULL,3.0,31.240111076658835,30.957184504807717,28.0,2.957184504807717,NULL,0,28.0,NULL,False
111,0.0001829445531401244,candidate,3,4,1640624999.4405372,1639198573.7960336,0.0001812568389719326,6.409274321552294,-1.0913394656082787,31.5,False,refined,0.6068175683676733,rank_1,0.010384315439092014,30.957184504807717,30.957184504807717,28.0,2.957184504807717,NULL,0,28.0,NULL,False
111,0.0001829445531401244,candidate,4,5,1074218749.633685,1077801425.7155461,0.00017441728855227645,6.204470258326262,-1.425436887068674,20.625,False,refined,0.6584192666928528,NULL,3.0,31.408419266692853,30.957184504807717,28.0,2.957184504807717,NULL,0,28.0,NULL,False
111,0.0001829445531401244,NULL,5,0,nan,nan,nan,nan,nan,nan,False,NULL,0.25,NULL,0.0,28.0,30.957184504807717,28.0,2.957184504807717,NULL,0,28.0,NULL,True
112,0.0001829477531401255,candidate,0,1,5615234373.085172,5615715332.192003,0.00022116520116837257,8.077023346997017,0.10187099912196018,107.8125,False,refined,0.2884464979504475,NULL,3.0,31.288446497950446,31.288446497950446,28.25,3.0384464979504457,NULL,0,28.25,NULL,False
112,0.0001829477531401255,candidate,1,2,488281249.83349323,491726992.5921382,0.00021858645397961502,8.018713334467229,-0.10187099912196018,9.375,False,refined,0.30355993727503816,NULL,3.0,31.30355993727504,31.288446497950446,28.25,3.0384464979504457,NULL,0,28.25,NULL,False
112,0.0001829477531401255,candidate,2,3,3291015623.877744,3293105211.5346675,0.00020044406632224992,7.189238911556357,-0.8544718047469768,63.1875,False,refined,0.4750186510632325,NULL,3.0,31.475018651063234,31.288446497950446,28.25,3.0384464979504457,NULL,0,28.25,NULL,False
112,0.0001829477531401255,candidate,3,4,3564453123.7845006,3564944182.353194,0.000195103796004022,6.8814188969768075,-1.0890215097591671,68.4375,False,refined,0.5358510098134268,NULL,3.0,31.535851009813427,31.288446497950446,28.25,3.0384464979504457,NULL,0,28.25,NULL,False
112,0.0001829477531401255,candidate,4,5,5478515623.131794,5481843980.481025,0.00018336828201511801,6.22263824033543,-1.6278515731838272,105.1875,False,refined,0.6683449872736748,NULL,3.0,31.668344987273674,31.288446497950446,28.25,3.0384464979504457,NULL,0,28.25,NULL,False
112,0.0001829477531401255,NULL,5,0,nan,nan,nan,nan,nan,nan,False,NULL,0.25,NULL,0.0,28.25,31.288446497950446,28.25,3.0384464979504457,NULL,0,28.25,NULL,True
113,0.0001829509531401266,candidate,0,1,5585937498.095162,5584385023.413916,0.00022764454442543317,8.28902929412016,0.7638777582803069,107.25,False,refined,0.25664560588197594,NULL,3.0,31.506645605881975,31.506645605881975,28.5,3.0066456058819746,NULL,0,28.5,NULL,False
113,0.0001829509531401266,candidate,1,2,3554687498.787831,3556857355.0134006,0.00020847950098624345,7.5090893297233485,-0.7638777582803069,68.25,False,refined,0.4213789604340169,NULL,3.0,31.671378960434016,31.506645605881975,28.5,3.0066456058819746,NULL,0,28.5,NULL,False
113,0.0001829509531401266,candidate,2,3,468749999.84015346,472957231.248651,0.00019974940496307982,7.1535942440883815,-1.135435050031779,9.0,False,refined,0.49792555401372895,NULL,3.0,31.74792555401373,31.506645605881975,28.5,3.0066456058819746,NULL,0,28.5,NULL,False
113,0.0001829509531401266,candidate,3,4,1376953124.5304508,1380016298.3403819,0.00016185640540490885,5.326482181185508,-2.9625471129346526,26.4375,False,refined,0.8861868673805896,NULL,3.0,32.13618686738059,31.506645605881975,28.5,3.0066456058819746,NULL,0,28.5,NULL,False
113,0.0001829509531401266,candidate,4,5,3281249998.8810744,3277089149.4468055,0.00016151386311269285,5.286201764100191,-2.9809488396799377,63.0,False,refined,0.8933790378649674,NULL,3.0,32.14337903786497,31.506645605881975,28.5,3.0066456058819746,NULL,0,28.5,NULL,False
113,0.0001829509531401266,NULL,5,0,nan,nan,nan,nan,nan,nan,False,NULL,0.25,NULL,0.0,28.5,31.506645605881975,28.5,3.0066456058819746,NULL,0,28.5,NULL,True
114,0.00018295415314012768,candidate,0,1,5546874998.108483,5548754299.932895,0.0002465304301870136,10.018502476128894,0.6706770769838855,106.5,False,refined,0.0,NULL,3.0,31.5,31.5,28.75,2.75,NULL,0,28.75,NULL,False
114,0.00018295415314012768,candidate,1,2,732421874.7502398,734407654.35093,0.000228211055527768,9.457197176417402,-0.6706770769838855,14.0625,False,refined,0.1233377408488825,NULL,3.0,31.623337740848882,31.5,28.75,2.75,NULL,0,28.75,NULL,False
114,0.00018295415314012768,candidate,2,3,2109374999.2806907,2114256538.7386162,0.00019669469406757612,7.981251370930709,-1.9615577752104496,40.5,False,refined,0.4254096553110468,NULL,3.0,31.925409655311046,31.5,28.75,2.75,NULL,0,28.75,NULL,False
114,0.00018295415314012768,candidate,3,4,3564453123.7845006,3561474195.3163924,0.00017930139350330802,7.142552829258424,-2.7657373738489532,68.4375,False,refined,0.601475661476796,NULL,3.0,32.1014756614768,31.5,28.75,2.75,NULL,0,28.75,NULL,False
114,0.00018295415314012768,candidate,4,5,2451171874.164136,2447009404.163153,0.00017823117653912758,7.310137062011783,-2.8177371913895044,47.0625,False,refined,0.5795880151600765,NULL,3.0,32.07958801516008,31.5,28.75,2.75,NULL,0,28.75,NULL,False
114,0.00018295415314012768,NULL,5,0,nan,nan,nan,nan,nan,nan,False,NULL,0.25,NULL,0.0,28.75,31.5,28.75,2.75,NULL,0,28.75,NULL,True
115,0.00018295735314012877,candidate,0,1,742187499.7469097,743354695.0818279,0.0002382558700982834,10.224420494063358,1.0236725137083802,14.250000000000002,False,refined,0.0,rank_2,0.00800495378403461,31.631342694632917,31.631342694632917,29.0,2.6313426946329166,NULL,0,29.0,NULL,False
115,0.00018295735314012877,candidate,1,2,5546874998.108483,5549068607.628638,0.0002117678287427445,8.856523472397049,-1.0236725137083802,106.5,False,refined,0.23550101124721645,rank_1,9.87893276036268e-06,31.735510890179977,31.631342694632917,29.0,2.6313426946329166,NULL,0,29.0,NULL,False
115,0.00018295735314012877,candidate,2,3,2119140624.2773604,2116136342.7832491,0.00018157511927110084,7.803371408065125,-2.359745427811566,40.6875,False,refined,0.4769783780284541,NULL,3.0,32.226978378028456,31.631342694632917,29.0,2.6313426946329166,NULL,0,29.0,NULL,False
115,0.00018295735314012877,candidate,3,4,2832031249.0342607,2836538063.4450183,0.00017660024983634105,7.292230972288314,-2.601045917209195,54.375,False,refined,0.5687307239823276,NULL,3.0,32.31873072398233,31.631342694632917,29.0,2.6313426946329166,NULL,0,29.0,NULL,False
115,0.00018295735314012877,candidate,4,5,5361328123.171756,5357057331.874249,0.00016914534851724845,6.9176058840573695,-2.975671005440139,102.9375,False,refined,0.6483385552314033,NULL,3.0,32.398338555231405,31.631342694632917,29.0,2.6313426946329166,NULL,0,29.0,NULL,False
115,0.00018295735314012877,NULL,5,0,nan,nan,nan,nan,nan,nan,False,NULL,0.25,NULL,0.0,29.0,31.631342694632917,29.0,2.6313426946329166,NULL,0,29.0,NULL,True
116,0.00018296055314012986,candidate,0,1,1035156249.6470056,1035028086.9194195,0.00019750120056017187,7.92865285250528,0.07047915976631458,19.875,False,refined,0.310702072124208,NULL,3.0,32.31070207212421,32.12910838413359,29.25,2.8791083841335876,NULL,0,29.25,NULL,False
116,0.00018296055314012986,candidate,1,2,1669921874.4305468,1672536002.7991338,0.0001959051179593786,7.894902850704941,-0.07047915976631458,32.0625,False,refined,0.3201695198796535,NULL,3.0,32.320169519879656,32.12910838413359,29.25,2.8791083841335876,NULL,0,29.25,NULL,False
116,0.00018296055314012986,candidate,2,3,5556640623.105153,5560254050.292742,0.00018991465937655765,7.601186550592169,-0.34022502053178805,106.6875,False,refined,0.38108608119441134,rank_2,0.012511412759194698,32.12910838413359,32.12910838413359,29.25,2.8791083841335876,NULL,0,29.25,NULL,False
116,0.00018296055314012986,candidate,3,4,800781249.7269288,797973655.2459679,0.00018681479311843572,7.542872582377473,-0.4831695326751628,15.374999999999998,False,refined,0.39876720843557667,rank_1,0.29832308094119103,32.32843298400969,32.12910838413359,29.25,2.8791083841335876,NULL,0,29.25,NULL,False
116,0.00018296055314012986,candidate,4,5,2812499999.0409207,2815253215.837061,0.00018085456132108902,7.108406018624676,-0.7648054677795724,53.99999999999999,False,refined,0.48153943894252194,NULL,3.0,32.48153943894252,32.12910838413359,29.25,2.8791083841335876,NULL,0,29.25,NULL,False
116,0.00018296055314012986,NULL,5,0,nan,nan,nan,nan,nan,nan,False,NULL,0.25,NULL,0.0,29.25,32.12910838413359,29.25,2.8791083841335876,NULL,0,29.25,NULL,True
117,0.00018296375314013095,candidate,0,1,1689453124.4238865,1693552124.1483948,0.0002761889262279172,10.750938906116598,2.6006281693901734,32.4375,False,refined,0.0,NULL,3.0,32.25,32.25,29.5,2.75,NULL,0,29.5,NULL,False
117,0.00018296375314013095,candidate,1,2,3378906248.847773,3378891714.0431457,0.00020472687302587774,8.136331217988886,-2.6006281693901734,64.875,False,refined,0.44208957788855296,NULL,3.0,32.69208957788855,32.25,29.5,2.75,NULL,0,29.5,NULL,False
117,0.00018296375314013095,candidate,2,3,5566406248.101823,5570492897.873256,0.00019948805592183858,7.836693419217804,-2.8257872717072896,106.875,False,refined,0.501107691599035,rank_3,0.010483399977699646,32.64069947571032,32.25,29.5,2.75,NULL,0,29.5,NULL,False
117,0.00018296375314013095,candidate,3,4,2812499999.0409207,2810599674.7335367,0.00018792208793895688,7.34071690061362,-3.344568649891153,53.99999999999999,False,refined,0.6079280055261541,NULL,3.0,32.857928005526155,32.25,29.5,2.75,NULL,0,29.5,NULL,False
117,0.00018296375314013095,candidate,4,5,4921874998.321611,4917025755.186184,0.0001731515352903898,6.681361089183202,-4.055598298195857,94.5,False,refined,0.7512707302597608,NULL,3.0,33.00127073025976,32.25,29.5,2.75,NULL,0,29.5,NULL,False
117,0.00018296375314013095,NULL,5,0,nan,nan,nan,nan,nan,nan,False,NULL,0.25,NULL,0.0,29.5,32.25,29.5,2.75,NULL,0,29.5,NULL,True
118,0.00018296695314013204,candidate,0,1,1708984374.4172263,1707758329.9637651,0.00024545547153304926,8.980316796167518,1.4394837690142293,32.8125,False,refined,0.15295248057487232,rank_1,0.020181628366866152,32.42313410894174,32.42313410894174,29.75,2.6731341089417384,NULL,0,29.75,NULL,False
118,0.00018296695314013204,candidate,1,2,5556640623.105153,5557529602.743692,0.00020796896434578899,7.355696874457651,-1.4394837690142293,106.6875,False,refined,0.48661320439474165,NULL,3.0,32.98661320439474,32.42313410894174,29.75,2.6731341089417384,NULL,0,29.75,NULL,False
118,0.00018296695314013204,candidate,2,3,2822265624.037591,2819731434.2915335,0.00019638512547601373,6.959436356779598,-1.9372825403172378,54.1875,False,refined,0.5771647052528877,NULL,3.0,33.07716470525289,32.42313410894174,29.75,2.6731341089417384,NULL,0,29.75,NULL,False
118,0.00018296695314013204,candidate,3,4,3779296873.7112374,3782617213.547164,0.00019363886120371603,6.773433459721803,-2.059603953519522,72.5625,False,refined,0.6127102281366997,NULL,3.0,33.1127102281367,32.42313410894174,29.75,2.6731341089417384,NULL,0,29.75,NULL,False
118,0.00018296695314013204,candidate,4,5,2343749999.2007675,2344835225.4281116,0.0001901861748989597,6.579305168702323,-2.2158754747695575,45.0,False,refined,0.6515964418677489,NULL,3.0,33.151596441867746,32.42313410894174,29.75,2.6731341089417384,NULL,0,29.75,NULL,False
118,0.00018296695314013204,NULL,5,0,nan,nan,nan,nan,nan,nan,False,NULL,0.25,NULL,0.0,29.75,32.42313410894174,29.75,2.6731341089417384,NULL,0,29.75,NULL,True
119,0.00018297015314013313,candidate,0,1,3476562498.8144717,3472708248.1488914,0.00022553124012722603,8.306184507839909,0.12779544121703346,66.75,False,refined,0.2540723238240137,NULL,3.0,33.00407232382401,32.99133686661458,30.0,2.9913368666145814,NULL,0,30.0,NULL,False
119,0.00018297015314013313,candidate,1,2,3808593748.701247,3811690509.73243,0.00022223729171006132,8.444335656409878,-0.12779544121703346,73.125,False,refined,0.24133686661458287,NULL,3.0,32.99133686661458,32.99133686661458,30.0,2.9913368666145814,NULL,0,30.0,NULL,False
119,0.00018297015314013313,candidate,2,3,5546874998.108483,5543062309.383539,0.00021893517614123258,8.16546941662696,-0.2578232608408815,106.5,False,refined,0.29129354130851104,NULL,3.0,33.04129354130851,32.99133686661458,30.0,2.9913368666145814,NULL,0,30.0,NULL,False
119,0.00018297015314013313,candidate,3,4,4687499998.401535,4682971713.055836,0.0002019033652984127,7.610868093631371,-0.9612630039955405,90.0,False,refined,0.4184487237050156,NULL,3.0,33.16844872370501,32.99133686661458,30.0,2.9913368666145814,NULL,0,30.0,NULL,False
119,0.00018297015314013313,candidate,4,5,1796874999.387255,1799624388.242881,0.00019748669044885548,7.348053706651374,-1.1533775230540044,34.5,False,refined,0.4698780391931692,NULL,3.0,33.21987803919317,32.99133686661458,30.0,2.9913368666145814,NULL,0,30.0,NULL,False
119,0.00018297015314013313,NULL,5,0,nan,nan,nan,nan,nan,nan,False,NULL,0.25,NULL,0.0,30.0,32.99133686661458,30.0,2.9913368666145814,NULL,0,30.0,NULL,True
120,0.00018297335314013423,candidate,0,1,3486328123.8111415,3483111762.725813,0.0002419121886550325,8.650135210225551,0.6583251269058543,66.9375,False,refined,0.2024797184661673,NULL,3.0,33.202479718466165,33.202479718466165,30.25,2.952479718466165,NULL,0,30.25,NULL,False
120,0.00018297335314013423,candidate,1,2,3828124998.6945868,3825077620.3629107,0.00022425466924623583,7.928149104378575,-0.6583251269058543,73.5,False,refined,0.3519229547748297,NULL,3.0,33.35192295477483,33.202479718466165,30.25,2.952479718466165,NULL,0,30.25,NULL,False
120,0.00018297335314013423,candidate,2,3,4638671873.418185,4639868117.656506,0.0002000211669173286,7.014111736984399,-1.651635881382294,89.0625,False,refined,0.5511104820387336,NULL,3.0,33.55111048203873,33.202479718466165,30.25,2.952479718466165,NULL,0,30.25,NULL,False
120,0.00018297335314013423,candidate,3,4,4511718748.461477,4511633237.652613,0.0001890904272119091,6.470029278116058,-2.1397641526057765,86.625,False,refined,0.6632308678204523,NULL,3.0,33.66323086782045,33.202479718466165,30.25,2.952479718466165,NULL,0,30.25,NULL,False
120,0.00018297335314013423,candidate,4,5,4160156248.5813622,4161655623.8989673,0.0001882379215586133,6.4248476759173645,-2.1790126354924055,79.875,False,refined,0.6724611383306707,NULL,3.0,33.67246113833067,33.202479718466165,30.25,2.952479718466165,NULL,0,30.25,NULL,False
120,0.00018297335314013423,NULL,5,0,nan,nan,nan,nan,nan,nan,False,NULL,0.25,NULL,0.0,30.25,33.202479718466165,30.25,2.952479718466165,NULL,0,30.25,NULL,True
121,0.00018297655314013532,candidate,0,1,1865234374.363944,1865026796.5200467,0.00023934701478577295,8.636529452057049,0.20904498186756548,35.8125,False,refined,0.20452058219144265,NULL,3.0,33.45452058219144,33.45452058219144,30.5,2.954520582191442,NULL,0,30.5,NULL,False
121,0.00018297655314013532,candidate,1,2,4130859373.5913525,4134138695.356755,0.00023365536968735884,8.445031661931015,-0.20904498186756548,79.3125,False,refined,0.24631056207707058,NULL,3.0,33.49631056207707,33.45452058219144,30.5,2.954520582191442,NULL,0,30.5,NULL,False
121,0.00018297655314013532,candidate,2,3,3535156248.794491,3533086414.4734716,0.00020134748069439393,7.1615244816270085,-1.5016363040628544,67.875,False,refined,0.5196235967598771,NULL,3.0,33.76962359675988,33.45452058219144,30.5,2.954520582191442,NULL,0,30.5,NULL,False
121,0.00018297655314013532,candidate,3,4,4550781248.448156,4548516203.137655,0.00020126951845416422,7.1581606324876645,-1.5050001532021984,87.37499999999999,False,refined,0.5203384147019877,NULL,3.0,33.77033841470199,33.45452058219144,30.5,2.954520582191442,NULL,0,30.5,NULL,False
121,0.00018297655314013532,candidate,4,5,2421874999.174126,2426055518.574802,0.00019044435949794395,6.651331436949581,-1.9851980151074677,46.49999999999999,False,refined,0.6263751604017795,NULL,3.0,33.87637516040178,33.45452058219144,30.5,2.954520582191442,NULL,0,30.5,NULL,False
121,0.00018297655314013532,NULL,5,0,nan,nan,nan,nan,nan,nan,False,NULL,0.25,NULL,0.0,30.5,33.45452058219144,30.5,2.954520582191442,NULL,0,30.5,NULL,True
122,0.0001829797531401364,candidate,0,1,1865234374.363944,1862327394.7738845,0.00027481239255586985,10.614966414453066,0.6784838666465642,35.8125,False,refined,0.0,rank_1,0.0007286769787183405,33.45524925917016,33.45524925917016,30.75,2.7052492591701593,NULL,0,30.75,NULL,False
122,0.0001829797531401364,candidate,1,2,4130859373.5913525,4131244757.564557,0.00025416287816183453,9.918831662404557,-0.6784838666465642,79.3125,False,refined,0.054580492304726724,rank_2,0.0008374875945110123,33.55172854197631,33.45524925917016,30.75,2.7052492591701593,NULL,0,30.75,NULL,False
122,0.0001829797531401364,candidate,2,3,5712890623.05187,5712195915.646173,0.00019260984465024512,7.434444450913551,-3.0871566441118503,109.6875,False,refined,0.577780622619958,NULL,3.0,34.077780622619954,33.45524925917016,30.75,2.7052492591701593,NULL,0,30.75,NULL,False
122,0.0001829797531401364,candidate,3,4,3730468748.727888,3727302309.5210304,0.00017233681780909313,6.488344638756631,-4.053164874186255,71.625,False,refined,0.7800711088231462,NULL,3.0,34.280071108823144,33.45524925917016,30.75,2.7052492591701593,NULL,0,30.75,NULL,False
122,0.0001829797531401364,candidate,4,5,3388671873.844443,3388418063.1447415,0.00016971610938838725,6.325939434344683,-4.186264916513851,65.0625,False,refined,0.8127506421304133,NULL,3.0,34.31275064213041,33.45524925917016,30.75,2.7052492591701593,NULL,0,30.75,NULL,False
122,0.0001829797531401364,NULL,5,0,nan,nan,nan,nan,nan,nan,False,NULL,0.25,NULL,0.0,30.75,33.45524925917016,30.75,2.7052492591701593,NULL,0,30.75,NULL,True
123,0.0001829829531401375,candidate,0,1,1845703124.3706043,1847855735.5694206,0.0002604367936994346,9.828456184369081,2.536337212382662,35.4375,False,refined,0.025731572344637854,rank_1,0.02094289201301464,33.50192372352782,33.50192372352782,31.0,2.501923723527817,NULL,0,31.0,NULL,False
123,0.0001829829531401375,candidate,1,2,4121093748.5946827,4121241257.810332,0.00019448471705135935,7.264049459061539,-2.536337212382662,79.125,False,refined,0.5689136569146855,rank_2,0.010007000733278471,34.13064919962428,33.50192372352782,31.0,2.501923723527817,NULL,0,31.0,NULL,False
123,0.0001829829531401375,candidate,2,3,5693359373.058531,5695373661.537555,0.00018927755123062642,7.104122968961635,-2.7720646269430294,109.3125,False,refined,0.6076355938396941,NULL,3.0,34.357635593839696,33.50192372352782,31.0,2.501923723527817,NULL,0,31.0,NULL,False
123,0.0001829829531401375,candidate,3,4,527343749.82017267,523906117.4533151,0.00018290213154857716,6.758784720123652,-3.0696714642454292,10.125,False,refined,0.6780367584967916,NULL,3.0,34.428036758496795,33.50192372352782,31.0,2.501923723527817,NULL,0,31.0,NULL,False
123,0.0001829829531401375,candidate,4,5,5078124998.26833,5079006134.170872,0.00017150452356547757,6.199920972014761,-3.62853521235432,97.5,False,refined,0.7967953049699309,NULL,3.0,34.54679530496993,33.50192372352782,31.0,2.501923723527817,NULL,0,31.0,NULL,False
123,0.0001829829531401375,NULL,5,0,nan,nan,nan,nan,nan,nan,False,NULL,0.25,NULL,0.0,31.0,33.50192372352782,31.0,2.501923723527817,NULL,0,31.0,NULL,True
124,0.0001829861531401386,candidate,0,1,5048828123.278319,5051088156.556202,0.00021905113221878947,8.795679261007763,0.15007573215764403,96.93749999999999,False,refined,0.18064811084883559,NULL,3.0,34.180648110848836,33.909358896856006,31.25,2.6593588968560056,NULL,0,31.25,NULL,False
124,0.0001829861531401386,candidate,1,2,2724609374.0708923,2727903098.0488324,0.00021529885276853227,8.645603528850119,-0.15007573215764403,52.3125,False,refined,0.21253920393233494,NULL,3.0,34.21253920393234,33.909358896856006,31.25,2.6593588968560056,NULL,0,31.25,NULL,False
124,0.0001829861531401386,candidate,2,3,1162109374.6037138,1158375542.3460894,0.00021286710069780065,8.45811710973872,-0.2487391454995791,22.312499999999996,False,refined,0.24682863013291556,NULL,3.0,34.24682863013292,33.909358896856006,31.25,2.6593588968560056,NULL,0,31.25,NULL,False
124,0.0001829861531401386,candidate,3,4,498046874.83016306,494274224.88588643,0.0002064141168418653,8.255463239587355,-0.5161221305206976,9.5625,False,refined,0.29393814721944034,NULL,3.0,34.29393814721944,33.909358896856006,31.25,2.6593588968560056,NULL,0,31.25,NULL,False
124,0.0001829861531401386,candidate,4,5,1855468749.3672743,1856641431.0831769,0.00019491731120522738,7.757683561739341,-1.0139018083687112,35.625,False,refined,0.39971632876214325,rank_1,0.007718844566043714,33.909358896856006,33.909358896856006,31.25,2.6593588968560056,NULL,0,31.25,NULL,False
124,0.0001829861531401386,NULL,5,0,nan,nan,nan,nan,nan,nan,False,NULL,0.25,NULL,0.0,31.25,33.909358896856006,31.25,2.6593588968560056,NULL,0,31.25,NULL,True
125,0.00018298935314013968,candidate,0,1,2734374999.067562,2733646314.638376,0.0002342638097830137,9.551116095625583,0.12144582578800467,52.5,False,refined,0.06733258565616262,rank_2,0.0032984536794411342,34.28317024326794,34.28317024326794,31.5,2.7831702432679393,NULL,0,31.5,NULL,False
125,0.00018298935314013968,candidate,1,2,1171874999.6003838,1172834210.6493382,0.00023101113322973377,9.429670269837578,-0.12144582578800467,22.5,False,refined,0.09313982363611362,NULL,3.0,34.343139823636115,34.28317024326794,31.5,2.7831702432679393,NULL,0,31.5,NULL,False
125,0.00018298935314013968,candidate,2,3,468749999.84015346,473561595.2188674,0.00021430445533515154,8.684715031763739,-0.7734800367892447,9.0,False,refined,0.24563524753476695,NULL,3.0,34.495635247534764,34.28317024326794,31.5,2.7831702432679393,NULL,0,31.5,NULL,False
125,0.00018298935314013968,candidate,3,4,5058593748.27499,5058664735.768666,0.00020097414981390014,8.191407194897957,-1.331300034317433,97.125,False,refined,0.354495172910146,rank_1,0.005740455256274664,34.54088373901526,34.28317024326794,31.5,2.7831702432679393,NULL,0,31.5,NULL,False
125,0.00018298935314013968,candidate,4,5,5478515623.131794,5481642660.518703,0.00019442632144776184,7.815240311696172,-1.6190028492402764,105.1875,False,refined,0.42890163132309145,NULL,3.0,34.67890163132309,34.28317024326794,31.5,2.7831702432679393,NULL,0,31.5,NULL,False
125,0.00018298935314013968,NULL,5,0,nan,nan,nan,nan,nan,nan,False,NULL,0.25,NULL,0.0,31.5,34.28317024326794,31.5,2.7831702432679393,NULL,0,31.5,NULL,True
126,0.00018299255314014077,candidate,0,1,1191406249.5937235,1196286393.7161129,0.0002277244798248415,9.52928627860648,0.393584800058715,22.875,False,refined,0.07060705820902813,rank_2,0.05500048905975096,34.46874737090489,34.46062699070325,31.75,2.710626990703247,NULL,0,31.75,NULL,False
126,0.00018299255314014077,candidate,1,2,2734374999.067562,2733852342.883675,0.00021763587143300455,8.980976982214335,-0.393584800058715,52.5,False,refined,0.17745250267151946,rank_1,4.244763786092824e-06,34.46062699070325,34.46062699070325,31.75,2.710626990703247,NULL,0,31.75,NULL,False
126,0.00018299255314014077,candidate,2,3,5488281248.128464,5483634804.057744,0.0002051652327912201,8.59228423164101,-0.9061190278787645,105.375,False,refined,0.2677898044962713,NULL,3.0,34.767789804496275,34.46062699070325,31.75,2.710626990703247,NULL,0,31.75,NULL,False
126,0.00018299255314014077,candidate,3,4,449218749.84681374,453043993.0750736,0.00019031976114251348,7.97076958373049,-1.5585166948759888,8.625,False,refined,0.40179185587017574,NULL,3.0,34.90179185587017,34.46062699070325,31.75,2.710626990703247,NULL,0,31.75,NULL,False
126,0.00018299255314014077,candidate,4,5,3652343748.7545295,3648671634.752236,0.00018613508372057624,7.6346020512596,-1.751629595258013,70.125,False,refined,0.4642865420146858,NULL,3.0,34.96428654201468,34.46062699070325,31.75,2.710626990703247,NULL,0,31.75,NULL,False
126,0.00018299255314014077,NULL,5,0,nan,nan,nan,nan,nan,nan,False,NULL,0.25,NULL,0.0,31.75,34.46062699070325,31.75,2.710626990703247,NULL,0,31.75,NULL,True
127,0.00018299575314014186,candidate,0,1,3652343748.7545295,3652185847.9504623,0.0002338267799141649,9.813508140128633,0.696271955198311,70.125,False,refined,0.027973778980705077,NULL,3.0,34.77797377898071,34.67190890779501,32.0,2.6719089077950073,NULL,0,32.0,NULL,False
127,0.00018299575314014186,candidate,1,2,1210937499.587063,1208945531.4018514,0.0002158145152815565,9.04253891336288,-0.696271955198311,23.249999999999996,False,refined,0.1871361601954623,rank_1,0.01602537669464863,34.67190890779501,34.67190890779501,32.0,2.6719089077950073,NULL,0,32.0,NULL,False
127,0.00018299575314014186,candidate,2,3,5732421873.04521,5730489766.164105,0.00019345431783792652,8.167191711179411,-1.6463164289492216,110.06249999999999,False,refined,0.37781602013241466,NULL,3.0,35.127816020132414,34.67190890779501,32.0,2.6719089077950073,NULL,0,32.0,NULL,False
127,0.00018299575314014186,candidate,3,4,5468749998.135124,5473112130.745344,0.00019028757269573635,8.04322895189804,-1.789676452486777,105.0,False,refined,0.4053704354957175,NULL,3.0,35.15537043549572,34.67190890779501,32.0,2.6719089077950073,NULL,0,32.0,NULL,False
127,0.00018299575314014186,candidate,4,5,2734374999.067562,2735569996.9942718,0.00018830823539745732,7.858312163932393,-1.880498704628799,52.5,False,refined,0.43878434444944103,rank_2,0.0002950335643649592,34.89970636871705,34.67190890779501,32.0,2.6719089077950073,NULL,0,32.0,NULL,False
127,0.00018299575314014186,NULL,5,0,nan,nan,nan,nan,nan,nan,False,NULL,0.25,NULL,0.0,32.0,34.67190890779501,32.0,2.6719089077950073,NULL,0,32.0,NULL,True
128,0.00018299895314014296,candidate,0,1,3642578123.757859,3638683685.771748,0.00024382795617294728,10.162765183742923,2.0828120748091106,69.9375,False,refined,0.0,rank_1,0.018230838350030223,34.79620461733074,34.79620461733074,32.25,2.546204617330737,NULL,0,32.25,NULL,False
128,0.00018299895314014296,candidate,1,2,1210937499.587063,1210004374.7821777,0.00019184164712914077,7.9779766999504265,-2.0828120748091106,23.249999999999996,False,refined,0.43347924968300544,rank_2,0.00011211493040607645,35.10550027240841,34.79620461733074,32.25,2.546204617330737,NULL,0,32.25,NULL,False
128,0.00018299895314014296,candidate,2,3,2255859374.2307386,2251726170.093503,0.0001798275852964661,7.403930272217032,-2.6445437129238947,43.3125,False,refined,0.5546944412251886,NULL,3.0,35.55469444122519,34.79620461733074,32.25,2.546204617330737,NULL,0,32.25,NULL,False
128,0.00018299895314014296,candidate,3,4,5429687498.148444,5432233472.075926,0.00017394013865511547,7.177148305477905,-2.933673727551591,104.24999999999999,False,refined,0.6067823621502887,NULL,3.0,35.60678236215029,34.79620461733074,32.25,2.546204617330737,NULL,0,32.25,NULL,False
128,0.00018299895314014296,candidate,4,5,4394531248.501439,4394533420.079498,0.00017199088154230225,7.0514873180697535,-3.0315615165392096,84.375,False,refined,0.6317494970732376,NULL,3.0,35.63174949707324,34.79620461733074,32.25,2.546204617330737,NULL,0,32.25,NULL,False
128,0.00018299895314014296,NULL,5,0,nan,nan,nan,nan,nan,nan,False,NULL,0.25,NULL,0.0,32.25,34.79620461733074,32.25,2.546204617330737,NULL,0,32.25,NULL,True
129,0.00018300215314014405,candidate,0,1,3613281248.76785,3616128074.4377213,0.0002176047754021342,8.953982089755934,0.33743343855345387,69.375,False,refined,0.15690268653660988,rank_1,0.05087556026516788,35.00398286413252,35.00398286413252,32.5,2.5039828641325172,NULL,0,32.5,NULL,False
129,0.00018300215314014405,candidate,1,2,2246093749.234069,2249317923.1548505,0.0002093132639279444,8.38867653498391,-0.33743343855345387,43.125,False,refined,0.2627881096620044,NULL,3.0,35.512788109662004,35.00398286413252,32.5,2.5039828641325172,NULL,0,32.5,NULL,False
129,0.00018300215314014405,candidate,2,3,5410156248.155105,5413559206.010242,0.00019016221359474667,7.555226020081349,-1.1708839534560145,103.875,False,refined,0.4398963440787985,NULL,3.0,35.6898963440788,35.00398286413252,32.5,2.5039828641325172,NULL,0,32.5,NULL,False
129,0.00018300215314014405,candidate,3,4,1494140624.4904892,1497470789.341034,0.00017609575177265736,7.115591231548555,-1.8383908582073794,28.6875,False,refined,0.547560743905678,NULL,3.0,35.79756074390568,35.00398286413252,32.5,2.5039828641325172,NULL,0,32.5,NULL,False
129,0.00018300215314014405,candidate,4,5,4394531248.501439,4392192256.485108,0.00017311884483551472,6.674199797898339,-1.986481526400956,84.375,False,refined,0.6230251257153089,NULL,3.0,35.87302512571531,35.00398286413252,32.5,2.5039828641325172,NULL,0,32.5,NULL,False
129,0.00018300215314014405,NULL,5,0,nan,nan,nan,nan,nan,nan,False,NULL,0.25,NULL,0.0,32.5,35.00398286413252,32.5,2.5039828641325172,NULL,0,32.5,NULL,True
130,0.00018300535314014514,candidate,0,1,2255859374.2307386,2254861696.383203,0.00023658229193315727,9.825205643186852,1.3709530195655706,43.3125,False,refined,0.026219153521972238,NULL,3.0,35.52621915352197,35.52621915352197,32.75,2.7762191535219714,NULL,0,32.75,NULL,False
130,0.00018300535314014514,candidate,1,2,380859374.8701247,383645185.81040967,0.00020203870855246923,8.579294753601827,-1.3709530195655706,7.3125,False,refined,0.2987903506825741,NULL,3.0,35.79879035068257,35.52621915352197,32.75,2.7762191535219714,NULL,0,32.75,NULL,False
130,0.00018300535314014514,candidate,2,3,2587890624.117514,2586126452.2244473,0.0001888192414799373,7.866485920799411,-1.9587197223874409,49.6875,False,refined,0.4424470945293034,NULL,3.0,35.94244709452931,35.52621915352197,32.75,2.7762191535219714,NULL,0,32.75,NULL,False
130,0.00018300535314014514,candidate,3,4,5224609373.218377,5225571793.47178,0.00017493738976187022,7.203213790263474,-2.6219918529233777,100.3125,False,refined,0.58339242226819,NULL,3.0,36.08339242226819,35.52621915352197,32.75,2.7762191535219714,NULL,0,32.75,NULL,False
130,0.00018300535314014514,candidate,4,5,5419921873.151774,5415632398.536206,0.00017055276925484854,7.107778585787461,-2.842469187379937,104.0625,False,refined,0.6114875363431269,NULL,3.0,36.11148753634313,35.52621915352197,32.75,2.7762191535219714,NULL,0,32.75,NULL,False
130,0.00018300535314014514,NULL,5,0,nan,nan,nan,nan,nan,nan,False,NULL,0.25,NULL,0.0,32.75,35.52621915352197,32.75,2.7762191535219714,NULL,0,32.75,NULL,True
131,0.00018300855314014623,candidate,0,1,371093749.87345487,370995576.3749755,0.00024701045832077503,9.72641071349277,0.3384755925528804,7.125000000000001,False,refined,0.04103839297608447,NULL,3.0,35.791038392976084,35.65157221284986,33.0,2.6515722128498567,NULL,0,33.0,NULL,False
131,0.00018300855314014623,candidate,1,2,2265624999.2274084,2265530719.587756,0.00023756998040833972,9.381229805470621,-0.3384755925528804,43.5,False,refined,0.11397025371396186,rank_1,0.011382805613929308,35.65157221284986,35.65157221284986,33.0,2.6515722128498567,NULL,0,33.0,NULL,False
131,0.00018300855314014623,candidate,2,3,5214843748.221707,5218566325.053601,0.000187948032103259,7.327266253379259,-2.3735511734863124,100.125,False,refined,0.5492570103360057,NULL,3.0,36.29925701033601,35.65157221284986,33.0,2.6515722128498567,NULL,0,33.0,NULL,False
131,0.00018300855314014623,candidate,3,4,4228515623.558051,4225529667.8051553,0.00017201978568858833,6.666312901538403,-3.142738784693009,81.1875,False,refined,0.6964742388125527,NULL,3.0,36.446474238812556,35.65157221284986,33.0,2.6515722128498567,NULL,0,33.0,NULL,False
131,0.00018300855314014623,candidate,4,5,2597656249.114184,2601657141.191739,0.00016153599671032002,6.011896911138788,-3.6889205157267835,49.875,False,refined,0.8287729955621058,NULL,3.0,36.578772995562105,35.65157221284986,33.0,2.6515722128498567,NULL,0,33.0,NULL,False
131,0.00018300855314014623,NULL,5,0,nan,nan,nan,nan,nan,nan,False,NULL,0.25,NULL,0.0,33.0,35.65157221284986,33.0,2.6515722128498567,NULL,0,33.0,NULL,True
132,0.00018301175314014732,candidate,0,1,371093749.87345487,370273442.37083185,0.0002456387763786707,9.274958187956743,1.9919158917631652,7.125000000000001,False,refined,0.1087562718064885,rank_1,5.214775199405487e-05,35.89984681253457,35.89984681253457,33.25,2.6498468125345696,NULL,0,33.25,NULL,False
132,0.00018301175314014732,candidate,1,2,2285156249.2207484,2281210547.5249624,0.00019529949969327348,7.302693256991937,-1.9919158917631652,43.875,False,refined,0.5290907546864073,rank_2,0.024585700414039416,36.2052486679503,35.89984681253457,33.25,2.6498468125345696,NULL,0,33.25,NULL,False
132,0.00018301175314014732,candidate,2,3,5664062498.0685215,5664381325.855828,0.00018029061267517171,6.719328672982066,-2.6864762149753307,108.75,False,refined,0.6600054624886483,NULL,3.0,36.66000546248865,35.89984681253457,33.25,2.6498468125345696,NULL,0,33.25,NULL,False
132,0.00018301175314014732,candidate,3,4,4707031248.394875,4702516680.332161,0.0001790210414594107,6.700701775918478,-2.747856920174252,90.375,False,refined,0.666635791123119,NULL,3.0,36.66663579112312,35.89984681253457,33.25,2.6498468125345696,NULL,0,33.25,NULL,False
132,0.00018301175314014732,candidate,4,5,5507812498.121803,5504943042.811279,0.0001751059752579219,6.298374521225538,-2.9399191854212248,105.75,False,refined,0.7389887709049958,NULL,3.0,36.738988770904996,35.89984681253457,33.25,2.6498468125345696,NULL,0,33.25,NULL,False
132,0.00018301175314014732,NULL,5,0,nan,nan,nan,nan,nan,nan,False,NULL,0.25,NULL,0.0,33.25,35.89984681253457,33.25,2.6498468125345696,NULL,0,33.25,NULL,True
133,0.0001830149531401484,candidate,0,1,810546874.7235987,813675372.5680964,0.00023202003054006594,8.682386615097064,0.0736819824338042,15.5625,False,refined,0.19764200773544038,NULL,3.0,36.44764200773544,36.143057255255854,33.5,2.6430572552558544,NULL,0,33.5,NULL,False
133,0.0001830149531401484,candidate,1,2,380859374.8701247,382783365.6487914,0.00023006014040279424,8.513629994819114,-0.0736819824338042,7.3125,False,refined,0.22756062467924565,rank_1,0.01564981804204336,36.143057255255854,36.143057255255854,33.5,2.6430572552558544,NULL,0,33.5,NULL,False
133,0.0001830149531401484,candidate,2,3,4716796873.391544,4712545700.780952,0.0002138826326776686,8.051737246140451,-0.7069991687394417,90.5625,False,refined,0.3364268611251474,NULL,3.0,36.58642686112515,36.143057255255854,33.5,2.6430572552558544,NULL,0,33.5,NULL,False
133,0.0001830149531401484,candidate,3,4,3066406248.9543376,3070139420.901645,0.00020626362913573674,7.658933938659631,-1.0220564976509827,58.87500000000001,False,refined,0.41503844030424175,NULL,3.0,36.665038440304244,36.143057255255854,33.5,2.6430572552558544,NULL,0,33.5,NULL,False
133,0.0001830149531401484,candidate,4,5,2041015624.3040016,2036861957.985539,0.00017161060307949722,6.056290638297277,-2.6196272419138023,39.1875,False,refined,0.7552831068750211,NULL,3.0,37.00528310687502,36.143057255255854,33.5,2.6430572552558544,NULL,0,33.5,NULL,False
133,0.0001830149531401484,NULL,5,0,nan,nan,nan,nan,nan,nan,False,NULL,0.25,NULL,0.0,33.5,36.143057255255854,33.5,2.6430572552558544,NULL,0,33.5,NULL,True
134,0.0001830181531401495,candidate,0,1,810546874.7235987,814843451.6544628,0.00028691080266474205,10.516694580431256,2.1161201464880097,15.5625,False,refined,0.0,rank_1,0.0001364408752006599,36.44777844861064,36.44777844861064,33.75,2.6977784486106415,NULL,0,33.75,NULL,False
134,0.0001830181531401495,candidate,1,2,400390624.8634644,400291054.1856543,0.00022487485335000924,8.31533319284552,-2.1161201464880097,7.687499999999999,False,refined,0.38495753022867263,rank_2,0.03065191579038009,36.55866670127491,36.44777844861064,33.75,2.6977784486106415,NULL,0,33.75,NULL,False
134,0.0001830181531401495,candidate,2,3,5205078123.225038,5202222796.088359,0.00017985773100407903,6.342652834271645,-4.056355803777221,99.9375,False,refined,0.8021243125953296,NULL,3.0,37.30212431259533,36.44777844861064,33.75,2.6977784486106415,NULL,0,33.75,NULL,False
134,0.0001830181531401495,candidate,3,4,3046874998.9609976,3048072444.5655184,0.0001793136241993547,6.2811610852957145,-4.082672241343719,58.5,False,refined,0.8129928522896253,NULL,3.0,37.312992852289625,36.44777844861064,33.75,2.6977784486106415,NULL,0,33.75,NULL,False
134,0.0001830181531401495,candidate,4,5,4687499998.401535,4685941675.804422,0.00016918401895425961,5.811257376517016,-4.587751261531849,90.0,False,refined,0.9150458473681882,NULL,3.0,37.41504584736819,36.44777844861064,33.75,2.6977784486106415,NULL,0,33.75,NULL,False
134,0.0001830181531401495,NULL,5,0,nan,nan,nan,nan,nan,nan,False,NULL,0.25,NULL,0.0,33.75,36.44777844861064,33.75,2.6977784486106415,NULL,0,33.75,NULL,True
135,0.0001830213531401506,candidate,0,1,791015624.7302591,791475223.7650323,0.00027238920288548434,9.916888991980235,1.1715691277403817,15.187500000000002,False,refined,0.012466651202964751,rank_1,0.054607407469235855,36.51485250728284,36.51485250728284,34.0,2.514852507282839,NULL,0,34.0,NULL,False
135,0.0001830213531401506,candidate,1,2,5244140623.211717,5244735820.092107,0.00023801889375793894,8.72332428024901,-1.1715691277403817,100.68749999999999,False,refined,0.2647244284464224,NULL,3.0,37.01472442844642,36.51485250728284,34.0,2.514852507282839,NULL,0,34.0,NULL,False
135,0.0001830213531401506,candidate,2,3,927734374.6836371,928466847.559578,0.00023256736267411224,8.592383912835961,-1.3728224159144453,17.8125,False,refined,0.2969438140692586,NULL,3.0,37.04694381406926,36.51485250728284,34.0,2.514852507282839,NULL,0,34.0,NULL,False
135,0.0001830213531401506,candidate,3,4,410156249.8601343,413122740.5205153,0.00020746829963743578,7.552126168093896,-2.3647628238863394,7.875,False,refined,0.5149787512788119,rank_2,0.016465217419625953,37.09011066997335,36.51485250728284,34.0,2.514852507282839,NULL,0,34.0,NULL,False
135,0.0001830213531401506,candidate,4,5,2470703124.1574755,2474810055.0672565,0.0001789504139042759,6.316062697846361,-3.649143630904046,47.43749999999999,False,refined,0.7806620722545488,NULL,3.0,37.53066207225455,36.51485250728284,34.0,2.514852507282839,NULL,0,34.0,NULL,False
135,0.0001830213531401506,NULL,5,0,nan,nan,nan,nan,nan,nan,False,NULL,0.25,NULL,0.0,34.0,36.51485250728284,34.0,2.514852507282839,NULL,0,34.0,NULL,True
136,0.00018302455314015168,candidate,0,1,781249999.7335892,784371739.6838005,0.0002292219343088762,8.251151460323767,0.38555611647634436,15.0,False,refined,0.262327280951435,rank_1,0.0050459486092314055,36.7822257368435,36.7822257368435,34.25,2.5322257368435004,NULL,0,34.25,NULL,False
136,0.00018302455314015168,candidate,1,2,5244140623.211717,5243567380.843479,0.00021926957115514135,7.8751660374954735,-0.38555611647634436,100.68749999999999,False,refined,0.3428223516554505,NULL,3.0,37.34282235165545,36.7822257368435,34.25,2.5322257368435004,NULL,0,34.25,NULL,False
136,0.00018302455314015168,candidate,2,3,976562499.6669865,976670032.6216787,0.00021248671728041747,7.768841207291262,-0.6584877182181792,18.75,False,refined,0.37582930129494696,NULL,3.0,37.37582930129495,36.7822257368435,34.25,2.5322257368435004,NULL,0,34.25,NULL,False
136,0.00018302455314015168,candidate,3,4,2490234374.1508155,2493198620.383348,0.00019474574553358484,7.011565039456329,-1.4157638860531119,47.8125,False,refined,0.5367504869598702,NULL,3.0,37.53675048695987,36.7822257368435,34.25,2.5322257368435004,NULL,0,34.25,NULL,False
136,0.00018302455314015168,candidate,4,5,4169921873.578032,4172483379.0440993,0.00017652562410850535,6.052098305190139,-2.268968348344673,80.0625,False,refined,0.7339957759930212,NULL,3.0,37.73399577599302,36.7822257368435,34.25,2.5322257368435004,NULL,0,34.25,NULL,False
136,0.00018302455314015168,NULL,5,0,nan,nan,nan,nan,nan,nan,False,NULL,0.25,NULL,0.0,34.25,36.7822257368435,34.25,2.5322257368435004,NULL,0,34.25,NULL,True
137,0.00018302775314015278,candidate,0,1,4931640623.318281,4932768640.281373,0.00020198033826278645,8.14544176828253,0.180674994648502,94.6875,False,refined,0.27818373475762037,NULL,3.0,37.52818373475762,37.39595926069199,34.5,2.8959592606919884,NULL,0,34.5,NULL,False
137,0.00018302775314015278,candidate,1,2,1005859374.656996,1007210845.9662294,0.00019782234488348655,8.008626629144509,-0.180674994648502,19.3125,False,refined,0.3099981927938551,NULL,3.0,37.559998192793856,37.39595926069199,34.5,2.8959592606919884,NULL,0,34.5,NULL,False
137,0.00018302775314015278,candidate,2,3,4179687498.574702,4176530518.2457685,0.00018945553865649283,7.624550570757922,-0.556035779402908,80.25,False,refined,0.39106965059899346,NULL,3.0,37.64106965059899,37.39595926069199,34.5,2.8959592606919884,NULL,0,34.5,NULL,False
137,0.00018302775314015278,candidate,3,4,3457031248.821132,3452970195.6797504,0.00016828106184574472,6.542658311155947,-1.5854770291905496,66.375,False,refined,0.6176935676510174,NULL,3.0,37.86769356765102,37.39595926069199,34.5,2.8959592606919884,NULL,0,34.5,NULL,False
137,0.00018302775314015278,candidate,4,5,781249999.7335892,779911785.8601933,0.00016738779807758445,6.601581456136936,-1.6317059753305418,15.0,False,refined,0.6117444050376185,rank_1,0.001989118810870854,37.39595926069199,37.39595926069199,34.5,2.8959592606919884,NULL,0,34.5,NULL,False
137,0.00018302775314015278,NULL,5,0,nan,nan,nan,nan,nan,nan,False,NULL,0.25,NULL,0.0,34.5,37.39595926069199,34.5,2.8959592606919884,NULL,0,34.5,NULL,True
138,0.00018303095314015387,candidate,0,1,4189453123.5713716,4186960439.1288443,0.00019737882333233024,9.297904015458593,0.7729461333217191,80.4375,False,refined,0.10531439768121098,NULL,3.0,37.60531439768121,37.60531439768121,34.75,2.8553143976812123,NULL,0,34.75,NULL,False
138,0.00018303095314015387,candidate,1,2,4931640623.318281,4934284640.994098,0.00018057318110289237,8.594260477394453,-0.7729461333217191,94.6875,False,refined,0.2591700617234395,NULL,3.0,37.75917006172344,37.60531439768121,34.75,2.8553143976812123,NULL,0,34.75,NULL,False
138,0.00018303095314015387,candidate,2,3,3837890623.6912565,3840848524.7497497,0.00016746379328769293,7.995052325066512,-1.4275926250909698,73.6875,False,refined,0.38996669030820885,NULL,3.0,37.889966690308206,37.60531439768121,34.75,2.8553143976812123,NULL,0,34.75,NULL,False
138,0.00018303095314015387,candidate,3,4,1347656249.5404413,1351967188.924651,0.0001607759804556441,7.549931555725458,-1.7815877780641554,25.875,False,refined,0.47885950277019107,NULL,3.0,37.97885950277019,37.60531439768121,34.75,2.8553143976812123,NULL,0,34.75,NULL,False
138,0.00018303095314015387,candidate,4,5,3144531248.927696,3148242083.5832214,0.0001584497521320199,7.470260591071476,-1.9081798293145358,60.375,False,refined,0.4987221506714371,NULL,3.0,37.99872215067144,37.60531439768121,34.75,2.8553143976812123,NULL,0,34.75,NULL,False
138,0.00018303095314015387,NULL,5,0,nan,nan,nan,nan,nan,nan,False,NULL,0.25,NULL,0.0,34.75,37.60531439768121,34.75,2.8553143976812123,NULL,0,34.75,NULL,True
139,0.00018303415314015496,candidate,0,1,3505859373.8044815,3507826535.527469,0.00020438161972704226,9.928692824268666,0.04491634697920688,67.3125,False,refined,0.010696076359700157,NULL,3.0,37.7606960763597,37.60916838644966,35.0,2.60916838644966,NULL,0,35.0,NULL,False
139,0.00018303415314015496,candidate,1,2,4179687498.574702,4183725138.3974633,0.00020332745244501117,10.148453500402876,-0.04491634697920688,80.25,False,refined,0.00280727168620043,rank_1,0.0010467170822474044,37.60916838644966,37.60916838644966,35.0,2.60916838644966,NULL,0,35.0,NULL,False
139,0.00018303415314015496,candidate,2,3,947265624.6769768,942485050.7092062,0.0002032000418857716,9.825441373221366,-0.050360869713568235,18.1875,False,refined,0.029331348373893062,NULL,3.0,37.779331348373894,37.60916838644966,35.0,2.60916838644966,NULL,0,35.0,NULL,False
139,0.00018303415314015496,candidate,3,4,58593749.98001918,nan,0.00018174022729438544,8.773677412033845,-1.019815394989081,1.125,True,boundary_peak,1.9664368503817409,NULL,3.0,39.71643685038174,37.60916838644966,35.0,2.60916838644966,NULL,0,35.0,NULL,False
139,0.00018303415314015496,candidate,4,5,1357421874.537111,1361861532.0815837,0.0001639708828622264,8.080405612703663,-1.9135020317861784,26.062499999999996,False,refined,0.40753303508108674,NULL,3.0,38.15753303508109,37.60916838644966,35.0,2.60916838644966,NULL,0,35.0,NULL,False
139,0.00018303415314015496,NULL,5,0,nan,nan,nan,nan,nan,nan,False,NULL,0.25,NULL,0.0,35.0,37.60916838644966,35.0,2.60916838644966,NULL,0,35.0,NULL,True
140,0.00018303735314015605,candidate,0,1,947265624.6769768,945055779.375751,0.00023255239782579942,10.323340449702432,0.3647882781543643,18.1875,False,refined,0.0,rank_3,0.000660864587699518,37.779992212961595,37.779992212961595,35.25,2.529992212961595,NULL,0,35.25,NULL,False
140,0.00018303735314015605,candidate,1,2,3515624998.8011513,3512076868.1996884,0.0002229879566749709,9.900681172500239,-0.3647882781543643,67.5,False,refined,0.03769709150961198,rank_1,0.0018065327824534655,37.80019970065177,37.779992212961595,35.25,2.529992212961595,NULL,0,35.25,NULL,False
140,0.00018303735314015605,candidate,2,3,4130859373.5913525,4127597458.195829,0.00019513704457269526,8.81812431214982,-1.52362197394039,79.3125,False,refined,0.2725077265488014,rank_2,0.31503164848169435,38.196707761480155,37.779992212961595,35.25,2.529992212961595,NULL,0,35.25,NULL,False
140,0.00018303735314015605,candidate,3,4,2236328124.237399,2231926704.9994845,0.00017496120344795622,7.8517591584656365,-2.471581291236795,42.9375,False,refined,0.4767099569324542,NULL,3.0,38.47670995693245,37.779992212961595,35.25,2.529992212961595,NULL,0,35.25,NULL,False
140,0.00018303735314015605,candidate,4,5,3281249998.8810744,3285256925.567874,0.00014252415179768046,6.0890991507341585,-4.252647135356051,63.0,False,refined,0.8524255733496294,NULL,3.0,38.85242557334963,37.779992212961595,35.25,2.529992212961595,NULL,0,35.25,NULL,False
140,0.00018303735314015605,NULL,5,0,nan,nan,nan,nan,nan,nan,False,NULL,0.25,NULL,0.0,35.25,37.779992212961595,35.25,2.529992212961595,NULL,0,35.25,NULL,True
141,0.00018304055314015714,candidate,0,1,957031249.6736467,955930606.6281747,0.00024007444991209245,10.366182847241454,0.08217000214655101,18.375,False,refined,0.0,rank_1,0.011826186777005598,37.7918183997386,37.7918183997386,35.5,2.2918183997386024,NULL,0,35.5,NULL,False
141,0.00018304055314015714,candidate,1,2,3525390623.797821,3522288181.152858,0.00023781401345469492,10.206337294318448,-0.08217000214655101,67.6875,False,refined,0.005135625134159438,rank_2,0.010427091222756408,37.815762417008685,37.7918183997386,35.5,2.2918183997386024,NULL,0,35.5,NULL,False
141,0.00018304055314015714,candidate,2,3,3271484373.8844047,3270358947.37497,0.00022260568245383966,9.737645752150383,-0.6561939211146761,62.8125,False,refined,0.08036525724710974,NULL,3.0,38.33036525724711,37.7918183997386,35.5,2.2918183997386024,NULL,0,35.5,NULL,False
141,0.00018304055314015714,candidate,3,4,1962890624.3306427,1963732371.109055,0.00018402951546165185,8.037647801456016,-2.309169195536489,37.6875,False,refined,0.43867590450262817,NULL,3.0,38.68867590450263,37.7918183997386,35.5,2.2918183997386024,NULL,0,35.5,NULL,False
141,0.00018304055314015714,candidate,4,5,2392578124.184117,2394064911.1240196,0.00017606151578383714,7.573935052390892,-2.693630117551402,45.9375,False,refined,0.5322616244883288,NULL,3.0,38.78226162448833,37.7918183997386,35.5,2.2918183997386024,NULL,0,35.5,NULL,False
141,0.00018304055314015714,NULL,5,0,nan,nan,nan,nan,nan,nan,False,NULL,0.25,NULL,0.0,35.5,37.7918183997386,35.5,2.2918183997386024,NULL,0,35.5,NULL,True
142,0.00018304375314015823,candidate,0,1,3271484373.8844047,3267364138.943268,0.00024044986993104688,9.63984106535472,0.8374367424710005,62.8125,False,refined,0.05402384019679207,rank_3,0.0008968877542594214,38.38528598519816,38.140782235266265,35.75,2.390782235266265,NULL,0,35.75,NULL,False
142,0.00018304375314015823,candidate,1,2,2392578124.184117,2397040375.972084,0.00021834975520255566,8.824008838089101,-0.8374367424710005,45.9375,False,refined,0.22873847069107234,NULL,3.0,38.72873847069107,38.140782235266265,35.75,2.390782235266265,NULL,0,35.75,NULL,False
142,0.00018304375314015823,candidate,2,3,957031249.6736467,959350194.357437,0.00020683209563977675,8.226425268304052,-1.3081322839913767,18.375,False,refined,0.3477944775038533,rank_1,0.001169358023812165,38.140782235266265,38.140782235266265,35.75,2.390782235266265,NULL,0,35.75,NULL,False
142,0.00018304375314015823,candidate,3,4,3515624998.8011513,3519913165.104744,0.00020338940501964095,8.273095226969227,-1.4539244123281936,67.5,False,refined,0.34990599172512804,rank_2,0.0005640701228798201,38.16623247885669,38.140782235266265,35.75,2.390782235266265,NULL,0,35.75,NULL,False
142,0.00018304375314015823,candidate,4,5,1992187499.3206522,1991218965.0559986,0.0001726412863434535,6.7622434009429355,-2.877597664411784,38.25,False,refined,0.6655133438842962,NULL,3.0,39.1655133438843,38.140782235266265,35.75,2.390782235266265,NULL,0,35.75,NULL,False
142,0.00018304375314015823,NULL,5,0,nan,nan,nan,nan,nan,nan,False,NULL,0.25,NULL,0.0,35.75,38.140782235266265,35.75,2.390782235266265,NULL,0,35.75,NULL,True
143,0.00018304695314015932,candidate,0,1,2392578124.184117,2390746783.3960757,0.00024606250309009537,9.53603498992691,1.9983930375484782,45.9375,False,refined,0.06959475151096362,rank_2,0.003960930751278704,38.80229415295331,38.80229415295331,36.0,2.8022941529533085,NULL,0,36.0,NULL,False
143,0.00018304695314015932,candidate,1,2,3623046873.7645197,3621256941.38352,0.00019549055775917743,7.537641952378431,-1.9983930375484782,69.5625,False,refined,0.49425327199001523,NULL,3.0,39.24425327199002,38.80229415295331,36.0,2.8022941529533085,NULL,0,36.0,NULL,False
143,0.00018304695314015932,candidate,2,3,3271484373.8844047,3269216413.367592,0.00019173938396093563,7.28563187978752,-2.1666821978914275,62.8125,False,refined,0.5425728554000863,rank_1,0.0003430920543004937,38.92820193265255,38.80229415295331,36.0,2.8022941529533085,NULL,0,36.0,NULL,False
143,0.00018304695314015932,candidate,3,4,58593749.98001918,nan,0.00019052169908185482,7.1770532870896275,-2.2220198334388197,1.125,True,boundary_peak,2.281068246526482,NULL,3.0,41.03106824652648,38.80229415295331,36.0,2.8022941529533085,NULL,0,36.0,NULL,False
143,0.00018304695314015932,candidate,4,5,4736328123.384884,4736002038.193106,0.00017820125839159754,6.7531871486186645,-2.8026934209805088,90.9375,False,refined,0.6621902665184821,NULL,3.0,39.41219026651848,38.80229415295331,36.0,2.8022941529533085,NULL,0,36.0,NULL,False
143,0.00018304695314015932,NULL,5,0,nan,nan,nan,nan,nan,nan,False,NULL,0.25,NULL,0.0,36.0,38.80229415295331,36.0,2.8022941529533085,NULL,0,36.0,NULL,True
144,0.00018305015314016041,candidate,0,1,4716796873.391544,4717769737.339661,0.00022368211397781607,9.244835813712484,0.6311459600268687,90.5625,False,refined,0.11327462794312737,NULL,3.0,39.11327462794313,39.11327462794313,36.25,2.8632746279431274,NULL,0,36.25,NULL,False
144,0.00018305015314016041,candidate,1,2,3623046873.7645197,3620581144.0843396,0.00020800508904197533,8.476750672566782,-0.6311459600268687,69.5625,False,refined,0.267934021616662,NULL,3.0,39.26793402161666,39.11327462794313,36.25,2.8632746279431274,NULL,0,36.25,NULL,False
144,0.00018305015314016041,candidate,2,3,2431640624.1707964,2429739658.025519,0.0001933005916125656,8.017698250147092,-1.267961505917139,46.6875,False,refined,0.37659285659775743,rank_1,0.15204442718674727,39.330931436737814,39.11327462794313,36.25,2.8632746279431274,NULL,0,36.25,NULL,False
144,0.00018305015314016041,candidate,3,4,4248046873.551391,4248525763.8797245,0.000179322992120555,7.284415897595409,-1.9199056356253585,81.5625,False,refined,0.5273317175872736,NULL,3.0,39.52733171758727,39.11327462794313,36.25,2.8632746279431274,NULL,0,36.25,NULL,False
144,0.00018305015314016041,candidate,4,5,58593749.98001918,nan,0.00015353654861364105,5.780598030495012,-3.268389695085583,1.125,True,boundary_peak,2.555934651368597,NULL,3.0,41.555934651368595,39.11327462794313,36.25,2.8632746279431274,NULL,0,36.25,NULL,False
144,0.00018305015314016041,NULL,5,0,nan,nan,nan,nan,nan,nan,False,NULL,0.25,NULL,0.0,36.25,39.11327462794313,36.25,2.8632746279431274,NULL,0,36.25,NULL,True
145,0.0001830533531401615,candidate,0,1,3623046873.7645197,3624105535.3489337,0.00022538529765083723,9.244206792093417,0.44664223011340987,69.5625,False,refined,0.11336898118598748,NULL,3.0,39.363368981185985,39.363368981185985,36.5,2.8633689811859853,NULL,0,36.5,NULL,False
145,0.0001830533531401615,candidate,1,2,2460937499.1608057,2459596835.0429697,0.00021408856501479182,8.72590775090778,-0.44664223011340987,47.25,False,refined,0.21902897674592114,NULL,3.0,39.46902897674592,39.363368981185985,36.5,2.8633689811859853,NULL,0,36.5,NULL,False
145,0.0001830533531401615,candidate,2,3,3769531248.7145677,3768031571.2589297,0.00020914378216326969,8.522937477888632,-0.6496125031325573,72.375,False,refined,0.26216015976248996,NULL,3.0,39.51216015976249,39.363368981185985,36.5,2.8633689811859853,NULL,0,36.5,NULL,False
145,0.0001830533531401615,candidate,3,4,1962890624.3306427,1964249080.5966148,0.00020722164571096682,8.525560925249307,-0.7298092850025206,37.6875,False,refined,0.2667789415252615,NULL,3.0,39.51677894152526,39.363368981185985,36.5,2.8633689811859853,NULL,0,36.5,NULL,False
145,0.0001830533531401615,candidate,4,5,2314453124.2107577,2318570170.5792456,0.0002015623385526307,8.182579669037624,-0.970323885046227,44.4375,False,refined,0.3332582924597456,NULL,3.0,39.583258292459746,39.363368981185985,36.5,2.8633689811859853,NULL,0,36.5,NULL,False
145,0.0001830533531401615,NULL,5,0,nan,nan,nan,nan,nan,nan,False,NULL,0.25,NULL,0.0,36.5,39.363368981185985,36.5,2.8633689811859853,NULL,0,36.5,NULL,True
146,0.0001830565531401626,candidate,0,1,3759765623.717898,3758203926.4305816,0.00025910242810235206,9.119755505156295,0.4103015796385012,72.1875,False,refined,0.13203667422655574,NULL,3.0,39.632036674226555,39.632036674226555,36.75,2.882036674226555,NULL,0,36.75,NULL,False
146,0.0001830565531401626,candidate,1,2,2001953124.3173223,1997717762.228776,0.0002471476036501864,8.744205868025494,-0.4103015796385012,38.4375,False,refined,0.2140129685235822,NULL,3.0,39.71401296852358,39.632036674226555,36.75,2.882036674226555,NULL,0,36.75,NULL,False
146,0.0001830565531401626,candidate,2,3,2431640624.1707964,2434743270.8457336,0.00019226810082452087,6.563222519786889,-2.5912849278771066,46.6875,False,refined,0.6774719300242859,NULL,3.0,40.17747193002429,39.632036674226555,36.75,2.882036674226555,NULL,0,36.75,NULL,False
146,0.0001830565531401626,candidate,3,4,3984374998.6413045,3986027763.1545167,0.0001821380332929518,6.052059150630447,-3.0614168013697363,76.5,False,refined,0.7835296774910415,NULL,3.0,40.28352967749104,39.632036674226555,36.75,2.882036674226555,NULL,0,36.75,NULL,False
146,0.0001830565531401626,candidate,4,5,1542968749.4738386,1542513859.303873,0.00016487703287526521,5.179172176095088,-3.9262263916797036,29.625,False,refined,0.9685133230657182,NULL,3.0,40.46851332306572,39.632036674226555,36.75,2.882036674226555,NULL,0,36.75,NULL,False
146,0.0001830565531401626,NULL,5,0,nan,nan,nan,nan,nan,nan,False,NULL,0.25,NULL,0.0,36.75,39.632036674226555,36.75,2.882036674226555,NULL,0,36.75,NULL,True
147,0.0001830597531401637,candidate,0,1,2001953124.3173223,1997307382.040976,0.000254189630832984,8.650840615150788,0.9457334692662567,38.4375,False,refined,0.20237390772738184,rank_2,1.684118985387063e-05,39.91640371744082,39.91640371744082,37.0,2.916403717440822,NULL,0,37.0,NULL,False
147,0.0001830597531401637,candidate,1,2,3769531248.7145677,3772762728.4979067,0.00022796656583715176,7.718905760874604,-0.9457334692662567,72.375,False,refined,0.4012724776979505,rank_1,0.02119587176355501,40.05450502368806,39.91640371744082,37.0,2.916403717440822,NULL,0,37.0,NULL,False
147,0.0001830597531401637,candidate,2,3,5527343748.115143,5522745554.588277,0.00021625577211152863,7.216810524187727,-1.4038024457044163,106.12499999999999,False,refined,0.505216074228367,NULL,3.0,40.255216074228365,39.91640371744082,37.0,2.916403717440822,NULL,0,37.0,NULL,False
147,0.0001830597531401637,candidate,3,4,2890624999.01428,2894680139.7963357,0.00021467504884921604,7.197114030257588,-1.4675251998832728,55.5,False,refined,0.5121532204540664,NULL,3.0,40.26215322045407,39.91640371744082,37.0,2.916403717440822,NULL,0,37.0,NULL,False
147,0.0001830597531401637,candidate,4,5,2373046874.190777,2371721497.468339,0.00019015648282717603,6.119799702309754,-2.5209338878550813,45.56249999999999,False,refined,0.7395884126444795,NULL,3.0,40.48958841264448,39.91640371744082,37.0,2.916403717440822,NULL,0,37.0,NULL,False
147,0.0001830597531401637,NULL,5,0,nan,nan,nan,nan,nan,nan,False,NULL,0.25,NULL,0.0,37.0,39.91640371744082,37.0,2.916403717440822,NULL,0,37.0,NULL,True
148,0.00018306295314016478,candidate,0,1,1982421874.3239825,1987203927.0161757,0.00022030620403221902,7.564794486663162,0.04540904772159848,38.0625,False,refined,0.36528082700052567,rank_1,0.010207980343816245,40.29189252478516,40.29189252478516,37.25,3.041892524785162,NULL,0,37.25,NULL,False
148,0.00018306295314016478,candidate,1,2,58593749.98001918,nan,0.00021915746842449848,7.438930740670466,-0.04540904772159848,1.125,True,boundary_peak,2.10574845438203,NULL,3.0,42.10574845438203,40.29189252478516,37.25,3.041892524785162,NULL,0,37.25,NULL,False
148,0.00018306295314016478,candidate,2,3,5527343748.115143,5526115190.861598,0.00021552903827237103,7.406950305682454,-0.19041872886965017,106.12499999999999,False,refined,0.4008586247019851,NULL,3.0,40.40085862470198,40.29189252478516,37.25,3.041892524785162,NULL,0,37.25,NULL,False
148,0.00018306295314016478,candidate,3,4,2851562499.0276003,2852441345.6525106,0.00020992426203821925,7.260199607234714,-0.4192818462906178,54.75,False,refined,0.4371751743079565,NULL,3.0,40.43717517430796,40.29189252478516,37.25,3.041892524785162,NULL,0,37.25,NULL,False
148,0.00018306295314016478,candidate,4,5,4707031248.394875,4705518342.908695,0.00018328458701036333,5.999353390775495,-1.598015643776609,90.375,False,refined,0.6999729691197139,NULL,3.0,40.69997296911971,40.29189252478516,37.25,3.041892524785162,NULL,0,37.25,NULL,False
148,0.00018306295314016478,NULL,5,0,nan,nan,nan,nan,nan,nan,False,NULL,0.25,NULL,0.0,37.25,40.29189252478516,37.25,3.041892524785162,NULL,0,37.25,NULL,True
149,0.00018306615314016587,candidate,0,1,2812499999.0409207,2817173035.8949037,0.0002175592219052,7.966379426118602,1.7225627117372522,53.99999999999999,False,refined,0.30504308608220976,NULL,3.0,40.55504308608221,40.55504308608221,37.5,3.0550430860822075,NULL,0,37.5,NULL,False
149,0.00018306615314016587,candidate,1,2,1982421874.3239825,1979980900.7957978,0.00017842239361176029,6.243816714381349,-1.7225627117372522,38.0625,False,refined,0.6710876623263758,NULL,3.0,40.92108766232638,40.55504308608221,37.5,3.0550430860822075,NULL,0,37.5,NULL,False
149,0.00018306615314016587,candidate,2,3,4726562498.388214,4730805002.433631,0.0001745218891563175,6.00081720195627,-1.9145518286506036,90.75,False,refined,0.7195369089972222,NULL,3.0,40.96953690899722,40.55504308608221,37.5,3.0550430860822075,NULL,0,37.5,NULL,False
149,0.00018306615314016587,candidate,3,4,3261718748.887735,3264016718.020781,0.00017248758878871806,5.865996061475709,-2.016392913876741,62.62500000000001,False,refined,0.74612514789594,NULL,3.0,40.99612514789594,40.55504308608221,37.5,3.0550430860822075,NULL,0,37.5,NULL,False
149,0.00018306615314016587,candidate,4,5,1240234374.5770729,1235661133.9218867,0.00017099206040245752,5.856809367992213,-2.0920310288701227,23.8125,False,refined,0.7522305341055507,NULL,3.0,41.00223053410555,40.55504308608221,37.5,3.0550430860822075,NULL,0,37.5,NULL,False
149,0.00018306615314016587,NULL,5,0,nan,nan,nan,nan,nan,nan,False,NULL,0.25,NULL,0.0,37.5,40.55504308608221,37.5,3.0550430860822075,NULL,0,37.5,NULL,True
150,0.00018306935314016696,candidate,0,1,3525390623.797821,3524290265.749885,0.00019427615365328238,7.1792666853685105,0.5691757555417443,67.6875,False,refined,0.4231099971947234,NULL,3.0,40.92310999719472,40.92310999719472,37.75,3.1731099971947216,NULL,0,37.75,NULL,False
150,0.00018306935314016696,candidate,1,2,2822265624.037591,2818921486.9179606,0.00018195362352813404,6.783768935157175,-0.5691757555417443,54.1875,False,refined,0.5180081444477828,NULL,3.0,41.01800814444778,40.92310999719472,37.75,3.1731099971947216,NULL,0,37.75,NULL,False
150,0.00018306935314016696,candidate,2,3,3271484373.8844047,3268632495.487461,0.00017880962739096222,6.471036124761982,-0.720571967746606,62.8125,False,refined,0.5743803292698656,NULL,3.0,41.074380329269864,40.92310999719472,37.75,3.1731099971947216,NULL,0,37.75,NULL,False
150,0.00018306935314016696,candidate,3,4,3857421873.6845965,3854455010.9035296,0.00017720878918903144,6.372967481791152,-0.7986847676183206,74.0625,False,refined,0.5939726757074723,NULL,3.0,41.09397267570747,40.92310999719472,37.75,3.1731099971947216,NULL,0,37.75,NULL,False
150,0.00018306935314016696,candidate,4,5,1494140624.4904892,1490960582.2123938,0.00016896376506762492,5.979089730423652,-1.2125183620849356,28.6875,False,refined,0.6789189380667606,NULL,3.0,41.17891893806676,40.92310999719472,37.75,3.1731099971947216,NULL,0,37.75,NULL,False
150,0.00018306935314016696,NULL,5,0,nan,nan,nan,nan,nan,nan,False,NULL,0.25,NULL,0.0,37.75,40.92310999719472,37.75,3.1731099971947216,NULL,0,37.75,NULL,True
151,0.00018307255314016805,candidate,0,1,3525390623.797821,3528551785.0245214,0.00020329720423301376,8.109564610107167,0.9303661536623942,67.6875,False,refined,0.2835653084839249,NULL,3.0,41.03356530848392,41.03356530848392,38.0,3.0335653084839223,NULL,0,38.0,NULL,False
151,0.00018307255314016805,candidate,1,2,4257812498.548061,4259446150.7002335,0.00018264723352146996,7.104840387231306,-0.9303661536623942,81.75,False,refined,0.49242182651920374,NULL,3.0,41.242421826519205,41.03356530848392,38.0,3.0335653084839223,NULL,0,38.0,NULL,False
151,0.00018307255314016805,candidate,2,3,4404296873.498109,4403330655.847212,0.00017469119085738603,6.717998524529802,-1.3172080163638977,84.5625,False,refined,0.5746257223432732,NULL,3.0,41.32462572234327,41.03356530848392,38.0,3.0335653084839223,NULL,0,38.0,NULL,False
151,0.00018307255314016805,candidate,3,4,1513671874.483829,1515610549.9973476,0.0001728845809371172,6.722268084323977,-1.4075028929165878,29.0625,False,refined,0.5796287181586902,NULL,3.0,41.32962871815869,41.03356530848392,38.0,3.0335653084839223,NULL,0,38.0,NULL,False
151,0.00018307255314016805,candidate,4,5,3310546873.871084,3312941679.5893555,0.000163571498538115,6.178102769925378,-1.8884754756406963,63.56250000000001,False,refined,0.6913143017387369,NULL,3.0,41.441314301738736,41.03356530848392,38.0,3.0335653084839223,NULL,0,38.0,NULL,False
151,0.00018307255314016805,NULL,5,0,nan,nan,nan,nan,nan,nan,False,NULL,0.25,NULL,0.0,38.0,41.03356530848392,38.0,3.0335653084839223,NULL,0,38.0,NULL,True
152,0.00018307575314016914,candidate,0,1,3154296873.924366,3158245690.217581,0.0002098301855249025,9.53705412999133,0.6975373768400672,60.56249999999999,False,refined,0.06944188050130062,NULL,3.0,41.0694418805013,41.0694418805013,38.25,2.8194418805013015,NULL,0,38.25,NULL,False
152,0.00018307575314016914,candidate,1,2,3554687498.787831,3556024072.747479,0.00019363822624180648,8.878423856891882,-0.6975373768400672,68.25,False,refined,0.21183250751872196,NULL,3.0,41.21183250751872,41.0694418805013,38.25,2.8194418805013015,NULL,0,38.25,NULL,False
152,0.00018307575314016914,candidate,2,3,4267578123.5447307,4265406790.9523125,0.00016594759822641128,7.499114261784818,-2.037939868206511,81.9375,False,refined,0.5025041024951842,NULL,3.0,41.50250410249519,41.0694418805013,38.25,2.8194418805013015,NULL,0,38.25,NULL,False
152,0.00018307575314016914,candidate,3,4,5146484373.245018,5145046417.75722,0.00016306054200843534,7.274161304193214,-2.190381660945828,98.81249999999999,False,refined,0.5457746581801322,NULL,3.0,41.54577465818013,41.0694418805013,38.25,2.8194418805013015,NULL,0,38.25,NULL,False
152,0.00018307575314016914,candidate,4,5,2187499999.25405,2191133874.7353706,0.00015428644327600413,6.898392050283162,-2.6708039427564056,42.0,False,refined,0.6321664388798011,NULL,3.0,41.6321664388798,41.0694418805013,38.25,2.8194418805013015,NULL,0,38.25,NULL,False
152,0.00018307575314016914,NULL,5,0,nan,nan,nan,nan,nan,nan,False,NULL,0.25,NULL,0.0,38.25,41.0694418805013,38.25,2.8194418805013015,NULL,0,38.25,NULL,True
153,0.00018307895314017024,candidate,0,1,3154296873.924366,3157744577.095907,0.00021275230620970053,9.44556489908158,1.03224627733014,60.56249999999999,False,refined,0.08316526513776301,rank_1,2.5111436071344416e-05,41.15263225707514,41.15263225707514,38.5,2.6526322570751404,NULL,0,38.5,NULL,False
153,0.00018307895314017024,candidate,1,2,3554687498.787831,3559441396.8727036,0.00018891305124240425,8.263235007957999,-1.03224627733014,68.25,False,refined,0.32503014113943396,rank_2,0.0011678104176842013,41.53803045907584,41.15263225707514,38.5,2.6526322570751404,NULL,0,38.5,NULL,False
153,0.00018307895314017024,candidate,2,3,5341796873.178415,5344358757.296074,0.00018666412946097627,8.16839919675818,-1.136268144842818,102.56249999999999,False,refined,0.34575687953894907,NULL,3.0,41.595756879538946,41.15263225707514,38.5,2.6526322570751404,NULL,0,38.5,NULL,False
153,0.00018307895314017024,candidate,3,4,4287109373.53807,4291767040.0542407,0.0001772287122250248,7.70203585830016,-1.5868038929940464,82.3125,False,refined,0.44386986456710387,NULL,3.0,41.693869864567105,41.15263225707514,38.5,2.6526322570751404,NULL,0,38.5,NULL,False
153,0.00018307895314017024,candidate,4,5,4570312498.441497,4568403324.705992,0.0001603738377284055,6.8658110213567,-2.4548150907040345,87.75,False,refined,0.6235542899654971,NULL,3.0,41.8735542899655,41.15263225707514,38.5,2.6526322570751404,NULL,0,38.5,NULL,False
153,0.00018307895314017024,NULL,5,0,nan,nan,nan,nan,nan,nan,False,NULL,0.25,NULL,0.0,38.5,41.15263225707514,38.5,2.6526322570751404,NULL,0,38.5,NULL,True
154,0.00018308215314017133,candidate,0,1,5371093748.168426,5367318748.174269,0.00019916782378444743,8.394611474206046,0.11559984970988424,103.125,False,refined,0.24080827886909306,NULL,3.0,41.740808278869096,41.740808278869096,38.75,2.990808278869096,NULL,0,38.75,NULL,False
154,0.00018308215314017133,candidate,1,2,3427734373.8311224,3426659225.2648654,0.00019653467530197395,8.279011624496162,-0.11559984970988424,65.8125,False,refined,0.26537324693244346,NULL,3.0,41.76537324693244,41.740808278869096,38.75,2.990808278869096,NULL,0,38.75,NULL,False
154,0.00018308215314017133,candidate,2,3,3583984373.77784,3579148577.6231246,0.0001839895856417165,7.7060927399853085,-0.6885187342207377,68.8125,False,refined,0.38711850989099983,NULL,3.0,41.887118509891,41.740808278869096,38.75,2.990808278869096,NULL,0,38.75,NULL,False
154,0.00018308215314017133,candidate,3,4,4707031248.394875,4704428709.782455,0.0001836329569697356,7.689240464081317,-0.705371010124729,90.375,False,refined,0.390699618520598,NULL,3.0,41.8906996185206,41.740808278869096,38.75,2.990808278869096,NULL,0,38.75,NULL,False
154,0.00018308215314017133,candidate,4,5,4287109373.53807,4285614631.947212,0.00017499939384852778,7.209287727013782,-1.1236526729532237,82.3125,False,refined,0.48883513300750914,NULL,3.0,41.98883513300751,41.740808278869096,38.75,2.990808278869096,NULL,0,38.75,NULL,False
154,0.00018308215314017133,NULL,5,0,nan,nan,nan,nan,nan,nan,False,NULL,0.25,NULL,0.0,38.75,41.740808278869096,38.75,2.990808278869096,NULL,0,38.75,NULL,True
155,0.00018308535314017242,candidate,0,1,3408203123.837783,3413019114.030556,0.00023630293443116545,10.628905003194369,0.964377101243814,65.4375,False,refined,0.0,NULL,3.0,41.75,41.75,39.0,2.75,NULL,0,39.0,NULL,False
155,0.00018308535314017242,candidate,1,2,3642578123.757859,3643031365.345702,0.00021147072767774397,9.803618471197906,-0.964377101243814,69.9375,False,refined,0.08973079814805252,NULL,3.0,41.839730798148054,41.75,39.0,2.75,NULL,0,39.0,NULL,False
155,0.00018308535314017242,candidate,2,3,5390624998.161765,5394192402.749102,0.00019810555866891377,9.17302998467882,-1.5314490628128752,103.5,False,refined,0.2197610687239817,NULL,3.0,41.96976106872398,41.75,39.0,2.75,NULL,0,39.0,NULL,False
155,0.00018308535314017242,candidate,3,4,4775390623.371564,4773685322.3547125,0.00018736354741058934,8.75231528565572,-2.015680286785999,91.6875,False,refined,0.31313272507576684,NULL,3.0,42.06313272507577,41.75,39.0,2.75,NULL,0,39.0,NULL,False
155,0.00018308535314017242,candidate,4,5,4160156248.5813622,4157107740.530139,0.00015934471494284466,7.254834403026722,-3.4226290232775636,79.875,False,refined,0.6256891535008394,NULL,3.0,42.375689153500836,41.75,39.0,2.75,NULL,0,39.0,NULL,False
155,0.00018308535314017242,NULL,5,0,nan,nan,nan,nan,nan,nan,False,NULL,0.25,NULL,0.0,39.0,41.75,39.0,2.75,NULL,0,39.0,NULL,True
156,0.0001830885531401735,candidate,0,1,3388671873.844443,3392583258.3737783,0.00024062415950825038,9.914186155868059,1.087739546831683,65.0625,False,refined,0.012872076619791173,rank_1,0.041762419642465964,41.80463449626226,41.80463449626226,39.25,2.55463449626226,NULL,0,39.25,NULL,False
156,0.0001830885531401735,candidate,1,2,4794921873.364903,4793899474.231876,0.00021230110398288518,8.806680604084756,-1.087739546831683,92.0625,False,refined,0.24698163106426685,NULL,3.0,42.246981631064266,41.80463449626226,39.25,2.55463449626226,NULL,0,39.25,NULL,False
156,0.0001830885531401735,candidate,2,3,3642578123.757859,3645819477.2696786,0.000205408601911523,8.450989296604643,-1.3744120650992286,69.9375,False,refined,0.31825235957800535,rank_2,0.0007773568100619502,42.15876051453612,41.80463449626226,39.25,2.55463449626226,NULL,0,39.25,NULL,False
156,0.0001830885531401735,candidate,3,4,58593749.98001918,nan,0.00016776734760299644,6.635316701326692,-3.132635829571795,1.125,True,boundary_peak,2.4192422341492335,NULL,3.0,44.41924223414923,41.80463449626226,39.25,2.55463449626226,NULL,0,39.25,NULL,False
156,0.0001830885531401735,candidate,4,5,2099609374.284021,2101925440.6950576,0.00015420631701097668,6.029678849514335,-3.8647413014021037,40.3125,False,refined,0.8370945039104812,NULL,3.0,42.83709450391048,41.80463449626226,39.25,2.55463449626226,NULL,0,39.25,NULL,False
156,0.0001830885531401735,NULL,5,0,nan,nan,nan,nan,nan,nan,False,NULL,0.25,NULL,0.0,39.25,41.80463449626226,39.25,2.55463449626226,NULL,0,39.25,NULL,True
157,0.0001830917531401746,candidate,0,1,3378906248.847773,3378488978.386673,0.00021444619366834988,9.908995548224029,0.993482949900546,64.875,False,refined,0.013650667766395674,rank_1,0.019864872835491897,41.83815003686415,41.83815003686415,39.5,2.3381500368641497,NULL,0,39.5,NULL,False
157,0.0001830917531401746,candidate,1,2,4638671873.418185,4637056245.188933,0.00019126882705953089,8.915512598323483,-0.993482949900546,89.0625,False,refined,0.2247657946202617,NULL,3.0,42.47476579462026,41.83815003686415,39.5,2.3381500368641497,NULL,0,39.5,NULL,False
157,0.0001830917531401746,candidate,2,3,791015624.7302591,787168158.871289,0.00017325342919084384,8.089911549861704,-1.8527300554289727,15.187500000000002,False,refined,0.40230889598505526,NULL,3.0,42.65230889598506,41.83815003686415,39.5,2.3381500368641497,NULL,0,39.5,NULL,False
157,0.0001830917531401746,candidate,3,4,2333984374.2040977,2332102246.8312488,0.000169783247920125,7.946132049398198,-2.028470096038122,44.8125,False,refined,0.4348595735926529,NULL,3.0,42.684859573592654,41.83815003686415,39.5,2.3381500368641497,NULL,0,39.5,NULL,False
157,0.0001830917531401746,candidate,4,5,2119140624.2773604,2117633187.097403,0.00016532784527868334,7.715155415787693,-2.2594467296486265,40.6875,False,refined,0.48394210823488515,NULL,3.0,42.733942108234885,41.83815003686415,39.5,2.3381500368641497,NULL,0,39.5,NULL,False
157,0.0001830917531401746,NULL,5,0,nan,nan,nan,nan,nan,nan,False,NULL,0.25,NULL,0.0,39.5,41.83815003686415,39.5,2.3381500368641497,NULL,0,39.5,NULL,True
158,0.0001830949531401757,candidate,0,1,771484374.7369193,772163667.9291149,0.0002088371665487086,9.328457713305562,0.6863455102922966,14.8125,False,refined,0.10073134300416564,NULL,3.0,42.60073134300416,42.60073134300416,39.75,2.8507313430041634,NULL,0,39.75,NULL,False
158,0.0001830949531401757,candidate,1,2,4638671873.418185,4637180888.24996,0.00019297031983647275,8.618762773355897,-0.6863455102922966,89.0625,False,refined,0.250082178389884,rank_2,1.5535892662074046e-06,42.72484952659941,42.60073134300416,39.75,2.8507313430041634,NULL,0,39.75,NULL,False
158,0.0001830949531401757,candidate,2,3,2333984374.2040977,2338866166.927662,0.00019042101655576202,8.414172407717011,-0.801858257707222,44.8125,False,refined,0.2879902799491497,NULL,3.0,42.78799027994915,42.60073134300416,39.75,2.8507313430041634,NULL,0,39.75,NULL,False
158,0.0001830949531401757,candidate,3,4,2470703124.1574755,2470512688.0854483,0.0001700139020287208,7.458935971106282,-1.7864671421696432,47.43749999999999,False,refined,0.4928138007196604,NULL,3.0,42.99281380071966,42.60073134300416,39.75,2.8507313430041634,NULL,0,39.75,NULL,False
158,0.0001830949531401757,candidate,4,5,5976562497.961957,5974737594.570597,0.0001531289712468955,6.607205732847223,-2.6950085465957496,114.75,False,refined,0.6773571742351508,NULL,3.0,43.17735717423515,42.60073134300416,39.75,2.8507313430041634,NULL,0,39.75,NULL,False
158,0.0001830949531401757,NULL,5,0,nan,nan,nan,nan,nan,nan,False,NULL,0.25,NULL,0.0,39.75,42.60073134300416,39.75,2.8507313430041634,NULL,0,39.75,NULL,True
159,0.00018309815314017678,candidate,0,1,2343749999.2007675,2344394608.170589,0.00019516283439566804,8.960426550898104,0.548495350456415,45.0,False,refined,0.1559360173652844,NULL,3.0,42.905936017365285,42.89329381516789,40.0,2.893293815167887,NULL,0,40.0,NULL,False
159,0.00018309815314017678,candidate,1,2,1337890624.5437715,1339373956.6935842,0.00018321977662270244,8.352538265206206,-0.548495350456415,25.6875,False,refined,0.281400219622595,NULL,3.0,43.0314002196226,42.89329381516789,40.0,2.893293815167887,NULL,0,40.0,NULL,False
159,0.00018309815314017678,candidate,2,3,771484374.7369193,773656563.6406071,0.0001821370834003802,8.30105883565051,-0.5999747800121114,14.8125,False,refined,0.29233959840318047,rank_1,0.00022287376053917448,42.89329381516789,42.89329381516789,40.0,2.893293815167887,NULL,0,40.0,NULL,False
159,0.00018309815314017678,candidate,3,4,58593749.98001918,nan,0.00017919667746307927,8.051554917409609,-0.7413432764876582,1.125,True,boundary_peak,2.0573507171690375,NULL,3.0,44.80735071716904,42.89329381516789,40.0,2.893293815167887,NULL,0,40.0,NULL,False
159,0.00018309815314017678,candidate,4,5,3232421873.897725,3229391899.69456,0.0001622026420453066,7.3187810819471455,-1.6067838577614246,62.0625,False,refined,0.5026068288180172,NULL,3.0,43.25260682881802,42.89329381516789,40.0,2.893293815167887,NULL,0,40.0,NULL,False
159,0.00018309815314017678,NULL,5,0,nan,nan,nan,nan,nan,nan,False,NULL,0.25,NULL,0.0,40.0,42.89329381516789,40.0,2.893293815167887,NULL,0,40.0,NULL,True
160,0.00018310135314017787,candidate,0,1,1347656249.5404413,1351822201.758144,0.00019483716504228562,8.931394727608302,0.27895050156238277,25.875,False,refined,0.16029079085875475,NULL,3.0,43.16029079085875,43.16029079085875,40.25,2.9102907908587525,NULL,0,40.25,NULL,False
160,0.00018310135314017787,candidate,1,2,3203124998.9077153,3206340969.5842195,0.00018867930884832913,8.71085196149842,-0.27895050156238277,61.49999999999999,False,refined,0.21080661212288587,NULL,3.0,43.21080661212289,43.16029079085875,40.25,2.9102907908587525,NULL,0,40.25,NULL,False
160,0.00018310135314017787,candidate,2,3,2314453124.2107577,2313398149.2744737,0.00016719187014462196,7.686335753635314,-1.3291329226727733,44.4375,False,refined,0.43012044462175125,NULL,3.0,43.43012044462175,43.16029079085875,40.25,2.9102907908587525,NULL,0,40.25,NULL,False
160,0.00018310135314017787,candidate,3,4,58593749.98001918,nan,0.0001636337472539483,7.325699507808627,-1.515978516718608,1.125,True,boundary_peak,2.214643731123619,NULL,3.0,45.214643731123616,43.16029079085875,40.25,2.9102907908587525,NULL,0,40.25,NULL,False
160,0.00018310135314017787,candidate,4,5,3496093748.8078113,3494045268.6938868,0.0001583343930814758,7.129463925657902,-1.8019308019504,67.125,False,refined,0.5432010862732147,NULL,3.0,43.543201086273214,43.16029079085875,40.25,2.9102907908587525,NULL,0,40.25,NULL,False
160,0.00018310135314017787,NULL,5,0,nan,nan,nan,nan,nan,nan,False,NULL,0.25,NULL,0.0,40.25,43.16029079085875,40.25,2.9102907908587525,NULL,0,40.25,NULL,True
161,0.00018310455314017897,candidate,0,1,3193359373.9110456,3194374336.236319,0.00020951006049558046,9.553577455235018,1.3103791681746735,61.3125,False,refined,0.06696338171474725,rank_2,0.01432003136830817,43.292090025205944,43.292090025205944,40.5,2.792090025205944,NULL,0,40.5,NULL,False
161,0.00018310455314017897,candidate,1,2,1357421874.537111,1357470677.9934516,0.0001801714293122535,8.133825948752111,-1.3103791681746735,26.062499999999996,False,refined,0.3618248056981004,rank_1,0.0031905283780835777,43.525306124934936,43.292090025205944,40.5,2.792090025205944,NULL,0,40.5,NULL,False
161,0.00018310455314017897,candidate,2,3,458984374.8434836,463345853.95243824,0.00017649344381217747,8.024764028368168,-1.489526098698608,8.8125,False,refined,0.38938077691343786,NULL,3.0,43.63938077691344,43.292090025205944,40.5,2.792090025205944,NULL,0,40.5,NULL,False
161,0.00018310455314017897,candidate,3,4,58593749.98001918,nan,0.00017254708301135327,7.638577056279807,-1.6859452103319938,1.125,True,boundary_peak,2.1783350172037785,NULL,3.0,45.42833501720378,43.292090025205944,40.5,2.792090025205944,NULL,0,40.5,NULL,False
161,0.00018310455314017897,candidate,4,5,1777343749.3939154,1772731446.5181944,0.00016254610677732026,7.375085911483552,-2.2045662060514815,34.125,False,refined,0.5315225011556848,NULL,3.0,43.781522501155685,43.292090025205944,40.5,2.792090025205944,NULL,0,40.5,NULL,False
161,0.00018310455314017897,NULL,5,0,nan,nan,nan,nan,nan,nan,False,NULL,0.25,NULL,0.0,40.5,43.292090025205944,40.5,2.792090025205944,NULL,0,40.5,NULL,True
162,0.00018310775314018006,candidate,0,1,488281249.83349323,490336290.12804204,0.00026230794210119527,10.780083575721031,1.2220636974220511,9.375,False,refined,0.0,NULL,3.0,43.5,43.43506498908347,40.75,2.6850649890834717,NULL,0,40.75,NULL,False
162,0.00018310775314018006,candidate,1,2,3183593748.914376,3188427427.9058676,0.00022788107283345954,9.579603927202873,-1.2220636974220511,61.125,False,refined,0.1394383920084472,rank_1,0.003536571869079331,43.43506498908347,43.43506498908347,40.75,2.6850649890834717,NULL,0,40.75,NULL,False
162,0.00018310775314018006,candidate,2,3,1787109374.3905852,1787649368.0008688,0.00020350509463677073,8.560015219556325,-2.2047230848529686,34.3125,False,refined,0.3537929098698618,NULL,3.0,43.85379290986986,43.43506498908347,40.75,2.6850649890834717,NULL,0,40.75,NULL,False
162,0.00018310775314018006,candidate,3,4,1015624999.6536659,1018300875.4354753,0.00018715901023517079,7.99466289735836,-2.932014008827162,19.5,False,refined,0.4840514409479436,NULL,3.0,43.984051440947944,43.43506498908347,40.75,2.6850649890834717,NULL,0,40.75,NULL,False
162,0.00018310775314018006,candidate,4,5,4199218748.568042,4196664760.782789,0.0001823283581777354,7.6209391959724915,-3.1591443797485397,80.625,False,refined,0.55430564433841,NULL,3.0,44.05430564433841,43.43506498908347,40.75,2.6850649890834717,NULL,0,40.75,NULL,False
162,0.00018310775314018006,NULL,5,0,nan,nan,nan,nan,nan,nan,False,NULL,0.25,NULL,0.0,40.75,43.43506498908347,40.75,2.6850649890834717,NULL,0,40.75,NULL,True
163,0.00018311095314018115,candidate,0,1,498046874.83016306,497805745.2348052,0.0003011655758311251,12.167085672172746,2.297750121806459,9.5625,False,refined,0.0,rank_1,0.005579275959195061,43.50557927595919,43.50557927595919,41.0,2.5055792759591924,NULL,0,41.0,NULL,False
163,0.00018311095314018115,candidate,1,2,1806640624.383925,1810687004.8374715,0.00023116273440328358,9.798448680698062,-2.297750121806459,34.6875,False,refined,0.17384208050819439,NULL,3.0,43.923842080508194,43.50557927595919,41.0,2.5055792759591924,NULL,0,41.0,NULL,False
163,0.00018311095314018115,candidate,2,3,1035156249.6470056,1030521199.3943257,0.00022086123372216918,9.383754983323094,-2.69371670713193,19.875,False,refined,0.26079404669728157,NULL,3.0,44.010794046697285,43.50557927595919,41.0,2.5055792759591924,NULL,0,41.0,NULL,False
163,0.00018311095314018115,candidate,3,4,3203124998.9077153,3199444161.7404947,0.000202034824581551,8.609889805392683,-3.4675818850623408,61.49999999999999,False,refined,0.42524039700749383,rank_2,0.012136842438301865,43.872442228529266,43.50557927595919,41.0,2.5055792759591924,NULL,0,41.0,NULL,False
163,0.00018311095314018115,candidate,4,5,58593749.98001918,nan,0.0001807481842181781,7.425542854225533,-4.434627720895605,1.125,True,boundary_peak,2.3820828044221454,NULL,3.0,46.13208280442215,43.50557927595919,41.0,2.5055792759591924,NULL,0,41.0,NULL,False
163,0.00018311095314018115,NULL,5,0,nan,nan,nan,nan,nan,nan,False,NULL,0.25,NULL,0.0,41.0,43.50557927595919,41.0,2.5055792759591924,NULL,0,41.0,NULL,True
164,0.00018311415314018224,candidate,0,1,498046874.83016306,494939899.3982794,0.0002641551435943114,11.531896380874382,0.46448822963879977,9.5625,False,refined,0.0,rank_1,0.000821307235873225,43.50640058319507,43.50640058319507,41.25,2.2564005831950666,NULL,0,41.25,NULL,False
164,0.00018311415314018224,candidate,1,2,58593749.98001918,nan,0.0002504001935019165,10.928539398858916,-0.46448822963879977,1.125,True,boundary_peak,1.747780514352425,NULL,3.0,45.74778051435243,43.50640058319507,41.25,2.2564005831950666,NULL,0,41.25,NULL,False
164,0.00018311415314018224,candidate,2,3,1835937499.3739345,1833984184.3426733,0.00024203938305000127,10.859453527762959,-0.7594606874053156,35.25,False,refined,0.047466292962832224,rank_2,0.05427585728975956,44.025584230760785,43.50640058319507,41.25,2.2564005831950666,NULL,0,41.25,NULL,False
164,0.00018311415314018224,candidate,3,4,1025390624.6503358,1029282306.1045789,0.00021160341293318936,9.605168310621979,-1.9267280702524037,19.6875,False,refined,0.17964525779747842,NULL,3.0,44.17964525779748,43.50640058319507,41.25,2.2564005831950666,NULL,0,41.25,NULL,False
164,0.00018311415314018224,candidate,4,5,4462890623.478128,4461227676.336322,0.0001871853772321175,8.481923110607283,-2.9917430526284683,85.68750000000001,False,refined,0.41469547419818675,NULL,3.0,44.41469547419819,43.50640058319507,41.25,2.2564005831950666,NULL,0,41.25,NULL,False
164,0.00018311415314018224,NULL,5,0,nan,nan,nan,nan,nan,nan,False,NULL,0.25,NULL,0.0,41.25,43.50640058319507,41.25,2.2564005831950666,NULL,0,41.25,NULL,True
165,0.00018311735314018333,candidate,0,1,58593749.98001918,nan,0.0002051024059269433,8.124717991894475,0.21412134836214847,1.125,True,boundary_peak,2.000042301215829,NULL,3.0,46.25004230121583,43.90791710579672,41.5,2.40791710579672,NULL,0,41.5,NULL,False
165,0.00018311735314018333,candidate,1,2,1826171874.3772647,1827300747.0824893,0.00020010810875358473,8.16066519968615,-0.21412134836214847,35.0625,False,refined,0.28928280431971176,rank_3,0.004466833361081648,44.319333868441575,43.90791710579672,41.5,2.40791710579672,NULL,0,41.5,NULL,False
165,0.00018311735314018333,candidate,2,3,4697265623.398205,4702094969.62706,0.00019411281311258966,7.982026683432704,-0.47833102666093197,90.1875,False,refined,0.3325916866514027,NULL,3.0,44.582591686651405,43.90791710579672,41.5,2.40791710579672,NULL,0,41.5,NULL,False
165,0.00018311735314018333,candidate,3,4,498046874.83016306,495016829.5753426,0.0001896105499508009,7.607462602892108,-0.6821651393641393,9.5625,False,refined,0.40151593077644254,rank_1,5.918252142970239e-07,43.90791710579672,43.90791710579672,41.5,2.40791710579672,NULL,0,41.5,NULL,False
165,0.00018311735314018333,candidate,4,5,3642578123.757859,3645593729.5916605,0.00017403594011549238,6.908666502341978,-1.4266362250208697,69.9375,False,refined,0.5528647887125077,NULL,3.0,44.802864788712505,43.90791710579672,41.5,2.40791710579672,NULL,0,41.5,NULL,False
165,0.00018311735314018333,NULL,5,0,nan,nan,nan,nan,nan,nan,False,NULL,0.25,NULL,0.0,41.5,43.90791710579672,41.5,2.40791710579672,NULL,0,41.5,NULL,True
166,0.00018312055314018442,candidate,0,1,1484374999.4938195,1482473662.4315302,0.00022713168690442938,8.28675817294596,1.5115516352714753,28.500000000000004,False,refined,0.2569862740581059,NULL,3.0,44.75698627405811,44.75698627405811,41.75,3.0069862740581073,NULL,0,41.75,NULL,False
166,0.00018312055314018442,candidate,1,2,4697265623.398205,4699053789.691278,0.0001908535069915935,6.709812779344251,-1.5115516352714753,90.1875,False,refined,0.5880000603028296,NULL,3.0,45.08800006030283,44.75698627405811,41.75,3.0069862740581073,NULL,0,41.75,NULL,False
166,0.00018312055314018442,candidate,2,3,4248046873.551391,4245960149.7028694,0.0001846393323776633,6.426056152915747,-1.7990701053522784,81.5625,False,refined,0.6485334586471554,NULL,3.0,45.14853345864716,44.75698627405811,41.75,3.0069862740581073,NULL,0,41.75,NULL,False
166,0.00018312055314018442,candidate,3,4,3632812498.7611895,3634190800.93242,0.00018394126613306024,6.425854607561741,-1.8319710970749092,69.75,False,refined,0.6506200024329207,NULL,3.0,45.15062000243292,44.75698627405811,41.75,3.0069862740581073,NULL,0,41.75,NULL,False
166,0.00018312055314018442,candidate,4,5,2275390624.224078,2273075748.4534354,0.0001776172689626221,6.121974937890506,-2.1358507667461435,43.68749999999999,False,refined,0.715194432238058,NULL,3.0,45.21519443223806,44.75698627405811,41.75,3.0069862740581073,NULL,0,41.75,NULL,False
166,0.00018312055314018442,NULL,5,0,nan,nan,nan,nan,nan,nan,False,NULL,0.25,NULL,0.0,41.75,44.75698627405811,41.75,3.0069862740581073,NULL,0,41.75,NULL,True
167,0.0001831237531401855,candidate,0,1,1474609374.4971495,1472149937.7502167,0.00026484298604724835,9.70086891554236,1.2532650389094435,28.3125,False,refined,0.044869662668646004,NULL,3.0,44.794869662668646,44.794869662668646,42.0,2.7948696626686456,NULL,0,42.0,NULL,False
167,0.0001831237531401855,candidate,1,2,2265624999.2274084,2265377383.5394025,0.00022925838244076756,8.343719657641477,-1.2532650389094435,43.5,False,refined,0.3267711162856186,NULL,3.0,45.07677111628562,44.794869662668646,42.0,2.7948696626686456,NULL,0,42.0,NULL,False
167,0.0001831237531401855,candidate,2,3,3330078123.8644238,3331953673.0080166,0.0001801139802686798,6.335015460422833,-3.348821043556036,63.9375,False,refined,0.7590489961588274,NULL,3.0,45.509048996158825,44.794869662668646,42.0,2.7948696626686456,NULL,0,42.0,NULL,False
167,0.0001831237531401855,candidate,3,4,1171874999.6003838,1170016694.8205178,0.00017461076328478768,6.0679571243028185,-3.6183493003333655,22.5,False,refined,0.8159532626254126,NULL,3.0,45.56595326262541,44.794869662668646,42.0,2.7948696626686456,NULL,0,42.0,NULL,False
167,0.0001831237531401855,candidate,4,5,2021484374.3106618,2026221090.51953,0.00015549158508517785,5.039966574417436,-4.625631700444863,38.8125,False,refined,1.0331069951151886,NULL,3.0,45.78310699511519,44.794869662668646,42.0,2.7948696626686456,NULL,0,42.0,NULL,False
167,0.0001831237531401855,NULL,5,0,nan,nan,nan,nan,nan,nan,False,NULL,0.25,NULL,0.0,42.0,44.794869662668646,42.0,2.7948696626686456,NULL,0,42.0,NULL,True
168,0.0001831269531401866,candidate,0,1,1474609374.4971495,1472514123.1651006,0.0002536612770574113,10.024504529447809,1.324733049630611,28.3125,False,refined,0.0,rank_1,1.3263101641412341e-05,44.79488292577029,44.79488292577029,42.25,2.5448829257702883,NULL,0,42.25,NULL,False
168,0.0001831269531401866,candidate,1,2,2265624999.2274084,2263383792.193656,0.00021777976362587738,8.699771479817198,-1.324733049630611,43.5,False,refined,0.27783009362933353,NULL,3.0,45.27783009362933,44.79488292577029,42.25,2.5448829257702883,NULL,0,42.25,NULL,False
168,0.0001831269531401866,candidate,2,3,2021484374.3106618,2022130073.2821083,0.0002113475964516213,8.471308022038082,-1.5851372278783238,38.8125,False,refined,0.3283748734366829,NULL,3.0,45.32837487343668,44.79488292577029,42.25,2.5448829257702883,NULL,0,42.25,NULL,False
168,0.0001831269531401866,candidate,3,4,58593749.98001918,nan,0.00019798422986159916,7.800764129225222,-2.1524715203441236,1.125,True,boundary_peak,2.1831648506377244,NULL,3.0,47.18316485063772,44.79488292577029,42.25,2.5448829257702883,NULL,0,42.25,NULL,False
168,0.0001831269531401866,candidate,4,5,3349609373.8577633,3349502947.7453184,0.00017826955637587362,6.982671850814217,-3.0635398166954797,64.3125,False,refined,0.6440704609213349,NULL,3.0,45.644070460921334,44.79488292577029,42.25,2.5448829257702883,NULL,0,42.25,NULL,False
168,0.0001831269531401866,NULL,5,0,nan,nan,nan,nan,nan,nan,False,NULL,0.25,NULL,0.0,42.25,44.79488292577029,42.25,2.5448829257702883,NULL,0,42.25,NULL,True
169,0.0001831301531401877,candidate,0,1,2041015624.3040016,2039944772.0780954,0.0002407778567852314,9.327139730621408,0.7539494155148763,39.1875,False,refined,0.10092904040678885,NULL,3.0,45.35092904040679,45.35092904040679,42.5,2.8509290404067897,NULL,0,42.5,NULL,False
169,0.0001831301531401877,candidate,1,2,58593749.98001918,nan,0.00022075933319792257,8.395506503599206,-0.7539494155148763,1.125,True,boundary_peak,2.0065458629297988,NULL,3.0,47.2565458629298,45.35092904040679,42.5,2.8509290404067897,NULL,0,42.5,NULL,False
169,0.0001831301531401877,candidate,2,3,1494140624.4904892,1489266735.7493658,0.00018759000121630165,7.154634819527255,-2.1681371634234825,28.6875,False,refined,0.5623133497848795,rank_1,0.028065002839848176,45.385261278395014,45.35092904040679,42.5,2.8509290404067897,NULL,0,42.5,NULL,False
169,0.0001831301531401877,candidate,3,4,2246093749.234069,2247327984.449498,0.00017620963512714254,6.615401881050671,-2.7117378495707367,43.125,False,refined,0.6771733334405704,NULL,3.0,45.92717333344057,45.35092904040679,42.5,2.8509290404067897,NULL,0,42.5,NULL,False
169,0.0001831301531401877,candidate,4,5,4365234373.51143,4364155442.75338,0.00017221378183094848,6.460385942785578,-2.9109728079239083,83.81250000000001,False,refined,0.7128779090774076,NULL,3.0,45.962877909077406,45.35092904040679,42.5,2.8509290404067897,NULL,0,42.5,NULL,False
169,0.0001831301531401877,NULL,5,0,nan,nan,nan,nan,nan,nan,False,NULL,0.25,NULL,0.0,42.5,45.35092904040679,42.5,2.8509290404067897,NULL,0,42.5,NULL,True
170,0.00018313335314018879,candidate,0,1,2050781249.3006716,2049359977.1389852,0.00023234395652285466,8.943389692091381,1.140274496489031,39.375,False,refined,0.1584915461862928,rank_1,0.008864608633860342,45.51828519522694,45.51828519522694,42.75,2.7682851952269374,NULL,0,42.75,NULL,False
170,0.00018313335314018879,candidate,1,2,58593749.98001918,nan,0.00020375940123455272,7.732383026637164,-1.140274496489031,1.125,True,boundary_peak,2.13015970203499,NULL,3.0,47.63015970203499,45.51828519522694,42.75,2.7682851952269374,NULL,0,42.75,NULL,False
170,0.00018313335314018879,candidate,2,3,4042968748.6213236,4044363834.530708,0.00018877900857800626,7.252909755733867,-1.8035535923753532,77.625,False,refined,0.5247856361633795,NULL,3.0,46.02478563616338,45.51828519522694,42.75,2.7682851952269374,NULL,0,42.75,NULL,False
170,0.00018313335314018879,candidate,3,4,917968749.6869673,916042956.2042574,0.00018353163218502667,7.0080542746621255,-2.048409073447095,17.625,False,refined,0.5768174258911246,NULL,3.0,46.07681742589112,45.51828519522694,42.75,2.7682851952269374,NULL,0,42.75,NULL,False
170,0.00018313335314018879,candidate,4,5,5283203123.198397,5282707456.026545,0.00017495816142369767,6.5194051466421055,-2.463943487377769,101.4375,False,refined,0.6760856959647947,NULL,3.0,46.176085695964794,45.51828519522694,42.75,2.7682851952269374,NULL,0,42.75,NULL,False
170,0.00018313335314018879,NULL,5,0,nan,nan,nan,nan,nan,nan,False,NULL,0.25,NULL,0.0,42.75,45.51828519522694,42.75,2.7682851952269374,NULL,0,42.75,NULL,True
171,0.00018313655314018988,candidate,0,1,4052734373.617994,4053752237.970864,0.0002314105929849399,10.488183718655737,0.8419768300428565,77.8125,False,refined,0.0,NULL,3.0,45.75,45.75,43.0,2.75,NULL,0,43.0,NULL,False
171,0.00018313655314018988,candidate,1,2,898437499.6936275,897952157.7101879,0.00021003148050420225,9.67031552821151,-0.8419768300428565,17.25,False,refined,0.10207622264595195,NULL,3.0,45.852076222645955,45.75,43.0,2.75,NULL,0,43.0,NULL,False
171,0.00018313655314018988,candidate,2,3,2041015624.3040016,2040404843.3525434,0.0001927818689421629,8.832925166062129,-1.5863409789137073,39.1875,False,refined,0.2742075362727874,rank_1,0.00801944211330715,45.800512173613036,45.75,43.0,2.75,NULL,0,43.0,NULL,False
171,0.00018313655314018988,candidate,3,4,1738281249.4072359,1742404722.0138903,0.00017179345459392235,7.768963876755111,-2.5875324442099146,33.375,False,refined,0.4963761962498531,NULL,3.0,46.246376196249855,45.75,43.0,2.75,NULL,0,43.0,NULL,False
171,0.00018313655314018988,candidate,4,5,58593749.98001918,nan,0.00016927820879849396,7.5380240957386135,-2.715643605547573,1.125,True,boundary_peak,2.257774110985931,NULL,3.0,48.007774110985935,45.75,43.0,2.75,NULL,0,43.0,NULL,False
171,0.00018313655314018988,NULL,5,0,nan,nan,nan,nan,nan,nan,False,NULL,0.25,NULL,0.0,43.0,45.75,43.0,2.75,NULL,0,43.0,NULL,True
172,0.00018313975314019097,candidate,0,1,4052734373.617994,4052238647.302997,0.00026078793676625133,11.112586900738046,1.3927366424217347,77.8125,False,refined,0.0,rank_1,0.00022909567098531835,45.75022909567099,45.75022909567099,43.25,2.5002290956709885,NULL,0,43.25,NULL,False
172,0.00018313975314019097,candidate,1,2,566406249.8068521,567522450.9934018,0.0002221522244668037,9.755696107724097,-1.3927366424217347,10.875,False,refined,0.12369162399274392,NULL,3.0,46.12369162399274,45.75022909567099,43.25,2.5002290956709885,NULL,0,43.25,NULL,False
172,0.00018313975314019097,candidate,2,3,2031249999.3073318,2032805167.0006995,0.00017674775668900108,7.662434078362379,-3.378671761052221,39.0,False,refined,0.561801873311407,rank_3,0.005775508065277441,46.36808955498972,45.75022909567099,43.25,2.5002290956709885,NULL,0,43.25,NULL,False
172,0.00018313975314019097,candidate,3,4,722656249.75357,719487725.7200428,0.00017218744877071256,7.536362132331114,-3.60572014201197,13.875,False,refined,0.5949031890260811,NULL,3.0,46.594903189026084,45.75022909567099,43.25,2.5002290956709885,NULL,0,43.25,NULL,False
172,0.00018313975314019097,candidate,4,5,2265624999.2274084,2266401124.339297,0.00016844145007654013,7.22566235304412,-3.7967705381612404,43.5,False,refined,0.6534488056784595,NULL,3.0,46.65344880567846,45.75022909567099,43.25,2.5002290956709885,NULL,0,43.25,NULL,False
172,0.00018313975314019097,NULL,5,0,nan,nan,nan,nan,nan,nan,False,NULL,0.25,NULL,0.0,43.25,45.75022909567099,43.25,2.5002290956709885,NULL,0,43.25,NULL,True
173,0.00018314295314019206,candidate,0,1,566406249.8068521,565012669.8837246,0.0002998789423367133,12.367766511898974,0.688795448142967,10.875,False,refined,0.0,rank_2,0.0006299001218492495,46.12432152411459,45.83792834047589,43.5,2.337928340475891,NULL,0,43.5,NULL,False
173,0.00018314295314019206,candidate,1,2,4033203123.624654,4031108212.074169,0.00027701685733003313,11.646981883065637,-0.688795448142967,77.4375,False,refined,0.04304971550893544,rank_1,0.04464952929596935,45.83792834047589,45.83792834047589,43.5,2.337928340475891,NULL,0,43.5,NULL,False
173,0.00018314295314019206,candidate,2,3,3476562498.8144717,3475615246.469216,0.00021436916903435152,9.452093592931492,-2.9156729189674824,66.75,False,refined,0.26441551849574385,NULL,3.0,46.514415518495746,45.83792834047589,43.5,2.337928340475891,NULL,0,43.5,NULL,False
173,0.00018314295314019206,candidate,3,4,2255859374.2307386,2253853687.3313255,0.00018545377870216208,8.135865894111518,-4.1742056747745515,43.3125,False,refined,0.5405079705566818,NULL,3.0,46.79050797055668,45.83792834047589,43.5,2.337928340475891,NULL,0,43.5,NULL,False
173,0.00018314295314019206,candidate,4,5,1542968749.4738386,1544501235.3685057,0.0001826071820990098,7.993134200591836,-4.308562314420534,29.625,False,refined,0.570315014562508,NULL,3.0,46.82031501456251,45.83792834047589,43.5,2.337928340475891,NULL,0,43.5,NULL,False
173,0.00018314295314019206,NULL,5,0,nan,nan,nan,nan,nan,nan,False,NULL,0.25,NULL,0.0,43.5,45.83792834047589,43.5,2.337928340475891,NULL,0,43.5,NULL,True
174,0.00018314615314019315,candidate,0,1,3476562498.8144717,3480687355.274472,0.0003022212803187449,12.48416923375622,0.14366484872616603,66.75,False,refined,0.0,NULL,3.0,46.5,45.87255333993357,43.75,2.1225533399335674,NULL,0,43.75,NULL,False
174,0.00018314615314019315,candidate,1,2,4013671873.6313143,4015093860.2570367,0.0002972636449301232,12.305798279783202,-0.14366484872616603,77.0625,False,refined,0.008979053045385377,rank_2,0.02564594641228941,45.87255333993357,45.87255333993357,43.75,2.1225533399335674,NULL,0,43.75,NULL,False
174,0.00018314615314019315,candidate,2,3,537109374.8168426,538286196.1130127,0.0002920170735740444,12.185833300303113,-0.2983359334531066,10.3125,False,refined,0.018645995840819163,rank_1,0.07143044002165512,46.21439795997707,45.87255333993357,43.75,2.1225533399335674,NULL,0,43.75,NULL,False
174,0.00018314615314019315,candidate,3,4,1582031249.4605181,1579984570.965991,0.00021683497246792932,9.60025499589138,-2.8839142378648397,30.375000000000004,False,refined,0.24020639048284553,NULL,3.0,46.74020639048285,45.87255333993357,43.75,2.1225533399335674,NULL,0,43.75,NULL,False
174,0.00018314615314019315,candidate,4,5,58593749.98001918,nan,0.0001875304298902534,8.084670737400872,-4.14506583768083,1.125,True,boundary_peak,2.265116004244921,NULL,3.0,48.76511600424492,45.87255333993357,43.75,2.1225533399335674,NULL,0,43.75,NULL,False
174,0.00018314615314019315,NULL,5,0,nan,nan,nan,nan,nan,nan,False,NULL,0.25,NULL,0.0,43.75,45.87255333993357,43.75,2.1225533399335674,NULL,0,43.75,NULL,True
175,0.00018314935314019424,candidate,0,1,3505859373.8044815,3503768885.6045833,0.0002917117530436306,11.503698188690068,0.9604691588067205,67.3125,False,refined,0.0,rank_1,0.05327570423798353,46.55327570423798,45.93539145514079,44.0,1.9353914551407883,NULL,0,44.0,NULL,False
175,0.00018314935314019424,candidate,1,2,4013671873.6313143,4009794055.749513,0.00026117431794650975,10.521464994858158,-0.9604691588067205,77.0625,False,refined,0.06002932242542003,rank_2,0.0028087927817966795,45.93539145514079,45.93539145514079,44.0,1.9353914551407883,NULL,0,44.0,NULL,False
175,0.00018314935314019424,candidate,2,3,498046874.83016306,502577462.9379849,0.00025643496950774925,10.37662344593314,-1.1195335687406782,9.5625,False,refined,0.06997084804629239,rank_3,0.12751136249653303,46.41188017051989,45.93539145514079,44.0,1.9353914551407883,NULL,0,44.0,NULL,False
175,0.00018314935314019424,candidate,3,4,58593749.98001918,nan,0.00023098967218428026,9.454706860709496,-2.0272272929553825,1.125,True,boundary_peak,1.9272456767032868,NULL,3.0,48.677245676703286,45.93539145514079,44.0,1.9353914551407883,NULL,0,44.0,NULL,False
175,0.00018314935314019424,candidate,4,5,1601562499.4538577,1603499868.5830996,0.00021425357003038658,8.815639814351508,-2.68051720032231,30.749999999999996,False,refined,0.34518635286741817,NULL,3.0,47.095186352867415,45.93539145514079,44.0,1.9353914551407883,NULL,0,44.0,NULL,False
175,0.00018314935314019424,NULL,5,0,nan,nan,nan,nan,nan,nan,False,NULL,0.25,NULL,0.0,44.0,45.93539145514079,44.0,1.9353914551407883,NULL,0,44.0,NULL,True
176,0.00018315255314019533,candidate,0,1,3515624998.8011513,3514364799.5314183,0.0002647975740057232,9.807916312950109,2.0560510149909117,67.5,False,refined,0.028812553057483647,rank_1,0.011227339194489719,46.59331559648996,46.59331559648996,44.25,2.3433155964899584,NULL,0,44.25,NULL,False
176,0.00018315255314019533,candidate,1,2,4287109373.53807,4283729118.6372595,0.0002089832366921426,7.824383695045851,-2.0560510149909117,82.3125,False,refined,0.4548456341800543,NULL,3.0,47.45484563418005,46.59331559648996,44.25,2.3433155964899584,NULL,0,44.25,NULL,False
176,0.00018315255314019533,candidate,2,3,1796874999.387255,1798067009.8083403,0.00018699805151850692,6.847229757805513,-3.0215384122510347,34.5,False,refined,0.6617616870948627,NULL,3.0,47.66176168709486,46.59331559648996,44.25,2.3433155964899584,NULL,0,44.25,NULL,False
176,0.00018315255314019533,candidate,3,4,2412109374.1774564,2411819418.854818,0.00018360067463884982,6.687973585377565,-3.180794584678983,46.3125,False,refined,0.6956036237358018,NULL,3.0,47.6956036237358,46.59331559648996,44.25,2.3433155964899584,NULL,0,44.25,NULL,False
176,0.00018315255314019533,candidate,4,5,488281249.83349323,491224161.5220495,0.0001812232135723079,6.574764678597784,-3.2940034914587635,9.375,False,refined,0.7196605164265051,rank_3,0.01288974530410807,47.14443043225051,46.59331559648996,44.25,2.3433155964899584,NULL,0,44.25,NULL,False
176,0.00018315255314019533,NULL,5,0,nan,nan,nan,nan,nan,nan,False,NULL,0.25,NULL,0.0,44.25,46.59331559648996,44.25,2.3433155964899584,NULL,0,44.25,NULL,True
177,0.00018315575314019642,candidate,0,1,3515624998.8011513,3515831166.9752755,0.0002320579370159525,9.444123243931069,0.03199496535366109,67.5,False,refined,0.08338151341033972,rank_1,0.0002150233480404278,46.67691213324834,46.67691213324834,44.5,2.1769121332483365,NULL,0,44.5,NULL,False
177,0.00018315575314019642,candidate,1,2,4257812498.548061,4260312751.2115393,0.000231204710908548,9.412128278577407,-0.03199496535366109,81.75,False,refined,0.0901804435479927,NULL,3.0,47.34018044354799,46.67691213324834,44.5,2.1769121332483365,NULL,0,44.5,NULL,False
177,0.00018315575314019642,candidate,2,3,3144531248.927696,3144728578.2887673,0.00018039457266594107,7.110986936676156,-2.1874591961617273,60.375,False,refined,0.5700681592586846,NULL,3.0,47.82006815925868,46.67691213324834,44.5,2.1769121332483365,NULL,0,44.5,NULL,False
177,0.00018315575314019642,candidate,3,4,742187499.7469097,742129402.5094452,0.00017667627547885518,6.885671819098853,-2.3683638353609293,14.250000000000002,False,refined,0.6151719668452301,NULL,3.0,47.86517196684523,46.67691213324834,44.5,2.1769121332483365,NULL,0,44.5,NULL,False
177,0.00018315575314019642,candidate,4,5,1806640624.383925,1807412733.7833939,0.00017384636615725462,6.7657529764095425,-2.508616196834943,34.6875,False,refined,0.6419255658407526,NULL,3.0,47.89192556584075,46.67691213324834,44.5,2.1769121332483365,NULL,0,44.5,NULL,False
177,0.00018315575314019642,NULL,5,0,nan,nan,nan,nan,nan,nan,False,NULL,0.25,NULL,0.0,44.5,46.67691213324834,44.5,2.1769121332483365,NULL,0,44.5,NULL,True
178,0.00018315895314019752,candidate,0,1,4238281248.554721,4233409255.894207,0.0002093983835859785,9.782404061189647,1.2161238325542811,81.375,False,refined,0.03263939082155298,rank_2,0.07237980602897191,47.44519964039851,46.963086682353875,44.75,2.2130866823538753,NULL,0,44.75,NULL,False
178,0.00018315895314019752,candidate,1,2,3515624998.8011513,3514570874.3492928,0.00018204012844561605,8.599946827862786,-1.2161238325542811,67.5,False,refined,0.28601571535522474,rank_1,0.00015883375031065246,46.963086682353875,46.963086682353875,44.75,2.2130866823538753,NULL,0,44.75,NULL,False
178,0.00018315895314019752,candidate,2,3,2197265624.2507195,2194476859.6697893,0.0001758932690108218,8.162966845021682,-1.5144820893688848,42.1875,False,refined,0.370210103832303,NULL,3.0,47.87021010383231,46.963086682353875,44.75,2.2130866823538753,NULL,0,44.75,NULL,False
178,0.00018315895314019752,candidate,3,4,58593749.98001918,nan,0.00017436914091193374,7.888852365969452,-1.5900739407450626,1.125,True,boundary_peak,2.1348017664011487,NULL,3.0,49.63480176640115,46.963086682353875,44.75,2.2130866823538753,NULL,0,44.75,NULL,False
178,0.00018315895314019752,candidate,4,5,732421874.7502398,732583426.7087168,0.0001658577220430562,7.570683271925622,-2.024752571687909,14.0625,False,refined,0.49094454494165096,NULL,3.0,47.99094454494165,46.963086682353875,44.75,2.2130866823538753,NULL,0,44.75,NULL,False
178,0.00018315895314019752,NULL,5,0,nan,nan,nan,nan,nan,nan,False,NULL,0.25,NULL,0.0,44.75,46.963086682353875,44.75,2.2130866823538753,NULL,0,44.75,NULL,True
179,0.0001831621531401986,candidate,0,1,712890624.7569001,708525085.3345541,0.00017845083185946727,9.167500429093929,0.6471853917208303,13.6875,False,refined,0.12487493563591068,NULL,3.0,47.87487493563591,47.739979658010334,45.0,2.739979658010334,NULL,0,45.0,NULL,False
179,0.0001831621531401986,candidate,1,2,4218749998.5613813,4218090160.253224,0.00016563774417444353,8.460910256643235,-0.6471853917208303,81.0,False,refined,0.2713125484860667,rank_1,0.023467469125758755,47.739979658010334,47.739979658010334,45.0,2.739979658010334,NULL,0,45.0,NULL,False
179,0.0001831621531401986,candidate,2,3,1142578124.6103742,1144289397.1050277,0.00015568979742655483,7.938347054256658,-1.18516846440059,21.9375,False,refined,0.38332097088653816,NULL,3.0,48.13332097088654,47.739979658010334,45.0,2.739979658010334,NULL,0,45.0,NULL,False
179,0.0001831621531401986,candidate,3,4,1845703124.3706043,1844529525.5574503,0.0001515630575030105,7.737782696900641,-1.4185043802262154,35.4375,False,refined,0.42798911922904226,NULL,3.0,48.17798911922904,47.739979658010334,45.0,2.739979658010334,NULL,0,45.0,NULL,False
179,0.0001831621531401986,candidate,4,5,4833984373.351583,4836770175.058245,0.00014721258618561803,7.496027739760462,-1.6714726893334664,92.8125,False,refined,0.4800628821192723,NULL,3.0,48.23006288211927,47.739979658010334,45.0,2.739979658010334,NULL,0,45.0,NULL,False
179,0.0001831621531401986,NULL,5,0,nan,nan,nan,nan,nan,nan,False,NULL,0.25,NULL,0.0,45.0,47.739979658010334,45.0,2.739979658010334,NULL,0,45.0,NULL,True
180,0.0001831653531401997,candidate,0,1,664062499.7735507,665734752.0514115,0.0002465921946906305,12.10571131021588,1.7210201191134367,12.75,False,refined,0.0,NULL,3.0,48.0,48.0,45.25,2.75,NULL,0,45.25,NULL,False
180,0.0001831653531401997,candidate,1,2,2939453123.997629,2935343631.4145417,0.00020226853079960077,10.351449577856027,-1.7210201191134367,56.4375,False,refined,0.10756375744458979,NULL,3.0,48.10756375744459,48.0,45.25,2.75,NULL,0,45.25,NULL,False
180,0.0001831653531401997,candidate,2,3,4833984373.351583,4833969065.402539,0.0001548916909469239,7.952195930491159,-4.039024098270216,92.8125,False,refined,0.5596096165682146,NULL,3.0,48.55960961656822,48.0,45.25,2.75,NULL,0,45.25,NULL,False
180,0.0001831653531401997,candidate,3,4,5576171873.098493,5579597799.471804,0.00015423897292847106,7.898295671616387,-4.075704025310207,107.0625,False,refined,0.56998715083943,NULL,3.0,48.56998715083943,48.0,45.25,2.75,NULL,0,45.25,NULL,False
180,0.0001831653531401997,candidate,4,5,1464843749.5004797,1460318941.1415389,0.0001479606059725076,7.572336794026002,-4.436664491673019,28.125,False,refined,0.6414410116256634,NULL,3.0,48.641441011625666,48.0,45.25,2.75,NULL,0,45.25,NULL,False
180,0.0001831653531401997,NULL,5,0,nan,nan,nan,nan,nan,nan,False,NULL,0.25,NULL,0.0,45.25,48.0,45.25,2.75,NULL,0,45.25,NULL,True
181,0.0001831685531402008,candidate,0,1,634765624.7835412,634054216.6731907,0.00029285466375934496,12.35925995200641,1.9562948184687912,12.1875,False,refined,0.0,rank_1,0.10036563218506996,48.10036563218507,48.10036563218507,45.5,2.600365632185067,NULL,0,45.5,NULL,False
181,0.0001831685531402008,candidate,1,2,2910156249.0076194,2913227127.570227,0.0002337961761074131,10.402965133537618,-1.9562948184687912,55.87499999999999,False,refined,0.12226842615429945,rank_2,0.048913974229558135,48.278746157828444,48.10036563218507,45.5,2.600365632185067,NULL,0,45.5,NULL,False
181,0.0001831685531402008,candidate,2,3,5566406248.101823,5570434238.153416,0.00018431499941808546,8.337430643792345,-4.021829308214064,106.875,False,refined,0.5007497351945273,NULL,3.0,48.750749735194525,48.10036563218507,45.5,2.600365632185067,NULL,0,45.5,NULL,False
181,0.0001831685531402008,candidate,3,4,4804687498.361573,4803958433.08458,0.00018347577063198853,8.284166702059022,-4.061468482777331,92.25,False,refined,0.5112167748647299,NULL,3.0,48.76121677486473,48.10036563218507,45.5,2.600365632185067,NULL,0,45.5,NULL,False
181,0.0001831685531402008,candidate,4,5,1464843749.5004797,1462324712.9011834,0.00017523353764233387,7.873449377095367,-4.460698319552581,28.125,False,refined,0.5977762384077312,NULL,3.0,48.84777623840773,48.10036563218507,45.5,2.600365632185067,NULL,0,45.5,NULL,False
181,0.0001831685531402008,NULL,5,0,nan,nan,nan,nan,nan,nan,False,NULL,0.25,NULL,0.0,45.5,48.10036563218507,45.5,2.600365632185067,NULL,0,45.5,NULL,True
182,0.00018317175314020188,candidate,0,1,615234374.7902014,611514251.9590455,0.00027781169862211864,11.955058688045428,1.291528952202965,11.8125,False,refined,0.0,rank_1,0.05080500093149099,48.15117063311656,48.15117063311656,45.75,2.401170633116557,NULL,0,45.75,NULL,False
182,0.00018317175314020188,candidate,1,2,2900390624.0109496,2898474533.7954144,0.00023942752835833572,10.663529735842463,-1.291528952202965,55.6875,False,refined,0.08072055951268531,rank_2,0.021763902308464235,48.38123061964959,48.15117063311656,45.75,2.401170633116557,NULL,0,45.75,NULL,False
182,0.00018317175314020188,candidate,2,3,4775390623.371564,4771828836.200246,0.00020705641466307076,9.40868896717487,-2.5532368055355903,91.6875,False,refined,0.24827395526974394,NULL,3.0,48.748273955269745,48.15117063311656,45.75,2.401170633116557,NULL,0,45.75,NULL,False
182,0.00018317175314020188,candidate,3,4,5527343748.115143,5531618083.054899,0.00019300605534224347,8.814487388051635,-3.1635919034608673,106.12499999999999,False,refined,0.37555138575855895,NULL,3.0,48.875551385758556,48.15117063311656,45.75,2.401170633116557,NULL,0,45.75,NULL,False
182,0.00018317175314020188,candidate,4,5,58593749.98001918,nan,0.00018201411728598237,8.052335802329225,-3.672909121290564,1.125,True,boundary_peak,2.2404564497312767,NULL,3.0,50.740456449731276,48.15117063311656,45.75,2.401170633116557,NULL,0,45.75,NULL,False
182,0.00018317175314020188,NULL,5,0,nan,nan,nan,nan,nan,nan,False,NULL,0.25,NULL,0.0,45.75,48.15117063311656,45.75,2.401170633116557,NULL,0,45.75,NULL,True
183,0.00018317495314020297,candidate,0,1,2890624999.01428,2893450932.573949,0.00019495729014320246,8.718854449497409,0.2778254327424179,55.5,False,refined,0.19217183257538872,rank_2,0.002523656923231054,48.57592610914821,48.555299161820734,46.0,2.5552991618207344,NULL,0,46.0,NULL,False
183,0.00018317495314020297,candidate,1,2,58593749.98001918,nan,0.00018882009334675865,8.368713896909439,-0.2778254327424179,1.125,True,boundary_peak,1.9808070050099853,NULL,3.0,50.730807005009986,48.555299161820734,46.0,2.5552991618207344,NULL,0,46.0,NULL,False
183,0.00018317495314020297,candidate,2,3,2099609374.284021,2094829412.220687,0.0001872861930935293,8.452724133842988,-0.3486743531971026,40.3125,False,refined,0.2538835269983707,NULL,3.0,49.00388352699837,48.555299161820734,46.0,2.5552991618207344,NULL,0,46.0,NULL,False
183,0.00018317495314020297,candidate,3,4,615234374.7902014,615073508.5486451,0.00017238127205874222,7.759667000659398,-1.0689879688964243,11.8125,False,refined,0.4028616979571168,rank_1,0.0012668307470608245,48.555299161820734,48.555299161820734,46.0,2.5552991618207344,NULL,0,46.0,NULL,False
183,0.00018317495314020297,candidate,4,5,5380859373.165095,5380603629.570968,0.00016746193662135165,7.420323826114057,-1.32046740631254,103.3125,False,refined,0.4694806389774252,NULL,3.0,49.21948063897742,48.555299161820734,46.0,2.5552991618207344,NULL,0,46.0,NULL,False
183,0.00018317495314020297,NULL,5,0,nan,nan,nan,nan,nan,nan,False,NULL,0.25,NULL,0.0,46.0,48.555299161820734,46.0,2.5552991618207344,NULL,0,46.0,NULL,True
184,0.00018317815314020406,candidate,0,1,2080078124.2906811,2084684735.8809094,0.00021079774424759092,9.63983363943508,0.08358595891612808,39.9375,False,refined,0.05402495408473795,NULL,3.0,49.05402495408474,49.05402495408474,46.25,2.8040249540847384,NULL,0,46.25,NULL,False
184,0.00018317815314020406,candidate,1,2,3886718748.674606,3887851334.981405,0.00020877892699211278,9.50428175705654,-0.08358595891612808,74.625,False,refined,0.07958185887377689,NULL,3.0,49.07958185887378,49.05402495408474,46.25,2.8040249540847384,NULL,0,46.25,NULL,False
184,0.00018317815314020406,candidate,2,3,2744140624.064232,2744721972.642727,0.00018764574870985834,8.638590118714484,-1.0105445931173485,52.6875,False,refined,0.26737051926266164,NULL,3.0,49.26737051926266,49.05402495408474,46.25,2.8040249540847384,NULL,0,46.25,NULL,False
184,0.00018317815314020406,candidate,3,4,4462890623.478128,4459896986.065065,0.00018311267363049842,8.426183604812714,-1.222951107019119,85.68750000000001,False,refined,0.3125069034667879,NULL,3.0,49.31250690346679,49.05402495408474,46.25,2.8040249540847384,NULL,0,46.25,NULL,False
184,0.00018317815314020406,candidate,4,5,4228515623.558051,4232181922.915769,0.0001418705102024118,5.984189927484831,-3.4394765719409914,81.1875,False,refined,0.8173387966235873,NULL,3.0,49.81733879662359,49.05402495408474,46.25,2.8040249540847384,NULL,0,46.25,NULL,False
184,0.00018317815314020406,NULL,5,0,nan,nan,nan,nan,nan,nan,False,NULL,0.25,NULL,0.0,46.25,49.05402495408474,46.25,2.8040249540847384,NULL,0,46.25,NULL,True
185,0.00018318135314020515,candidate,0,1,3896484373.6712756,3892772363.0376425,0.0002495816187640288,10.459353436437757,1.30842981445368,74.8125,False,refined,0.0,rank_2,0.002421651713027857,49.08200351058681,49.08200351058681,46.5,2.5820035105868087,NULL,0,46.5,NULL,False
185,0.00018318135314020515,candidate,1,2,2753906249.0609016,2756395832.6276855,0.00021467976265058037,9.113658737837014,-1.30842981445368,52.875,False,refined,0.21472805272780293,NULL,3.0,49.4647280527278,49.08200351058681,46.5,2.5820035105868087,NULL,0,46.5,NULL,False
185,0.00018318135314020515,candidate,2,3,2070312499.294011,2070099576.533705,0.00018527305563642078,7.871346777236186,-2.5880066592015716,39.75,False,refined,0.4810483996146704,rank_1,0.021272687318334524,49.55634604101775,49.08200351058681,46.5,2.5820035105868087,NULL,0,46.5,NULL,False
185,0.00018318135314020515,candidate,3,4,1152343749.607044,1154342194.8028278,0.00018187067359055643,7.710354998555209,-2.7489984378825483,22.125,False,refined,0.5152591525843779,NULL,3.0,49.76525915258438,49.08200351058681,46.5,2.5820035105868087,NULL,0,46.5,NULL,False
185,0.00018318135314020515,candidate,4,5,4443359373.484788,4444667231.009743,0.00017010516567572394,7.04652722319417,-3.3299018982877726,85.3125,False,refined,0.6511397851638603,NULL,3.0,49.90113978516386,49.08200351058681,46.5,2.5820035105868087,NULL,0,46.5,NULL,False
185,0.00018318135314020515,NULL,5,0,nan,nan,nan,nan,nan,nan,False,NULL,0.25,NULL,0.0,46.5,49.08200351058681,46.5,2.5820035105868087,NULL,0,46.5,NULL,True
186,0.00018318455314020625,candidate,0,1,3896484373.6712756,3892302040.0016,0.00023044993145609078,9.368404230735798,1.0009919009572155,74.8125,False,refined,0.09473936538963024,rank_1,2.2120375823241375e-05,49.17676499635226,49.17676499635226,46.75,2.4267649963522615,NULL,0,46.75,NULL,False
186,0.00018318455314020625,candidate,1,2,1132812499.6137042,1133976459.5098903,0.00020536526420429445,8.432804061151353,-1.0009919009572155,21.75,False,refined,0.297641384637123,NULL,3.0,49.797641384637124,49.17676499635226,46.75,2.4267649963522615,NULL,0,46.75,NULL,False
186,0.00018318455314020625,candidate,2,3,2421874999.174126,2419974907.947382,0.00017981077504467292,7.259328984612301,-2.155217405850225,46.49999999999999,False,refined,0.5458017401737939,NULL,3.0,50.04580174017379,49.17676499635226,46.75,2.4267649963522615,NULL,0,46.75,NULL,False
186,0.00018318455314020625,candidate,3,4,2753906249.0609016,2755358137.2168694,0.00017978148635582305,7.199456173207501,-2.1566323324037917,52.875,False,refined,0.5548710947941118,rank_2,0.00010768117656289868,50.019706828698475,49.17676499635226,46.75,2.4267649963522615,NULL,0,46.75,NULL,False
186,0.00018318455314020625,candidate,4,5,722656249.75357,724007215.8296071,0.00016255267860799358,6.347082221925726,-3.0316490583398004,13.875,False,refined,0.7374157328573786,NULL,3.0,50.23741573285738,49.17676499635226,46.75,2.4267649963522615,NULL,0,46.75,NULL,False
186,0.00018318455314020625,NULL,5,0,nan,nan,nan,nan,nan,nan,False,NULL,0.25,NULL,0.0,46.75,49.17676499635226,46.75,2.4267649963522615,NULL,0,46.75,NULL,True
187,0.00018318775314020734,candidate,0,1,3681640623.744539,3681032202.317261,0.0002230942329423996,9.700728853345986,0.3018113055424543,70.6875,False,refined,0.04489067199810215,NULL,3.0,49.794890671998104,49.794890671998104,47.0,2.794890671998104,NULL,0,47.0,NULL,False
187,0.00018318775314020734,candidate,1,2,1269531249.5670824,1266706767.4528782,0.00021547544113506876,9.295607827563508,-0.3018113055424543,24.375,False,refined,0.12452203246187721,NULL,3.0,49.874522032461876,49.794890671998104,47.0,2.794890671998104,NULL,0,47.0,NULL,False
187,0.00018318775314020734,candidate,2,3,722656249.75357,722063655.9704037,0.00020812447679931465,9.17260723731581,-0.603303693820143,13.875,False,refined,0.16181539526638733,NULL,3.0,49.91181539526639,49.794890671998104,47.0,2.794890671998104,NULL,0,47.0,NULL,False
187,0.00018318775314020734,candidate,3,4,1132812499.6137042,1134737272.6130698,0.00020370284472350292,8.823661312173616,-0.7898249956758008,21.75,False,refined,0.2258148654036951,NULL,3.0,49.97581486540369,49.794890671998104,47.0,2.794890671998104,NULL,0,47.0,NULL,False
187,0.00018318775314020734,candidate,4,5,2431640624.1707964,2427719239.9086204,0.0001873766357371118,8.00590647951437,-1.5154581330906236,46.6875,False,refined,0.39383016139100835,NULL,3.0,50.14383016139101,49.794890671998104,47.0,2.794890671998104,NULL,0,47.0,NULL,False
187,0.00018318775314020734,NULL,5,0,nan,nan,nan,nan,nan,nan,False,NULL,0.25,NULL,0.0,47.0,49.794890671998104,47.0,2.794890671998104,NULL,0,47.0,NULL,True
188,0.00018319095314020843,candidate,0,1,3662109373.7511992,3661076268.2313666,0.00027835613224223447,11.538275024298557,0.7285707685679021,70.3125,False,refined,0.0,rank_1,0.03982393052405693,49.83471460252216,49.83471460252216,47.25,2.584714602522162,NULL,0,47.25,NULL,False
188,0.00018319095314020843,candidate,1,2,1259765624.5704124,1262833907.3505566,0.00025596009042035004,10.841616719541562,-0.7285707685679021,24.187499999999996,False,refined,0.045535673035493884,rank_2,0.0014999045372154668,49.92155761003458,49.83471460252216,47.25,2.584714602522162,NULL,0,47.25,NULL,False
188,0.00018319095314020843,candidate,2,3,722656249.75357,725162127.133335,0.00021110118127630682,9.155188341841827,-2.4022025962443028,13.875,False,refined,0.2768594109889949,rank_3,0.0009600523547516986,50.189634858610134,49.83471460252216,47.25,2.584714602522162,NULL,0,47.25,NULL,False
188,0.00018319095314020843,candidate,3,4,4345703123.518089,4343172199.683066,0.00020732826677191525,8.969243451673519,-2.558845525326694,83.4375,False,refined,0.3145413275818906,NULL,3.0,50.31454132758189,49.83471460252216,47.25,2.584714602522162,NULL,0,47.25,NULL,False
188,0.00018319095314020843,candidate,4,5,2421874999.174126,2421166706.2805257,0.00020052050693492339,8.673886614094037,-2.8488399892794547,46.49999999999999,False,refined,0.3769695072158603,NULL,3.0,50.37696950721586,49.83471460252216,47.25,2.584714602522162,NULL,0,47.25,NULL,False
188,0.00018319095314020843,NULL,5,0,nan,nan,nan,nan,nan,nan,False,NULL,0.25,NULL,0.0,47.25,49.83471460252216,47.25,2.584714602522162,NULL,0,47.25,NULL,True
189,0.00018319415314020952,candidate,0,1,3671874998.747869,3669186131.2253475,0.0002798811608162771,10.619976801454536,1.1512311633868588,70.5,False,refined,0.0,rank_1,0.00657698777811406,49.84129159030027,49.84129159030027,47.5,2.3412915903002727,NULL,0,47.5,NULL,False
189,0.00018319415314020952,candidate,1,2,1240234374.5770729,1243492940.711268,0.00024513882963966225,9.468745638067677,-1.1512311633868588,23.8125,False,refined,0.1516401020015271,rank_2,0.037407299054207706,50.11060501109032,49.84129159030027,47.5,2.3412915903002727,NULL,0,47.5,NULL,False
189,0.00018319415314020952,candidate,2,3,2402343749.1807866,2404444708.2157607,0.00022333089898249458,8.690974145902208,-1.9604970476589934,46.125,False,refined,0.31888494359335584,NULL,3.0,50.56888494359335,49.84129159030027,47.5,2.3412915903002727,NULL,0,47.5,NULL,False
189,0.00018319415314020952,candidate,3,4,4296874998.53474,4301718643.438594,0.0002061754173606032,8.025124486285424,-2.654735682333227,82.5,False,refined,0.46215230720301304,NULL,3.0,50.71215230720301,49.84129159030027,47.5,2.3412915903002727,NULL,0,47.5,NULL,False
189,0.00018319415314020952,candidate,4,5,1611328124.4505277,1614242712.0979078,0.00017793627539867626,6.7456767503222625,-3.9341834182963886,30.9375,False,refined,0.7340349510951849,NULL,3.0,50.98403495109518,49.84129159030027,47.5,2.3412915903002727,NULL,0,47.5,NULL,False
189,0.00018319415314020952,NULL,5,0,nan,nan,nan,nan,nan,nan,False,NULL,0.25,NULL,0.0,47.5,49.84129159030027,47.5,2.3412915903002727,NULL,0,47.5,NULL,True
190,0.0001831973531402106,candidate,0,1,3701171873.737879,3703105816.653018,0.00024385639887366964,10.435940365691874,1.7092198119097546,71.0625,False,refined,0.0,rank_1,0.11505450595121208,49.95634609625149,49.95634609625149,47.75,2.2063460962514867,NULL,0,47.75,NULL,False
190,0.0001831973531402106,candidate,1,2,3369140623.8511033,3369734278.3906507,0.00020029641009256473,8.572564332459613,-1.7092198119097546,64.6875,False,refined,0.32094158837541764,NULL,3.0,50.82094158837542,49.95634609625149,47.75,2.2063460962514867,NULL,0,47.75,NULL,False
190,0.0001831973531402106,candidate,2,3,58593749.98001918,nan,0.00018820636727992824,7.985204219402453,-2.2499968798253622,1.125,True,boundary_peak,2.161594172078717,NULL,3.0,52.661594172078715,49.95634609625149,47.75,2.2063460962514867,NULL,0,47.75,NULL,False
190,0.0001831973531402106,candidate,3,4,2412109374.1774564,2407922464.5189977,0.00017793749451781664,7.592166623429204,-2.737333699986717,46.3125,False,refined,0.5322583627347892,NULL,3.0,51.03225836273479,49.95634609625149,47.75,2.2063460962514867,NULL,0,47.75,NULL,False
190,0.0001831973531402106,candidate,4,5,4287109373.53807,4288920920.3280396,0.00017635564017089896,7.46688809707269,-2.8148960472966778,82.3125,False,refined,0.5558977883951388,NULL,3.0,51.055897788395136,49.95634609625149,47.75,2.2063460962514867,NULL,0,47.75,NULL,False
190,0.0001831973531402106,NULL,5,0,nan,nan,nan,nan,nan,nan,False,NULL,0.25,NULL,0.0,47.75,49.95634609625149,47.75,2.2063460962514867,NULL,0,47.75,NULL,True
191,0.0001832005531402117,candidate,0,1,3740234373.724558,3737530084.9224324,0.0002227416415112856,10.753649535656864,2.1997757016144615,71.8125,False,refined,0.0,rank_1,0.11850302458846129,50.07484912083995,50.07484912083995,48.0,2.07484912083995,NULL,0,48.0,NULL,False
191,0.0001832005531402117,candidate,1,2,3164062498.9210362,3164197975.826813,0.0001729070219495547,8.466583861250836,-2.1997757016144615,60.75000000000001,False,refined,0.36749840216327845,NULL,3.0,51.11749840216328,50.07484912083995,48.0,2.07484912083995,NULL,0,48.0,NULL,False
191,0.0001832005531402117,candidate,2,3,3359374998.8544335,3360274877.033144,0.00017163553311984076,8.489765284173618,-2.263884251483246,64.5,False,refined,0.36802797309166013,NULL,3.0,51.11802797309166,50.07484912083995,48.0,2.07484912083995,NULL,0,48.0,NULL,False
191,0.0001832005531402117,candidate,3,4,4853515623.344923,4854790176.148405,0.00016581575422786144,8.07713144025259,-2.563512504356984,93.18750000000001,False,refined,0.44864981548442306,NULL,3.0,51.19864981548442,50.07484912083995,48.0,2.07484912083995,NULL,0,48.0,NULL,False
191,0.0001832005531402117,candidate,4,5,1767578124.3972454,1766072767.479648,0.0001633215171326821,8.105986698682521,-2.695160207346712,33.9375,False,refined,0.4525495081567913,NULL,3.0,51.20254950815679,50.07484912083995,48.0,2.07484912083995,NULL,0,48.0,NULL,False
191,0.0001832005531402117,NULL,5,0,nan,nan,nan,nan,nan,nan,False,NULL,0.25,NULL,0.0,48.0,50.07484912083995,48.0,2.07484912083995,NULL,0,48.0,NULL,True
192,0.0001832037531402128,candidate,0,1,4550781248.448156,4552465422.156277,0.00019628740438909728,10.085435421163442,1.297651709838501,87.37499999999999,False,refined,0.0,NULL,3.0,51.0,50.40402808540525,48.25,2.154028085405251,NULL,0,48.25,NULL,False
192,0.0001832037531402128,candidate,1,2,3759765623.717898,3760109157.199921,0.00016904792590652674,8.6860381186054,-1.297651709838501,72.1875,False,refined,0.27819751407409643,rank_1,0.05098145049120592,50.40402808540525,50.40402808540525,48.25,2.154028085405251,NULL,0,48.25,NULL,False
192,0.0001832037531402128,candidate,2,3,3154296873.924366,3156725213.878131,0.00016466092099599536,8.293734944471272,-1.5260378387327123,60.56249999999999,False,refined,0.3513171232501038,NULL,3.0,51.351317123250105,50.40402808540525,48.25,2.154028085405251,NULL,0,48.25,NULL,False
192,0.0001832037531402128,candidate,3,4,3466796873.817802,3467009408.8526025,0.00015481627973185436,7.956560816824529,-2.061516101918359,66.5625,False,refined,0.43536063384621804,NULL,3.0,51.435360633846216,50.40402808540525,48.25,2.154028085405251,NULL,0,48.25,NULL,False
192,0.0001832037531402128,candidate,4,5,3916015623.6646156,3918978213.565173,0.000154424755292452,7.934566711882578,-2.0835102068603106,75.1875,False,refined,0.4400343811463827,NULL,3.0,51.44003438114638,50.40402808540525,48.25,2.154028085405251,NULL,0,48.25,NULL,False
192,0.0001832037531402128,NULL,5,0,nan,nan,nan,nan,nan,nan,False,NULL,0.25,NULL,0.0,48.25,50.40402808540525,48.25,2.154028085405251,NULL,0,48.25,NULL,True
193,0.00018320695314021388,candidate,0,1,4531249998.454817,4527183149.708834,0.00020563878612870205,9.569942957115574,0.9418922994345191,87.0,False,refined,0.06450855643266395,rank_1,0.0639193300106736,51.12842788644334,50.98061340817125,48.5,2.4806134081712514,NULL,0,48.5,NULL,False
193,0.00018320695314021388,candidate,1,2,3466796873.817802,3469116625.42548,0.00018450596726934438,8.340773056151463,-0.9418922994345191,66.5625,False,refined,0.30775231029193806,NULL,3.0,51.55775231029194,50.98061340817125,48.5,2.4806134081712514,NULL,0,48.5,NULL,False
193,0.00018320695314021388,candidate,2,3,3154296873.924366,3154052001.6265554,0.00017567059321443594,7.961367126633929,-1.3681192748662419,60.56249999999999,False,refined,0.39130238568405074,NULL,3.0,51.64130238568405,50.98061340817125,48.5,2.4806134081712514,NULL,0,48.5,NULL,False
193,0.00018320695314021388,candidate,3,4,1582031249.4605181,1579009047.7423403,0.0001701430431147561,7.661424085526827,-1.6458167085188968,30.375000000000004,False,refined,0.45364993145340704,NULL,3.0,51.703649931453405,50.98061340817125,48.5,2.4806134081712514,NULL,0,48.5,NULL,False
193,0.00018320695314021388,candidate,4,5,3798828123.704577,3797016397.1755323,0.00016897423726488863,7.774898563643173,-1.705690736811798,72.9375,False,refined,0.44037088650426137,rank_2,0.13621443626173543,50.98061340817125,50.98061340817125,48.5,2.4806134081712514,NULL,0,48.5,NULL,False
193,0.00018320695314021388,NULL,5,0,nan,nan,nan,nan,nan,nan,False,NULL,0.25,NULL,0.0,48.5,50.98061340817125,48.5,2.4806134081712514,NULL,0,48.5,NULL,True
194,0.00018321015314021498,candidate,0,1,3476562498.8144717,3477205632.407967,0.0001913368728289522,7.779726131462015,0.009651728683710559,66.75,False,refined,0.3330410802806978,NULL,3.0,51.8330410802807,51.33195178090096,48.75,2.5819517809009582,NULL,0,48.75,NULL,False
194,0.00018321015314021498,candidate,1,2,3808593748.701247,3807233690.1138,0.00019112437808173525,7.731361118744422,-0.009651728683710559,73.125,False,refined,0.3408990652310686,rank_5,0.010439307498637517,51.33195178090096,51.33195178090096,48.75,2.5819517809009582,NULL,0,48.75,NULL,False
194,0.00018321015314021498,candidate,2,3,3154296873.924366,3157708442.8375278,0.0001907446353140395,7.7418562728691676,-0.026926787631209592,60.56249999999999,False,refined,0.34040448329657547,NULL,3.0,51.840404483296574,51.33195178090096,48.75,2.5819517809009582,NULL,0,48.75,NULL,False
194,0.00018321015314021498,candidate,3,4,2666015624.090873,2666998177.773839,0.00018698568993607455,7.579920120939869,-0.19980601052214553,51.18749999999999,False,refined,0.3754998575166537,NULL,3.0,51.87549985751665,51.33195178090096,48.75,2.5819517809009582,NULL,0,48.75,NULL,False
194,0.00018321015314021498,candidate,4,5,771484374.7369193,768707914.2113769,0.0001834578949430292,7.410632581415193,-0.3652453140597256,14.8125,False,refined,0.4112329449164539,NULL,3.0,51.911232944916456,51.33195178090096,48.75,2.5819517809009582,NULL,0,48.75,NULL,False
194,0.00018321015314021498,NULL,5,0,nan,nan,nan,nan,nan,nan,False,NULL,0.25,NULL,0.0,48.75,51.33195178090096,48.75,2.5819517809009582,NULL,0,48.75,NULL,True
195,0.00018321335314021607,candidate,0,1,2636718749.1008635,2637262385.2537704,0.00024554440612211775,9.989046623806548,1.7809890035760567,50.625,False,refined,0.0016430064290178237,NULL,3.0,51.75164300642902,51.75164300642902,49.0,2.7516430064290205,NULL,0,49.0,NULL,False
195,0.00018321335314021607,candidate,1,2,3505859373.8044815,3503967692.6839037,0.00020002330298609302,8.378883376740536,-1.7809890035760567,67.3125,False,refined,0.3544793062124232,NULL,3.0,52.104479306212426,51.75164300642902,49.0,2.7516430064290205,NULL,0,49.0,NULL,False
195,0.00018321335314021607,candidate,2,3,3173828123.917706,3175713697.605093,0.00019560332233869594,8.013970270920101,-1.9750763528864468,60.9375,False,refined,0.42134673141738777,NULL,3.0,52.17134673141739,51.75164300642902,49.0,2.7516430064290205,NULL,0,49.0,NULL,False
195,0.00018321335314021607,candidate,3,4,5546874998.108483,5547300179.866937,0.00017363229887775355,6.979056036246076,-3.0099905875604716,106.5,False,refined,0.641266006285618,NULL,3.0,52.39126600628562,51.75164300642902,49.0,2.7516430064290205,NULL,0,49.0,NULL,False
195,0.00018321335314021607,candidate,4,5,3359374998.8544335,3362428213.1947036,0.0001703742228671011,6.855405226204194,-3.1745231359849413,64.5,False,refined,0.6700969120684297,NULL,3.0,52.42009691206843,51.75164300642902,49.0,2.7516430064290205,NULL,0,49.0,NULL,False
195,0.00018321335314021607,NULL,5,0,nan,nan,nan,nan,nan,nan,False,NULL,0.25,NULL,0.0,49.0,51.75164300642902,49.0,2.7516430064290205,NULL,0,49.0,NULL,True
196,0.00018321655314021716,candidate,0,1,2626953124.1041937,2629273254.2666364,0.00022575601192691722,10.070801859347647,1.093219548714206,50.4375,False,refined,0.0,rank_1,0.006382621392958436,51.75802562782198,51.75802562782198,49.25,2.5080256278219792,NULL,0,49.25,NULL,False
196,0.00018321655314021716,candidate,1,2,3359374998.8544335,3359254437.3923326,0.00019905740909532282,9.09485191421382,-1.093219548714206,64.5,False,refined,0.20409843466256494,NULL,3.0,52.20409843466256,51.75802562782198,49.25,2.5080256278219792,NULL,0,49.25,NULL,False
196,0.00018321655314021716,candidate,2,3,3623046873.7645197,3622594186.444924,0.00019823355842344252,9.058828511437085,-1.1292429514909408,69.5625,False,refined,0.21175340775262108,NULL,3.0,52.211753407752624,51.75802562782198,49.25,2.5080256278219792,NULL,0,49.25,NULL,False
196,0.00018321655314021716,candidate,3,4,3164062498.9210362,3164346322.8597703,0.0001811846794720234,8.180730177607503,-1.9103570491969801,60.75000000000001,False,refined,0.3922877889336859,NULL,3.0,52.392287788933686,51.75802562782198,49.25,2.5080256278219792,NULL,0,49.25,NULL,False
196,0.00018321655314021716,candidate,4,5,1416015624.5171304,1417901063.459582,0.00017514261446718271,7.7681412981771025,-2.204949921438768,27.1875,False,refined,0.4725881753633576,NULL,3.0,52.472588175363356,51.75802562782198,49.25,2.5080256278219792,NULL,0,49.25,NULL,False
196,0.00018321655314021716,NULL,5,0,nan,nan,nan,nan,nan,nan,False,NULL,0.25,NULL,0.0,49.25,51.75802562782198,49.25,2.5080256278219792,NULL,0,49.25,NULL,True
197,0.00018321975314021825,candidate,0,1,2978515623.9843087,2978172199.0912666,0.00021884476566848764,8.51562807557773,0.43744301559240917,57.1875,False,refined,0.22265578866334046,NULL,3.0,52.47265578866334,52.34119758714251,49.5,2.84119758714251,NULL,0,49.5,NULL,False
197,0.00018321975314021825,candidate,1,2,1435546874.5104702,1437717890.6540673,0.00020809613440681994,8.054224860783696,-0.43744301559240917,27.5625,False,refined,0.3192064593569711,NULL,3.0,52.56920645935697,52.34119758714251,49.5,2.84119758714251,NULL,0,49.5,NULL,False
197,0.00018321975314021825,candidate,2,3,3427734373.8311224,3427069969.9342804,0.000202487422829991,7.816905662270663,-0.6747622141054421,65.8125,False,refined,0.3696367890409906,NULL,3.0,52.61963678904099,52.34119758714251,49.5,2.84119758714251,NULL,0,49.5,NULL,False
197,0.00018321975314021825,candidate,3,4,2607421874.1108537,2609502827.671495,0.00018440060957010772,6.99254854347358,-1.4874762250588613,50.0625,False,refined,0.5440849825451418,rank_1,0.03908697677538748,52.34119758714251,52.34119758714251,49.5,2.84119758714251,NULL,0,49.5,NULL,False
197,0.00018321975314021825,candidate,4,5,3144531248.927696,3144333977.717778,0.00018340665380710044,6.9554615028724776,-1.5344215246138049,60.375,False,refined,0.5525821198574912,NULL,3.0,52.80258211985749,52.34119758714251,49.5,2.84119758714251,NULL,0,49.5,NULL,False
197,0.00018321975314021825,NULL,5,0,nan,nan,nan,nan,nan,nan,False,NULL,0.25,NULL,0.0,49.5,52.34119758714251,49.5,2.84119758714251,NULL,0,49.5,NULL,True
198,0.00018322295314021934,candidate,0,1,624999999.7868713,624741076.3526328,0.00023573668145412602,8.723339275845037,0.1556748512671824,12.0,False,refined,0.19149910862324449,NULL,3.0,52.69149910862325,52.69149910862325,49.75,2.9414991086232476,NULL,0,49.75,NULL,False
198,0.00018322295314021934,candidate,1,2,2998046873.9776483,2996373449.191348,0.00023154927363682587,8.567664424577854,-0.1556748512671824,57.5625,False,refined,0.22458001451752074,NULL,3.0,52.72458001451752,52.69149910862325,49.75,2.9414991086232476,NULL,0,49.75,NULL,False
198,0.00018322295314021934,candidate,2,3,1464843749.5004797,1460850571.6815946,0.00020731452329014464,7.607390513108552,-1.115948762736485,28.125,False,refined,0.42863822070474755,NULL,3.0,52.92863822070475,52.69149910862325,49.75,2.9414991086232476,NULL,0,49.75,NULL,False
198,0.00018322295314021934,candidate,3,4,3437499998.827792,3441764047.389823,0.00020275935536958055,7.26499012874207,-1.3089252744060698,66.0,False,refined,0.4920593103390688,NULL,3.0,52.992059310339066,52.69149910862325,49.75,2.9414991086232476,NULL,0,49.75,NULL,False
198,0.00018322295314021934,candidate,4,5,2753906249.0609016,2754985763.761971,0.00018978662999896972,6.600405903607314,-1.8832310267027896,52.875,False,refined,0.6276410536278273,NULL,3.0,53.127641053627826,52.69149910862325,49.75,2.9414991086232476,NULL,0,49.75,NULL,False
198,0.00018322295314021934,NULL,5,0,nan,nan,nan,nan,nan,nan,False,NULL,0.25,NULL,0.0,49.75,52.69149910862325,49.75,2.9414991086232476,NULL,0,49.75,NULL,True
199,0.00018322615314022043,candidate,0,1,624999999.7868713,624892397.0775785,0.00026901825183840136,9.520005333235249,1.8152734750642363,12.0,False,refined,0.07199920001471272,rank_1,2.28979617981175e-06,52.76350059843414,52.76350059843414,50.0,2.763500598434142,NULL,0,50.0,NULL,False
199,0.00018322615314022043,candidate,1,2,4130859373.5913525,4134066526.114952,0.000218282074436655,7.710249406030414,-1.8152734750642363,79.3125,False,refined,0.4569171812869527,NULL,3.0,53.206917181286954,52.76350059843414,50.0,2.763500598434142,NULL,0,50.0,NULL,False
199,0.00018322615314022043,candidate,2,3,1113281249.6203644,1108820892.9997764,0.0002063040914959365,7.220044780160109,-2.3054781009345415,21.374999999999996,False,refined,0.5610856642843925,NULL,3.0,53.31108566428439,52.76350059843414,50.0,2.763500598434142,NULL,0,50.0,NULL,False
199,0.00018322615314022043,candidate,3,4,751953124.7435795,750812015.8041015,0.00018877181439201128,6.443113411287307,-3.076891921947942,14.437499999999998,False,refined,0.7258387334286504,NULL,3.0,53.47583873342865,52.76350059843414,50.0,2.763500598434142,NULL,0,50.0,NULL,False
199,0.00018322615314022043,candidate,4,5,3007812498.974318,3003542296.5177994,0.00018510690551324288,6.10762442218113,-3.2471825108368435,57.74999999999999,False,refined,0.7868052436001332,rank_2,0.005139237198996797,53.51652449531665,52.76350059843414,50.0,2.763500598434142,NULL,0,50.0,NULL,False
199,0.00018322615314022043,NULL,5,0,nan,nan,nan,nan,nan,nan,False,NULL,0.25,NULL,0.0,50.0,52.76350059843414,50.0,2.763500598434142,NULL,0,50.0,NULL,True
200,0.00018322935314022152,candidate,0,1,624999999.7868713,628138409.582764,0.0002460806661183486,9.489486574667714,1.8259931351294512,12.0,False,refined,0.07657701379984294,rank_1,0.0010536597183820546,52.841131271952364,52.841131271952364,50.25,2.5911312719523636,NULL,0,50.25,NULL,False
200,0.00018322935314022152,candidate,1,2,2499999999.1474853,2502441116.039104,0.00019942419009511214,7.5318405505776465,-1.8259931351294512,48.0,False,refined,0.48434848835894373,NULL,3.0,53.48434848835895,52.841131271952364,50.25,2.5911312719523636,NULL,0,50.25,NULL,False
200,0.00018322935314022152,candidate,2,3,4140624998.588022,4143739290.6904893,0.00019762733440153744,7.437434538558545,-1.9046096160380532,79.5,False,refined,0.5034229202185966,NULL,3.0,53.5034229202186,52.841131271952364,50.25,2.5911312719523636,NULL,0,50.25,NULL,False
200,0.00018322935314022152,candidate,3,4,3955078123.651295,3955663070.353855,0.00018947904526194886,7.15461279892331,-2.2703261192059987,75.9375,False,refined,0.5687034626118784,NULL,3.0,53.56870346261188,52.841131271952364,50.25,2.5911312719523636,NULL,0,50.25,NULL,False
200,0.00018322935314022152,candidate,4,5,751953124.7435795,747563407.4325078,0.00018196560257602466,6.84101152395316,-2.6217638754829675,14.437499999999998,False,refined,0.6377085136247115,NULL,3.0,53.63770851362471,52.841131271952364,50.25,2.5911312719523636,NULL,0,50.25,NULL,False
200,0.00018322935314022152,NULL,5,0,nan,nan,nan,nan,nan,nan,False,NULL,0.25,NULL,0.0,50.25,52.841131271952364,50.25,2.5911312719523636,NULL,0,50.25,NULL,True
201,0.00018323255314022261,candidate,0,1,4941406248.314951,4936910196.034158,0.0002170845323321805,8.109232694531396,0.1676598117846151,94.87499999999999,False,refined,0.28361509582029054,NULL,3.0,53.53361509582029,53.412809612789395,50.5,2.9128096127893954,NULL,0,50.5,NULL,False
201,0.00018323255314022261,candidate,1,2,683593749.7668905,680343460.284188,0.00021293443010577236,8.075580861822216,-0.1676598117846151,13.125,False,refined,0.2991416089632061,rank_1,0.2725367318738251,53.412809612789395,53.412809612789395,50.5,2.9128096127893954,NULL,0,50.5,NULL,False
201,0.00018323255314022261,candidate,2,3,3583984373.77784,3580402699.5480475,0.00019511883844636744,7.290750337364225,-0.9265935670304426,68.8125,False,refined,0.46429954733476897,NULL,3.0,53.71429954733477,53.412809612789395,50.5,2.9128096127893954,NULL,0,50.5,NULL,False
201,0.00018323255314022261,candidate,3,4,2519531249.140825,2518629817.9571123,0.00019162457558432464,7.09363476416021,-1.0835534861895013,48.37499999999999,False,refined,0.5036768782628123,NULL,3.0,53.75367687826281,53.412809612789395,50.5,2.9128096127893954,NULL,0,50.5,NULL,False
201,0.00018323255314022261,candidate,4,5,2021484374.3106618,2020404222.497664,0.00018191202486956962,6.641838805347824,-1.5353494450018879,38.8125,False,refined,0.5996835195104444,NULL,3.0,53.84968351951044,53.412809612789395,50.5,2.9128096127893954,NULL,0,50.5,NULL,False
201,0.00018323255314022261,NULL,5,0,nan,nan,nan,nan,nan,nan,False,NULL,0.25,NULL,0.0,50.5,53.412809612789395,50.5,2.9128096127893954,NULL,0,50.5,NULL,True
202,0.0001832357531402237,candidate,0,1,4941406248.314951,4945102337.619023,0.00024085597096561306,9.583335676494835,0.6131638170972753,94.87499999999999,False,refined,0.06249964852577472,NULL,3.0,53.56249964852577,53.56249964852577,50.75,2.8124996485257725,NULL,0,50.75,NULL,False
202,0.0001832357531402237,candidate,1,2,3378906248.847773,3380165395.315876,0.00022443946580352484,8.978217056642848,-0.6131638170972753,64.875,False,refined,0.19159018007215256,NULL,3.0,53.691590180072154,53.56249964852577,50.75,2.8124996485257725,NULL,0,50.75,NULL,False
202,0.0001832357531402237,candidate,2,3,703124999.7602302,702453790.6304889,0.00018602736766018546,7.282565665089242,-2.243611529741507,13.499999999999998,False,refined,0.5478408708454579,rank_2,0.048886670802255186,54.009537154437105,53.56249964852577,50.75,2.8124996485257725,NULL,0,50.75,NULL,False
202,0.0001832357531402237,candidate,3,4,1992187499.3206522,1991438696.730023,0.00015910187706540425,5.908758061791026,-3.601642275500927,38.25,False,refined,0.838788932950154,NULL,3.0,54.33878893295015,53.56249964852577,50.75,2.8124996485257725,NULL,0,50.75,NULL,False
202,0.0001832357531402237,candidate,4,5,2861328124.02427,2864861782.580924,0.00015818708820545608,5.9144808214700895,-3.6517277052878594,54.93749999999999,False,refined,0.8410608583599778,NULL,3.0,54.34106085835998,53.56249964852577,50.75,2.8124996485257725,NULL,0,50.75,NULL,False
202,0.0001832357531402237,NULL,5,0,nan,nan,nan,nan,nan,nan,False,NULL,0.25,NULL,0.0,50.75,53.56249964852577,50.75,2.8124996485257725,NULL,0,50.75,NULL,True
203,0.0001832389531402248,candidate,0,1,3388671873.844443,3390835409.8980427,0.00025671287632306926,11.217346083315398,0.8873789129079324,65.0625,False,refined,0.0,rank_2,0.011384921118364942,53.70297510119052,53.64319574802225,51.0,2.6431957480222508,NULL,0,51.0,NULL,False
203,0.0001832389531402248,candidate,1,2,4960937498.308291,4960987839.638075,0.00023178146690687207,10.3150987348313,-0.8873789129079324,95.25,False,refined,0.05546118205674577,rank_1,0.02523491743972909,53.64319574802225,53.64319574802225,51.0,2.6431957480222508,NULL,0,51.0,NULL,False
203,0.0001832389531402248,candidate,2,3,2871093749.0209403,2869848860.6804414,0.00021287207459741992,9.582839454673753,-1.6265792011567726,55.125,False,refined,0.16423528187123537,NULL,3.0,53.914235281871235,53.64319574802225,51.0,2.6431957480222508,NULL,0,51.0,NULL,False
203,0.0001832389531402248,candidate,3,4,2753906249.0609016,2752045722.4026375,0.00019490161071524737,8.816774165604215,-2.39264449022631,52.875,False,refined,0.3270241557985121,NULL,3.0,54.07702415579851,53.64319574802225,51.0,2.6431957480222508,NULL,0,51.0,NULL,False
203,0.0001832389531402248,candidate,4,5,58593749.98001918,nan,0.000171651638608186,7.595191392723821,-3.4959939829926068,1.125,True,boundary_peak,2.297970915028465,NULL,3.0,56.047970915028465,53.64319574802225,51.0,2.6431957480222508,NULL,0,51.0,NULL,False
203,0.0001832389531402248,NULL,5,0,nan,nan,nan,nan,nan,nan,False,NULL,0.25,NULL,0.0,51.0,53.64319574802225,51.0,2.6431957480222508,NULL,0,51.0,NULL,True
204,0.0001832421531402259,candidate,0,1,3388671873.844443,3391593369.9108353,0.0002423854082822372,10.059498563671152,0.4639749451205777,65.0625,False,refined,0.0,rank_1,5.74503380992539e-05,53.703032551528615,53.703032551528615,51.25,2.453032551528615,NULL,0,51.25,NULL,False
204,0.0001832421531402259,candidate,1,2,2812499999.0409207,2813524169.208824,0.00022977761868609416,9.789449529394032,-0.4639749451205777,53.99999999999999,False,refined,0.060581004660931304,NULL,3.0,54.06058100466093,53.703032551528615,51.25,2.453032551528615,NULL,0,51.25,NULL,False
204,0.0001832421531402259,candidate,2,3,4824218748.354913,4823893536.020022,0.00017384739201701748,7.19846449813196,-2.8867658314805578,92.625,False,refined,0.6006531897477408,NULL,3.0,54.60065318974774,53.703032551528615,51.25,2.453032551528615,NULL,0,51.25,NULL,False
204,0.0001832421531402259,candidate,3,4,1318359374.5504317,1318189812.5331128,0.00017349152099749426,7.111027311596931,-2.904564341044207,25.3125,False,refined,0.6148811745757232,NULL,3.0,54.61488117457572,53.703032551528615,51.25,2.453032551528615,NULL,0,51.25,NULL,False
204,0.0001832421531402259,candidate,4,5,4169921873.578032,4166681905.9804506,0.0001606772763517541,6.682384271117883,-3.571040203396727,80.0625,False,refined,0.720832372044613,NULL,3.0,54.72083237204461,53.703032551528615,51.25,2.453032551528615,NULL,0,51.25,NULL,False
204,0.0001832421531402259,NULL,5,0,nan,nan,nan,nan,nan,nan,False,NULL,0.25,NULL,0.0,51.25,53.703032551528615,51.25,2.453032551528615,NULL,0,51.25,NULL,True
205,0.00018324535314022698,candidate,0,1,4843749998.348252,4843125867.3977585,0.00022055599545734423,8.645599783433191,0.4255949654807889,92.99999999999999,False,refined,0.20316003248502135,NULL,3.0,54.45316003248502,54.04395447170741,51.5,2.5439544717074085,NULL,0,51.5,NULL,False
205,0.00018324535314022698,candidate,1,2,2802734374.044251,2799303365.124604,0.00021000958638785504,8.228973973772016,-0.4255949654807889,53.8125,False,refined,0.29225358927674694,rank_2,0.02022312688017663,54.373057720817854,54.04395447170741,51.5,2.5439544717074085,NULL,0,51.5,NULL,False
205,0.00018324535314022698,candidate,2,3,3388671873.844443,3390778501.1448226,0.00020772816425672174,7.94449224543154,-0.5204696941271258,65.0625,False,refined,0.3408555190682143,rank_1,6.640111058230093e-05,54.04395447170741,54.04395447170741,51.5,2.5439544717074085,NULL,0,51.5,NULL,False
205,0.00018324535314022698,candidate,3,4,4208984373.5647116,4208763018.4782977,0.0001885991175180287,7.294984707533976,-1.359584231718829,80.8125,False,refined,0.49072630835233044,NULL,3.0,54.74072630835233,54.04395447170741,51.5,2.5439544717074085,NULL,0,51.5,NULL,False
205,0.00018324535314022698,candidate,4,5,5068359373.27166,5072117340.854839,0.0001627694150131366,5.88477449547792,-2.6389213043647786,97.3125,False,refined,0.7822164072011106,NULL,3.0,55.03221640720111,54.04395447170741,51.5,2.5439544717074085,NULL,0,51.5,NULL,False
205,0.00018324535314022698,NULL,5,0,nan,nan,nan,nan,nan,nan,False,NULL,0.25,NULL,0.0,51.5,54.04395447170741,51.5,2.5439544717074085,NULL,0,51.5,NULL,True
206,0.00018324855314022807,candidate,0,1,4853515623.344923,4855531799.289436,0.0002311040690084293,9.702552949592569,2.323279234286737,93.18750000000001,False,refined,0.04461705756111467,rank_1,0.01539071461009497,54.51316780465623,54.51316780465623,51.75,2.763167804656227,NULL,0,51.75,NULL,False
206,0.00018324855314022807,candidate,1,2,58593749.98001918,nan,0.0001768657053346033,7.304355223355081,-2.323279234286737,1.125,True,boundary_peak,2.268301668639659,NULL,3.0,56.76830166863966,54.51316780465623,51.75,2.763167804656227,NULL,0,51.75,NULL,False
206,0.00018324855314022807,candidate,2,3,2656249999.094203,2652494167.0525002,0.00016735387852046603,6.890056915384495,-2.803436205252794,51.0,False,refined,0.6417062255206254,NULL,3.0,55.14170622552062,54.51316780465623,51.75,2.763167804656227,NULL,0,51.75,NULL,False
206,0.00018324855314022807,candidate,3,4,1425781249.5138001,1422031944.4900134,0.00016728457608598596,6.901980041890106,-2.8070338390445038,27.375,False,refined,0.6401426086567656,NULL,3.0,55.14014260865677,54.51316780465623,51.75,2.763167804656227,NULL,0,51.75,NULL,False
206,0.00018324855314022807,candidate,4,5,3398437498.8411126,3395385050.454833,0.00016520041593972787,6.729013393598358,-2.9159291129007414,65.25,False,refined,0.6728935605165427,rank_3,0.00212202965455576,54.71897006187851,54.51316780465623,51.75,2.763167804656227,NULL,0,51.75,NULL,False
206,0.00018324855314022807,NULL,5,0,nan,nan,nan,nan,nan,nan,False,NULL,0.25,NULL,0.0,51.75,54.51316780465623,51.75,2.763167804656227,NULL,0,51.75,NULL,True
207,0.00018325175314022916,candidate,0,1,58593749.98001918,nan,0.0001956848779709056,8.3690046878408,0.4414041422970971,1.125,True,boundary_peak,1.96339929682388,NULL,3.0,56.71339929682388,54.91524713402061,52.0,2.9152471340206105,NULL,0,52.0,NULL,False
207,0.00018325175314022916,candidate,1,2,2265624999.2274084,2268350858.642748,0.00018598891404570728,8.204103128560272,-0.4414041422970971,43.5,False,refined,0.2969722896095278,NULL,3.0,55.04697228960953,54.91524713402061,52.0,2.9152471340206105,NULL,0,52.0,NULL,False
207,0.00018325175314022916,candidate,2,3,4873046873.338263,4876968217.337916,0.000181021512797151,7.90771011514793,-0.676541516186342,93.5625,False,refined,0.35612732748945686,rank_1,0.04595200187492005,54.91524713402061,54.91524713402061,52.0,2.9152471340206105,NULL,0,52.0,NULL,False
207,0.00018325175314022916,candidate,3,4,3144531248.927696,3140197402.2919083,0.00017979324648315212,7.817664832252564,-0.7356778269130082,60.375,False,refined,0.37333013934417836,NULL,3.0,55.123330139344176,54.91524713402061,52.0,2.9152471340206105,NULL,0,52.0,NULL,False
207,0.00018325175314022916,candidate,4,5,2548828124.1308346,2548845726.5821166,0.00016096372653106038,6.856757703609757,-1.6965849555558155,48.9375,False,refined,0.5775229041807749,NULL,3.0,55.327522904180775,54.91524713402061,52.0,2.9152471340206105,NULL,0,52.0,NULL,False
207,0.00018325175314022916,NULL,5,0,nan,nan,nan,nan,nan,nan,False,NULL,0.25,NULL,0.0,52.0,54.91524713402061,52.0,2.9152471340206105,NULL,0,52.0,NULL,True
208,0.00018325495314023025,candidate,0,1,2548828124.1308346,2545412420.6764235,0.0001832085150792822,8.249946055157018,0.15130075725003245,48.9375,False,refined,0.2625080917264473,NULL,3.0,55.262508091726446,55.262508091726446,52.25,3.0125080917264455,NULL,0,52.25,NULL,False
208,0.00018325495314023025,candidate,1,2,2285156249.2207484,2285858588.540411,0.0001800448141566995,8.125810258051347,-0.15130075725003245,43.875,False,refined,0.290584758620425,NULL,3.0,55.290584758620426,55.262508091726446,52.25,3.0125080917264455,NULL,0,52.25,NULL,False
208,0.00018325495314023025,candidate,2,3,3154296873.924366,3154298506.2819715,0.00017674704274822555,7.8734330316452095,-0.31186997250786774,60.56249999999999,False,refined,0.3384769185349603,NULL,3.0,55.33847691853496,55.262508091726446,52.25,3.0125080917264455,NULL,0,52.25,NULL,False
208,0.00018325495314023025,candidate,3,4,4287109373.53807,4285168228.9445276,0.00015918111791722424,6.925875121158187,-1.2210820868213457,82.3125,False,refined,0.537436362252606,NULL,3.0,55.537436362252606,55.262508091726446,52.25,3.0125080917264455,NULL,0,52.25,NULL,False
208,0.00018325495314023025,candidate,4,5,58593749.98001918,nan,0.00014791776047013542,6.235403660976742,-1.858506638295081,1.125,True,boundary_peak,2.3995961157469314,NULL,3.0,57.39959611574693,55.262508091726446,52.25,3.0125080917264455,NULL,0,52.25,NULL,False
208,0.00018325495314023025,NULL,5,0,nan,nan,nan,nan,nan,nan,False,NULL,0.25,NULL,0.0,52.25,55.262508091726446,52.25,3.0125080917264455,NULL,0,52.25,NULL,True
209,0.00018325815314023134,candidate,0,1,2578124999.1208444,2575190384.4712167,0.00020924177884558642,8.24150451117271,1.832802436765819,49.5,False,refined,0.26377432332409345,NULL,3.0,55.51377432332409,55.51377432332409,52.5,3.0137743233240926,NULL,0,52.5,NULL,False
209,0.00018325815314023134,candidate,1,2,3203124998.9077153,3199895764.17053,0.00016943701103844952,6.41415112183032,-1.832802436765819,61.49999999999999,False,refined,0.6524274840233156,NULL,3.0,55.90242748402331,55.51377432332409,52.5,3.0137743233240926,NULL,0,52.5,NULL,False
209,0.00018325815314023134,candidate,2,3,4267578123.5447307,4268687342.4940724,0.00016916902160326875,6.394953192699084,-1.846551318473626,81.9375,False,refined,0.656166478499739,NULL,3.0,55.90616647849974,55.51377432332409,52.5,3.0137743233240926,NULL,0,52.5,NULL,False
209,0.00018325815314023134,candidate,3,4,3017578123.9709883,3018265190.746299,0.00015766479702920662,5.7183433415291685,-2.458273348507758,57.93750000000001,False,refined,0.7958905830523596,NULL,3.0,56.04589058305236,55.51377432332409,52.5,3.0137743233240926,NULL,0,52.5,NULL,False
209,0.00018325815314023134,candidate,4,5,2832031249.0342607,2828104477.6559253,0.00015253211333950495,5.488611012555555,-2.745742320093658,54.375,False,refined,0.8483172431225203,NULL,3.0,56.09831724312252,55.51377432332409,52.5,3.0137743233240926,NULL,0,52.5,NULL,False
209,0.00018325815314023134,NULL,5,0,nan,nan,nan,nan,nan,nan,False,NULL,0.25,NULL,0.0,52.5,55.51377432332409,52.5,3.0137743233240926,NULL,0,52.5,NULL,True
210,0.00018326135314023244,candidate,0,1,5498046873.1251335,5493413735.9371395,0.0002063916604256684,8.578813134500969,0.5571269398155199,105.5625,False,refined,0.21317802982485468,NULL,3.0,55.71317802982485,55.71317802982485,52.75,2.963178029824853,NULL,0,52.75,NULL,False
210,0.00018326135314023244,candidate,1,2,2597656249.114184,2595546134.028322,0.0001935689962246605,8.041178511987352,-0.5571269398155199,49.875,False,refined,0.3286436569403671,NULL,3.0,55.828643656940365,55.71317802982485,52.75,2.963178029824853,NULL,0,52.75,NULL,False
210,0.00018326135314023244,candidate,2,3,1201171874.5903933,1203859036.597677,0.0001811723683109571,7.446809465601083,-1.1320036688998858,23.0625,False,refined,0.4537288094660804,NULL,3.0,55.95372880946608,55.71317802982485,52.75,2.963178029824853,NULL,0,52.75,NULL,False
210,0.00018326135314023244,candidate,3,4,3232421873.897725,3231495998.1266985,0.0001783964609764875,7.22302174409065,-1.2661182072864907,62.0625,False,refined,0.4956791263418082,NULL,3.0,55.995679126341805,55.71317802982485,52.75,2.963178029824853,NULL,0,52.75,NULL,False
210,0.00018326135314023244,candidate,4,5,3037109373.964328,3035486325.3898044,0.0001669239841820178,6.645671892173048,-1.843468059204092,58.3125,False,refined,0.6183659698742985,NULL,3.0,56.1183659698743,55.71317802982485,52.75,2.963178029824853,NULL,0,52.75,NULL,False
210,0.00018326135314023244,NULL,5,0,nan,nan,nan,nan,nan,nan,False,NULL,0.25,NULL,0.0,52.75,55.71317802982485,52.75,2.963178029824853,NULL,0,52.75,NULL,True
211,0.00018326455314023353,candidate,0,1,5507812498.121803,5506408592.364485,0.0002250534507932514,9.596542750424302,1.3262056761508134,105.75,False,refined,0.06051858743635474,rank_1,0.01688662935673168,55.79058324661794,55.79058324661794,53.0,2.790583246617942,NULL,0,53.0,NULL,False
211,0.00018326455314023353,candidate,1,2,3447265623.824462,3450901539.375703,0.00019318588537905624,8.200429874734976,-1.3262056761508134,66.1875,False,refined,0.3528233735491795,NULL,3.0,56.10282337354918,55.79058324661794,53.0,2.790583246617942,NULL,0,53.0,NULL,False
211,0.00018326455314023353,candidate,2,3,1191406249.5937235,1194884226.0849013,0.00018852642362739524,7.983715132626568,-1.5382689495648805,22.875,False,refined,0.3985845394538199,NULL,3.0,56.14858453945382,55.79058324661794,53.0,2.790583246617942,NULL,0,53.0,NULL,False
211,0.00018326455314023353,candidate,3,4,3271484373.8844047,3268932359.8447638,0.00017044613806569596,7.150785703710065,-2.4139702187482026,62.8125,False,refined,0.5782552831152529,NULL,3.0,56.328255283115254,55.79058324661794,53.0,2.790583246617942,NULL,0,53.0,NULL,False
211,0.00018326455314023353,candidate,4,5,2412109374.1774564,2412064687.2054543,0.0001648161194014848,6.793810142119829,-2.7057198400731597,46.3125,False,refined,0.6500359686865981,NULL,3.0,56.400035968686595,55.79058324661794,53.0,2.790583246617942,NULL,0,53.0,NULL,False
211,0.00018326455314023353,NULL,5,0,nan,nan,nan,nan,nan,nan,False,NULL,0.25,NULL,0.0,53.0,55.79058324661794,53.0,2.790583246617942,NULL,0,53.0,NULL,True
212,0.00018326775314023462,candidate,0,1,3486328123.8111415,3486144346.8619432,0.00021522838050804942,9.391902913599974,1.7347765971098372,66.9375,False,refined,0.09121456296000385,NULL,3.0,56.091214562960005,56.091214562960005,53.25,2.8412145629600047,NULL,0,53.25,NULL,False
212,0.00018326775314023462,candidate,1,2,1191406249.5937235,1186976821.6223738,0.00017626281753791324,7.514167081014209,-1.7347765971098372,22.875,False,refined,0.48129847516723345,NULL,3.0,56.481298475167236,56.091214562960005,53.25,2.8412145629600047,NULL,0,53.25,NULL,False
212,0.00018326775314023462,candidate,2,3,3281249998.8810744,3277120751.186355,0.0001737151294852431,7.3843502336611255,-1.8612378689966125,63.0,False,refined,0.5086748317631195,NULL,3.0,56.508674831763116,56.091214562960005,53.25,2.8412145629600047,NULL,0,53.25,NULL,False
212,0.00018326775314023462,candidate,3,4,5507812498.121803,5509104868.729352,0.00016890760185167404,7.194402930165573,-2.1050068395748767,105.75,False,refined,0.5524024879485938,rank_1,0.0007269906235741537,56.34371272519011,56.091214562960005,53.25,2.8412145629600047,NULL,0,53.25,NULL,False
212,0.00018326775314023462,candidate,4,5,2421874999.174126,2424327017.1390867,0.00016366485808018324,6.870061686131184,-2.3788819919928628,46.49999999999999,False,refined,0.6181708715798764,NULL,3.0,56.61817087157988,56.091214562960005,53.25,2.8412145629600047,NULL,0,53.25,NULL,False
212,0.00018326775314023462,NULL,5,0,nan,nan,nan,nan,nan,nan,False,NULL,0.25,NULL,0.0,53.25,56.091214562960005,53.25,2.8412145629600047,NULL,0,53.25,NULL,True
213,0.0001832709531402357,candidate,0,1,3525390623.797821,3521544902.896685,0.00019748610310852058,7.129467419754114,0.4892481071809218,67.6875,False,refined,0.4305798870368829,rank_1,0.12531993675689,56.64711438675378,56.64711438675378,53.5,3.1471143867537776,NULL,0,53.5,NULL,False
213,0.0001832709531402357,candidate,1,2,4765624998.374894,4764555836.224604,0.00018666983123079596,6.6234900984816125,-0.4892481071809218,91.5,False,refined,0.5370544919265657,NULL,3.0,56.78705449192657,56.64711438675378,53.5,3.1471143867537776,NULL,0,53.5,NULL,False
213,0.0001832709531402357,candidate,2,3,2460937499.1608057,2460392992.7755594,0.0001623492313763015,5.389302942115535,-1.7017260667469536,47.25,False,refined,0.7979624378543544,NULL,3.0,57.04796243785435,56.64711438675378,53.5,3.1471143867537776,NULL,0,53.5,NULL,False
213,0.0001832709531402357,candidate,3,4,2246093749.234069,2242248159.8627872,0.00016103269324838147,5.318579335193228,-1.7724496736692608,43.125,False,refined,0.8129912043253447,NULL,3.0,57.06299120432534,56.64711438675378,53.5,3.1471143867537776,NULL,0,53.5,NULL,False
213,0.0001832709531402357,candidate,4,5,3789062498.707907,3790145926.2473936,0.00016058926070420181,5.316337377329425,-1.796400828333109,72.75,False,refined,0.8148244451714055,NULL,3.0,57.0648244451714,56.64711438675378,53.5,3.1471143867537776,NULL,0,53.5,NULL,False
213,0.0001832709531402357,NULL,5,0,nan,nan,nan,nan,nan,nan,False,NULL,0.25,NULL,0.0,53.5,56.64711438675378,53.5,3.1471143867537776,NULL,0,53.5,NULL,True
214,0.0001832741531402368,candidate,0,1,4746093748.381554,4749553667.890724,0.00017656811916203768,7.269872573439065,0.0032552568144161853,91.12499999999999,False,refined,0.4095191139841403,NULL,3.0,56.90951911398414,56.90951911398414,53.75,3.159519113984139,NULL,0,53.75,NULL,False
214,0.0001832741531402368,candidate,1,2,3769531248.7145677,3771000255.99151,0.0001765019581923665,7.224695203120062,-0.0032552568144161853,72.375,False,refined,0.41649917308289175,NULL,3.0,56.91649917308289,56.90951911398414,53.75,3.159519113984139,NULL,0,53.75,NULL,False
214,0.0001832741531402368,candidate,2,3,2255859374.2307386,2254030280.7797785,0.00016751877895937461,6.770974618600896,-0.45697584133358227,43.3125,False,refined,0.5129147972932145,NULL,3.0,57.01291479729321,56.90951911398414,53.75,3.159519113984139,NULL,0,53.75,NULL,False
214,0.0001832741531402368,candidate,3,4,3242187498.894395,3239520292.5288506,0.00016372273703394732,6.513588636014935,-0.6560658900145633,62.25,False,refined,0.5639658227236699,NULL,3.0,57.06396582272367,56.90951911398414,53.75,3.159519113984139,NULL,0,53.75,NULL,False
214,0.0001832741531402368,candidate,4,5,2460937499.1608057,2461336369.3363795,0.00015562828065861204,6.319706394014135,-1.0964754269182464,47.25,False,refined,0.6205737550802701,NULL,3.0,57.12057375508027,56.90951911398414,53.75,3.159519113984139,NULL,0,53.75,NULL,False
214,0.0001832741531402368,NULL,5,0,nan,nan,nan,nan,nan,nan,False,NULL,0.25,NULL,0.0,53.75,56.90951911398414,53.75,3.159519113984139,NULL,0,53.75,NULL,True
215,0.0001832773531402379,candidate,0,1,742187499.7469097,744979870.9402516,0.000173160494851232,8.169639459526685,0.1262007550223032,14.250000000000002,False,refined,0.2745540810709972,NULL,3.0,57.024554081070995,57.024554081070995,54.0,3.0245540810709954,NULL,0,54.0,NULL,False
215,0.0001832773531402379,candidate,1,2,507812499.82683295,505912734.8138325,0.00017066276614250577,8.00627118394921,-0.1262007550223032,9.75,False,refined,0.3069468695965125,NULL,3.0,57.056946869596516,57.024554081070995,54.0,3.0245540810709954,NULL,0,54.0,NULL,False
215,0.0001832773531402379,candidate,2,3,3779296873.7112374,3775603112.4272456,0.000166600943456643,7.797044703433933,-0.3354272355375798,72.5625,False,refined,0.3514074967060088,NULL,3.0,57.10140749670601,57.024554081070995,54.0,3.0245540810709954,NULL,0,54.0,NULL,False
215,0.0001832773531402379,candidate,3,4,2255859374.2307386,2257227339.4231415,0.0001628150012430906,7.530639640176737,-0.5350880275799597,43.3125,False,refined,0.4038470556972369,NULL,3.0,57.153847055697234,57.024554081070995,54.0,3.0245540810709954,NULL,0,54.0,NULL,False
215,0.0001832773531402379,candidate,4,5,4736328123.384884,4734585061.477204,0.0001622258662028095,7.511513912840417,-0.5665743301212345,90.9375,False,refined,0.40868380870651455,NULL,3.0,57.15868380870651,57.024554081070995,54.0,3.0245540810709954,NULL,0,54.0,NULL,False
215,0.0001832773531402379,NULL,5,0,nan,nan,nan,nan,nan,nan,False,NULL,0.25,NULL,0.0,54.0,57.024554081070995,54.0,3.0245540810709954,NULL,0,54.0,NULL,True
216,0.00018328055314023898,candidate,0,1,58593749.98001918,nan,0.00019170602374916513,8.572446282358559,1.3874911138154467,1.125,True,boundary_peak,1.9328830576462162,NULL,3.0,58.932883057646215,57.463685924655664,54.25,3.213685924655664,NULL,0,54.25,NULL,False
216,0.00018328055314023898,candidate,1,2,722656249.75357,721599175.7566336,0.00016340344322673728,7.486881799718681,-1.3874911138154467,13.875,False,refined,0.4636859246556633,NULL,3.0,57.463685924655664,57.463685924655664,54.25,3.213685924655664,NULL,0,54.25,NULL,False
216,0.00018328055314023898,candidate,2,3,2910156249.0076194,2915005274.8491316,0.0001610925455432558,7.2602998864764245,-1.5112063045980761,55.87499999999999,False,refined,0.5054054110659161,NULL,3.0,57.505405411065915,57.463685924655664,54.25,3.213685924655664,NULL,0,54.25,NULL,False
216,0.00018328055314023898,candidate,3,4,2265624999.2274084,2261938803.8867555,0.00015569968507270383,7.001847389653415,-1.8069605053824045,43.5,False,refined,0.562657923138388,NULL,3.0,57.56265792313839,57.463685924655664,54.25,3.213685924655664,NULL,0,54.25,NULL,False
216,0.00018328055314023898,candidate,4,5,498046874.83016306,497790974.62569696,0.00015309695616295553,6.841021566810772,-1.9533840632710575,9.5625,False,refined,0.5959332689328253,NULL,3.0,57.595933268932825,57.463685924655664,54.25,3.213685924655664,NULL,0,54.25,NULL,False
216,0.00018328055314023898,NULL,5,0,nan,nan,nan,nan,nan,nan,False,NULL,0.25,NULL,0.0,54.25,57.463685924655664,54.25,3.213685924655664,NULL,0,54.25,NULL,True
217,0.00018328375314024007,candidate,0,1,3154296873.924366,3158062220.998861,0.00017982852331646082,7.774227273007703,0.2686528458002968,60.56249999999999,False,refined,0.3338659090488445,NULL,3.0,57.583865909048846,57.583865909048846,54.5,3.0838659090488463,NULL,0,54.5,NULL,False
217,0.00018328375314024007,candidate,1,2,2890624999.01428,2887501292.215277,0.00017435159941968863,7.520858400373971,-0.2686528458002968,55.5,False,refined,0.3886620428064229,NULL,3.0,57.63866204280642,57.583865909048846,54.5,3.0838659090488463,NULL,0,54.5,NULL,False
217,0.00018328375314024007,candidate,2,3,5654296873.071852,5652018874.788502,0.000159812335514962,6.769325557158661,-1.0249655931186918,108.5625,False,refined,0.5486615159961191,NULL,3.0,57.798661515996116,57.583865909048846,54.5,3.0838659090488463,NULL,0,54.5,NULL,False
217,0.00018328375314024007,candidate,3,4,2255859374.2307386,2257866384.5191693,0.0001566816515055286,6.5328762944055185,-1.1968087489159984,43.3125,False,refined,0.5948691026464221,NULL,3.0,57.84486910264642,57.583865909048846,54.5,3.0838659090488463,NULL,0,54.5,NULL,False
217,0.00018328375314024007,candidate,4,5,410156249.8601343,410615937.3565014,0.0001542675637801435,6.4555063257255085,-1.3316791382020732,7.875,False,refined,0.6149039972788033,NULL,3.0,57.8649039972788,57.583865909048846,54.5,3.0838659090488463,NULL,0,54.5,NULL,False
217,0.00018328375314024007,NULL,5,0,nan,nan,nan,nan,nan,nan,False,NULL,0.25,NULL,0.0,54.5,57.583865909048846,54.5,3.0838659090488463,NULL,0,54.5,NULL,True
218,0.00018328695314024116,candidate,0,1,2656249999.094203,2660034431.2350583,0.0002157423001892853,9.365784013947973,0.10885585557290689,51.0,False,refined,0.09513239790780403,NULL,3.0,57.595132397907804,57.595132397907804,54.75,2.845132397907804,NULL,0,54.75,NULL,False
218,0.00018328695314024116,candidate,1,2,5703124998.055201,5699430216.68829,0.00021305538326336622,9.328947926993534,-0.10885585557290689,109.5,False,refined,0.10746130192427661,NULL,3.0,57.607461301924275,57.595132397907804,54.75,2.845132397907804,NULL,0,54.75,NULL,False
218,0.00018328695314024116,candidate,2,3,3154296873.924366,3154929883.056582,0.00019174284684236664,8.351486176647764,-1.0243226724515964,60.56249999999999,False,refined,0.3112972405310601,NULL,3.0,57.81129724053106,57.595132397907804,54.75,2.845132397907804,NULL,0,54.75,NULL,False
218,0.00018328695314024116,candidate,3,4,400390624.8634644,398079947.87786835,0.0001726707069677266,7.468270650789197,-1.9343327521890608,7.687499999999999,False,refined,0.5006551993934367,NULL,3.0,58.000655199393435,57.595132397907804,54.75,2.845132397907804,NULL,0,54.75,NULL,False
218,0.00018328695314024116,candidate,4,5,2861328124.02427,2858435284.531325,0.0001691194182221198,7.313679120289303,-2.1148365756686527,54.93749999999999,False,refined,0.5351254179358954,NULL,3.0,58.035125417935895,57.595132397907804,54.75,2.845132397907804,NULL,0,54.75,NULL,False
218,0.00018328695314024116,NULL,5,0,nan,nan,nan,nan,nan,nan,False,NULL,0.25,NULL,0.0,54.75,57.595132397907804,54.75,2.845132397907804,NULL,0,54.75,NULL,True
219,0.00018329015314024226,candidate,0,1,2656249999.094203,2659506200.125733,0.0002488156954182133,10.263124679514197,1.5802373189716512,51.0,False,refined,0.0,rank_1,2.790281048591521e-05,57.59516030071829,57.59516030071829,55.0,2.595160300718291,NULL,0,55.0,NULL,False
219,0.00018329015314024226,candidate,1,2,5703124998.055201,5707362036.120514,0.00020742729622829205,8.580167085878108,-1.5802373189716512,109.5,False,refined,0.31173976955401206,rank_2,0.006291375950541061,57.92549244742882,57.59516030071829,55.0,2.595160300718291,NULL,0,55.0,NULL,False
219,0.00018329015314024226,candidate,2,3,58593749.98001918,nan,0.00019828077792300095,8.14151144725816,-1.9719431654782849,1.125,True,boundary_peak,2.120769730753669,NULL,3.0,59.87076973075367,57.59516030071829,55.0,2.595160300718291,NULL,0,55.0,NULL,False
219,0.00018329015314024226,candidate,3,4,3164062498.9210362,3168877755.1712694,0.00018116317788948624,7.376778819748804,-2.7561568420739047,60.75000000000001,False,refined,0.5657429796672985,NULL,3.0,58.3157429796673,57.59516030071829,55.0,2.595160300718291,NULL,0,55.0,NULL,False
219,0.00018329015314024226,candidate,4,5,1249999999.5737426,1253461280.92278,0.00017030277636902056,6.8808855808175995,-3.2931208853791993,24.0,False,refined,0.67368721821356,NULL,3.0,58.42368721821356,57.59516030071829,55.0,2.595160300718291,NULL,0,55.0,NULL,False
219,0.00018329015314024226,NULL,5,0,nan,nan,nan,nan,nan,nan,False,NULL,0.25,NULL,0.0,55.0,57.59516030071829,55.0,2.595160300718291,NULL,0,55.0,NULL,True
220,0.00018329335314024335,candidate,0,1,2646484374.097533,2647324901.7506676,0.0002120636431158885,9.035065896598766,0.7207443027910632,50.8125,False,refined,0.14474011551018506,rank_1,0.014838403010236915,57.75473881923871,57.75473881923871,55.25,2.5047388192387103,NULL,0,55.25,NULL,False
220,0.00018329335314024335,candidate,1,2,58593749.98001918,nan,0.00019517716384249097,8.082620269224572,-0.7207443027910632,1.125,True,boundary_peak,2.0514034785407556,NULL,3.0,60.051403478540756,57.75473881923871,55.25,2.5047388192387103,NULL,0,55.25,NULL,False
220,0.00018329335314024335,candidate,2,3,3818359373.697917,3820029819.521716,0.00017668578219066702,7.481640399467189,-1.5852922912439738,73.3125,False,refined,0.47683470828267005,NULL,3.0,58.47683470828267,57.75473881923871,55.25,2.5047388192387103,NULL,0,55.25,NULL,False
220,0.00018329335314024335,candidate,3,4,810546874.7235987,809206109.7841849,0.00017127230661306503,7.171571101375784,-1.8555814279588834,15.5625,False,refined,0.5402381740410626,NULL,3.0,58.540238174041065,57.75473881923871,55.25,2.5047388192387103,NULL,0,55.25,NULL,False
220,0.00018329335314024335,candidate,4,5,3183593748.914376,3186604074.669263,0.0001690427746680315,6.962770345196594,-1.969392108414274,61.125,False,refined,0.578671454996403,NULL,3.0,58.5786714549964,57.75473881923871,55.25,2.5047388192387103,NULL,0,55.25,NULL,False
220,0.00018329335314024335,NULL,5,0,nan,nan,nan,nan,nan,nan,False,NULL,0.25,NULL,0.0,55.25,57.75473881923871,55.25,2.5047388192387103,NULL,0,55.25,NULL,True
221,0.00018329655314024444,candidate,0,1,3847656248.6879263,3844317947.698355,0.00018023078044905865,8.372935664924936,0.8699955967626227,73.875,False,refined,0.24405965026125953,NULL,3.0,58.494059650261256,58.38914033641506,55.5,2.8891403364150605,NULL,0,55.5,NULL,False
221,0.00018329655314024444,candidate,1,2,3183593748.914376,3183262049.5758576,0.0001630531463167171,7.338835087879225,-0.8699955967626227,61.125,False,refined,0.45354946161578014,NULL,3.0,58.70354946161578,58.38914033641506,55.5,2.8891403364150605,NULL,0,55.5,NULL,False
221,0.00018329655314024444,candidate,2,3,2480468749.1541457,2479718051.772695,0.0001613232680548938,7.268954370686389,-0.9626390409170504,47.625,False,refined,0.4698217844543573,NULL,3.0,58.71982178445436,58.38914033641506,55.5,2.8891403364150605,NULL,0,55.5,NULL,False
221,0.00018329655314024444,candidate,3,4,683593749.7668905,682531375.0094553,0.00015495701714114525,6.949048071429562,-1.3123543104204582,13.125,False,refined,0.5396649336868443,NULL,3.0,58.78966493368684,58.38914033641506,55.5,2.8891403364150605,NULL,0,55.5,NULL,False
221,0.00018329655314024444,candidate,4,5,2636718749.1008635,2632115397.2090864,0.00014942229559363756,6.603322230065434,-1.6282711815380058,50.625,False,refined,0.6112686143363103,rank_1,0.023132902840037772,58.38914033641506,58.38914033641506,55.5,2.8891403364150605,NULL,0,55.5,NULL,False
221,0.00018329655314024444,NULL,5,0,nan,nan,nan,nan,nan,nan,False,NULL,0.25,NULL,0.0,55.5,58.38914033641506,55.5,2.8891403364150605,NULL,0,55.5,NULL,True
222,0.00018329975314024553,candidate,0,1,4238281248.554721,4233474060.8410206,0.00019670390687564484,9.560618755799855,0.8309011233743391,81.375,False,refined,0.06590718663002182,NULL,3.0,58.56590718663002,58.56590718663002,55.75,2.815907186630021,NULL,0,55.75,NULL,False
222,0.00018329975314024553,candidate,1,2,712890624.7569001,711967453.2737647,0.00017875900542033642,8.768445700508245,-0.8309011233743391,13.6875,False,refined,0.23666446513465944,NULL,3.0,58.73666446513466,58.56590718663002,55.75,2.815907186630021,NULL,0,55.75,NULL,False
222,0.00018329975314024553,candidate,2,3,3173828123.917706,3172124175.0989375,0.00015601986891530394,7.547957212695966,-2.0126615431038886,60.9375,False,refined,0.49359776453959814,NULL,3.0,58.9935977645396,58.56590718663002,55.75,2.815907186630021,NULL,0,55.75,NULL,False
222,0.00018329975314024553,candidate,3,4,58593749.98001918,nan,0.0001550990062921792,7.237510010462538,-2.0640794101072313,1.125,True,boundary_peak,2.2621284615623214,NULL,3.0,60.76212846156232,58.56590718663002,55.75,2.815907186630021,NULL,0,55.75,NULL,False
222,0.00018329975314024553,candidate,4,5,2480468749.1541457,2479133835.8129234,0.00014997828405252035,7.160062746163449,-2.3556921087819216,47.625,False,refined,0.5732213448743527,NULL,3.0,59.073221344874355,58.56590718663002,55.75,2.815907186630021,NULL,0,55.75,NULL,False
222,0.00018329975314024553,NULL,5,0,nan,nan,nan,nan,nan,nan,False,NULL,0.25,NULL,0.0,55.75,58.56590718663002,55.75,2.815907186630021,NULL,0,55.75,NULL,True
223,0.00018330295314024662,candidate,0,1,4238281248.554721,4241400508.5283537,0.00020336268683708014,9.26994351944968,0.654177205832065,81.375,False,refined,0.1095084720825481,rank_1,0.006282857294002837,58.68169851600657,58.68169851600657,56.0,2.68169851600657,NULL,0,56.0,NULL,False
223,0.00018330295314024662,candidate,1,2,507812499.82683295,507417980.86571807,0.00018860899931242333,8.600228786785733,-0.654177205832065,9.75,False,refined,0.2508517573466441,NULL,3.0,59.000851757346645,58.68169851600657,56.0,2.68169851600657,NULL,0,56.0,NULL,False
223,0.00018330295314024662,candidate,2,3,732421874.7502398,730692766.0498244,0.00017044559430758478,7.720696169867187,-1.5337098227506107,14.0625,False,refined,0.4377524384418351,NULL,3.0,59.187752438441834,58.68169851600657,56.0,2.68169851600657,NULL,0,56.0,NULL,False
223,0.00018330295314024662,candidate,3,4,4990234373.298301,4988212991.713023,0.00016720196492419473,7.480843852654289,-1.7005978858212067,95.8125,False,refined,0.4841607899656821,NULL,3.0,59.234160789965685,58.68169851600657,56.0,2.68169851600657,NULL,0,56.0,NULL,False
223,0.00018330295314024662,candidate,4,5,5527343748.115143,5530610219.028679,0.0001649918029900323,7.3229353345216275,-1.816178054760389,106.12499999999999,False,refined,0.5150708282442802,NULL,3.0,59.26507082824428,58.68169851600657,56.0,2.68169851600657,NULL,0,56.0,NULL,False
223,0.00018330295314024662,NULL,5,0,nan,nan,nan,nan,nan,nan,False,NULL,0.25,NULL,0.0,56.0,58.68169851600657,56.0,2.68169851600657,NULL,0,56.0,NULL,True
224,0.0001833061531402477,candidate,0,1,498046874.83016306,495694731.571326,0.0001918723497673746,8.035922441086951,0.164877946032016,9.5625,False,refined,0.2946116338369573,NULL,3.0,59.29461163383696,59.165278370279324,56.25,2.9152783702793243,NULL,0,56.25,NULL,False
224,0.0001833061531402477,candidate,1,2,3496093748.8078113,3495939616.3283577,0.00018826452672938472,7.68794315283353,-0.164877946032016,67.125,False,refined,0.35711339870197156,NULL,3.0,59.35711339870197,59.165278370279324,56.25,2.9152783702793243,NULL,0,56.25,NULL,False
224,0.0001833061531402477,candidate,2,3,4248046873.551391,4250239259.5761037,0.0001765427487730864,7.129570900775306,-0.7232501980902395,81.5625,False,refined,0.47576750226434406,rank_1,0.007812352008410165,59.165278370279324,59.165278370279324,56.25,2.9152783702793243,NULL,0,56.25,NULL,False
224,0.0001833061531402477,candidate,3,4,2753906249.0609016,2752307372.773892,0.00016420809215063277,6.551490718612056,-1.352356778013899,52.875,False,refined,0.6017986908340602,NULL,3.0,59.60179869083406,59.165278370279324,56.25,2.9152783702793243,NULL,0,56.25,NULL,False
224,0.0001833061531402477,candidate,4,5,5527343748.115143,5529244235.669535,0.00016282524590268156,6.425162485055527,-1.4258130290175952,106.12499999999999,False,refined,0.6253389415552707,NULL,3.0,59.62533894155527,59.165278370279324,56.25,2.9152783702793243,NULL,0,56.25,NULL,False
224,0.0001833061531402477,NULL,5,0,nan,nan,nan,nan,nan,nan,False,NULL,0.25,NULL,0.0,56.25,59.165278370279324,56.25,2.9152783702793243,NULL,0,56.25,NULL,True
225,0.0001833093531402488,candidate,0,1,3476562498.8144717,3473101060.378247,0.0001760100476944194,7.103661212048209,0.13658640443726,66.75,False,refined,0.43445081819276865,NULL,3.0,59.68445081819277,59.68445081819277,56.5,3.184450818192772,NULL,0,56.5,NULL,False
225,0.0001833093531402488,candidate,1,2,937499999.6803069,941403211.1347785,0.00017326392181590174,7.037810523112125,-0.13658640443726,18.0,False,refined,0.45286507181051006,NULL,3.0,59.70286507181051,59.68445081819277,56.5,3.184450818192772,NULL,0,56.5,NULL,False
225,0.0001833093531402488,candidate,2,3,4101562498.601343,4097187951.7397475,0.00016924758896682336,6.669996831332599,-0.34029940005416925,78.75,False,refined,0.5207691878034958,NULL,3.0,59.770769187803495,59.68445081819277,56.5,3.184450818192772,NULL,0,56.5,NULL,False
225,0.0001833093531402488,candidate,3,4,4277343748.5414004,4276264486.265389,0.00015347953022594877,5.833587127287849,-1.1897399878096593,82.125,False,refined,0.6993206801449263,rank_3,0.06773124242286868,59.93233029284712,59.68445081819277,56.5,3.184450818192772,NULL,0,56.5,NULL,False
225,0.0001833093531402488,candidate,4,5,449218749.84681374,448270952.6167688,0.00014616891342855148,5.453414689821905,-1.613648840928974,8.625,False,refined,0.7828408490847751,NULL,3.0,60.03284084908478,59.68445081819277,56.5,3.184450818192772,NULL,0,56.5,NULL,False
225,0.0001833093531402488,NULL,5,0,nan,nan,nan,nan,nan,nan,False,NULL,0.25,NULL,0.0,56.5,59.68445081819277,56.5,3.184450818192772,NULL,0,56.5,NULL,True
226,0.0001833125531402499,candidate,0,1,4121093748.5946827,4117036120.3577013,0.00019351196883713118,7.774477462020659,0.08060749303703041,79.125,False,refined,0.33382838069690113,NULL,3.0,59.8338283806969,59.8338283806969,56.75,3.0838283806969002,NULL,0,56.75,NULL,False
226,0.0001833125531402499,candidate,1,2,3427734373.8311224,3430610526.4999404,0.00019172443072501799,7.700298660331599,-0.08060749303703041,65.8125,False,refined,0.3499931692650745,NULL,3.0,59.849993169265076,59.8338283806969,56.75,3.0838283806969002,NULL,0,56.75,NULL,False
226,0.0001833125531402499,candidate,2,3,996093749.6603261,998926701.3285816,0.00017520702739807115,6.966435484242837,-0.8631262045192223,19.125,False,refined,0.5089800651460259,NULL,3.0,60.00898006514603,59.8338283806969,56.75,3.0838283806969002,NULL,0,56.75,NULL,False
226,0.0001833125531402499,candidate,3,4,58593749.98001918,nan,0.00015921999202406724,5.945178756997054,-1.694204674904034,1.125,True,boundary_peak,2.432860978631944,NULL,3.0,61.93286097863194,59.8338283806969,56.75,3.0838283806969002,NULL,0,56.75,NULL,False
226,0.0001833125531402499,candidate,4,5,3701171873.737879,3705063394.10335,0.00015886059881871963,6.0865215682779805,-1.7138327260117592,71.0625,False,refined,0.6941363101340379,NULL,3.0,60.19413631013404,59.8338283806969,56.75,3.0838283806969002,NULL,0,56.75,NULL,False
226,0.0001833125531402499,NULL,5,0,nan,nan,nan,nan,nan,nan,False,NULL,0.25,NULL,0.0,56.75,59.8338283806969,56.75,3.0838283806969002,NULL,0,56.75,NULL,True
227,0.00018331575314025099,candidate,0,1,3710937498.7345486,3709060771.88973,0.00020545821063889876,8.32569466473152,0.3196233537509574,71.25,False,refined,0.251145800290272,NULL,3.0,60.001145800290274,60.001145800290274,57.0,3.0011458002902742,NULL,0,57.0,NULL,False
227,0.00018331575314025099,candidate,1,2,2207031249.2473893,2208341135.150124,0.00019803517376905302,8.151264559627052,-0.3196233537509574,42.375,False,refined,0.2972867756653771,NULL,3.0,60.04728677566538,60.001145800290274,57.0,3.0011458002902742,NULL,0,57.0,NULL,False
227,0.00018331575314025099,candidate,2,3,4160156248.5813622,4158185324.2396145,0.0001967578116805373,8.18338311063565,-0.37583035465710957,79.875,False,refined,0.295981930570722,NULL,3.0,60.04598193057072,60.001145800290274,57.0,3.0011458002902742,NULL,0,57.0,NULL,False
227,0.00018331575314025099,candidate,3,4,3388671873.844443,3390032609.1712728,0.00018870544205045148,7.773143178568738,-0.73878153130436,65.0625,False,refined,0.38020236892121184,NULL,3.0,60.13020236892121,60.001145800290274,57.0,3.0011458002902742,NULL,0,57.0,NULL,False
227,0.00018331575314025099,candidate,4,5,2724609374.0708923,2726368347.152527,0.00016341334846322128,6.4835531742964125,-1.9887194472654102,52.3125,False,refined,0.6517619893096263,NULL,3.0,60.40176198930963,60.001145800290274,57.0,3.0011458002902742,NULL,0,57.0,NULL,False
227,0.00018331575314025099,NULL,5,0,nan,nan,nan,nan,nan,nan,False,NULL,0.25,NULL,0.0,57.0,60.001145800290274,57.0,3.0011458002902742,NULL,0,57.0,NULL,True
228,0.00018331895314025208,candidate,0,1,2773437499.0542417,2770156671.087887,0.00022694421569721554,9.265904303629329,0.4502936646262867,53.25,False,refined,0.1101143544556007,NULL,3.0,60.110114354455604,60.110114354455604,57.25,2.860114354455604,NULL,0,57.25,NULL,False
228,0.00018331895314025208,candidate,1,2,4208984373.5647116,4208078252.3331013,0.00021547874368188388,8.815610639003042,-0.4502936646262867,80.8125,False,refined,0.20580175818868662,NULL,3.0,60.205801758188684,60.110114354455604,57.25,2.860114354455604,NULL,0,57.25,NULL,False
228,0.00018331895314025208,candidate,2,3,3710937498.7345486,3707874777.3191266,0.0002095159475045825,8.536531962416953,-0.6940406544930333,71.25,False,refined,0.2628977465432716,NULL,3.0,60.262897746543274,60.110114354455604,57.25,2.860114354455604,NULL,0,57.25,NULL,False
228,0.00018331895314025208,candidate,3,4,3281249998.8810744,3285480841.0716143,0.0001941139038956957,7.908654821920473,-1.3572494817088554,63.0,False,refined,0.39852986931873247,NULL,3.0,60.398529869318736,60.110114354455604,57.25,2.860114354455604,NULL,0,57.25,NULL,False
228,0.00018331895314025208,candidate,4,5,1220703124.583733,1216748418.123067,0.00017843658910584283,7.22034179201378,-2.088704102045833,23.4375,False,refined,0.5474927375757975,NULL,3.0,60.547492737575794,60.110114354455604,57.25,2.860114354455604,NULL,0,57.25,NULL,False
228,0.00018331895314025208,NULL,5,0,nan,nan,nan,nan,nan,nan,False,NULL,0.25,NULL,0.0,57.25,60.110114354455604,57.25,2.860114354455604,NULL,0,57.25,NULL,True
229,0.00018332215314025317,candidate,0,1,2783203124.0509114,2783454930.848125,0.00028463714866439,11.234344578082665,2.807357784778066,53.4375,False,refined,0.0,rank_1,0.01768437126507698,60.12779872572068,60.12779872572068,57.5,2.6277987257206803,NULL,0,57.5,NULL,False
229,0.00018332215314025317,candidate,1,2,3701171873.737879,3700411532.049138,0.00020602678760046545,8.215530332606447,-2.807357784778066,71.0625,False,refined,0.44313031165766215,NULL,3.0,60.69313031165766,60.12779872572068,57.5,2.6277987257206803,NULL,0,57.5,NULL,False
229,0.00018332215314025317,candidate,2,3,5390624998.161765,5392030185.751261,0.00017939355736379137,7.0924327058904435,-4.009694765094665,103.5,False,refined,0.68674101693485,NULL,3.0,60.93674101693485,60.12779872572068,57.5,2.6277987257206803,NULL,0,57.5,NULL,False
229,0.00018332215314025317,candidate,3,4,3281249998.8810744,3281606577.7093334,0.0001785571896034644,7.012511013029092,-4.050284769975718,63.0,False,refined,0.7012661461691185,NULL,3.0,60.95126614616912,60.12779872572068,57.5,2.6277987257206803,NULL,0,57.5,NULL,False
229,0.00018332215314025317,candidate,4,5,4228515623.558051,4224798474.4826813,0.00017485560825532796,6.830555503597244,-4.232240279407566,81.1875,False,refined,0.7399316919233863,rank_2,0.027956582873130572,60.9736900329852,60.12779872572068,57.5,2.6277987257206803,NULL,0,57.5,NULL,False
229,0.00018332215314025317,NULL,5,0,nan,nan,nan,nan,nan,nan,False,NULL,0.25,NULL,0.0,57.5,60.12779872572068,57.5,2.6277987257206803,NULL,0,57.5,NULL,True
230,0.00018332535314025426,candidate,0,1,2763671874.0575714,2763654800.349167,0.0002327066318531567,9.386866940933984,1.5133532511578007,53.06249999999999,False,refined,0.09196995885990233,rank_1,0.039204516777577116,60.25897320135816,60.25897320135816,57.75,2.5089732013581596,NULL,0,57.75,NULL,False
230,0.00018332535314025426,candidate,1,2,3691406248.7412086,3692837790.115102,0.00019549745035118645,7.691526242017437,-1.5133532511578007,70.875,False,refined,0.440855641894747,NULL,3.0,60.94085564189475,60.25897320135816,57.75,2.5089732013581596,NULL,0,57.75,NULL,False
230,0.00018332535314025426,candidate,2,3,5917968747.981937,5916357460.275283,0.00018827985113262875,7.558690059833921,-1.8400982814319988,113.62499999999999,False,refined,0.48120263361441173,NULL,3.0,60.98120263361441,60.25897320135816,57.75,2.5089732013581596,NULL,0,57.75,NULL,False
230,0.00018332535314025426,candidate,3,4,839843749.7136084,837575428.0973829,0.00017894703388158118,7.10518181811743,-2.2816851228165547,16.125,False,refined,0.5768280474584202,NULL,3.0,61.07682804745842,60.25897320135816,57.75,2.5089732013581596,NULL,0,57.75,NULL,False
230,0.00018332535314025426,candidate,4,5,5751953123.03855,5755328293.903077,0.00016875803225187646,6.480598161495257,-2.7908861506495963,110.4375,False,refined,0.7023406601913113,NULL,3.0,61.20234066019131,60.25897320135816,57.75,2.5089732013581596,NULL,0,57.75,NULL,False
230,0.00018332535314025426,NULL,5,0,nan,nan,nan,nan,nan,nan,False,NULL,0.25,NULL,0.0,57.75,60.25897320135816,57.75,2.5089732013581596,NULL,0,57.75,NULL,True
231,0.00018332855314025535,candidate,0,1,5917968747.981937,5913606443.881944,0.00017617781485701817,7.643412272423387,0.9614704729103352,113.62499999999999,False,refined,0.353488159136492,NULL,3.0,61.10348815913649,60.849970506485576,58.0,2.849970506485576,NULL,0,58.0,NULL,False
231,0.00018332855314025535,candidate,1,2,2871093749.0209403,2875080521.577324,0.0001577167050713733,6.6819417995130514,-0.9614704729103352,55.125,False,refined,0.5578006346299382,NULL,3.0,61.30780063462994,60.849970506485576,58.0,2.849970506485576,NULL,0,58.0,NULL,False
231,0.00018332855314025535,candidate,2,3,2763671874.0575714,2766226685.719104,0.00015515230585379241,6.524369234623277,-1.1038596941647416,53.06249999999999,False,refined,0.5903358456918048,rank_1,0.0006614594356095686,60.849970506485576,60.849970506485576,58.0,2.849970506485576,NULL,0,58.0,NULL,False
231,0.00018332855314025535,candidate,3,4,5751953123.03855,5750579396.535264,0.00015281364364602183,6.345717636758472,-1.235781761238286,110.4375,False,refined,0.625378714563622,NULL,3.0,61.375378714563624,60.849970506485576,58.0,2.849970506485576,NULL,0,58.0,NULL,False
231,0.00018332855314025535,candidate,4,5,3115234373.937687,3114803850.669967,0.00015013550976794912,6.29209018881725,-1.3893559240057396,59.81250000000001,False,refined,0.6430212169277713,NULL,3.0,61.39302121692777,60.849970506485576,58.0,2.849970506485576,NULL,0,58.0,NULL,False
231,0.00018332855314025535,NULL,5,0,nan,nan,nan,nan,nan,nan,False,NULL,0.25,NULL,0.0,58.0,60.849970506485576,58.0,2.849970506485576,NULL,0,58.0,NULL,True
232,0.00018333175314025644,candidate,0,1,2880859374.01761,2883555346.4500737,0.0001923141309111729,9.497322675997033,1.6903155695431948,55.3125,False,refined,0.07540159860044504,NULL,3.0,61.07540159860044,61.07540159860044,58.25,2.8254015986004433,NULL,0,58.25,NULL,False
232,0.00018333175314025644,candidate,1,2,3046874998.9609976,3048011540.6768546,0.00015830528652328147,7.807007106453838,-1.6903155695431948,58.5,False,refined,0.43459365712837394,NULL,3.0,61.434593657128374,61.07540159860044,58.25,2.8254015986004433,NULL,0,58.25,NULL,False
232,0.00018333175314025644,candidate,2,3,3857421873.6845965,3854974678.4500847,0.00014486630007261913,6.932461790589102,-2.460876567343142,74.0625,False,refined,0.6139355168705811,NULL,3.0,61.61393551687058,61.07540159860044,58.25,2.8254015986004433,NULL,0,58.25,NULL,False
232,0.00018333175314025644,candidate,3,4,58593749.98001918,nan,0.00012744753267783466,5.689184504710205,-3.5735952892919265,1.125,True,boundary_peak,2.588722029874215,NULL,3.0,63.58872202987421,61.07540159860044,58.25,2.8254015986004433,NULL,0,58.25,NULL,False
232,0.00018333175314025644,candidate,4,5,5410156248.155105,5414096085.588122,0.00012468388711035544,5.570750208869031,-3.764017267223503,103.875,False,refined,0.8996385478711143,NULL,3.0,61.89963854787111,61.07540159860044,58.25,2.8254015986004433,NULL,0,58.25,NULL,False
232,0.00018333175314025644,NULL,5,0,nan,nan,nan,nan,nan,nan,False,NULL,0.25,NULL,0.0,58.25,61.07540159860044,58.25,2.8254015986004433,NULL,0,58.25,NULL,True
233,0.00018333495314025753,candidate,0,1,3837890623.6912565,3842224594.2393823,0.00020423464445803685,10.533854659078994,0.21694276351239772,73.6875,False,refined,0.0,NULL,3.0,61.25,61.09110700118337,58.5,2.5911070011833672,NULL,0,58.5,NULL,False
233,0.00018333495314025753,candidate,1,2,2880859374.01761,2878922334.6182323,0.00019919676242205844,10.336342565678,-0.21694276351239772,55.3125,False,refined,0.013558922719524857,rank_1,0.002146479863398304,61.09110700118337,61.09110700118337,58.5,2.5911070011833672,NULL,0,58.5,NULL,False
233,0.00018333495314025753,candidate,2,3,3027343748.967658,3028426860.91123,0.00014453920202437895,7.501345355414966,-3.0028752187150687,58.125,False,refined,0.562477897857447,NULL,3.0,61.81247789785745,61.09110700118337,58.5,2.5911070011833672,NULL,0,58.5,NULL,False
233,0.00018333495314025753,candidate,3,4,2578124999.1208444,2576994167.676771,0.000143994628653161,7.5176228993003225,-3.035662429890076,49.5,False,refined,0.5620854669730814,NULL,3.0,61.81208546697308,61.09110700118337,58.5,2.5911070011833672,NULL,0,58.5,NULL,False
233,0.00018333495314025753,candidate,4,5,58593749.98001918,nan,0.00014245370975669101,7.197195754885888,-3.1291130022097757,1.125,True,boundary_peak,2.334740199405228,NULL,3.0,63.584740199405225,61.09110700118337,58.5,2.5911070011833672,NULL,0,58.5,NULL,False
233,0.00018333495314025753,NULL,5,0,nan,nan,nan,nan,nan,nan,False,NULL,0.25,NULL,0.0,58.5,61.09110700118337,58.5,2.5911070011833672,NULL,0,58.5,NULL,True
234,0.00018333815314025862,candidate,0,1,3837890623.6912565,3841953708.0014744,0.0002180961044032675,10.35801452356064,0.4942517434366156,73.6875,False,refined,0.0,rank_1,7.337935388788808e-06,61.250007337935386,61.250007337935386,58.75,2.5000073379353864,NULL,0,58.75,NULL,False
234,0.00018333815314025862,candidate,1,2,2011718749.313992,2007467385.3614545,0.0002060323049624128,9.93239899846337,-0.4942517434366156,38.625,False,refined,0.041030884195283,NULL,3.0,61.54103088419528,61.250007337935386,58.75,2.5000073379353864,NULL,0,58.75,NULL,False
234,0.00018333815314025862,candidate,2,3,58593749.98001918,nan,0.00018233765273337,8.62559403974907,-1.5554309721147597,1.125,True,boundary_peak,2.022125329794812,NULL,3.0,63.52212532979481,61.250007337935386,58.75,2.5000073379353864,NULL,0,58.75,NULL,False
234,0.00018333815314025862,candidate,3,4,2558593749.1275043,2562207826.817812,0.00015913215651399787,7.546331632392045,-2.737799201944533,49.125,False,refined,0.5391627052627266,NULL,3.0,62.039162705262726,61.250007337935386,58.75,2.5000073379353864,NULL,0,58.75,NULL,False
234,0.00018333815314025862,candidate,4,5,634765624.7835412,637629797.0129151,0.00015839478494778748,7.624726025558628,-2.778140594898275,12.1875,False,refined,0.529924883347348,NULL,3.0,62.02992488334735,61.250007337935386,58.75,2.5000073379353864,NULL,0,58.75,NULL,False
234,0.00018333815314025862,NULL,5,0,nan,nan,nan,nan,nan,nan,False,NULL,0.25,NULL,0.0,58.75,61.250007337935386,58.75,2.5000073379353864,NULL,0,58.75,NULL,True
235,0.00018334135314025972,candidate,0,1,2021484374.3106618,2017295912.9628022,0.00021101001055228824,9.541360043134386,1.040732597093177,38.8125,False,refined,0.06879599352984211,rank_2,0.009659995481045328,61.619486873206164,61.619486873206164,59.0,2.6194868732061636,NULL,0,59.0,NULL,False
235,0.00018334135314025972,candidate,1,2,3613281248.76785,3612535157.829702,0.00018718301115225653,8.500627446041209,-1.040732597093177,69.375,False,refined,0.2899516704121422,NULL,3.0,62.039951670412144,61.619486873206164,59.0,2.6194868732061636,NULL,0,59.0,NULL,False
235,0.00018334135314025972,candidate,2,3,3906249998.667946,3907339357.4062333,0.00018224008764431378,8.318616477740806,-1.2731828721179728,75.0,False,refined,0.33178145784625246,rank_1,0.42752831480820513,62.00931711058985,61.619486873206164,59.0,2.6194868732061636,NULL,0,59.0,NULL,False
235,0.00018334135314025972,candidate,3,4,3798828123.704577,3799235713.312277,0.0001802992045125807,8.170530590618874,-1.36618497207035,72.9375,False,refined,0.35980697216156576,rank_1,0.18248270702663094,61.79229701712358,61.619486873206164,59.0,2.6194868732061636,NULL,0,59.0,NULL,False
235,0.00018334135314025972,candidate,4,5,5263671873.205057,5264350264.567478,0.0001651497012603258,7.412854707666758,-2.1285053354676275,101.0625,False,refined,0.521103377316713,NULL,3.0,62.27110337731671,61.619486873206164,59.0,2.6194868732061636,NULL,0,59.0,NULL,False
235,0.00018334135314025972,NULL,5,0,nan,nan,nan,nan,nan,nan,False,NULL,0.25,NULL,0.0,59.0,61.619486873206164,59.0,2.6194868732061636,NULL,0,59.0,NULL,True
236,0.0001833445531402608,candidate,0,1,3935546873.657955,3932190502.3228655,0.00022456700049774936,10.9733338263647,0.48390411296238334,75.5625,False,refined,0.0,NULL,3.0,62.0,62.0,59.25,2.75,NULL,0,59.25,NULL,False
236,0.0001833445531402608,candidate,1,2,3603515623.77118,3599516637.284228,0.00021239815141417447,10.497366415926717,-0.48390411296238334,69.1875,False,refined,0.03024400706014896,NULL,3.0,62.03024400706015,62.0,59.25,2.75,NULL,0,59.25,NULL,False
236,0.0001833445531402608,candidate,2,3,5292968748.195066,5295516656.487999,0.0001899664901767384,9.52789173956094,-1.4533787893281591,101.625,False,refined,0.16165241339886882,NULL,3.0,62.16165241339887,62.0,59.25,2.75,NULL,0,59.25,NULL,False
236,0.0001833445531402608,candidate,3,4,58593749.98001918,nan,0.0001792954832247861,8.8921774106353,-1.9555317838771025,1.125,True,boundary_peak,2.0071441248970237,NULL,3.0,64.00714412489702,62.0,59.25,2.75,NULL,0,59.25,NULL,False
236,0.0001833445531402608,candidate,4,5,3789062498.707907,3787650721.136128,0.00017767118573456004,8.938755076260145,-2.0345787501045542,72.75,False,refined,0.28634791044251284,rank_4,0.013421204372143102,62.09206613193824,62.0,59.25,2.75,NULL,0,59.25,NULL,False
236,0.0001833445531402608,NULL,5,0,nan,nan,nan,nan,nan,nan,False,NULL,0.25,NULL,0.0,59.25,62.0,59.25,2.75,NULL,0,59.25,NULL,True
237,0.0001833477531402619,candidate,0,1,1269531249.5670824,1267146181.9817936,0.00023082506684202013,9.783207939963408,1.3323400505355387,24.375,False,refined,0.03251880900548887,NULL,3.0,62.28251880900549,62.27308076475438,59.5,2.7730807647543827,NULL,0,59.5,NULL,False
237,0.0001833477531402619,candidate,1,2,3935546873.657955,3936628582.8130803,0.00019800035433810434,8.747734294985676,-1.3323400505355387,75.5625,False,refined,0.27111110891061974,rank_1,0.001969655843762546,62.27308076475438,62.27308076475438,59.5,2.7730807647543827,NULL,0,59.5,NULL,False
237,0.0001833477531402619,candidate,2,3,3583984373.77784,3580100529.2918663,0.00019662755349464676,8.390436052325443,-1.3927718876379647,68.8125,False,refined,0.32848283512855636,rank_2,0.03769852495710459,62.39642536714581,62.27308076475438,59.5,2.7730807647543827,NULL,0,59.5,NULL,False
237,0.0001833477531402619,candidate,3,4,58593749.98001918,nan,0.0001960883661417653,8.22553746839131,-1.4166228422336946,1.125,True,boundary_peak,2.073458307380909,NULL,3.0,64.3234583073809,62.27308076475438,59.5,2.7730807647543827,NULL,0,59.5,NULL,False
237,0.0001833477531402619,candidate,4,5,4267578123.5447307,4264279260.539137,0.00017900742520607113,7.71321550642444,-2.2082384831933766,81.9375,False,refined,0.48103257923592,NULL,3.0,62.73103257923592,62.27308076475438,59.5,2.7730807647543827,NULL,0,59.5,NULL,False
237,0.0001833477531402619,NULL,5,0,nan,nan,nan,nan,nan,nan,False,NULL,0.25,NULL,0.0,59.5,62.27308076475438,59.5,2.7730807647543827,NULL,0,59.5,NULL,True
238,0.000183350953140263,candidate,0,1,1259765624.5704124,1264312070.9335306,0.000204292518420653,7.987244254739547,0.5091681233735024,24.187499999999996,False,refined,0.3019133617890679,rank_1,0.0008032185433886815,62.585235389337946,62.585235389337946,59.75,2.835235389337946,NULL,0,59.75,NULL,False
238,0.000183350953140263,candidate,1,2,1757812499.4005756,1756654848.7300706,0.0001926611090954424,7.588521343359389,-0.5091681233735024,33.75,False,refined,0.39354480620693555,NULL,3.0,62.89354480620693,62.585235389337946,59.75,2.835235389337946,NULL,0,59.75,NULL,False
238,0.000183350953140263,candidate,2,3,4541015623.451487,4544481092.599478,0.0001920222759790736,7.550101252582495,-0.5380169859037753,87.1875,False,refined,0.4011108737316117,NULL,3.0,62.90111087373161,62.585235389337946,59.75,2.835235389337946,NULL,0,59.75,NULL,False
238,0.000183350953140263,candidate,3,4,634765624.7835412,633209913.4308033,0.00019184699960272743,7.4645482768517635,-0.5459490162263325,12.1875,False,refined,0.41443957198638126,NULL,3.0,62.91443957198638,62.585235389337946,59.75,2.835235389337946,NULL,0,59.75,NULL,False
238,0.000183350953140263,candidate,4,5,2255859374.2307386,2253053038.2760363,0.00018843819478808115,7.265879749893838,-0.7016705426294934,43.3125,False,refined,0.4539724464302677,NULL,3.0,62.95397244643027,62.585235389337946,59.75,2.835235389337946,NULL,0,59.75,NULL,False
238,0.000183350953140263,NULL,5,0,nan,nan,nan,nan,nan,nan,False,NULL,0.25,NULL,0.0,59.75,62.585235389337946,59.75,2.835235389337946,NULL,0,59.75,NULL,True
239,0.00018335415314026408,candidate,0,1,2246093749.234069,2247757740.788086,0.000233097705308905,8.461960850043218,0.8170817159993327,43.125,False,refined,0.23070587249351737,NULL,3.0,62.980705872493516,62.980705872493516,60.0,2.980705872493516,NULL,0,60.0,NULL,False
239,0.00018335415314026408,candidate,1,2,2539062499.134165,2541940116.191922,0.000212169968743688,7.751558795836528,-0.8170817159993327,48.75,False,refined,0.38833378787447903,NULL,3.0,63.13833378787448,62.980705872493516,60.0,2.980705872493516,NULL,0,60.0,NULL,False
239,0.00018335415314026408,candidate,2,3,4541015623.451487,4545679655.517797,0.0002080343919839759,7.4739036442985896,-0.988057205744628,87.1875,False,refined,0.4406680287142508,NULL,3.0,63.19066802871425,62.980705872493516,60.0,2.980705872493516,NULL,0,60.0,NULL,False
239,0.00018335415314026408,candidate,3,4,2666015624.090873,2661434589.177752,0.00019842096394596533,7.177347832133796,-1.399008861212927,51.18749999999999,False,refined,0.5108358790057386,NULL,3.0,63.26083587900574,62.980705872493516,60.0,2.980705872493516,NULL,0,60.0,NULL,False
239,0.00018335415314026408,candidate,4,5,634765624.7835412,639486075.8890375,0.00017504685823868042,6.046254943158207,-2.4876735559898844,12.1875,False,refined,0.7485413557756367,NULL,3.0,63.498541355775636,62.980705872493516,60.0,2.980705872493516,NULL,0,60.0,NULL,False
239,0.00018335415314026408,NULL,5,0,nan,nan,nan,nan,nan,nan,False,NULL,0.25,NULL,0.0,60.0,62.980705872493516,60.0,2.980705872493516,NULL,0,60.0,NULL,True
240,0.00018335735314026517,candidate,0,1,2587890624.117514,2586612711.0048223,0.000275339606953432,10.396872303663818,0.2147447614893494,49.6875,False,refined,0.0,NULL,3.0,63.0,62.99594372211006,60.25,2.745943722110063,NULL,0,60.25,NULL,False
240,0.00018335735314026517,candidate,1,2,2246093749.234069,2243495931.285702,0.0002686157355106524,10.207843207609093,-0.2147447614893494,43.125,False,refined,0.013421547593084338,rank_1,0.0018163020234608074,62.99594372211006,62.99594372211006,60.25,2.745943722110063,NULL,0,60.25,NULL,False
240,0.00018335735314026517,candidate,2,3,2919921874.0042896,2924780205.4683504,0.00018024563784164974,6.65538142814329,-3.680078500954851,56.0625,False,refined,0.7316976920881847,NULL,3.0,63.73169769208818,62.99594372211006,60.25,2.745943722110063,NULL,0,60.25,NULL,False
240,0.00018335735314026517,candidate,3,4,58593749.98001918,nan,0.00015816922123630984,5.351589132683605,-4.814934235858672,1.125,True,boundary_peak,2.7169450198386262,NULL,3.0,65.71694501983863,62.99594372211006,60.25,2.745943722110063,NULL,0,60.25,NULL,False
240,0.00018335735314026517,candidate,4,5,4531249998.454817,4534585400.069975,0.00015653562620250374,5.443545986335661,-4.9051098638381685,87.0,False,refined,0.9900374685395364,NULL,3.0,63.99003746853953,62.99594372211006,60.25,2.745943722110063,NULL,0,60.25,NULL,False
240,0.00018335735314026517,NULL,5,0,nan,nan,nan,nan,nan,nan,False,NULL,0.25,NULL,0.0,60.25,62.99594372211006,60.25,2.745943722110063,NULL,0,60.25,NULL,True
241,0.00018336055314026626,candidate,0,1,2587890624.117514,2588212638.2072163,0.00031674060932387747,12.90776139148976,1.6046595249521456,49.6875,False,refined,0.0,rank_1,0.00025597670529603196,63.0002559767053,63.0002559767053,60.5,2.500255976705297,NULL,0,60.5,NULL,False
241,0.00018336055314026626,candidate,1,2,2236328124.237399,2237725343.1408243,0.00026331207263978246,11.317800565694105,-1.6046595249521456,42.9375,False,refined,0.1002912203095091,rank_2,0.0033299687537805484,63.09956491117335,63.0002559767053,60.5,2.500255976705297,NULL,0,60.5,NULL,False
241,0.00018336055314026626,candidate,2,3,2919921874.0042896,2918876772.4997187,0.00022709214072169818,9.982662125043174,-2.890032871510737,56.0625,False,refined,0.18322773571294504,NULL,3.0,63.43322773571295,63.0002559767053,60.5,2.500255976705297,NULL,0,60.5,NULL,False
241,0.00018336055314026626,candidate,3,4,3925781248.6612854,3925299713.3556576,0.0001788863661986344,7.886894015060104,-4.962530114414605,75.375,False,refined,0.6271240298918972,NULL,3.0,63.877124029891895,63.0002559767053,60.5,2.500255976705297,NULL,0,60.5,NULL,False
241,0.00018336055314026626,candidate,4,5,3691406248.7412086,3686744666.104807,0.00017483243630772086,7.671810038168347,-5.161634766046186,70.875,False,refined,0.6718306671526345,NULL,3.0,63.92183066715263,63.0002559767053,60.5,2.500255976705297,NULL,0,60.5,NULL,False
241,0.00018336055314026626,NULL,5,0,nan,nan,nan,nan,nan,nan,False,NULL,0.25,NULL,0.0,60.5,63.0002559767053,60.5,2.500255976705297,NULL,0,60.5,NULL,True
242,0.00018336375314026735,candidate,0,1,2578124999.1208444,2582201856.1302676,0.00028149385803274225,11.440323710989277,1.7086385803890636,49.5,False,refined,0.0,rank_1,0.0036129501176567036,63.00386892682295,63.00386892682295,60.75,2.2538689268229533,NULL,0,60.75,NULL,False
242,0.00018336375314026735,candidate,1,2,2900390624.0109496,2902740795.0761523,0.00023122617461767702,9.812616417879765,-1.7086385803890636,55.6875,False,refined,0.13489744859235175,rank_3,0.026036976741384266,63.59416216104669,63.00386892682295,60.75,2.2538689268229533,NULL,0,60.75,NULL,False
242,0.00018336375314026735,candidate,2,3,2226562499.240729,2231103047.7702622,0.00021763599720188098,9.16481352319015,-2.2347638729674024,42.74999999999999,False,refined,0.2649507135819402,rank_2,0.004385479597496792,63.36890110435279,63.00386892682295,60.75,2.2538689268229533,NULL,0,60.75,NULL,False
242,0.00018336375314026735,candidate,3,4,1748046874.4039056,1744945063.759595,0.00018630170484273246,7.936213114178523,-3.5850418840903053,33.5625,False,refined,0.5336331506288656,NULL,3.0,64.03363315062886,63.00386892682295,60.75,2.2538689268229533,NULL,0,60.75,NULL,False
242,0.00018336375314026735,candidate,4,5,3720703123.7312183,3720245233.39379,0.000184652960127851,7.921363915802653,-3.6622529844658303,71.4375,False,refined,0.5406862241587165,NULL,3.0,64.04068622415872,63.00386892682295,60.75,2.2538689268229533,NULL,0,60.75,NULL,False
242,0.00018336375314026735,NULL,5,0,nan,nan,nan,nan,nan,nan,False,NULL,0.25,NULL,0.0,60.75,63.00386892682295,60.75,2.2538689268229533,NULL,0,60.75,NULL,True
243,0.00018336695314026845,candidate,0,1,2587890624.117514,2585669262.271683,0.00024435564915681275,10.439416632195195,2.6016702487964327,49.6875,False,refined,0.0,rank_1,0.0012022905349526592,63.00507121735791,63.00507121735791,61.0,2.0050712173579086,NULL,0,61.0,NULL,False
243,0.00018336695314026845,candidate,1,2,488281249.83349323,487992275.04100204,0.0001811085157197267,7.961096354337585,-2.6016702487964327,9.375,False,refined,0.46843993739913936,NULL,3.0,64.21843993739914,63.00507121735791,61.0,2.0050712173579086,NULL,0,61.0,NULL,False
243,0.00018336695314026845,candidate,2,3,3730468748.727888,3732061923.537591,0.0001769926060893535,7.7614214076425725,-2.801345195491445,71.625,False,refined,0.5108708635718294,NULL,3.0,64.26087086357182,63.00507121735791,61.0,2.0050712173579086,NULL,0,61.0,NULL,False
243,0.00018336695314026845,candidate,3,4,5039062498.28165,5037040313.608639,0.00017150484554020564,7.364496851295064,-3.0749197809001316,96.74999999999999,False,refined,0.5875079586119987,NULL,3.0,64.337507958612,63.00507121735791,61.0,2.0050712173579086,NULL,0,61.0,NULL,False
243,0.00018336695314026845,candidate,4,5,2880859374.01761,2880458143.817316,0.00017005356429930274,7.470894838793889,-3.1487328927476366,55.3125,False,refined,0.576161579977644,rank_2,0.04965165471229176,64.21997539573663,63.00507121735791,61.0,2.0050712173579086,NULL,0,61.0,NULL,False
243,0.00018336695314026845,NULL,5,0,nan,nan,nan,nan,nan,nan,False,NULL,0.25,NULL,0.0,61.0,63.00507121735791,61.0,2.0050712173579086,NULL,0,61.0,NULL,True
244,0.00018337015314026954,candidate,0,1,2578124999.1208444,2580295354.8854756,0.0001908448695439137,8.747414209659645,0.6436713017982498,49.5,False,refined,0.18788786855105322,rank_1,0.002887888059553639,63.195846973968514,63.195846973968514,61.25,1.9458469739685142,NULL,0,61.25,NULL,False
244,0.00018337015314026954,candidate,1,2,3212890623.9043856,3213107442.2890735,0.0001772135494612855,8.1194578181975,-0.6436713017982498,61.68750000000001,False,refined,0.32231078363276566,NULL,3.0,64.32231078363276,63.195846973968514,61.25,1.9458469739685142,NULL,0,61.25,NULL,False
244,0.00018337015314026954,candidate,2,3,478515624.83682334,479339052.81412476,0.00017699751561615654,8.14854224456571,-0.6542663766253654,9.1875,False,refined,0.3186103118542287,NULL,3.0,64.31861031185423,63.195846973968514,61.25,1.9458469739685142,NULL,0,61.25,NULL,False
244,0.00018337015314026954,candidate,3,4,2148437499.26737,2147450167.824879,0.00017531917625714766,7.99991292721673,-0.7370213584784224,41.25,False,refined,0.3460768958223919,NULL,3.0,64.34607689582239,63.195846973968514,61.25,1.9458469739685142,NULL,0,61.25,NULL,False
244,0.00018337015314026954,candidate,4,5,3925781248.6612854,3929843029.6047535,0.00016944756196691254,7.742145538277478,-1.0329032965963147,75.375,False,refined,0.4032346252956479,NULL,3.0,64.40323462529565,63.195846973968514,61.25,1.9458469739685142,NULL,0,61.25,NULL,False
244,0.00018337015314026954,NULL,5,0,nan,nan,nan,nan,nan,nan,False,NULL,0.25,NULL,0.0,61.25,63.195846973968514,61.25,1.9458469739685142,NULL,0,61.25,NULL,True
245,0.00018337335314027063,candidate,0,1,2382812499.187447,2386041621.8312483,0.0002032350062147118,8.753801599427167,0.9720410892809195,45.75,False,refined,0.186929760085925,NULL,3.0,64.43692976008593,63.95504245275521,61.5,2.455042452755208,NULL,0,61.5,NULL,False
245,0.00018337335314027063,candidate,1,2,2148437499.26737,2152646956.106127,0.000181717377537001,7.7946874067854655,-0.9720410892809195,41.25,False,refined,0.39154945706223765,NULL,3.0,64.64154945706224,63.95504245275521,61.5,2.455042452755208,NULL,0,61.5,NULL,False
245,0.00018337335314027063,candidate,2,3,2539062499.134165,2540542256.784759,0.00015977194988024693,6.8630525112531515,-2.0899595938263538,48.75,False,refined,0.6011645979261744,rank_1,0.1580308808605197,63.95504245275521,63.95504245275521,61.5,2.455042452755208,NULL,0,61.5,NULL,False
245,0.00018337335314027063,candidate,3,4,4658203123.411526,4653465065.977282,0.00015475243425630905,6.372025733594908,-2.3672205182158823,89.43750000000001,False,refined,0.6921474223492564,NULL,3.0,64.94214742234925,63.95504245275521,61.5,2.455042452755208,NULL,0,61.5,NULL,False
245,0.00018337335314027063,candidate,4,5,4980468748.301631,4978805667.330514,0.00015416793328952853,6.441503802413866,-2.4000892927127637,95.625,False,refined,0.6837800104324678,NULL,3.0,64.93378001043247,63.95504245275521,61.5,2.455042452755208,NULL,0,61.5,NULL,False
245,0.00018337335314027063,NULL,5,0,nan,nan,nan,nan,nan,nan,False,NULL,0.25,NULL,0.0,61.5,63.95504245275521,61.5,2.455042452755208,NULL,0,61.5,NULL,True
246,0.00018337655314027172,candidate,0,1,4638671873.418185,4642138393.924434,0.00022495800623232174,9.722754627070529,0.6987107638104373,89.0625,False,refined,0.04158680593942066,NULL,3.0,64.54158680593942,64.54158680593942,61.75,2.791586805939417,NULL,0,61.75,NULL,False
246,0.00018337655314027172,candidate,1,2,58593749.98001918,nan,0.00020757063603399868,8.86454762782857,-0.6987107638104373,1.125,True,boundary_peak,1.932737278563867,NULL,3.0,66.43273727856386,64.54158680593942,61.75,2.791586805939417,NULL,0,61.75,NULL,False
246,0.00018337655314027172,candidate,2,3,2138671874.2707002,2142610927.1715324,0.0001853074945155337,8.068272998798767,-1.6841694026986165,41.0625,False,refined,0.3950196378488485,NULL,3.0,64.89501963784885,64.54158680593942,61.75,2.791586805939417,NULL,0,61.75,NULL,False
246,0.00018337655314027172,candidate,3,4,2373046874.190777,2369112367.7877846,0.0001852022862076466,8.094779860598331,-1.6891022159382185,45.56249999999999,False,refined,0.391351909406389,rank_1,0.028659964246813226,64.85694163373914,64.54158680593942,61.75,2.791586805939417,NULL,0,61.75,NULL,False
246,0.00018337655314027172,candidate,4,5,2519531249.140825,2516690486.510259,0.00016350596917718966,6.903383583036122,-2.7713568405239197,48.37499999999999,False,refined,0.6377022650773266,rank_3,0.05689069452275167,64.64963541235528,64.54158680593942,61.75,2.791586805939417,NULL,0,61.75,NULL,False
246,0.00018337655314027172,NULL,5,0,nan,nan,nan,nan,nan,nan,False,NULL,0.25,NULL,0.0,61.75,64.54158680593942,61.75,2.791586805939417,NULL,0,61.75,NULL,True
247,0.0001833797531402728,candidate,0,1,2128906249.2740304,2131979104.1524658,0.00021600212123013186,9.226025222972218,0.06773270954894883,40.875,False,refined,0.11609621655416724,NULL,3.0,64.86609621655417,64.70587484936041,62.0,2.705874849360413,NULL,0,62.0,NULL,False
247,0.0001833797531402728,candidate,1,2,58593749.98001918,nan,0.0002143242835588494,8.983326571390045,-0.06773270954894883,1.125,True,boundary_peak,1.8754843086383026,NULL,3.0,66.6254843086383,64.70587484936041,62.0,2.705874849360413,NULL,0,62.0,NULL,False
247,0.0001833797531402728,candidate,2,3,4619140623.424846,4623606865.079393,0.00021396301833054833,9.168018921063483,-0.08238600715301025,88.6875,False,refined,0.12994628728754065,rank_1,0.03434175613345614,64.70587484936041,64.70587484936041,62.0,2.705874849360413,NULL,0,62.0,NULL,False
247,0.0001833797531402728,candidate,3,4,1992187499.3206522,1994373201.594822,0.00020681534421869877,8.848520043713188,-0.37750517925903004,38.25,False,refined,0.19631606714671113,NULL,3.0,64.94631606714671,64.70587484936041,62.0,2.705874849360413,NULL,0,62.0,NULL,False
247,0.0001833797531402728,candidate,4,5,1621093749.4471974,1625416044.7747908,0.00018758301616793397,8.037062589632251,-1.2252900294982272,31.125,False,refined,0.3710212383988015,NULL,3.0,65.1210212383988,64.70587484936041,62.0,2.705874849360413,NULL,0,62.0,NULL,False
247,0.0001833797531402728,NULL,5,0,nan,nan,nan,nan,nan,nan,False,NULL,0.25,NULL,0.0,62.0,64.70587484936041,62.0,2.705874849360413,NULL,0,62.0,NULL,True
248,0.0001833829531402739,candidate,0,1,2138671874.2707002,2139282165.2952716,0.00023290955753466606,9.38397402365526,0.7767302142270172,41.0625,False,refined,0.0924038964517111,rank_1,0.005333470205556018,64.96383358321144,64.96383358321144,62.25,2.7138335832114393,NULL,0,62.25,NULL,False
248,0.0001833829531402739,candidate,1,2,1982421874.3239825,1985916055.1225204,0.00021298587362378625,8.520849205495074,-0.7767302142270172,38.0625,False,refined,0.27041825756492754,rank_4,0.007152332645396142,65.22388665735703,64.96383358321144,62.25,2.7138335832114393,NULL,0,62.25,NULL,False
248,0.0001833829531402739,candidate,2,3,1611328124.4505277,1612812263.5782132,0.00019674300923850277,7.918214011924434,-1.4657600117308256,30.9375,False,refined,0.40387789894451154,NULL,3.0,65.40387789894451,64.96383358321144,62.25,2.7138335832114393,NULL,0,62.25,NULL,False
248,0.0001833829531402739,candidate,3,4,2763671874.0575714,2768148676.3077493,0.00019521591952364483,7.79002315324524,-1.5334415919719824,53.06249999999999,False,refined,0.42733662651146287,NULL,3.0,65.42733662651146,64.96383358321144,62.25,2.7138335832114393,NULL,0,62.25,NULL,False
248,0.0001833829531402739,candidate,4,5,3046874998.9609976,3043599159.378446,0.0001891236674097389,7.424975129032845,-1.8088285879623633,58.5,False,refined,0.499305517392721,NULL,3.0,65.49930551739273,64.96383358321144,62.25,2.7138335832114393,NULL,0,62.25,NULL,False
248,0.0001833829531402739,NULL,5,0,nan,nan,nan,nan,nan,nan,False,NULL,0.25,NULL,0.0,62.25,64.96383358321144,62.25,2.7138335832114393,NULL,0,62.25,NULL,True
249,0.000183386153140275,candidate,0,1,3417968748.8344526,3418403542.168546,0.00022010071057398898,10.373251770116001,0.032238612461652494,65.625,False,refined,0.0,NULL,3.0,65.25,64.9844609026168,62.5,2.484460902616803,NULL,0,62.5,NULL,False
249,0.000183386153140275,candidate,1,2,2148437499.26737,2152924894.5407376,0.00021928529732570092,10.269490132263126,-0.032238612461652494,41.25,False,refined,0.002014913278853281,rank_1,0.018612406126509308,64.9844609026168,64.9844609026168,62.5,2.484460902616803,NULL,0,62.5,NULL,False
249,0.000183386153140275,candidate,2,3,3027343748.967658,3024894226.6947627,0.0002042875674155305,9.636255151772417,-0.6475901520081084,58.125,False,refined,0.09503611173464421,NULL,3.0,65.34503611173464,64.9844609026168,62.5,2.484460902616803,NULL,0,62.5,NULL,False
249,0.000183386153140275,candidate,3,4,722656249.75357,724205897.441914,0.00018737866950159645,8.81967905867735,-1.3980258750847696,13.875,False,refined,0.2644247583911956,NULL,3.0,65.5144247583912,64.9844609026168,62.5,2.484460902616803,NULL,0,62.5,NULL,False
249,0.000183386153140275,candidate,4,5,2744140624.064232,2746442585.6483417,0.00018664808000427765,8.941293413873224,-1.4319583562427773,52.6875,False,refined,0.24830338518419004,NULL,3.0,65.49830338518419,64.9844609026168,62.5,2.484460902616803,NULL,0,62.5,NULL,False
249,0.000183386153140275,NULL,5,0,nan,nan,nan,nan,nan,nan,False,NULL,0.25,NULL,0.0,62.5,64.9844609026168,62.5,2.484460902616803,NULL,0,62.5,NULL,True
250,0.00018338935314027608,candidate,0,1,722656249.75357,720997734.7205713,0.00024673002600602293,10.971503475054218,1.0482542835124509,13.875,False,refined,0.0,NULL,3.0,65.5,65.31629657541723,62.75,2.5662965754172262,NULL,0,62.75,NULL,False
250,0.00018338935314027608,candidate,1,2,3417968748.8344526,3421197612.134922,0.00021868011335549647,10.049645771316147,-1.0482542835124509,65.625,False,refined,0.06551589271952818,rank_1,0.0007806826977003419,65.31629657541723,65.31629657541723,62.75,2.5662965754172262,NULL,0,62.75,NULL,False
250,0.00018338935314027608,candidate,2,3,3017578123.9709883,3015323835.2898707,0.0002053536243921315,9.370055371888153,-1.594392643443916,57.93750000000001,False,refined,0.1941412344320218,rank_3,0.009159239164283005,65.54833658533094,65.31629657541723,62.75,2.5662965754172262,NULL,0,62.75,NULL,False
250,0.00018338935314027608,candidate,3,4,2158203124.26404,2153757553.815266,0.00016228245594164986,7.263789088439223,-3.639008658642826,41.4375,False,refined,0.6378696778992932,rank_2,6.933214674583336e-05,65.62239991266284,65.31629657541723,62.75,2.5662965754172262,NULL,0,62.75,NULL,False
250,0.00018338935314027608,candidate,4,5,3886718748.674606,3883752158.787073,0.00015324774388529033,6.866444793717639,-4.136558299338198,74.625,False,refined,0.7285681746509916,NULL,3.0,66.22856817465099,65.31629657541723,62.75,2.5662965754172262,NULL,0,62.75,NULL,False
250,0.00018338935314027608,NULL,5,0,nan,nan,nan,nan,nan,nan,False,NULL,0.25,NULL,0.0,62.75,65.31629657541723,62.75,2.5662965754172262,NULL,0,62.75,NULL,True
251,0.00018339255314027718,candidate,0,1,712890624.7569001,710096839.437507,0.0002455819063320972,10.858722109337604,2.329266042897773,13.6875,False,refined,0.0,rank_1,0.011882951797233234,65.51188295179723,65.51188295179723,63.0,2.511882951797233,NULL,0,63.0,NULL,False
251,0.00018339255314027718,candidate,1,2,3007812498.974318,3005053452.688462,0.00018781620635542807,8.39188428053463,-2.329266042897773,57.74999999999999,False,refined,0.3867964856009164,rank_3,0.010548075877932385,65.94568114680979,65.51188295179723,63.0,2.511882951797233,NULL,0,63.0,NULL,False
251,0.00018339255314027718,candidate,2,3,3427734373.8311224,3428394040.96284,0.0001734640758308307,7.725078881657623,-3.0197363920477738,65.8125,False,refined,0.5299716922543424,rank_2,0.005178858787529,65.85144712645909,65.51188295179723,63.0,2.511882951797233,NULL,0,63.0,NULL,False
251,0.00018339255314027718,candidate,3,4,3730468748.727888,3727515315.077041,0.00016287078522113818,7.189319314965861,-3.567063521742364,71.625,False,refined,0.6445435728640186,NULL,3.0,66.39454357286402,65.51188295179723,63.0,2.511882951797233,NULL,0,63.0,NULL,False
251,0.00018339255314027718,candidate,4,5,1328124999.5471015,1327261340.9156768,0.00013806679075491774,5.672363402393925,-5.002142721900711,25.5,False,refined,0.9617794097597057,NULL,3.0,66.7117794097597,65.51188295179723,63.0,2.511882951797233,NULL,0,63.0,NULL,False
251,0.00018339255314027718,NULL,5,0,nan,nan,nan,nan,nan,nan,False,NULL,0.25,NULL,0.0,63.0,65.51188295179723,63.0,2.511882951797233,NULL,0,63.0,NULL,True
252,0.00018339575314027827,candidate,0,1,4951171873.311622,4956040350.551355,0.00017943382089188827,8.787307372620381,0.4849557439387908,95.06250000000001,False,refined,0.18190389410694285,NULL,3.0,66.18190389410694,65.88828760559221,63.25,2.638287605592211,NULL,0,63.25,NULL,False
252,0.00018339575314027827,candidate,1,2,742187499.7469097,737483415.493619,0.00016969010483204318,8.192716900059382,-0.4849557439387908,14.250000000000002,False,refined,0.30140219898726706,rank_1,0.07500245480772035,65.88828760559221,65.88828760559221,63.25,2.638287605592211,NULL,0,63.25,NULL,False
252,0.00018339575314027827,candidate,2,3,634765624.7835412,638726279.9416854,0.00016270455422189275,7.961089319160903,-0.8500919166264076,12.1875,False,refined,0.358967346915015,NULL,3.0,66.35896734691501,65.88828760559221,63.25,2.638287605592211,NULL,0,63.25,NULL,False
252,0.00018339575314027827,candidate,3,4,3662109373.7511992,3661103433.448889,0.00015702555621987377,7.5427759976097075,-1.158679294345788,70.3125,False,refined,0.4410010562551556,NULL,3.0,66.44100105625516,65.88828760559221,63.25,2.638287605592211,NULL,0,63.25,NULL,False
252,0.00018339575314027827,candidate,4,5,2988281248.9809785,2984996895.988824,0.00015133772296113015,7.175177292257873,-1.4791421982400088,57.375,False,refined,0.5161697935513196,rank_2,0.04022654666457895,66.50207748702569,65.88828760559221,63.25,2.638287605592211,NULL,0,63.25,NULL,False
252,0.00018339575314027827,NULL,5,0,nan,nan,nan,nan,nan,nan,False,NULL,0.25,NULL,0.0,63.25,65.88828760559221,63.25,2.638287605592211,NULL,0,63.25,NULL,True
253,0.00018339895314027936,candidate,0,1,4970703123.304961,4968686059.324696,0.00018841773740593104,9.583593837497695,0.4965767196700366,95.4375,False,refined,0.06246092437534578,rank_1,0.015991395038013393,66.2603562135203,66.2603562135203,63.5,2.7603562135202964,NULL,0,63.5,NULL,False
253,0.00018339895314027936,candidate,1,2,3818359373.697917,3815385278.2520676,0.00017794793325306773,9.041219129689244,-0.4965767196700366,73.3125,False,refined,0.17485317552599067,NULL,3.0,66.424853175526,66.2603562135203,63.5,2.7603562135202964,NULL,0,63.5,NULL,False
253,0.00018339895314027936,candidate,2,3,2910156249.0076194,2908344891.9599466,0.00015944353061755944,8.155233215572668,-1.4502976353484165,55.87499999999999,False,refined,0.3673586198733758,NULL,3.0,66.61735861987337,66.2603562135203,63.5,2.7603562135202964,NULL,0,63.5,NULL,False
253,0.00018339895314027936,candidate,3,4,5566406248.101823,5562462047.550019,0.00015251285705197037,7.595854712601593,-1.836306548779163,106.875,False,refined,0.47539095240845874,NULL,3.0,66.72539095240846,66.2603562135203,63.5,2.7603562135202964,NULL,0,63.5,NULL,False
253,0.00018339895314027936,candidate,4,5,3398437498.8411126,3402202107.1485686,0.00015116079557377912,7.552016506097878,-1.91365230652913,65.25,False,refined,0.4868007932433889,NULL,3.0,66.73680079324339,66.2603562135203,63.5,2.7603562135202964,NULL,0,63.5,NULL,False
253,0.00018339895314027936,NULL,5,0,nan,nan,nan,nan,nan,nan,False,NULL,0.25,NULL,0.0,63.5,66.2603562135203,63.5,2.7603562135202964,NULL,0,63.5,NULL,True
254,0.00018340215314028045,candidate,0,1,2910156249.0076194,2907038680.7779145,0.0002019606436909473,9.592555175661301,1.1881821934700643,55.87499999999999,False,refined,0.06111672365080478,NULL,3.0,66.5611167236508,66.5611167236508,63.75,2.811116723650798,NULL,0,63.75,NULL,False
254,0.00018340215314028045,candidate,1,2,3408203123.837783,3403719528.5741367,0.000176139855830534,8.41922630044726,-1.1881821934700643,65.4375,False,refined,0.31137744202479,NULL,3.0,66.81137744202479,66.5611167236508,63.75,2.811116723650798,NULL,0,63.75,NULL,False
254,0.00018340215314028045,candidate,2,3,58593749.98001918,nan,0.00016090439551301884,7.53854135654124,-1.973976761865739,1.125,True,boundary_peak,2.2113423441354225,NULL,3.0,68.71134234413542,66.5611167236508,63.75,2.811116723650798,NULL,0,63.75,NULL,False
254,0.00018340215314028045,candidate,3,4,3623046873.7645197,3627587690.552354,0.00015540397214829663,7.301300849388408,-2.276092619518826,69.5625,False,refined,0.5470606613116654,NULL,3.0,67.04706066131166,66.5611167236508,63.75,2.811116723650798,NULL,0,63.75,NULL,False
254,0.00018340215314028045,candidate,4,5,4999999998.2949705,5002051440.918247,0.00014668110956740218,6.875920136694997,-2.7778511939434924,96.0,False,refined,0.6422276791172187,rank_1,0.11132486888833143,67.01390876152584,66.5611167236508,63.75,2.811116723650798,NULL,0,63.75,NULL,False
254,0.00018340215314028045,NULL,5,0,nan,nan,nan,nan,nan,nan,False,NULL,0.25,NULL,0.0,63.75,66.5611167236508,63.75,2.811116723650798,NULL,0,63.75,NULL,True
255,0.00018340535314028154,candidate,0,1,3613281248.76785,3617198212.6363955,0.00019269050036066019,7.8710691299953695,1.2590810967229693,69.375,False,refined,0.3193396305006946,NULL,3.0,67.06933963050069,67.06933963050069,64.0,3.069339630500693,NULL,0,64.0,NULL,False
255,0.00018340535314028154,candidate,1,2,2900390624.0109496,2900152161.1075144,0.0001666887345748954,6.691250686522938,-1.2590810967229693,55.6875,False,refined,0.5750049655667449,rank_1,0.004742415317080809,67.14086410453463,67.06933963050069,64.0,3.069339630500693,NULL,0,64.0,NULL,False
255,0.00018340535314028154,candidate,2,3,58593749.98001918,nan,0.0001614322661477449,6.032876986157634,-1.537399222778797,1.125,True,boundary_peak,2.4099059035000296,NULL,3.0,69.15990590350003,67.06933963050069,64.0,3.069339630500693,NULL,0,64.0,NULL,False
255,0.00018340535314028154,candidate,3,4,3984374998.6413045,3988969833.2531276,0.00015977879198787997,6.077855011514064,-1.6268234226266998,76.5,False,refined,0.6899982121870591,NULL,3.0,67.43999821218706,67.06933963050069,64.0,3.069339630500693,NULL,0,64.0,NULL,False
255,0.00018340535314028154,candidate,4,5,332031249.8867754,328720884.60715634,0.00015695016237438487,6.049808910652947,-1.781970702608744,6.375,False,refined,0.7039018323151044,NULL,3.0,67.45390183231511,67.06933963050069,64.0,3.069339630500693,NULL,0,64.0,NULL,False
255,0.00018340535314028154,NULL,5,0,nan,nan,nan,nan,nan,nan,False,NULL,0.25,NULL,0.0,64.0,67.06933963050069,64.0,3.069339630500693,NULL,0,64.0,NULL,True
256,0.00018340855314028263,candidate,0,1,3623046873.7645197,3624103246.777462,0.00019870332000683966,8.299077069301877,0.08658395406258457,69.5625,False,refined,0.2551384396047185,NULL,3.0,67.25513843960472,67.25513843960472,64.25,3.005138439604721,NULL,0,64.25,NULL,False
256,0.00018340855314028263,candidate,1,2,2568359374.124174,2568068045.412898,0.00019673241618866564,8.15898933372515,-0.08658395406258457,49.31249999999999,False,refined,0.28156309707013893,NULL,3.0,67.28156309707013,67.25513843960472,64.25,3.005138439604721,NULL,0,64.25,NULL,False
256,0.00018340855314028263,candidate,2,3,58593749.98001918,nan,0.00017790991074367066,7.08951766992481,-0.960099634467575,1.125,True,boundary_peak,2.215328576665502,NULL,3.0,69.2153285766655,67.25513843960472,64.25,3.005138439604721,NULL,0,64.25,NULL,False
256,0.00018340855314028263,candidate,3,4,1689453124.4238865,1690778897.3792014,0.00016985425405947156,6.862122136791751,-1.3625739023870587,32.4375,False,refined,0.5558425483804286,NULL,3.0,67.55584254838043,67.25513843960472,64.25,3.005138439604721,NULL,0,64.25,NULL,False
256,0.00018340855314028263,candidate,4,5,3496093748.8078113,3491959507.6413436,0.0001676633698988071,6.7995344750772,-1.4753386527898815,67.125,False,refined,0.5722784945377876,NULL,3.0,67.57227849453778,67.25513843960472,64.25,3.005138439604721,NULL,0,64.25,NULL,False
256,0.00018340855314028263,NULL,5,0,nan,nan,nan,nan,nan,nan,False,NULL,0.25,NULL,0.0,64.25,67.25513843960472,64.25,3.005138439604721,NULL,0,64.25,NULL,True
257,0.00018341175314028372,candidate,0,1,2578124999.1208444,2582513082.1135206,0.00022846410968315,10.192935236571747,2.551550592298568,49.5,False,refined,0.0,NULL,3.0,67.25,67.25,64.5,2.75,NULL,0,64.5,NULL,False
257,0.00018341175314028372,candidate,1,2,3642578123.757859,3637759245.406878,0.00017031012007441044,7.373134569861763,-2.551550592298568,69.9375,False,refined,0.553501726539396,NULL,3.0,67.8035017265394,67.25,64.5,2.75,NULL,0,64.5,NULL,False
257,0.00018341175314028372,candidate,2,3,1640624999.4405372,1644027930.2652626,0.00015548632706162115,6.906512483312985,-3.3425156017814572,31.5,False,refined,0.6729303526143933,NULL,3.0,67.92293035261439,67.25,64.5,2.75,NULL,0,64.5,NULL,False
257,0.00018341175314028372,candidate,3,4,3154296873.924366,3149544736.1891327,0.00014370397518137097,5.875856110873139,-4.026984057422851,60.56249999999999,False,refined,0.8703080869579574,NULL,3.0,68.12030808695796,67.25,64.5,2.75,NULL,0,64.5,NULL,False
257,0.00018341175314028372,candidate,4,5,605468749.7935315,605987890.5547807,0.00014152959596623534,5.834407483721122,-4.1594143577985765,11.624999999999998,False,refined,0.8848022748042427,NULL,3.0,68.13480227480424,67.25,64.5,2.75,NULL,0,64.5,NULL,False
257,0.00018341175314028372,NULL,5,0,nan,nan,nan,nan,nan,nan,False,NULL,0.25,NULL,0.0,64.5,67.25,64.5,2.75,NULL,0,64.5,NULL,True
258,0.00018341495314028481,candidate,0,1,2597656249.114184,2600797713.6998644,0.00021273802841896664,9.207251552838311,1.0116988413791006,49.875,False,refined,0.11891226707425329,rank_1,0.03343277522483202,67.40234504229909,67.40234504229909,64.75,2.652345042299089,NULL,0,64.75,NULL,False
258,0.00018341495314028481,candidate,1,2,576171874.803522,579282292.7128143,0.00018934776707173185,8.160688151822466,-1.0116988413791006,11.0625,False,refined,0.3391279548128239,NULL,3.0,67.83912795481282,67.40234504229909,64.75,2.652345042299089,NULL,0,64.75,NULL,False
258,0.00018341495314028481,candidate,2,3,2197265624.2507195,2201418905.7691355,0.00017672424087653065,7.607572490144765,-1.6109801044276395,42.1875,False,refined,0.4595503830050127,NULL,3.0,67.95955038300501,67.40234504229909,64.75,2.652345042299089,NULL,0,64.75,NULL,False
258,0.00018341495314028481,candidate,3,4,3105468748.9410167,3106374040.6810274,0.00015999197334204418,6.669015224492014,-2.4749387001837597,59.62499999999999,False,refined,0.6543313850876828,NULL,3.0,68.15433138508769,67.40234504229909,64.75,2.652345042299089,NULL,0,64.75,NULL,False
258,0.00018341495314028481,candidate,4,5,58593749.98001918,nan,0.00014591304672683408,5.736493673834424,-3.275020084552782,1.125,True,boundary_peak,2.562964704209385,NULL,3.0,70.06296470420938,67.40234504229909,64.75,2.652345042299089,NULL,0,64.75,NULL,False
258,0.00018341495314028481,NULL,5,0,nan,nan,nan,nan,nan,nan,False,NULL,0.25,NULL,0.0,64.75,67.40234504229909,64.75,2.652345042299089,NULL,0,64.75,NULL,True
259,0.0001834181531402859,candidate,0,1,566406249.8068521,563795355.4923428,0.00022778248350695986,9.614383856464892,2.5261572486378814,10.875,False,refined,0.0578424215302662,NULL,3.0,67.80784242153027,67.80784242153027,65.0,2.8078424215302675,NULL,0,65.0,NULL,False
259,0.0001834181531402859,candidate,1,2,5087890623.264999,5089322151.700754,0.00017029914255007459,7.0871059802569825,-2.5261572486378814,97.6875,False,refined,0.5948189310013202,NULL,3.0,68.34481893100131,67.80784242153027,65.0,2.8078424215302675,NULL,0,65.0,NULL,False
259,0.0001834181531402859,candidate,2,3,2587890624.117514,2592058992.6312804,0.0001690046893943519,6.8995811441542365,-2.5924313707764757,49.6875,False,refined,0.6270897890503943,rank_1,0.0076365245914513285,68.03707135594092,67.80784242153027,65.0,2.8078424215302675,NULL,0,65.0,NULL,False
259,0.0001834181531402859,candidate,3,4,58593749.98001918,nan,0.00016490622152766233,6.652582937466303,-2.8056656574065197,1.125,True,boundary_peak,2.396216662967962,NULL,3.0,70.14621666296796,67.80784242153027,65.0,2.8078424215302675,NULL,0,65.0,NULL,False
259,0.0001834181531402859,candidate,4,5,1113281249.6203644,1109066574.118555,0.00015988910434273153,6.391277670280333,-3.0740290804971515,21.374999999999996,False,refined,0.733435166989022,NULL,3.0,68.48343516698903,67.80784242153027,65.0,2.8078424215302675,NULL,0,65.0,NULL,False
259,0.0001834181531402859,NULL,5,0,nan,nan,nan,nan,nan,nan,False,NULL,0.25,NULL,0.0,65.0,67.80784242153027,65.0,2.8078424215302675,NULL,0,65.0,NULL,True
260,0.000183421353140287,candidate,0,1,5078124998.26833,5073524499.789665,0.00020103455471583137,8.888925826439982,0.14492872359252118,97.5,False,refined,0.16666112603400274,NULL,3.0,68.166661126034,68.05896606826767,65.25,2.808966068267665,NULL,0,65.25,NULL,False
260,0.000183421353140287,candidate,1,2,1113281249.6203644,1115084143.4309392,0.00019770801515604157,8.74399710284746,-0.14492872359252118,21.374999999999996,False,refined,0.1974584797974135,NULL,3.0,68.19745847979742,68.05896606826767,65.25,2.808966068267665,NULL,0,65.25,NULL,False
260,0.000183421353140287,candidate,2,3,566406249.8068521,565623710.6084063,0.0001927138667931458,8.481052166030612,-0.3671549343831604,10.875,False,refined,0.2507893584943558,rank_1,0.0003342882430435486,68.05896606826767,68.05896606826767,65.25,2.808966068267665,NULL,0,65.25,NULL,False
260,0.000183421353140287,candidate,3,4,2568359374.124174,2570671274.8529453,0.0001873035546538344,8.181728076831902,-0.614493855975704,49.31249999999999,False,refined,0.31114665447369616,NULL,3.0,68.3111466544737,68.05896606826767,65.25,2.808966068267665,NULL,0,65.25,NULL,False
260,0.000183421353140287,candidate,4,5,4775390623.371564,4771144593.166224,0.0001762097632109428,7.651407038427003,-1.1448148943806036,91.6875,False,refined,0.4238398751347373,NULL,3.0,68.42383987513473,68.05896606826767,65.25,2.808966068267665,NULL,0,65.25,NULL,False
260,0.000183421353140287,NULL,5,0,nan,nan,nan,nan,nan,nan,False,NULL,0.25,NULL,0.0,65.25,68.05896606826767,65.25,2.808966068267665,NULL,0,65.25,NULL,True
261,0.0001834245531402881,candidate,0,1,2548828124.1308346,2546602654.9313126,0.00024124767944545413,10.587336710346298,0.3444106484218512,48.9375,False,refined,0.0,NULL,3.0,68.25,68.2261359857681,65.5,2.726135985768096,NULL,0,65.5,NULL,False
261,0.0001834245531402881,candidate,1,2,1123046874.6170344,1123540998.901096,0.00023186895896650154,10.164729691453847,-0.3444106484218512,21.5625,False,refined,0.0215256655263657,rank_2,0.007151840444312283,68.2261359857681,68.2261359857681,65.5,2.726135985768096,NULL,0,65.5,NULL,False
261,0.0001834245531402881,candidate,2,3,4746093748.381554,4744213414.809786,0.00018576769968305426,8.346670378429124,-2.2698588240634354,91.12499999999999,False,refined,0.3898656197395961,NULL,3.0,68.6398656197396,68.2261359857681,65.5,2.726135985768096,NULL,0,65.5,NULL,False
261,0.0001834245531402881,candidate,3,4,5078124998.26833,5080247288.418277,0.00017882595784952544,7.963388650860006,-2.600651692512592,97.5,False,refined,0.4680324331530361,rank_1,0.0045195886944988965,68.63921314788153,68.2261359857681,65.5,2.726135985768096,NULL,0,65.5,NULL,False
261,0.0001834245531402881,candidate,4,5,2382812499.187447,2377940428.700136,0.0001749079010999036,7.77096601737675,-2.793074325995848,45.75,False,refined,0.508922242768228,NULL,3.0,68.75892224276822,68.2261359857681,65.5,2.726135985768096,NULL,0,65.5,NULL,False
261,0.0001834245531402881,NULL,5,0,nan,nan,nan,nan,nan,nan,False,NULL,0.25,NULL,0.0,65.5,68.2261359857681,65.5,2.726135985768096,NULL,0,65.5,NULL,True
262,0.00018342775314028918,candidate,0,1,2539062499.134165,2534492733.4769998,0.00021837867757765252,9.561484306652943,0.10400045057013863,48.75,False,refined,0.06577735400205853,rank_1,0.014665019762962547,68.33044237376501,68.31226606500567,65.75,2.562266065005673,NULL,0,65.75,NULL,False
262,0.00018342775314028918,candidate,1,2,1123046874.6170344,1122257911.5492556,0.00021577951330554315,9.47023053492198,-0.10400045057013863,21.5625,False,refined,0.08596544792233674,rank_2,0.0001646313152453057,68.31226606500567,68.31226606500567,65.75,2.562266065005673,NULL,0,65.75,NULL,False
262,0.00018342775314028918,candidate,2,3,3544921873.7911606,3546959022.15313,0.0001748439782189252,7.614472370939067,-1.931191046299583,68.0625,False,refined,0.47852858475286386,NULL,3.0,68.97852858475287,68.31226606500567,65.75,2.562266065005673,NULL,0,65.75,NULL,False
262,0.00018342775314028918,candidate,3,4,2382812499.187447,2383815949.048663,0.0001743861585490394,7.5919258335478546,-1.9539644154112246,45.75,False,refined,0.48333390093102335,NULL,3.0,68.98333390093103,68.31226606500567,65.75,2.562266065005673,NULL,0,65.75,NULL,False
262,0.00018342775314028918,candidate,4,5,4716796873.391544,4717135812.89742,0.0001689073746736353,7.3095513209511065,-2.2312323998668493,90.5625,False,refined,0.5430193268490121,NULL,3.0,69.043019326849,68.31226606500567,65.75,2.562266065005673,NULL,0,65.75,NULL,False
262,0.00018342775314028918,NULL,5,0,nan,nan,nan,nan,nan,nan,False,NULL,0.25,NULL,0.0,65.75,68.31226606500567,65.75,2.562266065005673,NULL,0,65.75,NULL,True
263,0.00018343095314029027,candidate,0,1,3554687498.787831,3558596153.4892306,0.00023796947599109507,9.474406077672732,2.7015179586823024,68.25,False,refined,0.07883908834909015,NULL,3.0,68.82883908834908,68.82883908834908,66.0,2.828839088349085,NULL,0,66.0,NULL,False
263,0.00018343095314029027,candidate,1,2,3076171873.9510074,3080503289.3902116,0.00017435939618053336,6.869157021488661,-2.7015179586823024,59.0625,False,refined,0.6384713191943447,NULL,3.0,69.38847131919434,68.82883908834908,66.0,2.828839088349085,NULL,0,66.0,NULL,False
263,0.00018343095314029027,candidate,2,3,1093749999.627025,1098241498.526016,0.00016867568922089,6.515303274872419,-2.9893752179865984,21.0,False,refined,0.7095404598932995,rank_2,0.05767880945028333,69.07948533434926,68.82883908834908,66.0,2.828839088349085,NULL,0,66.0,NULL,False
263,0.00018343095314029027,candidate,3,4,4404296873.498109,4400785127.002271,0.0001614987007252608,6.1376340617789005,-3.3670444310801173,84.5625,False,refined,0.7897951676756723,NULL,3.0,69.53979516767568,68.82883908834908,66.0,2.828839088349085,NULL,0,66.0,NULL,False
263,0.00018343095314029027,candidate,4,5,2060546874.2973413,2056574510.0358968,0.00015717576630683335,5.9369729028984075,-3.6027133573671044,39.5625,False,refined,0.8346236494006829,NULL,3.0,69.58462364940068,68.82883908834908,66.0,2.828839088349085,NULL,0,66.0,NULL,False
263,0.00018343095314029027,NULL,5,0,nan,nan,nan,nan,nan,nan,False,NULL,0.25,NULL,0.0,66.0,68.82883908834908,66.0,2.828839088349085,NULL,0,66.0,NULL,True
264,0.00018343415314029136,candidate,0,1,3564453123.7845006,3566347539.350305,0.0002462075189449451,10.5349442379715,2.4112534533690066,68.4375,False,refined,0.0,rank_1,0.006008398276726485,68.8348474866258,68.8348474866258,66.25,2.5848474866258044,NULL,0,66.25,NULL,False
264,0.00018343415314029136,candidate,1,2,1874999999.3606138,1874654311.6611607,0.00018652568306627153,8.115313103758188,-2.4112534533690066,36.0,False,refined,0.4334063752718347,NULL,3.0,69.43340637527183,68.8348474866258,66.25,2.5848474866258044,NULL,0,66.25,NULL,False
264,0.00018343415314029136,candidate,2,3,2246093749.234069,2250693466.2283535,0.0001669966042052236,7.014291858330948,-3.371873433413697,43.125,False,refined,0.6585983108387139,NULL,3.0,69.65859831083871,68.8348474866258,66.25,2.5848474866258044,NULL,0,66.25,NULL,False
264,0.00018343415314029136,candidate,3,4,58593749.98001918,nan,0.00016621959299210353,6.964439334427324,-3.4123819437095193,1.125,True,boundary_peak,2.3873579713177464,NULL,3.0,71.38735797131774,68.8348474866258,66.25,2.5848474866258044,NULL,0,66.25,NULL,False
264,0.00018343415314029136,candidate,4,5,1494140624.4904892,1497866557.2737584,0.00016178175681604966,6.798233565928964,-3.6474352911234487,28.6875,False,refined,0.708229670805871,NULL,3.0,69.70822967080588,68.8348474866258,66.25,2.5848474866258044,NULL,0,66.25,NULL,False
264,0.00018343415314029136,NULL,5,0,nan,nan,nan,nan,nan,nan,False,NULL,0.25,NULL,0.0,66.25,68.8348474866258,66.25,2.5848474866258044,NULL,0,66.25,NULL,True
265,0.00018343735314029245,candidate,0,1,1494140624.4904892,1491794859.2115927,0.00020872182238671635,9.218531789672957,0.33799583176865156,28.6875,False,refined,0.11722023154905648,NULL,3.0,69.36722023154906,69.10015874179153,66.5,2.6001587417915317,NULL,0,66.5,NULL,False
265,0.00018343735314029245,candidate,1,2,58593749.98001918,nan,0.00020075578389724873,8.804551350390364,-0.33799583176865156,1.125,True,boundary_peak,1.9191920369269861,NULL,3.0,71.16919203692699,69.10015874179153,66.5,2.6001587417915317,NULL,0,66.5,NULL,False
265,0.00018343735314029245,candidate,2,3,3574218748.7811704,3576197381.1674786,0.00019237361352390352,8.59112418151379,-0.7084471041672735,68.625,False,refined,0.25560931678338616,rank_1,0.009701938382333939,69.10015874179153,69.10015874179153,66.5,2.6001587417915317,NULL,0,66.5,NULL,False
265,0.00018343735314029245,candidate,3,4,1337890624.5437715,1338211974.57745,0.00018466099053320156,8.186920479806403,-1.063853943918156,25.6875,False,refined,0.33845279952392426,NULL,3.0,69.58845279952392,69.10015874179153,66.5,2.6001587417915317,NULL,0,66.5,NULL,False
265,0.00018343735314029245,candidate,4,5,1874999999.3606138,1879691785.493976,0.00018119326718166992,7.9715023521076045,-1.2285160395352435,36.0,False,refined,0.38105689965481204,NULL,3.0,69.63105689965481,69.10015874179153,66.5,2.6001587417915317,NULL,0,66.5,NULL,False
265,0.00018343735314029245,NULL,5,0,nan,nan,nan,nan,nan,nan,False,NULL,0.25,NULL,0.0,66.5,69.10015874179153,66.5,2.6001587417915317,NULL,0,66.5,NULL,True
266,0.00018344055314029354,candidate,0,1,58593749.98001918,nan,0.00023027583525551826,9.187861339390597,0.8709303706195204,1.125,True,boundary_peak,1.8405707990914104,NULL,3.0,71.34057079909141,69.78565793123944,66.75,3.0356579312394416,NULL,0,66.75,NULL,False
266,0.00018344055314029354,candidate,1,2,1367187499.533781,1366495127.665826,0.0002083060327445683,8.458501446161888,-0.8709303706195204,26.25,False,refined,0.28565793123943684,NULL,3.0,69.78565793123944,69.78565793123944,66.75,3.0356579312394416,NULL,0,66.75,NULL,False
266,0.00018344055314029354,candidate,2,3,5488281248.128464,5491550160.470758,0.00019644470486871626,7.925151338848053,-1.3801607854613707,105.375,False,refined,0.3974873482641277,NULL,3.0,69.89748734826412,69.78565793123944,66.75,3.0356579312394416,NULL,0,66.75,NULL,False
266,0.00018344055314029354,candidate,3,4,1513671874.483829,1514906789.784924,0.0001928355538134895,7.806653144153861,-1.5412251359979567,29.0625,False,refined,0.4253285993767931,rank_1,0.05341613348264887,69.8459649644085,69.78565793123944,66.75,3.0356579312394416,NULL,0,66.75,NULL,False
266,0.00018344055314029354,candidate,4,5,683593749.7668905,683547249.1009761,0.0001875078413183869,7.595420935441641,-1.7845786442460465,13.125,False,refined,0.4722230249491317,NULL,3.0,69.97222302494913,69.78565793123944,66.75,3.0356579312394416,NULL,0,66.75,NULL,False
266,0.00018344055314029354,NULL,5,0,nan,nan,nan,nan,nan,nan,False,NULL,0.25,NULL,0.0,66.75,69.78565793123944,66.75,3.0356579312394416,NULL,0,66.75,NULL,True
267,0.00018344375314029463,candidate,0,1,58593749.98001918,nan,0.00022318046220947402,8.808082861821651,0.30921428552475483,1.125,True,boundary_peak,1.8975375707267523,NULL,3.0,71.64753757072675,69.95614146864614,67.0,2.9561414686461376,NULL,0,67.0,NULL,False
267,0.00018344375314029463,candidate,1,2,742187499.7469097,738141809.1717852,0.00021537508328646834,8.75456282799437,-0.30921428552475483,14.250000000000002,False,refined,0.2061414686461417,NULL,3.0,69.95614146864614,69.95614146864614,67.0,2.9561414686461376,NULL,0,67.0,NULL,False
267,0.00018344375314029463,candidate,2,3,5507812498.121803,5505567668.33156,0.0002011547526696006,8.015037343039957,-0.9025174920267087,105.75,False,refined,0.35415174179567577,NULL,3.0,70.10415174179568,69.95614146864614,67.0,2.9561414686461376,NULL,0,67.0,NULL,False
267,0.00018344375314029463,candidate,3,4,1376953124.5304508,1379604138.23293,0.00020019869730773777,7.958863215573535,-0.94389850952318,26.4375,False,refined,0.3651641745091685,NULL,3.0,70.11516417450918,69.95614146864614,67.0,2.9561414686461376,NULL,0,67.0,NULL,False
267,0.00018344375314029463,candidate,4,5,1542968749.4738386,1545184439.7370858,0.0001889824303608839,7.603761955566526,-1.444694857037545,29.625,False,refined,0.4497291352298677,NULL,3.0,70.19972913522987,69.95614146864614,67.0,2.9561414686461376,NULL,0,67.0,NULL,False
267,0.00018344375314029463,NULL,5,0,nan,nan,nan,nan,nan,nan,False,NULL,0.25,NULL,0.0,67.0,69.95614146864614,67.0,2.9561414686461376,NULL,0,67.0,NULL,True
268,0.00018344695314029573,candidate,0,1,3076171873.9510074,3079736218.1701403,0.00020530785022911444,8.060174836427008,0.002702147310227332,59.0625,False,refined,0.29097377453594886,NULL,3.0,70.29097377453594,70.29097377453594,67.25,3.040973774535942,NULL,0,67.25,NULL,False
268,0.00018344695314029573,candidate,1,2,751953124.7435795,749539974.8287835,0.00020524398966979498,7.777618057831939,-0.002702147310227332,14.437499999999998,False,refined,0.3335261755320984,rank_2,0.012991818034437497,70.30265946221267,70.29097377453594,67.25,3.040973774535942,NULL,0,67.25,NULL,False
268,0.00018344695314029573,candidate,2,3,5527343748.115143,5529887506.292543,0.0001915275725287532,7.255147296807332,-0.6034850240131284,106.12499999999999,False,refined,0.4494457194797208,NULL,3.0,70.44944571947973,70.29097377453594,67.25,3.040973774535942,NULL,0,67.25,NULL,False
268,0.00018344695314029573,candidate,3,4,976562499.6669865,971927641.9115851,0.00017753916180449287,6.59640451335318,-1.26222780746728,18.75,False,refined,0.589428560963728,NULL,3.0,70.58942856096373,70.29097377453594,67.25,3.040973774535942,NULL,0,67.25,NULL,False
268,0.00018344695314029573,candidate,4,5,2519531249.140825,2517693091.4509954,0.0001696684507841449,6.252941998782253,-1.6560892230423718,48.37499999999999,False,refined,0.6655642766228103,NULL,3.0,70.66556427662282,70.29097377453594,67.25,3.040973774535942,NULL,0,67.25,NULL,False
268,0.00018344695314029573,NULL,5,0,nan,nan,nan,nan,nan,nan,False,NULL,0.25,NULL,0.0,67.25,70.29097377453594,67.25,3.040973774535942,NULL,0,67.25,NULL,True
269,0.00018345015314029682,candidate,0,1,2509765624.144155,2507035997.518454,0.00023276504304568245,9.706360770156248,0.6931051204412508,48.1875,False,refined,0.04404588447656277,NULL,3.0,70.29404588447656,70.29404588447656,67.5,2.79404588447656,NULL,0,67.5,NULL,False
269,0.00018345015314029682,candidate,1,2,751953124.7435795,751987474.8625973,0.00021491290863234983,8.992863283966264,-0.6931051204412508,14.437499999999998,False,refined,0.19438957743263863,NULL,3.0,70.44438957743264,70.29404588447656,67.5,2.79404588447656,NULL,0,67.5,NULL,False
269,0.00018345015314029682,candidate,2,3,5537109373.111813,5539009311.835324,0.00018569300855576876,7.630102613794056,-1.9624441069790155,106.31249999999999,False,refined,0.47813736461708,NULL,3.0,70.72813736461708,70.29404588447656,67.5,2.79404588447656,NULL,0,67.5,NULL,False
269,0.00018345015314029682,candidate,3,4,2314453124.2107577,2318696158.25605,0.00018186978945206546,7.576162868083909,-2.1431438789388046,44.4375,False,refined,0.49752206222108897,NULL,3.0,70.7475220622211,70.29404588447656,67.5,2.79404588447656,NULL,0,67.5,NULL,False
269,0.00018345015314029682,candidate,4,5,3066406248.9543376,3068188535.3266726,0.00018042192048746877,7.400110566233051,-2.212569132923674,58.87500000000001,False,refined,0.5282689858727719,NULL,3.0,70.77826898587277,70.29404588447656,67.5,2.79404588447656,NULL,0,67.5,NULL,False
269,0.00018345015314029682,NULL,5,0,nan,nan,nan,nan,nan,nan,False,NULL,0.25,NULL,0.0,67.5,70.29404588447656,67.5,2.79404588447656,NULL,0,67.5,NULL,True
270,0.0001834533531402979,candidate,0,1,732421874.7502398,730484417.4326471,0.0002558433895637836,11.362940717522134,0.49725256477334945,14.0625,False,refined,0.0,rank_2,0.04623814788357381,70.49062772531622,70.34633419005021,67.75,2.5963341900502144,NULL,0,67.75,NULL,False
270,0.0001834533531402979,candidate,1,2,2490234374.1508155,2492472337.1697226,0.0002416081455716776,10.865688152748785,-0.49725256477334945,47.8125,False,refined,0.03107828529833434,rank_1,0.021210020275321467,70.34633419005021,70.34633419005021,67.75,2.5963341900502144,NULL,0,67.75,NULL,False
270,0.0001834533531402979,candidate,2,3,1259765624.5704124,1256508459.4988632,0.00021044552463843436,9.638382811689779,-1.696690116183035,24.187499999999996,False,refined,0.1602857105079729,NULL,3.0,70.66028571050798,70.34633419005021,67.75,2.5963341900502144,NULL,0,67.75,NULL,False
270,0.0001834533531402979,candidate,3,4,58593749.98001918,nan,0.0001757804506796362,7.946095444897132,-3.2600725322687385,1.125,True,boundary_peak,2.2305902165322262,NULL,3.0,72.73059021653222,70.34633419005021,67.75,2.5963341900502144,NULL,0,67.75,NULL,False
270,0.0001834533531402979,candidate,4,5,5537109373.111813,5535881136.645085,0.00017553551572850986,7.988722318199883,-3.2721840131128754,106.31249999999999,False,refined,0.5062031530895722,NULL,3.0,71.00620315308957,70.34633419005021,67.75,2.5963341900502144,NULL,0,67.75,NULL,False
270,0.0001834533531402979,NULL,5,0,nan,nan,nan,nan,nan,nan,False,NULL,0.25,NULL,0.0,67.75,70.34633419005021,67.75,2.5963341900502144,NULL,0,67.75,NULL,True
271,0.000183456553140299,candidate,0,1,722656249.75357,723785888.8275199,0.00024681454354718603,11.808987111881457,0.3215753953786571,13.875,False,refined,0.0,rank_1,0.004487028547370756,70.49511475386359,70.47037685467278,68.0,2.4703768546727787,NULL,0,68.0,NULL,False
271,0.000183456553140299,candidate,1,2,1259765624.5704124,1257457819.1237433,0.00023784387789264463,11.356589003425723,-0.3215753953786571,24.187499999999996,False,refined,0.020098462211166068,rank_3,9.012836973524375e-05,70.68047430108888,70.47037685467278,68.0,2.4703768546727787,NULL,0,68.0,NULL,False
271,0.000183456553140299,candidate,2,3,1640624999.4405372,1638400175.9639502,0.00022404175814164635,10.918366460610152,-0.8408354966477916,31.5,False,refined,0.05255221854048697,NULL,3.0,70.80255221854048,70.47037685467278,68.0,2.4703768546727787,NULL,0,68.0,NULL,False
271,0.000183456553140299,candidate,3,4,2470703124.1574755,2475575524.4742584,0.00020700307532226132,10.150285411668234,-1.5278789871361464,47.43749999999999,False,refined,0.09549243669600915,rank_2,0.02855022792655979,70.47037685467278,70.47037685467278,68.0,2.4703768546727787,NULL,0,68.0,NULL,False
271,0.000183456553140299,candidate,4,5,58593749.98001918,nan,0.00018014249256537705,8.742097721324917,-2.7350915859135227,1.125,True,boundary_peak,2.0783785659208576,NULL,3.0,72.82837856592086,70.47037685467278,68.0,2.4703768546727787,NULL,0,68.0,NULL,False
271,0.000183456553140299,NULL,5,0,nan,nan,nan,nan,nan,nan,False,NULL,0.25,NULL,0.0,68.0,70.47037685467278,68.0,2.4703768546727787,NULL,0,68.0,NULL,True
272,0.0001834597531403001,candidate,0,1,1640624999.4405372,1642481109.4285645,0.00021830901886685887,10.148121587904058,0.5502022993242939,31.5,False,refined,0.0,rank_3,0.0016654017942609619,70.80421762033474,70.78149417339073,68.25,2.531494173390726,NULL,0,68.25,NULL,False
272,0.0001834597531403001,candidate,1,2,1259765624.5704124,1255742049.2329822,0.00020490924958419953,9.557747720251513,-0.5502022993242939,24.187499999999996,False,refined,0.10072548567004147,rank_2,0.0002943866318042484,70.78149417339073,70.78149417339073,68.25,2.531494173390726,NULL,0,68.25,NULL,False
272,0.0001834597531403001,candidate,2,3,2441406249.167466,2439627990.5696254,0.00018945019307928354,8.940391296338337,-1.2315325119362264,46.875,False,refined,0.2359120875452636,rank_4,0.12922251938247423,70.83551146160052,70.78149417339073,68.25,2.531494173390726,NULL,0,68.25,NULL,False
272,0.0001834597531403001,candidate,3,4,5048828123.278319,5047418828.988585,0.00017271140956251995,8.13691082442257,-2.0350129838519937,96.93749999999999,False,refined,0.40665168782736416,NULL,3.0,71.40665168782736,70.78149417339073,68.25,2.531494173390726,NULL,0,68.25,NULL,False
272,0.0001834597531403001,candidate,4,5,771484374.7369193,768416217.7060914,0.00017075561907563467,8.133019228563674,-2.1339334770503537,14.8125,False,refined,0.41341795803109604,rank_1,0.19918662558094544,71.10771933747563,70.78149417339073,68.25,2.531494173390726,NULL,0,68.25,NULL,False
272,0.0001834597531403001,NULL,5,0,nan,nan,nan,nan,nan,nan,False,NULL,0.25,NULL,0.0,68.25,70.78149417339073,68.25,2.531494173390726,NULL,0,68.25,NULL,True
273,0.00018346295314030118,candidate,0,1,3320312498.867754,3316483901.1207385,0.0001931334161047607,8.983913022879575,0.05399451284225698,63.75,False,refined,0.15241304656806376,NULL,3.0,71.40241304656806,71.0316604855335,68.5,2.531660485533493,NULL,0,68.5,NULL,False
273,0.00018346295314030118,candidate,1,2,5058593748.27499,5058839272.87479,0.00019193655548148085,8.953858935806398,-0.05399451284225698,97.125,False,refined,0.16029581668168136,NULL,3.0,71.41029581668168,71.0316604855335,68.5,2.531660485533493,NULL,0,68.5,NULL,False
273,0.00018346295314030118,candidate,2,3,2431640624.1707964,2429549251.113393,0.00018965170218504691,8.825899477174888,-0.15801354570468717,46.6875,False,refined,0.18599092503030978,rank_3,0.010158098902661877,71.0316604855335,71.0316604855335,68.5,2.531660485533493,NULL,0,68.5,NULL,False
273,0.00018346295314030118,candidate,3,4,4082031248.608003,4082025995.8815174,0.00017556038930791168,8.16269567192819,-0.8286177409085749,78.375,False,refined,0.32738425801755733,NULL,3.0,71.57738425801756,71.0316604855335,68.5,2.531660485533493,NULL,0,68.5,NULL,False
273,0.00018346295314030118,candidate,4,5,3496093748.8078113,3492267227.419321,0.0001754439636109873,8.165724713754017,-0.8343798392027768,67.125,False,refined,0.32729003288707104,NULL,3.0,71.57729003288708,71.0316604855335,68.5,2.531660485533493,NULL,0,68.5,NULL,False
273,0.00018346295314030118,NULL,5,0,nan,nan,nan,nan,nan,nan,False,NULL,0.25,NULL,0.0,68.5,71.0316604855335,68.5,2.531660485533493,NULL,0,68.5,NULL,True
274,0.00018346615314030227,candidate,0,1,4042968748.6213236,4047665955.5947924,0.0002045555741810841,9.1997911197942,0.5259632746642051,77.625,False,refined,0.12003133203086991,NULL,3.0,71.62003133203088,71.62003133203088,68.75,2.8700313320308766,NULL,0,68.75,NULL,False
274,0.00018346615314030227,candidate,1,2,966796874.6703166,969239195.558576,0.00019253653639356443,8.472676288283978,-0.5259632746642051,18.5625,False,refined,0.26197126142391614,NULL,3.0,71.76197126142391,71.62003133203088,68.75,2.8700313320308766,NULL,0,68.75,NULL,False
274,0.00018346615314030227,candidate,2,3,3349609373.8577633,3347842973.6876564,0.0001824304216192155,8.205509984451176,-0.9942811353430248,64.3125,False,refined,0.33131607329126267,NULL,3.0,71.83131607329126,71.62003133203088,68.75,2.8700313320308766,NULL,0,68.75,NULL,False
274,0.00018346615314030227,candidate,3,4,3505859373.8044815,3510509615.1681623,0.0001753095745662058,7.859677463985921,-1.3401136558082793,67.3125,False,refined,0.40480548389012927,NULL,3.0,71.90480548389013,71.62003133203088,68.75,2.8700313320308766,NULL,0,68.75,NULL,False
274,0.00018346615314030227,candidate,4,5,4716796873.391544,4718756812.233749,0.0001637736213104053,7.16270497476768,-1.9313473299011363,90.5625,False,refined,0.5463034619036691,NULL,3.0,72.04630346190368,71.62003133203088,68.75,2.8700313320308766,NULL,0,68.75,NULL,False
274,0.00018346615314030227,NULL,5,0,nan,nan,nan,nan,nan,nan,False,NULL,0.25,NULL,0.0,68.75,71.62003133203088,68.75,2.8700313320308766,NULL,0,68.75,NULL,True
275,0.00018346935314030336,candidate,0,1,966796874.6703166,963364088.3856752,0.00021555963664885987,9.12323667818736,0.7351684843619299,18.5625,False,refined,0.13151449827189587,NULL,3.0,71.8815144982719,71.8815144982719,69.0,2.8815144982718977,NULL,0,69.0,NULL,False
275,0.00018346935314030336,candidate,1,2,2802734374.044251,2798394692.480704,0.00019806558392671924,8.45487762700702,-0.7351684843619299,53.8125,False,refined,0.2777163862215676,NULL,3.0,72.02771638622157,71.8815144982719,69.0,2.8815144982718977,NULL,0,69.0,NULL,False
275,0.00018346935314030336,candidate,2,3,4013671873.6313143,4012209021.9863153,0.00019592323888106876,8.407104047123628,-0.8296298241601363,77.0625,False,refined,0.2907862569414643,rank_1,0.1257194140915954,72.03653700306393,71.8815144982719,69.0,2.8815144982718977,NULL,0,69.0,NULL,False
275,0.00018346935314030336,candidate,3,4,3369140623.8511033,3370088639.2200975,0.00018630395437054163,7.79087522914816,-1.26690739629165,64.6875,False,refined,0.41055042789600416,NULL,3.0,72.160550427896,71.8815144982719,69.0,2.8815144982718977,NULL,0,69.0,NULL,False
275,0.00018346935314030336,candidate,4,5,3232421873.897725,3229581066.970403,0.00016567451767732563,6.950499312240952,-2.2862345590428124,62.0625,False,refined,0.600314763104033,NULL,3.0,72.35031476310404,71.8815144982719,69.0,2.8815144982718977,NULL,0,69.0,NULL,False
275,0.00018346935314030336,NULL,5,0,nan,nan,nan,nan,nan,nan,False,NULL,0.25,NULL,0.0,69.0,71.8815144982719,69.0,2.8815144982718977,NULL,0,69.0,NULL,True
276,0.00018347255314030446,candidate,0,1,917968749.6869673,921260265.2426531,0.0001903282567699614,7.855722367655238,0.30596552039046543,17.625,False,refined,0.3216416448517143,NULL,3.0,72.32164164485171,72.32164164485171,69.25,3.0716416448517094,NULL,0,69.25,NULL,False
276,0.00018347255314030446,candidate,1,2,2802734374.044251,2798394050.5910506,0.00018374054231237608,7.43393558690971,-0.30596552039046543,53.8125,False,refined,0.40403250698794757,NULL,3.0,72.40403250698795,72.32164164485171,69.25,3.0716416448517094,NULL,0,69.25,NULL,False
276,0.00018347255314030446,candidate,2,3,2109374999.2806907,2112604584.9858217,0.00018155570747989676,7.410255007550592,-0.40986727429221936,40.5,False,refined,0.41407845351067485,NULL,3.0,72.41407845351067,72.32164164485171,69.25,3.0716416448517094,NULL,0,69.25,NULL,False
276,0.00018347255314030446,candidate,3,4,58593749.98001918,nan,0.00016636833708648746,6.313134866397325,-1.1686518837532844,1.125,True,boundary_peak,2.3448205127749815,NULL,3.0,74.34482051277499,72.32164164485171,69.25,3.0716416448517094,NULL,0,69.25,NULL,False
276,0.00018347255314030446,candidate,4,5,4492187498.468138,4491807996.762004,0.00016433380673885436,6.38482544395286,-1.2755270846066669,86.25,False,refined,0.6219966261949877,NULL,3.0,72.62199662619498,72.32164164485171,69.25,3.0716416448517094,NULL,0,69.25,NULL,False
276,0.00018347255314030446,NULL,5,0,nan,nan,nan,nan,nan,nan,False,NULL,0.25,NULL,0.0,69.25,72.32164164485171,69.25,3.0716416448517094,NULL,0,69.25,NULL,True
277,0.00018347575314030555,candidate,0,1,3300781248.874414,3296446263.889368,0.00019800040094192526,8.077265574679426,0.4892788939058068,63.375,False,refined,0.28841016379808604,NULL,3.0,72.53841016379809,72.53841016379809,69.5,3.0384101637980905,NULL,0,69.5,NULL,False
277,0.00018347575314030555,candidate,1,2,2148437499.26737,2144022535.7169235,0.00018715529771694132,7.660836287411081,-0.4892788939058068,41.25,False,refined,0.3814544877574507,NULL,3.0,72.63145448775745,72.53841016379809,69.5,3.0384101637980905,NULL,0,69.5,NULL,False
277,0.00018347575314030555,candidate,2,3,4472656248.474798,4476852760.224917,0.00018238630068213792,7.32071160621075,-0.713477100076112,85.875,False,refined,0.44648557782314446,NULL,3.0,72.69648557782314,72.53841016379809,69.5,3.0384101637980905,NULL,0,69.5,NULL,False
277,0.00018347575314030555,candidate,3,4,576171874.803522,578454392.4267974,0.00016546220240982662,6.6019989302406845,-1.5593453783325995,11.0625,False,refined,0.6071592466096848,NULL,3.0,72.85715924660968,72.53841016379809,69.5,3.0384101637980905,NULL,0,69.5,NULL,False
277,0.00018347575314030555,candidate,4,5,908203124.6902974,905660248.0259894,0.0001653426964330356,6.566670822405483,-1.565621076028032,17.4375,False,refined,0.6128506938909296,NULL,3.0,72.86285069389093,72.53841016379809,69.5,3.0384101637980905,NULL,0,69.5,NULL,False
277,0.00018347575314030555,NULL,5,0,nan,nan,nan,nan,nan,nan,False,NULL,0.25,NULL,0.0,69.5,72.53841016379809,69.5,3.0384101637980905,NULL,0,69.5,NULL,True
278,0.00018347895314030664,candidate,0,1,4472656248.474798,4476581241.189409,0.00020450536191957797,8.52198648141961,0.8323600244971097,85.875,False,refined,0.2217020277870585,NULL,3.0,72.72170202778706,72.72170202778706,69.75,2.9717020277870603,NULL,0,69.75,NULL,False
278,0.00018347895314030664,candidate,1,2,771484374.7369193,773447146.4144247,0.00018581753648185846,8.030406136472443,-0.8323600244971097,14.8125,False,refined,0.34746158106020286,NULL,3.0,72.8474615810602,72.72170202778706,69.75,2.9717020277870603,NULL,0,69.75,NULL,False
278,0.00018347895314030664,candidate,2,3,3310546873.871084,3306603418.371209,0.00018243814457765222,7.530205431574624,-0.9917810498449864,63.56250000000001,False,refined,0.4324555008791181,NULL,3.0,72.93245550087912,72.72170202778706,69.75,2.9717020277870603,NULL,0,69.75,NULL,False
278,0.00018347895314030664,candidate,3,4,3144531248.927696,3139677483.6383367,0.00016886789532807736,7.077047334744249,-1.663152172557103,60.375,False,refined,0.5423899105731816,NULL,3.0,73.04238991057318,72.72170202778706,69.75,2.9717020277870603,NULL,0,69.75,NULL,False
278,0.00018347895314030664,candidate,4,5,2167968749.26071,2166237288.2136183,0.0001592903907888889,6.663049192103143,-2.170302430379918,41.625,False,refined,0.6361865230832734,NULL,3.0,73.13618652308327,72.72170202778706,69.75,2.9717020277870603,NULL,0,69.75,NULL,False
278,0.00018347895314030664,NULL,5,0,nan,nan,nan,nan,nan,nan,False,NULL,0.25,NULL,0.0,69.75,72.72170202778706,69.75,2.9717020277870603,NULL,0,69.75,NULL,True
279,0.00018348215314030773,candidate,0,1,3105468748.9410167,3103080472.9820123,0.00021578135177177744,9.360828736387568,0.13952136145730876,59.62499999999999,False,refined,0.09587568954186487,NULL,3.0,72.84587568954187,72.84587568954187,70.0,2.84587568954187,NULL,0,70.0,NULL,False
279,0.00018348215314030773,candidate,1,2,742187499.7469097,738957837.6311051,0.00021234294745872464,9.145877324429499,-0.13952136145730876,14.250000000000002,False,refined,0.13683848642665697,NULL,3.0,72.88683848642665,72.84587568954187,70.0,2.84587568954187,NULL,0,70.0,NULL,False
279,0.00018348215314030773,candidate,2,3,4482421873.471468,4485726642.354578,0.00021099773533819288,9.083968843966872,-0.19472230868625928,86.0625,False,refined,0.1495748176978604,rank_1,0.008363836247187015,72.8796406817321,72.84587568954187,70.0,2.84587568954187,NULL,0,70.0,NULL,False
279,0.00018348215314030773,candidate,3,4,2587890624.117514,2588836390.0272956,0.00016749143189162178,6.978658943228577,-2.200426280763441,49.6875,False,refined,0.5907278010634285,NULL,3.0,73.34072780106342,72.84587568954187,70.0,2.84587568954187,NULL,0,70.0,NULL,False
279,0.00018348215314030773,candidate,4,5,58593749.98001918,nan,0.0001630016620513552,6.655381132717189,-2.4364375340695155,1.125,True,boundary_peak,2.372720175971766,NULL,3.0,75.12272017597176,72.84587568954187,70.0,2.84587568954187,NULL,0,70.0,NULL,False
279,0.00018348215314030773,NULL,5,0,nan,nan,nan,nan,nan,nan,False,NULL,0.25,NULL,0.0,70.0,72.84587568954187,70.0,2.84587568954187,NULL,0,70.0,NULL,True
280,0.00018348535314030882,candidate,0,1,4482421873.471468,4486230610.776046,0.00020207016182430417,8.164626560720798,0.2195491892435264,86.0625,False,refined,0.2753060158918803,rank_3,2.53984169836727e-05,73.15497209604096,73.15497209604096,70.25,2.9049720960409644,NULL,0,70.25,NULL,False
280,0.00018348535314030882,candidate,1,2,3076171873.9510074,3077113315.5938067,0.00019702653957940621,8.160435950627711,-0.2195491892435264,59.0625,False,refined,0.2896564317335637,rank_1,0.06742932628238371,73.20296144755781,73.15497209604096,70.25,2.9049720960409644,NULL,0,70.25,NULL,False
280,0.00018348535314030882,candidate,2,3,2587890624.117514,2584791292.4512153,0.00019670420149494862,8.057836031451258,-0.2337710589690456,49.6875,False,refined,0.3059352864678767,NULL,3.0,73.30593528646787,73.15497209604096,70.25,2.9049720960409644,NULL,0,70.25,NULL,False
280,0.00018348535314030882,candidate,3,4,2802734374.044251,2798651620.9463744,0.00018179670215080095,7.414079540394205,-0.9183237708384162,53.8125,False,refined,0.44528330461827026,NULL,3.0,73.44528330461827,73.15497209604096,70.25,2.9049720960409644,NULL,0,70.25,NULL,False
280,0.00018348535314030882,candidate,4,5,703124999.7602302,700542168.1373686,0.00016113212761277536,6.429041622505549,-1.9664009527743698,13.499999999999998,False,refined,0.6585438161725657,NULL,3.0,73.65854381617257,73.15497209604096,70.25,2.9049720960409644,NULL,0,70.25,NULL,False
280,0.00018348535314030882,NULL,5,0,nan,nan,nan,nan,nan,nan,False,NULL,0.25,NULL,0.0,70.25,73.15497209604096,70.25,2.9049720960409644,NULL,0,70.25,NULL,True
281,0.0001834885531403099,candidate,0,1,2587890624.117514,2585868994.73069,0.00019065779353797142,7.733949867605929,1.2515370010549365,49.6875,False,refined,0.3399075198591106,NULL,3.0,73.58990751985911,73.58990751985911,70.5,3.0899075198591106,NULL,0,70.5,NULL,False
281,0.0001834885531403099,candidate,1,2,4492187498.468138,4489998396.482167,0.00016507363418532097,6.451729488213198,-1.2515370010549365,86.25,False,refined,0.6104616393339538,rank_1,0.0014196209127253071,73.76685335628764,73.58990751985911,70.5,3.0899075198591106,NULL,0,70.5,NULL,False
281,0.0001834885531403099,candidate,2,3,2812499999.0409207,2808447940.0426235,0.0001613143075213896,6.33889036342584,-1.4516334900374517,53.99999999999999,False,refined,0.6398935386134648,NULL,3.0,73.88989353861346,73.58990751985911,70.5,3.0899075198591106,NULL,0,70.5,NULL,False
281,0.0001834885531403099,candidate,3,4,429687499.853474,427786323.3811831,0.00015126947105131188,5.743503310908178,-2.0100654876615742,8.25,False,refined,0.7641035963426217,NULL,3.0,74.01410359634262,73.58990751985911,70.5,3.0899075198591106,NULL,0,70.5,NULL,False
281,0.0001834885531403099,candidate,4,5,908203124.6902974,903446606.0057164,0.00014109999839227798,5.160963418471409,-2.614551077324654,17.4375,False,refined,0.8892649295620795,NULL,3.0,74.13926492956207,73.58990751985911,70.5,3.0899075198591106,NULL,0,70.5,NULL,False
281,0.0001834885531403099,NULL,5,0,nan,nan,nan,nan,nan,nan,False,NULL,0.25,NULL,0.0,70.5,73.58990751985911,70.5,3.0899075198591106,NULL,0,70.5,NULL,True
282,0.000183491753140311,candidate,0,1,3720703123.7312183,3724564358.6379857,0.00018422437913286134,7.8892185226992595,0.08452235499550653,71.4375,False,refined,0.3166172215951111,NULL,3.0,73.81661722159511,73.81661722159511,70.75,3.0666172215951093,NULL,0,70.75,NULL,False
282,0.000183491753140311,candidate,1,2,976562499.6669865,971805666.4492543,0.00018244038657529906,7.8846446468041975,-0.08452235499550653,18.75,False,refined,0.32258595016658953,NULL,3.0,73.82258595016658,73.81661722159511,70.75,3.0666172215951093,NULL,0,70.75,NULL,False
282,0.000183491753140311,candidate,2,3,4326171873.52475,4326549793.114125,0.00017359268991659185,7.452853627695291,-0.5163133741044135,83.0625,False,refined,0.41434154172723225,NULL,3.0,73.91434154172723,73.81661722159511,70.75,3.0666172215951093,NULL,0,70.75,NULL,False
282,0.000183491753140311,candidate,3,4,1259765624.5704124,1259579093.5458338,0.0001733948922094041,7.426235543122921,-0.5262160295877116,24.187499999999996,False,refined,0.4189531703807938,NULL,3.0,73.91895317038079,73.81661722159511,70.75,3.0666172215951093,NULL,0,70.75,NULL,False
282,0.000183491753140311,candidate,4,5,410156249.8601343,412628435.55978644,0.0001414880107896939,5.572765874073831,-2.2925492152411664,7.875,False,refined,0.8073694448414983,NULL,3.0,74.3073694448415,73.81661722159511,70.75,3.0666172215951093,NULL,0,70.75,NULL,False
282,0.000183491753140311,NULL,5,0,nan,nan,nan,nan,nan,nan,False,NULL,0.25,NULL,0.0,70.75,73.81661722159511,70.75,3.0666172215951093,NULL,0,70.75,NULL,True
283,0.0001834949531403121,candidate,0,1,4345703123.518089,4340857929.408007,0.00021506696481933858,9.23963271173907,0.35950443897786677,83.4375,False,refined,0.11405509323913954,NULL,3.0,73.86405509323914,73.86405509323914,71.0,2.864055093239145,NULL,0,71.0,NULL,False
283,0.0001834949531403121,candidate,1,2,966796874.6703166,962111648.990127,0.0002063471543720992,8.81148552847054,-0.35950443897786677,18.5625,False,refined,0.20074619816553574,NULL,3.0,73.95074619816553,73.86405509323914,71.0,2.864055093239145,NULL,0,71.0,NULL,False
283,0.0001834949531403121,candidate,2,3,3730468748.727888,3728120627.056687,0.00020306800189707125,8.613129405550373,-0.4986442101256561,71.625,False,refined,0.2391958523002976,NULL,3.0,73.9891958523003,73.86405509323914,71.0,2.864055093239145,NULL,0,71.0,NULL,False
283,0.0001834949531403121,candidate,3,4,1269531249.5670824,1274388364.881021,0.00018618904307559267,7.934062440898595,-1.2523917240455607,24.375,False,refined,0.3881651166180583,NULL,3.0,74.13816511661805,73.86405509323914,71.0,2.864055093239145,NULL,0,71.0,NULL,False
283,0.0001834949531403121,candidate,4,5,1767578124.3972454,1765989364.1781867,0.00018459002076960424,7.88352653619377,-1.3273097479496876,33.9375,False,refined,0.40042787881778996,NULL,3.0,74.1504278788178,73.86405509323914,71.0,2.864055093239145,NULL,0,71.0,NULL,False
283,0.0001834949531403121,NULL,5,0,nan,nan,nan,nan,nan,nan,False,NULL,0.25,NULL,0.0,71.0,73.86405509323914,71.0,2.864055093239145,NULL,0,71.0,NULL,True
284,0.00018349815314031319,candidate,0,1,4345703123.518089,4350385600.432044,0.00020580942420416994,8.78693137268578,0.6524300042235254,83.4375,False,refined,0.181960294097133,rank_1,0.009077651514228114,74.05509303885052,74.05509303885052,71.25,2.805093038850515,NULL,0,71.25,NULL,False
284,0.00018349815314031319,candidate,1,2,1298828124.557092,1293961711.8684356,0.00019091662898197445,8.134501368462255,-0.6524300042235254,24.9375,False,refined,0.32060166999463213,NULL,3.0,74.32060166999463,74.05509303885052,71.25,2.805093038850515,NULL,0,71.25,NULL,False
284,0.00018349815314031319,candidate,2,3,3378906248.847773,3377551441.3536863,0.00017645998115086087,7.464264089044619,-1.3363805825637787,64.875,False,refined,0.46388417305354335,NULL,3.0,74.46388417305354,74.05509303885052,71.25,2.805093038850515,NULL,0,71.25,NULL,False
284,0.00018349815314031319,candidate,3,4,3740234373.724558,3736406529.147993,0.00017474363001143174,7.34479523232654,-1.4212780881103892,71.8125,False,refined,0.48711059565791837,rank_3,0.00686561734667126,74.4831720653049,74.05509303885052,71.25,2.805093038850515,NULL,0,71.25,NULL,False
284,0.00018349815314031319,candidate,4,5,1748046874.4039056,1744484493.9308689,0.00016762749335666265,7.012740673383773,-1.782400137105462,33.5625,False,refined,0.5594889075615255,NULL,3.0,74.55948890756153,74.05509303885052,71.25,2.805093038850515,NULL,0,71.25,NULL,False
284,0.00018349815314031319,NULL,5,0,nan,nan,nan,nan,nan,nan,False,NULL,0.25,NULL,0.0,71.25,74.05509303885052,71.25,2.805093038850515,NULL,0,71.25,NULL,True
285,0.00018350135314031428,candidate,0,1,2246093749.234069,2249412841.417533,0.00019396852545623203,8.402728989261874,0.09921980685140497,43.125,False,refined,0.2395906516107189,NULL,3.0,74.48959065161071,74.48959065161071,71.5,2.989590651610712,NULL,0,71.5,NULL,False
285,0.00018350135314031428,candidate,1,2,3203124998.9077153,3200343330.8770857,0.0001917654102873513,8.285363723914738,-0.09921980685140497,61.49999999999999,False,refined,0.2633966793410021,NULL,3.0,74.513396679341,74.48959065161071,71.5,2.989590651610712,NULL,0,71.5,NULL,False
285,0.00018350135314031428,candidate,2,3,1132812499.6137042,1133114224.8098679,0.00016720300299956925,7.112985166777994,-1.2897438224838798,21.75,False,refined,0.5136612138885434,NULL,3.0,74.76366121388854,74.48959065161071,71.5,2.989590651610712,NULL,0,71.5,NULL,False
285,0.00018350135314031428,candidate,3,4,5126953123.251678,5131341974.020339,0.00016504849100343832,7.000334863791933,-1.4023941254699412,98.4375,False,refined,0.5375994032730814,NULL,3.0,74.78759940327308,74.48959065161071,71.5,2.989590651610712,NULL,0,71.5,NULL,False
285,0.00018350135314031428,candidate,4,5,4345703123.518089,4350254755.643795,0.0001640868365605224,6.907670452427936,-1.4531504401538342,83.4375,False,refined,0.5546713346454242,rank_1,1.7120358611929787e-06,74.6097660855318,74.48959065161071,71.5,2.989590651610712,NULL,0,71.5,NULL,False
285,0.00018350135314031428,NULL,5,0,nan,nan,nan,nan,nan,nan,False,NULL,0.25,NULL,0.0,71.5,74.48959065161071,71.5,2.989590651610712,NULL,0,71.5,NULL,True
286,0.00018350455314031537,candidate,0,1,3212890623.9043856,3213874504.315817,0.00023566376122812244,9.98444112768202,1.9936191985998963,61.68750000000001,False,refined,0.002333830847697005,NULL,3.0,74.5023338308477,74.5023338308477,71.75,2.7523338308477037,NULL,0,71.75,NULL,False
286,0.00018350455314031537,candidate,1,2,5146484373.245018,5143826610.765728,0.000187331946124496,7.868046643815223,-1.9936191985998963,98.81249999999999,False,refined,0.44439420334021007,NULL,3.0,74.94439420334021,74.5023338308477,71.75,2.7523338308477037,NULL,0,71.75,NULL,False
286,0.00018350455314031537,candidate,2,3,732421874.7502398,733416224.7052766,0.00017677898043212803,7.3846986150344485,-2.497243600304424,14.0625,False,refined,0.5483729327638592,NULL,3.0,75.04837293276385,74.5023338308477,71.75,2.7523338308477037,NULL,0,71.75,NULL,False
286,0.00018350455314031537,candidate,3,4,1093749999.627025,1094972205.8775835,0.0001686122283644501,7.0200961404756335,-2.9080747355477587,21.0,False,refined,0.6287402499003899,NULL,3.0,75.12874024990039,74.5023338308477,71.75,2.7523338308477037,NULL,0,71.75,NULL,False
286,0.00018350455314031537,candidate,4,5,2216796874.244059,2214605618.5985303,0.00016334180750297254,6.82772578960015,-3.1839089544380172,42.5625,False,refined,0.6748354412123536,NULL,3.0,75.17483544121235,74.5023338308477,71.75,2.7523338308477037,NULL,0,71.75,NULL,False
286,0.00018350455314031537,NULL,5,0,nan,nan,nan,nan,nan,nan,False,NULL,0.25,NULL,0.0,71.75,74.5023338308477,71.75,2.7523338308477037,NULL,0,71.75,NULL,True
287,0.00018350775314031646,candidate,0,1,3242187498.894395,3239091179.415118,0.00021920542822104726,8.610641014880507,1.5440668235161947,62.25,False,refined,0.20840384776792398,rank_1,0.06358807030637242,74.774325748922,74.774325748922,72.0,2.7743257489219957,NULL,0,72.0,NULL,False
287,0.00018350775314031646,candidate,1,2,2167968749.26071,2167733711.2831116,0.00018350502586481692,6.9535535744776755,-1.5440668235161947,41.625,False,refined,0.5534711402981108,NULL,3.0,75.30347114029811,74.774325748922,72.0,2.7743257489219957,NULL,0,72.0,NULL,False
287,0.00018350775314031646,candidate,2,3,2548828124.1308346,2545648062.5326924,0.00017643930897305116,6.725521889607675,-1.8851191252728317,48.9375,False,refined,0.6089916618884007,NULL,3.0,75.3589916618884,74.774325748922,72.0,2.7743257489219957,NULL,0,72.0,NULL,False
287,0.00018350775314031646,candidate,3,4,1064453124.6370152,1068574254.1767514,0.00017403102639136552,6.403285937106542,-2.0044924579663004,20.4375,False,refined,0.6647878880569125,NULL,3.0,75.4147878880569,74.774325748922,72.0,2.7743257489219957,NULL,0,72.0,NULL,False
287,0.00018350775314031646,candidate,4,5,5185546873.231698,5183302219.891914,0.0001605881932683654,5.907887165980599,-2.702753848899908,99.5625,False,refined,0.7827390406591545,NULL,3.0,75.53273904065915,74.774325748922,72.0,2.7743257489219957,NULL,0,72.0,NULL,False
287,0.00018350775314031646,NULL,5,0,nan,nan,nan,nan,nan,nan,False,NULL,0.25,NULL,0.0,72.0,74.774325748922,72.0,2.7743257489219957,NULL,0,72.0,NULL,True
288,0.00018351095314031755,candidate,0,1,2519531249.140825,2522141044.730894,0.00021300531510063894,8.473212054812214,0.6154519763200028,48.37499999999999,False,refined,0.22901819177816796,NULL,3.0,75.22901819177817,75.22901819177817,72.25,2.9790181917781666,NULL,0,72.25,NULL,False
288,0.00018351095314031755,candidate,1,2,2138671874.2707002,2134923763.0663214,0.00019843480177015305,7.852657081637409,-0.6154519763200028,41.0625,False,refined,0.3605671862743889,NULL,3.0,75.3605671862744,75.22901819177817,72.25,2.9790181917781666,NULL,0,72.25,NULL,False
288,0.00018351095314031755,candidate,2,3,4853515623.344923,4849603541.025054,0.00018951100999960199,7.490837759283746,-1.0151198857434895,93.18750000000001,False,refined,0.4398193289664062,NULL,3.0,75.43981932896641,75.22901819177817,72.25,2.9790181917781666,NULL,0,72.25,NULL,False
288,0.00018351095314031755,candidate,3,4,3242187498.894395,3243376864.094521,0.00018402365999922154,7.161145882454711,-1.270335529162674,62.25,False,refined,0.5052240882044604,rank_1,0.0018367093171268124,75.28138654644358,75.22901819177817,72.25,2.9790181917781666,NULL,0,72.25,NULL,False
288,0.00018351095314031755,candidate,4,5,1035156249.6470056,1037304779.3502426,0.00016995017593171902,6.429316606592028,-1.9613764396439404,19.875,False,refined,0.658188536488942,NULL,3.0,75.65818853648894,75.22901819177817,72.25,2.9790181917781666,NULL,0,72.25,NULL,False
288,0.00018351095314031755,NULL,5,0,nan,nan,nan,nan,nan,nan,False,NULL,0.25,NULL,0.0,72.25,75.22901819177817,72.25,2.9790181917781666,NULL,0,72.25,NULL,True
289,0.00018351415314031864,candidate,0,1,4833984373.351583,4835837689.5514765,0.00021455807010316617,9.533189897515415,0.16496824348574357,92.8125,False,refined,0.07002151537268775,NULL,3.0,75.32002151537269,75.32002151537269,72.5,2.8200215153726873,NULL,0,72.5,NULL,False
289,0.00018351415314031864,candidate,1,2,58593749.98001918,nan,0.00021052149331247664,9.216092714802997,-0.16496824348574357,1.125,True,boundary_peak,1.8466466079974095,NULL,3.0,77.09664660799741,75.32002151537269,72.5,2.8200215153726873,NULL,0,72.5,NULL,False
289,0.00018351415314031864,candidate,2,3,488281249.83349323,492104909.33669204,0.0002101149654038821,9.458294302159818,-0.18175736185654934,9.375,False,refined,0.0926156897920617,NULL,3.0,75.34261568979205,75.32002151537269,72.5,2.8200215153726873,NULL,0,72.5,NULL,False
289,0.00018351415314031864,candidate,3,4,2499999999.1474853,2504555037.8167105,0.00020942944611296145,9.387100453534059,-0.2101422004637854,48.0,False,refined,0.10506881949887781,NULL,3.0,75.35506881949888,75.32002151537269,72.5,2.8200215153726873,NULL,0,72.5,NULL,False
289,0.00018351415314031864,candidate,4,5,5966796872.965287,5966884492.304314,0.00018725088061068173,8.295395069217095,-1.1824197072066234,114.5625,False,refined,0.3295919713178497,NULL,3.0,75.57959197131785,75.32002151537269,72.5,2.8200215153726873,NULL,0,72.5,NULL,False
289,0.00018351415314031864,NULL,5,0,nan,nan,nan,nan,nan,nan,False,NULL,0.25,NULL,0.0,72.5,75.32002151537269,72.5,2.8200215153726873,NULL,0,72.5,NULL,True
290,0.00018351735314031973,candidate,0,1,498046874.83016306,495883411.358069,0.00023526729177263925,10.64522811133017,1.2519977394658799,9.5625,False,refined,0.0,rank_3,0.0014277077525549826,75.34404339754461,75.34404339754461,72.75,2.5940433975446098,NULL,0,72.75,NULL,False
290,0.00018351735314031973,candidate,1,2,5986328122.958627,5985895219.663361,0.00020368622826360774,9.286689465883802,-1.2519977394658799,114.9375,False,refined,0.18524643883404723,NULL,3.0,75.68524643883404,75.34404339754461,72.75,2.5940433975446098,NULL,0,72.75,NULL,False
290,0.00018351735314031973,candidate,2,3,4824218748.354913,4821790112.817588,0.00020268233525036892,9.163418602739162,-1.2949130751626559,92.625,False,refined,0.20641927678679173,rank_1,0.019733441209448904,75.54617423336893,75.34404339754461,72.75,2.5940433975446098,NULL,0,72.75,NULL,False
290,0.00018351735314031973,candidate,3,4,1025390624.6503358,1030143846.340098,0.0001812711846361064,8.30081090701932,-2.2646556057147205,19.6875,False,refined,0.396419339304272,NULL,3.0,75.89641933930427,75.34404339754461,72.75,2.5940433975446098,NULL,0,72.75,NULL,False
290,0.00018351735314031973,candidate,4,5,58593749.98001918,nan,0.0001712055755500493,7.5105646978725105,-2.7608729849285574,1.125,True,boundary_peak,2.264719856877158,NULL,3.0,77.76471985687716,75.34404339754461,72.75,2.5940433975446098,NULL,0,72.75,NULL,False
290,0.00018351735314031973,NULL,5,0,nan,nan,nan,nan,nan,nan,False,NULL,0.25,NULL,0.0,72.75,75.34404339754461,72.75,2.5940433975446098,NULL,0,72.75,NULL,True
291,0.00018352055314032082,candidate,0,1,546874999.8135124,547225781.2188529,0.00019168111877748505,7.850042550131455,0.8297178323585097,10.5,False,refined,0.3224936174802817,rank_1,0.26360389429215286,75.93014090931703,75.93014090931703,73.0,2.930140909317032,NULL,0,73.0,NULL,False
291,0.00018352055314032082,candidate,1,2,439453124.8501439,443218759.7960122,0.00017421816854002915,7.0203247177729455,-0.8297178323585097,8.4375,False,refined,0.498808656856465,rank_1,0.2773565524152849,76.12020860681636,75.93014090931703,73.0,2.930140909317032,NULL,0,73.0,NULL,False
291,0.00018352055314032082,candidate,2,3,3291015623.877744,3289511238.6866326,0.0001673719294230675,6.581999195294257,-1.1779342589054576,63.1875,False,refined,0.5863210118874526,NULL,3.0,76.33632101188745,75.93014090931703,73.0,2.930140909317032,NULL,0,73.0,NULL,False
291,0.00018352055314032082,candidate,3,4,4794921873.364903,4797117766.725794,0.00016574739345364892,6.587389987376957,-1.2626525627544982,92.0625,False,refined,0.5908072870656126,rank_3,0.06087246616732634,76.19785398660187,75.93014090931703,73.0,2.930140909317032,NULL,0,73.0,NULL,False
291,0.00018352055314032082,candidate,4,5,1005859374.656996,1002517846.934711,0.0001597185476699241,6.200373840364852,-1.5844796614117218,19.3125,False,refined,0.6689739027835048,NULL,3.0,76.4189739027835,75.93014090931703,73.0,2.930140909317032,NULL,0,73.0,NULL,False
291,0.00018352055314032082,NULL,5,0,nan,nan,nan,nan,nan,nan,False,NULL,0.25,NULL,0.0,73.0,75.93014090931703,73.0,2.930140909317032,NULL,0,73.0,NULL,True
292,0.00018352375314032192,candidate,0,1,2617187499.1075234,2619863923.2824674,0.00020514233530413104,8.405158058701252,0.17741212609907464,50.24999999999999,False,refined,0.2392262911948122,NULL,3.0,76.23922629119481,76.23922629119481,73.25,2.989226291194811,NULL,0,73.25,NULL,False
292,0.00018352375314032192,candidate,1,2,2031249999.3073318,2029167573.5323215,0.0002009947384647007,8.248204582705307,-0.17741212609907464,39.0,False,refined,0.27385757047539605,NULL,3.0,76.2738575704754,76.23922629119481,73.25,2.989226291194811,NULL,0,73.25,NULL,False
292,0.00018352375314032192,candidate,2,3,3037109373.964328,3033978076.593607,0.00017140098026972853,6.7453831664979,-1.5608398749186847,58.3125,False,refined,0.5857450172077328,NULL,3.0,76.58574501720773,76.23922629119481,73.25,2.989226291194811,NULL,0,73.25,NULL,False
292,0.00018352375314032192,candidate,3,4,976562499.6669865,980817534.6173583,0.0001680225534997288,6.5663123596874495,-1.7337542917282889,18.75,False,refined,0.6234127892799006,NULL,3.0,76.6234127892799,76.23922629119481,73.25,2.989226291194811,NULL,0,73.25,NULL,False
292,0.00018352375314032192,candidate,4,5,5126953123.251678,5131258609.707208,0.00015988570122447675,6.141309658445211,-2.164913382971374,98.4375,False,refined,0.7141106376689292,NULL,3.0,76.71411063766892,76.23922629119481,73.25,2.989226291194811,NULL,0,73.25,NULL,False
292,0.00018352375314032192,NULL,5,0,nan,nan,nan,nan,nan,nan,False,NULL,0.25,NULL,0.0,73.25,76.23922629119481,73.25,2.989226291194811,NULL,0,73.25,NULL,True
293,0.000183526953140323,candidate,0,1,2050781249.3006716,2052415511.6950831,0.00023549062473653148,8.95002228087388,0.40726366441657724,39.375,False,refined,0.1574966578689181,NULL,3.0,76.40749665786892,76.40749665786892,73.5,2.9074966578689185,NULL,0,73.5,NULL,False
293,0.000183526953140323,candidate,1,2,2626953124.1041937,2622106049.540293,0.00022470381123791518,8.49533268585649,-0.40726366441657724,50.4375,False,refined,0.2511540761475627,rank_1,0.0005027130156032157,76.49088308035797,76.40749665786892,73.5,2.9074966578689185,NULL,0,73.5,NULL,False
293,0.000183526953140323,candidate,2,3,1621093749.4471974,1618957184.1996088,0.00019415753794233264,7.08853759127452,-1.6763873130080587,31.125,False,refined,0.5414935683718257,NULL,3.0,76.79149356837182,76.40749665786892,73.5,2.9074966578689185,NULL,0,73.5,NULL,False
293,0.000183526953140323,candidate,3,4,3056640623.9576674,3053332895.300304,0.00018690838790134538,6.972376731877352,-2.0068966032107305,58.68749999999999,False,refined,0.5795745279190678,NULL,3.0,76.82957452791906,76.40749665786892,73.5,2.9074966578689185,NULL,0,73.5,NULL,False
293,0.000183526953140323,candidate,4,5,976562499.6669865,977559731.43748,0.00016961252396845052,6.0090181503980755,-2.8503140999346677,18.75,False,refined,0.7767919086862054,NULL,3.0,77.0267919086862,76.40749665786892,73.5,2.9074966578689185,NULL,0,73.5,NULL,False
293,0.000183526953140323,NULL,5,0,nan,nan,nan,nan,nan,nan,False,NULL,0.25,NULL,0.0,73.5,76.40749665786892,73.5,2.9074966578689185,NULL,0,73.5,NULL,True
294,0.0001835301531403241,candidate,0,1,1611328124.4505277,1614532352.3911462,0.00020147780908238403,7.026230199335348,0.14657088499220983,30.9375,False,refined,0.44606547009969777,NULL,3.0,76.9460654700997,76.9460654700997,73.75,3.196065470099697,NULL,0,73.75,NULL,False
294,0.0001835301531403241,candidate,1,2,2089843749.287351,2086051960.1114361,0.0001981064772333569,7.011488684357436,-0.14657088499220983,40.125,False,refined,0.45743737765839765,NULL,3.0,76.9574373776584,76.9460654700997,73.75,3.196065470099697,NULL,0,73.75,NULL,False
294,0.0001835301531403241,candidate,2,3,3115234373.937687,3111402572.8584228,0.00018347351916388763,6.299970498021059,-0.8130765689064834,59.81250000000001,False,refined,0.6058217108534963,NULL,3.0,77.10582171085349,76.9460654700997,73.75,3.196065470099697,NULL,0,73.75,NULL,False
294,0.0001835301531403241,candidate,3,4,2617187499.1075234,2615844733.2151556,0.00017153671683194758,5.741496188436086,-1.3974025210375007,50.24999999999999,False,refined,0.7261132292994309,rank_2,0.0039204082123434816,77.22091671786974,76.9460654700997,73.75,3.196065470099697,NULL,0,73.75,NULL,False
294,0.0001835301531403241,candidate,4,5,5693359373.058531,5689770997.964279,0.00016326387948549916,5.277806793531568,-1.8267421514782178,109.3125,False,refined,0.8225003654376535,NULL,3.0,77.32250036543765,76.9460654700997,73.75,3.196065470099697,NULL,0,73.75,NULL,False
294,0.0001835301531403241,NULL,5,0,nan,nan,nan,nan,nan,nan,False,NULL,0.25,NULL,0.0,73.75,76.9460654700997,73.75,3.196065470099697,NULL,0,73.75,NULL,True
295,0.0001835333531403252,candidate,0,1,3330078123.8644238,3334519011.2076197,0.0001888590946719358,7.139538203370792,0.869621465469157,63.9375,False,refined,0.4290692694943812,NULL,3.0,77.17906926949438,77.17906926949438,74.0,3.179069269494377,NULL,0,74.0,NULL,False
295,0.0001835333531403252,candidate,1,2,2480468749.1541457,2477500396.4648867,0.00017086646329586447,6.205292198112691,-0.869621465469157,47.625,False,refined,0.6235575118749187,NULL,3.0,77.37355751187492,77.17906926949438,74.0,3.179069269494377,NULL,0,74.0,NULL,False
295,0.0001835333531403252,candidate,2,3,3134765623.9310265,3138812143.4158735,0.00016593039631045297,6.01529914285182,-1.1242390605189723,60.1875,False,refined,0.6679700698546628,NULL,3.0,77.41797006985466,77.17906926949438,74.0,3.179069269494377,NULL,0,74.0,NULL,False
295,0.0001835333531403252,candidate,3,4,2871093749.0209403,2875278736.0966225,0.00016104552907614023,5.676644414687271,-1.3837846198330706,55.125,False,refined,0.7349898765364763,NULL,3.0,77.48498987653647,77.17906926949438,74.0,3.179069269494377,NULL,0,74.0,NULL,False
295,0.0001835333531403252,candidate,4,5,1621093749.4471974,1617543895.86117,0.0001589283977776667,5.57618569602548,-1.498727967556368,31.125,False,refined,0.7572426435684511,NULL,3.0,77.50724264356845,77.17906926949438,74.0,3.179069269494377,NULL,0,74.0,NULL,False
295,0.0001835333531403252,NULL,5,0,nan,nan,nan,nan,nan,nan,False,NULL,0.25,NULL,0.0,74.0,77.17906926949438,74.0,3.179069269494377,NULL,0,74.0,NULL,True
296,0.00018353655314032628,candidate,0,1,3339843748.8610935,3344391080.457712,0.0002039387353180987,9.41662180834589,0.20424143667618466,64.125,False,refined,0.08750672874811638,NULL,3.0,77.08750672874811,77.08750672874811,74.25,2.83750672874811,NULL,0,74.25,NULL,False
296,0.00018353655314032628,candidate,1,2,449218749.84681374,453829200.87286705,0.00019919922753343117,9.212380371669706,-0.20424143667618466,8.625,False,refined,0.13090803404180562,NULL,3.0,77.13090803404181,77.08750672874811,74.25,2.83750672874811,NULL,0,74.25,NULL,False
296,0.00018353655314032628,candidate,2,3,3183593748.914376,3183531557.4633026,0.00017844078977191988,8.256510107391053,-1.1601117009548378,61.125,False,refined,0.3340304652010194,NULL,3.0,77.33403046520102,77.08750672874811,74.25,2.83750672874811,NULL,0,74.25,NULL,False
296,0.00018353655314032628,candidate,3,4,4990234373.298301,4991212271.073866,0.00017605438193203914,8.202486116650958,-1.2770576562654323,95.8125,False,refined,0.34944318601894586,NULL,3.0,77.34944318601895,77.08750672874811,74.25,2.83750672874811,NULL,0,74.25,NULL,False
296,0.00018353655314032628,candidate,4,5,58593749.98001918,nan,0.00016759313051684587,7.638700805994105,-1.7048701690179513,1.125,True,boundary_peak,2.179499264664506,NULL,3.0,79.1794992646645,77.08750672874811,74.25,2.83750672874811,NULL,0,74.25,NULL,False
296,0.00018353655314032628,NULL,5,0,nan,nan,nan,nan,nan,nan,False,NULL,0.25,NULL,0.0,74.25,77.08750672874811,74.25,2.83750672874811,NULL,0,74.25,NULL,True
297,0.00018353975314032737,candidate,0,1,449218749.84681374,452225558.5899173,0.00023723054091112977,11.193147478258352,1.5861932183058247,8.625,False,refined,0.0,rank_2,0.00025716685716642716,77.13116520089898,77.13116520089898,74.5,2.6311652008989768,NULL,0,74.5,NULL,False
297,0.00018353975314032737,candidate,1,2,4999999998.2949705,5002908239.687191,0.00019763367124416538,9.579492608059805,-1.5861932183058247,96.0,False,refined,0.16221318493514325,NULL,3.0,77.41221318493514,77.13116520089898,74.5,2.6311652008989768,NULL,0,74.5,NULL,False
297,0.00018353975314032737,candidate,2,3,3359374998.8544335,3360605271.468613,0.00019366846613005722,9.439049571021307,-1.7622337234065366,64.5,False,refined,0.19428217205971243,rank_1,0.026289999013798197,77.30807889982162,77.13116520089898,74.5,2.6311652008989768,NULL,0,74.5,NULL,False
297,0.00018353975314032737,candidate,3,4,58593749.98001918,nan,0.0001511907341447451,7.174267174959441,-3.9129084644810597,1.125,True,boundary_peak,2.38716670278615,NULL,3.0,79.63716670278615,77.13116520089898,74.5,2.6311652008989768,NULL,0,74.5,NULL,False
297,0.00018353975314032737,candidate,4,5,3027343748.967658,3032114235.7801223,0.000150618838348105,7.171330218540692,-3.9458261064128752,58.125,False,refined,0.6709145988697008,NULL,3.0,77.9209145988697,77.13116520089898,74.5,2.6311652008989768,NULL,0,74.5,NULL,False
297,0.00018353975314032737,NULL,5,0,nan,nan,nan,nan,nan,nan,False,NULL,0.25,NULL,0.0,74.5,77.13116520089898,74.5,2.6311652008989768,NULL,0,74.5,NULL,True
298,0.00018354295314032846,candidate,0,1,429687499.853474,431767468.3608504,0.0002462519054219767,10.83329271034958,2.0915623389354376,8.25,False,refined,0.0,rank_1,0.04185334558206429,77.17301854648105,77.17301854648105,74.75,2.423018546481046,NULL,0,74.75,NULL,False
298,0.00018354295314032846,candidate,1,2,3378906248.847773,3377718776.4917245,0.00019355370218583217,8.60496477273621,-2.0915623389354376,64.875,False,refined,0.33997793027303336,rank_3,0.02928720541760572,77.67734403551226,77.17301854648105,74.75,2.423018546481046,NULL,0,74.75,NULL,False
298,0.00018354295314032846,candidate,2,3,3017578123.9709883,3021215835.66387,0.00017844519802547802,8.04304982698591,-2.7974946814171364,57.93750000000001,False,refined,0.4683859435406844,NULL,3.0,77.96838594354068,77.17301854648105,74.75,2.423018546481046,NULL,0,74.75,NULL,False
298,0.00018354295314032846,candidate,3,4,3681640623.744539,3679571125.158314,0.000159872775057138,7.037185767869287,-3.752101723007133,70.6875,False,refined,0.6789284925075527,NULL,3.0,78.17892849250755,77.17301854648105,74.75,2.423018546481046,NULL,0,74.75,NULL,False
298,0.00018354295314032846,candidate,4,5,5009765623.29164,5005791622.98808,0.00015475890508243832,6.757402131426957,-4.034479023784874,96.1875,False,refined,0.738544619272511,rank_2,0.0008313899259845633,78.15158919413363,77.17301854648105,74.75,2.423018546481046,NULL,0,74.75,NULL,False
298,0.00018354295314032846,NULL,5,0,nan,nan,nan,nan,nan,nan,False,NULL,0.25,NULL,0.0,74.75,77.17301854648105,74.75,2.423018546481046,NULL,0,74.75,NULL,True
299,0.00018354615314032955,candidate,0,1,410156249.8601343,407581070.8029595,0.00023903232181965957,8.89942456827919,1.258910112044358,7.875,False,refined,0.1650863147581214,rank_1,0.058498182682835055,77.39660304392201,77.39660304392201,75.0,2.3966030439220134,NULL,0,75.0,NULL,False
299,0.00018354615314032955,candidate,1,2,3886718748.674606,3881891350.3147106,0.00020678123478997846,7.640514456234833,-1.258910112044358,74.625,False,refined,0.4326047135675475,NULL,3.0,78.18260471356754,77.39660304392201,75.0,2.3966030439220134,NULL,0,75.0,NULL,False
299,0.00018354615314032955,candidate,2,3,3017578123.9709883,3015930251.245954,0.00019339192547266338,7.030269926987618,-1.8403658516144006,57.93750000000001,False,refined,0.5604823766777574,NULL,3.0,78.31048237667775,77.39660304392201,75.0,2.3966030439220134,NULL,0,75.0,NULL,False
299,0.00018354615314032955,candidate,3,4,2578124999.1208444,2577771353.572883,0.00016988573597588483,5.904641498328402,-2.965994280273616,49.5,False,refined,0.7996784177678407,NULL,3.0,78.54967841776784,77.39660304392201,75.0,2.3966030439220134,NULL,0,75.0,NULL,False
299,0.00018354615314032955,candidate,4,5,3398437498.8411126,3399685285.6651564,0.0001673519674005924,5.848256659752522,-3.0965161532594188,65.25,False,refined,0.8162937606158354,rank_2,0.04825275252664666,78.54189054865475,77.39660304392201,75.0,2.3966030439220134,NULL,0,75.0,NULL,False
299,0.00018354615314032955,NULL,5,0,nan,nan,nan,nan,nan,nan,False,NULL,0.25,NULL,0.0,75.0,77.39660304392201,75.0,2.3966030439220134,NULL,0,75.0,NULL,True
300,0.00018354935314033064,candidate,0,1,3867187498.6812663,3869781923.061638,0.00024194216739119372,9.241889598890483,2.3213338839815645,74.25,False,refined,0.11371656016642762,NULL,3.0,78.11371656016642,78.11371656016642,75.25,2.8637165601664236,NULL,0,75.25,NULL,False
300,0.00018354935314033064,candidate,1,2,3457031248.821132,3459639763.1133437,0.0001852016589932212,6.730316873720099,-2.3213338839815645,66.375,False,refined,0.6355358366908329,NULL,3.0,78.63553583669083,78.11371656016642,75.25,2.8637165601664236,NULL,0,75.25,NULL,False
300,0.00018354935314033064,candidate,2,3,58593749.98001918,nan,0.0001816295825059935,6.469832754514533,-2.4904996439385307,1.125,True,boundary_peak,2.403931314568978,NULL,3.0,80.40393131456898,78.11371656016642,75.25,2.8637165601664236,NULL,0,75.25,NULL,False
300,0.00018354935314033064,candidate,3,4,966796874.6703166,966322283.6860076,0.0001775047333314173,6.396369290523349,-2.6900325690558713,18.5625,False,refined,0.7086716419874896,NULL,3.0,78.7086716419875,78.11371656016642,75.25,2.8637165601664236,NULL,0,75.25,NULL,False
300,0.00018354935314033064,candidate,4,5,1298828124.557092,1303440030.2746007,0.00017280348932376775,6.130923417353431,-2.9231811835023436,24.9375,False,refined,0.7630603113658818,NULL,3.0,78.76306031136588,78.11371656016642,75.25,2.8637165601664236,NULL,0,75.25,NULL,False
300,0.00018354935314033064,NULL,5,0,nan,nan,nan,nan,nan,nan,False,NULL,0.25,NULL,0.0,75.25,78.11371656016642,75.25,2.8637165601664236,NULL,0,75.25,NULL,True
301,0.00018355255314033174,candidate,0,1,3847656248.6879263,3844441661.368507,0.00020981376189645531,9.069932293700544,0.5850272581478588,73.875,False,refined,0.13951015594491833,rank_1,0.06421288626763609,78.31743960237898,78.31743960237898,75.5,2.8174396023789825,NULL,0,75.5,NULL,False
301,0.00018355255314033174,candidate,1,2,3466796873.817802,3462017610.61831,0.0001961474234468221,8.397148130144938,-0.5850272581478588,66.5625,False,refined,0.2769919841125005,NULL,3.0,78.5269919841125,78.31743960237898,75.5,2.8174396023789825,NULL,0,75.5,NULL,False
301,0.00018355255314033174,candidate,2,3,5898437497.988598,5899452002.686038,0.00019066901652908507,8.266657509667201,-0.8310768824574222,113.25,False,refined,0.3119436787035087,NULL,3.0,78.56194367870351,78.31743960237898,75.5,2.8174396023789825,NULL,0,75.5,NULL,False
301,0.00018355255314033174,candidate,3,4,2216796874.244059,2219665504.8953476,0.0001863270333741399,8.098759755677749,-1.0311620250246634,42.5625,False,refined,0.3496336632123791,NULL,3.0,78.59963366321237,78.31743960237898,75.5,2.8174396023789825,NULL,0,75.5,NULL,False
301,0.00018355255314033174,candidate,4,5,4697265623.398205,4700254050.613701,0.00017591976071514706,7.4583294323385285,-1.5303868995305692,90.1875,False,refined,0.4768997663698813,NULL,3.0,78.72689976636988,78.31743960237898,75.5,2.8174396023789825,NULL,0,75.5,NULL,False
301,0.00018355255314033174,NULL,5,0,nan,nan,nan,nan,nan,nan,False,NULL,0.25,NULL,0.0,75.5,78.31743960237898,75.5,2.8174396023789825,NULL,0,75.5,NULL,True
302,0.00018355575314033283,candidate,0,1,2236328124.237399,2233585572.9449024,0.0002312891430783526,10.668662444315657,1.1717013936006815,42.9375,False,refined,0.0,NULL,3.0,78.5,78.5,75.75,2.75,NULL,0,75.75,NULL,False
302,0.00018355575314033283,candidate,1,2,58593749.98001918,nan,0.00020210179807299232,9.292597812203613,-1.1717013936006815,1.125,True,boundary_peak,1.8980916652695006,NULL,3.0,80.3980916652695,78.5,75.75,2.75,NULL,0,75.75,NULL,False
302,0.00018355575314033283,candidate,2,3,1230468749.5804029,1228826980.4262018,0.00019776540225152533,9.215856729953362,-1.360098602254638,23.625,False,refined,0.20262765314791054,NULL,3.0,78.70262765314791,78.5,75.75,2.75,NULL,0,75.75,NULL,False
302,0.00018355575314033283,candidate,3,4,3457031248.821132,3455638863.9910393,0.0001959969862491479,9.091721884656767,-1.438117072030085,66.375,False,refined,0.22612403430336525,NULL,3.0,78.72612403430337,78.5,75.75,2.75,NULL,0,75.75,NULL,False
302,0.00018355575314033283,candidate,4,5,3837890623.6912565,3836024190.468056,0.00018866525485875796,8.727792714188078,-1.7692664095477983,73.6875,False,refined,0.30141024346852563,rank_1,0.007085381635993442,78.6259352274835,78.5,75.75,2.75,NULL,0,75.75,NULL,False
302,0.00018355575314033283,NULL,5,0,nan,nan,nan,nan,nan,nan,False,NULL,0.25,NULL,0.0,75.75,78.5,75.75,2.75,NULL,0,75.75,NULL,True
303,0.00018355895314033392,candidate,0,1,1220703124.583733,1218759986.9158773,0.00020858992860157182,8.236511091549339,0.19865366673409213,23.4375,False,refined,0.26452333626759916,rank_3,0.010134435833691514,78.9772854252492,78.85257489210213,76.0,2.852574892102126,NULL,0,76.0,NULL,False
303,0.00018355895314033392,candidate,1,2,58593749.98001918,nan,0.00020387344055844804,7.901223560101531,-0.19865366673409213,1.125,True,boundary_peak,2.045982320155651,NULL,3.0,80.79598232015564,78.85257489210213,76.0,2.852574892102126,NULL,0,76.0,NULL,False
303,0.00018355895314033392,candidate,2,3,2246093749.234069,2242774834.953424,0.00019882692305941524,7.8792802751358515,-0.416362875942049,43.125,False,refined,0.34413063847600034,rank_1,0.008444253626125763,78.85257489210213,78.85257489210213,76.0,2.852574892102126,NULL,0,76.0,NULL,False
303,0.00018355895314033392,candidate,3,4,849609374.7102782,849647804.6191074,0.00018946810292605975,7.376526203015015,-0.8351445748172459,16.3125,False,refined,0.44571760547382566,NULL,3.0,79.19571760547383,78.85257489210213,76.0,2.852574892102126,NULL,0,76.0,NULL,False
303,0.00018355895314033392,candidate,4,5,1972656249.3273125,1975306599.8806465,0.00018930351175659659,7.39381779466358,-0.8426932968857592,37.875,False,refined,0.443595661855823,NULL,3.0,79.19359566185582,78.85257489210213,76.0,2.852574892102126,NULL,0,76.0,NULL,False
303,0.00018355895314033392,NULL,5,0,nan,nan,nan,nan,nan,nan,False,NULL,0.25,NULL,0.0,76.0,78.85257489210213,76.0,2.852574892102126,NULL,0,76.0,NULL,True
304,0.000183562153140335,candidate,0,1,839843749.7136084,843579402.0284935,0.00023911187867665536,8.590915309344442,0.8253110817164799,16.125,False,refined,0.21136270359833365,NULL,3.0,79.21136270359834,79.21136270359834,76.25,2.96136270359834,NULL,0,76.25,NULL,False
304,0.000183562153140335,candidate,1,2,1982421874.3239825,1977874337.2587087,0.00021743807651779896,8.038942055721678,-0.8253110817164799,38.0625,False,refined,0.34574063424902823,NULL,3.0,79.34574063424903,79.21136270359834,76.25,2.96136270359834,NULL,0,76.25,NULL,False
304,0.000183562153140335,candidate,2,3,1230468749.5804029,1231155575.4351594,0.00017005928996838472,5.568643534779092,-2.960015803890812,23.625,False,refined,0.849704457526312,rank_1,0.015365061473935827,79.84235494424945,79.21136270359834,76.25,2.96136270359834,NULL,0,76.25,NULL,False
304,0.000183562153140335,candidate,3,4,3798828123.704577,3801123557.683125,0.00016863517990910447,5.687969622436837,-3.0330594275983547,72.9375,False,refined,0.8363707708593716,NULL,3.0,79.83637077085938,79.21136270359834,76.25,2.96136270359834,NULL,0,76.25,NULL,False
304,0.000183562153140335,candidate,4,5,1728515624.410566,1728579691.7381163,0.00016429159917460398,5.516711514543715,-3.259715894434425,33.1875,False,refined,0.8762255162205943,NULL,3.0,79.8762255162206,79.21136270359834,76.25,2.96136270359834,NULL,0,76.25,NULL,False
304,0.000183562153140335,NULL,5,0,nan,nan,nan,nan,nan,nan,False,NULL,0.25,NULL,0.0,76.25,79.21136270359834,76.25,2.96136270359834,NULL,0,76.25,NULL,True
305,0.0001835653531403361,candidate,0,1,839843749.7136084,839718751.0754279,0.00025927209785386716,10.140893296140288,1.3502832433925072,16.125,False,refined,0.0,rank_1,0.0014904625781406585,79.21285316617649,79.21285316617649,76.5,2.7128531661764868,NULL,0,76.5,NULL,False
305,0.0001835653531403361,candidate,1,2,2001953124.3173223,1998781141.007022,0.00022194308557566515,8.606675774197967,-1.3502832433925072,38.4375,False,refined,0.2933913365823366,NULL,3.0,79.54339133658233,79.21285316617649,76.5,2.7128531661764868,NULL,0,76.5,NULL,False
305,0.0001835653531403361,candidate,2,3,693359374.7635604,697972320.7326136,0.0001796356178669379,6.926296910641154,-3.187266592375968,13.3125,False,refined,0.6602596254273249,NULL,3.0,79.91025962542733,79.21285316617649,76.5,2.7128531661764868,NULL,0,76.5,NULL,False
305,0.0001835653531403361,candidate,3,4,4794921873.364903,4797397655.722155,0.00017798743187773459,6.64907157993107,-3.2673288980654913,92.0625,False,refined,0.7068473191394328,NULL,3.0,79.95684731913943,79.21285316617649,76.5,2.7128531661764868,NULL,0,76.5,NULL,False
305,0.0001835653531403361,candidate,4,5,3925781248.6612854,3921250550.989548,0.0001691730074588319,6.405069268958599,-3.7084942340585236,75.375,False,refined,0.7710204992848679,NULL,3.0,80.02102049928487,79.21285316617649,76.5,2.7128531661764868,NULL,0,76.5,NULL,False
305,0.0001835653531403361,NULL,5,0,nan,nan,nan,nan,nan,nan,False,NULL,0.25,NULL,0.0,76.5,79.21285316617649,76.5,2.7128531661764868,NULL,0,76.5,NULL,True
306,0.0001835685531403372,candidate,0,1,839843749.7136084,842453972.2366228,0.00023986008787118426,9.460195015300119,0.32347353705139525,16.125,False,refined,0.08097074770498214,rank_1,0.0007481434800648489,79.29457205736153,79.29457205736153,76.75,2.5445720573615347,NULL,0,76.75,NULL,False
306,0.0001835685531403372,candidate,1,2,4794921873.364903,4790749247.90002,0.00023109168093040004,9.083901641730137,-0.32347353705139525,92.0625,False,refined,0.15763184980619172,NULL,3.0,79.6576318498062,79.29457205736153,76.75,2.5445720573615347,NULL,0,76.75,NULL,False
306,0.0001835685531403372,candidate,2,3,5966796872.965287,5969674297.132798,0.00020044854059573242,7.821108043113103,-1.559101796247866,114.5625,False,refined,0.42427765579852617,NULL,3.0,79.92427765579852,79.29457205736153,76.75,2.5445720573615347,NULL,0,76.75,NULL,False
306,0.0001835685531403372,candidate,3,4,2001953124.3173223,2000708994.477981,0.00017541452472947248,6.610319362042176,-2.7178487467290147,38.4375,False,refined,0.678317642364237,NULL,3.0,80.17831764236423,79.29457205736153,76.75,2.5445720573615347,NULL,0,76.75,NULL,False
306,0.0001835685531403372,candidate,4,5,58593749.98001918,nan,0.0001753489025816778,6.467327519953967,-2.7210987248956453,1.125,True,boundary_peak,2.418719542312883,NULL,3.0,81.91871954231289,79.29457205736153,76.75,2.5445720573615347,NULL,0,76.75,NULL,False
306,0.0001835685531403372,NULL,5,0,nan,nan,nan,nan,nan,nan,False,NULL,0.25,NULL,0.0,76.75,79.29457205736153,76.75,2.5445720573615347,NULL,0,76.75,NULL,True
307,0.00018357175314033828,candidate,0,1,4804687498.361573,4806020361.365759,0.00022412662911424098,10.19957396132293,0.7550171958384055,92.25,False,refined,0.0,rank_2,0.023320690648348266,79.68095254045454,79.67008450446104,77.0,2.6700845044610446,NULL,0,77.0,NULL,False
307,0.00018357175314033828,candidate,1,2,2216796874.244059,2213945621.1374507,0.00020546724585575232,9.4639432488764,-0.7550171958384055,42.5625,False,refined,0.12759708740844022,NULL,3.0,79.87759708740845,79.67008450446104,77.0,2.6700845044610446,NULL,0,77.0,NULL,False
307,0.00018357175314033828,candidate,2,3,5966796872.965287,5962482282.060725,0.0001995847756782523,9.132408924573445,-1.0073209821052753,114.5625,False,refined,0.19309622269556292,NULL,3.0,79.94309622269556,79.67008450446104,77.0,2.6700845044610446,NULL,0,77.0,NULL,False
307,0.00018357175314033828,candidate,3,4,322265624.89010555,317490902.814458,0.00018478486916430513,8.517360411873725,-1.6765410513809087,6.1875,False,refined,0.3271797539302481,NULL,3.0,80.07717975393025,79.67008450446104,77.0,2.6700845044610446,NULL,0,77.0,NULL,False
307,0.00018357175314033828,candidate,4,5,849609374.7102782,846359879.9052846,0.00018088960518416672,8.282419833234629,-1.8615969698095736,16.3125,False,refined,0.373986835627904,rank_1,0.0015256114716111315,79.67008450446104,79.67008450446104,77.0,2.6700845044610446,NULL,0,77.0,NULL,False
307,0.00018357175314033828,NULL,5,0,nan,nan,nan,nan,nan,nan,False,NULL,0.25,NULL,0.0,77.0,79.67008450446104,77.0,2.6700845044610446,NULL,0,77.0,NULL,True
308,0.00018357495314033937,candidate,0,1,2207031249.2473893,2207584254.584671,0.0002500084620260516,11.04067579669847,1.307791033491208,42.375,False,refined,0.0,rank_2,0.004046698441882397,79.88164378585033,79.88164378585033,77.25,2.631643785850329,NULL,0,77.25,NULL,False
308,0.00018357495314033937,candidate,1,2,322265624.89010555,321489676.7885665,0.00021506273117349664,9.833040156508899,-1.307791033491208,6.1875,False,refined,0.10678091611686569,NULL,3.0,80.10678091611686,79.88164378585033,77.25,2.631643785850329,NULL,0,77.25,NULL,False
308,0.00018357495314033937,candidate,2,3,2978515623.9843087,2981343453.508061,0.00021362882981960807,9.739271502243305,-1.3658969375615548,57.1875,False,refined,0.1244778332611014,NULL,3.0,80.1244778332611,79.88164378585033,77.25,2.631643785850329,NULL,0,77.25,NULL,False
308,0.00018357495314033937,candidate,3,4,1816406249.3805947,1820302036.0383542,0.0002111289533078045,9.572537520356006,-1.4681382763424633,34.875,False,refined,0.15587801421800307,NULL,3.0,80.155878014218,79.88164378585033,77.25,2.631643785850329,NULL,0,77.25,NULL,False
308,0.00018357495314033937,candidate,4,5,458984374.8434836,462129135.119276,0.00019146357168694077,8.737935056836594,-2.3173710440307893,8.8125,False,refined,0.3341454317264352,NULL,3.0,80.33414543172644,79.88164378585033,77.25,2.631643785850329,NULL,0,77.25,NULL,False
308,0.00018357495314033937,NULL,5,0,nan,nan,nan,nan,nan,nan,False,NULL,0.25,NULL,0.0,77.25,79.88164378585033,77.25,2.631643785850329,NULL,0,77.25,NULL,True
309,0.00018357815314034047,candidate,0,1,2207031249.2473893,2202566702.7305226,0.00022538486807266314,9.448732425147455,0.7723192457522909,42.375,False,refined,0.0826901362278818,rank_1,0.002517582660906793,79.96685150473911,79.96685150473911,77.5,2.466851504739111,NULL,0,77.5,NULL,False
309,0.00018357815314034047,candidate,1,2,2958984373.9909687,2957897295.3521147,0.0002062095586209999,8.775035589874323,-0.7723192457522909,56.81249999999999,False,refined,0.2320146143783698,rank_3,0.054972233227364505,80.41146468086683,79.96685150473911,77.5,2.466851504739111,NULL,0,77.5,NULL,False
309,0.00018357815314034047,candidate,2,3,1826171874.3772647,1824432095.6737351,0.00019772558212698328,8.311494582660321,-1.1372378424871332,35.0625,False,refined,0.3243531777563976,rank_4,0.00170573925918033,80.48193693123358,79.96685150473911,77.5,2.466851504739111,NULL,0,77.5,NULL,False
309,0.00018357815314034047,candidate,3,4,361328124.876785,360054459.0506704,0.00019035287237823204,8.08004842851953,-1.467306407107083,6.9375,False,refined,0.3796993861662631,NULL,3.0,80.62969938616627,79.96685150473911,77.5,2.466851504739111,NULL,0,77.5,NULL,False
309,0.00018357815314034047,candidate,4,5,58593749.98001918,nan,0.00018914363698331954,7.801648961626562,-1.5226603852088516,1.125,True,boundary_peak,2.143668929831569,NULL,3.0,82.39366892983156,79.96685150473911,77.5,2.466851504739111,NULL,0,77.5,NULL,False
309,0.00018357815314034047,NULL,5,0,nan,nan,nan,nan,nan,nan,False,NULL,0.25,NULL,0.0,77.5,79.96685150473911,77.5,2.466851504739111,NULL,0,77.5,NULL,True
310,0.00018358135314034156,candidate,0,1,5966796872.965287,5964550060.689417,0.0001946598954397103,7.635547749870106,0.38074915872949866,114.5625,False,refined,0.35466783751948405,NULL,3.0,80.85466783751949,80.85466783751949,77.75,3.104667837519486,NULL,0,77.75,NULL,False
310,0.00018358135314034156,candidate,1,2,58593749.98001918,nan,0.00018631122778130804,7.195801611006383,-0.38074915872949866,1.125,True,boundary_peak,2.1631765807696364,NULL,3.0,82.66317658076963,80.85466783751949,77.75,3.104667837519486,NULL,0,77.75,NULL,False
310,0.00018358135314034156,candidate,2,3,5488281248.128464,5484845162.828261,0.00018265207041922633,7.188170298327741,-0.5530377263853126,105.375,False,refined,0.45633931314992093,NULL,3.0,80.95633931314993,80.85466783751949,77.75,3.104667837519486,NULL,0,77.75,NULL,False
310,0.00018358135314034156,candidate,3,4,3769531248.7145677,3765083214.020605,0.0001779861967759382,6.881842980618869,-0.7778032529166179,72.375,False,refined,0.5163362562144583,NULL,3.0,81.01633625621446,80.85466783751949,77.75,3.104667837519486,NULL,0,77.75,NULL,False
310,0.00018358135314034156,candidate,4,5,2929687499.0009594,2932094732.48605,0.0001756072457262286,6.877329911344079,-0.8946810881462053,56.25,False,refined,0.524318081307526,rank_2,0.06657722504572132,81.00235998722007,80.85466783751949,77.75,3.104667837519486,NULL,0,77.75,NULL,False
310,0.00018358135314034156,NULL,5,0,nan,nan,nan,nan,nan,nan,False,NULL,0.25,NULL,0.0,77.75,80.85466783751949,77.75,3.104667837519486,NULL,0,77.75,NULL,True
311,0.00018358455314034265,candidate,0,1,5976562497.961957,5978812336.90131,0.0002103640114640589,8.807265293520894,0.10581450004539583,114.75,False,refined,0.1789102059718659,NULL,3.0,80.92891020597186,80.92891020597186,78.0,2.92891020597186,NULL,0,78.0,NULL,False
311,0.00018358455314034265,candidate,1,2,2021484374.3106618,2023427994.579822,0.00020781683141602957,8.732086376974895,-0.10581450004539583,38.8125,False,refined,0.19680044970660304,NULL,3.0,80.9468004497066,80.92891020597186,78.0,2.92891020597186,NULL,0,78.0,NULL,False
311,0.00018358455314034265,candidate,2,3,3769531248.7145677,3767417195.0999627,0.00020423584552209365,8.752635099374144,-0.25678952390627785,72.375,False,refined,0.20315408033802074,NULL,3.0,80.95315408033802,80.92891020597186,78.0,2.92891020597186,NULL,0,78.0,NULL,False
311,0.00018358455314034265,candidate,3,4,3144531248.927696,3146981492.3169785,0.00019694601784634404,8.364282973194177,-0.5724847968160596,60.375,False,refined,0.28113785382187717,NULL,3.0,81.03113785382187,80.92891020597186,78.0,2.92891020597186,NULL,0,78.0,NULL,False
311,0.00018358455314034265,candidate,4,5,3417968748.8344526,3419269705.3303213,0.00018429277490716574,7.860161932013057,-1.1492626912673654,65.625,False,refined,0.39280462840225183,NULL,3.0,81.14280462840225,80.92891020597186,78.0,2.92891020597186,NULL,0,78.0,NULL,False
311,0.00018358455314034265,NULL,5,0,nan,nan,nan,nan,nan,nan,False,NULL,0.25,NULL,0.0,78.0,80.92891020597186,78.0,2.92891020597186,NULL,0,78.0,NULL,True
312,0.00018358775314034374,candidate,0,1,3408203123.837783,3408390822.523586,0.00022107147786252053,8.453525373457769,0.250002226219852,65.4375,False,refined,0.2319711939813347,NULL,3.0,81.23197119398134,81.23197119398134,78.25,2.9819711939813374,NULL,0,78.25,NULL,False
312,0.00018358775314034374,candidate,1,2,2031249999.3073318,2034084637.0075424,0.0002147991721339982,8.1390849101963,-0.250002226219852,39.0,False,refined,0.29476240260929587,rank_2,0.01135640278322886,81.25291925509913,81.23197119398134,78.25,2.9819711939813374,NULL,0,78.25,NULL,False
312,0.00018358775314034374,candidate,2,3,3144531248.927696,3139680482.8094416,0.00020068061757888507,7.633666889279889,-0.8405457129026761,60.375,False,refined,0.40748407366443395,NULL,3.0,81.40748407366443,81.23197119398134,78.25,2.9819711939813374,NULL,0,78.25,NULL,False
312,0.00018358775314034374,candidate,3,4,2968749998.987639,2972677834.1777864,0.00019196810264817546,7.248139761601067,-1.226072840581498,57.00000000000001,False,refined,0.4894085882961836,NULL,3.0,81.48940858829619,81.23197119398134,78.25,2.9819711939813374,NULL,0,78.25,NULL,False
312,0.00018358775314034374,candidate,4,5,3779296873.7112374,3777903695.3054743,0.00018813321020634996,7.072867634605737,-1.4013449675768275,72.5625,False,refined,0.5266539152826911,rank_3,0.01099666865601942,81.49080466427674,81.23197119398134,78.25,2.9819711939813374,NULL,0,78.25,NULL,False
312,0.00018358775314034374,NULL,5,0,nan,nan,nan,nan,nan,nan,False,NULL,0.25,NULL,0.0,78.25,81.23197119398134,78.25,2.9819711939813374,NULL,0,78.25,NULL,True
313,0.00018359095314034483,candidate,0,1,2050781249.3006716,2053666789.640675,0.00019700771941867035,7.919302530235948,0.16780348313169213,39.375,False,refined,0.31210462046460785,NULL,3.0,81.56210462046461,81.56210462046461,78.5,3.062104620464609,NULL,0,78.5,NULL,False
313,0.00018359095314034483,candidate,1,2,1806640624.383925,1808747655.352603,0.00019323823827950155,7.698091960896347,-0.16780348313169213,34.6875,False,refined,0.3557739235612787,NULL,3.0,81.60577392356127,81.56210462046461,78.5,3.062104620464609,NULL,0,78.5,NULL,False
313,0.00018359095314034483,candidate,2,3,3027343748.967658,3025893644.6021576,0.00019041636175786653,7.8113907089546775,-0.2955796133028521,58.125,False,refined,0.34676511948822664,NULL,3.0,81.59676511948823,81.56210462046461,78.5,3.062104620464609,NULL,0,78.5,NULL,False
313,0.00018359095314034483,candidate,3,4,3359374998.8544335,3355577865.5899534,0.0001894379739024161,7.766646253352816,-0.3403240689047138,64.5,False,refined,0.35627331630362225,NULL,3.0,81.60627331630363,81.56210462046461,78.5,3.062104620464609,NULL,0,78.5,NULL,False
313,0.00018359095314034483,candidate,4,5,859374999.706948,861059247.0640917,0.00017928310207685052,7.075816276085494,-0.8188777110416812,16.5,False,refined,0.489807415527281,NULL,3.0,81.73980741552728,81.56210462046461,78.5,3.062104620464609,NULL,0,78.5,NULL,False
313,0.00018359095314034483,NULL,5,0,nan,nan,nan,nan,nan,nan,False,NULL,0.25,NULL,0.0,78.5,81.56210462046461,78.5,3.062104620464609,NULL,0,78.5,NULL,True
314,0.00018359415314034592,candidate,0,1,3300781248.874414,3302004548.2367654,0.0002008165761172637,8.626369769329134,0.20203769105238578,63.375,False,refined,0.20604453460062988,NULL,3.0,81.70604453460064,81.70604453460064,78.75,2.956044534600636,NULL,0,78.75,NULL,False
314,0.00018359415314034592,candidate,1,2,869140624.7036179,866487628.9818488,0.00019619939940956506,8.40309565711733,-0.20203769105238578,16.6875,False,refined,0.25216300712317463,NULL,3.0,81.75216300712317,81.70604453460064,78.75,2.956044534600636,NULL,0,78.75,NULL,False
314,0.00018359415314034592,candidate,2,3,976562499.6669865,979894657.6482918,0.00018856949846389554,8.058571104431307,-0.5465622437384088,18.75,False,refined,0.3253744745689545,NULL,3.0,81.82537447456896,81.70604453460064,78.75,2.956044534600636,NULL,0,78.75,NULL,False
314,0.00018359415314034592,candidate,3,4,2080078124.2906811,2082865379.8115623,0.00017988990417618097,7.5347105642412515,-0.955855354364239,39.9375,False,refined,0.4295343750115772,NULL,3.0,81.92953437501157,81.70604453460064,78.75,2.956044534600636,NULL,0,78.75,NULL,False
314,0.00018359415314034592,candidate,4,5,1816406249.3805947,1818427083.6791077,0.0001792932441462314,7.471783976833173,-0.9847126543949614,34.875,False,refined,0.44077694437470916,NULL,3.0,81.9407769443747,81.70604453460064,78.75,2.956044534600636,NULL,0,78.75,NULL,False
314,0.00018359415314034592,NULL,5,0,nan,nan,nan,nan,nan,nan,False,NULL,0.25,NULL,0.0,78.75,81.70604453460064,78.75,2.956044534600636,NULL,0,78.75,NULL,True
315,0.000183597353140347,candidate,0,1,888671874.6969577,888567190.53442,0.00022351412530062734,8.855107460216365,0.9430559124457805,17.0625,False,refined,0.17173388096754527,NULL,3.0,81.92173388096755,81.92173388096755,79.0,2.921733880967551,NULL,0,79.0,NULL,False
315,0.000183597353140347,candidate,1,2,58593749.98001918,nan,0.00020051745257372979,7.6622289406636135,-0.9430559124457805,1.125,True,boundary_peak,2.128356653428319,NULL,3.0,83.87835665342831,81.92173388096755,79.0,2.921733880967551,NULL,0,79.0,NULL,False
315,0.000183597353140347,candidate,2,3,1835937499.3739345,1834445082.566514,0.0001999227179233233,7.796350766671392,-0.9688565374392244,35.25,False,refined,0.3911009185892428,NULL,3.0,82.14110091858925,81.92173388096755,79.0,2.921733880967551,NULL,0,79.0,NULL,False
315,0.000183597353140347,candidate,3,4,5097656248.261669,5098459498.298824,0.0001808021025513801,6.9231773517259665,-1.8420299523846495,97.875,False,refined,0.5766502692651456,NULL,3.0,82.32665026926514,81.92173388096755,79.0,2.921733880967551,NULL,0,79.0,NULL,False
315,0.000183597353140347,candidate,4,5,4599609373.431506,4599052888.176629,0.0001773857822586763,6.760506392640417,-2.0077233336539457,88.3125,False,refined,0.611406749457309,NULL,3.0,82.3614067494573,81.92173388096755,79.0,2.921733880967551,NULL,0,79.0,NULL,False
315,0.000183597353140347,NULL,5,0,nan,nan,nan,nan,nan,nan,False,NULL,0.25,NULL,0.0,79.0,81.92173388096755,79.0,2.921733880967551,NULL,0,79.0,NULL,True
316,0.0001836005531403481,candidate,0,1,1835937499.3739345,1839462397.8810549,0.00022990598180118915,9.244796853514412,0.6403258482576568,35.25,False,refined,0.11328047197283819,NULL,3.0,82.11328047197284,82.11328047197284,79.25,2.8632804719728426,NULL,0,79.25,NULL,False
316,0.0001836005531403481,candidate,1,2,58593749.98001918,nan,0.00021356691717087397,8.40758625580385,-0.6403258482576568,1.125,True,boundary_peak,1.9976324271455261,NULL,3.0,83.99763242714553,82.11328047197284,79.25,2.8632804719728426,NULL,0,79.25,NULL,False
316,0.0001836005531403481,candidate,2,3,2695312499.0808825,2696876878.361434,0.00021070126496494055,8.316898797070724,-0.7576625629809364,51.75,False,refined,0.2998190906256999,NULL,3.0,82.2998190906257,82.11328047197284,79.25,2.8632804719728426,NULL,0,79.25,NULL,False
316,0.0001836005531403481,candidate,3,4,888671874.6969577,892989275.3234816,0.0002009142833581315,8.184484263870928,-1.170789169410149,17.0625,False,refined,0.3455016835074951,rank_1,0.0019554833881649503,82.2691910478632,82.11328047197284,79.25,2.8632804719728426,NULL,0,79.25,NULL,False
316,0.0001836005531403481,candidate,4,5,4951171873.311622,4950481131.021148,0.0001819618529170356,7.197278561697029,-2.031398409859708,95.06250000000001,False,refined,0.5473706163616774,NULL,3.0,82.54737061636168,82.11328047197284,79.25,2.8632804719728426,NULL,0,79.25,NULL,False
316,0.0001836005531403481,NULL,5,0,nan,nan,nan,nan,nan,nan,False,NULL,0.25,NULL,0.0,79.25,82.11328047197284,79.25,2.8632804719728426,NULL,0,79.25,NULL,True
317,0.0001836037531403492,candidate,0,1,1992187499.3206522,1992443761.4689527,0.0002491584337587701,9.872386627211291,0.7455852980701394,38.25,False,refined,0.019142005918306282,NULL,3.0,82.26914200591831,82.26914200591831,79.5,2.7691420059183116,NULL,0,79.5,NULL,False
317,0.0001836037531403492,candidate,1,2,2714843749.074222,2713443511.946423,0.00022866322653463373,9.12420084433954,-0.7455852980701394,52.12499999999999,False,refined,0.17796895447845262,NULL,3.0,82.42796895447846,82.26914200591831,79.5,2.7691420059183116,NULL,0,79.5,NULL,False
317,0.0001836037531403492,candidate,2,3,1835937499.3739345,1838392889.8715389,0.0002063906036252456,8.275972202472897,-1.6357134192640999,35.25,False,refined,0.36083625833307176,rank_1,0.0001143847382418878,82.47423111504415,82.26914200591831,79.5,2.7691420059183116,NULL,0,79.5,NULL,False
317,0.0001836037531403492,candidate,3,4,2919921874.0042896,2919134059.72972,0.00018171033509546808,6.99334282368528,-2.7419192581322083,56.0625,False,refined,0.622368530080471,NULL,3.0,82.87236853008046,82.26914200591831,79.5,2.7691420059183116,NULL,0,79.5,NULL,False
317,0.0001836037531403492,candidate,4,5,58593749.98001918,nan,0.00017373466273960472,6.465106909186185,-3.131782333088582,1.125,True,boundary_peak,2.4447203594401086,NULL,3.0,84.69472035944011,82.26914200591831,79.5,2.7691420059183116,NULL,0,79.5,NULL,False
317,0.0001836037531403492,NULL,5,0,nan,nan,nan,nan,nan,nan,False,NULL,0.25,NULL,0.0,79.5,82.26914200591831,79.5,2.7691420059183116,NULL,0,79.5,NULL,True
318,0.0001836069531403503,candidate,0,1,2001953124.3173223,2001133084.5460389,0.0002654085964236103,10.041545003499843,0.41052317787106496,38.4375,False,refined,0.0,rank_1,0.007550433553798296,82.27669243947211,82.27669243947211,79.75,2.5266924394721144,NULL,0,79.75,NULL,False
318,0.0001836069531403503,candidate,1,2,2744140624.064232,2741841834.1485605,0.00025315635057930293,9.644068900285578,-0.41052317787106496,52.6875,False,refined,0.0790473635741048,NULL,3.0,82.5790473635741,82.27669243947211,79.75,2.5266924394721144,NULL,0,79.75,NULL,False
318,0.0001836069531403503,candidate,2,3,3046874998.9609976,3049482824.0648932,0.00018224264435352892,6.776245466154958,-3.2652995373448856,58.5,False,refined,0.6876444011608117,NULL,3.0,83.18764440116081,82.27669243947211,79.75,2.5266924394721144,NULL,0,79.75,NULL,False
318,0.0001836069531403503,candidate,3,4,3291015623.877744,3291021245.538386,0.00017124090382018416,6.078424219007061,-3.806149477792191,63.1875,False,refined,0.8261207095109527,NULL,3.0,83.32612070951096,82.27669243947211,79.75,2.5266924394721144,NULL,0,79.75,NULL,False
318,0.0001836069531403503,candidate,4,5,1083984374.630355,1087252584.2085278,0.00016668423089371133,6.001135607396879,-4.040409396102964,20.8125,False,refined,0.8523552461469034,NULL,3.0,83.3523552461469,82.27669243947211,79.75,2.5266924394721144,NULL,0,79.75,NULL,False
318,0.0001836069531403503,NULL,5,0,nan,nan,nan,nan,nan,nan,False,NULL,0.25,NULL,0.0,79.75,82.27669243947211,79.75,2.5266924394721144,NULL,0,79.75,NULL,True
319,0.00018361015314035138,candidate,0,1,2744140624.064232,2745451870.649459,0.0002494352537946187,9.46922488430034,0.14192984202263226,52.6875,False,refined,0.07961626735494898,rank_2,0.0013032363537818486,82.65996686728283,82.40027349862889,80.0,2.4002734986288914,NULL,0,80.0,NULL,False
319,0.00018361015314035138,candidate,1,2,1992187499.3206522,1993806047.4581416,0.0002453925322196065,9.2710540214558,-0.14192984202263226,38.25,False,refined,0.11821251190804449,rank_1,0.0053685472487422555,82.40027349862889,82.40027349862889,80.0,2.4002734986288914,NULL,0,80.0,NULL,False
319,0.00018361015314035138,candidate,2,3,1093749999.627025,1096907368.1194053,0.00020710255451902653,7.788332885139635,-1.6154475698903692,21.0,False,refined,0.43271554034720283,NULL,3.0,83.1827155403472,82.40027349862889,80.0,2.4002734986288914,NULL,0,80.0,NULL,False
319,0.00018361015314035138,candidate,3,4,3027343748.967658,3025146070.272951,0.00020469916942724128,7.696148788500388,-1.7168350749780448,58.125,False,refined,0.45287987391106965,NULL,3.0,83.20287987391107,82.40027349862889,80.0,2.4002734986288914,NULL,0,80.0,NULL,False
319,0.00018361015314035138,candidate,4,5,1728515624.410566,1729481987.0401194,0.000200245671094014,7.561330925054159,-1.9078939592461808,33.1875,False,refined,0.4850437336947624,NULL,3.0,83.23504373369477,82.40027349862889,80.0,2.4002734986288914,NULL,0,80.0,NULL,False
319,0.00018361015314035138,NULL,5,0,nan,nan,nan,nan,nan,nan,False,NULL,0.25,NULL,0.0,80.0,82.40027349862889,80.0,2.4002734986288914,NULL,0,80.0,NULL,True
320,0.00018361335314035247,candidate,0,1,1787109374.3905852,1787033733.275247,0.0002463308981649093,7.8295629354325325,0.9212426180308864,34.3125,False,refined,0.32556555968512013,NULL,3.0,83.32556555968512,82.95998601287098,80.25,2.709986012870985,NULL,0,80.25,NULL,False
320,0.00018361335314035247,candidate,1,2,1982421874.3239825,1978671537.4348035,0.0002215423506656493,6.805136591663237,-0.9212426180308864,38.0625,False,refined,0.5368071748774449,rank_2,0.02290533936465208,82.95998601287098,82.95998601287098,80.25,2.709986012870985,NULL,0,80.25,NULL,False
320,0.00018361335314035247,candidate,2,3,2744140624.064232,2748455190.5605097,0.00021747495897284758,6.644186554095199,-1.0821926555989236,52.6875,False,refined,0.5710090578606528,rank_1,0.0009019930488114163,83.2318779181923,82.95998601287098,80.25,2.709986012870985,NULL,0,80.25,NULL,False
320,0.00018361335314035247,candidate,3,4,908203124.6902974,911279198.153283,0.00021642040550434757,6.63511564659383,-1.1244136785935233,17.4375,False,refined,0.5750085079230207,NULL,3.0,83.57500850792302,82.95998601287098,80.25,2.709986012870985,NULL,0,80.25,NULL,False
320,0.00018361335314035247,candidate,4,5,1093749999.627025,1093484862.4654107,0.0002088296198615857,6.2457305983428135,-1.434535848842451,21.0,False,refined,0.6527989008012312,NULL,3.0,83.65279890080123,82.95998601287098,80.25,2.709986012870985,NULL,0,80.25,NULL,False
320,0.00018361335314035247,NULL,5,0,nan,nan,nan,nan,nan,nan,False,NULL,0.25,NULL,0.0,80.25,82.95998601287098,80.25,2.709986012870985,NULL,0,80.25,NULL,True
321,0.00018361655314035356,candidate,0,1,4999999998.2949705,4998654283.580538,0.0002446473845718257,8.057229232244927,0.21921438395831494,96.0,False,refined,0.291415615163261,NULL,3.0,83.54141561516326,83.54141561516326,80.5,3.0414156151632596,NULL,0,80.5,NULL,False
321,0.00018361655314035356,candidate,1,2,1806640624.383925,1804262184.9311657,0.00023855024012290325,7.8196398872226425,-0.21921438395831494,34.6875,False,refined,0.3407549159139983,NULL,3.0,83.590754915914,83.54141561516326,80.5,3.0414156151632596,NULL,0,80.5,NULL,False
321,0.00018361655314035356,candidate,2,3,3613281248.76785,3616838519.7440352,0.0002335556732185883,7.63585114709139,-0.40300312408956707,69.375,False,refined,0.3798100231918894,NULL,3.0,83.6298100231919,83.54141561516326,80.5,3.0414156151632596,NULL,0,80.5,NULL,False
321,0.00018361655314035356,candidate,3,4,2363281249.194107,2358909141.014648,0.00023177294598547134,7.413356671743898,-0.4695567256571298,45.375,False,refined,0.4173437945919859,NULL,3.0,83.66734379459199,83.54141561516326,80.5,3.0414156151632596,NULL,0,80.5,NULL,False
321,0.00018361655314035356,candidate,4,5,2763671874.0575714,2763559434.8112364,0.00022463710277447233,7.22534650922567,-0.741181760340508,53.06249999999999,False,refined,0.4625218836374313,NULL,3.0,83.71252188363744,83.54141561516326,80.5,3.0414156151632596,NULL,0,80.5,NULL,False
321,0.00018361655314035356,NULL,5,0,nan,nan,nan,nan,nan,nan,False,NULL,0.25,NULL,0.0,80.5,83.54141561516326,80.5,3.0414156151632596,NULL,0,80.5,NULL,True
322,0.00018361975314035465,candidate,0,1,2792968749.047581,2790067651.2592416,0.0003024733941962228,9.654429978084496,0.4479278563093203,53.625,False,refined,0.05183550328732567,NULL,3.0,83.55183550328732,83.55183550328732,80.75,2.8018355032873217,NULL,0,80.75,NULL,False
322,0.00018361975314035465,candidate,1,2,4990234373.298301,4992161597.58126,0.00028727033904547356,9.206502121775175,-0.4479278563093203,95.8125,False,refined,0.14702017275305623,NULL,3.0,83.64702017275306,83.55183550328732,80.75,2.8018355032873217,NULL,0,80.75,NULL,False
322,0.00018361975314035465,candidate,2,3,2333984374.2040977,2333448491.710717,0.0002812443023437969,9.068165158689219,-0.6320689365497234,44.8125,False,refined,0.1792795347309749,NULL,3.0,83.67927953473098,83.55183550328732,80.75,2.8018355032873217,NULL,0,80.75,NULL,False
322,0.00018361975314035465,candidate,3,4,1357421874.537111,1356959750.5033846,0.0002599766802186311,8.339374256869956,-1.3150557212145397,26.062499999999996,False,refined,0.33128484404541536,NULL,3.0,83.83128484404541,83.55183550328732,80.75,2.8018355032873217,NULL,0,80.75,NULL,False
322,0.00018361975314035465,candidate,4,5,1533203124.4771688,1531086892.5541697,0.0002401427076803197,7.588117913036578,-2.0043555330187424,29.437500000000004,False,refined,0.48705453385818465,NULL,3.0,83.98705453385818,83.55183550328732,80.75,2.8018355032873217,NULL,0,80.75,NULL,False
322,0.00018361975314035465,NULL,5,0,nan,nan,nan,nan,nan,nan,False,NULL,0.25,NULL,0.0,80.75,83.55183550328732,80.75,2.8018355032873217,NULL,0,80.75,NULL,True
323,0.00018362295314035574,candidate,0,1,2812499999.0409207,2814314217.8266525,0.00033375114830167955,11.421236891576738,1.6759479309971592,53.99999999999999,False,refined,0.0,rank_1,0.05878959903078902,83.61062510231811,83.61062510231811,81.0,2.61062510231811,NULL,0,81.0,NULL,False
323,0.00018362295314035574,candidate,1,2,2294921874.217418,2296936611.28843,0.0002751853895041888,9.77400802268825,-1.6759479309971592,44.0625,False,refined,0.138645542284085,NULL,3.0,83.88864554228408,83.61062510231811,81.0,2.61062510231811,NULL,0,81.0,NULL,False
323,0.00018362295314035574,candidate,2,3,1523437499.4804988,1521340021.1092896,0.00024557081952444686,8.635622703908545,-2.66492018074282,29.25,False,refined,0.37121410571014446,NULL,3.0,84.12121410571014,83.61062510231811,81.0,2.61062510231811,NULL,0,81.0,NULL,False
323,0.00018362295314035574,candidate,3,4,4970703123.304961,4973819954.912346,0.0002324395314102634,8.255211717302826,-3.142255547199113,95.4375,False,refined,0.45810921410452066,rank_2,0.03364158557941208,84.138770972437,83.61062510231811,81.0,2.61062510231811,NULL,0,81.0,NULL,False
323,0.00018362295314035574,candidate,4,5,1357421874.537111,1361065081.0736313,0.00022531116918711198,7.984666316845832,-3.412800947656107,26.062499999999996,False,refined,0.5156001117016319,NULL,3.0,84.26560011170163,83.61062510231811,81.0,2.61062510231811,NULL,0,81.0,NULL,False
323,0.00018362295314035574,NULL,5,0,nan,nan,nan,nan,nan,nan,False,NULL,0.25,NULL,0.0,81.0,83.61062510231811,81.0,2.61062510231811,NULL,0,81.0,NULL,True
324,0.00018362615314035683,candidate,0,1,2832031249.0342607,2835857006.182881,0.0002609967988184148,9.111374451306027,0.41197091266408137,54.375,False,refined,0.13329383230409597,rank_1,0.04640917301612478,83.79032810763833,83.79032810763833,81.25,2.540328107638331,NULL,0,81.25,NULL,False
324,0.00018362615314035683,candidate,1,2,2265624999.2274084,2265187863.432648,0.0002489067275338531,8.595379776450223,-0.41197091266408137,43.5,False,refined,0.23644121557397169,rank_2,0.10079829904100243,84.22588505689906,83.79032810763833,81.25,2.540328107638331,NULL,0,81.25,NULL,False
324,0.00018362615314035683,candidate,2,3,1503906249.487159,1506586998.3003392,0.00023782006966889985,8.253867665169441,-0.8077335730997426,28.874999999999996,False,refined,0.3124031985433178,NULL,3.0,84.31240319854332,83.79032810763833,81.25,2.540328107638331,NULL,0,81.25,NULL,False
324,0.00018362615314035683,candidate,3,4,1826171874.3772647,1824034932.3334353,0.00023507031132453983,8.180944783544835,-0.9087479631735462,35.0625,False,refined,0.32965503016662145,NULL,3.0,84.32965503016662,83.79032810763833,81.25,2.540328107638331,NULL,0,81.25,NULL,False
324,0.00018362615314035683,candidate,4,5,3017578123.9709883,3017629579.701236,0.00022363296196126645,7.758806581205615,-1.341987294054654,57.93750000000001,False,refined,0.4200532186975736,NULL,3.0,84.42005321869757,83.79032810763833,81.25,2.540328107638331,NULL,0,81.25,NULL,False
324,0.00018362615314035683,NULL,5,0,nan,nan,nan,nan,nan,nan,False,NULL,0.25,NULL,0.0,81.25,83.79032810763833,81.25,2.540328107638331,NULL,0,81.25,NULL,True
325,0.00018362935314035793,candidate,0,1,3017578123.9709883,3013933263.3381505,0.0002653158814474247,9.243429741322657,1.0019083132491247,57.93750000000001,False,refined,0.1134855388016014,NULL,3.0,84.3634855388016,84.3634855388016,81.5,2.863485538801598,NULL,0,81.5,NULL,False
325,0.00018362935314035793,candidate,1,2,58593749.98001918,nan,0.00023641108238682868,8.163249971815567,-1.0019083132491247,1.125,True,boundary_peak,2.0568817738057352,NULL,3.0,86.30688177380574,84.3634855388016,81.5,2.863485538801598,NULL,0,81.5,NULL,False
325,0.00018362935314035793,candidate,2,3,1484374999.4938195,1481384133.4373055,0.00022129971428440622,7.721347667291081,-1.5756478763601223,28.500000000000004,False,refined,0.4402758421788455,NULL,3.0,84.69027584217885,84.3634855388016,81.5,2.863485538801598,NULL,0,81.5,NULL,False
325,0.00018362935314035793,candidate,3,4,1845703124.3706043,1843958955.0088828,0.00021685918382268577,7.537049582080764,-1.7517085623835182,35.4375,False,refined,0.47892434783685534,NULL,3.0,84.72892434783685,84.3634855388016,81.5,2.863485538801598,NULL,0,81.5,NULL,False
325,0.00018362935314035793,candidate,4,5,3691406248.7412086,3691066105.7288113,0.00019383802805888318,6.574331674598293,-2.7264852804560658,70.875,False,refined,0.6842555788387602,NULL,3.0,84.93425557883876,84.3634855388016,81.5,2.863485538801598,NULL,0,81.5,NULL,False
325,0.00018362935314035793,NULL,5,0,nan,nan,nan,nan,nan,nan,False,NULL,0.25,NULL,0.0,81.5,84.3634855388016,81.5,2.863485538801598,NULL,0,81.5,NULL,True
326,0.00018363255314035902,candidate,0,1,3027343748.967658,3023906049.6401105,0.000272880549035114,8.809161789496658,1.3575688816981835,58.125,False,refined,0.17862573157550132,rank_1,0.009945646662456085,84.55205691703956,84.55205691703956,81.75,2.8020569170395646,NULL,0,81.75,NULL,False
326,0.00018363255314035902,candidate,1,2,58593749.98001918,nan,0.00023339639091058214,7.215866010962424,-1.3575688816981835,1.125,True,boundary_peak,2.221218153461773,NULL,3.0,86.72121815346178,84.55205691703956,81.75,2.8020569170395646,NULL,0,81.75,NULL,False
326,0.00018363255314035902,candidate,2,3,4775390623.371564,4777703051.879042,0.00021872289076825175,6.772395154744748,-1.9215668610211623,91.6875,False,refined,0.6042386556021104,NULL,3.0,85.10423865560212,84.55205691703956,81.75,2.8020569170395646,NULL,0,81.75,NULL,False
326,0.00018363255314035902,candidate,3,4,3710937498.7345486,3712386974.9670315,0.0002118157764530919,6.608876267062698,-2.20028552243396,71.25,False,refined,0.6461864050927179,NULL,3.0,85.14618640509272,84.55205691703956,81.75,2.8020569170395646,NULL,0,81.75,NULL,False
326,0.00018363255314035902,candidate,4,5,5556640623.105153,5558310614.304607,0.0001983306655580031,6.037507571267788,-2.7716542182288695,106.6875,False,refined,0.7676022529491361,NULL,3.0,85.26760225294913,84.55205691703956,81.75,2.8020569170395646,NULL,0,81.75,NULL,False
326,0.00018363255314035902,NULL,5,0,nan,nan,nan,nan,nan,nan,False,NULL,0.25,NULL,0.0,81.75,84.55205691703956,81.75,2.8020569170395646,NULL,0,81.75,NULL,True
327,0.0001836357531403601,candidate,0,1,3056640623.9576674,3058678590.5831995,0.00028995588293743703,10.400193779560478,1.044649275644156,58.68749999999999,False,refined,0.0,rank_1,0.12091296036388015,84.67296987740345,84.67296987740345,82.0,2.672969877403446,NULL,0,82.0,NULL,False
327,0.0001836357531403601,candidate,1,2,4804687498.361573,4805406881.219352,0.0002570984514550774,9.331788822256515,-1.044649275644156,92.25,False,refined,0.16552225638928253,NULL,3.0,84.91552225638928,84.67296987740345,82.0,2.672969877403446,NULL,0,82.0,NULL,False
327,0.0001836357531403601,candidate,2,3,4238281248.554721,4239450637.230571,0.0002109614100443366,7.464285938321069,-2.7625781006688754,81.375,False,refined,0.5530182405436443,NULL,3.0,85.30301824054365,84.67296987740345,82.0,2.672969877403446,NULL,0,82.0,NULL,False
327,0.0001836357531403601,candidate,3,4,1337890624.5437715,1333546578.1071875,0.0002052537845465765,7.172146158885129,-3.000815021151917,25.6875,False,refined,0.6117290149892255,NULL,3.0,85.36172901498922,84.67296987740345,82.0,2.672969877403446,NULL,0,82.0,NULL,False
327,0.0001836357531403601,candidate,4,5,3720703123.7312183,3715844227.754171,0.00019619837319826967,6.55886190594293,-3.3927304510535805,71.4375,False,refined,0.7282163672994093,NULL,3.0,85.47821636729941,84.67296987740345,82.0,2.672969877403446,NULL,0,82.0,NULL,False
327,0.0001836357531403601,NULL,5,0,nan,nan,nan,nan,nan,nan,False,NULL,0.25,NULL,0.0,82.0,84.67296987740345,82.0,2.672969877403446,NULL,0,82.0,NULL,True
328,0.0001836389531403612,candidate,0,1,4833984373.351583,4832276580.525661,0.0003024254174571795,9.810970036193059,0.24839201514156528,92.8125,False,refined,0.028354494571041222,rank_2,0.07219807408115,85.01607482504147,84.81812871384558,82.25,2.5681287138455815,NULL,0,82.25,NULL,False
328,0.0001836389531403612,candidate,1,2,3076171873.9510074,3078242583.6269298,0.00029389939228063736,9.390937645904813,-0.24839201514156528,59.0625,False,refined,0.10688385406062584,rank_1,0.0382749823815126,84.81812871384558,84.81812871384558,82.25,2.5681287138455815,NULL,0,82.25,NULL,False
328,0.0001836389531403612,candidate,2,3,810546874.7235987,813045401.2473229,0.0002563404401090992,8.269229971853314,-1.4360232637468862,15.5625,False,refined,0.34936695820618335,NULL,3.0,85.34936695820619,84.81812871384558,82.25,2.5681287138455815,NULL,0,82.25,NULL,False
328,0.0001836389531403612,candidate,3,4,4267578123.5447307,4266146072.3354917,0.00022955833360470418,7.267767831618128,-2.394504506433135,81.9375,False,refined,0.5594913569093517,NULL,3.0,85.55949135690935,84.81812871384558,82.25,2.5681287138455815,NULL,0,82.25,NULL,False
328,0.0001836389531403612,candidate,4,5,1337890624.5437715,1338486318.4406984,0.00022215531054112052,7.0260214465207405,-2.6792317890794592,25.6875,False,refined,0.6135487698393551,NULL,3.0,85.61354876983935,84.81812871384558,82.25,2.5681287138455815,NULL,0,82.25,NULL,False
328,0.0001836389531403612,NULL,5,0,nan,nan,nan,nan,nan,nan,False,NULL,0.25,NULL,0.0,82.25,84.81812871384558,82.25,2.5681287138455815,NULL,0,82.25,NULL,True
329,0.0001836421531403623,candidate,0,1,800781249.7269288,803983406.5451711,0.0003452468170053501,10.419444857773996,2.6429727928904256,15.374999999999998,False,refined,0.0,NULL,3.0,85.25,85.25,82.5,2.75,NULL,0,82.5,NULL,False
329,0.0001836421531403623,candidate,1,2,468749999.84015346,473108972.8339462,0.000254671908945546,7.704176691397482,-2.6429727928904256,9.0,False,refined,0.5095592958460293,NULL,3.0,85.75955929584603,85.25,82.5,2.75,NULL,0,82.5,NULL,False
329,0.0001836421531403623,candidate,2,3,4824218748.354913,4825596443.567098,0.00024830833271746353,7.471433468340161,-2.8627677894417403,92.625,False,refined,0.5582079665890847,rank_1,0.0044624229785170085,85.57874521460907,85.25,82.5,2.75,NULL,0,82.5,NULL,False
329,0.0001836421531403623,candidate,3,4,3281249998.8810744,3276888191.6863947,0.00023174828871369525,6.842921763200289,-3.46226294820954,63.0,False,refined,0.6899531697830529,NULL,3.0,85.93995316978305,85.25,82.5,2.75,NULL,0,82.5,NULL,False
329,0.0001836421531403623,candidate,4,5,2841796874.0309305,2839436553.415032,0.00022320555654102746,6.5729844665658455,-3.7884936290859628,54.5625,False,refined,0.7508331818329959,NULL,3.0,86.000833181833,85.25,82.5,2.75,NULL,0,82.5,NULL,False
329,0.0001836421531403623,NULL,5,0,nan,nan,nan,nan,nan,nan,False,NULL,0.25,NULL,0.0,82.5,85.25,82.5,2.75,NULL,0,82.5,NULL,True
330,0.00018364535314036338,candidate,0,1,810546874.7235987,815248571.0921206,0.00032090724910207165,9.453174846929153,0.9324757145591889,15.5625,False,refined,0.08202377296062702,rank_1,0.012690393226984807,85.34471416618761,85.34471416618761,82.75,2.5947141661876145,NULL,0,82.75,NULL,False
330,0.00018364535314036338,candidate,1,2,2861328124.02427,2862597322.052805,0.0002882409907790075,8.493742842517102,-0.9324757145591889,54.93749999999999,False,refined,0.28421830578238394,NULL,3.0,85.78421830578239,85.34471416618761,82.75,2.5947141661876145,NULL,0,82.75,NULL,False
330,0.00018364535314036338,candidate,2,3,4580078123.438167,4584648563.95308,0.0002676738728269649,7.760461817763105,-1.5754709023615199,87.9375,False,refined,0.4343976587331293,NULL,3.0,85.93439765873313,85.34471416618761,82.75,2.5947141661876145,NULL,0,82.75,NULL,False
330,0.00018364535314036338,candidate,3,4,449218749.84681374,451518749.3091566,0.0002630256620230835,7.580268653417068,-1.7276281056950626,8.625,False,refined,0.4709364585933812,NULL,3.0,85.97093645859339,85.34471416618761,82.75,2.5947141661876145,NULL,0,82.75,NULL,False
330,0.00018364535314036338,candidate,4,5,3281249998.8810744,3281632383.178699,0.0002525491113648281,7.233530824365273,-2.0806736588537156,63.0,False,refined,0.5450124800235663,NULL,3.0,86.04501248002357,85.34471416618761,82.75,2.5947141661876145,NULL,0,82.75,NULL,False
330,0.00018364535314036338,NULL,5,0,nan,nan,nan,nan,nan,nan,False,NULL,0.25,NULL,0.0,82.75,85.34471416618761,82.75,2.5947141661876145,NULL,0,82.75,NULL,True
331,0.00018364855314036447,candidate,0,1,4570312498.441497,4569155017.204336,0.0003431953480377162,9.988623248706192,1.1520105931516156,87.75,False,refined,0.0017065126940711828,NULL,3.0,85.75170651269407,85.75170651269407,83.0,2.7517065126940707,NULL,0,83.0,NULL,False
331,0.00018364855314036447,candidate,1,2,2900390624.0109496,2902697821.381924,0.00030056669975227326,8.813007633054104,-1.1520105931516156,55.6875,False,refined,0.25004951711386036,NULL,3.0,86.00004951711387,85.75170651269407,83.0,2.7517065126940707,NULL,0,83.0,NULL,False
331,0.00018364855314036447,candidate,2,3,3281249998.8810744,3282699273.243166,0.0002558569538040902,7.219532193933418,-2.5508833496972283,63.0,False,refined,0.5765003802660641,NULL,3.0,86.32650038026607,85.75170651269407,83.0,2.7517065126940707,NULL,0,83.0,NULL,False
331,0.00018364855314036447,candidate,3,4,2626953124.1041937,2625902688.5424485,0.00025292828854340014,7.314138484780903,-2.6508797414248164,50.4375,False,refined,0.5685592111219155,NULL,3.0,86.31855921112192,85.75170651269407,83.0,2.7517065126940707,NULL,0,83.0,NULL,False
331,0.00018364855314036447,candidate,4,5,2070312499.294011,2066308666.4845893,0.0002348769093410305,6.717084108358815,-3.2940213773389093,39.75,False,refined,0.6983137198298596,NULL,3.0,86.44831371982986,85.75170651269407,83.0,2.7517065126940707,NULL,0,83.0,NULL,False
331,0.00018364855314036447,NULL,5,0,nan,nan,nan,nan,nan,nan,False,NULL,0.25,NULL,0.0,83.0,85.75170651269407,83.0,2.7517065126940707,NULL,0,83.0,NULL,True
332,0.00018365175314036556,candidate,0,1,4550781248.448156,4554505681.075469,0.0003177246886638717,9.260357376153987,0.6509264983912288,87.37499999999999,False,refined,0.11094639357690195,rank_1,0.021460304901653234,85.88411321117262,85.88411321117262,83.25,2.634113211172618,NULL,0,83.25,NULL,False
332,0.00018365175314036556,candidate,1,2,2910156249.0076194,2913063167.988218,0.0002947844956874204,8.494148187381825,-0.6509264983912288,55.87499999999999,False,refined,0.2665606780421781,NULL,3.0,86.26656067804218,85.88411321117262,83.25,2.634113211172618,NULL,0,83.25,NULL,False
332,0.00018365175314036556,candidate,2,3,3271484373.8844047,3268426796.865848,0.00025938221642597556,7.389158851388213,-1.7622153164284793,62.8125,False,refined,0.501764629568548,NULL,3.0,86.50176462956854,85.88411321117262,83.25,2.634113211172618,NULL,0,83.25,NULL,False
332,0.00018365175314036556,candidate,3,4,2626953124.1041937,2622767608.210861,0.0002547268924496487,7.273712396225793,-1.9195233073664664,50.4375,False,refined,0.5289133472765352,NULL,3.0,86.52891334727653,85.88411321117262,83.25,2.634113211172618,NULL,0,83.25,NULL,False
332,0.00018365175314036556,candidate,4,5,3154296873.924366,3151079423.8079786,0.0002435410409828074,6.950781280713194,-2.309576095440793,60.56249999999999,False,refined,0.6017313138580704,NULL,3.0,86.60173131385807,85.88411321117262,83.25,2.634113211172618,NULL,0,83.25,NULL,False
332,0.00018365175314036556,NULL,5,0,nan,nan,nan,nan,nan,nan,False,NULL,0.25,NULL,0.0,83.25,85.88411321117262,83.25,2.634113211172618,NULL,0,83.25,NULL,True
333,0.00018365495314036666,candidate,0,1,3144531248.927696,3146448754.570428,0.0003309234874404613,9.748854834042087,2.565942866673536,60.375,False,refined,0.037671774893687004,NULL,3.0,86.28767177489368,86.28767177489368,83.5,2.7876717748936812,NULL,0,83.5,NULL,False
333,0.00018365495314036666,candidate,1,2,3623046873.7645197,3627750336.624545,0.0002462807396121141,7.159411272873912,-2.565942866673536,69.5625,False,refined,0.5864597382360092,NULL,3.0,86.83645973823602,86.28767177489368,83.5,2.7876717748936812,NULL,0,83.5,NULL,False
333,0.00018365495314036666,candidate,2,3,3994140623.6379743,3992102767.6114907,0.00024004737602639013,6.9465021782107605,-2.788612589329995,76.6875,False,refined,0.6323129601015106,NULL,3.0,86.88231296010152,86.28767177489368,83.5,2.7876717748936812,NULL,0,83.5,NULL,False
333,0.00018365495314036666,candidate,3,4,3271484373.8844047,3266627279.588952,0.00023528416773380522,6.698483575701015,-2.9626977600516913,62.8125,False,refined,0.6803960736480784,NULL,3.0,86.93039607364808,86.28767177489368,83.5,2.7876717748936812,NULL,0,83.5,NULL,False
333,0.00018365495314036666,candidate,4,5,2890624999.01428,2886404328.723509,0.00023254094471151832,6.660790939235408,-3.0645632003120404,55.5,False,refined,0.6924165591341913,NULL,3.0,86.94241655913419,86.28767177489368,83.5,2.7876717748936812,NULL,0,83.5,NULL,False
333,0.00018365495314036666,NULL,5,0,nan,nan,nan,nan,nan,nan,False,NULL,0.25,NULL,0.0,83.5,86.28767177489368,83.5,2.7876717748936812,NULL,0,83.5,NULL,True
334,0.00018365815314036775,candidate,0,1,3154296873.924366,3157979121.973424,0.0003250826301459012,10.535404757628122,0.41859537157618476,60.56249999999999,False,refined,0.0,rank_1,0.013294937244807417,86.30096671213849,86.30096671213849,83.75,2.5509667121384894,NULL,0,83.75,NULL,False
334,0.00018365815314036775,candidate,1,2,3994140623.6379743,3995210943.107676,0.0003097875758766352,10.011729659467239,-0.41859537157618476,76.6875,False,refined,0.026162210723511548,NULL,3.0,86.52616221072351,86.30096671213849,83.75,2.5509667121384894,NULL,0,83.75,NULL,False
334,0.00018365815314036775,candidate,2,3,2470703124.1574755,2469931351.1774316,0.0002491922911799924,8.309091967558908,-2.3091832328897777,47.43749999999999,False,refined,0.3979601569217749,NULL,3.0,86.89796015692177,86.30096671213849,83.75,2.5509667121384894,NULL,0,83.75,NULL,False
334,0.00018365815314036775,candidate,3,4,3603515623.77118,3598728043.5540047,0.00024636071534967126,8.048882362262049,-2.408446167485021,69.1875,False,refined,0.4431955311285065,NULL,3.0,86.94319553112851,86.30096671213849,83.75,2.5509667121384894,NULL,0,83.75,NULL,False
334,0.00018365815314036775,candidate,4,5,2841796874.0309305,2839128862.6808076,0.0002252083149710046,7.199129832946616,-3.1881868734721674,54.5625,False,refined,0.6193922046500181,NULL,3.0,87.11939220465001,86.30096671213849,83.75,2.5509667121384894,NULL,0,83.75,NULL,False
334,0.00018365815314036775,NULL,5,0,nan,nan,nan,nan,nan,nan,False,NULL,0.25,NULL,0.0,83.75,86.30096671213849,83.75,2.5509667121384894,NULL,0,83.75,NULL,True
335,0.00018366135314036884,candidate,0,1,4003906248.6346445,4005479007.0203204,0.000332264565935028,10.619532782046441,1.9309357678484051,76.875,False,refined,0.0,rank_2,0.010543313651414993,86.53670552437492,86.53670552437492,84.0,2.5367055243749235,NULL,0,84.0,NULL,False
335,0.00018366135314036884,candidate,1,2,2490234374.1508155,2494625416.032816,0.0002660340588007631,8.688597014198036,-1.9309357678484051,47.8125,False,refined,0.3173939333608199,NULL,3.0,87.06739393336082,86.53670552437492,84.0,2.5367055243749235,NULL,0,84.0,NULL,False
335,0.00018366135314036884,candidate,2,3,2822265624.037591,2817992263.0456944,0.00023070384611238804,7.371692203803635,-3.1685838799109423,54.1875,False,refined,0.5922826619238887,NULL,3.0,87.34228266192389,86.53670552437492,84.0,2.5367055243749235,NULL,0,84.0,NULL,False
335,0.00018366135314036884,candidate,3,4,3164062498.9210362,3168268599.1937346,0.0002090733238225504,6.589930795463674,-4.023708102717221,60.75000000000001,False,refined,0.7629921371002751,rank_1,0.010587334146729256,87.0745461833855,86.53670552437492,84.0,2.5367055243749235,NULL,0,84.0,NULL,False
335,0.00018366135314036884,candidate,4,5,3564453123.7845006,3562001047.4568496,0.00020606430118532017,6.469907418691143,-4.149625363355298,68.4375,False,refined,0.7888654724060347,NULL,3.0,87.53886547240603,86.53670552437492,84.0,2.5367055243749235,NULL,0,84.0,NULL,False
335,0.00018366135314036884,NULL,5,0,nan,nan,nan,nan,nan,nan,False,NULL,0.25,NULL,0.0,84.0,86.53670552437492,84.0,2.5367055243749235,NULL,0,84.0,NULL,True
336,0.00018366455314036993,candidate,0,1,4013671873.6313143,4015638502.4202504,0.00031407534886627113,9.88212679986459,1.9970161724068358,77.0625,False,refined,0.017680980020311488,rank_1,0.010321534678119883,86.56470803907337,86.56470803907337,84.25,2.3147080390733663,NULL,0,84.25,NULL,False
336,0.00018366455314036993,candidate,1,2,58593749.98001918,nan,0.00024956463461392,7.7827955803702675,-1.9970161724068358,1.125,True,boundary_peak,2.176144173719887,NULL,3.0,89.17614417371989,86.56470803907337,84.25,2.3147080390733663,NULL,0,84.25,NULL,False
336,0.00018366455314036993,candidate,2,3,1210937499.587063,1208074145.3742292,0.0002492566725337786,7.844899073660274,-2.0077411552507662,23.249999999999996,False,refined,0.44874896115413176,NULL,3.0,87.44874896115414,86.56470803907337,84.25,2.3147080390733663,NULL,0,84.25,NULL,False
336,0.00018366455314036993,candidate,3,4,2822265624.037591,2818719740.2050753,0.0002413910480805689,7.566024004271865,-2.286253809541803,54.1875,False,refined,0.5079872624555829,NULL,3.0,87.50798726245559,86.56470803907337,84.25,2.3147080390733663,NULL,0,84.25,NULL,False
336,0.00018366455314036993,candidate,4,5,3427734373.8311224,3432144197.220889,0.00022225486074240695,6.944051028659128,-3.003651660509261,65.8125,False,refined,0.6461205744829596,NULL,3.0,87.64612057448296,86.56470803907337,84.25,2.3147080390733663,NULL,0,84.25,NULL,False
336,0.00018366455314036993,NULL,5,0,nan,nan,nan,nan,nan,nan,False,NULL,0.25,NULL,0.0,84.25,86.56470803907337,84.25,2.3147080390733663,NULL,0,84.25,NULL,True
337,0.00018366775314037102,candidate,0,1,1201171874.5903933,1199023229.9620986,0.0002707785282155983,7.040671500056401,0.007756378691334831,23.0625,False,refined,0.4438992749915398,NULL,3.0,87.69389927499154,87.69389927499154,84.5,3.193899274991537,NULL,0,84.5,NULL,False
337,0.00018366775314037102,candidate,1,2,1816406249.3805947,1819958302.027718,0.00027053683468493905,7.021844311761969,-0.007756378691334831,34.875,False,refined,0.4472081269039131,NULL,3.0,87.69720812690392,87.69389927499154,84.5,3.193899274991537,NULL,0,84.5,NULL,False
337,0.00018366775314037102,candidate,2,3,58593749.98001918,nan,0.00025424194952681866,6.394516320064749,-0.5473402661788995,1.125,True,boundary_peak,2.293781318626469,NULL,3.0,89.54378131862647,87.69389927499154,84.5,3.193899274991537,NULL,0,84.5,NULL,False
337,0.00018366775314037102,candidate,3,4,4296874998.53474,4294399796.1079783,0.00024033721023678377,5.99293378537876,-1.035864153011321,82.5,False,refined,0.6658014417563936,NULL,3.0,87.9158014417564,87.69389927499154,84.5,3.193899274991537,NULL,0,84.5,NULL,False
337,0.00018366775314037102,candidate,4,5,5732421873.04521,5736194149.737237,0.00022574070216621454,5.410933315317443,-1.580087035421398,110.06249999999999,False,refined,0.7871154424162209,NULL,3.0,88.03711544241622,87.69389927499154,84.5,3.193899274991537,NULL,0,84.5,NULL,False
337,0.00018366775314037102,NULL,5,0,nan,nan,nan,nan,nan,nan,False,NULL,0.25,NULL,0.0,84.5,87.69389927499154,84.5,3.193899274991537,NULL,0,84.5,NULL,True
338,0.0001836709531403721,candidate,0,1,1669921874.4305468,1668463936.3648546,0.00026853115536800445,6.12131798594632,0.23528155057897848,32.0625,False,refined,0.5818023021080521,NULL,3.0,88.08180230210806,88.08180230210806,84.75,3.331802302108059,NULL,0,84.75,NULL,False
338,0.0001836709531403721,candidate,1,2,1845703124.3706043,1841850830.6358895,0.0002613548735428084,5.978655166486977,-0.23528155057897848,35.4375,False,refined,0.6179068219381396,NULL,3.0,88.11790682193813,88.08180230210806,84.75,3.331802302108059,NULL,0,84.75,NULL,False
338,0.0001836709531403721,candidate,2,3,947265624.6769768,944679220.6578522,0.00025040704956894564,5.606974131753519,-0.6069625853124361,18.1875,False,refined,0.6968890418189994,NULL,3.0,88.196889041819,88.08180230210806,84.75,3.331802302108059,NULL,0,84.75,NULL,False
338,0.0001836709531403721,candidate,3,4,4306640623.53141,4307111505.133179,0.000247119712247222,5.431640806139821,-0.7217458166997481,82.6875,False,refined,0.730362992622761,NULL,3.0,88.23036299262276,88.08180230210806,84.75,3.331802302108059,NULL,0,84.75,NULL,False
338,0.0001836709531403721,candidate,4,5,1162109374.6037138,1162935724.3740966,0.0002441892611572591,5.40198269312361,-0.8253623919655606,22.312499999999996,False,refined,0.741287745529306,NULL,3.0,88.2412877455293,88.08180230210806,84.75,3.331802302108059,NULL,0,84.75,NULL,False
338,0.0001836709531403721,NULL,5,0,nan,nan,nan,nan,nan,nan,False,NULL,0.25,NULL,0.0,84.75,88.08180230210806,84.75,3.331802302108059,NULL,0,84.75,NULL,True
339,0.0001836741531403732,candidate,0,1,1015624999.6536659,1017460898.6834004,0.00037225603708411525,10.262291577124598,1.4761177520151847,19.5,False,refined,0.0,NULL,3.0,87.75,87.75,85.0,2.75,NULL,0,85.0,NULL,False
339,0.0001836741531403732,candidate,1,2,1660156249.433877,1663882922.5307832,0.00031407680336072754,8.739009654018028,-1.4761177520151847,31.875,False,refined,0.2814059113982448,NULL,3.0,88.03140591139824,87.75,85.0,2.75,NULL,0,85.0,NULL,False
339,0.0001836741531403732,candidate,2,3,4853515623.344923,4854087680.6349125,0.0002793362706641133,7.582035585899636,-2.4942883793120085,93.18750000000001,False,refined,0.5185876858220552,NULL,3.0,88.26858768582206,87.75,85.0,2.75,NULL,0,85.0,NULL,False
339,0.0001836741531403732,candidate,3,4,4091796873.604673,4089021833.995057,0.00024923208532220476,6.709504983337036,-3.484755968848221,78.5625,False,refined,0.7113715005524585,NULL,3.0,88.46137150055246,87.75,85.0,2.75,NULL,0,85.0,NULL,False
339,0.0001836741531403732,candidate,4,5,1904296874.3506236,1909164005.595898,0.0002310876695334218,6.05296141547198,-4.1412995367132766,36.5625,False,refined,0.8508870087237828,NULL,3.0,88.60088700872379,87.75,85.0,2.75,NULL,0,85.0,NULL,False
339,0.0001836741531403732,NULL,5,0,nan,nan,nan,nan,nan,nan,False,NULL,0.25,NULL,0.0,85.0,87.75,85.0,2.75,NULL,0,85.0,NULL,True
340,0.0001836773531403743,candidate,0,1,1035156249.6470056,1037854386.1427178,0.0004656888910491966,13.280343512076236,3.768640747680685,19.875,False,refined,0.0,rank_1,0.0415894330753338,87.79158943307533,87.79158943307533,85.25,2.5415894330753304,NULL,0,85.25,NULL,False
340,0.0001836773531403743,candidate,1,2,400390624.8634644,402641824.7764874,0.00030176150748467435,9.374412251149522,-3.768640747680685,7.687499999999999,False,refined,0.3293782090576145,NULL,3.0,88.32937820905761,87.79158943307533,85.25,2.5415894330753304,NULL,0,85.25,NULL,False
340,0.0001836773531403743,candidate,2,3,4111328123.598013,4114720717.8318677,0.0002961426814399817,9.394935995281912,-3.931897472091155,78.9375,False,refined,0.33650319271341034,NULL,3.0,88.33650319271341,87.79158943307533,85.25,2.5415894330753304,NULL,0,85.25,NULL,False
340,0.0001836773531403743,candidate,3,4,1650390624.437207,1650103143.655764,0.00029107445191824295,9.124738174920628,-4.081835792843949,31.6875,False,refined,0.3864040108146526,NULL,3.0,88.38640401081466,87.79158943307533,85.25,2.5415894330753304,NULL,0,85.25,NULL,False
340,0.0001836773531403743,candidate,4,5,4853515623.344923,4856877922.243647,0.00027430419427003437,8.545784403915766,-4.597268594914441,93.18750000000001,False,refined,0.5054616265947877,NULL,3.0,88.5054616265948,87.79158943307533,85.25,2.5415894330753304,NULL,0,85.25,NULL,False
340,0.0001836773531403743,NULL,5,0,nan,nan,nan,nan,nan,nan,False,NULL,0.25,NULL,0.0,85.25,87.79158943307533,85.25,2.5415894330753304,NULL,0,85.25,NULL,True
341,0.00018368055314037538,candidate,0,1,1054687499.6403453,1056699702.035085,0.0003761511955329072,10.373734684194247,1.2645749606666623,20.25,False,refined,0.0,rank_1,0.03551459310831049,87.82710402618365,87.82710402618365,85.5,2.3271040261836475,NULL,0,85.5,NULL,False
341,0.00018368055314037538,candidate,1,2,390624999.8667946,388171136.7356673,0.0003251873915894219,8.939863744860093,-1.2645749606666623,7.5,False,refined,0.2380563733126525,NULL,3.0,88.48805637331266,87.82710402618365,85.5,2.3271040261836475,NULL,0,85.5,NULL,False
341,0.00018368055314037538,candidate,2,3,4580078123.438167,4576080509.085588,0.0002773417490932866,7.705913304170906,-2.6469439265307138,87.9375,False,refined,0.5095469997825337,NULL,3.0,88.75954699978253,87.82710402618365,85.5,2.3271040261836475,NULL,0,85.5,NULL,False
341,0.00018368055314037538,candidate,3,4,4111328123.598013,4107656238.8437967,0.0002643775222516683,7.2069082632940695,-3.0627583686528936,78.9375,False,refined,0.6103861585466954,NULL,3.0,88.86038615854669,87.82710402618365,85.5,2.3271040261836475,NULL,0,85.5,NULL,False
341,0.00018368055314037538,candidate,4,5,2832031249.0342607,2833458743.259167,0.00025930705482617037,7.1427724052986274,-3.2309622788956194,54.375,False,refined,0.6305192816361821,NULL,3.0,88.88051928163618,87.82710402618365,85.5,2.3271040261836475,NULL,0,85.5,NULL,False
341,0.00018368055314037538,NULL,5,0,nan,nan,nan,nan,nan,nan,False,NULL,0.25,NULL,0.0,85.5,87.82710402618365,85.5,2.3271040261836475,NULL,0,85.5,NULL,True
342,0.00018368375314037648,candidate,0,1,4589843748.434836,4587681964.545247,0.0003350372825066909,8.601602196278924,0.8249108220997048,88.125,False,refined,0.20975967055816147,NULL,3.0,88.70975967055816,88.41099718743358,85.75,2.66099718743358,NULL,0,85.75,NULL,False
342,0.00018368375314037648,candidate,1,2,371093749.87345487,374044005.68430614,0.00030468256026483514,7.808575994187654,-0.8249108220997048,7.125000000000001,False,refined,0.3802705272530834,NULL,3.0,88.88027052725309,88.41099718743358,85.75,2.66099718743358,NULL,0,85.75,NULL,False
342,0.00018368375314037648,candidate,2,3,1093749999.627025,1095744868.2576344,0.0002922677591985203,7.61799749168504,-1.1862445514885422,21.0,False,refined,0.43144066071527787,rank_1,0.15245250053465156,88.41099718743358,88.41099718743358,85.75,2.66099718743358,NULL,0,85.75,NULL,False
342,0.00018368375314037648,candidate,3,4,5253906248.208387,5257483388.872017,0.0002712056332102069,6.803992626797264,-1.8358886285327536,100.875,False,refined,0.5941441452637075,NULL,3.0,89.09414414526371,88.41099718743358,85.75,2.66099718743358,NULL,0,85.75,NULL,False
342,0.00018368375314037648,candidate,4,5,3945312498.654625,3940518434.6608686,0.00026941715805637483,6.813352160524593,-1.89335773537735,75.75,False,refined,0.5963320343823955,NULL,3.0,89.0963320343824,88.41099718743358,85.75,2.66099718743358,NULL,0,85.75,NULL,False
342,0.00018368375314037648,NULL,5,0,nan,nan,nan,nan,nan,nan,False,NULL,0.25,NULL,0.0,85.75,88.41099718743358,85.75,2.66099718743358,NULL,0,85.75,NULL,True
343,0.00018368695314037757,candidate,0,1,5244140623.211717,5244131789.196397,0.0003478582958703118,10.238820914322355,0.029990247805109504,100.68749999999999,False,refined,0.0,NULL,3.0,88.75,88.71355528434376,86.0,2.713555284343755,NULL,0,86.0,NULL,False
343,0.00018368695314037757,candidate,1,2,4580078123.438167,4583298788.416246,0.00034665929755768485,10.110370700333853,-0.029990247805109504,87.9375,False,refined,0.001874390487819344,rank_1,0.0019212232977841245,88.71355528434376,88.71355528434376,86.0,2.713555284343755,NULL,0,86.0,NULL,False
343,0.00018368695314037757,candidate,2,3,2060546874.2973413,2057494057.5335016,0.00028534269003578216,8.518108636994599,-1.7207122773277561,39.5625,False,refined,0.3298282217837949,NULL,3.0,89.0798282217838,88.71355528434376,86.0,2.713555284343755,NULL,0,86.0,NULL,False
343,0.00018368695314037757,candidate,3,4,3955078123.651295,3959480477.2853303,0.00028399604360058496,8.585358225007864,-1.7618015039673285,75.9375,False,refined,0.3223088602467784,NULL,3.0,89.07230886024678,88.71355528434376,86.0,2.713555284343755,NULL,0,86.0,NULL,False
343,0.00018368695314037757,candidate,4,5,361328124.876785,359070971.79475164,0.00024342691910086753,7.057006145257487,-3.1006752504324187,6.9375,False,refined,0.6352412813634031,NULL,3.0,89.3852412813634,88.71355528434376,86.0,2.713555284343755,NULL,0,86.0,NULL,False
343,0.00018368695314037757,NULL,5,0,nan,nan,nan,nan,nan,nan,False,NULL,0.25,NULL,0.0,86.0,88.71355528434376,86.0,2.713555284343755,NULL,0,86.0,NULL,True
344,0.00018369015314037866,candidate,0,1,5244140623.211717,5240426102.31281,0.0003491309478466242,9.758917966217266,0.047770624902332415,100.68749999999999,False,refined,0.03616230506741003,rank_1,0.0013732115279187866,88.78753551659533,88.7798830734571,86.25,2.5298830734571,NULL,0,86.25,NULL,False
344,0.00018369015314037866,candidate,1,2,4570312498.441497,4569616681.798753,0.0003472160692508297,9.702519193948662,-0.047770624902332415,87.75,False,refined,0.047607784964096456,rank_2,0.0187200041492463,88.7798830734571,88.7798830734571,86.25,2.5298830734571,NULL,0,86.25,NULL,False
344,0.00018369015314037866,candidate,2,3,703124999.7602302,698972966.4886332,0.00026409010635701594,7.3062123407410695,-2.424724319958109,13.499999999999998,False,refined,0.5556134188862214,NULL,3.0,89.55561341888622,88.7798830734571,86.25,2.5298830734571,NULL,0,86.25,NULL,False
344,0.00018369015314037866,candidate,3,4,2822265624.037591,2819629254.544559,0.00025586502574882633,6.972773119366096,-2.6995484269840997,54.1875,False,refined,0.6228058087815919,NULL,3.0,89.62280580878159,88.7798830734571,86.25,2.5298830734571,NULL,0,86.25,NULL,False
344,0.00018369015314037866,candidate,4,5,3984374998.6413045,3989049195.111584,0.00025076347983769555,6.84821624714246,-2.8744811915273605,76.5,False,refined,0.652422637399091,NULL,3.0,89.65242263739908,88.7798830734571,86.25,2.5298830734571,NULL,0,86.25,NULL,False
344,0.00018369015314037866,NULL,5,0,nan,nan,nan,nan,nan,nan,False,NULL,0.25,NULL,0.0,86.25,88.7798830734571,86.25,2.5298830734571,NULL,0,86.25,NULL,True
345,0.00018369335314037975,candidate,0,1,4580078123.438167,4578849455.258266,0.00031690845774375953,7.904569336998755,1.2130317292115311,87.9375,False,refined,0.3143145994501868,rank_2,0.008524410575469992,89.10272208348276,89.10272208348276,86.5,2.6027220834827602,NULL,0,86.5,NULL,False
345,0.00018369335314037975,candidate,1,2,2822265624.037591,2824245903.2328715,0.0002756019229642552,6.657666536305644,-1.2130317292115311,54.1875,False,refined,0.5771645026298741,NULL,3.0,89.82716450262987,89.10272208348276,86.5,2.6027220834827602,NULL,0,86.5,NULL,False
345,0.00018369335314037975,candidate,2,3,5273437498.201727,5271664124.699023,0.0002723652737157912,6.625602587557111,-1.3156419047423196,101.25,False,refined,0.5883872309128283,rank_1,0.09758140426015635,89.47350415176831,89.10272208348276,86.5,2.6027220834827602,NULL,0,86.5,NULL,False
345,0.00018369335314037975,candidate,3,4,5468749998.135124,5465685474.66903,0.0002696968585159908,6.528497421095754,-1.401158843778596,105.0,False,refined,0.6082978145717992,NULL,3.0,89.8582978145718,89.10272208348276,86.5,2.6027220834827602,NULL,0,86.5,NULL,False
345,0.00018369335314037975,candidate,4,5,498046874.83016306,498032971.26181114,0.0002638478106325146,6.386815640004713,-1.591606701991095,9.5625,False,refined,0.6414530728737365,NULL,3.0,89.89145307287373,89.10272208348276,86.5,2.6027220834827602,NULL,0,86.5,NULL,False
345,0.00018369335314037975,NULL,5,0,nan,nan,nan,nan,nan,nan,False,NULL,0.25,NULL,0.0,86.5,89.10272208348276,86.5,2.6027220834827602,NULL,0,86.5,NULL,True
346,0.00018369655314038084,candidate,0,1,4267578123.5447307,4271294323.188812,0.00036585343088780284,9.009916296338618,1.4256954171616698,81.9375,False,refined,0.14851255554920728,NULL,3.0,89.6485125555492,89.6485125555492,86.75,2.8985125555492033,NULL,0,86.75,NULL,False
346,0.00018369655314038084,candidate,1,2,439453124.8501439,444037839.7506815,0.00031047194418671583,7.555209026429877,-1.4256954171616698,8.4375,False,refined,0.4558246096081229,NULL,3.0,89.95582460960813,89.6485125555492,86.75,2.8985125555492033,NULL,0,86.75,NULL,False
346,0.00018369655314038084,candidate,2,3,4599609373.431506,4602318727.775124,0.00028885149019100667,6.9282540499366885,-2.052650393654858,88.3125,False,refined,0.5890525421129253,rank_1,0.055080675247050626,89.74685530084274,89.6485125555492,86.75,2.8985125555492033,NULL,0,86.75,NULL,False
346,0.00018369655314038084,candidate,3,4,5478515623.131794,5482997956.374295,0.0002747094050792478,6.503958356387951,-2.4886720743407764,105.1875,False,refined,0.6799482511881059,NULL,3.0,90.17994825118811,89.6485125555492,86.75,2.8985125555492033,NULL,0,86.75,NULL,False
346,0.00018369655314038084,candidate,4,5,2324218749.2074275,2323816978.406045,0.0002589201173882569,6.007089559225065,-3.002826737113553,44.62499999999999,False,refined,0.7866132371858373,NULL,3.0,90.28661323718583,89.6485125555492,86.75,2.8985125555492033,NULL,0,86.75,NULL,False
346,0.00018369655314038084,NULL,5,0,nan,nan,nan,nan,nan,nan,False,NULL,0.25,NULL,0.0,86.75,89.6485125555492,86.75,2.8985125555492033,NULL,0,86.75,NULL,True
347,0.00018369975314038193,candidate,0,1,4277343748.5414004,4273301148.004831,0.00036380321179854637,9.1962003273514,0.845121307324801,82.125,False,refined,0.12056995089728995,rank_1,0.00040273458421899276,89.76948524103071,89.76948524103071,87.0,2.769485241030708,NULL,0,87.0,NULL,False
347,0.00018369975314038193,candidate,1,2,439453124.8501439,437232852.73295873,0.00033007335192382565,8.259957154573252,-0.845121307324801,8.4375,False,refined,0.31382650852181226,NULL,3.0,90.06382650852181,89.76948524103071,87.0,2.769485241030708,NULL,0,87.0,NULL,False
347,0.00018369975314038193,candidate,2,3,5107421873.258339,5109917353.55236,0.0002906771246898673,7.355533475921829,-1.949113465294019,98.0625,False,refined,0.5184895701926018,NULL,3.0,90.2684895701926,89.76948524103071,87.0,2.769485241030708,NULL,0,87.0,NULL,False
347,0.00018369975314038193,candidate,3,4,3398437498.8411126,3396888923.7861185,0.00028398401922047486,7.044747779131928,-2.1514525482194724,65.25,False,refined,0.5777536173939278,NULL,3.0,90.32775361739392,89.76948524103071,87.0,2.769485241030708,NULL,0,87.0,NULL,False
347,0.00018369975314038193,candidate,4,5,2363281249.194107,2365449934.2342296,0.0002784675530147283,6.997815482713774,-2.3218386063767493,45.375,False,refined,0.5954425904914807,NULL,3.0,90.34544259049149,89.76948524103071,87.0,2.769485241030708,NULL,0,87.0,NULL,False
347,0.00018369975314038193,NULL,5,0,nan,nan,nan,nan,nan,nan,False,NULL,0.25,NULL,0.0,87.0,89.76948524103071,87.0,2.769485241030708,NULL,0,87.0,NULL,True
348,0.00018370295314038302,candidate,0,1,5097656248.261669,5092964102.082025,0.0003138571430528012,8.704681140157646,0.009000071639162499,97.875,False,refined,0.19429782897635306,NULL,3.0,90.19429782897635,90.1804048177901,87.25,2.930404817790105,NULL,0,87.25,NULL,False
348,0.00018370295314038302,candidate,1,2,1845703124.3706043,1846889625.5381951,0.0003135321016420777,8.80105124458228,-0.009000071639162499,35.4375,False,refined,0.18040481779010553,NULL,3.0,90.1804048177901,90.1804048177901,87.25,2.930404817790105,NULL,0,87.25,NULL,False
348,0.00018370295314038302,candidate,2,3,439453124.8501439,442019539.6025859,0.00028368747868948537,7.824867010662819,-0.8778369942826458,8.4375,False,refined,0.38113476054324247,NULL,3.0,90.38113476054325,90.1804048177901,87.25,2.930404817790105,NULL,0,87.25,NULL,False
348,0.00018370295314038302,candidate,3,4,3212890623.9043856,3216820690.321672,0.00028119606356168483,7.750225531439483,-0.9544556087181633,61.68750000000001,False,refined,0.39711964582896275,NULL,3.0,90.39711964582897,90.1804048177901,87.25,2.930404817790105,NULL,0,87.25,NULL,False
348,0.00018370295314038302,candidate,4,5,4296874998.53474,4293076204.378678,0.00027956360270999094,7.6996533676218615,-1.0050277725357848,82.5,False,refined,0.40786623064020733,rank_1,0.03910528545888272,90.2164567571298,90.1804048177901,87.25,2.930404817790105,NULL,0,87.25,NULL,False
348,0.00018370295314038302,NULL,5,0,nan,nan,nan,nan,nan,nan,False,NULL,0.25,NULL,0.0,87.25,90.1804048177901,87.25,2.930404817790105,NULL,0,87.25,NULL,True
349,0.00018370615314038411,candidate,0,1,1855468749.3672743,1858029555.6701307,0.00029411245546463234,8.342079156353481,0.22590211266884985,35.625,False,refined,0.2486881265469778,rank_2,0.012409804334440664,90.44150274867152,90.44150274867152,87.5,2.9415027486715246,NULL,0,87.5,NULL,False
349,0.00018370615314038411,candidate,1,2,1982421874.3239825,1986036318.6364734,0.00028656180980870014,8.08928891516243,-0.22590211266884985,38.0625,False,refined,0.30072554476743873,NULL,3.0,90.55072554476745,90.44150274867152,87.5,2.9415027486715246,NULL,0,87.5,NULL,False
349,0.00018370615314038411,candidate,2,3,1582031249.4605181,1584826110.4483266,0.0002763090362172881,7.844175293551441,-0.5423665792842591,30.375000000000004,False,refined,0.35727161717255007,NULL,3.0,90.60727161717254,90.44150274867152,87.5,2.9415027486715246,NULL,0,87.5,NULL,False
349,0.00018370615314038411,candidate,3,4,5097656248.261669,5101754504.780016,0.00026346917900050854,7.418120964702801,-0.9556719768455135,97.875,False,refined,0.4470113538474244,rank_1,0.007727117959285399,90.64903630078307,90.44150274867152,87.5,2.9415027486715246,NULL,0,87.5,NULL,False
349,0.00018370615314038411,candidate,4,5,458984374.8434836,454542759.1793333,0.00023341857370732678,6.311530797736475,-2.007560119580303,8.8125,False,refined,0.6787428878132976,NULL,3.0,90.9287428878133,90.44150274867152,87.5,2.9415027486715246,NULL,0,87.5,NULL,False
349,0.00018370615314038411,NULL,5,0,nan,nan,nan,nan,nan,nan,False,NULL,0.25,NULL,0.0,87.5,90.44150274867152,87.5,2.9415027486715246,NULL,0,87.5,NULL,True
350,0.0001837093531403852,candidate,0,1,1972656249.3273125,1975963498.9463453,0.0003264285264978028,9.056489935194119,1.4999572765661018,37.875,False,refined,0.1415265097208822,NULL,3.0,90.64152650972088,90.64152650972088,87.75,2.891526509720876,NULL,0,87.75,NULL,False
350,0.0001837093531403852,candidate,1,2,1582031249.4605181,1577608691.7751513,0.0002746567272450699,7.556532658628017,-1.4999572765661018,30.375000000000004,False,refined,0.46026743099117884,NULL,3.0,90.96026743099118,90.64152650972088,87.75,2.891526509720876,NULL,0,87.75,NULL,False
350,0.0001837093531403852,candidate,2,3,2265624999.2274084,2264345996.8571053,0.0002629305606409399,7.145278053472186,-1.8789407431903804,43.5,False,refined,0.5456420884285709,NULL,3.0,91.04564208842856,90.64152650972088,87.75,2.891526509720876,NULL,0,87.75,NULL,False
350,0.0001837093531403852,candidate,3,4,2597656249.114184,2596337347.9620404,0.00023955118199168058,6.368694204759935,-2.6877957304341837,49.875,False,refined,0.7126831024381463,NULL,3.0,91.21268310243815,90.64152650972088,87.75,2.891526509720876,NULL,0,87.75,NULL,False
350,0.0001837093531403852,candidate,4,5,5136718748.248348,5134574195.447255,0.0002303235460949645,5.929385454498748,-3.028995324620176,98.62499999999999,False,refined,0.7999043896139488,NULL,3.0,91.29990438961394,90.64152650972088,87.75,2.891526509720876,NULL,0,87.75,NULL,False
350,0.0001837093531403852,NULL,5,0,nan,nan,nan,nan,nan,nan,False,NULL,0.25,NULL,0.0,87.75,90.64152650972088,87.75,2.891526509720876,NULL,0,87.75,NULL,True
351,0.0001837125531403863,candidate,0,1,1943359374.337303,1941663769.3509884,0.0003727392263455308,10.032620835454757,1.7242284402669128,37.3125,False,refined,0.0,NULL,3.0,90.75,90.75,88.0,2.75,NULL,0,88.0,NULL,False
351,0.0001837125531403863,candidate,1,2,2265624999.2274084,2262875460.3255053,0.00030562837859914374,8.120717637343233,-1.7242284402669128,43.5,False,refined,0.38965663191519706,NULL,3.0,91.1396566319152,90.75,88.0,2.75,NULL,0,88.0,NULL,False
351,0.0001837125531403863,candidate,2,3,1044921874.6436754,1044940367.5170193,0.0002823605319073302,7.615286199006048,-2.4120221623163385,20.0625,False,refined,0.5084584552938639,NULL,3.0,91.25845845529386,90.75,88.0,2.75,NULL,0,88.0,NULL,False
351,0.0001837125531403863,candidate,3,4,1748046874.4039056,1746131373.7692811,0.00025750771725953353,6.711347396295144,-3.2122970099435566,33.5625,False,refined,0.6940664536772007,NULL,3.0,91.4440664536772,90.75,88.0,2.75,NULL,0,88.0,NULL,False
351,0.0001837125531403863,candidate,4,5,5439453123.145114,5435312165.860731,0.00023516456151354264,5.974289939510147,-4.000664476021143,104.43749999999999,False,refined,0.8538980388247994,NULL,3.0,91.6038980388248,90.75,88.0,2.75,NULL,0,88.0,NULL,False
351,0.0001837125531403863,NULL,5,0,nan,nan,nan,nan,nan,nan,False,NULL,0.25,NULL,0.0,88.0,90.75,88.0,2.75,NULL,0,88.0,NULL,True
352,0.0001837157531403874,candidate,0,1,1923828124.3439631,1927912591.1739867,0.0003208736299269882,7.715294508144064,0.8537093048033029,36.9375,False,refined,0.34270582377839043,rank_1,0.018909490125564823,91.11161531390395,91.11161531390395,88.25,2.861615313903954,NULL,0,88.25,NULL,False
352,0.0001837157531403874,candidate,1,2,1748046874.4039056,1750311711.5096657,0.000290836267280987,6.83661022385313,-0.8537093048033029,33.5625,False,refined,0.5278652979722369,NULL,3.0,91.52786529797224,91.11161531390395,88.25,2.861615313903954,NULL,0,88.25,NULL,False
352,0.0001837157531403874,candidate,2,3,1083984374.630355,1079789468.2857368,0.00028140096416085517,6.614751381334338,-1.1401689240855806,20.8125,False,refined,0.579047850555198,NULL,3.0,91.5790478505552,91.11161531390395,88.25,2.861615313903954,NULL,0,88.25,NULL,False
352,0.0001837157531403874,candidate,3,4,2265624999.2274084,2266392155.4360695,0.00028045854477032914,6.545987486845926,-1.1693070212981382,43.5,False,refined,0.5911835658042448,NULL,3.0,91.59118356580424,91.11161531390395,88.25,2.861615313903954,NULL,0,88.25,NULL,False
352,0.0001837157531403874,candidate,4,5,380859374.8701247,384678053.68174917,0.0002617249322373808,5.834738183555368,-1.7697786257849035,7.3125,False,refined,0.7354004365782513,NULL,3.0,91.73540043657825,91.11161531390395,88.25,2.861615313903954,NULL,0,88.25,NULL,False
352,0.0001837157531403874,NULL,5,0,nan,nan,nan,nan,nan,nan,False,NULL,0.25,NULL,0.0,88.25,91.11161531390395,88.25,2.861615313903954,NULL,0,88.25,NULL,True
353,0.00018371895314038848,candidate,0,1,390624999.8667946,390322920.2818518,0.00028413994621748667,6.093784251470122,0.435479846920348,7.5,False,refined,0.5859323622794816,NULL,3.0,91.83593236227948,91.83593236227948,88.5,3.335932362279479,NULL,0,88.5,NULL,False
353,0.00018371895314038848,candidate,1,2,4619140623.424846,4616389059.435136,0.00027024539456088165,5.621149595371158,-0.435479846920348,88.6875,False,refined,0.6840450511268481,NULL,3.0,91.93404505112684,91.83593236227948,88.5,3.335932362279479,NULL,0,88.5,NULL,False
353,0.00018371895314038848,candidate,2,3,3085937498.947677,3083887612.3696136,0.00026794613226628253,5.633169935188658,-0.5096960285140284,59.25,False,refined,0.6868805115038281,NULL,3.0,91.93688051150383,91.83593236227948,88.5,3.335932362279479,NULL,0,88.5,NULL,False
353,0.00018371895314038848,candidate,3,4,4326171873.52475,4329041386.744444,0.0002600596057888786,5.314811476758843,-0.7691878806685892,83.0625,False,refined,0.7508525210279604,NULL,3.0,92.00085252102797,91.83593236227948,88.5,3.335932362279479,NULL,0,88.5,NULL,False
353,0.00018371895314038848,candidate,4,5,1923828124.3439631,1919110311.219383,0.00025858346408998807,5.213751984274735,-0.8186308955377886,36.9375,False,refined,0.7691016333299016,rank_1,0.007748013239921761,91.88846496047377,91.83593236227948,88.5,3.335932362279479,NULL,0,88.5,NULL,False
353,0.00018371895314038848,NULL,5,0,nan,nan,nan,nan,nan,nan,False,NULL,0.25,NULL,0.0,88.5,91.83593236227948,88.5,3.335932362279479,NULL,0,88.5,NULL,True
354,0.00018372215314038957,candidate,0,1,419921874.8568042,423443306.3982135,0.0003128181151864119,7.142198229028791,0.2873087089476378,8.0625,False,refined,0.42867026564568134,NULL,3.0,91.92867026564568,91.92867026564568,88.75,3.1786702656456782,NULL,0,88.75,NULL,False
354,0.00018372215314038957,candidate,1,2,4296874998.53474,4292646880.4282007,0.0003026400914439058,6.852133987157076,-0.2873087089476378,82.5,False,refined,0.4901366962356659,NULL,3.0,91.99013669623567,91.92867026564568,88.75,3.1786702656456782,NULL,0,88.75,NULL,False
354,0.00018372215314038957,candidate,2,3,2333984374.2040977,2329302244.6325116,0.0002917503354374152,6.434126780206881,-0.6056106182377441,44.8125,False,refined,0.5727316466088268,NULL,3.0,92.07273164660883,91.92867026564568,88.75,3.1786702656456782,NULL,0,88.75,NULL,False
354,0.00018372215314038957,candidate,3,4,3105468748.9410167,3102937847.2888765,0.00028113133585265624,6.211789921829691,-0.9276527742750229,59.62499999999999,False,refined,0.6262098101177352,NULL,3.0,92.12620981011773,91.92867026564568,88.75,3.1786702656456782,NULL,0,88.75,NULL,False
354,0.00018372215314038957,candidate,4,5,5546874998.108483,5548810359.114587,0.0002705426988753331,5.878321159776014,-1.2611215363286998,106.5,False,refined,0.6970719220541416,NULL,3.0,92.19707192205414,91.92867026564568,88.75,3.1786702656456782,NULL,0,88.75,NULL,False
354,0.00018372215314038957,NULL,5,0,nan,nan,nan,nan,nan,nan,False,NULL,0.25,NULL,0.0,88.75,91.92867026564568,88.75,3.1786702656456782,NULL,0,88.75,NULL,True
355,0.00018372535314039066,candidate,0,1,937499999.6803069,941042413.658547,0.0014068629127570033,16.75194684202407,0.4231627575349073,18.0,False,refined,0.0,NULL,3.0,91.75,91.75,89.0,2.75,NULL,0,89.0,NULL,False
355,0.00018372535314039066,candidate,1,2,791015624.7302591,791340888.4065324,0.0013399655815427916,16.328784084489165,-0.4231627575349073,15.187500000000002,False,refined,0.026447672345931705,NULL,3.0,91.77644767234594,91.75,89.0,2.75,NULL,0,89.0,NULL,False
355,0.00018372535314039066,candidate,2,3,1074218749.633685,1072152839.0840138,0.00131412878906184,16.159669813470565,-0.5922770285535073,20.625,False,refined,0.037017314284594205,NULL,3.0,91.7870173142846,91.75,89.0,2.75,NULL,0,89.0,NULL,False
355,0.00018372535314039066,candidate,3,4,683593749.7668905,685374301.6353971,0.0012346308894728957,15.617653990065934,-1.1342928519581363,13.125,False,refined,0.07089330324738352,NULL,3.0,91.82089330324739,91.75,89.0,2.75,NULL,0,89.0,NULL,False
355,0.00018372535314039066,candidate,4,5,576171874.803522,571455747.9419053,0.000916496605555328,13.02952843668682,-3.722418405337251,11.0625,False,refined,0.2326511503335782,NULL,3.0,91.98265115033358,91.75,89.0,2.75,NULL,0,89.0,NULL,False
355,0.00018372535314039066,NULL,5,0,nan,nan,nan,nan,nan,nan,False,NULL,0.25,NULL,0.0,89.0,91.75,89.0,2.75,NULL,0,89.0,NULL,True
356,0.00018372855314039175,candidate,0,1,1035156249.6470056,1037925945.1413941,0.009770328391182538,20.925993414394284,1.0589589677543465,19.875,False,refined,0.0,rank_3,0.11714802689593357,91.90416534118053,91.90416534118053,89.25,2.65416534118053,NULL,0,89.25,NULL,False
356,0.00018372855314039175,candidate,1,2,1347656249.5404413,1348617496.658972,0.0031376123086081925,11.059795793683902,-9.866197620710384,25.875,False,refined,0.616637351294399,NULL,3.0,92.6166373512944,91.90416534118053,89.25,2.65416534118053,NULL,0,89.25,NULL,False
356,0.00018372855314039175,candidate,2,3,1933593749.3406332,1929000249.8861113,0.002030407817549315,7.279475730877909,-13.646517683516377,37.125,False,refined,1.1580786403683136,NULL,3.0,93.15807864036832,91.90416534118053,89.25,2.65416534118053,NULL,0,89.25,NULL,False
356,0.00018372855314039175,candidate,3,4,2070312499.294011,2067884730.1606023,0.001943356669650593,6.898860496843566,-14.02713291755072,39.75,False,refined,1.215170925473465,NULL,3.0,93.21517092547346,91.90416534118053,89.25,2.65416534118053,NULL,0,89.25,NULL,False
356,0.00018372855314039175,candidate,4,5,3398437498.8411126,3400703833.129568,0.0018716746371183063,6.572417299224718,-14.353576115169568,65.25,False,refined,1.2641374051162924,NULL,3.0,93.26413740511629,91.90416534118053,89.25,2.65416534118053,NULL,0,89.25,NULL,False
356,0.00018372855314039175,NULL,5,0,nan,nan,nan,nan,nan,nan,False,NULL,0.25,NULL,0.0,89.25,91.90416534118053,89.25,2.65416534118053,NULL,0,89.25,NULL,True
357,0.00018373175314039284,candidate,0,1,1054687499.6403453,1052410207.1749009,0.0284899751924197,23.54664588482199,5.2424181535241265,20.25,False,refined,0.0,rank_1,0.02097938466552851,91.92514472584605,91.92514472584605,89.5,2.425144725846053,NULL,0,89.5,NULL,False
357,0.00018373175314039284,candidate,1,2,849609374.7102782,845356988.349798,0.015514501272719805,18.267560850581916,-5.279085034240074,16.3125,False,refined,0.32994281464000463,NULL,3.0,92.57994281464,91.92514472584605,89.5,2.425144725846053,NULL,0,89.5,NULL,False
357,0.00018373175314039284,candidate,2,3,693359374.7635604,693962203.6161156,0.010656040681416507,15.004721859833978,-8.541924024988013,13.3125,False,refined,0.5338702515617508,NULL,3.0,92.78387025156175,91.92514472584605,89.5,2.425144725846053,NULL,0,89.5,NULL,False
357,0.00018373175314039284,candidate,3,4,3369140623.8511033,3365582325.3118553,0.0055831418388719205,9.390377686768492,-14.1562681980535,64.6875,False,refined,0.8414433469847262,NULL,3.0,93.09144334698473,91.92514472584605,89.5,2.425144725846053,NULL,0,89.5,NULL,False
357,0.00018373175314039284,candidate,4,5,2060546874.2973413,2060084594.1401248,0.0033412641866268234,4.931020777914918,-18.61562510690707,39.5625,False,refined,1.5103468833127622,NULL,3.0,93.76034688331276,91.92514472584605,89.5,2.425144725846053,NULL,0,89.5,NULL,False
357,0.00018373175314039284,NULL,5,0,nan,nan,nan,nan,nan,nan,False,NULL,0.25,NULL,0.0,89.5,91.92514472584605,89.5,2.425144725846053,NULL,0,89.5,NULL,True
358,0.00018373495314039394,candidate,0,1,1035156249.6470056,1031853086.4288797,0.042858335864516,24.82801486194424,3.8884433085018033,19.875,False,refined,0.0,rank_1,0.04225952133664932,91.9674042471827,91.9674042471827,89.75,2.2174042471826994,NULL,0,89.75,NULL,False
358,0.00018373495314039394,candidate,1,2,869140624.7036179,864864715.9489844,0.027168623736581507,20.868661567494925,-3.959353294449315,16.6875,False,refined,0.24745958090308218,NULL,3.0,92.74745958090308,91.9674042471827,89.75,2.2174042471826994,NULL,0,89.75,NULL,False
358,0.00018373495314039394,candidate,2,3,722656249.75357,723274866.4044194,0.01152326672937255,13.418821076043006,-11.409193785901234,13.875,False,refined,0.7130746116188271,NULL,3.0,93.21307461161882,91.9674042471827,89.75,2.2174042471826994,NULL,0,89.75,NULL,False
358,0.00018373495314039394,candidate,3,4,3339843748.8610935,3337855838.7534504,0.00811581580807669,10.373952422962027,-14.454062438982213,64.125,False,refined,0.75,NULL,3.0,93.25,91.9674042471827,89.75,2.2174042471826994,NULL,0,89.75,NULL,False
358,0.00018373495314039394,candidate,4,5,2773437499.0542417,2774633144.6638536,0.0071606790483184565,9.212424429600254,-15.541621908958959,53.25,False,refined,0.8681363355599618,NULL,3.0,93.36813633555997,91.9674042471827,89.75,2.2174042471826994,NULL,0,89.75,NULL,False
358,0.00018373495314039394,NULL,5,0,nan,nan,nan,nan,nan,nan,False,NULL,0.25,NULL,0.0,89.75,91.9674042471827,89.75,2.2174042471826994,NULL,0,89.75,NULL,True
359,0.00018373815314039503,candidate,0,1,888671874.6969577,887633129.8079134,0.04400666575536884,27.633907093731334,0.9164545316920947,17.0625,False,refined,0.0,NULL,3.0,92.75,92.15036845989961,90.0,2.1503684598996102,NULL,0,90.0,NULL,False
359,0.00018373815314039503,candidate,1,2,1054687499.6403453,1056374840.4180766,0.03509557870202643,25.66858596019157,-1.9653211335397636,20.25,False,refined,0.12283257084623522,rank_1,0.06013164187066938,92.15036845989961,92.15036845989961,90.0,2.1503684598996102,NULL,0,90.0,NULL,False
359,0.00018373815314039503,candidate,2,3,2744140624.064232,2747758082.70814,0.011687257675165864,16.11779018500821,-11.516116908723122,52.6875,False,refined,0.7197573067951951,NULL,3.0,93.4697573067952,92.15036845989961,90.0,2.1503684598996102,NULL,0,90.0,NULL,False
359,0.00018373815314039503,candidate,3,4,751953124.7435795,747945417.2451518,0.007143361221596673,11.84159003661148,-15.792317057119853,14.437499999999998,False,refined,0.75,NULL,3.0,93.5,92.15036845989961,90.0,2.1503684598996102,NULL,0,90.0,NULL,False
359,0.00018373815314039503,candidate,4,5,3310546873.871084,3313932787.375156,0.007092705595413613,11.779776469539165,-15.85413062419217,63.56250000000001,False,refined,0.75,NULL,3.0,93.5,92.15036845989961,90.0,2.1503684598996102,NULL,0,90.0,NULL,False
359,0.00018373815314039503,NULL,5,0,nan,nan,nan,nan,nan,nan,False,NULL,0.25,NULL,0.0,90.0,92.15036845989961,90.0,2.1503684598996102,NULL,0,90.0,NULL,True
360,0.00018374135314039612,candidate,0,1,917968749.6869673,921313742.7057573,0.06663882233309977,36.040129155095954,9.811339187172159,17.625,False,refined,0.0,rank_1,0.11343836851744046,92.86343836851744,92.76593032373661,90.25,2.5159303237366117,NULL,0,90.25,NULL,False
360,0.00018374135314039612,candidate,1,2,1054687499.6403453,1051523897.5831822,0.021535767507929154,26.2287899679238,-9.811339187172159,20.25,False,refined,0.6132086991982599,rank_2,0.0023531646387413498,92.76593032373661,92.76593032373661,90.25,2.5159303237366117,NULL,0,90.25,NULL,False
360,0.00018374135314039612,candidate,2,3,2744140624.064232,2740808080.898254,0.015518973743273951,23.382842852980676,-12.657286302115281,52.6875,False,refined,0.75,NULL,3.0,93.75,92.76593032373661,90.25,2.5159303237366117,NULL,0,90.25,NULL,False
360,0.00018374135314039612,candidate,3,4,2890624999.01428,2886383280.9859962,0.00754213812828425,17.05934092646021,-18.924656630912654,55.5,False,refined,0.75,NULL,3.0,93.75,92.76593032373661,90.25,2.5159303237366117,NULL,0,90.25,NULL,False
360,0.00018374135314039612,candidate,4,5,4511718748.461477,4508237404.046366,0.006168281561412809,15.36886667785196,-20.671262477243996,86.625,False,refined,0.75,NULL,3.0,93.75,92.76593032373661,90.25,2.5159303237366117,NULL,0,90.25,NULL,False
360,0.00018374135314039612,NULL,5,0,nan,nan,nan,nan,nan,nan,False,NULL,0.25,NULL,0.0,90.25,92.76593032373661,90.25,2.5159303237366117,NULL,0,90.25,NULL,True
361,0.0001837445531403972,candidate,0,1,927734374.6836371,930703209.3967423,0.0733568232274187,40.58862052845235,13.134961613412486,17.8125,False,refined,0.0,rank_1,0.008816208474111837,92.87225457699155,92.87225457699155,90.5,2.3722545769915513,NULL,0,90.5,NULL,False
361,0.0001837445531403972,candidate,1,2,2773437499.0542417,2769900172.842859,0.012973976461501545,25.541272329287406,-15.047348199164947,53.25,False,refined,0.75,NULL,3.0,94.0,92.87225457699155,90.5,2.3722545769915513,NULL,0,90.5,NULL,False
361,0.0001837445531403972,candidate,2,3,4804687498.361573,4809490391.796906,0.005013901092509084,17.241347005394196,-23.305295061782722,92.25,False,refined,0.75,NULL,3.0,94.0,92.87225457699155,90.5,2.3722545769915513,NULL,0,90.5,NULL,False
361,0.0001837445531403972,candidate,3,4,4501953123.4648075,4501190086.940159,0.0047189210603123585,16.756664463684594,-23.83195606476776,86.4375,False,refined,0.75,NULL,3.0,94.0,92.87225457699155,90.5,2.3722545769915513,NULL,0,90.5,NULL,False
361,0.0001837445531403972,candidate,4,5,546874999.8135124,547408830.3578707,0.00280470155360755,12.204522064947323,-28.351077210996685,10.5,False,refined,0.75,NULL,3.0,94.0,92.87225457699155,90.5,2.3722545769915513,NULL,0,90.5,NULL,False
361,0.0001837445531403972,NULL,5,0,nan,nan,nan,nan,nan,nan,False,NULL,0.25,NULL,0.0,90.5,92.87225457699155,90.5,2.3722545769915513,NULL,0,90.5,NULL,True
362,0.0001837477531403983,candidate,0,1,957031249.6736467,953369379.2814571,0.07245363406259378,39.96399954909765,12.667218860486646,18.375,False,refined,0.0,rank_1,0.05137552572427487,92.92363010271582,92.92363010271582,90.75,2.173630102715819,NULL,0,90.75,NULL,False
362,0.0001837477531403983,candidate,1,2,2871093749.0209403,2871689008.132262,0.016853854110051532,27.29678068861101,-12.667218860486646,55.125,False,refined,0.75,NULL,3.0,94.25,92.92363010271582,90.75,2.173630102715819,NULL,0,90.75,NULL,False
362,0.0001837477531403983,candidate,2,3,830078124.7169385,829782109.8430752,0.007723717931437368,20.519324184248564,-19.44467536484909,15.9375,False,refined,0.75,NULL,3.0,94.25,92.92363010271582,90.75,2.173630102715819,NULL,0,90.75,NULL,False
362,0.0001837477531403983,candidate,3,4,4794921873.364903,4793606602.606799,0.007259409154995659,19.980821579367422,-19.98317796973023,92.0625,False,refined,0.75,NULL,3.0,94.25,92.92363010271582,90.75,2.173630102715819,NULL,0,90.75,NULL,False
362,0.0001837477531403983,candidate,4,5,2734374999.067562,2733316650.350148,0.006073198400749516,18.431145463061583,-21.532854086036068,52.5,False,refined,0.75,NULL,3.0,94.25,92.92363010271582,90.75,2.173630102715819,NULL,0,90.75,NULL,False
362,0.0001837477531403983,NULL,5,0,nan,nan,nan,nan,nan,nan,False,NULL,0.25,NULL,0.0,90.75,92.92363010271582,90.75,2.173630102715819,NULL,0,90.75,NULL,True
363,0.0001837509531403994,candidate,0,1,966796874.6703166,969027592.7308805,0.06263258970995503,33.65545765800774,8.816678844950744,18.5625,False,refined,0.0,rank_1,0.02451796484277049,92.94814806755859,92.94814806755859,91.0,1.9481480675585914,NULL,0,91.0,NULL,False
363,0.0001837509531403994,candidate,1,2,2890624999.01428,2890468156.219353,0.015481266532771364,21.5155800299414,-12.139877628066337,55.5,False,refined,0.75,NULL,3.0,94.5,92.94814806755859,91.0,1.9481480675585914,NULL,0,91.0,NULL,False
363,0.0001837509531403994,candidate,2,3,4794921873.364903,4798160511.021954,0.006623810726877158,14.042324144878329,-19.51384909975344,92.0625,False,refined,0.75,NULL,3.0,94.5,92.94814806755859,91.0,1.9481480675585914,NULL,0,91.0,NULL,False
363,0.0001837509531403994,candidate,3,4,3212890623.9043856,3209773692.8560867,0.0060966130316653395,13.421222876781762,-20.23423478122598,61.68750000000001,False,refined,0.75,NULL,3.0,94.5,92.94814806755859,91.0,1.9481480675585914,NULL,0,91.0,NULL,False
363,0.0001837509531403994,candidate,4,5,1337890624.5437715,1340213194.1061215,0.005306795137348088,12.096740848715566,-21.4393609321184,25.6875,False,refined,0.75,NULL,3.0,94.5,92.94814806755859,91.0,1.9481480675585914,NULL,0,91.0,NULL,False
363,0.0001837509531403994,NULL,5,0,nan,nan,nan,nan,nan,nan,False,NULL,0.25,NULL,0.0,91.0,92.94814806755859,91.0,1.9481480675585914,NULL,0,91.0,NULL,True
364,0.00018375415314040048,candidate,0,1,966796874.6703166,965624265.6344137,0.044238921255272554,29.049862870844734,0.05663549960968961,18.5625,False,refined,0.0,rank_1,0.0011582635325545,92.94930633109115,92.94930633109115,91.25,1.699306331091151,NULL,0,91.25,NULL,False
364,0.00018375415314040048,candidate,1,2,1123046874.6170344,1120665290.4378545,0.04395140404940863,28.993227371235047,-0.05663549960968961,21.5625,False,refined,0.0035397187256056006,NULL,3.0,94.0035397187256,92.94930633109115,91.25,1.699306331091151,NULL,0,91.25,NULL,False
364,0.00018375415314040048,candidate,2,3,2900390624.0109496,2902378385.942975,0.009768337284966252,15.930185237258483,-13.119677633586253,55.6875,False,refined,0.75,NULL,3.0,94.75,92.94930633109115,91.25,1.699306331091151,NULL,0,91.25,NULL,False
364,0.00018375415314040048,candidate,3,4,3203124998.9077153,3204891140.9087524,0.009506083520382114,15.669421050924566,-13.356058053617037,61.49999999999999,False,refined,0.75,NULL,3.0,94.75,92.94930633109115,91.25,1.699306331091151,NULL,0,91.25,NULL,False
364,0.00018375415314040048,candidate,4,5,3525390623.797821,3524708296.046594,0.007395617919337168,13.513261624767443,-15.536601246077293,67.6875,False,refined,0.75,NULL,3.0,94.75,92.94930633109115,91.25,1.699306331091151,NULL,0,91.25,NULL,False
364,0.00018375415314040048,NULL,5,0,nan,nan,nan,nan,nan,nan,False,NULL,0.25,NULL,0.0,91.25,92.94930633109115,91.25,1.699306331091151,NULL,0,91.25,NULL,True
365,0.00018375735314040157,candidate,0,1,1132812499.6137042,1133026010.8616138,0.05643640757658261,30.184681117749044,6.1130402541355,21.75,False,refined,0.0,rank_2,0.015278740939433837,94.01881845966504,93.33364654708024,91.5,1.8336465470802352,NULL,0,91.5,NULL,False
365,0.00018375735314040157,candidate,1,2,957031249.6736467,960854359.8642608,0.027919481492829575,24.052202430528755,-6.1130402541355,18.375,False,refined,0.38206501588346875,rank_1,0.002275200105613818,93.33364654708024,93.33364654708024,91.5,1.8336465470802352,NULL,0,91.5,NULL,False
365,0.00018375735314040157,candidate,2,3,1318359374.5504317,1322426604.4718926,0.023791880624625214,22.68206933561102,-7.5026117821380245,25.3125,False,refined,0.4689132363836266,NULL,3.0,94.71891323638363,93.33364654708024,91.5,1.8336465470802352,NULL,0,91.5,NULL,False
365,0.00018375735314040157,candidate,3,4,3212890623.9043856,3211914187.609224,0.010683561215195673,15.70837631609582,-14.456866368568434,61.68750000000001,False,refined,0.75,NULL,3.0,95.0,93.33364654708024,91.5,1.8336465470802352,NULL,0,91.5,NULL,False
365,0.00018375735314040157,candidate,4,5,3554687498.787831,3553821411.444519,0.00900575115712623,14.243892744504576,-15.940788373244468,68.25,False,refined,0.75,NULL,3.0,95.0,93.33364654708024,91.5,1.8336465470802352,NULL,0,91.5,NULL,False
365,0.00018375735314040157,NULL,5,0,nan,nan,nan,nan,nan,nan,False,NULL,0.25,NULL,0.0,91.5,93.33364654708024,91.5,1.8336465470802352,NULL,0,91.5,NULL,True
366,0.00018376055314040267,candidate,0,1,1162109374.6037138,1158404518.3135595,0.045099910206735754,26.46891044287821,2.540099153747728,22.312499999999996,False,refined,0.0,rank_1,0.06440686404884675,94.08322532371389,93.8575184114562,91.75,2.107518411456198,NULL,0,91.75,NULL,False
366,0.00018376055314040267,candidate,1,2,1328124999.5471015,1331924850.3700886,0.03366438768031093,23.928811289130483,-2.540099153747728,25.5,False,refined,0.158756197109233,NULL,3.0,94.65875619710923,93.8575184114562,91.75,2.107518411456198,NULL,0,91.75,NULL,False
366,0.00018376055314040267,candidate,2,3,976562499.6669865,973127424.0168757,0.017665601686600814,18.32796557877334,-8.140944864104869,18.75,False,refined,0.5088090540065543,rank_2,0.015062810369420216,93.8575184114562,93.8575184114562,91.75,2.107518411456198,NULL,0,91.75,NULL,False
366,0.00018376055314040267,candidate,3,4,1582031249.4605181,1582148697.414437,0.01212364319982636,15.058059829752404,-11.410850613125806,30.375000000000004,False,refined,0.7131781633203629,NULL,3.0,95.21317816332036,93.8575184114562,91.75,2.107518411456198,NULL,0,91.75,NULL,False
366,0.00018376055314040267,candidate,4,5,3222656248.9010553,3221041045.497543,0.008852345796670201,12.326564304953536,-14.142346137924676,61.875,False,refined,0.75,NULL,3.0,95.25,93.8575184114562,91.75,2.107518411456198,NULL,0,91.75,NULL,False
366,0.00018376055314040267,NULL,5,0,nan,nan,nan,nan,nan,nan,False,NULL,0.25,NULL,0.0,91.75,93.8575184114562,91.75,2.107518411456198,NULL,0,91.75,NULL,True
367,0.00018376375314040376,candidate,0,1,1337890624.5437715,1340878338.631293,0.03259774437873754,23.364394003816557,1.2955080931981344,25.6875,False,refined,0.0,rank_2,0.008016495204352644,94.66677269231359,94.29714386965995,92.0,2.2971438696599478,NULL,0,92.0,NULL,False
367,0.00018376375314040376,candidate,1,2,1611328124.4505277,1608196213.5155768,0.02808097256265588,22.068885910618423,-1.2955080931981344,30.9375,False,refined,0.0809692558248834,NULL,3.0,94.83096925582488,94.29714386965995,92.0,2.2971438696599478,NULL,0,92.0,NULL,False
367,0.00018376375314040376,candidate,2,3,1191406249.5937235,1194229430.8699722,0.027843681792613897,21.995176244159108,-1.3692177596574506,22.875,False,refined,0.08557610997859066,rank_1,0.12834243596746162,94.29714386965995,94.29714386965995,92.0,2.2971438696599478,NULL,0,92.0,NULL,False
367,0.00018376375314040376,candidate,3,4,1083984374.630355,1088544657.4763262,0.01590847410126959,17.133213512557713,-6.231180491258845,20.8125,False,refined,0.38944878070367783,rank_1,0.4880400156197603,94.96071412003732,94.29714386965995,92.0,2.2971438696599478,NULL,0,92.0,NULL,False
367,0.00018376375314040376,candidate,4,5,869140624.7036179,873809024.0340035,0.006976702899638134,9.820957465732327,-13.390746414599374,16.6875,False,refined,0.7768563801401509,NULL,3.0,95.52685638014015,94.29714386965995,92.0,2.2971438696599478,NULL,0,92.0,NULL,False
367,0.00018376375314040376,NULL,5,0,nan,nan,nan,nan,nan,nan,False,NULL,0.25,NULL,0.0,92.0,94.29714386965995,92.0,2.2971438696599478,NULL,0,92.0,NULL,True
368,0.00018376695314040485,candidate,0,1,1611328124.4505277,1609036270.9327586,0.03393064937459772,21.71026347855048,2.4010092224693125,30.9375,False,refined,0.0,rank_2,7.056964641620397e-05,94.8310398254713,94.79713481596521,92.25,2.547134815965208,NULL,0,92.25,NULL,False
368,0.00018376695314040485,candidate,1,2,1337890624.5437715,1336556616.5092764,0.021580000528022333,17.779449070450475,-3.930814408100005,25.6875,False,refined,0.24567590050625032,rank_1,0.0018677282099928256,94.91431632102983,94.79713481596521,92.25,2.547134815965208,NULL,0,92.25,NULL,False
368,0.00018376695314040485,candidate,2,3,1201171874.5903933,1197679572.2614303,0.013537912175875001,13.696915127503576,-7.980809579890535,23.0625,False,refined,0.4988005987431585,rank_3,0.0011903475621051981,94.79713481596521,94.79713481596521,92.25,2.547134815965208,NULL,0,92.25,NULL,False
368,0.00018376695314040485,candidate,3,4,966796874.6703166,971263475.2183131,0.008028200599364326,9.190784362940763,-12.51947911560972,18.5625,False,refined,0.8713823455588856,NULL,3.0,95.87138234555889,94.79713481596521,92.25,2.547134815965208,NULL,0,92.25,NULL,False
368,0.00018376695314040485,candidate,4,5,4902343748.328272,4900844032.689007,0.007946984748076228,9.10246764130239,-12.607795837248092,94.125,False,refined,0.8846298538046415,NULL,3.0,95.88462985380464,94.79713481596521,92.25,2.547134815965208,NULL,0,92.25,NULL,False
368,0.00018376695314040485,NULL,5,0,nan,nan,nan,nan,nan,nan,False,NULL,0.25,NULL,0.0,92.25,94.79713481596521,92.25,2.547134815965208,NULL,0,92.25,NULL,True
369,0.00018377015314040594,candidate,0,1,1611328124.4505277,1609407208.4959571,0.02362654096898841,19.167249272276482,2.5990314100353196,30.9375,False,refined,0.0,rank_1,1.3759467579169046e-05,94.83105358493887,94.83105358493887,92.5,2.3310535849388714,NULL,0,92.5,NULL,False
369,0.00018377015314040594,candidate,1,2,1337890624.5437715,1339795611.0369473,0.008048783522784748,9.642641526303892,-9.353397934350468,25.6875,False,refined,0.6381911419513204,rank_2,0.001049108555028178,95.55355657153618,94.83105358493887,92.5,2.3310535849388714,NULL,0,92.5,NULL,False
369,0.00018377015314040594,candidate,2,3,3662109373.7511992,3665754664.5517836,0.007858297540911432,9.605815771550787,-9.561433500725695,70.3125,False,refined,0.6567172280627378,NULL,3.0,95.90671722806273,94.83105358493887,92.5,2.3310535849388714,NULL,0,92.5,NULL,False
369,0.00018377015314040594,candidate,3,4,976562499.6669865,976019638.2528672,0.006149091910712343,7.475466089735301,-11.691783182541183,18.75,False,refined,1.1094165354485288,NULL,3.0,96.35941653544853,94.83105358493887,92.5,2.3310535849388714,NULL,0,92.5,NULL,False
369,0.00018377015314040594,candidate,4,5,4921874998.321611,4923853508.976752,0.006000897715289957,7.263570885997863,-11.90367838627862,94.5,False,refined,1.1544442662427343,NULL,3.0,96.40444426624273,94.83105358493887,92.5,2.3310535849388714,NULL,0,92.5,NULL,False
369,0.00018377015314040594,NULL,5,0,nan,nan,nan,nan,nan,nan,False,NULL,0.25,NULL,0.0,92.5,94.83105358493887,92.5,2.3310535849388714,NULL,0,92.5,NULL,True
370,0.00018377335314040703,candidate,0,1,3691406248.7412086,3688969980.592034,0.010817986825879419,15.350376588216825,3.262518611022589,70.875,False,refined,0.0,NULL,3.0,95.5,95.03949367792545,92.75,2.2894936779254493,NULL,0,92.75,NULL,False
370,0.00018377335314040703,candidate,1,2,1611328124.4505277,1616139726.448148,0.007430542416891613,12.087857977194236,-3.262518611022589,30.9375,False,refined,0.2039074131889118,rank_1,0.004532679797657244,95.03949367792545,95.03949367792545,92.75,2.2894936779254493,NULL,0,92.75,NULL,False
370,0.00018377335314040703,candidate,2,3,3906249998.667946,3902933334.8438845,0.006418049728655453,10.599302737973044,-4.534867408572998,75.0,False,refined,0.28342921303581237,NULL,3.0,95.78342921303582,95.03949367792545,92.75,2.2894936779254493,NULL,0,92.75,NULL,False
370,0.00018377335314040703,candidate,3,4,400390624.8634644,399460737.5457701,0.004688503993825542,8.088133429563964,-7.262243158652861,7.687499999999999,False,refined,0.7406701829812092,NULL,3.0,96.2406701829812,95.03949367792545,92.75,2.2894936779254493,NULL,0,92.75,NULL,False
370,0.00018377335314040703,candidate,4,5,3437499998.827792,3436454737.2898636,0.004491092056714127,7.517431013071132,-7.635889821295372,66.0,False,refined,0.849628461870291,NULL,3.0,96.3496284618703,95.03949367792545,92.75,2.2894936779254493,NULL,0,92.75,NULL,False
370,0.00018377335314040703,NULL,5,0,nan,nan,nan,nan,nan,nan,False,NULL,0.25,NULL,0.0,92.75,95.03949367792545,92.75,2.2894936779254493,NULL,0,92.75,NULL,True
371,0.00018377655314040812,candidate,0,1,3691406248.7412086,3692304601.568874,0.010568249506702166,25.814526123578293,0.9906071357168633,70.875,False,refined,0.0,rank_1,0.0011119697059181483,95.50111196970592,95.50111196970592,93.0,2.501111969705917,NULL,0,93.0,NULL,False
371,0.00018377655314040812,candidate,1,2,3925781248.6612854,3925322023.885143,0.009429153400843052,24.823918987861433,-0.9906071357168633,75.375,False,refined,0.06191294598230396,NULL,3.0,95.8119129459823,95.50111196970592,93.0,2.501111969705917,NULL,0,93.0,NULL,False
371,0.00018377655314040812,candidate,2,3,4042968748.6213236,4046103542.505516,0.008320158218177772,23.73709666352184,-2.0774294600564547,77.625,False,refined,0.12983934125352842,NULL,3.0,95.87983934125353,95.50111196970592,93.0,2.501111969705917,NULL,0,93.0,NULL,False
371,0.00018377655314040812,candidate,3,4,4208984373.5647116,4205510938.0192137,0.005262675231415541,19.75859635907255,-6.0559297645057475,80.8125,False,refined,0.3784956102816093,NULL,3.0,96.1284956102816,95.50111196970592,93.0,2.501111969705917,NULL,0,93.0,NULL,False
371,0.00018377655314040812,candidate,4,5,3574218748.7811704,3576613599.1036468,0.0034208913746812293,16.01725064369079,-9.797275479887503,68.625,False,refined,0.6123297174929689,NULL,3.0,96.36232971749297,95.50111196970592,93.0,2.501111969705917,NULL,0,93.0,NULL,False
371,0.00018377655314040812,NULL,5,0,nan,nan,nan,nan,nan,nan,False,NULL,0.25,NULL,0.0,93.0,95.50111196970592,93.0,2.501111969705917,NULL,0,93.0,NULL,True
372,0.0001837797531404092,candidate,0,1,3955078123.651295,3958972076.5774074,0.013339509061171203,32.35440900256524,2.613433281143349,75.9375,False,refined,0.0,rank_2,0.11323260461921814,95.92514555060151,95.81550917754437,93.25,2.565509177544371,NULL,0,93.25,NULL,False
372,0.0001837797531404092,candidate,1,2,3710937498.7345486,3709737286.5082483,0.007905584052010037,27.81029128386279,-4.544117718702454,71.25,False,refined,0.2840073574189034,rank_1,0.030389850419549263,95.81550917754437,95.81550917754437,93.25,2.565509177544371,NULL,0,93.25,NULL,False
372,0.0001837797531404092,candidate,2,3,4228515623.558051,4228846745.8845935,0.005954000067759715,25.347788780108367,-7.006620222456874,81.1875,False,refined,0.43791376390355463,NULL,3.0,96.43791376390355,95.81550917754437,93.25,2.565509177544371,NULL,0,93.25,NULL,False
372,0.0001837797531404092,candidate,3,4,3828124998.6945868,3824184772.5102596,0.004788586135351132,23.45575815020318,-8.89865085236206,73.5,False,refined,0.5561656782726287,NULL,3.0,96.55616567827263,95.81550917754437,93.25,2.565509177544371,NULL,0,93.25,NULL,False
372,0.0001837797531404092,candidate,4,5,3544921873.7911606,3542798437.072801,0.002925510822712964,19.175646256850722,-13.178762745714518,68.0625,False,refined,0.75,NULL,3.0,96.75,95.81550917754437,93.25,2.565509177544371,NULL,0,93.25,NULL,False
372,0.0001837797531404092,NULL,5,0,nan,nan,nan,nan,nan,nan,False,NULL,0.25,NULL,0.0,93.25,95.81550917754437,93.25,2.565509177544371,NULL,0,93.25,NULL,True
373,0.0001837829531404103,candidate,0,1,3945312498.654625,3943925457.898201,0.015354505523468738,34.902089926606045,4.196670695226987,75.75,False,refined,0.0,rank_1,0.02264007336774421,95.94778562396925,95.94778562396925,93.5,2.447785623969253,NULL,0,93.5,NULL,False
373,0.0001837829531404103,candidate,1,2,3828124998.6945868,3823871142.7818165,0.00696881490433476,28.04055181825064,-6.861538108355405,73.5,False,refined,0.4288461317722128,NULL,3.0,96.67884613177222,95.94778562396925,93.5,2.447785623969253,NULL,0,93.5,NULL,False
373,0.0001837829531404103,candidate,2,3,4218749998.5613813,4223071051.093952,0.0044290256001990195,24.103537038057972,-10.798552888548073,81.0,False,refined,0.6749095555342546,NULL,3.0,96.92490955553426,95.94778562396925,93.5,2.447785623969253,NULL,0,93.5,NULL,False
373,0.0001837829531404103,candidate,3,4,3613281248.76785,3612327848.4272137,0.00267542182883265,19.72521855027204,-15.176871376334006,69.375,False,refined,0.75,NULL,3.0,97.0,95.94778562396925,93.5,2.447785623969253,NULL,0,93.5,NULL,False
373,0.0001837829531404103,candidate,4,5,3320312498.867754,3317760436.950718,0.0017721045930694141,16.147160251228012,-18.754929675378037,63.75,False,refined,0.75,NULL,3.0,97.0,95.94778562396925,93.5,2.447785623969253,NULL,0,93.5,NULL,False
373,0.0001837829531404103,NULL,5,0,nan,nan,nan,nan,nan,nan,False,NULL,0.25,NULL,0.0,93.5,95.94778562396925,93.5,2.447785623969253,NULL,0,93.5,NULL,True
374,0.0001837861531404114,candidate,0,1,3916015623.6646156,3913770897.230152,0.01613097744076602,35.08564874770711,7.871763924850006,75.1875,False,refined,0.0,rank_1,0.09092975290830392,96.03871537687756,96.03871537687756,93.75,2.288715376877562,NULL,0,93.75,NULL,False
374,0.0001837861531404114,candidate,1,2,4062499998.6146636,4060111874.3484354,0.006517371656834443,27.213884822857104,-7.871763924850006,78.0,False,refined,0.4919852453031254,NULL,3.0,96.99198524530313,96.03871537687756,93.75,2.288715376877562,NULL,0,93.75,NULL,False
374,0.0001837861531404114,candidate,2,3,3730468748.727888,3732632126.4343934,0.006261936000878717,26.86660756433057,-8.219041183376534,71.625,False,refined,0.5136900739610334,NULL,3.0,97.01369007396103,96.03871537687756,93.75,2.288715376877562,NULL,0,93.75,NULL,False
374,0.0001837861531404114,candidate,3,4,4316406248.52808,4312104538.72336,0.0030461070324537595,20.60733825644612,-14.478310491260986,82.875,False,refined,0.75,NULL,3.0,97.25,96.03871537687756,93.75,2.288715376877562,NULL,0,93.75,NULL,False
374,0.0001837861531404114,candidate,4,5,4189453123.5713716,4192335161.596279,0.0029802996057065635,20.417633577804153,-14.668015169902953,80.4375,False,refined,0.75,NULL,3.0,97.25,96.03871537687756,93.75,2.288715376877562,NULL,0,93.75,NULL,False
374,0.0001837861531404114,NULL,5,0,nan,nan,nan,nan,nan,nan,False,NULL,0.25,NULL,0.0,93.75,96.03871537687756,93.75,2.288715376877562,NULL,0,93.75,NULL,True
375,0.00018378935314041249,candidate,0,1,3876953123.677936,3881153238.680864,0.015992986277325646,34.70008494379166,9.127385562735618,74.4375,False,refined,0.0,rank_1,0.10639116492379586,96.14510654180135,96.14510654180135,94.0,2.145106541801354,NULL,0,94.0,NULL,False
375,0.00018378935314041249,candidate,1,2,3730468748.727888,3728954693.9318557,0.005591911461424777,25.572699381056037,-9.127385562735618,71.625,False,refined,0.5704615976709762,NULL,3.0,97.32046159767097,96.14510654180135,94.0,2.145106541801354,NULL,0,94.0,NULL,False
375,0.00018378935314041249,candidate,2,3,4042968748.6213236,4044789000.44482,0.0037672436178037326,22.14196776778597,-12.558117176005684,77.625,False,refined,0.75,NULL,3.0,97.5,96.14510654180135,94.0,2.145106541801354,NULL,0,94.0,NULL,False
375,0.00018378935314041249,candidate,3,4,4335937498.52142,4336206994.426365,0.0029927024030660886,20.142764299079367,-14.557320644712291,83.25,False,refined,0.75,NULL,3.0,97.5,96.14510654180135,94.0,2.145106541801354,NULL,0,94.0,NULL,False
375,0.00018378935314041249,candidate,4,5,3408203123.837783,3409572769.5084906,0.0026842751042094985,19.094910054307483,-15.502050822761625,65.4375,False,refined,0.75,NULL,3.0,97.5,96.14510654180135,94.0,2.145106541801354,NULL,0,94.0,NULL,False
375,0.00018378935314041249,NULL,5,0,nan,nan,nan,nan,nan,nan,False,NULL,0.25,NULL,0.0,94.0,96.14510654180135,94.0,2.145106541801354,NULL,0,94.0,NULL,True
376,0.00018379255314041358,candidate,0,1,3857421873.6845965,3860851345.4242363,0.012803811060114715,33.58803822658179,8.844270072995544,74.0625,False,refined,0.0,rank_1,0.041216686980349956,96.1863232287817,96.1863232287817,94.25,1.9363232287817027,NULL,0,94.25,NULL,False
376,0.00018379255314041358,candidate,1,2,3720703123.7312183,3720472192.030503,0.004625149266386547,24.743768153586245,-8.844270072995544,71.4375,False,refined,0.5527668795622215,NULL,3.0,97.55276687956223,96.1863232287817,94.25,1.9363232287817027,NULL,0,94.25,NULL,False
376,0.00018379255314041358,candidate,2,3,4316406248.52808,4312241112.916465,0.0026205697921546974,19.809167700072187,-13.778870526509603,82.875,False,refined,0.75,NULL,3.0,97.75,96.1863232287817,94.25,1.9363232287817027,NULL,0,94.25,NULL,False
376,0.00018379255314041358,candidate,3,4,3388671873.844443,3386708478.5107,0.002437755928619646,19.18105751613271,-14.40698071044908,65.0625,False,refined,0.75,NULL,3.0,97.75,96.1863232287817,94.25,1.9363232287817027,NULL,0,94.25,NULL,False
376,0.00018379255314041358,candidate,4,5,4160156248.5813622,4161827254.3671064,0.0022497665830024044,18.484002323410074,-15.104035903171713,79.875,False,refined,0.75,NULL,3.0,97.75,96.1863232287817,94.25,1.9363232287817027,NULL,0,94.25,NULL,False
376,0.00018379255314041358,NULL,5,0,nan,nan,nan,nan,nan,nan,False,NULL,0.25,NULL,0.0,94.25,96.1863232287817,94.25,1.9363232287817027,NULL,0,94.25,NULL,True
377,0.00018379575314041467,candidate,0,1,3837890623.6912565,3840703579.630316,0.009186396958091444,31.552286524331883,5.906834787511626,73.6875,False,refined,0.0,rank_1,0.04059324664866736,96.22691647543037,96.22691647543037,94.5,1.7269164754303716,NULL,0,94.5,NULL,False
377,0.00018379575314041467,candidate,1,2,3710937498.7345486,3715591311.173413,0.004653754494212863,25.64545173682026,-5.906834787511626,71.25,False,refined,0.3691771742194766,NULL,3.0,97.61917717421947,96.22691647543037,94.5,1.7269164754303716,NULL,0,94.5,NULL,False
377,0.00018379575314041467,candidate,2,3,4160156248.5813622,4164504254.690748,0.002712919671509638,20.95812105741487,-10.594165466917014,79.875,False,refined,0.6621353416823134,NULL,3.0,97.91213534168232,96.22691647543037,94.5,1.7269164754303716,NULL,0,94.5,NULL,False
377,0.00018379575314041467,candidate,3,4,3359374998.8544335,3357320093.2731857,0.002381558212965285,19.82660639487947,-11.725680129452414,64.5,False,refined,0.7328550080907759,NULL,3.0,97.98285500809078,96.22691647543037,94.5,1.7269164754303716,NULL,0,94.5,NULL,False
377,0.00018379575314041467,candidate,4,5,3603515623.77118,3604260492.141468,0.002225566665781627,19.23819452209454,-12.314092002237347,69.1875,False,refined,0.75,NULL,3.0,98.0,96.22691647543037,94.5,1.7269164754303716,NULL,0,94.5,NULL,False
377,0.00018379575314041467,NULL,5,0,nan,nan,nan,nan,nan,nan,False,NULL,0.25,NULL,0.0,94.5,96.22691647543037,94.5,1.7269164754303716,NULL,0,94.5,NULL,True
378,0.00018379895314041576,candidate,0,1,3818359373.697917,3815748570.862494,0.005861821292491422,26.75516521760376,1.0929724976401278,73.3125,False,refined,0.0,rank_1,0.06227524626020623,96.28919172169057,96.28919172169057,94.75,1.539191721690571,NULL,0,94.75,NULL,False
378,0.00018379895314041576,candidate,1,2,3710937498.7345486,3707200134.608309,0.005168731223366228,25.662192719963635,-1.0929724976401278,71.25,False,refined,0.06831078110250799,NULL,3.0,97.56831078110251,96.28919172169057,94.75,1.539191721690571,NULL,0,94.75,NULL,False
378,0.00018379895314041576,candidate,2,3,4160156248.5813622,4160557668.6455817,0.0027141849093114145,20.067302365865174,-6.687862851738586,79.875,False,refined,0.41799142823366164,NULL,3.0,97.91799142823366,96.28919172169057,94.75,1.539191721690571,NULL,0,94.75,NULL,False
378,0.00018379895314041576,candidate,3,4,3359374998.8544335,3362510568.3536425,0.002202354583802404,18.252258587642302,-8.502906629961462,64.5,False,refined,0.5314316643725914,NULL,3.0,98.03143166437259,96.28919172169057,94.75,1.539191721690571,NULL,0,94.75,NULL,False
378,0.00018379895314041576,candidate,4,5,4414062498.494779,4416597999.268545,0.0019444403763096895,17.17040634795877,-9.584758869644991,84.75,False,refined,0.599047429352812,NULL,3.0,98.09904742935281,96.28919172169057,94.75,1.539191721690571,NULL,0,94.75,NULL,False
378,0.00018379895314041576,NULL,5,0,nan,nan,nan,nan,nan,nan,False,NULL,0.25,NULL,0.0,94.75,96.28919172169057,94.75,1.539191721690571,NULL,0,94.75,NULL,True
379,0.00018380215314041685,candidate,0,1,3710937498.7345486,3707278660.3522863,0.006294471924957652,28.282212989253857,2.5638539389347414,71.25,False,refined,0.0,rank_1,1.1765721486092455,97.46576387029981,97.46576387029981,95.0,2.46576387029981,NULL,0,95.0,NULL,False
379,0.00018380215314041685,candidate,1,2,3398437498.8411126,3395078836.1263185,0.002554086381142667,20.447738599868728,-7.834474389385129,65.25,False,refined,0.48965464933657055,NULL,3.0,98.23965464933657,97.46576387029981,95.0,2.46576387029981,NULL,0,95.0,NULL,False
379,0.00018380215314041685,candidate,2,3,4150390623.5846925,4150703159.1603384,0.0022174413705956277,19.206613701704434,-9.062143099097932,79.6875,False,refined,0.5663839436936208,NULL,3.0,98.31638394369362,97.46576387029981,95.0,2.46576387029981,NULL,0,95.0,NULL,False
379,0.00018380215314041685,candidate,3,4,4404296873.498109,4400276289.668431,0.001977590379080261,18.22575378464018,-10.05645920461368,84.5625,False,refined,0.628528700288355,NULL,3.0,98.37852870028836,97.46576387029981,95.0,2.46576387029981,NULL,0,95.0,NULL,False
379,0.00018380215314041685,candidate,4,5,3935546873.657955,3934388139.477792,0.0017430377786459964,17.11570678694941,-11.153050013852956,75.5625,False,refined,0.6970656258658098,rank_1,1.4075347241223952,98.39379207167877,97.46576387029981,95.0,2.46576387029981,NULL,0,95.0,NULL,False
379,0.00018380215314041685,NULL,5,0,nan,nan,nan,nan,nan,nan,False,NULL,0.25,NULL,0.0,95.0,97.46576387029981,95.0,2.46576387029981,NULL,0,95.0,NULL,True
380,0.00018380535314041794,candidate,0,1,3701171873.737879,3699438718.950425,0.007642188042902709,31.482978550185912,3.317917440825404,71.0625,False,refined,0.0,rank_1,0.006146468118461721,97.47191033841827,97.47191033841827,95.25,2.221910338418269,NULL,0,95.25,NULL,False
380,0.00018380535314041794,candidate,1,2,3818359373.697917,3821597243.8455315,0.005215811020702077,28.165061109360508,-3.317917440825404,73.3125,False,refined,0.20736984005158776,NULL,3.0,98.20736984005158,97.47191033841827,95.25,2.221910338418269,NULL,0,95.25,NULL,False
380,0.00018380535314041794,candidate,2,3,3427734373.8311224,3424915639.571321,0.0038835297596269643,25.603156906738462,-5.8798216434474515,65.8125,False,refined,0.3674888527154657,NULL,3.0,98.36748885271547,97.47191033841827,95.25,2.221910338418269,NULL,0,95.25,NULL,False
380,0.00018380535314041794,candidate,3,4,3984374998.6413045,3984697351.202905,0.002688008581933192,22.32163484637124,-9.075741374907587,76.5,False,refined,0.5672338359317242,NULL,3.0,98.56723383593173,97.47191033841827,95.25,2.221910338418269,NULL,0,95.25,NULL,False
380,0.00018380535314041794,candidate,4,5,4130859373.5913525,4135346013.7401524,0.001924862600898056,19.421016516826146,-11.976359704452681,79.3125,False,refined,0.7485224815282926,NULL,3.0,98.7485224815283,97.47191033841827,95.25,2.221910338418269,NULL,0,95.25,NULL,False
380,0.00018380535314041794,NULL,5,0,nan,nan,nan,nan,nan,nan,False,NULL,0.25,NULL,0.0,95.25,97.47191033841827,95.25,2.221910338418269,NULL,0,95.25,NULL,True
381,0.00018380855314041903,candidate,0,1,3681640623.744539,3681439470.554058,0.00713699121210892,29.126739779677806,2.0044798061886127,70.6875,False,refined,0.0,rank_1,0.032397294283412266,97.50430763270168,97.50430763270168,95.5,2.004307632701682,NULL,0,95.5,NULL,False
381,0.00018380855314041903,candidate,1,2,3535156248.794491,3538911738.8981657,0.005591994432452207,27.00777114644651,-2.1189686332312974,67.875,False,refined,0.13243553957695609,NULL,3.0,98.38243553957696,97.50430763270168,95.5,2.004307632701682,NULL,0,95.5,NULL,False
381,0.00018380855314041903,candidate,2,3,3994140623.6379743,3990718962.046253,0.005066916745674176,26.151311909054407,-2.975427870623397,76.6875,False,refined,0.18596424191396232,NULL,3.0,98.43596424191396,97.50430763270168,95.5,2.004307632701682,NULL,0,95.5,NULL,False
381,0.00018380855314041903,candidate,3,4,3417968748.8344526,3415016954.988669,0.004316273996564531,24.758616656576393,-4.368123123101411,65.625,False,refined,0.27300769519383816,NULL,3.0,98.52300769519384,97.50430763270168,95.5,2.004307632701682,NULL,0,95.5,NULL,False
381,0.00018380855314041903,candidate,4,5,4111328123.598013,4108049171.7873526,0.0027198706552904314,20.747401568605063,-8.379338211072742,78.9375,False,refined,0.5237086381920464,NULL,3.0,98.77370863819205,97.50430763270168,95.5,2.004307632701682,NULL,0,95.5,NULL,False
381,0.00018380855314041903,NULL,5,0,nan,nan,nan,nan,nan,nan,False,NULL,0.25,NULL,0.0,95.5,97.50430763270168,95.5,2.004307632701682,NULL,0,95.5,NULL,True
382,0.00018381175314042012,candidate,0,1,3574218748.7811704,3578736211.887542,0.007592574347852856,28.590755567830417,0.6612430645585388,68.625,False,refined,0.0,NULL,3.0,98.5,98.47839488763249,95.75,2.72839488763249,NULL,0,95.75,NULL,False
382,0.00018381175314042012,candidate,1,2,3994140623.6379743,3994040037.4498167,0.007036017323534587,27.92951250327188,-0.6612430645585388,76.6875,False,refined,0.04132769153490867,rank_3,0.0011029541836154462,98.47839488763249,98.47839488763249,95.75,2.72839488763249,NULL,0,95.75,NULL,False
382,0.00018381175314042012,candidate,2,3,3789062498.707907,3789788751.740625,0.005375201532003468,25.59086953904246,-2.999886028787957,72.75,False,refined,0.1874928767992473,NULL,3.0,98.68749287679925,98.47839488763249,95.75,2.72839488763249,NULL,0,95.75,NULL,False
382,0.00018381175314042012,candidate,3,4,3388671873.844443,3388898002.012758,0.0036800742726381484,22.300106178934467,-6.29064938889595,65.0625,False,refined,0.3931655868059969,NULL,3.0,98.89316558680599,98.47839488763249,95.75,2.72839488763249,NULL,0,95.75,NULL,False
382,0.00018381175314042012,candidate,4,5,419921874.8568042,423203879.708828,0.0014691967106739536,14.324573448809463,-14.266182119020954,8.0625,False,refined,0.75,NULL,3.0,99.25,98.47839488763249,95.75,2.72839488763249,NULL,0,95.75,NULL,False
382,0.00018381175314042012,NULL,5,0,nan,nan,nan,nan,nan,nan,False,NULL,0.25,NULL,0.0,95.75,98.47839488763249,95.75,2.72839488763249,NULL,0,95.75,NULL,True
383,0.00018381495314042122,candidate,0,1,4003906248.6346445,4007993816.8045373,0.006755580923741167,27.471433303124577,0.7378022428384234,76.875,False,refined,0.0,rank_2,0.01947079582802266,98.49786568346052,98.49786568346052,96.0,2.4978656834605175,NULL,0,96.0,NULL,False
383,0.00018381495314042122,candidate,1,2,3593749998.77451,3590531234.665185,0.006205440110410296,26.733631060286154,-0.7378022428384234,69.0,False,refined,0.046112640177401465,rank_1,0.013912256232512198,98.56002489640991,98.49786568346052,96.0,2.4978656834605175,NULL,0,96.0,NULL,False
383,0.00018381495314042122,candidate,2,3,3798828123.704577,3802816790.803553,0.003624471002534281,22.063071880477985,-5.408361422646593,72.9375,False,refined,0.33802258891541204,rank_3,0.01697298018251831,99.04248844589718,98.49786568346052,96.0,2.4978656834605175,NULL,0,96.0,NULL,False
383,0.00018381495314042122,candidate,3,4,4140624998.588022,4136154387.521639,0.002462899038199159,18.70711147238964,-8.764321830734936,79.5,False,refined,0.5477701144209335,NULL,3.0,99.29777011442093,98.49786568346052,96.0,2.4978656834605175,NULL,0,96.0,NULL,False
383,0.00018381495314042122,candidate,4,5,3339843748.8610935,3344564184.3891234,0.002418664922850122,18.54969341389061,-8.92173988923397,64.125,False,refined,0.5576087430771232,NULL,3.0,99.30760874307713,98.49786568346052,96.0,2.4978656834605175,NULL,0,96.0,NULL,False
383,0.00018381495314042122,NULL,5,0,nan,nan,nan,nan,nan,nan,False,NULL,0.25,NULL,0.0,96.0,98.49786568346052,96.0,2.4978656834605175,NULL,0,96.0,NULL,True
384,0.0001838181531404223,candidate,0,1,4023437498.627984,4025271720.0415425,0.005106673778146591,26.83349511814276,0.6301122804394321,77.25,False,refined,0.0,rank_1,0.029852594026731596,98.52771827748725,98.52771827748725,96.25,2.277718277487253,NULL,0,96.25,NULL,False
384,0.0001838181531404223,candidate,1,2,3623046873.7645197,3625367632.830601,0.004749331688729492,26.20338283770333,-0.6301122804394321,69.5625,False,refined,0.03938201752746451,rank_2,0.12135746371394159,98.7207643776513,98.52771827748725,96.25,2.277718277487253,NULL,0,96.25,NULL,False
384,0.0001838181531404223,candidate,2,3,3505859373.8044815,3506581438.9156356,0.0038270125242070405,24.327930480562454,-2.5055646375803065,67.3125,False,refined,0.15659778984876915,NULL,3.0,99.15659778984877,98.52771827748725,96.25,2.277718277487253,NULL,0,96.25,NULL,False
384,0.0001838181531404223,candidate,3,4,3808593748.701247,3811244213.872449,0.0030734130736144154,22.423151497397342,-4.4103436207454205,73.125,False,refined,0.2756464762965888,NULL,3.0,99.27564647629659,98.52771827748725,96.25,2.277718277487253,NULL,0,96.25,NULL,False
384,0.0001838181531404223,candidate,4,5,4257812498.548061,4253604649.607755,0.002737316500571239,21.417233117776043,-5.416262000366716,81.75,False,refined,0.33851637502291976,NULL,3.0,99.33851637502292,98.52771827748725,96.25,2.277718277487253,NULL,0,96.25,NULL,False
384,0.0001838181531404223,NULL,5,0,nan,nan,nan,nan,nan,nan,False,NULL,0.25,NULL,0.0,96.25,98.52771827748725,96.25,2.277718277487253,NULL,0,96.25,NULL,True
385,0.0001838213531404234,candidate,0,1,3652343748.7545295,3649508860.6145835,0.006577511255809196,30.086881600454554,3.7480354909164504,70.125,False,refined,0.0,rank_2,0.05827988789181179,98.77904426554312,98.77904426554312,96.5,2.2790442655431207,NULL,0,96.5,NULL,False
385,0.0001838213531404234,candidate,1,2,3798828123.704577,3795149326.2811418,0.004272281154110789,26.338846109538103,-3.7480354909164504,72.9375,False,refined,0.23425221818227815,NULL,3.0,99.48425221818228,98.77904426554312,96.5,2.2790442655431207,NULL,0,96.5,NULL,False
385,0.0001838213531404234,candidate,2,3,4023437498.627984,4028293035.5127897,0.003751970990061104,25.210839037299362,-4.876042563155192,77.25,False,refined,0.3047526601971995,rank_1,0.0009128347176797667,98.83338377240213,98.77904426554312,96.5,2.2790442655431207,NULL,0,96.5,NULL,False
385,0.0001838213531404234,candidate,3,4,3476562498.8144717,3475389515.631932,0.003384685294427001,24.3160154917768,-5.770866108677755,66.75,False,refined,0.36067913179235966,NULL,3.0,99.61067913179237,98.77904426554312,96.5,2.2790442655431207,NULL,0,96.5,NULL,False
385,0.0001838213531404234,candidate,4,5,4228515623.558051,4227079020.944546,0.0026750577972106705,22.272312997719332,-7.814568602735221,81.1875,False,refined,0.48841053767095133,NULL,3.0,99.73841053767094,98.77904426554312,96.5,2.2790442655431207,NULL,0,96.5,NULL,False
385,0.0001838213531404234,NULL,5,0,nan,nan,nan,nan,nan,nan,False,NULL,0.25,NULL,0.0,96.5,98.77904426554312,96.5,2.2790442655431207,NULL,0,96.5,NULL,True
386,0.0001838245531404245,candidate,0,1,3652343748.7545295,3652200403.2733836,0.00841334352063086,32.477433627027786,2.545114062300353,70.125,False,refined,0.0,rank_1,0.0007244401884140847,98.77976870573154,98.77976870573154,96.75,2.0297687057315414,NULL,0,96.75,NULL,False
386,0.0001838245531404245,candidate,1,2,3779296873.7112374,3781120964.928634,0.00627643330995875,29.91545901235373,-2.545114062300353,72.5625,False,refined,0.15906962889377207,NULL,3.0,99.65906962889377,98.77976870573154,96.75,2.0297687057315414,NULL,0,96.75,NULL,False
386,0.0001838245531404245,candidate,2,3,3964843748.647965,3964366621.657481,0.00430317786155367,26.636986579811037,-5.823586494843047,76.125,False,refined,0.36397415592769045,rank_3,0.40865863884001824,99.60601656716985,98.77976870573154,96.75,2.0297687057315414,NULL,0,96.75,NULL,False
386,0.0001838245531404245,candidate,3,4,3447265623.824462,3452015468.830851,0.0036258620126089405,25.166286640126092,-7.311146986901695,66.1875,False,refined,0.45694668668135596,NULL,3.0,99.95694668668136,98.77976870573154,96.75,2.0297687057315414,NULL,0,96.75,NULL,False
386,0.0001838245531404245,candidate,4,5,4111328123.598013,4110287611.2562904,0.0031259330366464446,23.877654600258076,-8.599779026769712,78.9375,False,refined,0.537486189173107,NULL,3.0,100.03748618917311,98.77976870573154,96.75,2.0297687057315414,NULL,0,96.75,NULL,False
386,0.0001838245531404245,NULL,5,0,nan,nan,nan,nan,nan,nan,False,NULL,0.25,NULL,0.0,96.75,98.77976870573154,96.75,2.0297687057315414,NULL,0,96.75,NULL,True
387,0.00018382775314042558,candidate,0,1,3652343748.7545295,3649089416.117168,0.008801100161468144,32.32548727032062,0.20216413205821127,70.125,False,refined,0.0,rank_1,0.0009678241086138846,98.78073652984015,98.78073652984015,97.0,1.780736529840155,NULL,0,97.0,NULL,False
387,0.00018382775314042558,candidate,1,2,3798828123.704577,3797624353.564656,0.008598620007830135,32.123323138262414,-0.20216413205821127,72.9375,False,refined,0.012635258253638204,rank_2,0.02723618364715674,99.69894107079458,98.78073652984015,97.0,1.780736529840155,NULL,0,97.0,NULL,False
387,0.00018382775314042558,candidate,2,3,3925781248.6612854,3923931828.940171,0.005587256834129502,28.378720707578474,-3.94676656274215,75.375,False,refined,0.24667291017138437,NULL,3.0,99.99667291017138,98.78073652984015,97.0,1.780736529840155,NULL,0,97.0,NULL,False
387,0.00018382775314042558,candidate,3,4,3427734373.8311224,3428864822.753333,0.004356312545819806,26.2171286171328,-6.1083586531878264,65.8125,False,refined,0.38177241582423915,NULL,3.0,100.13177241582424,98.78073652984015,97.0,1.780736529840155,NULL,0,97.0,NULL,False
387,0.00018382775314042558,candidate,4,5,4160156248.5813622,4160518213.30959,0.004124393794713972,25.741950495111283,-6.583536775209344,79.875,False,refined,0.411471048450584,NULL,3.0,100.16147104845058,98.78073652984015,97.0,1.780736529840155,NULL,0,97.0,NULL,False
387,0.00018382775314042558,NULL,5,0,nan,nan,nan,nan,nan,nan,False,NULL,0.25,NULL,0.0,97.0,98.78073652984015,97.0,1.780736529840155,NULL,0,97.0,NULL,True
388,0.00018383095314042667,candidate,0,1,3818359373.697917,3816052286.806804,0.010047572322808956,32.31471701609657,3.003808299270445,73.3125,False,refined,0.0,rank_2,0.03395887235770781,99.73289994315228,98.97964463047313,97.25,1.7296446304731319,NULL,0,97.25,NULL,False
388,0.00018383095314042667,candidate,1,2,3662109373.7511992,3659658276.949142,0.007110018421923913,29.310908716826127,-3.003808299270445,70.3125,False,refined,0.18773801870440282,rank_1,0.011170081928563478,98.97964463047313,98.97964463047313,97.25,1.7296446304731319,NULL,0,97.25,NULL,False
388,0.00018383095314042667,candidate,2,3,4169921873.578032,4172192084.387937,0.004413160496144006,25.16848863704694,-7.146228379049631,80.0625,False,refined,0.4466392736906019,NULL,3.0,100.44663927369061,98.97964463047313,97.25,1.7296446304731319,NULL,0,97.25,NULL,False
388,0.00018383095314042667,candidate,3,4,3447265623.824462,3442764243.8482556,0.004265642241378782,24.873182766092413,-7.441534250004156,66.1875,False,refined,0.46509589062525974,NULL,3.0,100.46509589062526,98.97964463047313,97.25,1.7296446304731319,NULL,0,97.25,NULL,False
388,0.00018383095314042667,candidate,4,5,4033203123.624654,4036908364.561908,0.002542258469595435,20.377888254649825,-11.936828761446744,77.4375,False,refined,0.7460517975904215,NULL,3.0,100.74605179759043,98.97964463047313,97.25,1.7296446304731319,NULL,0,97.25,NULL,False
388,0.00018383095314042667,NULL,5,0,nan,nan,nan,nan,nan,nan,False,NULL,0.25,NULL,0.0,97.25,98.97964463047313,97.25,1.7296446304731319,NULL,0,97.25,NULL,True
389,0.00018383415314042776,candidate,0,1,3828124998.6945868,3823657666.8004146,0.009027621410889742,31.448459403063787,3.6007986514423695,73.5,False,refined,0.0,rank_1,0.0057841804847209065,99.738684123637,99.21439704345529,97.5,1.7143970434552926,NULL,0,97.5,NULL,False
389,0.00018383415314042776,candidate,1,2,3671874998.747869,3669508402.464596,0.005963941918658202,27.84766075162142,-3.6007986514423695,70.5,False,refined,0.2250499157151481,rank_2,0.00970249726701943,99.21439704345529,99.21439704345529,97.5,1.7143970434552926,NULL,0,97.5,NULL,False
389,0.00018383415314042776,candidate,2,3,3544921873.7911606,3540960281.68395,0.0042903309236716905,24.986808478654552,-6.461650924409232,68.0625,False,refined,0.403853182775577,NULL,3.0,100.65385318277558,99.21439704345529,97.5,1.7143970434552926,NULL,0,97.5,NULL,False
389,0.00018383415314042776,candidate,3,4,4169921873.578032,4172750317.2023644,0.004254386019245257,24.913730501545395,-6.534728901518392,80.0625,False,refined,0.4084205563448995,NULL,3.0,100.6584205563449,99.21439704345529,97.5,1.7143970434552926,NULL,0,97.5,NULL,False
389,0.00018383415314042776,candidate,4,5,4042968748.6213236,4045698879.0805454,0.0032162461320594453,22.483978183801074,-8.964481219262712,77.625,False,refined,0.5602800762039195,NULL,3.0,100.81028007620392,99.21439704345529,97.5,1.7143970434552926,NULL,0,97.5,NULL,False
389,0.00018383415314042776,NULL,5,0,nan,nan,nan,nan,nan,nan,False,NULL,0.25,NULL,0.0,97.5,99.21439704345529,97.5,1.7143970434552926,NULL,0,97.5,NULL,True
390,0.00018383735314042885,candidate,0,1,3652343748.7545295,3653244488.754289,0.006278181410410554,29.58378588798056,0.9260788278766618,70.125,False,refined,0.0,rank_2,0.02645148891763004,99.24084853237292,99.24084853237292,97.75,1.4908485323729224,NULL,0,97.75,NULL,False
390,0.00018383735314042885,candidate,1,2,3818359373.697917,3815671994.3341613,0.005643258173300282,28.657707060103903,-0.9260788278766618,73.3125,False,refined,0.057879926742291365,rank_1,0.006377096473827576,99.80294114685312,99.24084853237292,97.75,1.4908485323729224,NULL,0,97.75,NULL,False
390,0.00018383735314042885,candidate,2,3,3476562498.8144717,3479711934.151182,0.004272139409311465,26.240016999759916,-3.343768888220646,66.75,False,refined,0.2089855555137904,NULL,3.0,100.70898555551379,99.24084853237292,97.75,1.4908485323729224,NULL,0,97.75,NULL,False
390,0.00018383735314042885,candidate,3,4,4179687498.574702,4183462189.94308,0.003593205837402802,24.736750606028632,-4.84703528195193,80.25,False,refined,0.30293970512199564,NULL,3.0,100.802939705122,99.24084853237292,97.75,1.4908485323729224,NULL,0,97.75,NULL,False
390,0.00018383735314042885,candidate,4,5,4042968748.6213236,4038649158.781578,0.0033577534267906516,24.148084695013196,-5.435701192967368,77.625,False,refined,0.3397313245604605,NULL,3.0,100.83973132456046,99.24084853237292,97.75,1.4908485323729224,NULL,0,97.75,NULL,False
390,0.00018383735314042885,NULL,5,0,nan,nan,nan,nan,nan,nan,False,NULL,0.25,NULL,0.0,97.75,99.24084853237292,97.75,1.4908485323729224,NULL,0,97.75,NULL,True
391,0.00018384055314042995,candidate,0,1,3632812498.7611895,3633170056.783046,0.007351068752796191,33.10688958182186,5.4736244431398,69.75,False,refined,0.0,rank_1,0.04029828189680784,99.28114681426973,99.28114681426973,98.0,1.2811468142697322,NULL,0,98.0,NULL,False
391,0.00018384055314042995,candidate,1,2,3476562498.8144717,3479542033.3876863,0.003914436591331628,27.63326513868206,-5.4736244431398,66.75,False,refined,0.3421015276962375,rank_3,2.886626943649725e-06,101.05108996983698,99.28114681426973,98.0,1.2811468142697322,NULL,0,98.0,NULL,False
391,0.00018384055314042995,candidate,2,3,4033203123.624654,4037830886.918793,0.003489325922558386,26.634710626922697,-6.472178954899164,77.4375,False,refined,0.40451118468119773,NULL,3.0,101.1545111846812,99.28114681426973,98.0,1.2811468142697322,NULL,0,98.0,NULL,False
391,0.00018384055314042995,candidate,3,4,3808593748.701247,3807974797.4069543,0.003168280364705412,25.79635200592864,-7.310537575893221,73.125,False,refined,0.4569085984933263,rank_2,0.005924684053620478,100.26577442940007,99.28114681426973,98.0,1.2811468142697322,NULL,0,98.0,NULL,False
391,0.00018384055314042995,candidate,4,5,4208984373.5647116,4208186641.033758,0.0025703582424856297,23.979753032220373,-9.127136549601484,80.8125,False,refined,0.5704460343500928,NULL,3.0,101.3204460343501,99.28114681426973,98.0,1.2811468142697322,NULL,0,98.0,NULL,False
391,0.00018384055314042995,NULL,5,0,nan,nan,nan,nan,nan,nan,False,NULL,0.25,NULL,0.0,98.0,99.28114681426973,98.0,1.2811468142697322,NULL,0,98.0,NULL,True
392,0.00018384375314043104,candidate,0,1,3652343748.7545295,3649328093.3205996,0.00578608313241142,31.111292960691685,2.916739166050215,70.125,False,refined,0.0,rank_1,0.02610821447489232,99.30725502874462,99.30725502874462,98.25,1.0572550287446205,NULL,0,98.25,NULL,False
392,0.00018384375314043104,candidate,1,2,3505859373.8044815,3506059053.786775,0.004135687458032718,28.194553794641468,-2.916739166050215,67.3125,False,refined,0.18229619787813844,rank_1,1.6157207082717926,101.07916372041967,99.30725502874462,98.25,1.0572550287446205,NULL,0,98.25,NULL,False
392,0.00018384375314043104,candidate,2,3,3798828123.704577,3799681046.246579,0.00343442439866662,26.58067879325351,-4.530614167438172,72.9375,False,refined,0.28316338546488573,rank_4,0.006878630831022361,100.55581644569598,99.30725502874462,98.25,1.0572550287446205,NULL,0,98.25,NULL,False
392,0.00018384375314043104,candidate,3,4,4033203123.624654,4035531889.757631,0.002920103546580879,25.17156461295314,-5.939728347738544,77.4375,False,refined,0.371233021733659,NULL,3.0,101.37123302173366,99.30725502874462,98.25,1.0572550287446205,NULL,0,98.25,NULL,False
392,0.00018384375314043104,candidate,4,5,3173828123.917706,3169355447.914405,0.002439520013668013,23.60968728549011,-7.5016056752015725,60.9375,False,refined,0.4688503547000983,NULL,3.0,101.4688503547001,99.30725502874462,98.25,1.0572550287446205,NULL,0,98.25,NULL,False
392,0.00018384375314043104,NULL,5,0,nan,nan,nan,nan,nan,nan,False,NULL,0.25,NULL,0.0,98.25,99.30725502874462,98.25,1.0572550287446205,NULL,0,98.25,NULL,True
393,0.00018384695314043213,candidate,0,1,3496093748.8078113,3497645617.6007557,0.004578821683323286,28.596484991003848,0.40598673254854667,67.125,False,refined,0.0,rank_2,0.007078590845622103,101.0862423112653,99.66615089223286,98.5,1.1661508922328636,NULL,0,98.5,NULL,False
393,0.00018384695314043213,candidate,1,2,3720703123.7312183,3725226141.2581415,0.004369727895643893,28.190498258455303,-0.40598673254854667,71.4375,False,refined,0.025374170784284167,rank_1,0.5760513680729417,99.90868056760185,99.66615089223286,98.5,1.1661508922328636,NULL,0,98.5,NULL,False
393,0.00018384695314043213,candidate,2,3,3603515623.77118,3606381255.406596,0.0033204084540190398,25.805240594090613,-2.7912443969132372,69.1875,False,refined,0.17445277480707733,rank_1,0.18444308868116774,99.66615089223286,99.66615089223286,98.5,1.1661508922328636,NULL,0,98.5,NULL,False
393,0.00018384695314043213,candidate,3,4,3232421873.897725,3230902315.180769,0.0026473849659190045,23.837752340148608,-4.758732650855242,62.0625,False,refined,0.2974207906784526,NULL,3.0,101.54742079067846,99.66615089223286,98.5,1.1661508922328636,NULL,0,98.5,NULL,False
393,0.00018384695314043213,candidate,4,5,4033203123.624654,4033783586.5823216,0.0024663010298621776,23.22233206083319,-5.374152930170659,77.4375,False,refined,0.3358845581356662,NULL,3.0,101.58588455813566,99.66615089223286,98.5,1.1661508922328636,NULL,0,98.5,NULL,False
393,0.00018384695314043213,NULL,5,0,nan,nan,nan,nan,nan,nan,False,NULL,0.25,NULL,0.0,98.5,99.66615089223286,98.5,1.1661508922328636,NULL,0,98.5,NULL,True
394,0.00018385015314043322,candidate,0,1,3271484373.8844047,3269398789.4447436,0.004940489931778279,29.558802655104017,0.6464881375281983,62.8125,False,refined,0.0,NULL,3.0,101.5,100.11430944971369,98.75,1.3643094497136872,NULL,0,98.75,NULL,False
394,0.00018385015314043322,candidate,1,2,3486328123.8111415,3483052377.6903586,0.0045861220851012765,28.91231451757582,-0.6464881375281983,66.9375,False,refined,0.040405508595512396,rank_1,0.021296265108240536,101.14794408496904,100.11430944971369,98.75,1.3643094497136872,NULL,0,98.75,NULL,False
394,0.00018385015314043322,candidate,2,3,3789062498.707907,3792685164.679611,0.0037320180864405168,27.122277079371308,-2.436525575732711,72.75,False,refined,0.15228284848329443,rank_2,0.4550719840978396,100.51603540018299,100.11430944971369,98.75,1.3643094497136872,NULL,0,98.75,NULL,False
394,0.00018385015314043322,candidate,3,4,3124999998.9343567,3121185891.765657,0.002286954121123284,22.868551328592215,-6.690251326511802,60.0,False,refined,0.41814070790698765,NULL,3.0,101.91814070790699,100.11430944971369,98.75,1.3643094497136872,NULL,0,98.75,NULL,False
394,0.00018385015314043322,candidate,4,5,3593749998.77451,3596357333.9150395,0.002204354777003724,22.549032138720975,-7.009770516383043,69.0,False,refined,0.43811065727394016,rank_3,0.010047900206889119,100.11430944971369,100.11430944971369,98.75,1.3643094497136872,NULL,0,98.75,NULL,False
394,0.00018385015314043322,NULL,5,0,nan,nan,nan,nan,nan,nan,False,NULL,0.25,NULL,0.0,98.75,100.11430944971369,98.75,1.3643094497136872,NULL,0,98.75,NULL,True
395,0.0001838533531404343,candidate,0,1,3281249998.8810744,3281523862.982886,0.005824251546331882,32.161903685369076,3.1237671472798745,63.0,False,refined,0.0,rank_1,0.014701740830535631,101.51470174083053,100.61333359733172,99.0,1.6133335973317173,NULL,0,99.0,NULL,False
395,0.0001838533531404343,candidate,1,2,3466796873.817802,3466086620.1917667,0.004064917785925062,29.038136538089205,-3.1237671472798745,66.5625,False,refined,0.19523544670499215,rank_2,0.028783692750102726,101.37196322442414,100.61333359733172,99.0,1.6133335973317173,NULL,0,99.0,NULL,False
395,0.0001838533531404343,candidate,2,3,3027343748.967658,3031430368.1758914,0.0027305461541497966,25.58209164760641,-6.5798120377626645,58.125,False,refined,0.41123825236016653,NULL,3.0,102.16123825236016,100.61333359733172,99.0,1.6133335973317173,NULL,0,99.0,NULL,False
395,0.0001838533531404343,candidate,3,4,3808593748.701247,3807984921.0277405,0.0024347805462747525,24.518421930721157,-7.57560601091293,73.125,False,refined,0.4734753756820581,rank_3,0.023408254431212198,101.01291903029626,100.61333359733172,99.0,1.6133335973317173,NULL,0,99.0,NULL,False
395,0.0001838533531404343,candidate,4,5,3593749998.77451,3591857708.976039,0.002331527463897858,24.209911922827317,-7.951991762541759,69.0,False,refined,0.49699948515885994,rank_5,0.002024662459167621,100.61333359733172,100.61333359733172,99.0,1.6133335973317173,NULL,0,99.0,NULL,False
395,0.0001838533531404343,NULL,5,0,nan,nan,nan,nan,nan,nan,False,NULL,0.25,NULL,0.0,99.0,100.61333359733172,99.0,1.6133335973317173,NULL,0,99.0,NULL,True
396,0.0001838565531404354,candidate,0,1,3320312498.867754,3317610361.435352,0.005946635706143451,30.969033857423618,0.9003131850661372,63.75,False,refined,0.0,rank_1,0.13022353705598316,101.64492527788651,101.13059078162735,99.25,1.8805907816273475,NULL,0,99.25,NULL,False
396,0.0001838565531404354,candidate,1,2,3193359373.9110456,3198004023.231084,0.005361121810331165,30.06872067235748,-0.9003131850661372,61.3125,False,refined,0.056269574066633576,NULL,3.0,102.05626957406663,101.13059078162735,99.25,1.8805907816273475,NULL,0,99.25,NULL,False
396,0.0001838565531404354,candidate,2,3,3027343748.967658,3024007281.4198184,0.0032834564042128886,25.81023226019891,-5.158801597224709,58.125,False,refined,0.3224250998265443,NULL,3.0,102.32242509982655,101.13059078162735,99.25,1.8805907816273475,NULL,0,99.25,NULL,False
396,0.0001838565531404354,candidate,3,4,3486328123.8111415,3486665795.4277797,0.0029468753525684595,24.8708425005941,-6.098191356829519,66.9375,False,refined,0.3811369598018449,rank_2,0.04235024533945281,101.79545042956543,101.13059078162735,99.25,1.8805907816273475,NULL,0,99.25,NULL,False
396,0.0001838565531404354,candidate,4,5,3603515623.77118,3606927889.4035387,0.002391301927060769,23.056295449681503,-7.912738407742115,69.1875,False,refined,0.4945461504838822,rank_5,0.02271103381173972,101.13059078162735,101.13059078162735,99.25,1.8805907816273475,NULL,0,99.25,NULL,False
396,0.0001838565531404354,NULL,5,0,nan,nan,nan,nan,nan,nan,False,NULL,0.25,NULL,0.0,99.25,101.13059078162735,99.25,1.8805907816273475,NULL,0,99.25,NULL,True
397,0.0001838597531404365,candidate,0,1,3330078123.8644238,3331349109.103778,0.006893491888919161,32.583092408761196,1.8205923595602957,63.9375,False,refined,0.0,rank_1,0.01887531874966819,101.66380059663618,101.66380059663618,99.5,2.163800596636179,NULL,0,99.5,NULL,False
397,0.0001838597531404365,candidate,1,2,3193359373.9110456,3193741492.2367287,0.005589972237095513,30.762500049200902,-1.8205923595602957,61.3125,False,refined,0.11378702247251848,rank_2,0.0018169170477838742,102.17187351358695,101.66380059663618,99.5,2.163800596636179,NULL,0,99.5,NULL,False
397,0.0001838597531404365,candidate,2,3,3017578123.9709883,3013015536.6717486,0.0038077522464123707,27.427680690548,-5.155411718213196,57.93750000000001,False,refined,0.3222132323883248,NULL,3.0,102.57221323238832,101.66380059663618,99.5,2.163800596636179,NULL,0,99.5,NULL,False
397,0.0001838597531404365,candidate,3,4,3603515623.77118,3602046028.5288124,0.0019190993043186045,21.41205949613856,-11.106836418373067,69.1875,False,refined,0.6941772761483167,rank_5,0.002383256560018339,101.8271513143357,101.66380059663618,99.5,2.163800596636179,NULL,0,99.5,NULL,False
397,0.0001838597531404365,candidate,4,5,3486328123.8111415,3486121059.043026,0.0018744651201857913,21.271854301013047,-11.31123810774815,66.9375,False,refined,0.7069523817342593,rank_4,2.9673772887453553e-05,102.50243248507257,101.66380059663618,99.5,2.163800596636179,NULL,0,99.5,NULL,False
397,0.0001838597531404365,NULL,5,0,nan,nan,nan,nan,nan,nan,False,NULL,0.25,NULL,0.0,99.5,101.66380059663618,99.5,2.163800596636179,NULL,0,99.5,NULL,True
398,0.00018386295314043758,candidate,0,1,3330078123.8644238,3327564062.6677976,0.005844302738530052,30.384961871628988,0.9441365603732255,63.9375,False,refined,0.0,rank_1,0.0014326576522527325,101.66523325428844,101.66523325428844,99.75,1.915233254288438,NULL,0,99.75,NULL,False
398,0.00018386295314043758,candidate,1,2,3017578123.9709883,3013285632.7604265,0.0047612966740002375,28.604812639990254,-1.7801492316387346,57.93750000000001,False,refined,0.11125932697742091,NULL,3.0,102.61125932697742,101.66523325428844,99.75,1.915233254288438,NULL,0,99.75,NULL,False
398,0.00018386295314043758,candidate,2,3,3124999998.9343567,3122001118.901508,0.003200722755162996,25.15526892872782,-5.229692942901165,60.0,False,refined,0.3268558089313228,NULL,3.0,102.82685580893133,101.66523325428844,99.75,1.915233254288438,NULL,0,99.75,NULL,False
398,0.00018386295314043758,candidate,3,4,2841796874.0309305,2844404738.496113,0.0027561786081239685,23.856454933247633,-6.528506938381353,54.5625,False,refined,0.4080316836488346,NULL,3.0,102.90803168364883,101.66523325428844,99.75,1.915233254288438,NULL,0,99.75,NULL,False
398,0.00018386295314043758,candidate,4,5,3583984373.77784,3586100780.726017,0.001858000592031009,20.43122474103872,-9.953737130590268,68.8125,False,refined,0.6221085706618917,rank_4,0.025425092749255182,102.47468497774685,101.66523325428844,99.75,1.915233254288438,NULL,0,99.75,NULL,False
398,0.00018386295314043758,NULL,5,0,nan,nan,nan,nan,nan,nan,False,NULL,0.25,NULL,0.0,99.75,101.66523325428844,99.75,1.915233254288438,NULL,0,99.75,NULL,True
399,0.00018386615314043868,candidate,0,1,3046874998.9609976,3049080152.6932225,0.005422625967309428,29.778655139877408,0.2284441284075811,58.5,False,refined,0.0,rank_2,0.12812476572193304,102.73938409269935,101.85428231217305,100.0,1.854282312173055,NULL,0,100.0,NULL,False
399,0.00018386615314043868,candidate,1,2,2851562499.0276003,2848533111.459525,0.005281866778163852,29.550211011469827,-0.2284441284075811,54.75,False,refined,0.014277758025473819,NULL,3.0,102.76427775802547,101.85428231217305,100.0,1.854282312173055,NULL,0,100.0,NULL,False
399,0.00018386615314043868,candidate,2,3,3212890623.9043856,3215735675.6575947,0.004765608123325488,28.656828698618977,-1.1218264412584311,61.68750000000001,False,refined,0.07011415257865194,NULL,3.0,102.82011415257865,101.85428231217305,100.0,1.854282312173055,NULL,0,100.0,NULL,False
399,0.00018386615314043868,candidate,3,4,3320312498.867754,3319460942.0799685,0.003874567650996632,26.858927114940975,-2.9197280249364344,63.75,False,refined,0.18248300155852715,rank_1,0.006566056326090003,101.85428231217305,101.85428231217305,100.0,1.854282312173055,NULL,0,100.0,NULL,False
399,0.00018386615314043868,candidate,4,5,2695312499.0808825,2697751641.5559125,0.001978763452092327,21.02233975735907,-8.756315382518336,51.75,False,refined,0.547269711407396,NULL,3.0,103.2972697114074,101.85428231217305,100.0,1.854282312173055,NULL,0,100.0,NULL,False
399,0.00018386615314043868,NULL,5,0,nan,nan,nan,nan,nan,nan,False,NULL,0.25,NULL,0.0,100.0,101.85428231217305,100.0,1.854282312173055,NULL,0,100.0,NULL,True
400,0.00018386935314043977,candidate,0,1,2851562499.0276003,2853083423.0356,0.007885994692083134,32.503017712675266,2.7838834989079064,54.75,False,refined,0.0,rank_2,0.002070533543936285,102.76634829156941,102.60468195338163,100.25,2.354681953381629,NULL,0,100.25,NULL,False
400,0.00018386935314043977,candidate,1,2,3095703123.944347,3091397076.528056,0.005723508148764119,29.71913421376736,-2.7838834989079064,59.4375,False,refined,0.17399271868174415,rank_1,0.17907220428431098,103.09244901566541,102.60468195338163,100.25,2.354681953381629,NULL,0,100.25,NULL,False
400,0.00018386935314043977,candidate,2,3,2685546874.084213,2681131296.9908004,0.0035125150872079157,25.478252070842473,-7.024765641832795,51.5625,False,refined,0.4390478526145497,NULL,3.0,103.43904785261455,102.60468195338163,100.25,2.354681953381629,NULL,0,100.25,NULL,False
400,0.00018386935314043977,candidate,3,4,3320312498.867754,3321460044.900171,0.001822609768931177,19.746582607546024,-12.723255734417611,63.75,False,refined,0.75,rank_4,0.0003996412085740992,102.60468195338163,102.60468195338163,100.25,2.354681953381629,NULL,0,100.25,NULL,False
400,0.00018386935314043977,candidate,4,5,3427734373.8311224,3426324104.3981194,0.0014692411946925635,17.874570666020063,-14.595267675943573,65.8125,False,refined,0.75,rank_4,1.141973546063549,103.74625585823661,102.60468195338163,100.25,2.354681953381629,NULL,0,100.25,NULL,False
400,0.00018386935314043977,NULL,5,0,nan,nan,nan,nan,nan,nan,False,NULL,0.25,NULL,0.0,100.25,102.60468195338163,100.25,2.354681953381629,NULL,0,100.25,NULL,True
401,0.00018387255314044086,candidate,0,1,2851562499.0276003,2851199067.764094,0.00822164147955546,32.09634950380668,4.848313263100392,54.75,False,refined,0.0,rank_1,0.0003550794789253617,102.76670337104834,102.76670337104834,100.5,2.2667033710483366,NULL,0,100.5,NULL,False
401,0.00018387255314044086,candidate,1,2,3115234373.937687,3110641493.7857146,0.004704818471344404,27.248036240706284,-4.848313263100392,59.81250000000001,False,refined,0.3030195789437745,rank_2,0.037034759558686355,103.43250335416786,102.76670337104834,100.5,2.2667033710483366,NULL,0,100.5,NULL,False
401,0.00018387255314044086,candidate,2,3,2685546874.084213,2680947884.8272614,0.004168011557806066,26.19575710318496,-5.90059240062172,51.5625,False,refined,0.3687870250388575,NULL,3.0,103.61878702503886,102.76670337104834,100.5,2.2667033710483366,NULL,0,100.5,NULL,False
401,0.00018387255314044086,candidate,3,4,2519531249.140825,2516696654.2470136,0.00211151098825623,20.289045728050432,-11.807303775756246,48.37499999999999,False,refined,0.7379564859847654,NULL,3.0,103.98795648598477,102.76670337104834,100.5,2.2667033710483366,NULL,0,100.5,NULL,False
401,0.00018387255314044086,candidate,4,5,2363281249.194107,2361700996.8910384,0.00123609313037105,15.63820266805898,-16.458146835747698,45.375,False,refined,0.75,NULL,3.0,104.0,102.76670337104834,100.5,2.2667033710483366,NULL,0,100.5,NULL,False
401,0.00018387255314044086,NULL,5,0,nan,nan,nan,nan,nan,nan,False,NULL,0.25,NULL,0.0,100.5,102.76670337104834,100.5,2.2667033710483366,NULL,0,100.5,NULL,True
402,0.00018387575314044195,candidate,0,1,2822265624.037591,2826646368.6671743,0.006116541824245669,30.716721162443594,2.2698306581822347,54.1875,False,refined,0.0,rank_1,0.06028350329438734,102.82698687434272,102.82698687434272,100.75,2.0769868743427224,NULL,0,100.75,NULL,False
402,0.00018387575314044195,candidate,1,2,3095703123.944347,3098220981.2694683,0.0033956551496030817,25.60507373651322,-5.111647425930377,59.4375,False,refined,0.31947796412064855,rank_2,0.015426913116623144,103.76740823140514,102.82698687434272,100.75,2.0769868743427224,NULL,0,100.75,NULL,False
402,0.00018387575314044195,candidate,2,3,3203124998.9077153,3201560242.871105,0.0032905762702142884,25.32778148428747,-5.38467976490093,61.49999999999999,False,refined,0.33654248530630815,NULL,3.0,103.83654248530631,102.82698687434272,100.75,2.0769868743427224,NULL,0,100.75,NULL,False
402,0.00018387575314044195,candidate,3,4,2675781249.087543,2673203846.5526385,0.00325315509190871,25.23269753693431,-5.484023625509282,51.375,False,refined,0.34275147659433014,NULL,3.0,103.84275147659433,102.82698687434272,100.75,2.0769868743427224,NULL,0,100.75,NULL,False
402,0.00018387575314044195,candidate,4,5,2519531249.140825,2521628536.4135346,0.0023375629837845825,22.361868596138716,-8.354852566304878,48.37499999999999,False,refined,0.5221782853940549,NULL,3.0,104.02217828539405,102.82698687434272,100.75,2.0769868743427224,NULL,0,100.75,NULL,False
402,0.00018387575314044195,NULL,5,0,nan,nan,nan,nan,nan,nan,False,NULL,0.25,NULL,0.0,100.75,102.82698687434272,100.75,2.0769868743427224,NULL,0,100.75,NULL,True
403,0.00018387895314044304,candidate,0,1,2822265624.037591,2818829728.6104445,0.004554354425088442,29.612037807506262,1.4197778343699774,54.1875,False,refined,0.0,rank_1,0.006109986177647276,102.83309686052037,102.83309686052037,101.0,1.8330968605203708,NULL,0,101.0,NULL,False
403,0.00018387895314044304,candidate,1,2,2929687499.0009594,2934466889.964126,0.0038675677766487277,28.192259973136284,-1.4197778343699774,56.25,False,refined,0.08873611464812359,NULL,3.0,103.83873611464813,102.83309686052037,101.0,1.8330968605203708,NULL,0,101.0,NULL,False
403,0.00018387895314044304,candidate,2,3,3105468748.9410167,3102143098.2218385,0.003443690992316121,27.18398480209614,-2.4280530054101224,59.62499999999999,False,refined,0.15175331283813265,NULL,3.0,103.90175331283814,102.83309686052037,101.0,1.8330968605203708,NULL,0,101.0,NULL,False
403,0.00018387895314044304,candidate,3,4,2519531249.140825,2518462083.70636,0.0021640876443299525,23.126336229747775,-6.463039588336548,48.37499999999999,False,refined,0.40393997427103423,NULL,3.0,104.15393997427104,102.83309686052037,101.0,1.8330968605203708,NULL,0,101.0,NULL,False
403,0.00018387895314044304,candidate,4,5,2636718749.1008635,2637152450.5364466,0.0020757684480766448,22.787079436493478,-6.824958371012784,50.625,False,refined,0.426559898188299,NULL,3.0,104.1765598981883,102.83309686052037,101.0,1.8330968605203708,NULL,0,101.0,NULL,False
403,0.00018387895314044304,NULL,5,0,nan,nan,nan,nan,nan,nan,False,NULL,0.25,NULL,0.0,101.0,102.83309686052037,101.0,1.8330968605203708,NULL,0,101.0,NULL,True
404,0.00018388215314044413,candidate,0,1,3144531248.927696,3148152971.1802273,0.0040479594282454975,29.32965768868077,1.4260791410726448,60.375,False,refined,0.0,NULL,3.0,104.0,102.9658758468873,101.25,1.7158758468873003,NULL,0,101.25,NULL,False
404,0.00018388215314044413,candidate,1,2,2841796874.0309305,2839722081.2902856,0.003435043126732885,27.903578547608127,-1.4260791410726448,54.5625,False,refined,0.0891299463170403,rank_1,0.043649040049886116,102.9658758468873,102.9658758468873,101.25,1.7158758468873003,NULL,0,101.25,NULL,False
404,0.00018388215314044413,candidate,2,3,2646484374.097533,2644470301.090447,0.001931839853638246,22.904357093657957,-6.4253005950228115,50.8125,False,refined,0.4015812871889257,NULL,3.0,104.40158128718893,102.9658758468873,101.25,1.7158758468873003,NULL,0,101.25,NULL,False
404,0.00018388215314044413,candidate,3,4,2490234374.1508155,2490295956.7385874,0.001573136749074391,21.120264197482534,-8.209393491198238,47.8125,False,refined,0.5130870931998899,NULL,3.0,104.51308709319989,102.9658758468873,101.25,1.7158758468873003,NULL,0,101.25,NULL,False
404,0.00018388215314044413,candidate,4,5,2294921874.217418,2294374686.4937882,0.0008146795578480511,15.366957089570414,-13.924986640083405,44.0625,False,refined,0.75,NULL,3.0,104.75,102.9658758468873,101.25,1.7158758468873003,NULL,0,101.25,NULL,False
404,0.00018388215314044413,NULL,5,0,nan,nan,nan,nan,nan,nan,False,NULL,0.25,NULL,0.0,101.25,102.9658758468873,101.25,1.7158758468873003,NULL,0,101.25,NULL,True
405,0.00018388535314044522,candidate,0,1,2871093749.0209403,2867753721.5437775,0.0040427718499927165,28.960062487049896,0.5049238538357947,55.125,False,refined,0.0,rank_2,0.07857728553011863,103.04445313241742,103.04445313241742,101.5,1.5444531324174164,NULL,0,101.5,NULL,False
405,0.00018388535314044522,candidate,1,2,2675781249.087543,2671748632.6942935,0.0038144597827989932,28.455138633214105,-0.5049238538357947,51.375,False,refined,0.03155774086473717,NULL,3.0,104.28155774086474,103.04445313241742,101.5,1.5444531324174164,NULL,0,101.5,NULL,False
405,0.00018388535314044522,candidate,2,3,3154296873.924366,3151061172.128939,0.003485744465293279,27.67238875577151,-1.287673731278387,60.56249999999999,False,refined,0.08047960820489919,rank_1,0.0008457632758088632,104.0813253714807,103.04445313241742,101.5,1.5444531324174164,NULL,0,101.5,NULL,False
405,0.00018388535314044522,candidate,3,4,3037109373.964328,3041516910.7003007,0.0019833437383240653,22.71708609035791,-6.185624872441959,58.3125,False,refined,0.38660155452762246,NULL,3.0,104.63660155452762,103.04445313241742,101.5,1.5444531324174164,NULL,0,101.5,NULL,False
405,0.00018388535314044522,candidate,4,5,2402343749.1807866,2407186084.0587516,0.0016813937356343102,21.339866327194905,-7.620196159854995,46.125,False,refined,0.4762622599909372,NULL,3.0,104.72626225999093,103.04445313241742,101.5,1.5444531324174164,NULL,0,101.5,NULL,False
405,0.00018388535314044522,NULL,5,0,nan,nan,nan,nan,nan,nan,False,NULL,0.25,NULL,0.0,101.5,103.04445313241742,101.5,1.5444531324174164,NULL,0,101.5,NULL,True
406,0.00018388855314044631,candidate,0,1,2675781249.087543,2679239369.0120606,0.00474437349494456,30.376660295544717,2.2180544122943058,51.375,False,refined,0.0,rank_2,0.005611113058231567,104.28716885392298,103.20542364709362,101.75,1.4554236470936246,NULL,0,101.75,NULL,False
406,0.00018388855314044631,candidate,1,2,2880859374.01761,2882701000.1950283,0.0036751591479783287,28.15860588325041,-2.2180544122943058,55.3125,False,refined,0.1386284007683941,rank_1,0.02234211390781391,103.20542364709362,103.20542364709362,101.75,1.4554236470936246,NULL,0,101.75,NULL,False
406,0.00018388855314044631,candidate,2,3,3134765623.9310265,3136523014.8323736,0.002219064823911079,23.776482658430158,-6.600177637114557,60.1875,False,refined,0.4125111023196598,rank_3,0.021135801757968163,104.51497227555832,103.20542364709362,101.75,1.4554236470936246,NULL,0,101.75,NULL,False
406,0.00018388855314044631,candidate,3,4,3027343748.967658,3027851903.798459,0.002216573182973738,23.766724368667937,-6.60993592687678,58.125,False,refined,0.41312099542979874,NULL,3.0,104.9131209954298,103.20542364709362,101.75,1.4554236470936246,NULL,0,101.75,NULL,False
406,0.00018388855314044631,candidate,4,5,2392578124.184117,2393311739.708607,0.002140298598451589,23.462570217444323,-6.91409007810039,45.9375,False,refined,0.4321306298812744,NULL,3.0,104.93213062988127,103.20542364709362,101.75,1.4554236470936246,NULL,0,101.75,NULL,False
406,0.00018388855314044631,NULL,5,0,nan,nan,nan,nan,nan,nan,False,NULL,0.25,NULL,0.0,101.75,103.20542364709362,101.75,1.4554236470936246,NULL,0,101.75,NULL,True
407,0.0001838917531404474,candidate,0,1,2734374999.067562,2734988257.865332,0.004107362559394258,29.18237856417835,0.08828025617874324,52.5,False,refined,0.0,rank_1,0.31079386083744176,104.59796271476041,103.242234083506,102.0,1.2422340835060055,NULL,0,102.0,NULL,False
407,0.0001838917531404474,candidate,1,2,2900390624.0109496,2900390805.2819157,0.004065828232120657,29.094098307999605,-0.08828025617874324,55.6875,False,refined,0.005517516011171453,rank_2,0.031292920401206584,103.242234083506,103.242234083506,102.0,1.2422340835060055,NULL,0,102.0,NULL,False
407,0.0001838917531404474,candidate,2,3,2617187499.1075234,2620312018.010956,0.004058963245120734,29.079420138398504,-0.10295842577984438,50.24999999999999,False,refined,0.0064349016112402735,rank_1,0.3472432696007411,104.64084702513496,103.242234083506,102.0,1.2422340835060055,NULL,0,102.0,NULL,False
407,0.0001838917531404474,candidate,3,4,3007812498.974318,3010357910.27052,0.003097865087733285,26.732367770024545,-2.450010794153803,57.74999999999999,False,refined,0.15312567463461269,NULL,3.0,104.90312567463461,103.242234083506,102.0,1.2422340835060055,NULL,0,102.0,NULL,False
407,0.0001838917531404474,candidate,4,5,2392578124.184117,2392026473.9211965,0.002335854629934636,24.245154779816165,-4.902344573525896,45.9375,False,refined,0.3063965358453685,NULL,3.0,105.05639653584537,103.242234083506,102.0,1.2422340835060055,NULL,0,102.0,NULL,False
407,0.0001838917531404474,NULL,5,0,nan,nan,nan,nan,nan,nan,False,NULL,0.25,NULL,0.0,102.0,103.242234083506,102.0,1.2422340835060055,NULL,0,102.0,NULL,True
408,0.0001838949531404485,candidate,0,1,2763671874.0575714,2759069137.115273,0.0047949169689889826,30.56034897997022,1.0751491482611986,53.06249999999999,False,refined,0.0,rank_1,0.05798887454502329,104.65595158930543,103.55389406913973,102.25,1.30389406913973,NULL,0,102.25,NULL,False
408,0.0001838949531404485,candidate,1,2,2949218748.994299,2949834021.587836,0.004236660207494844,29.48519983170902,-1.0751491482611986,56.625,False,refined,0.06719682176632491,rank_2,0.24446316386740055,103.55389406913973,103.55389406913973,102.25,1.30389406913973,NULL,0,102.25,NULL,False
408,0.0001838949531404485,candidate,2,3,2607421874.1108537,2608535303.2050242,0.002789868306095324,25.856401220858586,-4.703947759111635,50.0625,False,refined,0.2939967349444772,rank_3,0.01386910116202478,104.94871286124146,103.55389406913973,102.25,1.30389406913973,NULL,0,102.25,NULL,False
408,0.0001838949531404485,candidate,3,4,2382812499.187447,2380855389.6007214,0.002208917713268508,23.828317913624588,-6.732031066345634,45.75,False,refined,0.4207519416466021,NULL,3.0,105.4207519416466,103.55389406913973,102.25,1.30389406913973,NULL,0,102.25,NULL,False
408,0.0001838949531404485,candidate,4,5,2207031249.2473893,2209779082.150544,0.0012867029138825636,19.134292846801564,-11.426056133168654,42.375,False,refined,0.7141285083230409,NULL,3.0,105.71412850832304,103.55389406913973,102.25,1.30389406913973,NULL,0,102.25,NULL,False
408,0.0001838949531404485,NULL,5,0,nan,nan,nan,nan,nan,nan,False,NULL,0.25,NULL,0.0,102.25,103.55389406913973,102.25,1.30389406913973,NULL,0,102.25,NULL,True
409,0.0001838981531404496,candidate,0,1,2773437499.0542417,2773858579.619018,0.005151861865002958,31.772445758348056,3.1076497724222207,53.25,False,refined,0.0,rank_1,0.02187276095715815,104.67782435026258,103.75503084431547,102.5,1.2550308443154705,NULL,0,102.5,NULL,False
409,0.0001838981531404496,candidate,1,2,2958984373.9909687,2958145859.1700726,0.003602315288791116,28.664795985925835,-3.1076497724222207,56.81249999999999,False,refined,0.1942281107763888,rank_2,0.006908664399348354,103.75503084431547,103.75503084431547,102.5,1.2550308443154705,NULL,0,102.5,NULL,False
409,0.0001838981531404496,candidate,2,3,2333984374.2040977,2336377982.2161455,0.0017899637979798381,22.590046509033208,-9.18239924931485,44.8125,False,refined,0.5738999530821781,NULL,3.0,105.82389995308218,103.75503084431547,102.5,1.2550308443154705,NULL,0,102.5,NULL,False
409,0.0001838981531404496,candidate,3,4,2607421874.1108537,2611799511.6672564,0.0015338349398468143,21.248734090109174,-10.52371166823888,50.0625,False,refined,0.65773197926493,rank_3,0.0010655056884907733,105.60751034619487,103.75503084431547,102.5,1.2550308443154705,NULL,0,102.5,NULL,False
409,0.0001838981531404496,candidate,4,5,3095703123.944347,3093797915.476213,0.0012912906214608724,19.753641495628322,-12.018804262719733,59.4375,False,refined,0.75,NULL,3.0,106.0,103.75503084431547,102.5,1.2550308443154705,NULL,0,102.5,NULL,False
409,0.0001838981531404496,NULL,5,0,nan,nan,nan,nan,nan,nan,False,NULL,0.25,NULL,0.0,102.5,103.75503084431547,102.5,1.2550308443154705,NULL,0,102.5,NULL,True
410,0.00018390135314045068,candidate,0,1,2773437499.0542417,2772040136.303891,0.004244413343316102,29.91111298641707,6.050692329558274,53.25,False,refined,0.0,rank_1,0.00033067360903296953,104.67815502387161,104.13320014957824,102.75,1.3832001495782436,NULL,0,102.75,NULL,False
410,0.00018390135314045068,candidate,1,2,2958984373.9909687,2958247577.673423,0.0021148669711988652,23.860420656858796,-6.050692329558274,56.81249999999999,False,refined,0.3781682705973921,rank_2,1.0346653923816424e-06,104.13320014957824,104.13320014957824,102.75,1.3832001495782436,NULL,0,102.75,NULL,False
410,0.00018390135314045068,candidate,2,3,2314453124.2107577,2316293277.5471587,0.0017445592321304135,22.188473951253318,-7.722639035163752,44.4375,False,refined,0.4826649396977345,NULL,3.0,105.98266493969774,104.13320014957824,102.75,1.3832001495782436,NULL,0,102.75,NULL,False
410,0.00018390135314045068,candidate,3,4,3124999998.9343567,3126859614.7678003,0.001571259298480252,21.279716778823712,-8.631396207593358,60.0,False,refined,0.5394622629745849,NULL,3.0,106.03946226297458,104.13320014957824,102.75,1.3832001495782436,NULL,0,102.75,NULL,False
410,0.00018390135314045068,candidate,4,5,2617187499.1075234,2613064764.6028194,0.0014661844381608784,20.678531676275078,-9.232581310141992,50.24999999999999,False,refined,0.5770363318838745,NULL,3.0,106.07703633188387,104.13320014957824,102.75,1.3832001495782436,NULL,0,102.75,NULL,False
410,0.00018390135314045068,NULL,5,0,nan,nan,nan,nan,nan,nan,False,NULL,0.25,NULL,0.0,102.75,104.13320014957824,102.75,1.3832001495782436,NULL,0,102.75,NULL,True
411,0.00018390455314045177,candidate,0,1,2783203124.0509114,2782112445.408734,0.0029666725178535518,27.37429114844158,2.04458321808894,53.4375,False,refined,0.0,rank_1,0.01014514107034964,104.68830016494196,104.61218977070185,103.0,1.6121897707018462,NULL,0,103.0,NULL,False
411,0.00018390455314045177,candidate,1,2,2675781249.087543,2679531277.709092,0.0023444471528995744,25.32970793035264,-2.04458321808894,51.375,False,refined,0.12778645113055875,rank_1,0.8557888918512524,105.66173036685342,104.61218977070185,103.0,1.6121897707018462,NULL,0,103.0,NULL,False
411,0.00018390455314045177,candidate,2,3,2343749999.2007675,2340923714.804129,0.001522081081328446,21.57765473743651,-5.796636411005069,45.0,False,refined,0.36228977568781684,NULL,3.0,106.11228977568781,104.61218977070185,103.0,1.6121897707018462,NULL,0,103.0,NULL,False
411,0.00018390455314045177,candidate,3,4,3085937498.947677,3088495671.301528,0.0013925449096555762,20.80508318057103,-6.569207967870545,59.25,False,refined,0.41057549799190907,NULL,3.0,106.16057549799191,104.61218977070185,103.0,1.6121897707018462,NULL,0,103.0,NULL,False
411,0.00018390455314045177,candidate,4,5,2968749998.987639,2966004825.399832,0.0012413432955569223,19.806737038126016,-7.567554110315564,57.00000000000001,False,refined,0.47297213189472276,rank_2,0.006017489228887695,104.61218977070185,104.61218977070185,103.0,1.6121897707018462,NULL,0,103.0,NULL,False
411,0.00018390455314045177,NULL,5,0,nan,nan,nan,nan,nan,nan,False,NULL,0.25,NULL,0.0,103.0,104.61218977070185,103.0,1.6121897707018462,NULL,0,103.0,NULL,True
412,0.00018390775314045286,candidate,0,1,2675781249.087543,2675430078.998307,0.0035210523503012006,29.688182271208447,1.6015753594806448,51.375,False,refined,0.0,rank_2,0.0016819830865343823,105.66341234993995,105.23973112514292,103.25,1.9897311251429244,NULL,0,103.25,NULL,False
412,0.00018390775314045286,candidate,1,2,2382812499.187447,2382751979.848344,0.002154632471065198,25.403580489789537,-4.265985631854825,45.75,False,refined,0.26662410199092657,NULL,3.0,106.26662410199093,105.23973112514292,103.25,1.9897311251429244,NULL,0,103.25,NULL,False
412,0.00018390775314045286,candidate,2,3,2548828124.1308346,2544559055.346743,0.001927770015226718,24.455837047129112,-5.232345224079333,48.9375,False,refined,0.32702157650495833,NULL,3.0,106.32702157650496,105.23973112514292,103.25,1.9897311251429244,NULL,0,103.25,NULL,False
412,0.00018390775314045286,candidate,3,4,2968749998.987639,2970990121.5426188,0.0011133395901620255,19.687285684361342,-10.000896586847103,57.00000000000001,False,refined,0.625056036677944,rank_5,0.002485317763128674,105.23973112514292,105.23973112514292,103.25,1.9897311251429244,NULL,0,103.25,NULL,False
412,0.00018390775314045286,candidate,4,5,2226562499.240729,2228744595.633039,0.0010743376571569698,19.358932452726386,-10.310633668917975,42.74999999999999,False,refined,0.6444146043073734,NULL,3.0,106.64441460430737,105.23973112514292,103.25,1.9897311251429244,NULL,0,103.25,NULL,False
412,0.00018390775314045286,NULL,5,0,nan,nan,nan,nan,nan,nan,False,NULL,0.25,NULL,0.0,103.25,105.23973112514292,103.25,1.9897311251429244,NULL,0,103.25,NULL,True
413,0.00018391095314045395,candidate,0,1,2705078124.0775523,2705277511.6878233,0.004963390652188167,32.617540887663665,6.896562642430988,51.9375,False,refined,0.0,rank_1,0.08908692381551923,105.75249927375546,105.75249927375546,103.5,2.252499273755461,NULL,0,103.5,NULL,False
413,0.00018391095314045395,candidate,1,2,2539062499.134165,2541519781.409368,0.0022436252879840207,25.72097824523268,-6.896562642430988,48.75,False,refined,0.43103516515193674,NULL,3.0,106.68103516515194,105.75249927375546,103.5,2.252499273755461,NULL,0,103.5,NULL,False
413,0.00018391095314045395,candidate,2,3,2353515624.1974373,2357555638.060603,0.001906003796674758,24.304446946915476,-8.31309394074819,45.1875,False,refined,0.5195683712967619,NULL,3.0,106.76956837129676,105.75249927375546,103.5,2.252499273755461,NULL,0,103.5,NULL,False
413,0.00018391095314045395,candidate,3,4,2958984373.9909687,2956515287.1393576,0.0012852998756417277,20.882061029377077,-11.735479858286588,56.81249999999999,False,refined,0.7334674911429118,rank_4,0.02095208310018336,105.99415069938603,105.75249927375546,103.5,2.252499273755461,NULL,0,103.5,NULL,False
413,0.00018391095314045395,candidate,4,5,2226562499.240729,2226454307.9277463,0.0008277481939216334,17.059936555553577,-15.557604332110087,42.74999999999999,False,refined,0.75,NULL,3.0,107.0,105.75249927375546,103.5,2.252499273755461,NULL,0,103.5,NULL,False
413,0.00018391095314045395,NULL,5,0,nan,nan,nan,nan,nan,nan,False,NULL,0.25,NULL,0.0,103.5,105.75249927375546,103.5,2.252499273755461,NULL,0,103.5,NULL,True
414,0.00018391415314045504,candidate,0,1,2714843749.074222,2713379441.200137,0.005246335085302561,32.899265280124446,7.015327870803203,52.12499999999999,False,refined,0.0,rank_1,0.006564126182250201,105.75906339993772,105.75906339993772,103.75,2.009063399937716,NULL,0,103.75,NULL,False
414,0.00018391415314045504,candidate,1,2,2490234374.1508155,2488729020.9177966,0.0023393199908929084,25.883937409321245,-7.015327870803203,47.8125,False,refined,0.4384579919252002,NULL,3.0,106.9384579919252,105.75906339993772,103.75,2.009063399937716,NULL,0,103.75,NULL,False
414,0.00018391415314045504,candidate,2,3,2333984374.2040977,2332935396.545016,0.0019167361131936032,24.153391275717098,-8.745874004407348,44.8125,False,refined,0.5466171252754592,NULL,3.0,107.04661712527546,105.75906339993772,103.75,2.009063399937716,NULL,0,103.75,NULL,False
414,0.00018391415314045504,candidate,3,4,2939453123.997629,2939137647.7950497,0.0012048621611346747,20.120892076724886,-12.778373203399562,56.4375,False,refined,0.75,rank_4,0.030198234918083787,106.77434893430411,105.75906339993772,103.75,2.009063399937716,NULL,0,103.75,NULL,False
414,0.00018391415314045504,candidate,4,5,2207031249.2473893,2207622263.1154304,0.0009875878837633174,18.39365982932045,-14.505605450803998,42.375,False,refined,0.75,NULL,3.0,107.25,105.75906339993772,103.75,2.009063399937716,NULL,0,103.75,NULL,False
414,0.00018391415314045504,NULL,5,0,nan,nan,nan,nan,nan,nan,False,NULL,0.25,NULL,0.0,103.75,105.75906339993772,103.75,2.009063399937716,NULL,0,103.75,NULL,True
415,0.00018391735314045614,candidate,0,1,2714843749.074222,2714100140.1951585,0.003671658099249771,30.265159398391546,2.7694243069123203,52.12499999999999,False,refined,0.0,rank_1,5.194070414247742e-05,105.75911534064186,105.75911534064186,104.0,1.7591153406418556,NULL,0,104.0,NULL,False
415,0.00018391735314045614,candidate,1,2,2490234374.1508155,2485720414.8567653,0.0026692608581500837,27.495735091479226,-2.7694243069123203,47.8125,False,refined,0.17308901918202002,NULL,3.0,106.92308901918202,105.75911534064186,104.0,1.7591153406418556,NULL,0,104.0,NULL,False
415,0.00018391735314045614,candidate,2,3,2314453124.2107577,2318610719.889889,0.001959872619963878,24.81247164503958,-5.45268775335197,44.4375,False,refined,0.34079298458449814,NULL,3.0,107.0907929845845,105.75911534064186,104.0,1.7591153406418556,NULL,0,104.0,NULL,False
415,0.00018391735314045614,candidate,3,4,2597656249.114184,2602128830.0269814,0.0015091628319845944,22.54263674569969,-7.722522652691861,49.875,False,refined,0.4826576657932413,NULL,3.0,107.23265766579324,105.75911534064186,104.0,1.7591153406418556,NULL,0,104.0,NULL,False
415,0.00018391735314045614,candidate,4,5,2197265624.2507195,2195766804.3386583,0.001314021815524779,21.339966240310844,-8.925193158080704,42.1875,False,refined,0.557824572380044,NULL,3.0,107.30782457238004,105.75911534064186,104.0,1.7591153406418556,NULL,0,104.0,NULL,False
415,0.00018391735314045614,NULL,5,0,nan,nan,nan,nan,nan,nan,False,NULL,0.25,NULL,0.0,104.0,105.75911534064186,104.0,1.7591153406418556,NULL,0,104.0,NULL,True
416,0.00018392055314045723,candidate,0,1,2499999999.1474853,2496448086.677434,0.002720246858408594,28.058189506865894,1.114194980034533,48.0,False,refined,0.0,rank_2,0.011508294269196926,106.9345973134512,106.03067691555067,104.25,1.7806769155506714,NULL,0,104.25,NULL,False
416,0.00018392055314045723,candidate,1,2,2304687499.214088,2304679277.649232,0.002392756851118077,26.94399452683136,-1.114194980034533,44.25,False,refined,0.06963718625215831,NULL,3.0,107.06963718625215,106.03067691555067,104.25,1.7806769155506714,NULL,0,104.25,NULL,False
416,0.00018392055314045723,candidate,2,3,2744140624.064232,2743453014.0214305,0.0019332425873371153,25.06802285913742,-2.9664392755633795,52.6875,False,refined,0.18540245472271122,rank_1,0.08615912018610446,106.03067691555067,106.03067691555067,104.25,1.7806769155506714,NULL,0,104.25,NULL,False
416,0.00018392055314045723,candidate,3,4,2167968749.26071,2172222103.148979,0.0015095540715077205,22.942996635865775,-5.11519287100012,41.625,False,refined,0.3196995544375075,NULL,3.0,107.3196995544375,106.03067691555067,104.25,1.7806769155506714,NULL,0,104.25,NULL,False
416,0.00018392055314045723,candidate,4,5,2060546874.2973413,2062848367.23852,0.0008212342168709996,17.655363879342964,-10.402825627522931,39.5625,False,refined,0.6501766017201832,NULL,3.0,107.65017660172019,106.03067691555067,104.25,1.7806769155506714,NULL,0,104.25,NULL,False
416,0.00018392055314045723,NULL,5,0,nan,nan,nan,nan,nan,nan,False,NULL,0.25,NULL,0.0,104.25,106.03067691555067,104.25,1.7806769155506714,NULL,0,104.25,NULL,True
417,0.00018392375314045832,candidate,0,1,2294921874.217418,2296546396.495635,0.002955468844920268,28.545941480989736,0.3029509146849829,44.0625,False,refined,0.0,rank_2,0.0066143755858531295,107.076251561838,106.45822982705509,104.5,1.9582298270550922,NULL,0,104.5,NULL,False
417,0.00018392375314045832,candidate,1,2,2509765624.144155,2512026577.6581483,0.0028541634469196786,28.1948233947295,-0.3029509146849829,48.1875,False,refined,0.018934432167811432,rank_1,0.024268938123619747,106.97780068374264,106.45822982705509,104.5,1.9582298270550922,NULL,0,104.5,NULL,False
417,0.00018392375314045832,candidate,2,3,2177734374.2573795,2179640507.985573,0.002194612979511058,25.96057263716193,-2.5853688438278066,41.81249999999999,False,refined,0.16158555273923791,NULL,3.0,107.41158555273924,106.45822982705509,104.5,1.9582298270550922,NULL,0,104.5,NULL,False
417,0.00018392375314045832,candidate,3,4,2050781249.3006716,2054692518.7596302,0.001543997848156945,22.906347583757896,-5.6395938972318405,39.375,False,refined,0.35247461857699003,NULL,3.0,107.60247461857699,106.45822982705509,104.5,1.9582298270550922,NULL,0,104.5,NULL,False
417,0.00018392375314045832,candidate,4,5,2763671874.0575714,2760889505.2755156,0.0014220227831713826,22.191544860525056,-6.354396620464682,53.06249999999999,False,refined,0.3971497887790426,rank_3,0.030403122725378498,106.45822982705509,106.45822982705509,104.5,1.9582298270550922,NULL,0,104.5,NULL,False
417,0.00018392375314045832,NULL,5,0,nan,nan,nan,nan,nan,nan,False,NULL,0.25,NULL,0.0,104.5,106.45822982705509,104.5,1.9582298270550922,NULL,0,104.5,NULL,True
418,0.0001839269531404594,candidate,0,1,2265624999.2274084,2268400874.6569667,0.0030102486680140634,28.77549652313916,1.4018051106819929,43.5,False,refined,0.0,rank_1,0.07921703995709568,107.1554686017951,106.96685637141772,104.75,2.2168563714177196,NULL,0,104.75,NULL,False
418,0.0001839269531404594,candidate,1,2,2480468749.1541457,2482962996.749157,0.0023201343676155857,26.51371180975658,-2.261784713382582,47.625,False,refined,0.14136154458641137,rank_2,0.08446917352534858,107.20363140185441,106.96685637141772,104.75,2.2168563714177196,NULL,0,104.75,NULL,False
418,0.0001839269531404594,candidate,2,3,2070312499.294011,2068216885.6510358,0.00196611826975187,25.075641841262602,-3.6998546818765554,39.75,False,refined,0.2312409176172847,NULL,3.0,107.73124091761728,106.96685637141772,104.75,2.2168563714177196,NULL,0,104.75,NULL,False
418,0.0001839269531404594,candidate,3,4,2587890624.117514,2584842109.0105906,0.0019233367849453209,24.884555821574246,-3.8909407015649133,49.6875,False,refined,0.24318379384780708,NULL,3.0,107.7431837938478,106.96685637141772,104.75,2.2168563714177196,NULL,0,104.75,NULL,False
418,0.0001839269531404594,candidate,4,5,2753906249.0609016,2751248321.3146186,0.001199878666201156,20.786195698405876,-7.989300824733281,52.875,False,refined,0.49933130154583005,rank_5,0.009295242816785697,106.96685637141772,106.96685637141772,104.75,2.2168563714177196,NULL,0,104.75,NULL,False
418,0.0001839269531404594,NULL,5,0,nan,nan,nan,nan,nan,nan,False,NULL,0.25,NULL,0.0,104.75,106.96685637141772,104.75,2.2168563714177196,NULL,0,104.75,NULL,True
419,0.0001839301531404605,candidate,0,1,2216796874.244059,2212382268.3360434,0.00272188323113493,28.467489020255652,1.7218550260288357,42.5625,False,refined,0.0,rank_1,0.31380842541385906,107.46927702720896,107.3718167211807,105.0,2.371816721180707,NULL,0,105.0,NULL,False
419,0.0001839301531404605,candidate,1,2,2470703124.1574755,2466713772.544972,0.0020962555118471025,26.198983570615574,-2.268505449640079,47.43749999999999,False,refined,0.14178159060250495,rank_2,0.026403728723787195,107.3718167211807,107.3718167211807,105.0,2.371816721180707,NULL,0,105.0,NULL,False
419,0.0001839301531404605,candidate,2,3,2587890624.117514,2590874907.926688,0.0015239011513549557,23.42923516339046,-5.038253856865191,49.6875,False,refined,0.31489086605407446,rank_4,0.0036394662762068873,108.06171412617809,107.3718167211807,105.0,2.371816721180707,NULL,0,105.0,NULL,False
419,0.0001839301531404605,candidate,3,4,2714843749.074222,2716146768.8123236,0.000938679269715199,19.22044375551745,-9.247045264738203,52.12499999999999,False,refined,0.5779403290461377,rank_5,0.12321189880713737,107.668008599271,107.3718167211807,105.0,2.371816721180707,NULL,0,105.0,NULL,False
419,0.0001839301531404605,candidate,4,5,3076171873.9510074,3080586601.9223905,0.0005642815390673758,14.772778241290814,-13.667472956378877,59.0625,False,refined,0.75,NULL,3.0,108.5,107.3718167211807,105.0,2.371816721180707,NULL,0,105.0,NULL,False
419,0.0001839301531404605,NULL,5,0,nan,nan,nan,nan,nan,nan,False,NULL,0.25,NULL,0.0,105.0,107.3718167211807,105.0,2.371816721180707,NULL,0,105.0,NULL,True
420,0.0001839333531404616,candidate,0,1,2490234374.1508155,2486592776.3275976,0.0015264936220398722,23.91389632010099,0.3909238274095106,47.8125,False,refined,0.0,rank_2,0.03951747913896459,107.41133420031967,107.41133420031967,105.25,2.161334200319672,NULL,0,105.25,NULL,False
420,0.0001839333531404616,candidate,1,2,2070312499.294011,2071675802.7741249,0.0014593141807564792,23.49911889044634,-0.3909238274095106,39.75,False,refined,0.024432739213094412,NULL,3.0,108.0244327392131,107.41133420031967,105.25,2.161334200319672,NULL,0,105.25,NULL,False
420,0.0001839333531404616,candidate,2,3,2207031249.2473893,2211161948.6838894,0.0014428141657302036,23.42420439101111,-0.48969192908987935,42.375,False,refined,0.03060574556811746,rank_1,0.00014891800534331834,107.50003169078242,107.41133420031967,105.25,2.161334200319672,NULL,0,105.25,NULL,False
420,0.0001839333531404616,candidate,3,4,1962890624.3306427,1962042219.1816614,0.0006047410165707901,15.84753134899426,-8.042511368861591,37.6875,False,refined,0.5026569605538495,NULL,3.0,108.50265696055385,107.41133420031967,105.25,2.161334200319672,NULL,0,105.25,NULL,False
420,0.0001839333531404616,candidate,4,5,2695312499.0808825,2695656658.4007587,0.0005420874581197725,14.863492300596013,-8.992512692713657,51.75,False,refined,0.5620320432946035,rank_4,0.041984462467811734,108.27202510503342,107.41133420031967,105.25,2.161334200319672,NULL,0,105.25,NULL,False
420,0.0001839333531404616,NULL,5,0,nan,nan,nan,nan,nan,nan,False,NULL,0.25,NULL,0.0,105.25,107.41133420031967,105.25,2.161334200319672,NULL,0,105.25,NULL,True
421,0.00018393655314046268,candidate,0,1,2539062499.134165,2536612516.991898,0.0012487387076653617,21.900918737451516,0.6216441490685565,48.75,False,refined,0.0,rank_1,0.2501974456123871,107.66153164593206,107.66153164593206,105.5,2.161531645932058,NULL,0,105.5,NULL,False
421,0.00018393655314046268,candidate,1,2,2041015624.3040016,2041706499.9365098,0.0011624903768766084,21.27927458838296,-0.6216441490685565,39.1875,False,refined,0.03885275931678478,rank_2,0.08981591125726793,108.15310140978714,107.66153164593206,105.5,2.161531645932058,NULL,0,105.5,NULL,False
421,0.00018393655314046268,candidate,2,3,2324218749.2074275,2325414971.717166,0.0008288799933922508,18.341320403504355,-3.5595983339471626,44.62499999999999,False,refined,0.22247489587169766,NULL,3.0,108.4724748958717,107.66153164593206,105.5,2.161531645932058,NULL,0,105.5,NULL,False
421,0.00018393655314046268,candidate,3,4,1855468749.3672743,1856207871.185632,0.0005467311746881488,14.726964021445026,-7.17395471600649,35.625,False,refined,0.4483721697504056,NULL,3.0,108.6983721697504,107.66153164593206,105.5,2.161531645932058,NULL,0,105.5,NULL,False
421,0.00018393655314046268,candidate,4,5,1699218749.4205563,1701136474.1997685,0.00042780422809307383,12.596388708740518,-9.304530028710998,32.625,False,refined,0.5815331267944374,NULL,3.0,108.83153312679444,107.66153164593206,105.5,2.161531645932058,NULL,0,105.5,NULL,False
421,0.00018393655314046268,NULL,5,0,nan,nan,nan,nan,nan,nan,False,NULL,0.25,NULL,0.0,105.5,107.66153164593206,105.5,2.161531645932058,NULL,0,105.5,NULL,True
422,0.00018393975314046377,candidate,0,1,2031249999.3073318,2035810771.9939847,0.0014170498895827038,24.024416597879508,3.0644773787881974,39.0,False,refined,0.0,rank_2,0.0034759607972271816,108.15657737058437,108.15518425833262,105.75,2.405184258332625,NULL,0,105.75,NULL,False
422,0.00018393975314046377,candidate,1,2,2275390624.224078,2271723108.055168,0.0009957751214864292,20.904475830411975,-3.0644773787881974,43.68749999999999,False,refined,0.19152983617426234,NULL,3.0,108.69152983617427,108.15518425833262,105.75,2.405184258332625,NULL,0,105.75,NULL,False
422,0.00018393975314046377,candidate,2,3,1874999999.3606138,1873149066.3789601,0.0008683136139682685,19.770245990825906,-4.254170607053602,36.0,False,refined,0.26588566294085014,NULL,3.0,108.76588566294085,108.15518425833262,105.75,2.405184258332625,NULL,0,105.75,NULL,False
422,0.00018393975314046377,candidate,3,4,2519531249.140825,2514793471.0962114,0.0006230870307958566,16.88768802154741,-7.1367285763320965,48.37499999999999,False,refined,0.44604553602075603,rank_1,0.04760707637980794,108.15518425833262,108.15518425833262,105.75,2.405184258332625,NULL,0,105.75,NULL,False
422,0.00018393975314046377,candidate,4,5,2412109374.1774564,2415176123.10954,0.000412821214953046,13.256490550982978,-10.712462658217197,46.3125,False,refined,0.6695289161385748,NULL,3.0,109.16952891613857,108.15518425833262,105.75,2.405184258332625,NULL,0,105.75,NULL,False
422,0.00018393975314046377,NULL,5,0,nan,nan,nan,nan,nan,nan,False,NULL,0.25,NULL,0.0,105.75,108.15518425833262,105.75,2.405184258332625,NULL,0,105.75,NULL,True
423,0.00018394295314046486,candidate,0,1,2041015624.3040016,2040735482.7731392,0.0019571136271139453,27.391700163547014,4.155322901831147,39.1875,False,refined,0.0,rank_1,0.0024252776258320906,108.1590026482102,108.1590026482102,106.0,2.1590026482102047,NULL,0,106.0,NULL,False
423,0.00018394295314046486,candidate,1,2,1904296874.3506236,1903063485.239819,0.0012129695421190616,23.236377261715866,-4.155322901831147,36.5625,False,refined,0.25970768136444666,NULL,3.0,109.00970768136445,108.1590026482102,106.0,2.1590026482102047,NULL,0,106.0,NULL,False
423,0.00018394295314046486,candidate,2,3,2246093749.234069,2246711301.434389,0.0011176897179617667,22.525804460182748,-4.865895703364265,43.125,False,refined,0.30411848146026654,NULL,3.0,109.05411848146026,108.1590026482102,106.0,2.1590026482102047,NULL,0,106.0,NULL,False
423,0.00018394295314046486,candidate,3,4,2451171874.164136,2454987611.418883,0.00047734695457666464,15.136062469013192,-12.25563769453382,47.0625,False,refined,0.75,rank_4,0.3576740851744317,109.26285834350706,108.1590026482102,106.0,2.1590026482102047,NULL,0,106.0,NULL,False
423,0.00018394295314046486,candidate,4,5,1669921874.4305468,1668656017.02394,0.0004517805627510369,14.648920014288453,-12.73376997662031,32.0625,False,refined,0.75,NULL,3.0,109.5,108.1590026482102,106.0,2.1590026482102047,NULL,0,106.0,NULL,False
423,0.00018394295314046486,NULL,5,0,nan,nan,nan,nan,nan,nan,False,NULL,0.25,NULL,0.0,106.0,108.1590026482102,106.0,2.1590026482102047,NULL,0,106.0,NULL,True
424,0.00018394615314046596,candidate,0,1,2031249999.3073318,2035725956.266484,0.002580903363867708,29.925715273717948,7.859511114534534,39.0,False,refined,0.0,rank_1,0.002509535582088121,108.1615121837923,108.1615121837923,106.25,1.911512183792297,NULL,0,106.25,NULL,False
424,0.00018394615314046596,candidate,1,2,2216796874.244059,2217173603.2909503,0.0008985586945837948,20.761209417187175,-9.164505856530774,42.5625,False,refined,0.5727816160331733,NULL,3.0,109.57278161603317,108.1615121837923,106.25,1.911512183792297,NULL,0,106.25,NULL,False
424,0.00018394615314046596,candidate,2,3,1669921874.4305468,1666340952.189131,0.0006905791635986614,18.47454981084543,-11.451165462872517,32.0625,False,refined,0.7156978414295323,NULL,3.0,109.71569784142953,108.1615121837923,106.25,1.911512183792297,NULL,0,106.25,NULL,False
424,0.00018394615314046596,candidate,3,4,2421874999.174126,2421779386.083283,0.0004854971541232869,15.414014170659387,-14.511701103058563,46.49999999999999,False,refined,0.75,NULL,3.0,109.75,108.1615121837923,106.25,1.911512183792297,NULL,0,106.25,NULL,False
424,0.00018394615314046596,candidate,4,5,1093749999.627025,1091577945.8623147,0.0003120161919014555,11.54727423417806,-18.351892231998672,21.0,False,refined,0.75,NULL,3.0,109.75,108.1615121837923,106.25,1.911512183792297,NULL,0,106.25,NULL,False
424,0.00018394615314046596,NULL,5,0,nan,nan,nan,nan,nan,nan,False,NULL,0.25,NULL,0.0,106.25,108.1615121837923,106.25,1.911512183792297,NULL,0,106.25,NULL,True
425,0.00018394935314046705,candidate,0,1,2031249999.3073318,2027637585.5953727,0.0029673147956344576,31.600212632510427,9.37563297105834,39.0,False,refined,0.0,rank_1,0.0065421740113294205,108.16805435780363,108.16805435780363,106.5,1.6680543578036264,NULL,0,106.5,NULL,False
425,0.00018394935314046705,candidate,1,2,1699218749.4205563,1700077332.2087588,0.0010082819056171264,22.224579661452086,-9.37563297105834,32.625,False,refined,0.5859770606911463,NULL,3.0,109.83597706069115,108.16805435780363,106.5,1.6680543578036264,NULL,0,106.5,NULL,False
425,0.00018394935314046705,candidate,2,3,2207031249.2473893,2208690259.472861,0.0005828873094523588,17.424807135160087,-14.13558044099422,42.375,False,refined,0.75,NULL,3.0,110.0,108.16805435780363,106.5,1.6680543578036264,NULL,0,106.5,NULL,False
425,0.00018394935314046705,candidate,3,4,2441406249.167466,2442275607.7540646,0.0003944873726129379,14.073602314558578,-17.52661031795185,46.875,False,refined,0.75,NULL,3.0,110.0,108.16805435780363,106.5,1.6680543578036264,NULL,0,106.5,NULL,False
425,0.00018394935314046705,candidate,4,5,1874999999.3606138,1876401570.0687623,0.0003845342983158499,13.851641841381195,-17.748570791129232,36.0,False,refined,0.75,NULL,3.0,110.0,108.16805435780363,106.5,1.6680543578036264,NULL,0,106.5,NULL,False
425,0.00018394935314046705,NULL,5,0,nan,nan,nan,nan,nan,nan,False,NULL,0.25,NULL,0.0,106.5,108.16805435780363,106.5,1.6680543578036264,NULL,0,106.5,NULL,True
426,0.00018395255314046814,candidate,0,1,2031249999.3073318,2028376230.8093748,0.0025561016385084036,30.30604076839186,5.829270622006808,39.0,False,refined,0.0,rank_1,5.4559675216825605e-05,108.16810891747885,108.16810891747885,106.75,1.4181089174788468,NULL,0,106.75,NULL,False
426,0.00018395255314046814,candidate,1,2,1728515624.410566,1725281300.1602166,0.0013065155638494203,24.47677014638505,-5.829270622006808,33.1875,False,refined,0.3643294138754255,NULL,3.0,109.86432941387542,108.16810891747885,106.75,1.4181089174788468,NULL,0,106.75,NULL,False
426,0.00018395255314046814,candidate,2,3,2480468749.1541457,2485193008.2579155,0.0005671191429334911,17.2148786126567,-13.078076234215033,47.625,False,refined,0.75,NULL,3.0,110.25,108.16810891747885,106.75,1.4181089174788468,NULL,0,106.75,NULL,False
426,0.00018395255314046814,candidate,3,4,2333984374.2040977,2337374816.40054,0.0004963509742752287,16.057170046084465,-14.23578480078727,44.8125,False,refined,0.75,NULL,3.0,110.25,108.16810891747885,106.75,1.4181089174788468,NULL,0,106.75,NULL,False
426,0.00018395255314046814,candidate,4,5,1552734374.4705083,1556348100.0438795,0.0003469383931147903,12.946439725850993,-17.34651512102074,29.812499999999996,False,refined,0.75,NULL,3.0,110.25,108.16810891747885,106.75,1.4181089174788468,NULL,0,106.75,NULL,False
426,0.00018395255314046814,NULL,5,0,nan,nan,nan,nan,nan,nan,False,NULL,0.25,NULL,0.0,106.75,108.16810891747885,106.75,1.4181089174788468,NULL,0,106.75,NULL,True
427,0.00018395575314046923,candidate,0,1,2050781249.3006716,2046817829.65873,0.0014686788512658945,24.577784612157537,0.957830279586469,39.375,False,refined,0.0,rank_1,0.03400925681205398,108.2021181742909,108.2021181742909,107.0,1.2021181742909022,NULL,0,107.0,NULL,False
427,0.00018395575314046923,candidate,1,2,1728515624.410566,1729399681.4344633,0.0013153318219421076,23.61995433257107,-0.957830279586469,33.1875,False,refined,0.059864392474154315,NULL,3.0,109.80986439247415,108.2021181742909,107.0,1.2021181742909022,NULL,0,107.0,NULL,False
427,0.00018395575314046923,candidate,2,3,2470703124.1574755,2470268563.0556064,0.0006306311394981174,17.23475602257105,-7.343028589586487,47.43749999999999,False,refined,0.4589392868491554,NULL,3.0,110.20893928684916,108.2021181742909,107.0,1.2021181742909022,NULL,0,107.0,NULL,False
427,0.00018395575314046923,candidate,3,4,1562499999.4671783,1563783897.456283,0.0005370659659922087,15.772843431494836,-8.737984185041139,30.0,False,refined,0.5461240115650712,NULL,3.0,110.29612401156507,108.2021181742909,107.0,1.2021181742909022,NULL,0,107.0,NULL,False
427,0.00018395575314046923,candidate,4,5,2343749999.2007675,2346887185.4941497,0.0005309730926278471,15.74069805945939,-8.837086552698148,45.0,False,refined,0.5523179095436342,NULL,3.0,110.30231790954363,108.2021181742909,107.0,1.2021181742909022,NULL,0,107.0,NULL,False
427,0.00018395575314046923,NULL,5,0,nan,nan,nan,nan,nan,nan,False,NULL,0.25,NULL,0.0,107.0,108.2021181742909,107.0,1.2021181742909022,NULL,0,107.0,NULL,True
428,0.00018395895314047032,candidate,0,1,1728515624.410566,1731313595.7412016,0.0012010496352860812,22.569342944238045,3.9484364591971133,33.1875,False,refined,0.0,rank_2,0.00036630679735378407,109.81023069927151,108.74335061679733,107.25,1.4933506167973292,NULL,0,107.25,NULL,False
428,0.00018395895314047032,candidate,1,2,1582031249.4605181,1579198769.6794043,0.0007623231925305313,18.620906485040933,-3.9484364591971133,30.375000000000004,False,refined,0.24677727869981958,NULL,3.0,110.24677727869982,108.74335061679733,107.25,1.4933506167973292,NULL,0,107.25,NULL,False
428,0.00018395895314047032,candidate,2,3,2099609374.284021,2097413215.1015165,0.0007101767398685256,18.005452709101935,-4.563890235136112,40.3125,False,refined,0.285243139696007,rank_1,0.25598930281041277,108.74335061679733,108.74335061679733,107.25,1.4933506167973292,NULL,0,107.25,NULL,False
428,0.00018395895314047032,candidate,3,4,1962890624.3306427,1965573819.4091482,0.0006032553393049403,16.588147319770776,-5.98119562446727,37.6875,False,refined,0.3738247265292044,rank_1,0.6600589201434154,109.23600182096352,108.74335061679733,107.25,1.4933506167973292,NULL,0,107.25,NULL,False
428,0.00018395895314047032,candidate,4,5,2451171874.164136,2448471573.5082836,0.0005951564747257973,16.47074708381747,-6.098595860420577,47.0625,False,refined,0.38116224127628606,NULL,3.0,110.38116224127629,108.74335061679733,107.25,1.4933506167973292,NULL,0,107.25,NULL,False
428,0.00018395895314047032,NULL,5,0,nan,nan,nan,nan,nan,nan,False,NULL,0.25,NULL,0.0,107.25,108.74335061679733,107.25,1.4933506167973292,NULL,0,107.25,NULL,True
429,0.0001839621531404714,candidate,0,1,1865234374.363944,1860392240.3632548,0.0009920542519269977,21.28097005877711,0.14245482910899554,35.8125,False,refined,0.0,NULL,3.0,110.25,110.14542953322966,107.5,2.6454295332296596,NULL,0,107.5,NULL,False
429,0.0001839621531404714,candidate,1,2,2216796874.244059,2217618950.96208,0.0009280189312665549,20.701398317561726,-0.5795717412153856,42.5625,False,refined,0.0362232338259616,rank_3,1.4449418933779565,110.22451574400125,110.14542953322966,107.5,2.6454295332296596,NULL,0,107.5,NULL,False
429,0.0001839621531404714,candidate,2,3,1542968749.4738386,1544415900.375419,0.000755816269212243,18.91858632269588,-2.3623837360812328,29.625,False,refined,0.14764898350507705,NULL,3.0,110.39764898350508,110.14542953322966,107.5,2.6454295332296596,NULL,0,107.5,NULL,False
429,0.0001839621531404714,candidate,3,4,1689453124.4238865,1689787317.3281436,0.0007350737254627511,18.676879593588993,-2.6040904651881203,32.4375,False,refined,0.16275565407425752,rank_1,0.17244317988388105,110.14542953322966,110.14542953322966,107.5,2.6454295332296596,NULL,0,107.5,NULL,False
429,0.0001839621531404714,candidate,4,5,1386718749.5271208,1389862763.6237774,0.0005759978387084481,16.55867867906105,-4.7222913797160615,26.625,False,refined,0.29514321123225384,NULL,3.0,110.54514321123226,110.14542953322966,107.5,2.6454295332296596,NULL,0,107.5,NULL,False
429,0.0001839621531404714,NULL,5,0,nan,nan,nan,nan,nan,nan,False,NULL,0.25,NULL,0.0,107.5,110.14542953322966,107.5,2.6454295332296596,NULL,0,107.5,NULL,True
430,0.0001839653531404725,candidate,0,1,1826171874.3772647,1826967286.5559373,0.0014576688567406262,24.23760908184218,0.19750515536628654,35.0625,False,refined,0.0,rank_1,0.11172275370213085,110.36172275370213,110.32659998668942,107.75,2.5765999866894163,NULL,0,107.75,NULL,False
430,0.0001839653531404725,candidate,1,2,2187499999.25405,2187662287.1829205,0.001424897476599775,24.040103926475894,-0.19750515536628654,42.0,False,refined,0.012344072210392909,rank_2,0.08974017047776096,110.32659998668942,110.32659998668942,107.75,2.5765999866894163,NULL,0,107.75,NULL,False
430,0.0001839653531404725,candidate,2,3,2021484374.3106618,2021396626.4626043,0.0010534487504682893,21.416699826030985,-2.820909255811195,38.8125,False,refined,0.17630682848819967,NULL,3.0,110.6763068284882,110.32659998668942,107.75,2.5765999866894163,NULL,0,107.75,NULL,False
430,0.0001839653531404725,candidate,3,4,1533203124.4771688,1531851624.54766,0.0010172960997531125,21.113379168101787,-3.124229913740395,29.437500000000004,False,refined,0.1952643696087747,rank_3,0.01578610270760038,110.60869945582145,110.32659998668942,107.75,2.5765999866894163,NULL,0,107.75,NULL,False
430,0.0001839653531404725,candidate,4,5,1650390624.437207,1653933679.2729232,0.0009295124646803238,20.299927320010305,-3.908073142670192,31.6875,False,refined,0.244254571416887,rank_4,0.12854833617947461,110.51823244082603,110.32659998668942,107.75,2.5765999866894163,NULL,0,107.75,NULL,False
430,0.0001839653531404725,NULL,5,0,nan,nan,nan,nan,nan,nan,False,NULL,0.25,NULL,0.0,107.75,110.32659998668942,107.75,2.5765999866894163,NULL,0,107.75,NULL,True
431,0.0001839685531404736,candidate,0,1,1826171874.3772647,1826495317.9757226,0.0014499282728035676,25.373605096749046,0.5594129541508863,35.0625,False,refined,0.0,rank_1,2.227543407099164e-05,110.3617450291362,110.3617450291362,108.0,2.361745029136202,NULL,0,108.0,NULL,False
431,0.0001839685531404736,candidate,1,2,2197265624.2507195,2196899315.763165,0.0013594895409088281,24.81419214259816,-0.5594129541508863,42.1875,False,refined,0.034963309634430395,rank_2,0.008532269699225449,110.37009556602308,110.3617450291362,108.0,2.361745029136202,NULL,0,108.0,NULL,False
431,0.0001839685531404736,candidate,2,3,2021484374.3106618,2023317432.9121675,0.001342795264797376,24.7068707497081,-0.666734347040947,38.8125,False,refined,0.04167089669005919,rank_3,0.0003689497416683836,110.71834667491993,110.3617450291362,108.0,2.361745029136202,NULL,0,108.0,NULL,False
431,0.0001839685531404736,candidate,3,4,1503906249.487159,1501897987.8973753,0.0012628155132546964,24.17347289608677,-1.200132200662276,28.874999999999996,False,refined,0.07500826254139226,rank_4,0.08972203485772827,110.77342975322057,110.3617450291362,108.0,2.361745029136202,NULL,0,108.0,NULL,False
431,0.0001839685531404736,candidate,4,5,1650390624.437207,1647094564.2971141,0.0010209449016054773,22.326720821811776,-3.0468842749372715,31.6875,False,refined,0.19043026718357947,rank_5,0.004677349365233627,110.71334005737485,110.3617450291362,108.0,2.361745029136202,NULL,0,108.0,NULL,False
431,0.0001839685531404736,NULL,5,0,nan,nan,nan,nan,nan,nan,False,NULL,0.25,NULL,0.0,108.0,110.3617450291362,108.0,2.361745029136202,NULL,0,108.0,NULL,True
432,0.00018397175314047469,candidate,0,1,1484374999.4938195,1479495360.2951865,0.0016752422807457894,26.80354955265426,3.3391616471109753,28.500000000000004,False,refined,0.0,rank_4,0.05018777234823527,110.8236175255688,110.58687771624423,108.25,2.3368777162442314,NULL,0,108.25,NULL,False
432,0.00018397175314047469,candidate,1,2,2041015624.3040016,2036906368.8895025,0.001140563693809862,23.464387905543287,-3.3391616471109753,39.1875,False,refined,0.20869760294443596,rank_3,0.018465918099610887,110.94551019596398,110.58687771624423,108.25,2.3368777162442314,NULL,0,108.25,NULL,False
432,0.00018397175314047469,candidate,2,3,1826171874.3772647,1830113840.156224,0.0011092232701944546,23.210607677415585,-3.5811730692950494,35.0625,False,refined,0.2238233168309406,rank_1,0.0013093702770781046,110.58687771624423,110.58687771624423,108.25,2.3368777162442314,NULL,0,108.25,NULL,False
432,0.00018397175314047469,candidate,3,4,1630859374.4438674,1628938021.33145,0.0010915831597132501,23.083133583946065,-3.7204159687081972,31.312500000000004,False,refined,0.23252599804426233,rank_5,0.03296600524640083,110.97883206066552,110.58687771624423,108.25,2.3368777162442314,NULL,0,108.25,NULL,False
432,0.00018397175314047469,candidate,4,5,2207031249.2473893,2209283800.2730045,0.0008620013172693603,21.03215563349017,-5.771393919164094,42.375,False,refined,0.36071211994775587,rank_2,0.015337545657445537,110.74614523162828,110.58687771624423,108.25,2.3368777162442314,NULL,0,108.25,NULL,False
432,0.00018397175314047469,NULL,5,0,nan,nan,nan,nan,nan,nan,False,NULL,0.25,NULL,0.0,108.25,110.58687771624423,108.25,2.3368777162442314,NULL,0,108.25,NULL,True
433,0.00018397495314047578,candidate,0,1,1484374999.4938195,1484457414.437355,0.0017423424026212224,27.596409075972996,4.013749514846543,28.500000000000004,False,refined,0.0,rank_1,0.0024621981309811787,110.82607972369979,110.82607972369979,108.5,2.3260797236997917,NULL,0,108.5,NULL,False
433,0.00018397495314047578,candidate,1,2,1357421874.537111,1354093480.5674062,0.00109760488248574,23.582659561126455,-4.013749514846543,26.062499999999996,False,refined,0.25085934467790894,NULL,3.0,111.5008593446779,110.82607972369979,108.5,2.3260797236997917,NULL,0,108.5,NULL,False
433,0.00018397495314047578,candidate,2,3,1835937499.3739345,1833491558.226189,0.0010070756428849214,22.834980801374194,-4.761428274598805,35.25,False,refined,0.2975892671624253,rank_3,0.0011408979360167312,110.88560788134266,110.82607972369979,108.5,2.3260797236997917,NULL,0,108.5,NULL,False
433,0.00018397495314047578,candidate,3,4,1621093749.4471974,1617238614.2472682,0.0007598308465729485,20.354314583422113,-7.20833171031412,31.125,False,refined,0.4505207318946325,rank_4,0.013687612612140295,111.4430404051723,110.82607972369979,108.5,2.3260797236997917,NULL,0,108.5,NULL,False
433,0.00018397495314047578,candidate,4,5,2050781249.3006716,2048526231.917474,0.0006227242336559813,18.625891511205424,-8.936754782530807,39.375,False,refined,0.5585471739081754,rank_2,0.013502121678881915,111.51755949155104,110.82607972369979,108.5,2.3260797236997917,NULL,0,108.5,NULL,False
433,0.00018397495314047578,NULL,5,0,nan,nan,nan,nan,nan,nan,False,NULL,0.25,NULL,0.0,108.5,110.82607972369979,108.5,2.3260797236997917,NULL,0,108.5,NULL,True
434,0.00018397815314047687,candidate,0,1,1474609374.4971495,1471138688.9569094,0.0014660868009054322,25.42644358274833,2.421868396159814,28.3125,False,refined,0.0,rank_1,0.01773884484234715,110.84381856854213,110.84381856854213,108.75,2.093818568542133,NULL,0,108.75,NULL,False
434,0.00018397815314047687,candidate,1,2,1357421874.537111,1361413121.4029527,0.0011093440644769927,23.004575186588518,-2.421868396159814,26.062499999999996,False,refined,0.1513667747599884,NULL,3.0,111.65136677475999,110.84381856854213,108.75,2.093818568542133,NULL,0,108.75,NULL,False
434,0.00018397815314047687,candidate,2,3,1826171874.3772647,1824765109.033609,0.001036902497282749,22.4180083147286,-3.0084352680197313,35.0625,False,refined,0.1880272042512332,rank_3,0.007615091551067988,111.08125017714497,110.84381856854213,108.75,2.093818568542133,NULL,0,108.75,NULL,False
434,0.00018397815314047687,candidate,3,4,1689453124.4238865,1691563844.7462907,0.0006717852244712528,18.644820763525438,-6.778584725668901,32.4375,False,refined,0.42366154535430633,NULL,3.0,111.9236615453543,110.84381856854213,108.75,2.093818568542133,NULL,0,108.75,NULL,False
434,0.00018397815314047687,candidate,4,5,2060546874.2973413,2056401969.1925855,0.0003603578010150146,13.10309420752465,-12.188515114920877,39.5625,False,refined,0.75,NULL,3.0,112.25,110.84381856854213,108.75,2.093818568542133,NULL,0,108.75,NULL,False
434,0.00018397815314047687,NULL,5,0,nan,nan,nan,nan,nan,nan,False,NULL,0.25,NULL,0.0,108.75,110.84381856854213,108.75,2.093818568542133,NULL,0,108.75,NULL,True
435,0.00018398135314047796,candidate,0,1,1435546874.5104702,1436958854.5448275,0.001491319695013298,25.206130399049833,4.12486439132608,27.5625,False,refined,0.0,rank_1,0.11682610804373418,110.96064467658587,110.96064467658587,109.0,1.960644676585872,NULL,0,109.0,NULL,False
435,0.00018398135314047796,candidate,1,2,1572265624.463848,1575947060.8683994,0.0009275290784180297,21.081266007723755,-4.12486439132608,30.1875,False,refined,0.25780402445788,NULL,3.0,112.00780402445788,110.96064467658587,109.0,1.960644676585872,NULL,0,109.0,NULL,False
435,0.00018398135314047796,candidate,2,3,1708984374.4172263,1709717223.0996318,0.0008923132615814166,20.74506228208401,-4.461068116965823,32.8125,False,refined,0.2788167573103639,NULL,3.0,112.02881675731037,110.96064467658587,109.0,1.960644676585872,NULL,0,109.0,NULL,False
435,0.00018398135314047796,candidate,3,4,1835937499.3739345,1836029092.8535032,0.000847456357181396,20.20339311378197,-4.909068229711595,35.25,False,refined,0.3068167643569747,rank_3,0.012687733149484088,111.40075467465144,110.96064467658587,109.0,1.960644676585872,NULL,0,109.0,NULL,False
435,0.00018398135314047796,candidate,4,5,1074218749.633685,1077324920.8568504,0.0005595441987107237,16.59773422363596,-8.514727119857604,20.625,False,refined,0.5321704449911002,NULL,3.0,112.2821704449911,110.96064467658587,109.0,1.960644676585872,NULL,0,109.0,NULL,False
435,0.00018398135314047796,NULL,5,0,nan,nan,nan,nan,nan,nan,False,NULL,0.25,NULL,0.0,109.0,110.96064467658587,109.0,1.960644676585872,NULL,0,109.0,NULL,True
436,0.00018398455314047905,candidate,0,1,1445312499.50714,1440630475.9064445,0.001154346896013723,22.031917364930127,2.922082274759692,27.75,False,refined,0.0,rank_1,0.0013480803423082922,110.96199275692818,110.96199275692818,109.25,1.7119927569281828,NULL,0,109.25,NULL,False
436,0.00018398455314047905,candidate,1,2,1699218749.4205563,1699315405.4222958,0.0008245789156074676,19.109835090170435,-2.922082274759692,32.625,False,refined,0.18263014217248075,NULL,3.0,112.18263014217248,110.96199275692818,109.25,1.7119927569281828,NULL,0,109.25,NULL,False
436,0.00018398455314047905,candidate,2,3,1591796874.457188,1596259212.1943989,0.0007488270106090542,18.272820600419102,-3.759096764511023,30.5625,False,refined,0.23494354778193893,NULL,3.0,112.23494354778194,110.96199275692818,109.25,1.7119927569281828,NULL,0,109.25,NULL,False
436,0.00018398455314047905,candidate,3,4,1093749999.627025,1089905940.5785906,0.0007226415550425096,17.96364921082553,-4.068268154104597,21.0,False,refined,0.25426675963153733,NULL,3.0,112.25426675963153,110.96199275692818,109.25,1.7119927569281828,NULL,0,109.25,NULL,False
436,0.00018398455314047905,candidate,4,5,947265624.6769768,945487812.4479631,0.0006927552780368845,17.596787441579025,-4.435129923351102,18.1875,False,refined,0.2771956202094439,NULL,3.0,112.27719562020944,110.96199275692818,109.25,1.7119927569281828,NULL,0,109.25,NULL,False
436,0.00018398455314047905,NULL,5,0,nan,nan,nan,nan,nan,nan,False,NULL,0.25,NULL,0.0,109.25,110.96199275692818,109.25,1.7119927569281828,NULL,0,109.25,NULL,True
437,0.00018398775314048014,candidate,0,1,1142578124.6103742,1140817110.789716,0.0008807129875096733,19.784947445739096,0.27034325510443935,21.9375,False,refined,0.0,NULL,3.0,112.25,111.31908730793623,109.5,1.819087307936229,NULL,0,109.5,NULL,False
437,0.00018398775314048014,candidate,1,2,498046874.83016306,499876764.56988305,0.0008537235035638301,19.514604190634657,-0.27034325510443935,9.5625,False,refined,0.01689645344402746,NULL,3.0,112.26689645344403,111.31908730793623,109.5,1.819087307936229,NULL,0,109.5,NULL,False
437,0.00018398775314048014,candidate,2,3,996093749.6603261,997512309.6974392,0.0007588259874563097,18.491103345146165,-1.2938441005929313,19.125,False,refined,0.08086525628705821,NULL,3.0,112.33086525628705,111.31908730793623,109.5,1.819087307936229,NULL,0,109.5,NULL,False
437,0.00018398775314048014,candidate,3,4,1494140624.4904892,1491711015.9042847,0.000737728370514384,18.24618913596393,-1.5387583097751634,28.6875,False,refined,0.09617239436094771,rank_1,0.26092215664709495,111.31908730793623,111.31908730793623,109.5,1.819087307936229,NULL,0,109.5,NULL,False
437,0.00018398775314048014,candidate,4,5,693359374.7635604,693685558.6260186,0.0006079603874101751,16.565765092167084,-3.2191823535720143,13.3125,False,refined,0.2011988970982509,NULL,3.0,112.45119889709825,111.31908730793623,109.5,1.819087307936229,NULL,0,109.5,NULL,False
437,0.00018398775314048014,NULL,5,0,nan,nan,nan,nan,nan,nan,False,NULL,0.25,NULL,0.0,109.5,111.31908730793623,109.5,1.819087307936229,NULL,0,109.5,NULL,True
438,0.00018399095314048123,candidate,0,1,498046874.83016306,495261336.88480484,0.001113688412798724,21.799261941782504,0.449949457114327,9.5625,False,refined,0.0,rank_2,0.0021302172716186345,112.26902667071565,111.85790985523363,109.75,2.107909855233629,NULL,0,109.75,NULL,False
438,0.00018399095314048123,candidate,1,2,1142578124.6103742,1146996108.8718877,0.0010574655509732957,21.349312484668175,-0.449949457114327,21.9375,False,refined,0.028121841069645437,rank_1,0.003818001729948128,112.2819398427996,111.85790985523363,109.75,2.107909855233629,NULL,0,109.75,NULL,False
438,0.00018399095314048123,candidate,2,3,683593749.7668905,685744023.2609966,0.0009660422179339174,20.563910046075982,-1.2353518957065202,13.125,False,refined,0.07720949348165751,rank_5,0.006306798395389612,112.5347151889753,111.85790985523363,109.75,2.107909855233629,NULL,0,109.75,NULL,False
438,0.00018399095314048123,candidate,3,4,1005859374.656996,1010155627.4601842,0.0005947604585417606,16.350829671321733,-5.448432270460772,19.3125,False,refined,0.3405270169037983,rank_3,0.015985348404974384,112.68737762159581,111.85790985523363,109.75,2.107909855233629,NULL,0,109.75,NULL,False
438,0.00018399095314048123,candidate,4,5,1503906249.487159,1504265648.751064,0.0004249278224597499,13.37589615162913,-8.368970667290503,28.874999999999996,False,refined,0.5230606667056564,rank_4,0.015761880591743084,111.85790985523363,111.85790985523363,109.75,2.107909855233629,NULL,0,109.75,NULL,False
438,0.00018399095314048123,NULL,5,0,nan,nan,nan,nan,nan,nan,False,NULL,0.25,NULL,0.0,109.75,111.85790985523363,109.75,2.107909855233629,NULL,0,109.75,NULL,True
439,0.00018399415314048232,candidate,0,1,458984374.8434836,463255842.52534825,0.0011073028286291838,22.12115616645513,0.09484741540542352,8.8125,False,refined,0.0,rank_1,0.10243516691932082,112.37146183763497,112.30533641880602,110.0,2.3053364188060215,NULL,0,110.0,NULL,False
439,0.00018399415314048232,candidate,1,2,683593749.7668905,684240906.9807833,0.001095277178192719,22.026308751049708,-0.09484741540542352,13.125,False,refined,0.00592796346283897,rank_3,0.0002259358551842078,112.54086908829332,112.30533641880602,110.0,2.3053364188060215,NULL,0,110.0,NULL,False
439,0.00018399415314048232,candidate,2,3,1152343749.607044,1156800692.3880568,0.0010795419845045214,21.90061872303337,-0.22053744342175996,22.125,False,refined,0.013783590213859997,rank_2,0.009612985792553427,112.30533641880602,112.30533641880602,110.0,2.3053364188060215,NULL,0,110.0,NULL,False
439,0.00018399415314048232,candidate,3,4,1259765624.5704124,1263730512.0171502,0.0005529104256918935,16.088923561482858,-6.032232604972272,24.187499999999996,False,refined,0.377014537810767,NULL,3.0,113.12701453781077,112.30533641880602,110.0,2.3053364188060215,NULL,0,110.0,NULL,False
439,0.00018399415314048232,candidate,4,5,322265624.89010555,318966555.4390758,0.0004339058516353487,13.865629994240676,-8.137418045726825,6.1875,False,refined,0.5085886278579266,NULL,3.0,113.25858862785793,112.30533641880602,110.0,2.3053364188060215,NULL,0,110.0,NULL,False
439,0.00018399415314048232,NULL,5,0,nan,nan,nan,nan,nan,nan,False,NULL,0.25,NULL,0.0,110.0,112.30533641880602,110.0,2.3053364188060215,NULL,0,110.0,NULL,True
440,0.00018399735314048342,candidate,0,1,1201171874.5903933,1201068751.7365448,0.0011631474366712274,22.3383971035934,0.023937095431136868,23.0625,False,refined,0.0,rank_3,0.1959661078481264,112.50130252665414,112.50130252665414,110.25,2.2513025266541433,NULL,0,110.25,NULL,False
440,0.00018399735314048342,candidate,1,2,595703124.7968618,594009750.8641255,0.0011599463780887244,22.314460008162264,-0.023937095431136868,11.4375,False,refined,0.0014960684644460542,NULL,3.0,113.00149606846445,112.50130252665414,110.25,2.2513025266541433,NULL,0,110.25,NULL,False
440,0.00018399735314048342,candidate,2,3,712890624.7569001,710389212.8765799,0.0010756402846457814,21.65904292414116,-0.6793541794522362,13.6875,False,refined,0.04245963621576476,rank_2,0.0683733901220148,112.6517021146311,112.50130252665414,110.25,2.2513025266541433,NULL,0,110.25,NULL,False
440,0.00018399735314048342,candidate,3,4,449218749.84681374,448679509.8856806,0.0009126230792972631,20.231530693685205,-2.1068664099081946,8.625,False,refined,0.13167915061926216,rank_1,0.02124694732222399,112.52438793557646,112.50130252665414,110.25,2.2513025266541433,NULL,0,110.25,NULL,False
440,0.00018399735314048342,candidate,4,5,869140624.7036179,872807408.4046344,0.0005853102994182143,16.37342506994374,-5.96497203364966,16.6875,False,refined,0.37281075210310377,NULL,3.0,113.3728107521031,112.50130252665414,110.25,2.2513025266541433,NULL,0,110.25,NULL,False
440,0.00018399735314048342,NULL,5,0,nan,nan,nan,nan,nan,nan,False,NULL,0.25,NULL,0.0,110.25,112.50130252665414,110.25,2.2513025266541433,NULL,0,110.25,NULL,True
441,0.0001840005531404845,candidate,0,1,1230468749.5804029,1226765854.0595217,0.0012838419404900606,23.64535214048925,0.16343758315465529,23.625,False,refined,0.0,rank_1,0.0660341067797541,112.5673366334339,112.5673366334339,110.5,2.0673366334338965,NULL,0,110.5,NULL,False
441,0.0001840005531404845,candidate,1,2,576171874.803522,580667117.1056684,0.0012599104553472566,23.481914557334598,-0.16343758315465529,11.0625,False,refined,0.010214848947165955,rank_2,0.01780258756123181,113.02951350497285,112.5673366334339,110.5,2.0673366334338965,NULL,0,110.5,NULL,False
441,0.0001840005531404845,candidate,2,3,400390624.8634644,404058064.4720304,0.000984212689123172,21.24157245151426,-2.308451982910462,7.687499999999999,False,refined,0.14427824893190389,rank_4,0.19910733908033657,112.8677735235887,112.5673366334339,110.5,2.0673366334338965,NULL,0,110.5,NULL,False
441,0.0001840005531404845,candidate,3,4,712890624.7569001,716541615.7115235,0.0009612890252788926,21.132200641500027,-2.5131514989892256,13.6875,False,refined,0.1570719686868266,rank_3,0.003785206064342269,112.81255928938226,112.5673366334339,110.5,2.0673366334338965,NULL,0,110.5,NULL,False
441,0.0001840005531404845,candidate,4,5,849609374.7102782,852806826.460666,0.0006117147630618697,17.20610019550459,-6.439251944984665,16.3125,False,refined,0.4024532465615416,NULL,3.0,113.65245324656154,112.5673366334339,110.5,2.0673366334338965,NULL,0,110.5,NULL,False
441,0.0001840005531404845,NULL,5,0,nan,nan,nan,nan,nan,nan,False,NULL,0.25,NULL,0.0,110.5,112.5673366334339,110.5,2.0673366334338965,NULL,0,110.5,NULL,True
442,0.0001840037531404856,candidate,0,1,400390624.8634644,400090042.36503726,0.0012226466899902544,22.604446182869935,0.47893422801021046,7.687499999999999,False,refined,0.0,rank_3,0.0015745199441586269,112.86934804353285,112.73428893272155,110.75,1.9842889327215545,NULL,0,110.75,NULL,False
442,0.0001840037531404856,candidate,1,2,585937499.8001919,588872711.9659991,0.0011570556970897895,22.125511954859725,-0.47893422801021046,11.25,False,refined,0.029933389250638154,rank_2,0.006733178701188561,113.06618007292468,112.73428893272155,110.75,1.9842889327215545,NULL,0,110.75,NULL,False
442,0.0001840037531404856,candidate,2,3,1249999999.5737426,1247577932.053417,0.0009736223712218582,20.62623753894588,-1.9782086439240576,24.0,False,refined,0.1236380402452536,rank_1,0.04331425904239807,112.73428893272155,112.73428893272155,110.75,1.9842889327215545,NULL,0,110.75,NULL,False
442,0.0001840037531404856,candidate,3,4,1523437499.4804988,1523413103.907294,0.000685609519513826,17.579963434353427,-5.02448274851651,29.25,False,refined,0.3140301717822819,NULL,3.0,113.81403017178228,112.73428893272155,110.75,1.9842889327215545,NULL,0,110.75,NULL,False
442,0.0001840037531404856,candidate,4,5,771484374.7369193,768051113.8884994,0.0006848795906637653,17.57071114334626,-5.033735039523677,14.8125,False,refined,0.3146084399702298,rank_4,0.2653228402443878,113.39249056959689,112.73428893272155,110.75,1.9842889327215545,NULL,0,110.75,NULL,False
442,0.0001840037531404856,NULL,5,0,nan,nan,nan,nan,nan,nan,False,NULL,0.25,NULL,0.0,110.75,112.73428893272155,110.75,1.9842889327215545,NULL,0,110.75,NULL,True
443,0.0001840069531404867,candidate,0,1,1542968749.4738386,1541708180.7282357,0.0011975453702287276,22.41989861783341,0.29503487238620174,29.625,False,refined,0.0,NULL,3.0,113.75,112.9901749339215,111.0,1.9901749339214945,NULL,0,111.0,NULL,False
443,0.0001840069531404867,candidate,1,2,429687499.853474,432088044.0002193,0.0011575512611494252,22.124863745447207,-0.29503487238620174,8.25,False,refined,0.01843967952413761,rank_1,0.10238721086451114,112.9901749339215,112.9901749339215,111.0,1.9901749339214945,NULL,0,111.0,NULL,False
443,0.0001840069531404867,candidate,2,3,605468749.7935315,604104471.4117961,0.0009333334526644724,20.25479573905633,-2.1651028787770787,11.624999999999998,False,refined,0.13531892992356742,rank_2,0.02320064958146251,113.22469965242972,112.9901749339215,111.0,1.9901749339214945,NULL,0,111.0,NULL,False
443,0.0001840069531404867,candidate,3,4,1298828124.557092,1303350730.256617,0.0006347869254705173,16.906618558721824,-5.513280059111585,24.9375,False,refined,0.34458000369447406,rank_3,0.31106050194148804,113.38992943835751,112.9901749339215,111.0,1.9901749339214945,NULL,0,111.0,NULL,False
443,0.0001840069531404867,candidate,4,5,1738281249.4072359,1737742163.1459389,0.0004965538298051446,14.773385813128623,-7.646512804704786,33.375,False,refined,0.4779070502940491,NULL,3.0,114.22790705029405,112.9901749339215,111.0,1.9901749339214945,NULL,0,111.0,NULL,False
443,0.0001840069531404867,NULL,5,0,nan,nan,nan,nan,nan,nan,False,NULL,0.25,NULL,0.0,111.0,112.9901749339215,111.0,1.9901749339214945,NULL,0,111.0,NULL,True
444,0.00018401015314048778,candidate,0,1,1533203124.4771688,1533411368.166254,0.0012428564059641957,24.147447950347605,2.2524321991842466,29.437500000000004,False,refined,0.0,rank_1,0.006883709868865698,113.75688370986886,113.31834514370517,111.25,2.068345143705173,NULL,0,111.25,NULL,False
444,0.00018401015314048778,candidate,1,2,478515624.83682334,475376979.9232305,0.0009589574669535611,21.895015751163356,-2.2524321991842466,9.1875,False,refined,0.14077701244901542,rank_2,0.18739319733465734,113.31834514370517,113.31834514370517,111.25,2.068345143705173,NULL,0,111.25,NULL,False
444,0.00018401015314048778,candidate,2,3,585937499.8001919,583808824.068722,0.0006239420421558408,18.161913848816766,-5.985534101530838,11.25,False,refined,0.3740958813456774,rank_3,0.04119133010744301,113.63998686388284,113.31834514370517,111.25,2.068345143705173,NULL,0,111.25,NULL,False
444,0.00018401015314048778,candidate,3,4,1318359374.5504317,1313649008.1964636,0.0005643495772723807,17.289992929572662,-6.857455020774941,25.3125,False,refined,0.4285909387984338,rank_4,0.01060545285263294,113.82912583000858,113.31834514370517,111.25,2.068345143705173,NULL,0,111.25,NULL,False
444,0.00018401015314048778,candidate,4,5,292968749.90009594,289833332.0848511,0.0004845654856128662,15.96607839202207,-8.181369558325535,5.625,False,refined,0.511335597395346,NULL,3.0,114.51133559739534,113.31834514370517,111.25,2.068345143705173,NULL,0,111.25,NULL,False
444,0.00018401015314048778,NULL,5,0,nan,nan,nan,nan,nan,nan,False,NULL,0.25,NULL,0.0,111.25,113.31834514370517,111.25,2.068345143705173,NULL,0,111.25,NULL,True
445,0.00018401335314048887,candidate,0,1,507812499.82683295,503287864.07808846,0.0008725950347315108,21.159784593088354,0.1420251096986025,9.75,False,refined,0.0,rank_2,0.07790174543058997,113.39624688913577,113.39624688913577,111.5,1.8962468891357673,NULL,0,111.5,NULL,False
445,0.00018401335314048887,candidate,1,2,1503906249.487159,1504212166.4254584,0.0008584430362208883,21.068558823098584,-0.1420251096986025,28.874999999999996,False,refined,0.008876569356162656,rank_1,0.08525933822996815,113.851019617455,113.39624688913577,111.5,1.8962468891357673,NULL,0,111.5,NULL,False
445,0.00018401335314048887,candidate,2,3,1308593749.5537617,1307144793.9702344,0.0006209924137010807,18.256055078147604,-2.954528854649583,25.124999999999996,False,refined,0.18465805341559893,rank_4,0.004230480270068219,114.01801436369425,113.39624688913577,111.5,1.8962468891357673,NULL,0,111.5,NULL,False
445,0.00018401335314048887,candidate,3,4,390624999.8667946,390588598.684907,0.00044011943325161204,15.214940745464558,-5.9448438476237975,7.5,False,refined,0.37155274047648734,rank_2,0.7189069593015289,114.4088048434832,113.39624688913577,111.5,1.8962468891357673,NULL,0,111.5,NULL,False
445,0.00018401335314048887,candidate,4,5,732421874.7502398,733018043.4702424,0.0003563836314192365,13.3231949868334,-7.777899771968793,14.0625,False,refined,0.48611873574804954,NULL,3.0,114.73611873574805,113.39624688913577,111.5,1.8962468891357673,NULL,0,111.5,NULL,False
445,0.00018401335314048887,NULL,5,0,nan,nan,nan,nan,nan,nan,False,NULL,0.25,NULL,0.0,111.5,113.39624688913577,111.5,1.8962468891357673,NULL,0,111.5,NULL,True
446,0.00018401655314048996,candidate,0,1,468749999.84015346,468751440.95866966,0.0007772006232334823,20.178873217055457,0.7822369512386107,9.0,False,refined,0.0,rank_1,0.11927645218835255,113.51552334132413,113.51552334132413,111.75,1.7655233413241262,NULL,0,111.75,NULL,False
446,0.00018401655314048996,candidate,1,2,1162109374.6037138,1160084698.790858,0.0007102664364469446,19.396636265816845,-0.7822369512386107,22.312499999999996,False,refined,0.04888980945241317,NULL,3.0,114.54888980945242,113.51552334132413,111.75,1.7655233413241262,NULL,0,111.75,NULL,False
446,0.00018401655314048996,candidate,2,3,1367187499.533781,1362581317.3349123,0.0005089593028621915,16.501871551257715,-3.677001665797741,26.25,False,refined,0.22981260411235882,rank_3,0.3073208122762479,114.55514778008285,113.51552334132413,111.75,1.7655233413241262,NULL,0,111.75,NULL,False
446,0.00018401655314048996,candidate,3,4,732421874.7502398,729633072.9689881,0.0004010874109903314,14.419321360462414,-5.745882185550988,14.0625,False,refined,0.35911763659693674,NULL,3.0,114.85911763659693,113.51552334132413,111.75,1.7655233413241262,NULL,0,111.75,NULL,False
446,0.00018401655314048996,candidate,4,5,1503906249.487159,1504475546.4815905,0.0003570030911993481,13.42164994481216,-6.757223272243298,28.874999999999996,False,refined,0.4223264545152061,rank_2,6.936905396813666e-06,114.27335300887559,113.51552334132413,111.75,1.7655233413241262,NULL,0,111.75,NULL,False
446,0.00018401655314048996,NULL,5,0,nan,nan,nan,nan,nan,nan,False,NULL,0.25,NULL,0.0,111.75,113.51552334132413,111.75,1.7655233413241262,NULL,0,111.75,NULL,True
447,0.00018401975314049105,candidate,0,1,439453124.8501439,437950456.9298402,0.0010070441278586056,22.643320420362425,3.081405472924388,8.4375,False,refined,0.0,rank_1,0.09487006171442071,113.61039340303854,113.61039340303854,112.0,1.6103934030385432,NULL,0,112.0,NULL,False
447,0.00018401975314049105,candidate,1,2,1064453124.6370152,1060142195.0205282,0.000706282145726663,19.561914947438037,-3.081405472924388,20.4375,False,refined,0.19258784205777424,NULL,3.0,114.94258784205778,113.61039340303854,112.0,1.6103934030385432,NULL,0,112.0,NULL,False
447,0.00018401975314049105,candidate,2,3,1210937499.587063,1206688789.718406,0.0005665632521632719,17.647318439110293,-4.996001981252132,23.249999999999996,False,refined,0.31225012382825823,NULL,3.0,115.06225012382826,113.61039340303854,112.0,1.6103934030385432,NULL,0,112.0,NULL,False
447,0.00018401975314049105,candidate,3,4,722656249.75357,721330495.4880472,0.0005385144667021002,17.191236820627314,-5.437022533714,13.875,False,refined,0.339813908357125,NULL,3.0,115.08981390835713,113.61039340303854,112.0,1.6103934030385432,NULL,0,112.0,NULL,False
447,0.00018401975314049105,candidate,4,5,566406249.8068521,570922785.3948377,0.0003205113400934018,12.699218392505305,-9.94410202785712,10.875,False,refined,0.62150637674107,rank_1,1.0438983623894091,115.1809280804546,113.61039340303854,112.0,1.6103934030385432,NULL,0,112.0,NULL,False
447,0.00018401975314049105,NULL,5,0,nan,nan,nan,nan,nan,nan,False,NULL,0.25,NULL,0.0,112.0,113.61039340303854,112.0,1.6103934030385432,NULL,0,112.0,NULL,True
448,0.00018402295314049215,candidate,0,1,449218749.84681374,444434947.14018416,0.0008605357427568727,20.71873353918118,1.3272933938510878,8.625,False,refined,0.0,rank_1,0.004204861328804662,113.61459826436734,113.61459826436734,112.25,1.3645982643673449,NULL,0,112.25,NULL,False
448,0.00018402295314049215,candidate,1,2,996093749.6603261,1000482286.7824848,0.0007385913956781631,19.391440145330094,-1.3272933938510878,19.125,False,refined,0.08295583711569299,NULL,3.0,115.08295583711569,113.61459826436734,112.25,1.3645982643673449,NULL,0,112.25,NULL,False
448,0.00018402295314049215,candidate,2,3,732421874.7502398,735886951.2327765,0.0006911992348208296,18.815420239775563,-1.9033132994056157,14.0625,False,refined,0.11895708121285098,NULL,3.0,115.11895708121286,113.61459826436734,112.25,1.3645982643673449,NULL,0,112.25,NULL,False
448,0.00018402295314049215,candidate,3,4,1230468749.5804029,1230451744.6215494,0.0002941586402409047,11.394987452370726,-9.323746086810454,23.625,False,refined,0.5827341304256534,NULL,3.0,115.58273413042565,113.61459826436734,112.25,1.3645982643673449,NULL,0,112.25,NULL,False
448,0.00018402295314049215,candidate,4,5,2402343749.1807866,2398144676.0728474,0.000178338774393615,6.926168486926043,-13.6704627194234,46.125,False,refined,1.2110747269610935,NULL,3.0,116.21107472696109,113.61459826436734,112.25,1.3645982643673449,NULL,0,112.25,NULL,False
448,0.00018402295314049215,NULL,5,0,nan,nan,nan,nan,nan,nan,False,NULL,0.25,NULL,0.0,112.25,113.61459826436734,112.25,1.3645982643673449,NULL,0,112.25,NULL,True
449,0.00018402615314049324,candidate,0,1,742187499.7469097,745340253.8929439,0.0008083241701108394,19.766221879447077,1.152689579918702,14.250000000000002,False,refined,0.0,rank_3,0.008936493118472685,115.12789357433132,114.23871725990708,112.5,1.7387172599070766,NULL,0,112.5,NULL,False
449,0.00018402615314049324,candidate,1,2,517578124.8235028,516981933.52330804,0.0006750494492609883,18.201222324048445,-1.564999555398634,9.9375,False,refined,0.09781247221241463,rank_1,0.5263065233273162,114.23871725990708,114.23871725990708,112.5,1.7387172599070766,NULL,0,112.5,NULL,False
449,0.00018402615314049324,candidate,2,3,976562499.6669865,975521915.5333617,0.0004890301726041721,15.401223686897687,-4.36499819254939,18.75,False,refined,0.27281238703433686,rank_2,0.062302013289405093,115.41807023743944,114.23871725990708,112.5,1.7387172599070766,NULL,0,112.5,NULL,False
449,0.00018402615314049324,candidate,3,4,58593749.98001918,nan,0.0001934164891715047,7.069126206640606,-12.421841383773975,1.125,True,boundary_peak,2.908381069003909,NULL,3.0,118.15838106900391,114.23871725990708,112.5,1.7387172599070766,NULL,0,112.5,NULL,False
449,0.00018402615314049324,candidate,4,5,1240234374.5770729,1245068061.5802872,0.00018727757694746535,6.972256734031594,-12.70199566714802,23.8125,False,refined,1.2041614898952608,NULL,3.0,116.45416148989526,114.23871725990708,112.5,1.7387172599070766,NULL,0,112.5,NULL,False
449,0.00018402615314049324,NULL,5,0,nan,nan,nan,nan,nan,nan,False,NULL,0.25,NULL,0.0,112.5,114.23871725990708,112.5,1.7387172599070766,NULL,0,112.5,NULL,True
450,0.00018402935314049433,candidate,0,1,546874999.8135124,550991391.418463,0.0006973928500927973,18.869586675236285,0.6426596118748851,10.5,False,refined,0.0,rank_2,0.11566432263223177,114.3543815825393,114.3543815825393,112.75,1.604381582539304,NULL,0,112.75,NULL,False
450,0.00018402935314049433,candidate,1,2,859374999.706948,857447177.7638389,0.0006476561739934866,18.24333851954675,-0.6426596118748851,16.5,False,refined,0.04016622574218032,NULL,3.0,115.54016622574218,114.3543815825393,112.75,1.604381582539304,NULL,0,112.75,NULL,False
450,0.00018402935314049433,candidate,2,3,722656249.75357,719419802.9629498,0.0006436908598998607,18.189995168848434,-0.6960029625732034,13.875,False,refined,0.04350018516082521,rank_1,0.06718697764142323,115.23858073713357,114.3543815825393,112.75,1.604381582539304,NULL,0,112.75,NULL,False
450,0.00018402935314049433,candidate,3,4,966796874.6703166,969998263.4877948,0.0004840061857777236,15.713466563315768,-3.1725315681058674,18.5625,False,refined,0.19828322300661672,rank_3,0.003051073192049558,115.6194045336381,114.3543815825393,112.75,1.604381582539304,NULL,0,112.75,NULL,False
450,0.00018402935314049433,candidate,4,5,1220703124.583733,1216958092.2158818,0.0002995135540265546,11.528366474672458,-7.341220200563825,23.4375,False,refined,0.45882626253523906,NULL,3.0,115.95882626253524,114.3543815825393,112.75,1.604381582539304,NULL,0,112.75,NULL,False
450,0.00018402935314049433,NULL,5,0,nan,nan,nan,nan,nan,nan,False,NULL,0.25,NULL,0.0,112.75,114.3543815825393,112.75,1.604381582539304,NULL,0,112.75,NULL,True
451,0.00018403255314049542,candidate,0,1,1083984374.630355,1081013511.5652716,0.0012253984654992582,25.100950281146773,4.533739137325599,20.8125,False,refined,0.0,NULL,3.0,115.75,114.72800782902819,113.0,1.7280078290281864,NULL,0,113.0,NULL,False
451,0.00018403255314049542,candidate,1,2,898437499.6936275,896069258.0045385,0.0007270936893327193,20.567211143821176,-4.533739137325599,17.25,False,refined,0.2833586960828499,rank_2,0.14916650821190422,115.97269143003695,114.72800782902819,113.0,1.7280078290281864,NULL,0,113.0,NULL,False
451,0.00018403255314049542,candidate,2,3,556640624.8101822,561024301.8135469,0.0006272332583059936,19.28398520291795,-5.816965078228824,10.687499999999998,False,refined,0.3635603173893015,rank_1,0.010065929099578267,114.72800782902819,114.72800782902819,113.0,1.7280078290281864,NULL,0,113.0,NULL,False
451,0.00018403255314049542,candidate,3,4,2236328124.237399,2233761361.7536535,0.00017879605185692238,8.208561934465308,-16.718388152028936,42.9375,False,refined,1.0187157098302038,NULL,3.0,116.7687157098302,114.72800782902819,113.0,1.7280078290281864,NULL,0,113.0,NULL,False
451,0.00018403255314049542,candidate,4,5,371093749.87345487,374614551.29203933,0.00017390027303693827,8.141408915681216,-16.959541365465558,7.125000000000001,False,refined,1.0287886626478175,NULL,3.0,116.77878866264781,114.72800782902819,113.0,1.7280078290281864,NULL,0,113.0,NULL,False
451,0.00018403255314049542,NULL,5,0,nan,nan,nan,nan,nan,nan,False,NULL,0.25,NULL,0.0,113.0,114.72800782902819,113.0,1.7280078290281864,NULL,0,113.0,NULL,True
452,0.0001840357531404965,candidate,0,1,1064453124.6370152,1063583748.7428161,0.002058290042302228,29.70063030301646,4.465412067367458,20.4375,False,refined,0.0,rank_1,0.030379663204705278,115.7803796632047,115.49003630237573,113.25,2.240036302375728,NULL,0,113.25,NULL,False
452,0.0001840357531404965,candidate,1,2,898437499.6936275,902055550.9296848,0.0012309374068697043,25.235218235649004,-4.465412067367458,17.25,False,refined,0.2790882542104661,rank_2,0.0035835702985655715,116.25536325454597,115.49003630237573,113.25,2.240036302375728,NULL,0,113.25,NULL,False
452,0.0001840357531404965,candidate,2,3,546874999.8135124,550056862.1180007,0.0004330110586801294,16.15532416031386,-13.540151700944776,10.5,False,refined,0.75,rank_3,0.012028473347544144,115.49003630237573,115.49003630237573,113.25,2.240036302375728,NULL,0,113.25,NULL,False
452,0.0001840357531404965,candidate,3,4,664062499.7735507,662078405.6844994,0.0002874393552753004,12.60142344457841,-17.099206858438052,12.75,False,refined,0.75,rank_3,1.0211931909161254,116.49920101994431,115.49003630237573,113.25,2.240036302375728,NULL,0,113.25,NULL,False
452,0.0001840357531404965,candidate,4,5,2226562499.240729,2228468900.8660817,0.0001579667586536909,7.353408715353211,-22.298817322441245,42.74999999999999,False,refined,1.1469886926970183,NULL,3.0,117.14698869269702,115.49003630237573,113.25,2.240036302375728,NULL,0,113.25,NULL,False
452,0.0001840357531404965,NULL,5,0,nan,nan,nan,nan,nan,nan,False,NULL,0.25,NULL,0.0,113.25,115.49003630237573,113.25,2.240036302375728,NULL,0,113.25,NULL,True
453,0.0001840389531404976,candidate,0,1,1044921874.6436754,1044283905.5998228,0.0022108006683809528,30.75894119560062,2.368722197860418,20.0625,False,refined,0.0,rank_1,0.03724839453441467,115.81762805773911,115.81762805773911,113.5,2.317628057739114,NULL,0,113.5,NULL,False
453,0.0001840389531404976,candidate,1,2,898437499.6936275,900980947.6722394,0.001683113786396641,28.390218997740206,-2.368722197860418,17.25,False,refined,0.1480451373662761,NULL,3.0,116.39804513736628,115.81762805773911,113.5,2.317628057739114,NULL,0,113.5,NULL,False
453,0.0001840389531404976,candidate,2,3,537109374.8168426,537350281.3537731,0.00021975347439490145,10.569800955073285,-20.052276740587285,10.3125,False,refined,0.75,rank_3,0.01614571947178396,116.25618202184751,115.81762805773911,113.5,2.317628057739114,NULL,0,113.5,NULL,False
453,0.0001840389531404976,candidate,3,4,693359374.7635604,697084780.2380219,0.00016362175621941657,8.062851653492595,-22.614170747937568,13.3125,False,refined,1.0405722519761107,NULL,3.0,117.29057225197612,115.81762805773911,113.5,2.317628057739114,NULL,0,113.5,NULL,False
453,0.0001840389531404976,candidate,4,5,2548828124.1308346,2546316595.345543,0.0001543649665703819,7.517812090024689,-23.120016880065393,48.9375,False,refined,1.1223281864962966,NULL,3.0,117.37232818649629,115.81762805773911,113.5,2.317628057739114,NULL,0,113.5,NULL,False
453,0.0001840389531404976,NULL,5,0,nan,nan,nan,nan,nan,nan,False,NULL,0.25,NULL,0.0,113.5,115.81762805773911,113.5,2.317628057739114,NULL,0,113.5,NULL,True
454,0.0001840421531404987,candidate,0,1,1005859374.656996,1007052266.7801605,0.00176721691048052,29.302624880360906,0.9905029568598156,19.3125,False,refined,0.0,rank_1,0.13861949291977782,115.95624755065889,115.95624755065889,113.75,2.206247550658887,NULL,0,113.75,NULL,False
454,0.0001840421531404987,candidate,1,2,878906249.7002878,882471720.3322096,0.0015767567933570122,28.31212192350109,-0.9905029568598156,16.875,False,refined,0.061906434803738475,rank_2,0.034259149672490795,116.49421072184252,115.95624755065889,113.75,2.206247550658887,NULL,0,113.75,NULL,False
454,0.0001840421531404987,candidate,2,3,1259765624.5704124,1257552251.4348981,0.00014578962060159082,7.504296806149302,-21.671265057537852,24.187499999999996,False,refined,1.1243554790776047,NULL,3.0,117.62435547907761,115.95624755065889,113.75,2.206247550658887,NULL,0,113.75,NULL,False
454,0.0001840421531404987,candidate,3,4,3222656248.9010553,3224400724.04411,0.00014504685378650405,7.459930949886591,-21.715630913800563,61.875,False,refined,1.1310103575170114,NULL,3.0,117.63101035751701,115.95624755065889,113.75,2.206247550658887,NULL,0,113.75,NULL,False
454,0.0001840421531404987,candidate,4,5,4062499998.6146636,4064293482.748158,0.0001378151350078438,6.984669914605801,-22.159858875203355,78.0,False,refined,1.2022995128091298,NULL,3.0,117.70229951280913,115.95624755065889,113.75,2.206247550658887,NULL,0,113.75,NULL,False
454,0.0001840421531404987,NULL,5,0,nan,nan,nan,nan,nan,nan,False,NULL,0.25,NULL,0.0,113.75,115.95624755065889,113.75,2.206247550658887,NULL,0,113.75,NULL,True
455,0.00018404535314049978,candidate,0,1,1005859374.656996,1003967680.1309131,0.0010269127922083998,24.110239777013696,0.37073464692793934,19.3125,False,refined,0.0,rank_1,0.0009514674796715351,115.95719901813855,115.95719901813855,114.0,1.957199018138553,NULL,0,114.0,NULL,False
455,0.00018404535314049978,candidate,1,2,878906249.7002878,879327569.6973379,0.0009840039267708864,23.73950513008576,-0.37073464692793934,16.875,False,refined,0.02317091543299621,rank_2,0.000988568321476425,116.518370205597,115.95719901813855,114.0,1.957199018138553,NULL,0,114.0,NULL,False
455,0.00018404535314049978,candidate,2,3,1113281249.6203644,1115507860.0882564,0.0004010247550374928,15.932766888684426,-8.167247633435855,21.374999999999996,False,refined,0.5104529770897409,NULL,3.0,117.26045297708974,115.95719901813855,114.0,1.957199018138553,NULL,0,114.0,NULL,False
455,0.00018404535314049978,candidate,3,4,1289062499.5604222,1286486836.3854399,0.00016291776512962743,8.081145995321588,-15.991302399621015,24.75,False,refined,1.0378281007017618,NULL,3.0,117.78782810070176,115.95719901813855,114.0,1.957199018138553,NULL,0,114.0,NULL,False
455,0.00018404535314049978,candidate,4,5,253906249.91341648,256168184.69126222,0.00016138464617321266,7.950152171253428,-16.07342698948908,4.875,False,refined,1.0574771743119857,NULL,3.0,117.80747717431198,115.95719901813855,114.0,1.957199018138553,NULL,0,114.0,NULL,False
455,0.00018404535314049978,NULL,5,0,nan,nan,nan,nan,nan,nan,False,NULL,0.25,NULL,0.0,114.0,115.95719901813855,114.0,1.957199018138553,NULL,0,114.0,NULL,True
456,0.00018404855314050087,candidate,0,1,996093749.6603261,999343638.165071,0.0005764560213827786,19.37535309617583,5.589211578167657,19.125,False,refined,0.0,rank_1,0.0021381764101869134,115.95933719454874,115.95933719454874,114.25,1.7093371945487377,NULL,0,114.25,NULL,False
456,0.00018404855314050087,candidate,1,2,1142578124.6103742,1141689978.1590962,0.00029222563433540556,13.474395697293762,-5.900957398882065,21.9375,False,refined,0.3688098374301291,NULL,3.0,117.36880983743013,115.95933719454874,114.25,1.7093371945487377,NULL,0,114.25,NULL,False
456,0.00018404855314050087,candidate,2,3,820312499.7202686,821984754.9180579,0.00027401689642853023,12.91557635887493,-6.459776737300897,15.75,False,refined,0.4037360460813061,rank_2,0.3288198406810807,117.25092609235938,115.95933719454874,114.25,1.7093371945487377,NULL,0,114.25,NULL,False
456,0.00018404855314050087,candidate,3,4,273437499.9067562,277422638.719387,0.0002511555544435312,12.158885241942068,-7.216467854233759,5.25,False,refined,0.45102924088960994,NULL,3.0,117.45102924088961,115.95933719454874,114.25,1.7093371945487377,NULL,0,114.25,NULL,False
456,0.00018404855314050087,candidate,4,5,1279296874.5637522,1279580107.1371078,0.00018560298366188574,9.508159091438806,-9.843624530655992,24.5625,False,refined,0.6890026694501786,NULL,3.0,117.68900266945018,115.95933719454874,114.25,1.7093371945487377,NULL,0,114.25,NULL,False
456,0.00018404855314050087,NULL,5,0,nan,nan,nan,nan,nan,nan,False,NULL,0.25,NULL,0.0,114.25,115.95933719454874,114.25,1.7093371945487377,NULL,0,114.25,NULL,True
457,0.00018405175314050197,candidate,0,1,996093749.6603261,997383772.8858147,0.000581230068350933,19.00172539037076,0.6707657920554944,19.125,False,refined,0.0,rank_1,0.0003841071912834547,115.95972130174002,115.95972130174002,114.5,1.459721301740018,NULL,0,114.5,NULL,False
457,0.00018405175314050197,candidate,1,2,1132812499.6137042,1135865263.7260866,0.000538034077708064,18.330959598315264,-0.6707657920554944,21.75,False,refined,0.0419228620034684,NULL,3.0,117.29192286200347,115.95972130174002,114.5,1.459721301740018,NULL,0,114.5,NULL,False
457,0.00018405175314050197,candidate,2,3,302734374.89676577,304683729.3005214,0.0003112631201551168,13.577317257048636,-5.424408133322123,5.812499999999999,False,refined,0.3390255083326327,NULL,3.0,117.58902550833264,115.95972130174002,114.5,1.459721301740018,NULL,0,114.5,NULL,False
457,0.00018405175314050197,candidate,3,4,1279296874.5637522,1274423875.5646088,0.00028107314479671006,12.524910820570243,-6.3105744086181925,24.5625,False,refined,0.39441090053863703,NULL,3.0,117.64441090053863,115.95972130174002,114.5,1.459721301740018,NULL,0,114.5,NULL,False
457,0.00018405175314050197,candidate,4,5,58593749.98001918,nan,0.0001869681726711733,8.713559235262096,-9.85160779513313,1.125,True,boundary_peak,2.5274416019065065,NULL,3.0,119.7774416019065,115.95972130174002,114.5,1.459721301740018,NULL,0,114.5,NULL,False
457,0.00018405175314050197,NULL,5,0,nan,nan,nan,nan,nan,nan,False,NULL,0.25,NULL,0.0,114.5,115.95972130174002,114.5,1.459721301740018,NULL,0,114.5,NULL,True
458,0.00018405495314050306,candidate,0,1,1152343749.607044,1156717877.5867074,0.0008931057897644512,22.032253930668702,4.3260537044074,22.125,False,refined,0.0,rank_2,0.043483150482015204,117.33540601248549,116.2403280662675,114.75,1.4903280662674945,NULL,0,114.75,NULL,False
458,0.00018405495314050306,candidate,1,2,1005859374.656996,1007497332.1020452,0.0005427504841985033,17.64195210674106,-4.3260537044074,19.3125,False,refined,0.2703783565254625,rank_1,0.010228408002020111,116.2403280662675,116.2403280662675,114.75,1.4903280662674945,NULL,0,114.75,NULL,False
458,0.00018405495314050306,candidate,2,3,341796874.88344526,346418017.76902425,0.00030553347036572746,12.686300396211747,-9.316882236372468,6.5625,False,refined,0.5823051397732792,NULL,3.0,118.08230513977328,116.2403280662675,114.75,1.4903280662674945,NULL,0,114.75,NULL,False
458,0.00018405495314050306,candidate,3,4,507812499.82683295,511144877.5229641,0.00021969335801384646,9.821463078791695,-12.18171955379252,9.75,False,refined,0.7767805381812458,NULL,3.0,118.27678053818124,116.2403280662675,114.75,1.4903280662674945,NULL,0,114.75,NULL,False
458,0.00018405495314050306,candidate,4,5,58593749.98001918,nan,0.0001957739546821872,8.650114590089144,-13.182959820424909,1.125,True,boundary_peak,2.6712328114866284,NULL,3.0,120.17123281148663,116.2403280662675,114.75,1.4903280662674945,NULL,0,114.75,NULL,False
458,0.00018405495314050306,NULL,5,0,nan,nan,nan,nan,nan,nan,False,NULL,0.25,NULL,0.0,114.75,116.2403280662675,114.75,1.4903280662674945,NULL,0,114.75,NULL,True
459,0.00018405815314050415,candidate,0,1,1181640624.5970535,1182663938.0108254,0.0013858635526469232,25.866249282516314,9.482843530219576,22.6875,False,refined,0.0,rank_1,0.06731980515319844,117.4027258176387,116.87112422098095,115.0,1.8711242209809456,NULL,0,115.0,NULL,False
459,0.00018405815314050415,candidate,1,2,1025390624.6503358,1027021274.8582422,0.000465134225278049,16.38340575229674,-9.482843530219576,19.6875,False,refined,0.5926777206387235,rank_2,0.03811843407472564,116.87112422098095,116.87112422098095,115.0,1.8711242209809456,NULL,0,115.0,NULL,False
459,0.00018405815314050415,candidate,2,3,371093749.87345487,373319473.1219437,0.00035322979324237396,13.90997465895941,-11.873262922603152,7.125000000000001,False,refined,0.742078932662697,NULL,3.0,118.4920789326627,116.87112422098095,115.0,1.8711242209809456,NULL,0,115.0,NULL,False
459,0.00018405815314050415,candidate,3,4,488281249.83349323,487264983.0150189,0.0002893729506125619,12.260998470228595,-13.605250812287721,9.375,False,refined,0.75,NULL,3.0,118.5,116.87112422098095,115.0,1.8711242209809456,NULL,0,115.0,NULL,False
459,0.00018405815314050415,candidate,4,5,644531249.7802111,641605194.0181141,0.00023521743046091146,10.388787539606259,-15.405019437112193,12.375,False,refined,0.75,NULL,3.0,118.5,116.87112422098095,115.0,1.8711242209809456,NULL,0,115.0,NULL,False
459,0.00018405815314050415,NULL,5,0,nan,nan,nan,nan,nan,nan,False,NULL,0.25,NULL,0.0,115.0,116.87112422098095,115.0,1.8711242209809456,NULL,0,115.0,NULL,True
460,0.00018406135314050524,candidate,0,1,1191406249.5937235,1190783175.8404117,0.0015790590651878786,26.722861911632727,12.173647821854958,22.875,False,refined,0.0,rank_1,0.006592202293338473,117.40931801993203,117.40931801993203,115.25,2.15931801993203,NULL,0,115.25,NULL,False
460,0.00018406135314050524,candidate,1,2,371093749.87345487,371676598.6277723,0.00038879080404670885,14.549214089777767,-12.173647821854958,7.125000000000001,False,refined,0.75,NULL,3.0,118.75,117.40931801993203,115.25,2.15931801993203,NULL,0,115.25,NULL,False
460,0.00018406135314050524,candidate,2,3,1044921874.6436754,1048578218.8377444,0.0003376041546538145,13.323050057814312,-13.399811853818413,20.0625,False,refined,0.75,rank_2,0.04647018337353962,117.66759440435449,117.40931801993203,115.25,2.15931801993203,NULL,0,115.25,NULL,False
460,0.00018406135314050524,candidate,3,4,478515624.83682334,483086063.4709071,0.0003118809909632829,12.546844704068292,-14.088189395247381,9.1875,False,refined,0.75,NULL,3.0,118.75,117.40931801993203,115.25,2.15931801993203,NULL,0,115.25,NULL,False
460,0.00018406135314050524,candidate,4,5,644531249.7802111,645252765.2303151,0.00022993639926142983,9.842333342951228,-16.735812981601967,12.375,False,refined,0.7736499985573158,NULL,3.0,118.77364999855732,117.40931801993203,115.25,2.15931801993203,NULL,0,115.25,NULL,False
460,0.00018406135314050524,NULL,5,0,nan,nan,nan,nan,nan,nan,False,NULL,0.25,NULL,0.0,115.25,117.40931801993203,115.25,2.15931801993203,NULL,0,115.25,NULL,True
461,0.00018406455314050633,candidate,0,1,1181640624.5970535,1185711982.7431483,0.0011730914743315164,24.798042999829057,6.335255678506879,22.6875,False,refined,0.0,rank_1,0.002571699942973131,117.411889719875,117.411889719875,115.5,1.9118897198750062,NULL,0,115.5,NULL,False
461,0.00018406455314050633,candidate,1,2,1425781249.5138001,1424188063.4077225,0.0005362864288999577,17.999341569759395,-6.798701430069665,27.375,False,refined,0.42491883937935404,NULL,3.0,118.67491883937936,117.411889719875,115.5,1.9118897198750062,NULL,0,115.5,NULL,False
461,0.00018406455314050633,candidate,2,3,361328124.876785,361052525.6642954,0.0004595970285105669,16.603007559428143,-8.139093327099003,6.9375,False,refined,0.5086933329436877,NULL,3.0,118.7586933329437,117.411889719875,115.5,1.9118897198750062,NULL,0,115.5,NULL,False
461,0.00018406455314050633,candidate,3,4,488281249.83349323,485306457.65531063,0.00032305787779244574,13.510666335847876,-11.201030853423735,9.375,False,refined,0.7000644283389834,NULL,3.0,118.95006442833899,117.411889719875,115.5,1.9118897198750062,NULL,0,115.5,NULL,False
461,0.00018406455314050633,candidate,4,5,654296874.7768809,655362688.9239134,0.00025957784942168537,11.38993131977779,-13.101284969207683,12.562499999999998,False,refined,0.75,NULL,3.0,119.0,117.411889719875,115.5,1.9118897198750062,NULL,0,115.5,NULL,False
461,0.00018406455314050633,NULL,5,0,nan,nan,nan,nan,nan,nan,False,NULL,0.25,NULL,0.0,115.5,117.411889719875,115.5,1.9118897198750062,NULL,0,115.5,NULL,True
462,0.00018406775314050742,candidate,0,1,1445312499.50714,1445693333.961719,0.0008274289618019792,20.600563552404722,2.8168044664268166,27.75,False,refined,0.0,NULL,3.0,118.5,117.60771939955451,115.75,1.8577193995545116,NULL,0,115.75,NULL,False
462,0.00018406775314050742,candidate,1,2,1171874999.6003838,1171648057.0721898,0.000598260727495829,17.783759085977906,-2.8168044664268166,22.5,False,refined,0.17605027915167604,rank_1,0.019779400527824603,117.60771939955451,117.60771939955451,115.75,1.8577193995545116,NULL,0,115.75,NULL,False
462,0.00018406775314050742,candidate,2,3,1279296874.5637522,1282324552.7486095,0.0005791327019159321,17.50151097007442,-3.0990525823303017,24.5625,False,refined,0.19369078639564385,rank_1,0.9333988683060145,118.53897937457667,117.60771939955451,115.75,1.8577193995545116,NULL,0,115.75,NULL,False
462,0.00018406775314050742,candidate,3,4,351562499.8801151,350654518.74904823,0.0004666728054431603,15.626199068122038,-4.974364484282683,6.749999999999999,False,refined,0.3108977802676677,NULL,3.0,118.81089778026767,117.60771939955451,115.75,1.8577193995545116,NULL,0,115.75,NULL,False
462,0.00018406775314050742,candidate,4,5,673828124.7702206,676311517.9759293,0.0003874636148102286,13.99000548685831,-6.589995844138858,12.9375,False,refined,0.41187474025867865,NULL,3.0,118.91187474025868,117.60771939955451,115.75,1.8577193995545116,NULL,0,115.75,NULL,False
462,0.00018406775314050742,NULL,5,0,nan,nan,nan,nan,nan,nan,False,NULL,0.25,NULL,0.0,115.75,117.60771939955451,115.75,1.8577193995545116,NULL,0,115.75,NULL,True
463,0.0001840709531405085,candidate,0,1,1445312499.50714,1442064844.5450509,0.0007820425952735257,19.528583069322476,3.079408011344542,27.75,False,refined,0.0,rank_1,0.0013165935446872964,118.50131659354469,118.50131659354469,116.0,2.5013165935446864,NULL,0,116.0,NULL,False
463,0.0001840709531405085,candidate,1,2,830078124.7169385,828102305.7389523,0.0005486053110822219,16.449175057977932,-3.079408011344542,15.9375,False,refined,0.19246300070903388,NULL,3.0,118.94246300070904,118.50131659354469,116.0,2.5013165935446864,NULL,0,116.0,NULL,False
463,0.0001840709531405085,candidate,2,3,673828124.7702206,674785475.4669887,0.000529442740310425,16.12899374635206,-3.388228212562021,12.9375,False,refined,0.21176426328512632,NULL,3.0,118.96176426328513,118.50131659354469,116.0,2.5013165935446864,NULL,0,116.0,NULL,False
463,0.0001840709531405085,candidate,3,4,332031249.8867754,332468907.22294974,0.000408194216720115,13.881311850685663,-5.6472712186368135,6.375,False,refined,0.35295445116480084,NULL,3.0,119.1029544511648,118.50131659354469,116.0,2.5013165935446864,NULL,0,116.0,NULL,False
463,0.0001840709531405085,candidate,4,5,1308593749.5537617,1308569842.9278326,0.00039402089858404574,13.562998935199166,-5.954223023714915,25.124999999999996,False,refined,0.3721389389821822,rank_3,0.06888152565916225,118.97999983921801,118.50131659354469,116.0,2.5013165935446864,NULL,0,116.0,NULL,False
463,0.0001840709531405085,NULL,5,0,nan,nan,nan,nan,nan,nan,False,NULL,0.25,NULL,0.0,116.0,118.50131659354469,116.0,2.5013165935446864,NULL,0,116.0,NULL,True
464,0.0001840741531405096,candidate,0,1,830078124.7169385,829115631.0466268,0.0006323752825538451,16.99594090306484,0.6538719287810579,15.9375,False,refined,0.0,rank_2,0.00010268281791736752,118.94256568352695,118.65594418642333,116.25,2.4059441864233264,NULL,0,116.25,NULL,False
464,0.0001840741531405096,candidate,1,2,664062499.7735507,662367984.1722656,0.0005865179257873864,16.342068974283784,-0.6538719287810579,12.75,False,refined,0.04086699554881612,rank_3,0.015419409005452231,119.01805066783939,118.65594418642333,116.25,2.4059441864233264,NULL,0,116.25,NULL,False
464,0.0001840741531405096,candidate,2,3,1416015624.5171304,1418064606.0250387,0.0005288758399574688,15.418859399628184,-1.5524231676302058,27.1875,False,refined,0.09702644797688786,rank_1,0.057601144901747454,118.65594418642333,118.65594418642333,116.25,2.4059441864233264,NULL,0,116.25,NULL,False
464,0.0001840741531405096,candidate,3,4,1044921874.6436754,1042891698.549841,0.0004961206430502151,14.888189132594505,-2.1077517704703386,20.0625,False,refined,0.13173448565439616,NULL,3.0,119.13173448565439,118.65594418642333,116.25,2.4059441864233264,NULL,0,116.25,NULL,False
464,0.0001840741531405096,candidate,4,5,1523437499.4804988,1525790778.610904,0.00048558549345569966,14.701757253790717,-2.2941836492741263,29.25,False,refined,0.1433864780796329,NULL,3.0,119.14338647807963,118.65594418642333,116.25,2.4059441864233264,NULL,0,116.25,NULL,False
464,0.0001840741531405096,NULL,5,0,nan,nan,nan,nan,nan,nan,False,NULL,0.25,NULL,0.0,116.25,118.65594418642333,116.25,2.4059441864233264,NULL,0,116.25,NULL,True
465,0.0001840773531405107,candidate,0,1,2490234374.1508155,2491725906.158966,0.0005797034942008545,16.106882248213097,0.019649177242184734,47.8125,False,refined,0.0,NULL,3.0,119.25,119.09352445674556,116.5,2.5935244567455555,NULL,0,116.5,NULL,False
465,0.0001840773531405107,candidate,1,2,1093749999.627025,1097251235.3773875,0.0005783935739854089,16.08723307097091,-0.019649177242184734,21.0,False,refined,0.001228073577636546,NULL,3.0,119.25122807357764,119.09352445674556,116.5,2.5935244567455555,NULL,0,116.5,NULL,False
465,0.0001840773531405107,candidate,2,3,810546874.7235987,806190442.5371046,0.00048359749323777815,14.53244470583078,-1.5744375423823165,15.5625,False,refined,0.09840234639889478,rank_1,0.05255642681971286,119.09352445674556,119.09352445674556,116.5,2.5935244567455555,NULL,0,116.5,NULL,False
465,0.0001840773531405107,candidate,3,4,644531249.7802111,649042392.3579481,0.00046650985495147766,14.219980337588574,-1.8869019106245233,12.375,False,refined,0.1179313694140327,rank_2,0.017757139720180778,119.1537391769736,119.09352445674556,116.5,2.5935244567455555,NULL,0,116.5,NULL,False
465,0.0001840773531405107,candidate,4,5,2294921874.217418,2294755609.285743,0.00044755193006947263,13.859632573171998,-2.2472496750410986,44.0625,False,refined,0.14045310469006866,NULL,3.0,119.39045310469007,119.09352445674556,116.5,2.5935244567455555,NULL,0,116.5,NULL,False
465,0.0001840773531405107,NULL,5,0,nan,nan,nan,nan,nan,nan,False,NULL,0.25,NULL,0.0,116.5,119.09352445674556,116.5,2.5935244567455555,NULL,0,116.5,NULL,True
466,0.0001840805531405118,candidate,0,1,2539062499.134165,2542279355.6757846,0.000854350962177317,19.966119517765016,2.7009851770084925,48.75,False,refined,0.0,NULL,3.0,119.5,119.5,116.75,2.75,NULL,0,116.75,NULL,False
466,0.0001840805531405118,candidate,1,2,1142578124.6103742,1146064132.725847,0.000626018336280819,17.265134340756525,-2.7009851770084925,21.9375,False,refined,0.16881157356303078,rank_2,0.23826989475512428,119.65830954189579,119.5,116.75,2.75,NULL,0,116.75,NULL,False
466,0.0001840805531405118,candidate,2,3,2324218749.2074275,2324637714.136162,0.00040866910975665734,13.560829495349491,-6.405290022415526,44.62499999999999,False,refined,0.4003306264009704,rank_5,0.08929401902914089,119.88007775012018,119.5,116.75,2.75,NULL,0,116.75,NULL,False
466,0.0001840805531405118,candidate,3,4,1035156249.6470056,1032063744.4589868,0.00036888242557274123,12.671152558448213,-7.294966959316804,19.875,False,refined,0.45593543495730027,NULL,3.0,119.9559354349573,119.5,116.75,2.75,NULL,0,116.75,NULL,False
466,0.0001840805531405118,candidate,4,5,781249999.7335892,777548198.7479411,0.0003650454605038054,12.537680916792748,-7.38578721401681,15.0,False,refined,0.46161170087605063,rank_3,0.08203781292778733,119.6371739705494,119.5,116.75,2.75,NULL,0,116.75,NULL,False
466,0.0001840805531405118,NULL,5,0,nan,nan,nan,nan,nan,nan,False,NULL,0.25,NULL,0.0,116.75,119.5,116.75,2.75,NULL,0,116.75,NULL,True
467,0.00018408375314051288,candidate,0,1,2597656249.114184,2594460043.76715,0.0010018860866061738,21.15947839051623,4.864591853769289,49.875,False,refined,0.0,NULL,3.0,119.75,119.75,117.0,2.75,NULL,0,117.0,NULL,False
467,0.00018408375314051288,candidate,1,2,1171874999.6003838,1168018980.9342375,0.0005431760261801594,15.825699174729504,-5.317555040009658,22.5,False,refined,0.33234719000060364,rank_2,0.048201535985346634,120.03885826788174,119.75,117.0,2.75,NULL,0,117.0,NULL,False
467,0.00018408375314051288,candidate,2,3,1425781249.5138001,1422059517.0627344,0.0003307633494518711,11.493438197384362,-9.62601928760086,27.375,False,refined,0.6016262054750537,NULL,3.0,120.35162620547506,119.75,117.0,2.75,NULL,0,117.0,NULL,False
467,0.00018408375314051288,candidate,3,4,2792968749.047581,2796486651.649926,0.0003204403550446896,11.258055565437948,-9.901422825078283,53.625,False,refined,0.6188389265673927,NULL,3.0,120.36883892656739,119.75,117.0,2.75,NULL,0,117.0,NULL,False
467,0.00018408375314051288,candidate,4,5,1806640624.383925,1803718643.7983563,0.0003126410251220724,11.044030801343672,-10.11544758917256,34.6875,False,refined,0.632215474323285,NULL,3.0,120.38221547432329,119.75,117.0,2.75,NULL,0,117.0,NULL,False
467,0.00018408375314051288,NULL,5,0,nan,nan,nan,nan,nan,nan,False,NULL,0.25,NULL,0.0,117.0,119.75,117.0,2.75,NULL,0,117.0,NULL,True
468,0.00018408695314051397,candidate,0,1,2636718749.1008635,2632798421.9120703,0.0008710042861884373,21.211867085215374,3.5791023522641474,50.625,False,refined,0.0,rank_1,0.14698312387829063,119.89698312387829,119.89698312387829,117.25,2.646983123878286,NULL,0,117.25,NULL,False
468,0.00018408695314051397,candidate,1,2,2802734374.044251,2804374779.729617,0.0005768530252014157,17.632764732951223,-3.5791023522641474,53.8125,False,refined,0.2236938970165092,NULL,3.0,120.2236938970165,119.89698312387829,117.25,2.646983123878286,NULL,0,117.25,NULL,False
468,0.00018408695314051397,candidate,2,3,1728515624.410566,1725269628.261274,0.0004679136909253922,15.81477629436777,-5.397090790847603,33.1875,False,refined,0.3373181744279752,NULL,3.0,120.33731817442798,119.89698312387829,117.25,2.646983123878286,NULL,0,117.25,NULL,False
468,0.00018408695314051397,candidate,3,4,1865234374.363944,1862351982.0767841,0.00045744950653584015,15.618324510828225,-5.593542574387147,35.8125,False,refined,0.3495964108991967,NULL,3.0,120.3495964108992,119.89698312387829,117.25,2.646983123878286,NULL,0,117.25,NULL,False
468,0.00018408695314051397,candidate,4,5,1289062499.5604222,1284598958.056643,0.0003678742241216883,13.725448424815871,-7.486418660399501,24.75,False,refined,0.4679011662749688,NULL,3.0,120.46790116627497,119.89698312387829,117.25,2.646983123878286,NULL,0,117.25,NULL,False
468,0.00018408695314051397,NULL,5,0,nan,nan,nan,nan,nan,nan,False,NULL,0.25,NULL,0.0,117.25,119.89698312387829,117.25,2.646983123878286,NULL,0,117.25,NULL,True
469,0.00018409015314051506,candidate,0,1,2832031249.0342607,2830324502.020469,0.0007106347580763703,20.468393968430505,1.9006195867830211,54.375,False,refined,0.0,NULL,3.0,120.25,120.24204832307451,117.5,2.7420483230745134,NULL,0,117.5,NULL,False
469,0.00018409015314051506,candidate,1,2,1874999999.3606138,1876825834.2266612,0.0005709728610362859,18.56777438164748,-1.9006195867830211,36.0,False,refined,0.11878872417393882,NULL,3.0,120.36878872417394,120.24204832307451,117.5,2.7420483230745134,NULL,0,117.5,NULL,False
469,0.00018409015314051506,candidate,2,3,2675781249.087543,2678476891.260916,0.0005527338870952956,18.285786880576254,-2.182607087854249,51.375,False,refined,0.13641294299089057,rank_1,0.20865225620534597,120.24204832307451,120.24204832307451,117.5,2.7420483230745134,NULL,0,117.5,NULL,False
469,0.00018409015314051506,candidate,3,4,1738281249.4072359,1734942643.466063,0.0005001397066485331,17.417291757524413,-3.0511022109060892,33.375,False,refined,0.19069388818163058,NULL,3.0,120.44069388818163,120.24204832307451,117.5,2.7420483230745134,NULL,0,117.5,NULL,False
469,0.00018409015314051506,candidate,4,5,1601562499.4538577,1602232087.4390883,0.00039629153460101537,15.39576096139398,-5.072633007036522,30.749999999999996,False,refined,0.31703956293978264,NULL,3.0,120.56703956293978,120.24204832307451,117.5,2.7420483230745134,NULL,0,117.5,NULL,False
469,0.00018409015314051506,NULL,5,0,nan,nan,nan,nan,nan,nan,False,NULL,0.25,NULL,0.0,117.5,120.24204832307451,117.5,2.7420483230745134,NULL,0,117.5,NULL,True
470,0.00018409335314051615,candidate,0,1,2880859374.01761,2879810954.639158,0.0006246378546750187,17.956814147865458,1.443774174896415,55.3125,False,refined,0.0,rank_1,0.24489089927817098,120.49489089927818,120.46300146302094,117.75,2.7130014630209445,NULL,0,117.75,NULL,False
470,0.00018409335314051615,candidate,1,2,1874999999.3606138,1870519604.8334427,0.0005289804129653235,16.51303997296904,-1.443774174896415,36.0,False,refined,0.09023588593102594,rank_2,0.003976852915989319,120.46300146302094,120.46300146302094,117.75,2.7130014630209445,NULL,0,117.75,NULL,False
470,0.00018409335314051615,candidate,2,3,1757812499.4005756,1753740493.4679852,0.00041696360270799436,14.446211076606073,-3.510603071259384,33.75,False,refined,0.2194126919537115,rank_4,0.03533591646947638,120.69544249660481,120.46300146302094,117.75,2.7130014630209445,NULL,0,117.75,NULL,False
470,0.00018409335314051615,candidate,3,4,1621093749.4471974,1622881804.8184223,0.0004115056888719269,14.331765016698279,-3.6250491311671773,31.125,False,refined,0.22656557069794858,NULL,3.0,120.72656557069794,120.46300146302094,117.75,2.7130014630209445,NULL,0,117.75,NULL,False
470,0.00018409335314051615,candidate,4,5,1279296874.5637522,1277833027.4622467,0.0002688495563135896,10.566823338125442,-7.322379519465576,24.5625,False,refined,0.4576487199665985,NULL,3.0,120.9576487199666,120.46300146302094,117.75,2.7130014630209445,NULL,0,117.75,NULL,False
470,0.00018409335314051615,NULL,5,0,nan,nan,nan,nan,nan,nan,False,NULL,0.25,NULL,0.0,117.75,120.46300146302094,117.75,2.7130014630209445,NULL,0,117.75,NULL,True
471,0.00018409655314051724,candidate,0,1,2978515623.9843087,2977341659.594002,0.0006242274264252527,17.93200605325712,1.9048589040075203,57.1875,False,refined,0.0,NULL,3.0,120.75,120.68581064079615,118.0,2.6858106407961486,rank_1,1,120.75,NULL,True
471,0.00018409655314051724,candidate,1,2,1835937499.3739345,1838308504.8406246,0.0005013025352271059,16.158264644654984,-1.9048589040075203,35.25,False,refined,0.11905368150047002,rank_2,0.10375549627473271,120.68581064079615,120.68581064079615,118.0,2.6858106407961486,rank_1,1,120.75,NULL,False
471,0.00018409655314051724,candidate,2,3,1484374999.4938195,1489147885.5216982,0.00029556041548997434,11.569191993416474,-6.493931555246029,28.500000000000004,False,refined,0.4058707222028768,NULL,3.0,121.15587072220288,120.68581064079615,118.0,2.6858106407961486,rank_1,1,120.75,NULL,False
471,0.00018409655314051724,candidate,3,4,1630859374.4438674,1629417531.8340907,0.00029088940174056607,11.43082459446311,-6.632298954199394,31.312500000000004,False,refined,0.4145186846374621,rank_4,0.004271572762333767,121.14535582809773,120.68581064079615,118.0,2.6858106407961486,rank_1,1,120.75,NULL,False
471,0.00018409655314051724,candidate,4,5,1962890624.3306427,1959505994.679367,0.000265898861308689,10.650596175370302,-7.4125273732922015,37.6875,False,refined,0.4632829608307626,NULL,3.0,121.21328296083077,120.68581064079615,118.0,2.6858106407961486,rank_1,1,120.75,NULL,False
471,0.00018409655314051724,NULL,5,0,nan,nan,nan,nan,nan,nan,False,NULL,0.25,NULL,0.0,118.0,120.68581064079615,118.0,2.6858106407961486,rank_1,1,120.75,NULL,False
472,0.00018409975314051833,candidate,0,1,3017578123.9709883,3015587297.745416,0.0006922915964842526,18.580950869896114,3.146610473603202,57.93750000000001,False,refined,0.0,rank_1,0.14627288376089245,120.89627288376089,120.88976013832517,118.25,2.6397601383251725,rank_1,1,120.89627288376089,rank_1,True
472,0.00018409975314051833,candidate,1,2,1845703124.3706043,1846844512.6480389,0.0004819017863673982,15.434340396292914,-3.146610473603202,35.4375,False,refined,0.19666315460020012,rank_2,0.007286342928823777,120.88976013832517,120.88976013832517,118.25,2.6397601383251725,rank_1,1,120.89627288376089,rank_1,False
472,0.00018409975314051833,candidate,2,3,2910156249.0076194,2905348932.6165795,0.00039042433338114935,13.581918438888145,-4.975043648571775,55.87499999999999,False,refined,0.31094022803573595,NULL,3.0,121.31094022803573,120.88976013832517,118.25,2.6397601383251725,rank_1,1,120.89627288376089,rank_1,False
472,0.00018409975314051833,candidate,3,4,1474609374.4971495,1471693871.1209776,0.0003410409805681603,12.344175879808663,-6.149649830844508,28.3125,False,refined,0.38435311442778175,NULL,3.0,121.38435311442778,120.88976013832517,118.25,2.6397601383251725,rank_1,1,120.89627288376089,rank_1,False
472,0.00018409975314051833,candidate,4,5,1718749999.413896,1719941599.8901951,0.00028938190690998744,11.004597155189293,-7.576353714706823,33.0,False,refined,0.4735221071691764,NULL,3.0,121.47352210716917,120.88976013832517,118.25,2.6397601383251725,rank_1,1,120.89627288376089,rank_1,False
472,0.00018409975314051833,NULL,5,0,nan,nan,nan,nan,nan,nan,False,NULL,0.25,NULL,0.0,118.25,120.88976013832517,118.25,2.6397601383251725,rank_1,1,120.89627288376089,rank_1,False
473,0.00018410295314051943,candidate,0,1,3037109373.964328,3039130694.0296984,0.0008213224015714626,20.02111445269742,5.683567308562285,58.3125,False,refined,0.0,rank_1,0.055429150859875334,120.95170203462077,120.95170203462077,118.5,2.451702034620766,rank_1,1,120.95170203462077,rank_1,True
473,0.00018410295314051943,candidate,1,2,1894531249.3539536,1898111915.126898,0.0004269089924749517,14.337547144135137,-5.683567308562285,36.375,False,refined,0.3552229567851428,rank_2,0.2628346556929336,121.50781775080324,120.95170203462077,118.5,2.451702034620766,rank_1,1,120.95170203462077,rank_1,False
473,0.00018410295314051943,candidate,2,3,2050781249.3006716,2052415185.7570107,0.0003474004076813657,12.530980496209292,-7.473666892154576,39.375,False,refined,0.467104180759661,NULL,3.0,121.71710418075966,120.95170203462077,118.5,2.451702034620766,rank_1,1,120.95170203462077,rank_1,False
473,0.00018410295314051943,candidate,3,4,2910156249.0076194,2909803988.4845166,0.00030973557899348906,11.550662988513087,-8.470451464184334,55.87499999999999,False,refined,0.5294032165115209,NULL,3.0,121.77940321651153,120.95170203462077,118.5,2.451702034620766,rank_1,1,120.95170203462077,rank_1,False
473,0.00018410295314051943,candidate,4,5,1455078124.5038097,1453363716.6638615,0.00028056945230418796,10.69164877277216,-9.329465679925262,27.937499999999996,False,refined,0.5830916049953289,NULL,3.0,121.83309160499533,120.95170203462077,118.5,2.451702034620766,rank_1,1,120.95170203462077,rank_1,False
473,0.00018410295314051943,NULL,5,0,nan,nan,nan,nan,nan,nan,False,NULL,0.25,NULL,0.0,118.5,120.95170203462077,118.5,2.451702034620766,rank_1,1,120.95170203462077,rank_1,False
474,0.00018410615314052052,candidate,0,1,3066406248.9543376,3064612607.3573327,0.0007466072307685956,19.100337840338,4.025619868074868,58.87500000000001,False,refined,0.0,rank_1,0.06493279068370685,121.01663482530448,121.01663482530448,118.75,2.266634825304479,rank_1,1,121.01663482530448,rank_1,True
474,0.00018410615314052052,candidate,1,2,1943359374.337303,1947153916.8081312,0.00046146815888410345,14.929480555103254,-4.179009028579657,37.3125,False,refined,0.26118806428622854,NULL,3.0,121.76118806428623,121.01663482530448,118.75,2.266634825304479,rank_1,1,121.01663482530448,rank_1,False
474,0.00018410615314052052,candidate,2,3,3193359373.9110456,3194934265.9105806,0.0003237860675974631,11.825831565291951,-7.256680688069688,61.3125,False,refined,0.4535425430043555,NULL,3.0,121.95354254300436,121.01663482530448,118.75,2.266634825304479,rank_1,1,121.01663482530448,rank_1,False
474,0.00018410615314052052,candidate,3,4,1767578124.3972454,1768468120.181743,0.00030009173409306595,11.18357466913996,-7.91676317119804,33.9375,False,refined,0.4947976981998775,NULL,3.0,121.99479769819987,121.01663482530448,118.75,2.266634825304479,rank_1,1,121.01663482530448,rank_1,False
474,0.00018410615314052052,candidate,4,5,1445312499.50714,1443642963.4093776,0.0002327377263889587,8.931781430492745,-10.124508085855144,27.75,False,refined,0.7930145407920348,NULL,3.0,122.29301454079203,121.01663482530448,118.75,2.266634825304479,rank_1,1,121.01663482530448,rank_1,False
474,0.00018410615314052052,NULL,5,0,nan,nan,nan,nan,nan,nan,False,NULL,0.25,NULL,0.0,118.75,121.01663482530448,118.75,2.266634825304479,rank_1,1,121.01663482530448,rank_1,False
475,0.0001841093531405216,candidate,0,1,3095703123.944347,3094071786.169294,0.0005961363854014709,17.7337550192403,2.58273689480621,59.4375,False,refined,0.0,rank_1,0.08678432162751021,121.10341914693198,121.10341914693198,119.0,2.1034191469319836,rank_1,1,121.10341914693198,rank_1,True
475,0.0001841093531405216,candidate,1,2,1982421874.3239825,1980483564.655263,0.0004428011959880903,15.15101812443409,-2.58273689480621,38.0625,False,refined,0.16142105592538813,NULL,3.0,121.91142105592539,121.10341914693198,119.0,2.1034191469319836,rank_1,1,121.10341914693198,rank_1,False
475,0.0001841093531405216,candidate,2,3,2958984373.9909687,2959639961.9234805,0.00033611770346249483,12.756670170974749,-4.977084848265552,56.81249999999999,False,refined,0.311067803016597,NULL,3.0,122.0610678030166,121.10341914693198,119.0,2.1034191469319836,rank_1,1,121.10341914693198,rank_1,False
475,0.0001841093531405216,candidate,3,4,3447265623.824462,3445146893.96747,0.0002712184185657219,10.847645571928082,-6.8405290125754625,66.1875,False,refined,0.4275330632859664,NULL,3.0,122.17753306328596,121.10341914693198,119.0,2.1034191469319836,rank_1,1,121.10341914693198,rank_1,False
475,0.0001841093531405216,candidate,4,5,2099609374.284021,2096039474.5488067,0.00023488802141120383,9.64405981240371,-8.089695206836591,40.3125,False,refined,0.5589969785667306,NULL,3.0,122.30899697856673,121.10341914693198,119.0,2.1034191469319836,rank_1,1,121.10341914693198,rank_1,False
475,0.0001841093531405216,NULL,5,0,nan,nan,nan,nan,nan,nan,False,NULL,0.25,NULL,0.0,119.0,121.10341914693198,119.0,2.1034191469319836,rank_1,1,121.10341914693198,rank_1,False
476,0.0001841125531405227,candidate,0,1,3154296873.924366,3151447087.061824,0.0007237620660247383,19.816026163098464,5.885085975672162,60.56249999999999,False,refined,0.0,rank_1,0.32919251525083504,121.43261166218282,121.43261166218282,119.25,2.182611662182822,rank_1,1,121.43261166218282,rank_1,True
476,0.0001841125531405227,candidate,1,2,1992187499.3206522,1989623997.5772166,0.00036757123564427267,13.890338702887721,-5.885085975672162,38.25,False,refined,0.3678178734795101,rank_2,0.008354751400073466,122.28759368080497,121.43261166218282,119.25,2.182611662182822,rank_1,1,121.43261166218282,rank_1,False
476,0.0001841125531405227,candidate,2,3,2099609374.284021,2103070406.9347672,0.0002554785617787437,10.684743752792922,-9.044827088149958,40.3125,False,refined,0.5653016930093724,NULL,3.0,122.56530169300937,121.43261166218282,119.25,2.182611662182822,rank_1,1,121.43261166218282,rank_1,False
476,0.0001841125531405227,candidate,3,4,3437499998.827792,3440453976.9047403,0.00024617821752550493,10.269722832977122,-9.366923884321254,66.0,False,refined,0.5854327427700784,NULL,3.0,122.58543274277008,121.43261166218282,119.25,2.182611662182822,rank_1,1,121.43261166218282,rank_1,False
476,0.0001841125531405227,candidate,4,5,742187499.7469097,746023015.2943792,0.00018977051720660146,7.962055851170158,-11.627341515904375,14.250000000000002,False,refined,1.0324004670684999,NULL,3.0,123.0324004670685,121.43261166218282,119.25,2.182611662182822,rank_1,1,121.43261166218282,rank_1,False
476,0.0001841125531405227,NULL,5,0,nan,nan,nan,nan,nan,nan,False,NULL,0.25,NULL,0.0,119.25,121.43261166218282,119.25,2.182611662182822,rank_1,1,121.43261166218282,rank_1,False
477,0.0001841157531405238,candidate,0,1,3173828123.917706,3170232818.2840543,0.0008673757735946089,21.5061554416405,9.381942255201752,60.9375,False,refined,0.0,rank_1,0.03529036975538834,121.46790203193821,121.46790203193821,119.5,1.967902031938209,rank_1,1,121.46790203193821,rank_1,True
477,0.0001841157531405238,candidate,1,2,1992187499.3206522,1995025591.9046416,0.0002945168691486115,12.127789172427192,-9.381942255201752,38.25,False,refined,0.5863713909501095,NULL,3.0,122.8363713909501,121.46790203193821,119.5,1.967902031938209,rank_1,1,121.46790203193821,rank_1,False
477,0.0001841157531405238,candidate,2,3,742187499.7469097,741537968.298767,0.00019771774157573632,8.43380577859123,-12.843232934677804,14.250000000000002,False,refined,0.9849291332113155,NULL,3.0,123.23492913321131,121.46790203193821,119.5,1.967902031938209,rank_1,1,121.46790203193821,rank_1,False
477,0.0001841157531405238,candidate,3,4,3017578123.9709883,3012909450.3771405,0.00018953749553322511,8.273416199055426,-13.210243001804427,57.93750000000001,False,refined,1.0089875701416862,NULL,3.0,123.25898757014168,121.46790203193821,119.5,1.967902031938209,rank_1,1,121.46790203193821,rank_1,False
477,0.0001841157531405238,candidate,4,5,3437499998.827792,3434567610.036674,0.00017952274977724522,7.616241343146362,-13.681755921104415,66.0,False,refined,1.1075637985280458,NULL,3.0,123.35756379852805,121.46790203193821,119.5,1.967902031938209,rank_1,1,121.46790203193821,rank_1,False
477,0.0001841157531405238,NULL,5,0,nan,nan,nan,nan,nan,nan,False,NULL,0.25,NULL,0.0,119.5,121.46790203193821,119.5,1.967902031938209,rank_1,1,121.46790203193821,rank_1,False
478,0.00018411895314052488,candidate,0,1,3193359373.9110456,3196575114.915912,0.0009274433135456296,23.292492085402525,11.704146677527119,61.3125,False,refined,0.0,rank_1,0.06939165918407905,121.53729369112229,121.53729369112229,119.75,1.7872936911222865,rank_1,1,121.53729369112229,rank_1,True
478,0.00018411895314052488,candidate,1,2,1923828124.3439631,1927258886.8308432,0.00024103496159987573,11.588345407875407,-11.704146677527119,36.9375,False,refined,0.7315091673454449,NULL,3.0,123.23150916734545,121.53729369112229,119.75,1.7872936911222865,rank_1,1,121.53729369112229,rank_1,False
478,0.00018411895314052488,candidate,2,3,2080078124.2906811,2076235094.8505986,0.00021054270828559766,10.410856872078211,-12.87894338752893,39.9375,False,refined,0.75,NULL,3.0,123.25,121.53729369112229,119.75,1.7872936911222865,rank_1,1,121.53729369112229,rank_1,False
478,0.00018411895314052488,candidate,3,4,742187499.7469097,739902133.6939805,0.00020111906954778684,10.013117792445652,-13.27668246716149,14.250000000000002,False,refined,0.75,NULL,3.0,123.25,121.53729369112229,119.75,1.7872936911222865,rank_1,1,121.53729369112229,rank_1,False
478,0.00018411895314052488,candidate,4,5,2988281248.9809785,2987196342.862889,0.0001983654630410525,9.881852782131073,-13.39642628237339,57.375,False,refined,0.767722082680339,NULL,3.0,123.26772208268034,121.53729369112229,119.75,1.7872936911222865,rank_1,1,121.53729369112229,rank_1,False
478,0.00018411895314052488,NULL,5,0,nan,nan,nan,nan,nan,nan,False,NULL,0.25,NULL,0.0,119.75,121.53729369112229,119.75,1.7872936911222865,rank_1,1,121.53729369112229,rank_1,False
479,0.00018412215314052597,candidate,0,1,3222656248.9010553,3220955688.453034,0.0009821967760611674,24.74861590234373,13.736865959351636,61.875,False,refined,0.0,rank_1,0.05944123659990024,121.59673492772218,121.59673492772218,120.0,1.5967349277221814,rank_1,1,121.59673492772218,rank_1,True
479,0.00018412215314052597,candidate,1,2,2988281248.9809785,2986430610.8815293,0.00019215277240306475,10.516914383541192,-14.17103698764472,57.375,False,refined,0.75,NULL,3.0,123.5,121.59673492772218,120.0,1.5967349277221814,rank_1,1,121.59673492772218,rank_1,False
479,0.00018412215314052597,candidate,2,3,1289062499.5604222,1285415143.4539275,0.0001843347273758621,9.996473339241962,-14.531826866090372,24.75,False,refined,0.7505289991137056,NULL,3.0,123.50052899911371,121.59673492772218,120.0,1.5967349277221814,rank_1,1,121.59673492772218,rank_1,False
479,0.00018412215314052597,candidate,3,4,732421874.7502398,730104052.0427873,0.0001827827149695449,10.077694166295554,-14.605267608664319,14.0625,False,refined,0.75,NULL,3.0,123.5,121.59673492772218,120.0,1.5967349277221814,rank_1,1,121.59673492772218,rank_1,False
479,0.00018412215314052597,candidate,4,5,58593749.98001918,nan,0.00017453773480052097,9.586178184913443,-15.006183380161948,1.125,True,boundary_peak,2.5308232722629835,NULL,3.0,125.28082327226298,121.59673492772218,120.0,1.5967349277221814,rank_1,1,121.59673492772218,rank_1,False
479,0.00018412215314052597,NULL,5,0,nan,nan,nan,nan,nan,nan,False,NULL,0.25,NULL,0.0,120.0,121.59673492772218,120.0,1.5967349277221814,rank_1,1,121.59673492772218,rank_1,False
480,0.00018412535314052706,candidate,0,1,3242187498.894395,3238402669.9625926,0.00096982943796386,24.434356828702803,12.86955210966732,62.25,False,refined,0.0,rank_1,0.030439716379488245,121.62717464410167,121.62717464410167,120.25,1.3771746441016717,rank_1,1,121.62717464410167,rank_1,True
480,0.00018412535314052706,candidate,1,2,3994140623.6379743,3991335805.128069,0.00022040312960201302,11.461447047460629,-12.86955210966732,76.6875,False,refined,0.75,NULL,3.0,123.75,121.62717464410167,120.25,1.3771746441016717,rank_1,1,121.62717464410167,rank_1,False
480,0.00018412535314052706,candidate,2,3,58593749.98001918,nan,0.00020832275432217242,10.83417769269591,-13.359173070649017,1.125,True,boundary_peak,2.46875,NULL,3.0,125.46875,121.62717464410167,120.25,1.3771746441016717,rank_1,1,121.62717464410167,rank_1,False
480,0.00018412535314052706,candidate,3,4,2998046873.9776483,3002323610.708408,0.00018093659211814743,9.78435348967098,-14.583379123697586,57.5625,False,refined,0.7823469765493529,NULL,3.0,123.78234697654935,121.62717464410167,120.25,1.3771746441016717,rank_1,1,121.62717464410167,rank_1,False
480,0.00018412535314052706,candidate,4,5,1308593749.5537617,1308952696.0712411,0.00016296891107816518,8.942544853730867,-15.491811974971936,25.124999999999996,False,refined,0.9086182719403699,NULL,3.0,123.90861827194037,121.62717464410167,120.25,1.3771746441016717,rank_1,1,121.62717464410167,rank_1,False
480,0.00018412535314052706,NULL,5,0,nan,nan,nan,nan,nan,nan,False,NULL,0.25,NULL,0.0,120.25,121.62717464410167,120.25,1.3771746441016717,rank_1,1,121.62717464410167,rank_1,False
481,0.00018412855314052816,candidate,0,1,3242187498.894395,3244242487.146017,0.0009885356641202065,24.224393043949064,13.05537757045923,62.25,False,refined,0.0,rank_1,0.0034103464735819743,121.63058499057526,121.63058499057526,120.5,1.130584990575258,rank_1,1,121.63058499057526,rank_1,True
481,0.00018412855314052816,candidate,1,2,3124999998.9343567,3123517172.0960593,0.00021989910601392544,11.169015473489834,-13.05537757045923,60.0,False,refined,0.75,rank_1,1.3198677620041224,123.6970424061058,121.63058499057526,120.5,1.130584990575258,rank_1,1,121.63058499057526,rank_1,False
481,0.00018412855314052816,candidate,2,3,3994140623.6379743,3997667680.601316,0.00021430329170825068,10.90408702229622,-13.279270008286446,76.6875,False,refined,0.75,NULL,3.0,124.0,121.63058499057526,120.5,1.130584990575258,rank_1,1,121.63058499057526,rank_1,False
481,0.00018412855314052816,candidate,3,4,3447265623.824462,3445280443.9590244,0.00020130536109972666,10.389345568117143,-13.822740025128564,66.1875,False,refined,0.75,NULL,3.0,124.0,121.63058499057526,120.5,1.130584990575258,rank_1,1,121.63058499057526,rank_1,False
481,0.00018412855314052816,candidate,4,5,58593749.98001918,nan,0.00017392444011943146,8.918798493460818,-15.092634565933976,1.125,True,boundary_peak,2.6309302259808773,NULL,3.0,125.88093022598088,121.63058499057526,120.5,1.130584990575258,rank_1,1,121.63058499057526,rank_1,False
481,0.00018412855314052816,NULL,5,0,nan,nan,nan,nan,nan,nan,False,NULL,0.25,NULL,0.0,120.5,121.63058499057526,120.5,1.130584990575258,rank_1,1,121.63058499057526,rank_1,False
482,0.00018413175314052925,candidate,0,1,3232421873.897725,3229494388.940314,0.0010111564454353703,24.087827530859876,8.5700367829374,62.0625,False,refined,0.0,rank_1,0.021750640068506768,121.65233563064376,121.65233563064376,120.75,0.902335630643762,rank_1,1,121.65233563064376,rank_1,True
482,0.00018413175314052925,candidate,1,2,58593749.98001918,nan,0.00017356185690265167,8.417968252483643,-15.30728133252178,1.125,True,boundary_peak,2.7060547621274536,NULL,3.0,126.20605476212745,121.65233563064376,120.75,0.902335630643762,rank_1,1,121.65233563064376,rank_1,False
482,0.00018413175314052925,candidate,2,3,3408203123.837783,3411954595.5554595,0.00017302292605007028,8.75353348507887,-15.334294045781007,65.4375,False,refined,0.9369699772381694,NULL,3.0,124.43696997723816,121.65233563064376,120.75,0.902335630643762,rank_1,1,121.65233563064376,rank_1,False
482,0.00018413175314052925,candidate,3,4,4013671873.6313143,4013863756.9312935,0.0001647008429356755,8.295654604837273,-15.762450652990037,77.0625,False,refined,1.0056518092744091,NULL,3.0,124.50565180927441,121.65233563064376,120.75,0.902335630643762,rank_1,1,121.65233563064376,rank_1,False
482,0.00018413175314052925,candidate,4,5,4785156248.368234,4782276853.328085,0.0001633050297603952,8.162301066366,-15.836375868293242,91.875,False,refined,1.0256548400451,NULL,3.0,124.5256548400451,121.65233563064376,120.75,0.902335630643762,rank_1,1,121.65233563064376,rank_1,False
482,0.00018413175314052925,NULL,5,0,nan,nan,nan,nan,nan,nan,False,NULL,0.25,NULL,0.0,120.75,121.65233563064376,120.75,0.902335630643762,rank_1,1,121.65233563064376,rank_1,False
483,0.00018413495314053034,candidate,0,1,3203124998.9077153,3201798913.727663,0.001103675658729299,24.751463409873942,14.443414334687965,61.49999999999999,False,refined,0.0,rank_1,0.07670393472545536,121.72903956536922,121.72903956536922,121.0,0.7290395653692201,rank_1,1,121.72903956536922,rank_1,True
483,0.00018413495314053034,candidate,1,2,3378906248.847773,3376759154.9930096,0.00020925254448943493,10.263457858346827,-14.443414334687965,64.875,False,refined,0.75,NULL,3.0,124.5,121.72903956536922,121.0,0.7290395653692201,rank_1,1,121.72903956536922,rank_1,False
483,0.00018413495314053034,candidate,2,3,5986328122.958627,5984613050.637786,0.0001828002487019204,9.059271330420007,-15.61729364294055,114.9375,False,refined,0.891109300436999,NULL,3.0,124.641109300437,121.72903956536922,121.0,0.7290395653692201,rank_1,1,121.72903956536922,rank_1,False
483,0.00018413495314053034,candidate,3,4,4755859373.378224,4756923932.805552,0.00017209085105191429,8.545497606425858,-16.14167364143413,91.31250000000001,False,refined,0.9681753590361213,NULL,3.0,124.71817535903612,121.72903956536922,121.0,0.7290395653692201,rank_1,1,121.72903956536922,rank_1,False
483,0.00018413495314053034,candidate,4,5,58593749.98001918,nan,0.0001646602829882938,7.945803306471131,-16.525052138903405,1.125,True,boundary_peak,2.7768795040293304,NULL,3.0,126.52687950402932,121.72903956536922,121.0,0.7290395653692201,rank_1,1,121.72903956536922,rank_1,False
483,0.00018413495314053034,NULL,5,0,nan,nan,nan,nan,nan,nan,False,NULL,0.25,NULL,0.0,121.0,121.72903956536922,121.0,0.7290395653692201,rank_1,1,121.72903956536922,rank_1,False
484,0.00018413815314053143,candidate,0,1,3183593748.914376,3184751057.358163,0.001133440124470334,24.431349365893382,14.627046343616872,61.125,False,refined,0.0,rank_1,0.02906294067951072,121.75810250604873,121.75810250604873,121.25,0.5081025060487292,rank_1,1,121.75810250604873,rank_1,True
484,0.00018413815314053143,candidate,1,2,3388671873.844443,3390196844.033334,0.00021040025686489694,9.80430302227651,-14.627046343616872,65.0625,False,refined,0.7793545466585234,NULL,3.0,124.77935454665852,121.75810250604873,121.25,0.5081025060487292,rank_1,1,121.75810250604873,rank_1,False
484,0.00018413815314053143,candidate,2,3,546874999.8135124,542038432.8685522,0.0001986477722042388,9.074612415362138,-15.12629767950556,10.5,False,refined,0.8888081376956793,NULL,3.0,124.88880813769568,121.75810250604873,121.25,0.5081025060487292,rank_1,1,121.75810250604873,rank_1,False
484,0.00018413815314053143,candidate,3,4,1689453124.4238865,1690380578.6568682,0.0001773644747461803,8.231294129496165,-16.110638915255898,32.4375,False,refined,1.0153058805755752,NULL,3.0,125.01530588057558,121.75810250604873,121.25,0.5081025060487292,rank_1,1,121.75810250604873,rank_1,False
484,0.00018413815314053143,candidate,4,5,4726562498.388214,4729854444.298347,0.00017702596910663007,8.201219082205835,-16.127232046206128,90.75,False,refined,1.0198171376691247,NULL,3.0,125.01981713766912,121.75810250604873,121.25,0.5081025060487292,rank_1,1,121.75810250604873,rank_1,False
484,0.00018413815314053143,NULL,5,0,nan,nan,nan,nan,nan,nan,False,NULL,0.25,NULL,0.0,121.25,121.75810250604873,121.25,0.5081025060487292,rank_1,1,121.75810250604873,rank_1,False
485,0.00018414135314053252,candidate,0,1,3173828123.917706,3173104658.7304697,0.000983558045052112,22.967994688051803,12.98482132735197,60.9375,False,refined,0.0,rank_1,0.01356386009951335,121.77166636614824,121.77166636614824,121.5,0.2716663661482386,rank_1,1,121.77166636614824,rank_1,True
485,0.00018414135314053252,candidate,1,2,537109374.8168426,541940185.1655761,0.0002205763412467973,9.905851138917425,-12.98482132735197,10.3125,False,refined,0.7641223291623862,NULL,3.0,125.01412232916239,121.77166636614824,121.5,0.2716663661482386,rank_1,1,121.77166636614824,rank_1,False
485,0.00018414135314053252,candidate,2,3,58593749.98001918,nan,0.00021817339560949452,9.667596359220658,-13.07996408208112,1.125,True,boundary_peak,2.5186105461169013,NULL,3.0,126.7686105461169,121.77166636614824,121.5,0.2716663661482386,rank_1,1,121.77166636614824,rank_1,False
485,0.00018414135314053252,candidate,3,4,3349609373.8577633,3351419475.648007,0.00019908764639410653,9.03038742099004,-13.875113652983018,64.3125,False,refined,0.895441886851494,NULL,3.0,125.1454418868515,121.77166636614824,121.5,0.2716663661482386,rank_1,1,121.77166636614824,rank_1,False
485,0.00018414135314053252,candidate,4,5,1679687499.4272168,1683893933.317555,0.0001855430256911108,8.403565254060696,-14.487107212208699,32.25,False,refined,0.9894652118908955,NULL,3.0,125.2394652118909,121.77166636614824,121.5,0.2716663661482386,rank_1,1,121.77166636614824,rank_1,False
485,0.00018414135314053252,NULL,5,0,nan,nan,nan,nan,nan,nan,False,NULL,0.25,NULL,0.0,121.5,121.77166636614824,121.5,0.2716663661482386,rank_1,1,121.77166636614824,rank_1,False
486,0.0001841445531405336,candidate,0,1,3173828123.917706,3172774290.6556897,0.0007716097064821082,21.04823721907468,10.762858722767525,60.9375,False,refined,0.0,rank_1,1.0914306483383532e-05,121.77167728045472,121.77167728045472,121.75,0.021677280454724723,rank_1,1,121.77167728045472,rank_1,True
486,0.0001841445531405336,candidate,1,2,3320312498.867754,3324345733.698638,0.00022348827637537106,10.206474013055322,-10.762858722767525,63.75,False,refined,0.6726786701729703,rank_1,2.287386275752709,124.73173131207392,121.77167728045472,121.75,0.021677280454724723,rank_1,1,121.77167728045472,rank_1,False
486,0.0001841445531405336,candidate,2,3,58593749.98001918,nan,0.00021979992267715103,9.841364470898535,-10.907402938310113,1.125,True,boundary_peak,2.424258013009602,NULL,3.0,126.9242580130096,121.77167728045472,121.75,0.021677280454724723,rank_1,1,121.77167728045472,rank_1,False
486,0.0001841445531405336,candidate,3,4,537109374.8168426,533362517.62987554,0.00020472602630625293,9.313824191658693,-11.52449250566451,10.3125,False,refined,0.8232071528552279,NULL,3.0,125.32320715285523,121.77167728045472,121.75,0.021677280454724723,rank_1,1,121.77167728045472,rank_1,False
486,0.0001841445531405336,candidate,4,5,3457031248.821132,3457154372.710841,0.0001987174360502586,9.039138479927251,-11.783234143425254,66.375,False,refined,0.8805813619749907,NULL,3.0,125.38058136197499,121.77167728045472,121.75,0.021677280454724723,rank_1,1,121.77167728045472,rank_1,False
486,0.0001841445531405336,NULL,5,0,nan,nan,nan,nan,nan,nan,False,NULL,0.25,NULL,0.0,121.75,121.77167728045472,121.75,0.021677280454724723,rank_1,1,121.77167728045472,rank_1,False
487,0.0001841477531405347,candidate,0,1,3193359373.9110456,3193692902.452923,0.0005810395124327913,18.003257600112388,6.270675462821975,61.3125,False,refined,0.0,rank_1,0.04375883195233401,121.81543611240706,121.81543611240706,122.0,-0.18456388759294384,rank_1,1,121.81543611240706,rank_1,True
487,0.0001841477531405347,candidate,1,2,3300781248.874414,3298529089.6006083,0.0002822746604001281,11.732582137290413,-6.270675462821975,63.375,False,refined,0.39191721642637345,rank_1,1.5814269457676908,123.74502144264879,121.81543611240706,122.0,-0.18456388759294384,rank_1,1,121.81543611240706,rank_1,False
487,0.0001841477531405347,candidate,2,3,996093749.6603261,998740841.6558282,0.00023248597526573804,10.022849760165302,-7.956178151120694,19.125,False,refined,0.4972611344450434,NULL,3.0,125.24726113444504,121.81543611240706,122.0,-0.18456388759294384,rank_1,1,121.81543611240706,rank_1,False
487,0.0001841477531405347,candidate,3,4,3447265623.824462,3446951405.846681,0.00019635369391675925,8.53892809153904,-9.423331816951483,66.1875,False,refined,0.8081190248286118,NULL,3.0,125.55811902482861,121.81543611240706,122.0,-0.18456388759294384,rank_1,1,121.81543611240706,rank_1,False
487,0.0001841477531405347,candidate,4,5,2988281248.9809785,2988737191.862256,0.0001921167929633875,8.335520933561877,-9.612806768894426,57.375,False,refined,0.85047228302162,NULL,3.0,125.60047228302162,121.81543611240706,122.0,-0.18456388759294384,rank_1,1,121.81543611240706,rank_1,False
487,0.0001841477531405347,NULL,5,0,nan,nan,nan,nan,nan,nan,False,NULL,0.25,NULL,0.0,122.0,121.81543611240706,122.0,-0.18456388759294384,rank_1,1,121.81543611240706,rank_1,False
488,0.0001841509531405358,candidate,0,1,3222656248.9010553,3219116947.044046,0.0005430411551506103,17.75096926624835,7.94147280503438,61.875,False,refined,0.0,rank_1,0.06463820433714158,121.8800743167442,121.8800743167442,122.25,-0.36992568325580066,rank_1,1,121.8800743167442,rank_1,True
488,0.0001841509531405358,candidate,1,2,996093749.6603261,999953288.8230875,0.00021765021686075573,9.788493514631345,-7.94147280503438,19.125,False,refined,0.528068023119947,NULL,3.0,125.52806802311994,121.8800743167442,122.25,-0.36992568325580066,rank_1,1,121.8800743167442,rank_1,False
488,0.0001841509531405358,candidate,2,3,3417968748.8344526,3420173388.218029,0.0002050835650729399,9.292931544917318,-8.458037721331033,65.625,False,refined,0.6346876258455919,NULL,3.0,125.63468762584559,121.8800743167442,122.25,-0.36992568325580066,rank_1,1,121.8800743167442,rank_1,False
488,0.0001841509531405358,candidate,3,4,2031249999.3073318,2033776377.2034788,0.00017973957450304363,8.156011038341777,-9.603780704254952,39.0,False,refined,0.8768346382646679,NULL,3.0,125.87683463826467,121.8800743167442,122.25,-0.36992568325580066,rank_1,1,121.8800743167442,rank_1,False
488,0.0001841509531405358,candidate,4,5,2998046873.9776483,2998563661.206712,0.00017787649868635937,7.991630795501523,-9.694283444762837,57.5625,False,refined,0.9071480959724488,NULL,3.0,125.90714809597245,121.8800743167442,122.25,-0.36992568325580066,rank_1,1,121.8800743167442,rank_1,False
488,0.0001841509531405358,NULL,5,0,nan,nan,nan,nan,nan,nan,False,NULL,0.25,NULL,0.0,122.25,121.8800743167442,122.25,-0.36992568325580066,rank_1,1,121.8800743167442,rank_1,False
489,0.00018415415314053689,candidate,0,1,3212890623.9043856,3214718474.8591924,0.0005405590171799083,18.287608902760013,7.721533007731871,61.68750000000001,False,refined,0.0,rank_1,0.0019346557560930395,121.88200897250029,121.88200897250029,122.5,-0.6179910274997127,rank_1,1,121.88200897250029,rank_1,True
489,0.00018415415314053689,candidate,1,2,605468749.7935315,607108328.306172,0.00022221146669394544,10.613457974465579,-7.721533007731871,11.624999999999998,False,refined,0.48259581298324195,NULL,3.0,125.73259581298325,121.88200897250029,122.5,-0.6179910274997127,rank_1,1,121.88200897250029,rank_1,False
489,0.00018415415314053689,candidate,2,3,2021484374.3106618,2018676987.89229,0.0001927227628330919,9.256052871607814,-8.958202066269152,38.8125,False,refined,0.6714796984006499,NULL,3.0,125.92147969840065,121.88200897250029,122.5,-0.6179910274997127,rank_1,1,121.88200897250029,rank_1,False
489,0.00018415415314053689,candidate,3,4,3398437498.8411126,3395951815.137008,0.00017924864105605786,8.747246092548453,-9.587744889648997,65.25,False,refined,0.7871471417207944,rank_1,3.1270570573455365,125.79427851581053,121.88200897250029,122.5,-0.6179910274997127,rank_1,1,121.88200897250029,rank_1,False
489,0.00018415415314053689,candidate,4,5,1855468749.3672743,1855033350.5811582,0.00017433367312021594,8.2185073019581,-9.829236713765406,35.625,False,refined,0.8815511993166228,NULL,3.0,126.13155119931662,121.88200897250029,122.5,-0.6179910274997127,rank_1,1,121.88200897250029,rank_1,False
489,0.00018415415314053689,NULL,5,0,nan,nan,nan,nan,nan,nan,False,NULL,0.25,NULL,0.0,122.5,121.88200897250029,122.5,-0.6179910274997127,rank_1,1,121.88200897250029,rank_1,False
490,0.00018415735314053798,candidate,0,1,3212890623.9043856,3210908025.7348833,0.0006660876875219626,20.382352862693118,7.622768819601813,61.68750000000001,False,refined,0.0,rank_1,0.0014519522528947703,121.88346092475318,121.88346092475318,122.75,-0.8665390752468198,rank_1,1,121.88346092475318,rank_1,True
490,0.00018415735314053798,candidate,1,2,3330078123.8644238,3327574355.4586034,0.00027694464045248515,12.76952305260946,-7.622768819601813,63.9375,False,refined,0.4764230512251133,rank_1,1.2736449785868513,123.63207700231224,121.88346092475318,122.75,-0.8665390752468198,rank_1,1,121.88346092475318,rank_1,False
490,0.00018415735314053798,candidate,2,3,585937499.8001919,582795687.5552306,0.00023260988629587824,11.244288124781479,-9.138064737911638,11.25,False,refined,0.5711290461194773,NULL,3.0,126.07112904611948,121.88346092475318,122.75,-0.8665390752468198,rank_1,1,121.88346092475318,rank_1,False
490,0.00018415735314053798,candidate,3,4,3759765623.717898,3757726248.094626,0.0002017501200458863,9.951675248313183,-10.374352081759968,72.1875,False,refined,0.6556457178630205,NULL,3.0,126.15564571786302,121.88346092475318,122.75,-0.8665390752468198,rank_1,1,121.88346092475318,rank_1,False
490,0.00018415735314053798,candidate,4,5,3017578123.9709883,3020937566.6537,0.00015717186296667992,7.813395146035962,-12.543132099657699,57.93750000000001,False,refined,1.0779907280946057,NULL,3.0,126.5779907280946,121.88346092475318,122.75,-0.8665390752468198,rank_1,1,121.88346092475318,rank_1,False
490,0.00018415735314053798,NULL,5,0,nan,nan,nan,nan,nan,nan,False,NULL,0.25,NULL,0.0,122.75,121.88346092475318,122.75,-0.8665390752468198,rank_1,1,121.88346092475318,rank_1,False
491,0.00018416055314053907,candidate,0,1,3212890623.9043856,3213431142.9423003,0.000952070035704894,23.60400357619044,11.635232268286408,61.68750000000001,False,refined,0.0,rank_1,0.0006366120442363819,121.88409753679741,121.88409753679741,123.0,-1.1159024632025876,rank_1,1,121.88409753679741,rank_1,True
491,0.00018416055314053907,candidate,1,2,3378906248.847773,3375537754.350593,0.00024940622186749934,11.968771307904031,-11.635232268286408,64.875,False,refined,0.7272020167679005,rank_2,0.23004876332721194,124.58932778240737,121.88409753679741,123.0,-1.1159024632025876,rank_1,1,121.88409753679741,rank_1,False
491,0.00018416055314053907,candidate,2,3,566406249.8068521,571015329.8695633,0.0002076895256282569,10.338094703891407,-13.22508605060559,10.875,False,refined,0.75,NULL,3.0,126.5,121.88409753679741,123.0,-1.1159024632025876,rank_1,1,121.88409753679741,rank_1,False
491,0.00018416055314053907,candidate,3,4,3749999998.7212276,3748616262.4239035,0.0001600091516637444,8.085445844099821,-15.49048148476376,72.0,False,refined,1.0371831233850268,NULL,3.0,126.78718312338502,121.88409753679741,123.0,-1.1159024632025876,rank_1,1,121.88409753679741,rank_1,False
491,0.00018416055314053907,candidate,4,5,1396484374.5237906,1396422222.040043,0.0001417986616884679,7.064068276818807,-16.539935299371635,26.8125,False,refined,1.190389758477179,NULL,3.0,126.94038975847718,121.88409753679741,123.0,-1.1159024632025876,rank_1,1,121.88409753679741,rank_1,False
491,0.00018416055314053907,NULL,5,0,nan,nan,nan,nan,nan,nan,False,NULL,0.25,NULL,0.0,123.0,121.88409753679741,123.0,-1.1159024632025876,rank_1,1,121.88409753679741,rank_1,False
492,0.00018416375314054016,candidate,0,1,3212890623.9043856,3215233849.140195,0.0012535176852229055,26.068277674841998,14.973011947583954,61.68750000000001,False,refined,0.0,rank_1,0.00032497496359275074,121.884422511761,121.884422511761,123.25,-1.3655774882389977,rank_1,1,121.884422511761,rank_1,True
492,0.00018416375314054016,candidate,1,2,3359374998.8544335,3361138196.405896,0.0002236041544160202,11.095265727258043,-14.973011947583954,64.5,False,refined,0.75,rank_1,2.181737364289757,124.81583490108717,121.884422511761,123.25,-1.3655774882389977,rank_1,1,121.884422511761,rank_1,False
492,0.00018416375314054016,candidate,2,3,566406249.8068521,562853782.3292955,0.00016558075012147185,8.316510264072532,-17.582412396965246,10.875,False,refined,1.0025234603891202,NULL,3.0,127.00252346038911,121.884422511761,123.25,-1.3655774882389977,rank_1,1,121.884422511761,rank_1,False
492,0.00018416375314054016,candidate,3,4,3466796873.817802,3463795549.1725526,0.00014769835613474104,7.433934207972888,-18.57509607755467,66.5625,False,refined,1.1349098688040669,rank_2,0.7789438346835101,126.50318148589496,121.884422511761,123.25,-1.3655774882389977,rank_1,1,121.884422511761,rank_1,False
492,0.00018416375314054016,candidate,4,5,1796874999.387255,1794529809.4298246,0.0001383577352408084,6.712625963967049,-19.142540421557026,34.5,False,refined,1.2431061054049426,NULL,3.0,127.24310610540495,121.884422511761,123.25,-1.3655774882389977,rank_1,1,121.884422511761,rank_1,False
492,0.00018416375314054016,NULL,5,0,nan,nan,nan,nan,nan,nan,False,NULL,0.25,NULL,0.0,123.25,121.884422511761,123.25,-1.3655774882389977,rank_1,1,121.884422511761,rank_1,False
493,0.00018416695314054125,candidate,0,1,3212890623.9043856,3213642546.954079,0.0014301338902347133,27.047429163883685,15.464548050867073,61.68750000000001,False,refined,0.0,rank_1,0.0002532242647536738,121.88467573602576,121.88467573602576,123.5,-1.6153242639742444,rank_1,1,121.88467573602576,rank_1,True
493,0.00018416695314054125,candidate,1,2,3359374998.8544335,3361859647.0432277,0.00024107340153785588,11.58288111301661,-15.464548050867073,64.5,False,refined,0.75,rank_1,2.1499124610701013,124.7843349728311,121.88467573602576,123.5,-1.6153242639742444,rank_1,1,121.88467573602576,rank_1,False
493,0.00018416695314054125,candidate,2,3,3476562498.8144717,3474592115.117082,0.00021304310462915224,10.445780418619073,-16.538184319984815,66.75,False,refined,0.75,rank_2,1.2871791670924384,126.8530140681796,121.88467573602576,123.5,-1.6153242639742444,rank_1,1,121.88467573602576,rank_1,False
493,0.00018416695314054125,candidate,3,4,2011718749.313992,2009194167.4978883,0.00016274683940013503,8.194394092496253,-18.87728270357308,38.625,False,refined,1.020840886125562,NULL,3.0,127.27084088612557,121.88467573602576,123.5,-1.6153242639742444,rank_1,1,121.88467573602576,rank_1,False
493,0.00018416695314054125,candidate,4,5,58593749.98001918,nan,0.0001471354525813463,7.119406656293776,-19.753187377836994,1.125,True,boundary_peak,2.9008390015559335,NULL,3.0,129.15083900155594,121.88467573602576,123.5,-1.6153242639742444,rank_1,1,121.88467573602576,rank_1,False
493,0.00018416695314054125,NULL,5,0,nan,nan,nan,nan,nan,nan,False,NULL,0.25,NULL,0.0,123.5,121.88467573602576,123.5,-1.6153242639742444,rank_1,1,121.88467573602576,rank_1,False
494,0.00018417015314054234,candidate,0,1,3212890623.9043856,3213207974.0413203,0.0014831977973666205,27.180556392308127,13.824708996554671,61.68750000000001,False,refined,0.0,rank_1,1.8885361650369123e-05,121.88469462138741,121.88469462138741,123.75,-1.8653053786125895,rank_1,1,121.88469462138741,rank_1,True
494,0.00018417015314054234,candidate,1,2,3349609373.8577633,3353670601.4790344,0.00030196987695964387,13.359691221554808,-13.824708996554671,64.3125,False,refined,0.75,rank_1,1.9607856054043848,124.59546134143014,121.88469462138741,123.75,-1.8653053786125895,rank_1,1,121.88469462138741,rank_1,False
494,0.00018417015314054234,candidate,2,3,517578124.8235028,516023519.6681548,0.00017230553598234419,8.357597222580182,-18.697996815704442,9.9375,False,refined,0.9963604166129727,NULL,3.0,127.49636041661297,121.88469462138741,123.75,-1.8653053786125895,rank_1,1,121.88469462138741,rank_1,False
494,0.00018417015314054234,candidate,3,4,58593749.98001918,nan,0.00017199768713119506,8.265034728087866,-18.713529298001113,1.125,True,boundary_peak,2.72899479078682,NULL,3.0,129.22899479078683,121.88469462138741,123.75,-1.8653053786125895,rank_1,1,121.88469462138741,rank_1,False
494,0.00018417015314054234,candidate,4,5,1982421874.3239825,1986936514.9899971,0.00016455614003829135,8.08670061401453,-19.09769960409495,38.0625,False,refined,1.0369949078978205,NULL,3.0,127.53699490789782,121.88469462138741,123.75,-1.8653053786125895,rank_1,1,121.88469462138741,rank_1,False
494,0.00018417015314054234,NULL,5,0,nan,nan,nan,nan,nan,nan,False,NULL,0.25,NULL,0.0,123.75,121.88469462138741,123.75,-1.8653053786125895,rank_1,1,121.88469462138741,rank_1,False
495,0.00018417335314054343,candidate,0,1,3212890623.9043856,3213233522.7932725,0.0014676542550843784,26.74737322813617,13.767341747248993,61.68750000000001,False,refined,0.0,rank_1,6.52738726313578e-08,121.88469468666128,121.88469468666128,124.0,-2.115305313338723,rank_1,1,121.88469468666128,rank_1,True
495,0.00018417335314054343,candidate,1,2,3398437498.8411126,3393902134.5787296,0.0003007853437059583,12.980031480887178,-13.767341747248993,65.25,False,refined,0.75,rank_2,0.1618576255551871,125.50731896698532,121.88469468666128,124.0,-2.115305313338723,rank_1,1,121.88469468666128,rank_1,False
495,0.00018417335314054343,candidate,2,3,507812499.82683295,510927252.00021726,0.00019039818967686538,8.925893419492104,-17.739218865586626,9.75,False,refined,0.9111159870761845,NULL,3.0,127.66111598707619,121.88469468666128,124.0,-2.115305313338723,rank_1,1,121.88469468666128,rank_1,False
495,0.00018417335314054343,candidate,3,4,4218749998.5613813,4214389368.154348,0.00016001832999585925,7.498292740539219,-19.249080487596952,81.0,False,refined,1.1252560889191172,NULL,3.0,127.87525608891912,121.88469468666128,124.0,-2.115305313338723,rank_1,1,121.88469468666128,rank_1,False
495,0.00018417335314054343,candidate,4,5,58593749.98001918,nan,0.00014314797061215702,6.433843856654153,-20.216771251289252,1.125,True,boundary_peak,3.003673421501877,NULL,3.0,129.75367342150187,121.88469468666128,124.0,-2.115305313338723,rank_1,1,121.88469468666128,rank_1,False
495,0.00018417335314054343,NULL,5,0,nan,nan,nan,nan,nan,nan,False,NULL,0.25,NULL,0.0,124.0,121.88469468666128,124.0,-2.115305313338723,rank_1,1,121.88469468666128,rank_1,False
496,0.00018417655314054452,candidate,0,1,3212890623.9043856,3217502718.1166396,0.0014330099609103702,27.081600416816798,17.308896188080347,61.68750000000001,False,refined,0.0,rank_1,0.001822602870905968,121.88651728953218,121.88651728953218,124.25,-2.363482710467821,rank_1,1,121.88651728953218,rank_1,True
496,0.00018417655314054452,candidate,1,2,3359374998.8544335,3354687499.8458643,0.0001953459446638164,9.772704228736453,-17.308896188080347,64.5,False,refined,0.7840943656895321,rank_1,2.0009227623995165,124.66971181475031,121.88651728953218,124.25,-2.363482710467821,rank_1,1,121.88651728953218,rank_1,False
496,0.00018417655314054452,candidate,2,3,527343749.82017267,526937625.8135707,0.0001657183054837282,8.33003213028694,-18.737574506812685,10.125,False,refined,1.000495180456959,NULL,3.0,128.00049518045697,121.88651728953218,124.25,-2.363482710467821,rank_1,1,121.88651728953218,rank_1,False
496,0.00018417655314054452,candidate,3,4,4453124998.481458,4450678001.217104,0.0001543075601285307,7.691710025692675,-19.357240096867496,85.49999999999999,False,refined,1.0962434961460987,NULL,3.0,128.0962434961461,121.88651728953218,124.25,-2.363482710467821,rank_1,1,121.88651728953218,rank_1,False
496,0.00018417655314054452,candidate,4,5,5546874998.108483,5543659991.942902,0.00015274665774572588,7.62948640438287,-19.44554985997277,106.5,False,refined,1.1055770393425695,NULL,3.0,128.10557703934256,121.88651728953218,124.25,-2.363482710467821,rank_1,1,121.88651728953218,rank_1,False
496,0.00018417655314054452,NULL,5,0,nan,nan,nan,nan,nan,nan,False,NULL,0.25,NULL,0.0,124.25,121.88651728953218,124.25,-2.363482710467821,rank_1,1,121.88651728953218,rank_1,False
497,0.00018417975314054561,candidate,0,1,3222656248.9010553,3221677832.077423,0.0015087299554449034,27.458532851625918,18.894859751161643,61.875,False,refined,0.0,rank_1,0.0017431576585529133,121.88826044719073,121.88826044719073,124.5,-2.6117395528092686,rank_1,1,121.88826044719073,rank_1,True
497,0.00018417975314054561,candidate,1,2,58593749.98001918,nan,0.00017134385183296296,8.458417268047382,-18.894859751161643,1.125,True,boundary_peak,2.6999874097928926,NULL,3.0,129.9499874097929,121.88826044719073,124.5,-2.6117395528092686,rank_1,1,121.88826044719073,rank_1,False
497,0.00018417975314054561,candidate,2,3,537109374.8168426,541574263.9652557,0.00014538854469346916,6.9733283135868,-20.32162647700014,10.3125,False,refined,1.20400075296198,NULL,3.0,128.45400075296197,121.88826044719073,124.5,-2.6117395528092686,rank_1,1,121.88826044719073,rank_1,False
497,0.00018417975314054561,candidate,3,4,2958984373.9909687,2962169291.7859044,0.0001453058598907843,7.122058008993291,-20.326567687280832,56.81249999999999,False,refined,1.1816912986510064,NULL,3.0,128.431691298651,121.88826044719073,124.5,-2.6117395528092686,rank_1,1,121.88826044719073,rank_1,False
497,0.00018417975314054561,candidate,4,5,673828124.7702206,676214179.885208,0.00014441090827984606,6.914724516230413,-20.380230274356528,12.9375,False,refined,1.212791322565438,NULL,3.0,128.46279132256544,121.88826044719073,124.5,-2.6117395528092686,rank_1,1,121.88826044719073,rank_1,False
497,0.00018417975314054561,NULL,5,0,nan,nan,nan,nan,nan,nan,False,NULL,0.25,NULL,0.0,124.5,121.88826044719073,124.5,-2.6117395528092686,rank_1,1,121.88826044719073,rank_1,False
498,0.0001841829531405467,candidate,0,1,3222656248.9010553,3226374728.8435516,0.0017796374084065288,28.248349947655456,18.164088884522293,61.875,False,refined,0.0,rank_1,0.002206083923166874,121.8904665311139,121.8904665311139,124.75,-2.8595334688860987,rank_1,1,121.8904665311139,rank_1,True
498,0.0001841829531405467,candidate,1,2,58593749.98001918,nan,0.0001730482742728693,7.852504724839324,-20.243285070090202,1.125,True,boundary_peak,2.7908742912741014,NULL,3.0,130.2908742912741,121.8904665311139,124.75,-2.8595334688860987,rank_1,1,121.8904665311139,rank_1,False
498,0.0001841829531405467,candidate,2,3,400390624.8634644,404050033.14000446,0.00016266159058662055,7.421756384236522,-20.78093022824583,7.687499999999999,False,refined,1.1367365423645217,NULL,3.0,128.63673654236453,121.8904665311139,124.75,-2.8595334688860987,rank_1,1,121.8904665311139,rank_1,False
498,0.0001841829531405467,candidate,3,4,927734374.6836371,931526278.4835279,0.00015524119605008922,7.016195691287939,-21.186490921194412,17.8125,False,refined,1.1975706463068092,NULL,3.0,128.69757064630681,121.8904665311139,124.75,-2.8595334688860987,rank_1,1,121.8904665311139,rank_1,False
498,0.0001841829531405467,candidate,4,5,2998046873.9776483,2994446670.5970097,0.00015426025327859626,7.003452879127234,-21.241549721099204,57.5625,False,refined,1.1994820681309148,rank_1,5.163400074773773,128.2511425900954,121.8904665311139,124.75,-2.8595334688860987,rank_1,1,121.8904665311139,rank_1,False
498,0.0001841829531405467,NULL,5,0,nan,nan,nan,nan,nan,nan,False,NULL,0.25,NULL,0.0,124.75,121.8904665311139,124.75,-2.8595334688860987,rank_1,1,121.8904665311139,rank_1,False
499,0.0001841861531405478,candidate,0,1,3232421873.897725,3227866529.8154817,0.0021762151624619467,30.552740250038546,18.637475991429184,62.0625,False,refined,0.0,rank_1,0.00022254701398513732,121.89068907812789,121.89068907812789,125.0,-3.1093109218721082,rank_1,1,121.89068907812789,rank_1,True
499,0.0001841861531405478,candidate,1,2,3486328123.8111415,3486188904.5504637,0.000214441332810845,10.419097092844387,-20.127866680777444,66.9375,False,refined,0.75,NULL,3.0,128.5,121.89068907812789,125.0,-3.1093109218721082,rank_1,1,121.89068907812789,rank_1,False
499,0.0001841861531405478,candidate,2,3,410156249.8601343,414868484.8582385,0.00017765658299779673,8.594707674757993,-21.762410542321895,7.875,False,refined,0.960793848786301,NULL,3.0,128.7107938487863,121.89068907812789,125.0,-3.1093109218721082,rank_1,1,121.89068907812789,rank_1,False
499,0.0001841861531405478,candidate,3,4,3046874998.9609976,3043591022.3175197,0.00016472804356374555,8.067070184701537,-22.418685828238658,58.5,False,refined,1.0399394722947695,rank_1,3.3409883371394584,126.27139434054814,121.89068907812789,125.0,-3.1093109218721082,rank_1,1,121.89068907812789,rank_1,False
499,0.0001841861531405478,candidate,4,5,1376953124.5304508,1381753960.608648,0.0001502388999761406,7.267367277833907,-23.218388735106288,26.4375,False,refined,1.159894908324914,NULL,3.0,128.9098949083249,121.89068907812789,125.0,-3.1093109218721082,rank_1,1,121.89068907812789,rank_1,False
499,0.0001841861531405478,NULL,5,0,nan,nan,nan,nan,nan,nan,False,NULL,0.25,NULL,0.0,125.0,121.89068907812789,125.0,-3.1093109218721082,rank_1,1,121.89068907812789,rank_1,False
500,0.0001841893531405489,candidate,0,1,3222656248.9010553,3225352641.4253087,0.002455594447905459,31.320941332216368,20.44116318467573,61.875,False,refined,0.0,rank_1,0.0006319634838246388,121.89132104161172,121.89132104161172,125.14068907812789,-3.2493680365161737,rank_1,1,121.89132104161172,rank_1,True
500,0.0001841893531405489,candidate,1,2,3359374998.8544335,3355586503.239154,0.00019711075934948402,9.41201509721079,-21.908926235005577,64.5,False,refined,0.8381977354183814,rank_1,1.6312391611343535,124.36012597468063,121.89132104161172,125.14068907812789,-3.2493680365161737,rank_1,1,121.89132104161172,rank_1,False
500,0.0001841893531405489,candidate,2,3,3486328123.8111415,3483862974.886895,0.00019654039481093106,9.349598911214958,-21.93409637282823,66.9375,False,refined,0.8475601633177563,NULL,3.0,128.84756016331775,121.89132104161172,125.14068907812789,-3.2493680365161737,rank_1,1,121.89132104161172,rank_1,False
500,0.0001841893531405489,candidate,3,4,410156249.8601343,408825595.15851575,0.00016534220464424013,7.644985655377887,-23.435458372655784,7.875,False,refined,1.103252151693317,NULL,3.0,129.1032521516933,121.89132104161172,125.14068907812789,-3.2493680365161737,rank_1,1,121.89132104161172,rank_1,False
500,0.0001841893531405489,candidate,4,5,2011718749.313992,2013699388.8045228,0.00016440220217308634,7.698681410501349,-23.484980242760038,38.625,False,refined,1.0951977884247976,NULL,3.0,129.0951977884248,121.89132104161172,125.14068907812789,-3.2493680365161737,rank_1,1,121.89132104161172,rank_1,False
500,0.0001841893531405489,NULL,5,0,nan,nan,nan,nan,nan,nan,False,NULL,0.25,rank_1,3.0,125.14068907812789,121.89132104161172,125.14068907812789,-3.2493680365161737,rank_1,1,121.89132104161172,rank_1,False
501,0.00018419255314054998,candidate,0,1,3222656248.9010553,3220343964.365323,0.002417229378249123,30.64914470953039,22.14456073421608,61.875,False,refined,0.0,rank_1,0.002508684589122637,121.89382972620083,121.89382972620083,125.14132104161172,-3.2474913154108833,rank_1,1,121.89382972620083,rank_1,True
501,0.00018419255314054998,candidate,1,2,2021484374.3106618,2017034169.2049894,0.00018883818916427925,8.452514082859164,-22.14456073421608,38.8125,False,refined,0.9821228875711254,NULL,3.0,129.12281196569901,121.89382972620083,125.14132104161172,-3.2474913154108833,rank_1,1,121.89382972620083,rank_1,False
501,0.00018419255314054998,candidate,2,3,3378906248.847773,3382242139.5636578,0.00018693161277048194,8.381346088250448,-22.23270221959268,64.875,False,refined,0.9927980867624329,rank_1,2.461431462610303,125.34555059098446,121.89382972620083,125.14132104161172,-3.2474913154108833,rank_1,1,121.89382972620083,rank_1,False
501,0.00018419255314054998,candidate,3,4,615234374.7902014,612326683.4279126,0.00015412655551595527,6.660383185693224,-23.908807823249425,11.8125,False,refined,1.2509425221460164,NULL,3.0,129.39163160027388,121.89382972620083,125.14132104161172,-3.2474913154108833,rank_1,1,121.89382972620083,rank_1,False
501,0.00018419255314054998,candidate,4,5,4833984373.351583,4833842648.949022,0.00014270636062907406,5.830916835432776,-24.57749066415758,92.8125,False,refined,1.3753624746850837,NULL,3.0,129.51605155281297,121.89382972620083,125.14132104161172,-3.2474913154108833,rank_1,1,121.89382972620083,rank_1,False
501,0.00018419255314054998,NULL,5,0,nan,nan,nan,nan,nan,nan,False,NULL,0.25,rank_1,3.0,125.14132104161172,121.89382972620083,125.14132104161172,-3.2474913154108833,rank_1,1,121.89382972620083,rank_1,False
502,0.00018419575314055107,candidate,0,1,3212890623.9043856,3215477707.721149,0.00212991878719787,30.96942585155596,18.964455282983785,61.68750000000001,False,refined,0.0,rank_1,0.002368045372696856,121.89619777157353,121.89619777157353,125.14382972620083,-3.247631954627309,rank_1,1,121.89619777157353,rank_1,True
502,0.00018419575314055107,candidate,1,2,2011718749.313992,2012872342.3794541,0.0001721163151263284,8.983340302446647,-21.85082009400066,38.625,False,refined,0.9024989546330029,NULL,3.0,129.0438199962447,121.89619777157353,125.14382972620083,-3.247631954627309,rank_1,1,121.89619777157353,rank_1,False
502,0.00018419575314055107,candidate,2,3,615234374.7902014,612196105.3082213,0.00017199343670852918,9.015757848233141,-21.85702339638066,11.8125,False,refined,0.8976363227650288,NULL,3.0,129.03895736437676,121.89619777157353,125.14382972620083,-3.247631954627309,rank_1,1,121.89619777157353,rank_1,False
502,0.00018419575314055107,candidate,3,4,2246093749.234069,2246034477.5665216,0.0001694543554785196,8.903363739636054,-21.98620616678877,43.125,False,refined,0.9144954390545919,NULL,3.0,129.05581648066632,121.89619777157353,125.14382972620083,-3.247631954627309,rank_1,1,121.89619777157353,rank_1,False
502,0.00018419575314055107,candidate,4,5,58593749.98001918,nan,0.00016884900392477698,8.70429043270601,-22.01729082648083,1.125,True,boundary_peak,2.6631064350940985,NULL,3.0,130.80442747670583,121.89619777157353,125.14382972620083,-3.247631954627309,rank_1,1,121.89619777157353,rank_1,False
502,0.00018419575314055107,NULL,5,0,nan,nan,nan,nan,nan,nan,False,NULL,0.25,rank_1,3.0,125.14382972620083,121.89619777157353,125.14382972620083,-3.247631954627309,rank_1,1,121.89619777157353,rank_1,False
503,0.00018419895314055216,candidate,0,1,3212890623.9043856,3212931837.8310328,0.0018028803282266474,29.148853809098316,19.703434443307344,61.68750000000001,False,refined,0.0,rank_1,0.0006481453497400347,121.89684591692327,121.89684591692327,125.14619777157353,-3.249351854650257,rank_1,1,121.89684591692327,rank_1,True
503,0.00018419895314055216,candidate,1,2,3330078123.8644238,3333763210.026707,0.0001865499675664888,9.44541936579097,-19.703434443307344,63.9375,False,refined,0.8331870951313545,rank_1,1.3991460055678218,124.12853087227269,121.89684591692327,125.14619777157353,-3.249351854650257,rank_1,1,121.89684591692327,rank_1,False
503,0.00018419895314055216,candidate,2,3,2226562499.240729,2230258059.181423,0.00017858504050194754,9.02211324296795,-20.082436468409277,42.74999999999999,False,refined,0.8966830135548074,NULL,3.0,129.04051273975566,121.89684591692327,125.14619777157353,-3.249351854650257,rank_1,1,121.89684591692327,rank_1,False
503,0.00018419895314055216,candidate,3,4,58593749.98001918,nan,0.0001739974189131347,8.671163116433647,-20.30848188105491,1.125,True,boundary_peak,2.668075532534953,NULL,3.0,130.81190525873578,121.89684591692327,125.14619777157353,-3.249351854650257,rank_1,1,121.89684591692327,rank_1,False
503,0.00018419895314055216,candidate,4,5,654296874.7768809,655817666.4941717,0.0001518013021875386,7.670625180199684,-21.49382805959054,12.562499999999998,False,refined,1.0994062229700474,NULL,3.0,129.2432359491709,121.89684591692327,125.14619777157353,-3.249351854650257,rank_1,1,121.89684591692327,rank_1,False
503,0.00018419895314055216,NULL,5,0,nan,nan,nan,nan,nan,nan,False,NULL,0.25,rank_1,3.0,125.14619777157353,121.89684591692327,125.14619777157353,-3.249351854650257,rank_1,1,121.89684591692327,rank_1,False
504,0.00018420215314055325,candidate,0,1,3212890623.9043856,3212484544.7836447,0.0015371988044319597,28.043578555057405,17.679841365354427,61.68750000000001,False,refined,0.0,rank_1,2.000710702417123e-05,121.8968659240303,121.8968659240303,125.14684591692327,-3.2499799928929747,rank_1,1,121.8968659240303,rank_1,True
504,0.00018420215314055325,candidate,1,2,58593749.98001918,nan,0.00020078809981967632,10.318216595798138,-17.679841365354427,1.125,True,boundary_peak,2.46875,NULL,3.0,130.61494777157353,121.8968659240303,125.14684591692327,-3.2499799928929747,rank_1,1,121.8968659240303,rank_1,False
504,0.00018420215314055325,candidate,2,3,683593749.7668905,682072756.1636103,0.0001797362942670398,9.37450460819722,-18.641885093685637,13.125,False,refined,0.8438243087704169,NULL,3.0,128.99002208034395,121.8968659240303,125.14684591692327,-3.2499799928929747,rank_1,1,121.8968659240303,rank_1,False
504,0.00018420215314055325,candidate,3,4,869140624.7036179,868958331.8418776,0.0001601853133198048,8.414873030940013,-19.64214685951997,16.6875,False,refined,0.987769045358998,NULL,3.0,129.1339668169325,121.8968659240303,125.14684591692327,-3.2499799928929747,rank_1,1,121.8968659240303,rank_1,False
504,0.00018420215314055325,candidate,4,5,5468749998.135124,5467110356.157108,0.00013548557748457846,6.91965027716372,-21.09673942471914,105.0,False,refined,1.212052458425442,NULL,3.0,129.35825022999896,121.8968659240303,125.14684591692327,-3.2499799928929747,rank_1,1,121.8968659240303,rank_1,False
504,0.00018420215314055325,NULL,5,0,nan,nan,nan,nan,nan,nan,False,NULL,0.25,rank_1,3.0,125.14684591692327,121.8968659240303,125.14684591692327,-3.2499799928929747,rank_1,1,121.8968659240303,rank_1,False
505,0.00018420535314055434,candidate,0,1,3212890623.9043856,3213703510.2479873,0.0012463228351602257,26.220838012192598,15.75441648585194,61.68750000000001,False,refined,0.0,rank_1,0.00014858768032599564,121.89701451171062,121.89701451171062,125.1468659240303,-3.2498514123196713,rank_1,1,121.89701451171062,rank_1,True
505,0.00018420535314055434,candidate,1,2,839843749.7136084,840412922.6122955,0.00020319346110186302,10.447107304184247,-15.75441648585194,16.125,False,refined,0.75,NULL,3.0,128.89684591692327,121.89701451171062,125.1468659240303,-3.2498514123196713,rank_1,1,121.89701451171062,rank_1,False
505,0.00018420535314055434,candidate,2,3,4697265623.398205,4699729330.314339,0.00017100977438937523,8.744941387017775,-17.252192364394183,90.1875,False,refined,0.9382587919473337,NULL,3.0,129.0851047088706,121.89701451171062,125.1468659240303,-3.2498514123196713,rank_1,1,121.89701451171062,rank_1,False
505,0.00018420535314055434,candidate,3,4,683593749.7668905,687863588.5399007,0.00016297754930870743,8.550782627933247,-17.67005538425935,13.125,False,refined,0.967382605810013,NULL,3.0,129.11422852273327,121.89701451171062,125.1468659240303,-3.2498514123196713,rank_1,1,121.89701451171062,rank_1,False
505,0.00018420535314055434,candidate,4,5,5468749998.135124,5472486506.070511,0.00014934978760014895,7.743960690698497,-18.428518858937455,105.0,False,refined,1.0884058963952254,NULL,3.0,129.23525181331848,121.89701451171062,125.1468659240303,-3.2498514123196713,rank_1,1,121.89701451171062,rank_1,False
505,0.00018420535314055434,NULL,5,0,nan,nan,nan,nan,nan,nan,False,NULL,0.25,rank_1,3.0,125.1468659240303,121.89701451171062,125.1468659240303,-3.2498514123196713,rank_1,1,121.89701451171062,rank_1,False
506,0.00018420855314055544,candidate,0,1,3212890623.9043856,3211197438.5132966,0.000846840690518489,21.8947530885428,11.867513754984964,61.68750000000001,False,refined,0.0,rank_1,0.0006280395539415485,121.89764255126457,121.89764255126457,125.14701451171062,-3.249371960446055,rank_1,1,121.89764255126457,rank_1,True
506,0.00018420855314055544,candidate,1,2,830078124.7169385,832966837.2922225,0.00019549171358408546,9.049502007778276,-12.733467283350626,15.9375,False,refined,0.8925746988332586,NULL,3.0,129.03944062286357,121.89764255126457,125.14701451171062,-3.249371960446055,rank_1,1,121.89764255126457,rank_1,False
506,0.00018420855314055544,candidate,2,3,4697265623.398205,4697491598.130226,0.00018925850554771308,8.879826864890843,-13.014926223651955,90.1875,False,refined,0.9180259702663736,NULL,3.0,129.06489189429666,121.89764255126457,125.14701451171062,-3.249371960446055,rank_1,1,121.89764255126457,rank_1,False
506,0.00018420855314055544,candidate,3,4,1406249999.5204604,1403731024.538099,0.00017101959120440117,7.988401728357202,-13.895117072432477,26.999999999999996,False,refined,1.0517397407464197,NULL,3.0,129.19860566477672,121.89764255126457,125.14701451171062,-3.249371960446055,rank_1,1,121.89764255126457,rank_1,False
506,0.00018420855314055544,candidate,4,5,3398437498.8411126,3400861472.9585314,0.00015586642131490918,7.172801596066227,-14.70098306933993,65.25,False,refined,1.174079760590066,rank_1,3.5028103005961415,126.57390457289682,121.89764255126457,125.14701451171062,-3.249371960446055,rank_1,1,121.89764255126457,rank_1,False
506,0.00018420855314055544,NULL,5,0,nan,nan,nan,nan,nan,nan,False,NULL,0.25,rank_1,3.0,125.14701451171062,121.89764255126457,125.14701451171062,-3.249371960446055,rank_1,1,121.89764255126457,rank_1,False
507,0.00018421175314055653,candidate,0,1,3193359373.9110456,3194381629.072975,0.00046403380418577817,16.815004240954927,7.2193896505445565,61.3125,False,refined,0.0,rank_1,0.02827714471332038,121.92591969597788,121.92591969597788,125.14764255126457,-3.2217228552866857,rank_1,1,121.92591969597788,rank_1,True
507,0.00018421175314055653,candidate,1,2,58593749.98001918,nan,0.0001769801190579544,8.25008440170861,-8.372502730042592,1.125,True,boundary_peak,2.5045187603713703,NULL,3.0,130.651533272082,121.92591969597788,125.14764255126457,-3.2217228552866857,rank_1,1,121.92591969597788,rank_1,False
507,0.00018421175314055653,candidate,2,3,3378906248.847773,3383723003.1159744,0.00016561294067480082,7.850687608691427,-8.949107014429032,64.875,False,refined,0.8817160470981005,rank_1,2.976507044147276,125.75586564250993,121.92591969597788,125.14764255126457,-3.2217228552866857,rank_1,1,121.92591969597788,rank_1,False
507,0.00018421175314055653,candidate,3,4,1396484374.5237906,1397494509.6585948,0.00016026069140894454,7.52924053789318,-9.234452147025696,26.8125,False,refined,0.9477671785051289,NULL,3.0,129.09478169021574,121.92591969597788,125.14764255126457,-3.2217228552866857,rank_1,1,121.92591969597788,rank_1,False
507,0.00018421175314055653,candidate,4,5,4697265623.398205,4701207081.978285,0.00015976623942540226,7.555768241325573,-9.261292130564271,90.1875,False,refined,0.945465521961431,NULL,3.0,129.09248003367205,121.92591969597788,125.14764255126457,-3.2217228552866857,rank_1,1,121.92591969597788,rank_1,False
507,0.00018421175314055653,NULL,5,0,nan,nan,nan,nan,nan,nan,False,NULL,0.25,rank_1,3.0,125.14764255126457,121.92591969597788,125.14764255126457,-3.2217228552866857,rank_1,1,121.92591969597788,rank_1,False
508,0.00018421495314055762,candidate,0,1,3183593748.914376,3184035173.7824655,0.0003119188836113753,14.721276013859947,5.5213129601501265,61.125,False,refined,0.0,rank_1,0.01070491370785162,121.93662460968574,121.93662460968574,125.17591969597788,-3.2392950862921452,rank_1,1,121.93662460968574,rank_1,True
508,0.00018421495314055762,candidate,1,2,58593749.98001918,nan,0.0001651870585249738,8.907149010706386,-5.5213129601501265,1.125,True,boundary_peak,2.227759708403425,NULL,3.0,130.375402259668,121.93662460968574,125.17591969597788,-3.2392950862921452,rank_1,1,121.93662460968574,rank_1,False
508,0.00018421495314055762,candidate,2,3,5751953123.03855,5751080376.462546,0.00016181574646453493,9.040516341427036,-5.700417736066781,110.4375,False,refined,0.5001986572901184,NULL,3.0,128.6478412085547,121.93662460968574,125.17591969597788,-3.2392950862921452,rank_1,1,121.93662460968574,rank_1,False
508,0.00018421495314055762,candidate,3,4,1386718749.5271208,1382930445.376882,0.00015280480656676895,8.479088021763728,-6.1980930470388,26.625,False,refined,0.6155176121753658,NULL,3.0,128.76316016343992,121.93662460968574,125.17591969597788,-3.2392950862921452,rank_1,1,121.93662460968574,rank_1,False
508,0.00018421495314055762,candidate,4,5,810546874.7235987,810764278.4896864,0.00014734914376457077,8.07361641967745,-6.513881025217065,15.5625,False,refined,0.6960751011244491,NULL,3.0,128.84371765238902,121.93662460968574,125.17591969597788,-3.2392950862921452,rank_1,1,121.93662460968574,rank_1,False
508,0.00018421495314055762,NULL,5,0,nan,nan,nan,nan,nan,nan,False,NULL,0.25,rank_1,3.0,125.17591969597788,121.93662460968574,125.17591969597788,-3.2392950862921452,rank_1,1,121.93662460968574,rank_1,False
509,0.0001842181531405587,candidate,0,1,3193359373.9110456,3193738722.7096076,0.0004028537973630108,16.228223886793096,6.113313132620295,61.3125,False,refined,0.0,rank_1,0.009415886178144144,121.94604049586388,121.94604049586388,125.18662460968574,-3.2405841138218534,rank_1,1,121.94604049586388,rank_1,True
509,0.0001842181531405587,candidate,1,2,58593749.98001918,nan,0.00019928830119555466,9.9877632612474,-6.113313132620295,1.125,True,boundary_peak,2.1026675816016587,NULL,3.0,130.27858727757953,121.94604049586388,125.18662460968574,-3.2405841138218534,rank_1,1,121.94604049586388,rank_1,False
509,0.0001842181531405587,candidate,2,3,5771484373.03189,5775608862.26973,0.00017406535317250946,8.919121997312036,-7.28870252252487,110.8125,False,refined,0.617675608060999,NULL,3.0,128.7935953040389,121.94604049586388,125.18662460968574,-3.2405841138218534,rank_1,1,121.94604049586388,rank_1,False
509,0.0001842181531405587,candidate,3,4,1357421874.537111,1355639082.3281577,0.0001727397944457227,8.8731226215869,-7.355101265206194,26.062499999999996,False,refined,0.6287254358373522,NULL,3.0,128.80464513181522,121.94604049586388,125.18662460968574,-3.2405841138218534,rank_1,1,121.94604049586388,rank_1,False
509,0.0001842181531405587,candidate,4,5,791015624.7302591,792047928.3760455,0.00014686505770454254,7.393130249523345,-8.764579629319309,15.187500000000002,False,refined,0.938816689403955,NULL,3.0,129.11473638538183,121.94604049586388,125.18662460968574,-3.2405841138218534,rank_1,1,121.94604049586388,rank_1,False
509,0.0001842181531405587,NULL,5,0,nan,nan,nan,nan,nan,nan,False,NULL,0.25,rank_1,3.0,125.18662460968574,121.94604049586388,125.18662460968574,-3.2405841138218534,rank_1,1,121.94604049586388,rank_1,False
510,0.0001842213531405598,candidate,0,1,3203124998.9077153,3201950731.78996,0.0006329892326140431,18.61302770899364,10.066580041070674,61.49999999999999,False,refined,0.0,rank_1,0.006743709313578873,121.95278420517747,121.95278420517747,125.19604049586388,-3.2432562906864177,rank_1,1,121.95278420517747,rank_1,True
510,0.0001842213531405598,candidate,1,2,58593749.98001918,nan,0.0001986402808197825,8.418377803422983,-10.066580041070674,1.125,True,boundary_peak,2.5851545820534696,NULL,3.0,130.7717791917392,121.95278420517747,125.19604049586388,-3.2432562906864177,rank_1,1,121.95278420517747,rank_1,False
510,0.0001842213531405598,candidate,2,3,1298828124.557092,1301208843.6710298,0.00019479121140868948,8.382043595366007,-10.236539281680237,24.9375,False,refined,0.8824771658001138,NULL,3.0,129.06910177548585,121.95278420517747,125.19604049586388,-3.2432562906864177,rank_1,1,121.95278420517747,rank_1,False
510,0.0001842213531405598,candidate,3,4,5468749998.135124,5472136595.893678,0.0001861069152821108,7.977524392654063,-10.632676236111598,105.0,False,refined,0.9679136058588654,NULL,3.0,129.1545382155446,121.95278420517747,125.19604049586388,-3.2432562906864177,rank_1,1,121.95278420517747,rank_1,False
510,0.0001842213531405598,candidate,4,5,3408203123.837783,3409812894.733874,0.00017701540671224522,7.453920657413073,-11.067705106146404,65.4375,False,refined,1.0736434705221893,rank_1,4.668804781597221,127.68848874798329,121.95278420517747,125.19604049586388,-3.2432562906864177,rank_1,1,121.95278420517747,rank_1,False
510,0.0001842213531405598,NULL,5,0,nan,nan,nan,nan,nan,nan,False,NULL,0.25,rank_1,3.0,125.19604049586388,121.95278420517747,125.19604049586388,-3.2432562906864177,rank_1,1,121.95278420517747,rank_1,False
511,0.0001842245531405609,candidate,0,1,3203124998.9077153,3205834358.7827487,0.0009009396041548301,21.875424202376117,13.025822055912117,61.49999999999999,False,refined,0.0,rank_1,0.0015082558619117716,121.95429246103937,121.95429246103937,125.20278420517747,-3.248491744138093,rank_1,1,121.95429246103937,rank_1,True
511,0.0001842245531405609,candidate,1,2,3427734373.8311224,3427359094.08767,0.00020109652946053675,8.870869698770445,-13.025822055912117,65.8125,False,refined,0.9193695451844333,rank_1,5.080892979373566,127.95304672973548,121.95429246103937,125.20278420517747,-3.248491744138093,rank_1,1,121.95429246103937,rank_1,False
511,0.0001842245531405609,candidate,2,3,5458984373.138454,5459755175.683996,0.0001842790648675276,8.078428229692562,-13.784393572601319,104.8125,False,refined,1.0382357655461156,NULL,3.0,129.23427626141,121.95429246103937,125.20278420517747,-3.248491744138093,rank_1,1,121.95429246103937,rank_1,False
511,0.0001842245531405609,candidate,3,4,781249999.7335892,783875121.997404,0.00017948761184920055,7.680499356099224,-14.013223984440408,15.0,False,refined,1.0979250965851164,NULL,3.0,129.293965592449,121.95429246103937,125.20278420517747,-3.248491744138093,rank_1,1,121.95429246103937,rank_1,False
511,0.0001842245531405609,candidate,4,5,1279296874.5637522,1275559465.4368126,0.00017272901225674325,7.497049666346021,-14.34660777668558,24.5625,False,refined,1.125442550048097,NULL,3.0,129.32148304591198,121.95429246103937,125.20278420517747,-3.248491744138093,rank_1,1,121.95429246103937,rank_1,False
511,0.0001842245531405609,NULL,5,0,nan,nan,nan,nan,nan,nan,False,NULL,0.25,rank_1,3.0,125.20278420517747,121.95429246103937,125.20278420517747,-3.248491744138093,rank_1,1,121.95429246103937,rank_1,False
512,0.00018422775314056198,candidate,0,1,3212890623.9043856,3210018122.907714,0.0012038510595415955,25.875853023179474,15.717679752374272,61.68750000000001,False,refined,0.0,rank_1,0.0017503882253345753,121.9560428492647,121.9560428492647,125.20429246103937,-3.2482496117746678,rank_1,1,121.9560428492647,rank_1,True
512,0.00018422775314056198,candidate,1,2,585937499.8001919,583702436.0068313,0.0001971009745918986,10.051299870356205,-15.717679752374272,11.25,False,refined,0.75,NULL,3.0,128.95278420517747,121.9560428492647,125.20429246103937,-3.2482496117746678,rank_1,1,121.9560428492647,rank_1,False
512,0.00018422775314056198,candidate,2,3,58593749.98001918,nan,0.00019679104428681963,9.949217245543611,-15.731348579626125,1.125,True,boundary_peak,2.4763674131684583,NULL,3.0,130.6791516183459,121.9560428492647,125.20429246103937,-3.2482496117746678,rank_1,1,121.9560428492647,rank_1,False
512,0.00018422775314056198,candidate,3,4,3437499998.827792,3437073222.7891393,0.00017145431359097743,8.840492754770546,-16.928486867959933,66.0,False,refined,0.9239260867844181,rank_1,5.3471412226965995,128.22535977052038,121.9560428492647,125.20429246103937,-3.2482496117746678,rank_1,1,121.9560428492647,rank_1,False
512,0.00018422775314056198,candidate,4,5,781249999.7335892,784392858.199508,0.00016324754446868307,8.392514693064657,-17.354522037794233,15.0,False,refined,0.9911227960403015,NULL,3.0,129.19390700121778,121.9560428492647,125.20429246103937,-3.2482496117746678,rank_1,1,121.9560428492647,rank_1,False
512,0.00018422775314056198,NULL,5,0,nan,nan,nan,nan,nan,nan,False,NULL,0.25,rank_1,3.0,125.20429246103937,121.9560428492647,125.20429246103937,-3.2482496117746678,rank_1,1,121.9560428492647,rank_1,False
513,0.00018423095314056307,candidate,0,1,3212890623.9043856,3214007525.7728,0.0015012521069306172,27.657579636103815,17.04989564099586,61.68750000000001,False,refined,0.0,rank_1,0.0015915335219957012,121.9576343827867,121.9576343827867,125.2060428492647,-3.2484084664780113,rank_1,1,121.9576343827867,rank_1,True
513,0.00018423095314056307,candidate,1,2,58593749.98001918,nan,0.00021084283536460427,10.407990680650538,-17.04989564099586,1.125,True,boundary_peak,2.46875,NULL,3.0,130.67304246103936,121.9576343827867,125.2060428492647,-3.2484084664780113,rank_1,1,121.9576343827867,rank_1,False
513,0.00018423095314056307,candidate,2,3,576171874.803522,572338678.843335,0.00019580375219090056,9.92722420612198,-17.69265239963012,11.0625,False,refined,0.7609163690817029,NULL,3.0,128.96520883012107,121.9576343827867,125.2060428492647,-3.2484084664780113,rank_1,1,121.9576343827867,rank_1,False
513,0.00018423095314056307,candidate,3,4,761718749.7402494,765698171.0678953,0.00015732804342549083,7.956685467810196,-19.59294976460022,14.625,False,refined,1.0564971798284706,NULL,3.0,129.26078964086784,121.9576343827867,125.2060428492647,-3.2484084664780113,rank_1,1,121.9576343827867,rank_1,False
513,0.00018423095314056307,candidate,4,5,2597656249.114184,2599542422.8110523,0.0001369757444761473,6.777145929577877,-20.796199207533803,49.875,False,refined,1.2334281105633185,NULL,3.0,129.43772057160268,121.9576343827867,125.2060428492647,-3.2484084664780113,rank_1,1,121.9576343827867,rank_1,False
513,0.00018423095314056307,NULL,5,0,nan,nan,nan,nan,nan,nan,False,NULL,0.25,rank_1,3.0,125.2060428492647,121.9576343827867,125.2060428492647,-3.2484084664780113,rank_1,1,121.9576343827867,rank_1,False
514,0.00018423415314056417,candidate,0,1,3212890623.9043856,3215083949.7229476,0.0016881629161212127,27.742160532522977,19.936891320854066,61.68750000000001,False,refined,0.0,rank_1,0.00011586885204514247,121.95775025163874,121.95775025163874,125.2076343827867,-3.249884131147951,rank_1,1,121.95775025163874,rank_1,True
514,0.00018423415314056417,candidate,1,2,771484374.7369193,771510560.0630462,0.00017004731927356185,7.757115892703945,-19.936891320854066,14.8125,False,refined,1.0864326160944082,NULL,3.0,129.2924754653591,121.95775025163874,125.2076343827867,-3.249884131147951,rank_1,1,121.95775025163874,rank_1,False
514,0.00018423415314056417,candidate,2,3,58593749.98001918,nan,0.0001683809684599446,7.5631990250880765,-20.02242705623751,1.125,True,boundary_peak,2.8342701462367885,NULL,3.0,131.04031299550147,121.95775025163874,125.2076343827867,-3.249884131147951,rank_1,1,121.95775025163874,rank_1,False
514,0.00018423415314056417,candidate,3,4,556640624.8101822,558774676.3333825,0.00016807312870031733,7.63501772371491,-20.038321426061092,10.687499999999998,False,refined,1.1047473414427635,NULL,3.0,129.31079019070745,121.95775025163874,125.2076343827867,-3.249884131147951,rank_1,1,121.95775025163874,rank_1,False
514,0.00018423415314056417,candidate,4,5,888671874.6969577,891892079.6258609,0.000167463076812759,7.672254740182165,-20.069905792340812,17.0625,False,refined,1.0991617889726752,NULL,3.0,129.30520463823737,121.95775025163874,125.2076343827867,-3.249884131147951,rank_1,1,121.95775025163874,rank_1,False
514,0.00018423415314056417,NULL,5,0,nan,nan,nan,nan,nan,nan,False,NULL,0.25,rank_1,3.0,125.2076343827867,121.95775025163874,125.2076343827867,-3.249884131147951,rank_1,1,121.95775025163874,rank_1,False
515,0.00018423735314056526,candidate,0,1,3212890623.9043856,3211085750.7402015,0.0017234745236326102,27.46152126342085,19.32062596276939,61.68750000000001,False,refined,0.0,rank_1,0.0015985595105632142,121.95934881114931,121.95934881114931,125.20775025163874,-3.248401440489431,rank_1,1,121.95934881114931,rank_1,True
515,0.00018423735314056526,candidate,1,2,791015624.7302591,789797240.7050654,0.00018636895493938556,8.047970199128693,-19.32062596276939,15.187500000000002,False,refined,1.042804470130696,NULL,3.0,129.2504388529174,121.95934881114931,125.20775025163874,-3.248401440489431,rank_1,1,121.95934881114931,rank_1,False
515,0.00018423735314056526,candidate,2,3,927734374.6836371,925119533.196021,0.00016463095527463685,7.0636538661853,-20.397867397235547,17.8125,False,refined,1.190451920072205,NULL,3.0,129.3980863028589,121.95934881114931,125.20775025163874,-3.248401440489431,rank_1,1,121.95934881114931,rank_1,False
515,0.00018423735314056526,candidate,3,4,5927734372.978607,5930232121.639894,0.00015298286153445106,6.289741438445251,-21.035241758929686,113.81249999999999,False,refined,1.3065387842332123,NULL,3.0,129.51417316701992,121.95934881114931,125.20775025163874,-3.248401440489431,rank_1,1,121.95934881114931,rank_1,False
515,0.00018423735314056526,candidate,4,5,3085937498.947677,3086329933.3194885,0.0001527685880111287,6.300534709154038,-21.047416069032856,59.25,False,refined,1.3049197936268944,rank_1,1.6577596740022207,124.92042971926786,121.95934881114931,125.20775025163874,-3.248401440489431,rank_1,1,121.95934881114931,rank_1,False
515,0.00018423735314056526,NULL,5,0,nan,nan,nan,nan,nan,nan,False,NULL,0.25,rank_1,3.0,125.20775025163874,121.95934881114931,125.20775025163874,-3.248401440489431,rank_1,1,121.95934881114931,rank_1,False
516,0.00018424055314056635,candidate,0,1,3203124998.9077153,3205589860.6848407,0.0016500316793409224,26.79767445888097,19.151210519475814,61.49999999999999,False,refined,0.0,rank_1,0.0030204807500613675,121.96236929189938,121.96236929189938,125.20934881114931,-3.2469795192499333,rank_1,1,121.96236929189938,rank_1,True
516,0.00018424055314056635,candidate,1,2,3330078123.8644238,3334282074.7256346,0.0001819414939464344,7.558661045948893,-19.151210519475814,63.9375,False,refined,1.116200843107666,rank_1,1.51773342435238,124.59328307860936,121.96236929189938,125.20934881114931,-3.2469795192499333,rank_1,1,121.96236929189938,rank_1,False
516,0.00018424055314056635,candidate,2,3,791015624.7302591,789385974.4303143,0.00016171059222326066,6.572031868413788,-20.175076296115904,15.187500000000002,False,refined,1.2641952197379318,NULL,3.0,129.47194547137667,121.96236929189938,125.20934881114931,-3.2469795192499333,rank_1,1,121.96236929189938,rank_1,False
516,0.00018424055314056635,candidate,3,4,3505859373.8044815,3508806480.215265,0.0001477030125694599,5.654569192042498,-20.96205858173156,67.3125,False,refined,1.4018146211936253,NULL,3.0,129.60956487283238,121.96236929189938,125.20934881114931,-3.2469795192499333,rank_1,1,121.96236929189938,rank_1,False
516,0.00018424055314056635,candidate,4,5,1611328124.4505277,1614516426.3164568,0.0001441171668811868,5.534340236776432,-21.175531328648276,30.9375,False,refined,1.4198489644835353,NULL,3.0,129.6275992161223,121.96236929189938,125.20934881114931,-3.2469795192499333,rank_1,1,121.96236929189938,rank_1,False
516,0.00018424055314056635,NULL,5,0,nan,nan,nan,nan,nan,nan,False,NULL,0.25,rank_1,3.0,125.20934881114931,121.96236929189938,125.20934881114931,-3.2469795192499333,rank_1,1,121.96236929189938,rank_1,False
517,0.00018424375314056744,candidate,0,1,3203124998.9077153,3204386361.0438013,0.0015011410181307533,26.163585546870873,16.95180580828034,61.49999999999999,False,refined,0.0,rank_1,0.0001448411385981896,121.96251413303797,121.96251413303797,125.21236929189938,-3.2498551588614077,rank_1,1,121.96251413303797,rank_1,True
517,0.00018424375314056744,candidate,1,2,58593749.98001918,nan,0.00021322160181669298,9.111301554102882,-16.95180580828034,1.125,True,boundary_peak,2.6020547668845677,NULL,3.0,130.8114035780339,121.96251413303797,125.21236929189938,-3.2498551588614077,rank_1,1,121.96251413303797,rank_1,False
517,0.00018424375314056744,candidate,2,3,3515624998.8011513,3512867577.289454,0.00018690654847168233,7.994804340313255,-18.0959394887447,67.5,False,refined,1.0507793489530117,rank_2,3.1892781725971946,128.83334060015957,121.96251413303797,125.21236929189938,-3.2498551588614077,rank_1,1,121.96251413303797,rank_1,False
517,0.00018424375314056744,candidate,3,4,1562499999.4671783,1567102320.4621255,0.00015684333996280735,6.513635073457653,-19.61910820146544,30.0,False,refined,1.272954738981352,NULL,3.0,129.48230355013067,121.96251413303797,125.21236929189938,-3.2498551588614077,rank_1,1,121.96251413303797,rank_1,False
517,0.00018424375314056744,candidate,4,5,5175781248.235028,5172771753.56466,0.00014123129817920267,5.599698915927087,-20.529810818951006,99.375,False,refined,1.410045162610937,NULL,3.0,129.61939397376025,121.96251413303797,125.21236929189938,-3.2498551588614077,rank_1,1,121.96251413303797,rank_1,False
517,0.00018424375314056744,NULL,5,0,nan,nan,nan,nan,nan,nan,False,NULL,0.25,rank_1,3.0,125.21236929189938,121.96251413303797,125.21236929189938,-3.2498551588614077,rank_1,1,121.96251413303797,rank_1,False
518,0.00018424695314056853,candidate,0,1,3203124998.9077153,3205909883.452735,0.001337163503983448,25.560217865901677,16.661914012646434,61.49999999999999,False,refined,0.0,rank_1,0.00023211205305229598,121.96274624509103,121.96274624509103,125.21251413303797,-3.2497678879469447,rank_1,1,121.96274624509103,rank_1,True
518,0.00018424695314056853,candidate,1,2,410156249.8601343,413556616.3568169,0.00019637618285289586,8.812487324812803,-16.661914012646434,7.875,False,refined,0.9281269012780795,NULL,3.0,129.14049619317748,121.96274624509103,125.21251413303797,-3.2497678879469447,rank_1,1,121.96274624509103,rank_1,False
518,0.00018424695314056853,candidate,2,3,58593749.98001918,nan,0.00019139680654591494,8.351487028014537,-16.884996546347644,1.125,True,boundary_peak,2.7160269457978194,NULL,3.0,130.9283962376972,121.96274624509103,125.21251413303797,-3.2497678879469447,rank_1,1,121.96274624509103,rank_1,False
518,0.00018424695314056853,candidate,3,4,3496093748.8078113,3500897050.997268,0.00018650187590070263,8.179157753019215,-17.110026203347594,67.125,False,refined,1.0231263370471178,NULL,3.0,129.23549562894652,121.96274624509103,125.21251413303797,-3.2497678879469447,rank_1,1,121.96274624509103,rank_1,False
518,0.00018424695314056853,candidate,4,5,3095703123.944347,3092275219.9019217,0.00017558937372340504,7.840675641752428,-17.633725695706808,59.4375,False,refined,1.0738986537371358,rank_1,1.2568907968134442,124.29330358358855,121.96274624509103,125.21251413303797,-3.2497678879469447,rank_1,1,121.96274624509103,rank_1,False
518,0.00018424695314056853,NULL,5,0,nan,nan,nan,nan,nan,nan,False,NULL,0.25,rank_1,3.0,125.21251413303797,121.96274624509103,125.21251413303797,-3.2497678879469447,rank_1,1,121.96274624509103,rank_1,False
519,0.00018425015314056962,candidate,0,1,3203124998.9077153,3205224181.227846,0.0012104463128156605,24.547717188639602,14.95541347059544,61.49999999999999,False,refined,0.0,rank_1,4.7018754121745264e-05,121.96279326384514,121.96279326384514,125.21274624509103,-3.249952981245883,rank_1,1,121.96279326384514,rank_1,True
519,0.00018425015314056962,candidate,1,2,419921874.8568042,423931530.2339621,0.00021635894660991796,9.593689841133628,-14.95541347059544,8.0625,False,refined,0.8109465238299558,NULL,3.0,129.02346065686794,121.96279326384514,125.21274624509103,-3.249952981245883,rank_1,1,121.96279326384514,rank_1,False
519,0.00018425015314056962,candidate,2,3,996093749.6603261,999992423.5373399,0.0002006772775388172,8.79871146972512,-15.608946625011528,19.125,False,refined,0.930193279541232,NULL,3.0,129.14270741257923,121.96279326384514,125.21274624509103,-3.249952981245883,rank_1,1,121.96279326384514,rank_1,False
519,0.00018425015314056962,candidate,3,4,4970703123.304961,4967381273.079838,0.00018011589130795537,7.999847182611584,-16.54787000602802,95.4375,False,refined,1.0500229226082625,NULL,3.0,129.26253705564625,121.96279326384514,125.21274624509103,-3.249952981245883,rank_1,1,121.96279326384514,rank_1,False
519,0.00018425015314056962,candidate,4,5,3066406248.9543376,3066077061.299751,0.00017319023614979396,7.660660762583209,-16.888442549145857,58.87500000000001,False,refined,1.1009008856125186,rank_1,1.955321815126809,125.01896894583035,121.96279326384514,125.21274624509103,-3.249952981245883,rank_1,1,121.96279326384514,rank_1,False
519,0.00018425015314056962,NULL,5,0,nan,nan,nan,nan,nan,nan,False,NULL,0.25,rank_1,3.0,125.21274624509103,121.96279326384514,125.21274624509103,-3.249952981245883,rank_1,1,121.96279326384514,rank_1,False
520,0.0001842533531405707,candidate,0,1,3203124998.9077153,3206354890.806813,0.0011241295429022793,24.31504151142663,15.616856047424266,61.49999999999999,False,refined,0.0,rank_1,0.00012785041519668657,121.96292111426034,121.96292111426034,125.21279326384514,-3.249872149584803,rank_1,1,121.96292111426034,rank_1,True
520,0.0001842533531405707,candidate,1,2,439453124.8501439,441419163.1127062,0.00018619737719605017,8.636782198667161,-15.616856047424266,8.4375,False,refined,0.9544826701999258,NULL,3.0,129.16722891529093,121.96292111426034,125.21279326384514,-3.249872149584803,rank_1,1,121.96292111426034,rank_1,False
520,0.0001842533531405707,candidate,2,3,3056640623.9576674,3052482208.751866,0.00018470746965430226,8.628403458212999,-15.686638053213633,58.68749999999999,False,refined,0.9557394812680502,rank_1,2.333011015585312,125.25154376069851,121.96292111426034,125.21279326384514,-3.249872149584803,rank_1,1,121.96292111426034,rank_1,False
520,0.0001842533531405707,candidate,3,4,996093749.6603261,996034643.2664069,0.0001739372752903911,8.094232436068722,-16.208473978192455,19.125,False,refined,1.0358651345896916,NULL,3.0,129.2486113796807,121.96292111426034,125.21279326384514,-3.249872149584803,rank_1,1,121.96292111426034,rank_1,False
520,0.0001842533531405707,candidate,4,5,58593749.98001918,nan,0.00017355391722753162,7.867092729017653,-16.227638821782424,1.125,True,boundary_peak,2.788686090647352,NULL,3.0,131.00143233573837,121.96292111426034,125.21279326384514,-3.249872149584803,rank_1,1,121.96292111426034,rank_1,False
520,0.0001842533531405707,NULL,5,0,nan,nan,nan,nan,nan,nan,False,NULL,0.25,rank_1,3.0,125.21279326384514,121.96292111426034,125.21279326384514,-3.249872149584803,rank_1,1,121.96292111426034,rank_1,False
521,0.0001842565531405718,candidate,0,1,3203124998.9077153,3206271360.706874,0.0009853052046875964,23.228833695857443,13.766188924104918,61.49999999999999,False,refined,0.0,rank_1,6.977277595797521e-07,121.9629218119881,121.9629218119881,125.21292111426034,-3.2499993022722435,rank_1,1,121.9629218119881,rank_1,True
521,0.0001842565531405718,candidate,1,2,58593749.98001918,nan,0.00020195812530743556,9.184863172942412,-13.766188924104918,1.125,True,boundary_peak,2.591020524058638,NULL,3.0,130.80381378790378,121.9629218119881,125.21292111426034,-3.2499993022722435,rank_1,1,121.9629218119881,rank_1,False
521,0.0001842565531405718,candidate,2,3,3066406248.9543376,3070108885.1530733,0.0001895141978907223,8.708034840769958,-14.318580503679286,58.87500000000001,False,refined,0.9437947738845063,rank_1,1.8562974056598804,124.76301329380472,121.9629218119881,125.21292111426034,-3.2499993022722435,rank_1,1,121.9629218119881,rank_1,False
521,0.0001842565531405718,candidate,3,4,4277343748.5414004,4279367044.7936954,0.0001701666934152601,7.772691006376364,-15.25392433807288,82.125,False,refined,1.0840963490435453,NULL,3.0,129.29688961288866,121.9629218119881,125.21292111426034,-3.2499993022722435,rank_1,1,121.9629218119881,rank_1,False
521,0.0001842565531405718,candidate,4,5,898437499.6936275,901326884.3518207,0.00016257018355218662,7.377407210227833,-15.650597615903656,17.25,False,refined,1.143388918465825,NULL,3.0,129.35618218231096,121.9629218119881,125.21292111426034,-3.2499993022722435,rank_1,1,121.9629218119881,rank_1,False
521,0.0001842565531405718,NULL,5,0,nan,nan,nan,nan,nan,nan,False,NULL,0.25,rank_1,3.0,125.21292111426034,121.9629218119881,125.21292111426034,-3.2499993022722435,rank_1,1,121.9629218119881,rank_1,False
522,0.0001842597531405729,candidate,0,1,3203124998.9077153,3207315453.3300886,0.0007662988067997052,20.204559615837148,12.696182431756089,61.49999999999999,False,refined,0.0,rank_1,0.00010901294058513986,121.96303082492868,121.96303082492868,125.2129218119881,-3.249890987059416,rank_1,1,121.96303082492868,rank_1,True
522,0.0001842597531405729,candidate,1,2,3955078123.651295,3950573462.0588164,0.00015693365921195694,6.336007695401804,-13.773640960757332,75.9375,False,refined,1.2995988456897294,NULL,3.0,129.51251995995005,121.96303082492868,125.2129218119881,-3.249890987059416,rank_1,1,121.96303082492868,rank_1,False
522,0.0001842597531405729,candidate,2,3,5205078123.225038,5201679528.228355,0.00015549482792029363,6.309472162544383,-13.853644024985226,99.9375,False,refined,1.3035791756183426,NULL,3.0,129.51650028987868,121.96303082492868,125.2129218119881,-3.249890987059416,rank_1,1,121.96303082492868,rank_1,False
522,0.0001842597531405729,candidate,3,4,3330078123.8644238,3331160768.8313117,0.00015365615454412571,6.247595832919197,-13.956963782917953,63.9375,False,refined,1.3128606250621204,rank_1,1.5597364261672393,124.83551886321744,121.96303082492868,125.2129218119881,-3.249890987059416,rank_1,1,121.96303082492868,rank_1,False
522,0.0001842597531405729,candidate,4,5,1025390624.6503358,1023536022.8619719,0.00015360822123755316,6.167837038706168,-13.959673784122577,19.6875,False,refined,1.3248244441940749,NULL,3.0,129.5377455584544,121.96303082492868,125.2129218119881,-3.249890987059416,rank_1,1,121.96303082492868,rank_1,False
522,0.0001842597531405729,NULL,5,0,nan,nan,nan,nan,nan,nan,False,NULL,0.25,rank_1,3.0,125.2129218119881,121.96303082492868,125.2129218119881,-3.249890987059416,rank_1,1,121.96303082492868,rank_1,False
523,0.000184262953140574,candidate,0,1,3203124998.9077153,3202264316.460066,0.0005538331600200493,17.65172237503166,7.8151752540689845,61.49999999999999,False,refined,0.0,rank_1,0.0025513983679703463,121.96558222329665,121.96558222329665,125.21303082492868,-3.24744860163203,rank_1,1,121.96558222329665,rank_1,True
523,0.000184262953140574,candidate,1,2,3085937498.947677,3086819856.2213597,0.00022522686525298024,9.711248432041018,-7.8151752540689845,59.25,False,refined,0.5317611885731589,rank_1,1.4519188922589112,123.94671090576075,121.96558222329665,125.21303082492868,-3.24744860163203,rank_1,1,121.96558222329665,rank_1,False
523,0.000184262953140574,candidate,2,3,3369140623.8511033,3364690322.5778522,0.00020473514670664314,8.92398737700467,-8.64373101933035,64.6875,False,refined,0.7016350821574464,rank_1,2.4766849470750696,125.1413508541612,121.96558222329665,125.21303082492868,-3.24744860163203,rank_1,1,121.96558222329665,rank_1,False
523,0.000184262953140574,candidate,3,4,3945312498.654625,3949184936.5837283,0.00018661453122841647,8.077753750370897,-9.448669935739105,75.75,False,refined,0.8788788084280594,NULL,3.0,129.09180062041617,121.96558222329665,125.21303082492868,-3.24744860163203,rank_1,1,121.96558222329665,rank_1,False
523,0.000184262953140574,candidate,4,5,5205078123.225038,5205543870.298723,0.00017551337983149088,7.567695745765368,-9.981374511047942,99.9375,False,refined,0.9886815450756912,NULL,3.0,129.2016033570638,121.96558222329665,125.21303082492868,-3.24744860163203,rank_1,1,121.96558222329665,rank_1,False
523,0.000184262953140574,NULL,5,0,nan,nan,nan,nan,nan,nan,False,NULL,0.25,rank_1,3.0,125.21303082492868,121.96558222329665,125.21303082492868,-3.24744860163203,rank_1,1,121.96558222329665,rank_1,False
524,0.00018426615314057508,candidate,0,1,3193359373.9110456,3191548925.0679774,0.0004501941306733606,16.810093868436535,5.981977917641883,61.3125,False,refined,0.0,rank_1,0.011481961268564248,121.97706418456521,121.97706418456521,125.21558222329665,-3.238518038731442,rank_1,1,121.97706418456521,rank_1,True
524,0.00018426615314057508,candidate,1,2,3310546873.871084,3311486517.613465,0.00022610019285452794,10.828115950794652,-5.981977917641883,63.56250000000001,False,refined,0.3738736198526177,rank_1,1.1929489224793555,123.53240476562863,121.97706418456521,125.21558222329665,-3.238518038731442,rank_1,1,121.97706418456521,rank_1,False
524,0.00018426615314057508,candidate,2,3,58593749.98001918,nan,0.00021168000793756584,10.139945444443406,-6.554399710701233,1.125,True,boundary_peak,2.128399981918827,NULL,3.0,130.3414308068475,121.97706418456521,125.21558222329665,-3.238518038731442,rank_1,1,121.97706418456521,rank_1,False
524,0.00018426615314057508,candidate,3,4,3789062498.707907,3792746065.032577,0.00019007808626917975,9.204989597670883,-7.489355557473756,72.75,False,refined,0.5873362826914773,NULL,3.0,128.80036710762016,121.97706418456521,125.21558222329665,-3.238518038731442,rank_1,1,121.97706418456521,rank_1,False
524,0.00018426615314057508,candidate,4,5,771484374.7369193,774822700.872534,0.0001897660117435269,9.267821130866487,-7.503627968248345,14.8125,False,refined,0.5788035783855485,NULL,3.0,128.79183440331425,121.97706418456521,125.21558222329665,-3.238518038731442,rank_1,1,121.97706418456521,rank_1,False
524,0.00018426615314057508,NULL,5,0,nan,nan,nan,nan,nan,nan,False,NULL,0.25,rank_1,3.0,125.21558222329665,121.97706418456521,125.21558222329665,-3.238518038731442,rank_1,1,121.97706418456521,rank_1,False
525,0.00018426935314057617,candidate,0,1,3193359373.9110456,3188691524.863342,0.0004596165264661173,16.894887055502295,5.767695081797042,61.3125,False,refined,0.0,rank_1,0.0008164735929451684,121.97788065815816,121.97788065815816,125.22706418456521,-3.2491835264070517,rank_1,1,121.97788065815816,rank_1,True
525,0.00018426935314057617,candidate,1,2,3300781248.874414,3298219814.392919,0.00023659789813494997,11.127191973705255,-5.767695081797042,63.375,False,refined,0.3604809426123151,rank_1,1.1378678629373948,123.47541299011492,121.97788065815816,125.22706418456521,-3.2491835264070517,rank_1,1,121.97788065815816,rank_1,False
525,0.00018426935314057617,candidate,2,3,58593749.98001918,nan,0.0001693045322561186,8.007106937844473,-8.67454103991716,1.125,True,boundary_peak,2.5598427743181515,NULL,3.0,130.7754249976148,121.97788065815816,125.22706418456521,-3.2491835264070517,rank_1,1,121.97788065815816,rank_1,False
525,0.00018426935314057617,candidate,3,4,2939453123.997629,2936162851.049069,0.00016192153494851288,7.629679814442918,-9.0618204829393,56.4375,False,refined,0.9219118080172686,NULL,3.0,129.1374940313139,121.97788065815816,125.22706418456521,-3.2491835264070517,rank_1,1,121.97788065815816,rank_1,False
525,0.00018426935314057617,candidate,4,5,3798828123.704577,3795907558.626122,0.0001588827669108841,7.63397267475356,-9.226376837794668,72.9375,False,refined,0.9315526511491328,NULL,3.0,129.14713487444578,121.97788065815816,125.22706418456521,-3.2491835264070517,rank_1,1,121.97788065815816,rank_1,False
525,0.00018426935314057617,NULL,5,0,nan,nan,nan,nan,nan,nan,False,NULL,0.25,rank_1,3.0,125.22706418456521,121.97788065815816,125.22706418456521,-3.2491835264070517,rank_1,1,121.97788065815816,rank_1,False
526,0.00018427255314057726,candidate,0,1,3212890623.9043856,3210710124.8039427,0.00044721540606996893,16.527370304461062,8.180952662815226,61.68750000000001,False,refined,0.0,rank_1,0.04848187433442287,122.02636253249258,122.02636253249258,125.22788065815816,-3.2015181256655723,rank_1,1,122.02636253249258,rank_1,True
526,0.00018427255314057726,candidate,1,2,1406249999.5204604,1406379958.8140438,0.00017436893819293287,8.301019240808873,-8.180952662815226,26.999999999999996,False,refined,0.7661566553046206,NULL,3.0,128.99322083986985,122.02636253249258,125.22788065815816,-3.2015181256655723,rank_1,1,122.02636253249258,rank_1,False
526,0.00018427255314057726,candidate,2,3,2939453123.997629,2943751673.5464153,0.00016397719673753573,7.704786298949822,-8.714665968210378,56.4375,False,refined,0.8889486781706754,rank_1,5.999553076315805,128.86638241264464,122.02636253249258,125.22788065815816,-3.2015181256655723,rank_1,1,122.02636253249258,rank_1,False
526,0.00018427255314057726,candidate,3,4,2763671874.0575714,2758820009.7128963,0.0001469390812219233,6.795249025345145,-9.667588722532807,53.06249999999999,False,refined,1.0849369413565286,NULL,3.0,129.31200112592174,122.02636253249258,125.22788065815816,-3.2015181256655723,rank_1,1,122.02636253249258,rank_1,False
526,0.00018427255314057726,candidate,4,5,361328124.876785,364068476.7514275,0.00013331511146344989,5.906704747681006,-10.512747519479193,6.9375,False,refined,1.2710410078152985,NULL,3.0,129.4981051923805,122.02636253249258,125.22788065815816,-3.2015181256655723,rank_1,1,122.02636253249258,rank_1,False
526,0.00018427255314057726,NULL,5,0,nan,nan,nan,nan,nan,nan,False,NULL,0.25,rank_1,3.0,125.22788065815816,122.02636253249258,125.22788065815816,-3.2015181256655723,rank_1,1,122.02636253249258,rank_1,False
527,0.00018427575314057835,candidate,0,1,3222656248.9010553,3218009951.0113025,0.00035378526683022633,13.785128912038296,5.517242413166894,61.875,False,refined,0.0,rank_1,0.005328746265765683,122.03169127875834,122.03169127875834,125.27636253249258,-3.2446712537342393,rank_1,1,122.03169127875834,rank_1,True
527,0.00018427575314057835,candidate,1,2,1425781249.5138001,1424676411.43815,0.00018744662373283244,8.150578561597417,-5.517242413166894,27.375,False,refined,0.6222408665833183,NULL,3.0,128.85012152474147,122.03169127875834,125.27636253249258,-3.2446712537342393,rank_1,1,122.03169127875834,rank_1,False
527,0.00018427575314057835,candidate,2,3,2958984373.9909687,2962011017.9153214,0.0001765226585386037,7.632728932454764,-6.0387856692064545,56.81249999999999,False,refined,0.7325147644571888,rank_1,6.18512457671979,128.94400187366958,122.03169127875834,125.27636253249258,-3.2446712537342393,rank_1,1,122.03169127875834,rank_1,False
527,0.00018427575314057835,candidate,3,4,58593749.98001918,nan,0.00015699509765671978,6.570978197063617,-7.057073034440702,1.125,True,boundary_peak,2.6741703350930015,NULL,3.0,130.90205099325115,122.03169127875834,125.27636253249258,-3.2446712537342393,rank_1,1,122.03169127875834,rank_1,False
527,0.00018427575314057835,candidate,4,5,4697265623.398205,4700292439.282326,0.00015008770043754003,6.2382042662933745,-7.447892787891517,90.1875,False,refined,1.0297626592992137,NULL,3.0,129.25764331745737,122.03169127875834,125.27636253249258,-3.2446712537342393,rank_1,1,122.03169127875834,rank_1,False
527,0.00018427575314057835,NULL,5,0,nan,nan,nan,nan,nan,nan,False,NULL,0.25,rank_1,3.0,125.27636253249258,122.03169127875834,125.27636253249258,-3.2446712537342393,rank_1,1,122.03169127875834,rank_1,False
528,0.00018427895314057944,candidate,0,1,3203124998.9077153,3198444757.6648498,0.00020282039680669675,9.127805209870052,0.8656697956537851,61.49999999999999,False,refined,0.13082921851949214,rank_1,0.038279679068407756,122.20080017634625,122.20080017634625,125.28169127875834,-3.080891102412096,rank_1,1,122.20080017634625,rank_1,True
528,0.00018427895314057944,candidate,1,2,3740234373.724558,3738812219.3515444,0.00018358117206881679,8.277862526667707,-0.8656697956537851,71.8125,False,refined,0.31242498322820544,NULL,3.0,128.58878751572078,122.20080017634625,125.28169127875834,-3.080891102412096,rank_1,1,122.20080017634625,rank_1,False
528,0.00018427895314057944,candidate,2,3,2968749998.987639,2964447713.3691125,0.00017582015337258127,7.84313713296104,-1.2408594697694664,57.00000000000001,False,refined,0.40108314691643565,NULL,3.0,128.67744567940903,122.20080017634625,125.28169127875834,-3.080891102412096,rank_1,1,122.20080017634625,rank_1,False
528,0.00018427895314057944,candidate,3,4,58593749.98001918,nan,0.00016858176932654816,7.339366706261599,-1.6060204090311991,1.125,True,boundary_peak,2.21822126962521,NULL,3.0,130.4945838021178,122.20080017634625,125.28169127875834,-3.080891102412096,rank_1,1,122.20080017634625,rank_1,False
528,0.00018427895314057944,candidate,4,5,1425781249.5138001,1426390159.4285424,0.00015793248148621812,6.846274657379672,-2.1728033770554234,27.375,False,refined,0.6088590124590132,NULL,3.0,128.8852215449516,122.20080017634625,125.28169127875834,-3.080891102412096,rank_1,1,122.20080017634625,rank_1,False
528,0.00018427895314057944,NULL,5,0,nan,nan,nan,nan,nan,nan,False,NULL,0.25,rank_1,3.0,125.28169127875834,122.20080017634625,125.28169127875834,-3.080891102412096,rank_1,1,122.20080017634625,rank_1,False
529,0.00018428215314058053,candidate,0,1,3730468748.727888,3734670326.6595697,0.00020366240257252568,9.549706104774929,1.2021871641390103,71.625,False,refined,0.06754408428376069,NULL,3.0,128.34923536304208,128.34923536304208,125.45080017634625,2.898435186695835,NULL,0,125.45080017634625,rank_1,False
529,0.00018428215314058053,candidate,1,2,58593749.98001918,nan,0.00017733787681722862,8.202536708130594,-1.2021871641390103,1.125,True,boundary_peak,2.063506191539099,NULL,3.0,130.34519747029742,128.34923536304208,125.45080017634625,2.898435186695835,NULL,0,125.45080017634625,rank_1,False
529,0.00018428215314058053,candidate,2,3,2968749998.987639,2963922315.750012,0.00014553187762332488,6.5297770525449295,-2.919054604018223,57.00000000000001,False,refined,0.7029743548693995,rank_1,5.500077576169848,128.4038521073855,128.34923536304208,125.45080017634625,2.898435186695835,NULL,0,125.45080017634625,rank_1,False
529,0.00018428215314058053,candidate,3,4,732421874.7502398,730374663.535265,0.0001399769603732473,6.225847851412896,-3.2570860854520234,14.0625,False,refined,0.7696907026288171,NULL,3.0,129.05138198138715,128.34923536304208,125.45080017634625,2.898435186695835,NULL,0,125.45080017634625,rank_1,False
529,0.00018428215314058053,candidate,4,5,2197265624.2507195,2193349045.7089777,0.00013691375699547806,6.097298466339529,-3.4492754968245087,42.1875,False,refined,0.8009849486006024,NULL,3.0,129.08267622735895,128.34923536304208,125.45080017634625,2.898435186695835,NULL,0,125.45080017634625,rank_1,False
529,0.00018428215314058053,NULL,5,0,nan,nan,nan,nan,nan,nan,False,NULL,0.25,rank_1,3.0,125.45080017634625,128.34923536304208,125.45080017634625,2.898435186695835,NULL,0,125.45080017634625,rank_1,True
530,0.00018428535314058163,candidate,0,1,3749999998.7212276,3747538796.997608,0.00019453834590054447,9.685535081732297,1.1709421632818984,72.0,False,refined,0.047169737740155426,rank_1,0.016559752884097532,128.41296485366632,128.41296485366632,125.70080017634625,2.712164677320075,NULL,0,125.70080017634625,NULL,False
530,0.00018428535314058163,candidate,1,2,58593749.98001918,nan,0.00017000359710878115,8.30114041375201,-1.1709421632818984,1.125,True,boundary_peak,2.046762823142317,NULL,3.0,130.4975629994886,128.41296485366632,125.70080017634625,2.712164677320075,NULL,0,125.70080017634625,NULL,False
530,0.00018428535314058163,candidate,2,3,2236328124.237399,2237218954.034092,0.0001687955607350356,8.452651116963485,-1.2328839647688117,42.9375,False,refined,0.3091575802535279,NULL,3.0,128.7599577565998,128.41296485366632,125.70080017634625,2.712164677320075,NULL,0,125.70080017634625,NULL,False
530,0.00018428535314058163,candidate,3,4,3115234373.937687,3117917928.2682557,0.00014275037147716847,6.83135399972036,-2.688559436118485,59.81250000000001,False,refined,0.6433318647993513,NULL,3.0,129.09413204114563,128.41296485366632,125.70080017634625,2.712164677320075,NULL,0,125.70080017634625,NULL,False
530,0.00018428535314058163,candidate,4,5,5351562498.175086,5354204904.760745,0.00013859499137960782,6.558385986174793,-2.945153661834139,102.75,False,refined,0.7003142059384148,NULL,3.0,129.15111438228467,128.41296485366632,125.70080017634625,2.712164677320075,NULL,0,125.70080017634625,NULL,False
530,0.00018428535314058163,NULL,5,0,nan,nan,nan,nan,nan,nan,False,NULL,0.25,NULL,0.0,125.70080017634625,128.41296485366632,125.70080017634625,2.712164677320075,NULL,0,125.70080017634625,NULL,True
531,0.00018428855314058272,candidate,0,1,3330078123.8644238,3331892436.1055675,0.0002125948834732495,10.89441900442873,0.5310656221762056,63.9375,False,refined,0.0,NULL,3.0,128.70080017634626,128.47614522677466,125.95080017634625,2.525345050428413,NULL,0,125.95080017634625,NULL,False
531,0.00018428855314058272,candidate,1,2,3769531248.7145677,3764856063.4453816,0.00019998596916646897,10.363353382252525,-0.5310656221762056,72.375,False,refined,0.03319160138601285,rank_1,0.029988771722318036,128.47614522677466,128.47614522677466,125.95080017634625,2.525345050428413,NULL,0,125.95080017634625,NULL,False
531,0.00018428855314058272,candidate,2,3,2255859374.2307386,2255655147.055379,0.00019502966780664803,10.145376462256044,-0.7490425421726865,43.3125,False,refined,0.04681515888579291,NULL,3.0,128.74761533523207,128.47614522677466,125.95080017634625,2.525345050428413,NULL,0,125.95080017634625,NULL,False
531,0.00018428855314058272,candidate,3,4,2441406249.167466,2439106372.124472,0.00017689544679184448,9.32109921396238,-1.5967230724904091,46.875,False,refined,0.2016303099362935,NULL,3.0,128.90243048628255,128.47614522677466,125.95080017634625,2.525345050428413,NULL,0,125.95080017634625,NULL,False
531,0.00018428855314058272,candidate,4,5,3144531248.927696,3141378717.3607693,0.0001601059699011549,8.431513358516964,-2.462905645911766,60.375,False,refined,0.3892045990919407,NULL,3.0,129.09000477543822,128.47614522677466,125.95080017634625,2.525345050428413,NULL,0,125.95080017634625,NULL,False
531,0.00018428855314058272,NULL,5,0,nan,nan,nan,nan,nan,nan,False,NULL,0.25,NULL,0.0,125.95080017634625,128.47614522677466,125.95080017634625,2.525345050428413,NULL,0,125.95080017634625,NULL,True
532,0.0001842917531405838,candidate,0,1,3330078123.8644238,3330371097.62146,0.00026231147399928214,12.274627435382914,0.9723123832792435,63.9375,False,refined,0.0,rank_1,0.0002314470783226489,128.7010316234246,128.7010316234246,126.20080017634625,2.500231447078349,NULL,0,126.20080017634625,NULL,False
532,0.0001842917531405838,candidate,1,2,3203124998.9077153,3204970039.7799063,0.0002345317632667405,11.30231505210367,-0.9723123832792435,61.49999999999999,False,refined,0.06076952395495272,NULL,3.0,129.0115697003012,128.7010316234246,126.20080017634625,2.500231447078349,NULL,0,126.20080017634625,NULL,False
532,0.0001842917531405838,candidate,2,3,2451171874.164136,2448313197.6306705,0.00019265934155500655,9.554928416860173,-2.680544323737175,47.0625,False,refined,0.23429475770454744,rank_4,0.008476563590158553,129.14520180757728,128.7010316234246,126.20080017634625,2.500231447078349,NULL,0,126.20080017634625,NULL,False
532,0.0001842917531405838,candidate,3,4,3779296873.7112374,3781618541.533344,0.00018667400436736466,9.319958551667886,-2.954668883715028,72.5625,False,refined,0.2866730224820063,rank_2,0.028098067164941128,128.7909163164216,128.7010316234246,126.20080017634625,2.500231447078349,NULL,0,126.20080017634625,NULL,False
532,0.0001842917531405838,candidate,4,5,4726562498.388214,4729242784.416381,0.000167301282192378,8.329112371183056,-3.9063603694142923,90.75,False,refined,0.49478066741093485,NULL,3.0,129.4455808437572,128.7010316234246,126.20080017634625,2.500231447078349,NULL,0,126.20080017634625,NULL,False
532,0.0001842917531405838,NULL,5,0,nan,nan,nan,nan,nan,nan,False,NULL,0.25,NULL,0.0,126.20080017634625,128.7010316234246,126.20080017634625,2.500231447078349,NULL,0,126.20080017634625,NULL,True
533,0.0001842949531405849,candidate,0,1,3222656248.9010553,3222326549.7627764,0.00033832181102806636,13.744756141165473,2.524616724425792,61.875,False,refined,0.0,rank_2,0.030124843878546952,129.04169454417976,128.97587793888488,126.45080017634625,2.525077762538629,NULL,0,126.45080017634625,NULL,False
533,0.0001842949531405849,candidate,1,2,3369140623.8511033,3364584803.96609,0.0002529875566695953,11.257827353507821,-2.524616724425792,64.6875,False,refined,0.157788545276612,rank_1,0.11705777018365916,128.97587793888488,128.97587793888488,126.45080017634625,2.525077762538629,NULL,0,126.45080017634625,NULL,False
533,0.0001842949531405849,candidate,2,3,58593749.98001918,nan,0.00021794854098345205,9.854920574140174,-3.8195206170750584,1.125,True,boundary_peak,1.979231952446165,NULL,3.0,131.18003212879242,128.97587793888488,126.45080017634625,2.525077762538629,NULL,0,126.45080017634625,NULL,False
533,0.0001842949531405849,candidate,3,4,4736328123.384884,4733513484.162645,0.0001535073053229118,6.8277055904408,-6.864018975738313,90.9375,False,refined,0.9048453474175245,NULL,3.0,130.1056455237638,128.97587793888488,126.45080017634625,2.525077762538629,NULL,0,126.45080017634625,NULL,False
533,0.0001842949531405849,candidate,4,5,3525390623.797821,3527294507.802235,0.00015297048589115069,6.850309126319587,-6.894447014845886,67.6875,False,refined,0.9033565694799298,NULL,3.0,130.1041567458262,128.97587793888488,126.45080017634625,2.525077762538629,NULL,0,126.45080017634625,NULL,False
533,0.0001842949531405849,NULL,5,0,nan,nan,nan,nan,nan,nan,False,NULL,0.25,NULL,0.0,126.45080017634625,128.97587793888488,126.45080017634625,2.525077762538629,NULL,0,126.45080017634625,NULL,True
534,0.000184298153140586,candidate,0,1,3212890623.9043856,3216404636.334271,0.000404808751488083,15.739109854491904,5.482369688382871,61.68750000000001,False,refined,0.0,rank_1,0.003506905865471283,129.04520145004523,129.04520145004523,126.70080017634625,2.3444012736989777,NULL,0,126.70080017634625,NULL,False
534,0.000184298153140586,candidate,1,2,58593749.98001918,nan,0.00021534332201186802,10.241756487253681,-5.482369688382871,1.125,True,boundary_peak,2.0613981055239297,NULL,3.0,131.51219828187018,129.04520145004523,126.70080017634625,2.3444012736989777,NULL,0,126.70080017634625,NULL,False
534,0.000184298153140586,candidate,2,3,3398437498.8411126,3396146780.0099916,0.00020136181001199902,9.663712705273335,-6.065455730006457,65.25,False,refined,0.4295340773344033,rank_2,0.09961583317958084,129.50502784939886,129.04520145004523,126.70080017634625,2.3444012736989777,NULL,0,126.70080017634625,NULL,False
534,0.000184298153140586,candidate,3,4,3525390623.797821,3529055485.408614,0.00018899444518229123,9.108109114742371,-6.6160170608941815,67.6875,False,refined,0.5472846990945307,NULL,3.0,129.99808487544078,129.04520145004523,126.70080017634625,2.3444012736989777,NULL,0,126.70080017634625,NULL,False
534,0.000184298153140586,candidate,4,5,478515624.83682334,480962694.1866989,0.00017036069498163977,8.211558639866468,-7.517609795413325,9.1875,False,refined,0.7381168162333627,NULL,3.0,130.18891699257964,129.04520145004523,126.70080017634625,2.3444012736989777,NULL,0,126.70080017634625,NULL,False
534,0.000184298153140586,NULL,5,0,nan,nan,nan,nan,nan,nan,False,NULL,0.25,NULL,0.0,126.70080017634625,129.04520145004523,126.70080017634625,2.3444012736989777,NULL,0,126.70080017634625,NULL,True
535,0.00018430135314058708,candidate,0,1,3222656248.9010553,3218119919.1471148,0.0004661431492195983,17.46301574323318,7.912927001377952,61.875,False,refined,0.0,rank_1,0.0002942195128037337,129.04549566955802,129.04549566955802,126.95080017634625,2.0946954932117734,NULL,0,126.95080017634625,NULL,False
535,0.00018430135314058708,candidate,1,2,3408203123.837783,3405733063.9589477,0.00018744460961005565,9.554519088501037,-7.912927001377952,65.4375,False,refined,0.5613800743109665,rank_3,0.00918968399500117,130.07559760770482,129.04549566955802,126.95080017634625,2.0946954932117734,NULL,0,126.95080017634625,NULL,False
535,0.00018430135314058708,candidate,2,3,3525390623.797821,3523351456.573002,0.00017728301472379787,9.093392845744503,-8.397043550836836,67.6875,False,refined,0.6608062950656267,NULL,3.0,130.3616064714119,129.04549566955802,126.95080017634625,2.0946954932117734,NULL,0,126.95080017634625,NULL,False
535,0.00018430135314058708,candidate,3,4,498046874.83016306,496120030.2985968,0.0001748024705748554,8.948011301047929,-8.51943478883106,9.5625,False,refined,0.6902629791447519,NULL,3.0,130.39106315549103,129.04549566955802,126.95080017634625,2.0946954932117734,NULL,0,126.95080017634625,NULL,False
535,0.00018430135314058708,candidate,4,5,3017578123.9709883,3014502787.759687,0.00016880389698232316,8.63192239762018,-8.822736748595235,57.93750000000001,False,refined,0.7566326871441752,NULL,3.0,130.45743286349042,129.04549566955802,126.95080017634625,2.0946954932117734,NULL,0,126.95080017634625,NULL,False
535,0.00018430135314058708,NULL,5,0,nan,nan,nan,nan,nan,nan,False,NULL,0.25,NULL,0.0,126.95080017634625,129.04549566955802,126.95080017634625,2.0946954932117734,NULL,0,126.95080017634625,NULL,True
536,0.00018430455314058817,candidate,0,1,3222656248.9010553,3223201206.201771,0.0005476299711407736,18.553005052894083,8.890293029676224,61.875,False,refined,0.0,rank_1,0.0025819478131814937,129.0480776173712,129.0480776173712,127.20080017634625,1.847277441024957,NULL,0,127.20080017634625,NULL,False
536,0.00018430455314058817,candidate,1,2,3398437498.8411126,3397825684.7144046,0.00019677619434462613,9.672029834674811,-8.890293029676224,65.25,False,refined,0.6048388391535423,NULL,3.0,130.5556390154998,129.0480776173712,127.20080017634625,1.847277441024957,NULL,0,127.20080017634625,NULL,False
536,0.00018430455314058817,candidate,2,3,546874999.8135124,551661927.3577998,0.0001771039808909801,8.757145158492063,-9.805177705858972,10.5,False,refined,0.7992518328423762,NULL,3.0,130.75005200918864,129.0480776173712,127.20080017634625,1.847277441024957,NULL,0,127.20080017634625,NULL,False
536,0.00018430455314058817,candidate,3,4,58593749.98001918,nan,0.00016993309942476954,8.15397198134284,-10.164184598341839,1.125,True,boundary_peak,2.630915740194939,NULL,3.0,132.5817159165412,129.0480776173712,127.20080017634625,1.847277441024957,NULL,0,127.20080017634625,NULL,False
536,0.00018430455314058817,candidate,4,5,2812499999.0409207,2811259939.5575075,0.0001608932252693672,7.7788454831126685,-10.638989017769713,53.99999999999999,False,refined,0.9981099911437068,NULL,3.0,130.94891016748997,129.0480776173712,127.20080017634625,1.847277441024957,NULL,0,127.20080017634625,NULL,False
536,0.00018430455314058817,NULL,5,0,nan,nan,nan,nan,nan,nan,False,NULL,0.25,NULL,0.0,127.20080017634625,129.0480776173712,127.20080017634625,1.847277441024957,NULL,0,127.20080017634625,NULL,True
537,0.00018430775314058926,candidate,0,1,3222656248.9010553,3220191012.457799,0.0005354116859611207,18.00760401924892,8.684599629149305,61.875,False,refined,0.0,rank_1,0.0009061266376247111,129.04898374400884,129.04898374400884,127.45080017634625,1.5981835676625877,NULL,0,127.45080017634625,NULL,False
537,0.00018430775314058926,candidate,1,2,58593749.98001918,nan,0.00019699620709190264,9.069929706080702,-8.684599629149305,1.125,True,boundary_peak,2.4010480209097262,NULL,3.0,132.60184819725598,129.04898374400884,127.45080017634625,1.5981835676625877,NULL,0,127.45080017634625,NULL,False
537,0.00018430775314058926,candidate,2,3,3378906248.847773,3382997230.239383,0.00019111350061686542,8.939605184083588,-8.947929568037472,64.875,False,refined,0.7183048203898038,NULL,3.0,130.91910499673605,129.04898374400884,127.45080017634625,1.5981835676625877,NULL,0,127.45080017634625,NULL,False
537,0.00018430775314058926,candidate,3,4,361328124.876785,365357393.6532245,0.00016574847724472208,7.694405750781961,-10.184765975003618,6.9375,False,refined,0.982387010820432,NULL,3.0,131.1831871871667,129.04898374400884,127.45080017634625,1.5981835676625877,NULL,0,127.45080017634625,NULL,False
537,0.00018430775314058926,candidate,4,5,566406249.8068521,569736589.2619684,0.00016223228035073395,7.450111176814449,-10.37101146423522,10.875,False,refined,1.030671539992534,NULL,3.0,131.2314717163388,129.04898374400884,127.45080017634625,1.5981835676625877,NULL,0,127.45080017634625,NULL,False
537,0.00018430775314058926,NULL,5,0,nan,nan,nan,nan,nan,nan,False,NULL,0.25,NULL,0.0,127.45080017634625,129.04898374400884,127.45080017634625,1.5981835676625877,NULL,0,127.45080017634625,NULL,True
538,0.00018431095314059035,candidate,0,1,3222656248.9010553,3224067320.589759,0.00040036198364732224,15.550154359347506,4.733955307343223,61.875,False,refined,0.0,rank_1,0.0015025764733898567,129.05048632048224,129.05048632048224,127.70080017634625,1.3496861441359869,NULL,0,127.70080017634625,NULL,False
538,0.00018431095314059035,candidate,1,2,58593749.98001918,nan,0.00017352108888612315,7.969576904325786,-7.262011360754981,1.125,True,boundary_peak,2.4771891743983185,NULL,3.0,132.92798935074458,129.05048632048224,127.70080017634625,1.3496861441359869,NULL,0,127.70080017634625,NULL,False
538,0.00018431095314059035,candidate,2,3,341796874.88344526,342344687.83492327,0.0001704847705712497,8.02897439110092,-7.415344857602726,6.5625,False,refined,0.7591128949350323,NULL,3.0,131.2099130712813,129.05048632048224,127.70080017634625,1.3496861441359869,NULL,0,127.70080017634625,NULL,False
538,0.00018431095314059035,candidate,3,4,761718749.7402494,757615513.8295008,0.00015903346538186352,7.461484061891435,-8.019286198224398,14.625,False,refined,0.8819827781053097,NULL,3.0,131.33278295445157,129.05048632048224,127.70080017634625,1.3496861441359869,NULL,0,127.70080017634625,NULL,False
538,0.00018431095314059035,candidate,4,5,1445312499.50714,1446239271.478792,0.00015073311242845742,6.995886949357475,-8.484883310758358,27.75,False,refined,0.9809221645187761,NULL,3.0,131.43172234086504,129.05048632048224,127.70080017634625,1.3496861441359869,NULL,0,127.70080017634625,NULL,False
538,0.00018431095314059035,NULL,5,0,nan,nan,nan,nan,nan,nan,False,NULL,0.25,NULL,0.0,127.70080017634625,129.05048632048224,127.70080017634625,1.3496861441359869,NULL,0,127.70080017634625,NULL,True
539,0.00018431415314059145,candidate,0,1,3242187498.894395,3246060681.6043153,0.00023406516856514924,10.873396958453538,0.046551521997271195,62.25,False,refined,0.0,rank_1,0.04837079287166097,129.0988571133539,129.0988571133539,127.95080017634625,1.1480569370076381,NULL,0,127.95080017634625,NULL,False
539,0.00018431415314059145,candidate,1,2,3076171873.9510074,3078119865.140499,0.00023281406546485166,10.755893760258477,-0.046551521997271195,59.0625,False,refined,0.0029094701248294497,NULL,3.0,130.70370964647108,129.0988571133539,127.95080017634625,1.1480569370076381,NULL,0,127.95080017634625,NULL,False
539,0.00018431415314059145,candidate,2,3,58593749.98001918,nan,0.0001805538233394288,8.403193440467431,-2.2546020292282343,1.125,True,boundary_peak,2.0991836107566497,NULL,3.0,132.79998378710292,129.0988571133539,127.95080017634625,1.1480569370076381,NULL,0,127.95080017634625,NULL,False
539,0.00018431415314059145,candidate,3,4,1005859374.656996,1001585730.1187129,0.0001657362622839813,7.685956655243613,-2.9983850090331288,19.3125,False,refined,0.5345055647780286,NULL,3.0,131.23530574112428,129.0988571133539,127.95080017634625,1.1480569370076381,NULL,0,127.95080017634625,NULL,False
539,0.00018431415314059145,candidate,4,5,751953124.7435795,752085625.4696203,0.0001621495080153538,7.481865322117676,-3.188423109547678,14.437499999999998,False,refined,0.5769966460290785,NULL,3.0,131.27779682237534,129.0988571133539,127.95080017634625,1.1480569370076381,NULL,0,127.95080017634625,NULL,False
539,0.00018431415314059145,NULL,5,0,nan,nan,nan,nan,nan,nan,False,NULL,0.25,NULL,0.0,127.95080017634625,129.0988571133539,127.95080017634625,1.1480569370076381,NULL,0,127.95080017634625,NULL,True
540,0.00018431735314059254,candidate,0,1,996093749.6603261,997647370.9491028,0.00021961302977119952,10.126656548238353,0.2923100518684052,19.125,False,refined,0.0,NULL,3.0,130.95080017634626,130.7691496796798,128.20080017634626,2.568349503333536,NULL,0,128.20080017634626,NULL,False
540,0.00018431735314059254,candidate,1,2,3066406248.9543376,3064100122.190668,0.00021234527459205625,9.816564428473233,-0.2923100518684052,58.87500000000001,False,refined,0.045784713970790314,rank_2,0.019655319237933632,130.7691496796798,130.7691496796798,128.20080017634626,2.568349503333536,NULL,0,128.20080017634626,NULL,False
540,0.00018431735314059254,candidate,2,3,751953124.7435795,749027913.7926637,0.0001751768623161695,8.163029342448072,-1.9636272057902815,14.437499999999998,False,refined,0.39827229899468186,NULL,3.0,131.34907247534093,130.7691496796798,128.20080017634626,2.568349503333536,NULL,0,128.20080017634626,NULL,False
540,0.00018431735314059254,candidate,3,4,58593749.98001918,nan,0.00016492662180849307,7.503109844475375,-2.4873468015286715,1.125,True,boundary_peak,2.248742698424236,NULL,3.0,133.1995428747705,130.7691496796798,128.20080017634626,2.568349503333536,NULL,0,128.20080017634626,NULL,False
540,0.00018431735314059254,candidate,4,5,4990234373.298301,4987827484.459846,0.0001624329473131602,7.469575134149951,-2.6196795784961324,95.8125,False,refined,0.5432937035335157,NULL,3.0,131.49409387987978,130.7691496796798,128.20080017634626,2.568349503333536,NULL,0,128.20080017634626,NULL,False
540,0.00018431735314059254,NULL,5,0,nan,nan,nan,nan,nan,nan,False,NULL,0.25,NULL,0.0,128.20080017634626,130.7691496796798,128.20080017634626,2.568349503333536,NULL,0,128.20080017634626,NULL,True
541,0.00018432055314059363,candidate,0,1,986328124.6636562,982567936.3358512,0.000251325107254902,10.937116902740547,2.8145079463913003,18.9375,False,refined,0.0,rank_1,0.02273893482553294,130.9735391111718,130.9735391111718,128.45080017634626,2.522738934825526,NULL,0,128.45080017634626,NULL,False
541,0.00018432055314059363,candidate,1,2,3427734373.8311224,3430889505.239979,0.00018176509143113447,8.102817505577757,-2.8145079463913003,65.8125,False,refined,0.46048412081279266,NULL,3.0,131.66128429715906,130.9735391111718,128.45080017634626,2.522738934825526,NULL,0,128.45080017634626,NULL,False
541,0.00018432055314059363,candidate,2,3,751953124.7435795,752209270.8946785,0.00018148625807988498,8.067336143140436,-2.8278426040342985,14.437499999999998,False,refined,0.4666397412810783,NULL,3.0,131.66743991762735,130.9735391111718,128.45080017634626,2.522738934825526,NULL,0,128.45080017634626,NULL,False
541,0.00018432055314059363,candidate,3,4,3085937498.947677,3089244039.852103,0.00016313608409575128,7.18340003802326,-3.753716864717287,59.25,False,refined,0.6570972983413415,rank_2,0.06322165953650294,131.48946863755765,130.9735391111718,128.45080017634626,2.522738934825526,NULL,0,128.45080017634626,NULL,False
541,0.00018432055314059363,candidate,4,5,3242187498.894395,3241119293.1803055,0.00015938847900030383,6.974073245503591,-3.9555790053428197,62.25,False,refined,0.7011127010083875,NULL,3.0,131.90191287735465,130.9735391111718,128.45080017634626,2.522738934825526,NULL,0,128.45080017634626,NULL,False
541,0.00018432055314059363,NULL,5,0,nan,nan,nan,nan,nan,nan,False,NULL,0.25,NULL,0.0,128.45080017634626,130.9735391111718,128.45080017634626,2.522738934825526,NULL,0,128.45080017634626,NULL,True
542,0.00018432375314059472,candidate,0,1,966796874.6703166,970576479.3013012,0.0002699060191064529,13.586903002728263,1.905204414561199,18.5625,False,refined,0.0,rank_1,0.014379504181145752,130.98791861535292,130.98791861535292,128.70080017634626,2.2871184390066617,NULL,0,128.70080017634626,NULL,False
542,0.00018432375314059472,candidate,1,2,3447265623.824462,3446086240.0524654,0.00021674662764711652,11.681698588167064,-1.905204414561199,66.1875,False,refined,0.11907527591007494,NULL,3.0,131.56987545225633,130.98791861535292,128.70080017634626,2.2871184390066617,NULL,0,128.70080017634626,NULL,False
542,0.00018432375314059472,candidate,2,3,3242187498.894395,3244839223.6611905,0.00020638840638316464,11.25635756114887,-2.3305454415793925,62.25,False,refined,0.14565909009871203,NULL,3.0,131.59645926644498,130.98791861535292,128.70080017634626,2.2871184390066617,NULL,0,128.70080017634626,NULL,False
542,0.00018432375314059472,candidate,3,4,2333984374.2040977,2330725660.513685,0.00016809733033856916,9.473867931296214,-4.11303507143205,44.8125,False,refined,0.33598450227007104,NULL,3.0,131.78678467861633,130.98791861535292,128.70080017634626,2.2871184390066617,NULL,0,128.70080017634626,NULL,False
542,0.00018432375314059472,candidate,4,5,1845703124.3706043,1842289932.82741,0.0001675661739374646,9.483520151555256,-4.140524325834685,35.4375,False,refined,0.3362547476313794,NULL,3.0,131.78705492397765,130.98791861535292,128.70080017634626,2.2871184390066617,NULL,0,128.70080017634626,NULL,False
542,0.00018432375314059472,NULL,5,0,nan,nan,nan,nan,nan,nan,False,NULL,0.25,NULL,0.0,128.70080017634626,130.98791861535292,128.70080017634626,2.2871184390066617,NULL,0,128.70080017634626,NULL,True
543,0.0001843269531405958,candidate,0,1,3232421873.897725,3234253683.207838,0.000287598667398462,13.800455828952574,1.9754502285531572,62.0625,False,refined,0.0,rank_3,0.011205366668956123,131.60766463311393,131.11515775215028,128.95080017634626,2.1643575758040186,NULL,0,128.95080017634626,NULL,False
543,0.0001843269531405958,candidate,1,2,976562499.6669865,976719359.336584,0.00022909433911012708,11.879545775491662,-1.9754502285531572,18.75,False,refined,0.12346563928457233,rank_1,0.0037734975127875162,131.11515775215028,131.11515775215028,128.95080017634626,2.1643575758040186,NULL,0,128.95080017634626,NULL,False
543,0.0001843269531405958,candidate,2,3,3457031248.821132,3455696269.9249477,0.00020000984588700553,10.521252644130472,-3.154709883650213,66.375,False,refined,0.1971693677281383,rank_2,0.009235267415000217,131.77628008739947,131.11515775215028,128.95080017634626,2.1643575758040186,NULL,0,128.95080017634626,NULL,False
543,0.0001843269531405958,candidate,3,4,2324218749.2074275,2320053076.3977103,0.00019989940090280644,10.67378018577827,-3.1595075369974257,44.62499999999999,False,refined,0.1974692210623391,NULL,3.0,131.8982693974086,131.11515775215028,128.95080017634626,2.1643575758040186,NULL,0,128.95080017634626,NULL,False
543,0.0001843269531405958,candidate,4,5,58593749.98001918,nan,0.0001600261849776077,8.274661416243365,-5.091916352121322,1.125,True,boundary_peak,2.295795559571078,NULL,3.0,133.99659573591734,131.11515775215028,128.95080017634626,2.1643575758040186,NULL,0,128.95080017634626,NULL,False
543,0.0001843269531405958,NULL,5,0,nan,nan,nan,nan,nan,nan,False,NULL,0.25,NULL,0.0,128.95080017634626,131.11515775215028,128.95080017634626,2.1643575758040186,NULL,0,128.95080017634626,NULL,True
544,0.0001843301531405969,candidate,0,1,3203124998.9077153,3206827282.6383038,0.00040484315844150406,16.188452817279018,7.543641211993037,61.49999999999999,False,refined,0.0,rank_1,0.07522074482005515,131.68288537793399,131.68288537793399,129.20080017634626,2.482085201587722,NULL,0,129.20080017634626,NULL,False
544,0.0001843301531405969,candidate,1,2,3466796873.817802,3469231909.5288153,0.00016986532868690666,8.473681512334803,-7.543641211993037,66.5625,False,refined,0.7004253488993444,rank_3,0.018321353948578714,132.4950267902474,131.68288537793399,129.20080017634626,2.482085201587722,NULL,0,129.20080017634626,NULL,False
544,0.0001843301531405969,candidate,2,3,2314453124.2107577,2317225490.5634093,0.0001690906858584204,8.536190705673112,-7.583342374047151,44.4375,False,refined,0.6935302925269801,rank_4,0.0007995241650339653,132.59259921410063,131.68288537793399,129.20080017634626,2.482085201587722,NULL,0,129.20080017634626,NULL,False
544,0.0001843301531405969,candidate,3,4,986328124.6636562,989544759.9543538,0.00016509860505115292,8.316280269429441,-7.790868011322711,18.9375,False,refined,0.7394872102932533,rank_2,0.016449090100629095,131.87109405254415,131.68288537793399,129.20080017634626,2.482085201587722,NULL,0,129.20080017634626,NULL,False
544,0.0001843301531405969,candidate,4,5,527343749.82017267,523022009.9655552,0.00015749415052445121,7.988005295775356,-8.200447521503662,10.125,False,refined,0.8143271757276755,NULL,3.0,132.76512735207393,131.68288537793399,129.20080017634626,2.482085201587722,NULL,0,129.20080017634626,NULL,False
544,0.0001843301531405969,NULL,5,0,nan,nan,nan,nan,nan,nan,False,NULL,0.25,NULL,0.0,129.20080017634626,131.68288537793399,129.20080017634626,2.482085201587722,NULL,0,129.20080017634626,NULL,True
545,0.000184333353140598,candidate,0,1,3203124998.9077153,3202436261.8537226,0.0004991467733768949,18.430292295056454,9.098838517562422,61.49999999999999,False,refined,0.0,rank_1,0.0019281063530623961,131.68481348428705,131.68481348428705,129.45080017634626,2.234013307940785,NULL,0,129.45080017634626,NULL,False
545,0.000184333353140598,candidate,1,2,2568359374.124174,2572329440.017208,0.00017510007906280884,9.26304527099548,-9.098838517562422,49.31249999999999,False,refined,0.6792206166983293,NULL,3.0,132.8800207930446,131.68481348428705,129.45080017634626,2.234013307940785,NULL,0,129.45080017634626,NULL,False
545,0.000184333353140598,candidate,2,3,537109374.8168426,535277869.3344683,0.00016231851012210523,8.660344413317826,-9.757204405735882,10.3125,False,refined,0.8107736133608187,NULL,3.0,133.01157378970709,131.68481348428705,129.45080017634626,2.234013307940785,NULL,0,129.45080017634626,NULL,False
545,0.000184333353140598,candidate,3,4,3466796873.817802,3471093337.6041574,0.00015146734256694458,7.938973285677173,-10.358185241934468,66.5625,False,refined,0.9565405847693282,NULL,3.0,133.1573407611156,131.68481348428705,129.45080017634626,2.234013307940785,NULL,0,129.45080017634626,NULL,False
545,0.000184333353140598,candidate,4,5,58593749.98001918,nan,0.00015070355612273719,7.782077720272316,-10.402095353192733,1.125,True,boundary_peak,2.7015693015336986,NULL,3.0,134.90236947787997,131.68481348428705,129.45080017634626,2.234013307940785,NULL,0,129.45080017634626,NULL,False
545,0.000184333353140598,NULL,5,0,nan,nan,nan,nan,nan,nan,False,NULL,0.25,NULL,0.0,129.45080017634626,131.68481348428705,129.45080017634626,2.234013307940785,NULL,0,129.45080017634626,NULL,True
546,0.00018433655314059908,candidate,0,1,3212890623.9043856,3209142139.606346,0.0004580648911301032,17.40188151306631,7.254498567111947,61.68750000000001,False,refined,0.0,rank_1,0.0044968796433131585,131.68931036393036,131.68931036393036,129.70080017634626,1.9885101875840974,NULL,0,129.70080017634626,NULL,False
546,0.00018433655314059908,candidate,1,2,2558593749.1275043,2562021632.1245117,0.00019870192646971664,10.083850139958441,-7.254498567111947,49.125,False,refined,0.45340616044449666,NULL,3.0,132.90420633679076,131.68931036393036,129.70080017634626,1.9885101875840974,NULL,0,129.70080017634626,NULL,False
546,0.00018433655314059908,candidate,2,3,58593749.98001918,nan,0.00016952749358213167,8.584243310547093,-8.633737299015172,1.125,True,boundary_peak,2.4707220846063844,NULL,3.0,134.92152226095266,131.68931036393036,129.70080017634626,1.9885101875840974,NULL,0,129.70080017634626,NULL,False
546,0.00018433655314059908,candidate,3,4,1777343749.3939154,1776561697.9685543,0.00015661366586559492,8.046660242424037,-9.32194701703378,34.125,False,refined,0.8756226522010057,NULL,3.0,133.32642282854727,131.68931036393036,129.70080017634626,1.9885101875840974,NULL,0,129.70080017634626,NULL,False
546,0.00018433655314059908,candidate,4,5,2929687499.0009594,2928136348.638393,0.000142557341091118,7.186223797671216,-10.138748391343073,56.25,False,refined,1.0557382048082595,NULL,3.0,133.5065383811545,131.68931036393036,129.70080017634626,1.9885101875840974,NULL,0,129.70080017634626,NULL,False
546,0.00018433655314059908,NULL,5,0,nan,nan,nan,nan,nan,nan,False,NULL,0.25,NULL,0.0,129.70080017634626,131.68931036393036,129.70080017634626,1.9885101875840974,NULL,0,129.70080017634626,NULL,True
547,0.00018433975314060018,candidate,0,1,3212890623.9043856,3214036074.0438538,0.0003635517967041806,14.861590460096394,5.528595720710827,61.68750000000001,False,refined,0.0,rank_1,0.0023950594278623117,131.69170542335823,131.69170542335823,129.95080017634626,1.7409052470119661,NULL,0,129.95080017634626,NULL,False
547,0.00018433975314060018,candidate,1,2,2548828124.1308346,2546656477.749983,0.00019236962982104158,9.372618107125357,-5.528595720710827,48.9375,False,refined,0.4396445164756232,NULL,3.0,133.1404446928219,131.69170542335823,129.95080017634626,1.7409052470119661,NULL,0,129.95080017634626,NULL,False
547,0.00018433975314060018,candidate,2,3,58593749.98001918,nan,0.0001582638571356743,7.467968521488828,-7.223690987103595,1.125,True,boundary_peak,2.5500354084706505,NULL,3.0,135.2508355848169,131.69170542335823,129.95080017634626,1.7409052470119661,NULL,0,129.95080017634626,NULL,False
547,0.00018433975314060018,candidate,3,4,1787109374.3905852,1786452389.3069344,0.0001577310493934511,7.648231775988199,-7.252982051847985,34.3125,False,refined,0.8060766118422692,NULL,3.0,133.50687678818852,131.69170542335823,129.95080017634626,1.7409052470119661,NULL,0,129.95080017634626,NULL,False
547,0.00018433975314060018,candidate,4,5,4853515623.344923,4858292606.038452,0.00014589170999131543,6.9145197187614205,-7.930713612772449,93.18750000000001,False,refined,0.958491642984065,NULL,3.0,133.65929181933032,131.69170542335823,129.95080017634626,1.7409052470119661,NULL,0,129.95080017634626,NULL,False
547,0.00018433975314060018,NULL,5,0,nan,nan,nan,nan,nan,nan,False,NULL,0.25,NULL,0.0,129.95080017634626,131.69170542335823,129.95080017634626,1.7409052470119661,NULL,0,129.95080017634626,NULL,True
548,0.00018434295314060127,candidate,0,1,3212890623.9043856,3211747186.7518053,0.00029567138525435143,12.496448777686586,5.288729464272652,61.68750000000001,False,refined,0.0,rank_1,0.0005239005035700907,131.6922293238618,131.6922293238618,130.20080017634626,1.4914291475155323,NULL,0,130.20080017634626,NULL,False
548,0.00018434295314060127,candidate,1,2,615234374.7902014,612155158.5703758,0.00016083213340601613,7.410604056034904,-5.288729464272652,11.8125,False,refined,0.7189549831118052,NULL,3.0,133.66975515945808,131.6922293238618,130.20080017634626,1.4914291475155323,NULL,0,130.20080017634626,NULL,False
548,0.00018434295314060127,candidate,2,3,2529296874.137495,2528094898.3669596,0.0001540832977733832,6.835374154832516,-5.66107462285407,48.5625,False,refined,0.8285110407035019,NULL,3.0,133.77931121704975,131.6922293238618,130.20080017634626,1.4914291475155323,NULL,0,130.20080017634626,NULL,False
548,0.00018434295314060127,candidate,3,4,1464843749.5004797,1462204372.8735068,0.00015354744618732688,6.92460434614202,-5.691333968108054,28.125,False,refined,0.8170177210854503,NULL,3.0,133.7678178974317,131.6922293238618,130.20080017634626,1.4914291475155323,NULL,0,130.20080017634626,NULL,False
548,0.00018434295314060127,candidate,4,5,3847656248.6879263,3846325698.696563,0.00013799850773189382,5.800094833951714,-6.618698118193551,73.875,False,refined,1.0436544072943397,NULL,3.0,133.9944545836406,131.6922293238618,130.20080017634626,1.4914291475155323,NULL,0,130.20080017634626,NULL,False
548,0.00018434295314060127,NULL,5,0,nan,nan,nan,nan,nan,nan,False,NULL,0.25,NULL,0.0,130.20080017634626,131.6922293238618,130.20080017634626,1.4914291475155323,NULL,0,130.20080017634626,NULL,True
549,0.00018434615314060236,candidate,0,1,3212890623.9043856,3214122059.175693,0.00026308772245036885,10.75760690123257,3.6549608271567724,61.68750000000001,False,refined,0.0,rank_1,0.000564001902974238,131.69279332576477,131.69279332576477,130.45080017634626,1.241993149418505,NULL,0,130.45080017634626,NULL,False
549,0.00018434615314060236,candidate,1,2,2724609374.0708923,2728133694.1312594,0.0001727239415139121,7.102646074075798,-3.6549608271567724,52.3125,False,refined,0.6630381405859286,NULL,3.0,133.8638383169322,131.69279332576477,130.45080017634626,1.241993149418505,NULL,0,130.45080017634626,NULL,False
549,0.00018434615314060236,candidate,2,3,3046874998.9609976,3046112125.7147655,0.00017253293358808716,7.093035409943562,-3.664571491289008,58.5,False,refined,0.6650804067140287,NULL,3.0,133.8658805830603,131.69279332576477,130.45080017634626,1.241993149418505,NULL,0,130.45080017634626,NULL,False
549,0.00018434615314060236,candidate,3,4,3466796873.817802,3462100703.630793,0.00017247650621974786,7.094051306320326,-3.667412699915671,66.5625,False,refined,0.6651055977966805,NULL,3.0,133.86590577414293,131.69279332576477,130.45080017634626,1.241993149418505,NULL,0,130.45080017634626,NULL,False
549,0.00018434615314060236,candidate,4,5,1396484374.5237906,1397853258.375094,0.00016261556294233455,6.60295861420253,-4.1787694872196735,26.8125,False,refined,0.7707293008208501,NULL,3.0,133.9715294771671,131.69279332576477,130.45080017634626,1.241993149418505,NULL,0,130.45080017634626,NULL,False
549,0.00018434615314060236,NULL,5,0,nan,nan,nan,nan,nan,nan,False,NULL,0.25,NULL,0.0,130.45080017634626,131.69279332576477,130.45080017634626,1.241993149418505,NULL,0,130.45080017634626,NULL,True
550,0.00018434935314060345,candidate,0,1,3203124998.9077153,3204513050.9068966,0.00027391460740107556,10.521648204879623,1.4600216237099328,61.49999999999999,False,refined,0.0,rank_1,0.009233303990979843,131.70202662975575,131.70202662975575,130.70080017634626,1.0012264534094868,NULL,0,130.70080017634626,NULL,False
550,0.00018434935314060345,candidate,1,2,3056640623.9576674,3054950046.011585,0.00023153364660778188,9.00364381342401,-1.4600216237099328,58.68749999999999,False,refined,0.2407047794682694,NULL,3.0,133.69150495581454,131.70202662975575,130.70080017634626,1.0012264534094868,NULL,0,130.70080017634626,NULL,False
550,0.00018434935314060345,candidate,2,3,3437499998.827792,3442024184.7667556,0.00020827974457896957,8.16766809147179,-2.379363132924679,66.0,False,refined,0.42355998208702406,NULL,3.0,133.8743601584333,131.70202662975575,130.70080017634626,1.0012264534094868,NULL,0,130.70080017634626,NULL,False
550,0.00018434935314060345,candidate,3,4,1874999999.3606138,1879103706.970233,0.00020514674090362807,8.066434123666975,-2.5110114237961234,36.0,False,refined,0.44697309543721153,NULL,3.0,133.89777327178348,131.70202662975575,130.70080017634626,1.0012264534094868,NULL,0,130.70080017634626,NULL,False
550,0.00018434935314060345,candidate,4,5,58593749.98001918,nan,0.0001964475985963427,7.444304381050557,-2.887369375138613,1.125,True,boundary_peak,2.2825649287885796,NULL,3.0,135.73336510513485,131.70202662975575,130.70080017634626,1.0012264534094868,NULL,0,130.70080017634626,NULL,False
550,0.00018434935314060345,NULL,5,0,nan,nan,nan,nan,nan,nan,False,NULL,0.25,NULL,0.0,130.70080017634626,131.70202662975575,130.70080017634626,1.0012264534094868,NULL,0,130.70080017634626,NULL,True
551,0.00018435255314060454,candidate,0,1,3193359373.9110456,3191359656.609795,0.00032769598565628936,12.654431323271549,3.2030608187882503,61.3125,False,refined,0.0,rank_1,0.017301178153502222,131.71932780790925,131.71932780790925,130.95080017634626,0.7685276315629892,NULL,0,130.95080017634626,NULL,False
551,0.00018435255314060454,candidate,1,2,3076171873.9510074,3071581881.93399,0.0002266303556274051,9.609330357846533,-3.2030608187882503,59.0625,False,refined,0.25879174749728573,rank_1,1.7670695684503446,133.7278879457034,131.71932780790925,130.95080017634626,0.7685276315629892,NULL,0,130.95080017634626,NULL,False
551,0.00018435255314060454,candidate,2,3,3427734373.8311224,3430651196.805282,0.0002161171354416849,9.003279815475569,-3.615638374726018,65.8125,False,refined,0.3754854260990408,NULL,3.0,134.0762856024453,131.71932780790925,130.95080017634626,0.7685276315629892,NULL,0,130.95080017634626,NULL,False
551,0.00018435255314060454,candidate,3,4,1894531249.3539536,1893955434.7256858,0.00020812660854514076,8.838310848886994,-3.94287027657354,36.375,False,refined,0.4206827649527971,NULL,3.0,134.12148294129906,131.71932780790925,130.95080017634626,0.7685276315629892,NULL,0,130.95080017634626,NULL,False
551,0.00018435255314060454,candidate,4,5,58593749.98001918,nan,0.00018466556239757497,7.5674085435249605,-4.9817041641844195,1.125,True,boundary_peak,2.3949952287327823,NULL,3.0,136.09579540507906,131.71932780790925,130.95080017634626,0.7685276315629892,NULL,0,130.95080017634626,NULL,False
551,0.00018435255314060454,NULL,5,0,nan,nan,nan,nan,nan,nan,False,NULL,0.25,NULL,0.0,130.95080017634626,131.71932780790925,130.95080017634626,0.7685276315629892,NULL,0,130.95080017634626,NULL,True
552,0.00018435575314060563,candidate,0,1,3183593748.914376,3187194544.7957535,0.00037117046007704264,14.426375255962665,4.982093746466036,61.125,False,refined,0.0,rank_1,0.001734815642346903,131.7210626235516,131.7210626235516,131.20080017634626,0.5202624472053401,NULL,0,131.20080017634626,NULL,False
552,0.00018435575314060563,candidate,1,2,3417968748.8344526,3421257563.174626,0.00020915522477820659,9.184561736680381,-4.982093746466036,65.625,False,refined,0.4336965986520701,NULL,3.0,134.38449677499833,131.7210626235516,131.20080017634626,0.5202624472053401,NULL,0,131.20080017634626,NULL,False
552,0.00018435575314060563,candidate,2,3,5419921873.151774,5417582160.914585,0.00017777539028008936,8.032339966457522,-6.394035289505142,104.0625,False,refined,0.694776210625443,NULL,3.0,134.6455763869717,131.7210626235516,131.20080017634626,0.5202624472053401,NULL,0,131.20080017634626,NULL,False
552,0.00018435575314060563,candidate,3,4,712890624.7569001,711951411.5323628,0.00017667982291341399,7.930238481964924,-6.447728998538693,13.6875,False,refined,0.7134472901139297,NULL,3.0,134.66424746646018,131.7210626235516,131.20080017634626,0.5202624472053401,NULL,0,131.20080017634626,NULL,False
552,0.00018435575314060563,candidate,4,5,839843749.7136084,841642867.353288,0.000163412904182588,7.26593764373332,-7.125741137075643,16.125,False,refined,0.8554681745072297,NULL,3.0,134.8062683508535,131.7210626235516,131.20080017634626,0.5202624472053401,NULL,0,131.20080017634626,NULL,False
552,0.00018435575314060563,NULL,5,0,nan,nan,nan,nan,nan,nan,False,NULL,0.25,NULL,0.0,131.20080017634626,131.7210626235516,131.20080017634626,0.5202624472053401,NULL,0,131.20080017634626,NULL,True
553,0.00018435895314060672,candidate,0,1,3193359373.9110456,3196864907.512063,0.0003323471701306561,14.392057102482125,4.133988647022697,61.3125,False,refined,0.0,rank_1,0.009351591506498976,131.7304142150581,131.7304142150581,131.45080017634626,0.2796140387118271,NULL,0,131.45080017634626,NULL,False
553,0.00018435895314060672,candidate,1,2,3417968748.8344526,3420110271.2029657,0.00020648692311221915,10.119155396440833,-4.133988647022697,65.625,False,refined,0.2583742904389186,NULL,3.0,134.45917446678519,131.7304142150581,131.45080017634626,0.2796140387118271,NULL,0,131.45080017634626,NULL,False
553,0.00018435895314060672,candidate,2,3,58593749.98001918,nan,0.00015706676432502726,7.731279370949675,-6.510153762156525,1.125,True,boundary_peak,2.4659427044923317,NULL,3.0,136.6667428808386,131.7304142150581,131.45080017634626,0.2796140387118271,NULL,0,131.45080017634626,NULL,False
553,0.00018435895314060672,candidate,3,4,5429687498.148444,5434563351.000742,0.00015550315856789748,7.679003175806711,-6.597055407759367,104.24999999999999,False,refined,0.7604654866139537,NULL,3.0,134.96126566296022,131.7304142150581,131.45080017634626,0.2796140387118271,NULL,0,131.45080017634626,NULL,False
553,0.00018435895314060672,candidate,4,5,703124999.7602302,702169364.6875724,0.00014911480208233238,7.340812178461169,-6.961424575484152,13.499999999999998,False,refined,0.8339672091985841,NULL,3.0,135.03476738554485,131.7304142150581,131.45080017634626,0.2796140387118271,NULL,0,131.45080017634626,NULL,False
553,0.00018435895314060672,NULL,5,0,nan,nan,nan,nan,nan,nan,False,NULL,0.25,NULL,0.0,131.45080017634626,131.7304142150581,131.45080017634626,0.2796140387118271,NULL,0,131.45080017634626,NULL,True
554,0.00018436215314060781,candidate,0,1,3242187498.894395,3237843611.3896313,0.0002129047383761234,11.529897898004071,0.2789543863502608,62.25,False,refined,0.0,rank_1,0.16792541714854267,131.89833963220664,131.89833963220664,131.70080017634626,0.19753945586037958,NULL,0,131.70080017634626,NULL,False
554,0.00018436215314060781,candidate,1,2,58593749.98001918,nan,0.00020617576175553176,11.20019589019468,-0.2789543863502608,1.125,True,boundary_peak,1.7361846491468913,NULL,3.0,136.18698482549314,131.89833963220664,131.70080017634626,0.19753945586037958,NULL,0,131.70080017634626,NULL,False
554,0.00018436215314060781,candidate,2,3,3417968748.8344526,3416806126.6051874,0.00018452367458513617,10.287233245564993,-1.2426646524390783,65.625,False,refined,0.0776665407774424,NULL,3.0,134.5284667171237,131.89833963220664,131.70080017634626,0.19753945586037958,NULL,0,131.70080017634626,NULL,False
554,0.00018436215314060781,candidate,3,4,2490234374.1508155,2488417077.435723,0.00014492520109077604,8.072294764505203,-3.3408283098232516,47.8125,False,refined,0.4979575546881727,NULL,3.0,134.94875773103445,131.89833963220664,131.70080017634626,0.19753945586037958,NULL,0,131.70080017634626,NULL,False
554,0.00018436215314060781,candidate,4,5,1533203124.4771688,1536092861.3721464,0.00013475881946922136,7.440560486862298,-3.9725625874661574,29.437500000000004,False,refined,0.6322010886872902,NULL,3.0,135.08300126503354,131.89833963220664,131.70080017634626,0.19753945586037958,NULL,0,131.70080017634626,NULL,False
554,0.00018436215314060781,NULL,5,0,nan,nan,nan,nan,nan,nan,False,NULL,0.25,NULL,0.0,131.70080017634626,131.89833963220664,131.70080017634626,0.19753945586037958,NULL,0,131.70080017634626,NULL,True
555,0.0001843653531406089,candidate,0,1,3105468748.9410167,3100690414.5334077,0.0001826443589425782,9.99060142344927,0.060866215314661076,59.62499999999999,False,refined,0.0014097864826094764,rank_1,1.8810999407882019,133.78084935947746,132.12293369160034,131.95080017634626,0.1721335152540746,NULL,0,131.95080017634626,NULL,False
555,0.0001843653531406089,candidate,1,2,3281249998.8810744,3284831899.3916993,0.0001813689557857898,10.00795315577907,-0.060866215314661076,63.0,False,refined,0.0038041384571663173,rank_1,0.22078992093652913,132.12293369160034,132.12293369160034,131.95080017634626,0.1721335152540746,NULL,0,131.95080017634626,NULL,False
555,0.0001843653531406089,candidate,2,3,58593749.98001918,nan,0.00016985987580871604,9.266609992485542,-0.6303092229120111,1.125,True,boundary_peak,1.8681528275591694,NULL,3.0,136.56895300390542,132.12293369160034,131.95080017634626,0.1721335152540746,NULL,0,131.95080017634626,NULL,False
555,0.0001843653531406089,candidate,3,4,4990234373.298301,4994438502.437986,0.0001547171804564408,8.506327597401073,-1.4413544214691587,95.8125,False,refined,0.31413551173166143,NULL,3.0,135.0149356880779,132.12293369160034,131.95080017634626,0.1721335152540746,NULL,0,131.95080017634626,NULL,False
555,0.0001843653531406089,candidate,4,5,3789062498.707907,3790831079.509305,0.00015239364260497204,8.378931698867955,-1.5727882683179217,72.75,False,refined,0.34145951193967683,NULL,3.0,135.04225968828595,132.12293369160034,131.95080017634626,0.1721335152540746,NULL,0,131.95080017634626,NULL,False
555,0.0001843653531406089,NULL,5,0,nan,nan,nan,nan,nan,nan,False,NULL,0.25,NULL,0.0,131.95080017634626,132.12293369160034,131.95080017634626,0.1721335152540746,NULL,0,131.95080017634626,NULL,True
556,0.00018436855314061,candidate,0,1,3281249998.8810744,3281775428.878889,0.00026031024678003877,12.86242667394868,1.9860285901501396,63.0,False,refined,0.0,rank_2,0.0009342011995678433,132.1238678927999,132.1238678927999,132.20080017634626,-0.07693228354636972,NULL,0,132.20080017634626,NULL,False
556,0.00018436855314061,candidate,1,2,3134765623.9310265,3131047621.3392377,0.00020710464257094193,10.902133791351956,-1.9860285901501396,60.1875,False,refined,0.12412678688438372,rank_1,0.09215600050519313,133.99713214686702,132.1238678927999,132.20080017634626,-0.07693228354636972,NULL,0,132.20080017634626,NULL,False
556,0.00018436855314061,candidate,2,3,4999999998.2949705,5004137069.741223,0.00019055743502684625,10.14787279426585,-2.709307309562252,96.0,False,refined,0.16933170684764076,NULL,3.0,135.1201318831939,132.1238678927999,132.20080017634626,-0.07693228354636972,NULL,0,132.20080017634626,NULL,False
556,0.00018436855314061,candidate,3,4,3798828123.704577,3801859094.99296,0.00018013382781604433,9.664506952241059,-3.1979197217076205,72.9375,False,refined,0.2501939397705675,NULL,3.0,135.20099411611682,132.1238678927999,132.20080017634626,-0.07693228354636972,NULL,0,132.20080017634626,NULL,False
556,0.00018436855314061,candidate,4,5,4550781248.448156,4554273898.52309,0.00016565519960136475,8.936702838273494,-3.9257238356751856,87.37499999999999,False,refined,0.40485231398867505,NULL,3.0,135.35565249033493,132.1238678927999,132.20080017634626,-0.07693228354636972,NULL,0,132.20080017634626,NULL,False
556,0.00018436855314061,NULL,5,0,nan,nan,nan,nan,nan,nan,False,NULL,0.25,NULL,0.0,132.20080017634626,132.1238678927999,132.20080017634626,-0.07693228354636972,NULL,0,132.20080017634626,NULL,True
557,0.0001843717531406111,candidate,0,1,3232421873.897725,3232832404.631895,0.000433595569126676,16.770453670101276,4.5738397356306315,62.0625,False,refined,0.0,rank_1,0.23954196224418448,132.36340985504407,132.36340985504407,132.45080017634626,-0.0873903213021947,NULL,0,132.45080017634626,NULL,False
557,0.0001843717531406111,candidate,1,2,5009765623.29164,5011749591.698697,0.00018233459537019548,9.09027014971322,-7.524315158503372,96.1875,False,refined,0.6067291749494778,rank_3,0.005795049055302004,135.73265610719866,132.36340985504407,132.45080017634626,-0.0873903213021947,NULL,0,132.45080017634626,NULL,False
557,0.0001843717531406111,candidate,2,3,3808593748.701247,3807916504.46799,0.00016988920050487914,8.465090605757117,-8.138381259351029,73.125,False,refined,0.7388852378458717,NULL,3.0,135.93968541419213,132.36340985504407,132.45080017634626,-0.0873903213021947,NULL,0,132.45080017634626,NULL,False
557,0.0001843717531406111,candidate,3,4,58593749.98001918,nan,0.0001695222249458339,8.304643098749995,-8.157163835356469,1.125,True,boundary_peak,2.48287627489728,NULL,3.0,137.68367645124354,132.36340985504407,132.45080017634626,-0.0873903213021947,NULL,0,132.45080017634626,NULL,False
557,0.0001843717531406111,candidate,4,5,732421874.7502398,734012486.863509,0.00014155507197232228,7.0909035455780955,-9.723188012408084,14.0625,False,refined,1.044063718938791,NULL,3.0,136.24486389528505,132.36340985504407,132.45080017634626,-0.0873903213021947,NULL,0,132.45080017634626,NULL,False
557,0.0001843717531406111,NULL,5,0,nan,nan,nan,nan,nan,nan,False,NULL,0.25,NULL,0.0,132.45080017634626,132.36340985504407,132.45080017634626,-0.0873903213021947,NULL,0,132.45080017634626,NULL,True
558,0.00018437495314061218,candidate,0,1,3193359373.9110456,3193223676.895858,0.0006090764400783329,18.73576546433208,7.148867146751936,61.3125,False,refined,0.0,rank_1,0.15688513128675266,132.5202949863308,132.5202949863308,132.70080017634626,-0.1805051900154524,NULL,0,132.70080017634626,NULL,False
558,0.00018437495314061218,candidate,1,2,693359374.7635604,689365572.4243546,0.00019461445864389838,8.702508910264415,-9.909933964066964,13.3125,False,refined,0.813994536214523,NULL,3.0,136.26479471256079,132.5202949863308,132.70080017634626,-0.1805051900154524,NULL,0,132.70080017634626,NULL,False
558,0.00018437495314061218,candidate,2,3,58593749.98001918,nan,0.00017156796698312513,7.355174910676396,-11.004711912904561,1.125,True,boundary_peak,2.8032682579550756,NULL,3.0,138.25406843430133,132.5202949863308,132.70080017634626,-0.1805051900154524,NULL,0,132.70080017634626,NULL,False
558,0.00018437495314061218,candidate,3,4,3388671873.844443,3388449381.4683604,0.0001707405076932663,7.5242037889102065,-11.04670464520586,65.0625,False,refined,1.0617884719888353,rank_1,2.4216643479721,135.846862675005,132.5202949863308,132.70080017634626,-0.1805051900154524,NULL,0,132.70080017634626,NULL,False
558,0.00018437495314061218,candidate,4,5,5009765623.29164,5012257165.1026745,0.0001495966308570921,6.259864688939922,-12.194999760895735,96.1875,False,refined,1.3110202966590117,NULL,3.0,136.7618204730053,132.5202949863308,132.70080017634626,-0.1805051900154524,NULL,0,132.70080017634626,NULL,False
558,0.00018437495314061218,NULL,5,0,nan,nan,nan,nan,nan,nan,False,NULL,0.25,NULL,0.0,132.70080017634626,132.5202949863308,132.70080017634626,-0.1805051900154524,NULL,0,132.70080017634626,NULL,True
559,0.00018437815314061327,candidate,0,1,3183593748.914376,3179839522.9993024,0.0005557337989768097,16.866687214884735,7.040299252523505,61.125,False,refined,0.0,rank_1,0.01791355755266797,132.53820854388348,132.53820854388348,132.95080017634626,-0.4125916324627781,NULL,0,132.95080017634626,NULL,False
559,0.00018437815314061327,candidate,1,2,3330078123.8644238,3330913769.2374916,0.00024708811041035535,9.82638796236123,-7.040299252523505,63.9375,False,refined,0.4660605089285347,rank_1,1.8958561529047644,134.88221164816412,132.53820854388348,132.95080017634626,-0.4125916324627781,NULL,0,132.95080017634626,NULL,False
559,0.00018437815314061327,candidate,2,3,683593749.7668905,682857172.999818,0.0001900361924784386,7.376937131944805,-9.320609807619187,13.125,False,refined,0.9759975431844784,NULL,3.0,136.67679771953075,132.53820854388348,132.95080017634626,-0.4125916324627781,NULL,0,132.95080017634626,NULL,False
559,0.00018437815314061327,candidate,3,4,3544921873.7911606,3541192114.283456,0.0001761517058458382,6.887088063619942,-9.979599151264793,68.0625,False,refined,1.0906617374110583,NULL,3.0,136.79146191375733,132.53820854388348,132.95080017634626,-0.4125916324627781,NULL,0,132.95080017634626,NULL,False
559,0.00018437815314061327,candidate,4,5,1972656249.3273125,1973112892.0574825,0.00016003264056854043,5.968885778792217,-10.81316479106233,37.875,False,refined,1.2804899326225632,NULL,3.0,136.98129010896884,132.53820854388348,132.95080017634626,-0.4125916324627781,NULL,0,132.95080017634626,NULL,False
559,0.00018437815314061327,NULL,5,0,nan,nan,nan,nan,nan,nan,False,NULL,0.25,NULL,0.0,132.95080017634626,132.53820854388348,132.95080017634626,-0.4125916324627781,NULL,0,132.95080017634626,NULL,True
560,0.00018438135314061436,candidate,0,1,3183593748.914376,3180522846.201457,0.00033966941392698683,13.345059042047609,3.9576271664884555,61.125,False,refined,0.0,rank_1,4.6693059860286604e-05,132.53825523694334,132.53825523694334,133.20080017634626,-0.6625449394029204,NULL,0,133.20080017634626,NULL,False
560,0.00018438135314061436,candidate,1,2,3349609373.8577633,3349559700.9342422,0.00021536497924822082,9.36680669966596,-3.9576271664884555,64.3125,False,refined,0.34233069295563456,rank_2,0.03476707688398903,135.25930941800374,132.53825523694334,133.20080017634626,-0.6625449394029204,NULL,0,133.20080017634626,NULL,False
560,0.00018438135314061436,candidate,2,3,1259765624.5704124,1259337094.8759584,0.00017699087958526695,7.662322779507624,-5.6621110866467905,24.187499999999996,False,refined,0.7045335259892808,NULL,3.0,136.65533370233555,132.53825523694334,133.20080017634626,-0.6625449394029204,NULL,0,133.20080017634626,NULL,False
560,0.00018438135314061436,candidate,3,4,3505859373.8044815,3507702784.7124047,0.00017510592715903238,7.602226692123155,-5.755111902606211,67.3125,False,refined,0.7193604900944149,NULL,3.0,136.67016066644067,132.53825523694334,133.20080017634626,-0.6625449394029204,NULL,0,133.20080017634626,NULL,False
560,0.00018438135314061436,candidate,4,5,917968749.6869673,913392239.6722473,0.0001711094538371742,7.389410305697339,-5.95564873635027,17.625,False,refined,0.763816500167291,NULL,3.0,136.71461667651354,132.53825523694334,133.20080017634626,-0.6625449394029204,NULL,0,133.20080017634626,NULL,False
560,0.00018438135314061436,NULL,5,0,nan,nan,nan,nan,nan,nan,False,NULL,0.25,NULL,0.0,133.20080017634626,132.53825523694334,133.20080017634626,-0.6625449394029204,NULL,0,133.20080017634626,NULL,True
561,0.00018438455314061545,candidate,0,1,1259765624.5704124,1255997395.6802378,0.0002171515827338572,10.021253211486378,1.0658481075064241,24.187499999999996,False,refined,0.0,NULL,3.0,136.20080017634626,132.92683549761207,133.45080017634626,-0.5239646787341883,NULL,0,133.45080017634626,NULL,False
561,0.00018438455314061545,candidate,1,2,927734374.6836371,928490624.2540069,0.00019207489026368892,8.86943588295499,-1.0658481075064241,17.8125,False,refined,0.23620012427590298,NULL,3.0,136.43700030062217,132.92683549761207,133.45080017634626,-0.5239646787341883,NULL,0,133.45080017634626,NULL,False
561,0.00018438455314061545,candidate,2,3,4052734373.617994,4054105784.8962,0.00019096899938848448,8.822739926961543,-1.116002531280973,77.8125,False,refined,0.24633916916082943,NULL,3.0,136.44713934550708,132.92683549761207,133.45080017634626,-0.5239646787341883,NULL,0,133.45080017634626,NULL,False
561,0.00018438455314061545,candidate,3,4,3085937498.947677,3089609348.640444,0.00019018519027355423,8.79578108212736,-1.1517260744085878,59.25,False,refined,0.2526157173314326,rank_1,0.8265264038776358,133.6173973581524,132.92683549761207,133.45080017634626,-0.5239646787341883,NULL,0,133.45080017634626,NULL,False
561,0.00018438455314061545,candidate,4,5,3203124998.9077153,3206377223.3071923,0.00018319484367589588,8.470512085493214,-1.4769950710427349,61.49999999999999,False,refined,0.3217353791161889,rank_1,0.06684488155255698,132.92683549761207,132.92683549761207,133.45080017634626,-0.5239646787341883,NULL,0,133.45080017634626,NULL,False
561,0.00018438455314061545,NULL,5,0,nan,nan,nan,nan,nan,nan,False,NULL,0.25,NULL,0.0,133.45080017634626,132.92683549761207,133.45080017634626,-0.5239646787341883,NULL,0,133.45080017634626,NULL,True
562,0.00018438775314061654,candidate,0,1,3330078123.8644238,3331708092.6305857,0.0001904923293179982,9.000878799837935,0.680904874036008,63.9375,False,refined,0.1498681800243098,rank_5,1.5707826805357499,134.64748635817213,134.64748635817213,133.70080017634626,0.9466861818258678,NULL,0,133.70080017634626,NULL,False
562,0.00018438775314061654,candidate,1,2,2578124999.1208444,2579760572.7800636,0.00017612955938132316,8.36508925605373,-0.680904874036008,49.5,False,refined,0.28779316621919093,NULL,3.0,136.73859334256545,134.64748635817213,133.70080017634626,0.9466861818258678,NULL,0,133.70080017634626,NULL,False
562,0.00018438775314061654,candidate,2,3,1249999999.5737426,1248442854.2926018,0.00017504253550887556,8.266200863059519,-0.7346779367784162,24.0,False,refined,0.30598724158972324,rank_1,0.005707109557750445,136.51249452749374,134.64748635817213,133.70080017634626,0.9466861818258678,NULL,0,133.70080017634626,NULL,False
562,0.00018438775314061654,candidate,3,4,4082031248.608003,4080819294.6684227,0.000167552866617028,7.886366202341195,-1.1145125974967396,78.375,False,refined,0.38670210699236696,NULL,3.0,136.83750228333864,134.64748635817213,133.70080017634626,0.9466861818258678,NULL,0,133.70080017634626,NULL,False
562,0.00018438775314061654,candidate,4,5,937499999.6803069,935065726.2405084,0.00016626256730746446,7.744907650624784,-1.18166020110972,18.0,False,refined,0.4121176149756399,rank_2,0.004323196613289696,136.8534411122111,134.64748635817213,133.70080017634626,0.9466861818258678,NULL,0,133.70080017634626,NULL,False
562,0.00018438775314061654,NULL,5,0,nan,nan,nan,nan,nan,nan,False,NULL,0.25,NULL,0.0,133.70080017634626,134.64748635817213,133.70080017634626,0.9466861818258678,NULL,0,133.70080017634626,NULL,True
563,0.00018439095314061764,candidate,0,1,4443359373.484788,4445514911.807599,0.0002117139258555292,10.133298109152493,0.049215095796109054,85.3125,False,refined,0.0,NULL,3.0,136.70080017634626,134.6995510706033,133.95080017634626,0.7487508942570287,NULL,0,133.95080017634626,NULL,False
563,0.00018439095314061764,candidate,1,2,3310546873.871084,3309574685.9917717,0.00021051772624459115,10.034702147037162,-0.049215095796109054,63.56250000000001,False,refined,0.003075943487256816,rank_1,0.04898876894390945,134.6995510706033,134.6995510706033,133.95080017634626,0.7487508942570287,NULL,0,133.95080017634626,NULL,False
563,0.00018439095314061764,candidate,2,3,3691406248.7412086,3695564686.305267,0.00018300487485333586,8.78287098242966,-1.2657353378644043,70.875,False,refined,0.26167781125207623,NULL,3.0,136.96247798759833,134.6995510706033,133.95080017634626,0.7487508942570287,NULL,0,133.95080017634626,NULL,False
563,0.00018439095314061764,candidate,3,4,3066406248.9543376,3071065780.3433843,0.00015679373222698268,7.386601948798841,-2.608414550238498,58.87500000000001,False,refined,0.55503561707008,NULL,3.0,137.25583579341634,134.6995510706033,133.95080017634626,0.7487508942570287,NULL,0,133.95080017634626,NULL,False
563,0.00018439095314061764,candidate,4,5,58593749.98001918,nan,0.00015632109258702188,7.3272868930370905,-2.63463687217242,1.125,True,boundary_peak,2.284321770555213,NULL,3.0,138.98512194690147,134.6995510706033,133.95080017634626,0.7487508942570287,NULL,0,133.95080017634626,NULL,False
563,0.00018439095314061764,NULL,5,0,nan,nan,nan,nan,nan,nan,False,NULL,0.25,NULL,0.0,133.95080017634626,134.6995510706033,133.95080017634626,0.7487508942570287,NULL,0,133.95080017634626,NULL,True
564,0.00018439415314061873,candidate,0,1,4453124998.481458,4450096142.271494,0.0002612002712696958,11.868914558508408,2.431832327135659,85.49999999999999,False,refined,0.0,rank_1,0.002098767256331817,136.7028989436026,135.00223370475175,134.20080017634626,0.8014335284054823,NULL,0,134.20080017634626,NULL,False
564,0.00018439415314061873,candidate,1,2,58593749.98001918,nan,0.00019741584508465435,9.295819895439887,-2.431832327135659,1.125,True,boundary_peak,1.9763665361299956,NULL,3.0,138.92716671247626,135.00223370475175,134.20080017634626,0.8014335284054823,NULL,0,134.20080017634626,NULL,False
564,0.00018439415314061873,candidate,2,3,3691406248.7412086,3695646575.9077215,0.0001966713431682398,9.47028654138876,-2.4646507965874065,70.875,False,refined,0.233497693578399,NULL,3.0,137.18429786992465,135.00223370475175,134.20080017634626,0.8014335284054823,NULL,0,134.20080017634626,NULL,False
564,0.00018439415314061873,candidate,3,4,3310546873.871084,3315338544.5242233,0.00019093016437159076,9.138422792456717,-2.7219815439798456,63.56250000000001,False,refined,0.29936042763023274,rank_2,0.003322206518211545,135.00223370475175,135.00223370475175,134.20080017634626,0.8014335284054823,NULL,0,134.20080017634626,NULL,False
564,0.00018439415314061873,candidate,4,5,3066406248.9543376,3065115463.912567,0.00018298170128341218,8.698097201487629,-3.0913192496669684,58.87500000000001,False,refined,0.3884928728810412,NULL,3.0,137.3392930492273,135.00223370475175,134.20080017634626,0.8014335284054823,NULL,0,134.20080017634626,NULL,False
564,0.00018439415314061873,NULL,5,0,nan,nan,nan,nan,nan,nan,False,NULL,0.25,NULL,0.0,134.20080017634626,135.00223370475175,134.20080017634626,0.8014335284054823,NULL,0,134.20080017634626,NULL,True
565,0.00018439735314061982,candidate,0,1,4453124998.481458,4453399145.16071,0.00023059966361208624,10.086135947743653,1.7131384943632266,85.49999999999999,False,refined,0.0,rank_1,0.0010909828086172037,136.70398992641123,136.70398992641123,134.45080017634626,2.253189750064962,NULL,0,134.45080017634626,NULL,False
565,0.00018439735314061982,candidate,1,2,2695312499.0808825,2694880943.604548,0.00018932228814999813,8.431016280180925,-1.7131384943632266,51.75,False,refined,0.3424187138705629,NULL,3.0,137.54321889021682,136.70398992641123,134.45080017634626,2.253189750064962,NULL,0,134.45080017634626,NULL,False
565,0.00018439735314061982,candidate,2,3,3095703123.944347,3096163708.3568425,0.00018667795266584595,8.308841970836776,-1.8353128037073763,59.4375,False,refined,0.3683807546061947,NULL,3.0,137.56918093095246,136.70398992641123,134.45080017634626,2.253189750064962,NULL,0,134.45080017634626,NULL,False
565,0.00018439735314061982,candidate,3,4,58593749.98001918,nan,0.00017006770985564796,7.281354589178202,-2.6447361184484297,1.125,True,boundary_peak,2.2918428190262965,NULL,3.0,139.49264299537256,136.70398992641123,134.45080017634626,2.253189750064962,NULL,0,134.45080017634626,NULL,False
565,0.00018439735314061982,candidate,4,5,3691406248.7412086,3695902696.0778866,0.0001625457550254315,7.08313601698725,-3.0376607459453098,70.875,False,refined,0.6273833940734943,rank_3,6.559754156538029e-06,137.8116878237523,136.70398992641123,134.45080017634626,2.253189750064962,NULL,0,134.45080017634626,NULL,False
565,0.00018439735314061982,NULL,5,0,nan,nan,nan,nan,nan,nan,False,NULL,0.25,NULL,0.0,134.45080017634626,136.70398992641123,134.45080017634626,2.253189750064962,NULL,0,134.45080017634626,NULL,True
566,0.0001844005531406209,candidate,0,1,3144531248.927696,3142921496.52523,0.0002678743394290736,11.759116865493429,2.907807442434782,60.375,False,refined,0.0,NULL,3.0,137.45080017634626,137.14295611360782,134.70080017634626,2.4421559372615604,rank_1,1,137.45080017634626,NULL,True
566,0.0001844005531406209,candidate,1,2,2675781249.087543,2671684694.781257,0.00019166408535227053,8.851309423058646,-2.907807442434782,51.375,False,refined,0.3540415516933769,NULL,3.0,137.80484172803963,137.14295611360782,134.70080017634626,2.4421559372615604,rank_1,1,137.45080017634626,NULL,False
566,0.0001844005531406209,candidate,2,3,4443359373.484788,4442677673.813407,0.00018631518725018082,8.464215848759427,-3.153657115606663,85.3125,False,refined,0.42747119241150244,rank_1,0.011494994785104759,137.14295611360782,137.14295611360782,134.70080017634626,2.4421559372615604,rank_1,1,137.45080017634626,NULL,False
566,0.0001844005531406209,candidate,3,4,2246093749.234069,2248783615.3679843,0.00017846497292199026,8.041784973794401,-3.527562453385107,43.125,False,refined,0.514204907267409,NULL,3.0,137.96500508361368,137.14295611360782,134.70080017634626,2.4421559372615604,rank_1,1,137.45080017634626,NULL,False
566,0.0001844005531406209,candidate,4,5,58593749.98001918,nan,0.00015889927797752075,6.964533005185203,-4.53618378543295,1.125,True,boundary_peak,2.457581535811779,NULL,3.0,139.90838171215805,137.14295611360782,134.70080017634626,2.4421559372615604,rank_1,1,137.45080017634626,NULL,False
566,0.0001844005531406209,NULL,5,0,nan,nan,nan,nan,nan,nan,False,NULL,0.25,NULL,0.0,134.70080017634626,137.14295611360782,134.70080017634626,2.4421559372615604,rank_1,1,137.45080017634626,NULL,False
567,0.000184403753140622,candidate,0,1,3164062498.9210362,3167001568.048206,0.00030266739997458254,13.044073965507073,4.179775245529145,60.75000000000001,False,refined,0.0,rank_1,0.05798498445516359,137.50878516080144,137.50878516080144,134.95080017634626,2.5579849844551745,rank_1,1,137.50878516080144,rank_1,True
567,0.000184403753140622,candidate,1,2,2236328124.237399,2240416484.5831585,0.00018705825719372583,8.748653451862332,-4.179775245529145,42.9375,False,refined,0.4489379350662218,NULL,3.0,138.1497381114125,137.50878516080144,134.95080017634626,2.5579849844551745,rank_1,1,137.50878516080144,rank_1,False
567,0.000184403753140622,candidate,2,3,2666015624.090873,2670366800.0783157,0.00017938546230450328,8.30413138819356,-4.543568036604944,51.18749999999999,False,refined,0.5383532940587749,NULL,3.0,138.23915347040503,137.50878516080144,134.95080017634626,2.5579849844551745,rank_1,1,137.50878516080144,rank_1,False
567,0.000184403753140622,candidate,3,4,4423828123.491448,4423921227.926004,0.0001625629635384028,7.502660818888689,-5.398880762260321,84.9375,False,refined,0.7120309248079667,rank_3,0.035180426232705946,137.8901674646485,137.50878516080144,134.95080017634626,2.5579849844551745,rank_1,1,137.50878516080144,rank_1,False
567,0.000184403753140622,candidate,4,5,58593749.98001918,nan,0.00016119750492046082,7.332870040391439,-5.472146613637108,1.125,True,boundary_peak,2.4608286572936033,NULL,3.0,140.16162883363987,137.50878516080144,134.95080017634626,2.5579849844551745,rank_1,1,137.50878516080144,rank_1,False
567,0.000184403753140622,NULL,5,0,nan,nan,nan,nan,nan,nan,False,NULL,0.25,NULL,0.0,134.95080017634626,137.50878516080144,134.95080017634626,2.5579849844551745,rank_1,1,137.50878516080144,rank_1,False
568,0.0001844069531406231,candidate,0,1,3212890623.9043856,3215215612.6925416,0.00026247826169902835,12.578846480776056,1.717922098751794,61.68750000000001,False,refined,0.0,rank_1,0.23245941009660004,137.74124457089803,137.74124457089803,135.20080017634626,2.54044439455177,rank_1,1,137.74124457089803,rank_1,True
568,0.0001844069531406231,candidate,1,2,3095703123.944347,3100349032.2565303,0.00021537596496912088,10.9743105446098,-1.717922098751794,59.4375,False,refined,0.10737013117198713,NULL,3.0,138.05817030751825,137.74124457089803,135.20080017634626,2.54044439455177,rank_1,1,137.74124457089803,rank_1,False
568,0.0001844069531406231,candidate,2,3,2685546874.084213,2682227669.051245,0.00018476888744747413,9.515034433623386,-3.049289948327907,51.5625,False,refined,0.26332545672698626,NULL,3.0,138.21412563307325,137.74124457089803,135.20080017634626,2.54044439455177,rank_1,1,137.74124457089803,rank_1,False
568,0.0001844069531406231,candidate,3,4,2246093749.234069,2250213773.20836,0.00015339892798124882,7.913426148288414,-4.665420332487642,43.125,False,refined,0.6045748485372155,NULL,3.0,138.5553750248835,137.74124457089803,135.20080017634626,2.54044439455177,rank_1,1,137.74124457089803,rank_1,False
568,0.0001844069531406231,candidate,4,5,1054687499.6403453,1058295242.2315104,0.00014578752729944695,7.456864956939651,-5.107459425011642,20.25,False,refined,0.7006864705222801,NULL,3.0,138.65148664686853,137.74124457089803,135.20080017634626,2.54044439455177,rank_1,1,137.74124457089803,rank_1,False
568,0.0001844069531406231,NULL,5,0,nan,nan,nan,nan,nan,nan,False,NULL,0.25,NULL,0.0,135.20080017634626,137.74124457089803,135.20080017634626,2.54044439455177,rank_1,1,137.74124457089803,rank_1,False
569,0.00018441015314062418,candidate,0,1,3232421873.897725,3229520590.675556,0.00026633354841212463,12.166732655184163,2.0158301400730494,62.0625,False,refined,0.0,rank_1,0.020463239509453196,137.76170781040747,137.76170781040747,135.45080017634626,2.310907634061209,rank_1,1,137.76170781040747,rank_1,True
569,0.00018441015314062418,candidate,1,2,2695312499.0808825,2699317420.642635,0.00021117104462627646,10.129056620043375,-2.0158301400730494,51.75,False,refined,0.1259893837545656,NULL,3.0,138.32678956010082,137.76170781040747,135.45080017634626,2.310907634061209,rank_1,1,137.76170781040747,rank_1,False
569,0.00018441015314062418,candidate,2,3,58593749.98001918,nan,0.00020654980995065387,9.879339690841471,-2.208021511968381,1.125,True,boundary_peak,1.8748503908718033,NULL,3.0,140.07565056721808,137.76170781040747,135.45080017634626,2.310907634061209,rank_1,1,137.76170781040747,rank_1,False
569,0.00018441015314062418,candidate,3,4,3017578123.9709883,3019162075.4732585,0.00020560450178657512,9.948869543070016,-2.2478651169050945,57.93750000000001,False,refined,0.14816113834606603,NULL,3.0,138.34896131469233,137.76170781040747,135.45080017634626,2.310907634061209,rank_1,1,137.76170781040747,rank_1,False
569,0.00018441015314062418,candidate,4,5,2128906249.2740304,2133360677.4887593,0.00016760577121364568,7.880025966967974,-4.022738131657455,40.875,False,refined,0.5694172381833948,NULL,3.0,138.77021741452967,137.76170781040747,135.45080017634626,2.310907634061209,rank_1,1,137.76170781040747,rank_1,False
569,0.00018441015314062418,NULL,5,0,nan,nan,nan,nan,nan,nan,False,NULL,0.25,NULL,0.0,135.45080017634626,137.76170781040747,135.45080017634626,2.310907634061209,rank_1,1,137.76170781040747,rank_1,False
570,0.00018441335314062527,candidate,0,1,3242187498.894395,3244596824.5217657,0.0003039092958008187,12.487932046078907,2.9553682054423547,62.25,False,refined,0.0,rank_1,0.022729282698559373,137.78443709310602,137.78443709310602,135.70080017634626,2.083636916759758,rank_1,1,137.78443709310602,rank_1,True
570,0.00018441335314062527,candidate,1,2,58593749.98001918,nan,0.0002162596889283064,9.270608224494197,-2.9553682054423547,1.125,True,boundary_peak,2.0128692791660177,NULL,3.0,140.46366945551227,137.78443709310602,135.70080017634626,2.083636916759758,rank_1,1,137.78443709310602,rank_1,False
570,0.00018441335314062527,candidate,2,3,2705078124.0775523,2700775228.711934,0.00018626425458563185,8.107880235583877,-4.252289309781698,51.9375,False,refined,0.5495860465237745,rank_2,0.00021252043669139225,138.8765881270613,137.78443709310602,135.70080017634626,2.083636916759758,rank_1,1,137.78443709310602,rank_1,False
570,0.00018441335314062527,candidate,3,4,3818359373.697917,3819245822.5054193,0.00018409179706341025,8.05512217940981,-4.354190939994869,73.3125,False,refined,0.5638686068382077,NULL,3.0,139.01466878318448,137.78443709310602,135.70080017634626,2.083636916759758,rank_1,1,137.78443709310602,rank_1,False
570,0.00018441335314062527,candidate,4,5,1445312499.50714,1442203151.8361104,0.00015179787623253947,6.3306037706150775,-6.029565774750498,27.75,False,refined,0.9272572953296445,NULL,3.0,139.3780574716759,137.78443709310602,135.70080017634626,2.083636916759758,rank_1,1,137.78443709310602,rank_1,False
570,0.00018441335314062527,NULL,5,0,nan,nan,nan,nan,nan,nan,False,NULL,0.25,NULL,0.0,135.70080017634626,137.78443709310602,135.70080017634626,2.083636916759758,rank_1,1,137.78443709310602,rank_1,False
571,0.00018441655314062637,candidate,0,1,3251953123.8910646,3252900208.446881,0.0004012757646363761,15.244926690814156,5.0323668797210175,62.43749999999999,False,refined,0.0,rank_1,0.006894618460785999,137.7913317115668,137.7913317115668,135.95080017634626,1.8405315352205491,rank_1,1,137.7913317115668,rank_1,True
571,0.00018441655314062637,candidate,1,2,3105468748.9410167,3106810322.1416264,0.00022481463884765804,10.218433902817159,-5.0323668797210175,59.62499999999999,False,refined,0.3145229299825636,NULL,3.0,139.01532310632882,137.7913317115668,135.95080017634626,1.8405315352205491,rank_1,1,137.7913317115668,rank_1,False
571,0.00018441655314062637,candidate,2,3,3808593748.701247,3813338705.5739756,0.000208772434739643,9.575405284324523,-5.675395498213653,73.125,False,refined,0.4184014259896749,NULL,3.0,139.11920160233595,137.7913317115668,135.95080017634626,1.8405315352205491,rank_1,1,137.7913317115668,rank_1,False
571,0.00018441655314062637,candidate,3,4,439453124.8501439,442803731.87609863,0.0001857269470404781,8.540796829280852,-6.691360221312319,8.4375,False,refined,0.6370904894398921,NULL,3.0,139.33789066578615,137.7913317115668,135.95080017634626,1.8405315352205491,rank_1,1,137.7913317115668,rank_1,False
571,0.00018441655314062637,candidate,4,5,1445312499.50714,1448885650.622942,0.00017661221967352452,8.116483047525831,-7.128443643288325,27.75,False,refined,0.7280552705766457,NULL,3.0,139.4288554469229,137.7913317115668,135.95080017634626,1.8405315352205491,rank_1,1,137.7913317115668,rank_1,False
571,0.00018441655314062637,NULL,5,0,nan,nan,nan,nan,nan,nan,False,NULL,0.25,NULL,0.0,135.95080017634626,137.7913317115668,135.95080017634626,1.8405315352205491,rank_1,1,137.7913317115668,rank_1,False
572,0.00018441975314062746,candidate,0,1,3251953123.8910646,3247887326.3310304,0.0004549370365151929,15.905748989737063,4.875852970164978,62.43749999999999,False,refined,0.0,rank_1,0.002512898710741327,137.79384461027755,137.79384461027755,136.20080017634626,1.5930444339312828,rank_1,1,137.79384461027755,rank_1,True
572,0.00018441975314062746,candidate,1,2,3124999998.9343567,3124040260.006672,0.00025951271769235654,11.029896019572085,-4.875852970164978,60.0,False,refined,0.3047408106353111,NULL,3.0,139.25554098698157,137.79384461027755,136.20080017634626,1.5930444339312828,rank_1,1,137.79384461027755,rank_1,False
572,0.00018441975314062746,candidate,2,3,439453124.8501439,441124761.37615997,0.00023327075887426087,10.103929148498576,-5.801819841238487,8.4375,False,refined,0.36261374007740543,NULL,3.0,139.31341391642366,137.79384461027755,136.20080017634626,1.5930444339312828,rank_1,1,137.79384461027755,rank_1,False
572,0.00018441975314062746,candidate,3,4,2001953124.3173223,1997623320.117233,0.00019618063408321376,8.477998903197737,-7.30590320738413,38.4375,False,refined,0.6849191149818477,NULL,3.0,139.63571929132812,137.79384461027755,136.20080017634626,1.5930444339312828,rank_1,1,137.79384461027755,rank_1,False
572,0.00018441975314062746,candidate,4,5,996093749.6603261,1000657934.1741568,0.00018651985929401873,8.039377808414656,-7.7445243021672105,19.125,False,refined,0.7781260976232522,NULL,3.0,139.7289262739695,137.79384461027755,136.20080017634626,1.5930444339312828,rank_1,1,137.79384461027755,rank_1,False
572,0.00018441975314062746,NULL,5,0,nan,nan,nan,nan,nan,nan,False,NULL,0.25,NULL,0.0,136.20080017634626,137.79384461027755,136.20080017634626,1.5930444339312828,rank_1,1,137.79384461027755,rank_1,False
573,0.00018442295314062855,candidate,0,1,3232421873.897725,3231980443.079856,0.000454054400620518,15.210257405568068,6.773941968046024,62.0625,False,refined,0.0,rank_1,0.025302893476649425,137.8191475037542,137.8191475037542,136.45080017634626,1.368347327407946,rank_1,1,137.8191475037542,rank_1,True
573,0.00018442295314062855,candidate,1,2,449218749.84681374,444413459.5053088,0.00020816647625654023,8.405254083032982,-6.773941968046024,8.625,False,refined,0.6625832605479292,NULL,3.0,139.8633834368942,137.8191475037542,136.45080017634626,1.368347327407946,rank_1,1,137.8191475037542,rank_1,False
573,0.00018442295314062855,candidate,2,3,986328124.6636562,982151590.5250596,0.000199804595584999,8.018577159633686,-7.130048323859963,18.9375,False,refined,0.7428414462961948,NULL,3.0,139.94364162264245,137.8191475037542,136.45080017634626,1.368347327407946,rank_1,1,137.8191475037542,rank_1,False
573,0.00018442295314062855,candidate,3,4,4091796873.604673,4096542738.479317,0.00017851890120027048,7.040151801738244,-8.108473681755406,78.5625,False,refined,0.9507568348489763,NULL,3.0,140.15155701119525,137.8191475037542,136.45080017634626,1.368347327407946,rank_1,1,137.8191475037542,rank_1,False
573,0.00018442295314062855,candidate,4,5,58593749.98001918,nan,0.00017727311847123942,6.860985199943732,-8.169300091119984,1.125,True,boundary_peak,2.7001834757034393,NULL,3.0,141.9009836520497,137.8191475037542,136.45080017634626,1.368347327407946,rank_1,1,137.8191475037542,rank_1,False
573,0.00018442295314062855,NULL,5,0,nan,nan,nan,nan,nan,nan,False,NULL,0.25,NULL,0.0,136.45080017634626,137.8191475037542,136.45080017634626,1.368347327407946,rank_1,1,137.8191475037542,rank_1,False
574,0.00018442615314062964,candidate,0,1,3222656248.9010553,3226008526.0145807,0.00040288903676072004,15.076845855799936,6.17837041743031,61.875,False,refined,0.0,rank_1,0.0035663793434525066,137.82271388309766,137.82271388309766,136.70080017634626,1.1219137067513998,rank_1,1,137.82271388309766,rank_1,True
574,0.00018442615314062964,candidate,1,2,58593749.98001918,nan,0.0001978185111306047,8.592041206591201,-6.17837041743031,1.125,True,boundary_peak,2.316091970100714,NULL,3.0,141.76689214644696,137.82271388309766,136.70080017634626,1.1219137067513998,rank_1,1,137.82271388309766,rank_1,False
574,0.00018442615314062964,candidate,2,3,966796874.6703166,968037416.6673822,0.0001928723669986003,8.571264551203255,-6.398308787756246,18.5625,False,refined,0.6142046165542772,NULL,3.0,140.06500479290054,137.82271388309766,136.70080017634626,1.1219137067513998,rank_1,1,137.82271388309766,rank_1,False
574,0.00018442615314062964,candidate,3,4,4072265623.6113334,4073085304.9360375,0.0001828790389631679,8.211706932439125,-6.860430377935858,78.1875,False,refined,0.6970208587551224,NULL,3.0,140.14782103510137,137.82271388309766,136.70080017634626,1.1219137067513998,rank_1,1,137.82271388309766,rank_1,False
574,0.00018442615314062964,candidate,4,5,2753906249.0609016,2751771386.062539,0.00016642760518948042,7.205355036641592,-7.679201715481794,52.875,False,refined,0.8991468517213733,NULL,3.0,140.34994702806765,137.82271388309766,136.70080017634626,1.1219137067513998,rank_1,1,137.82271388309766,rank_1,False
574,0.00018442615314062964,NULL,5,0,nan,nan,nan,nan,nan,nan,False,NULL,0.25,NULL,0.0,136.70080017634626,137.82271388309766,136.70080017634626,1.1219137067513998,rank_1,1,137.82271388309766,rank_1,False
575,0.00018442935314063073,candidate,0,1,3222656248.9010553,3226158776.070715,0.0003641957912408966,14.592760737748387,5.030676879844016,61.875,False,refined,0.0,rank_1,2.2575079368337442e-06,137.8227161406056,137.8227161406056,136.95080017634626,0.8719159642593297,rank_1,1,137.8227161406056,rank_1,True
575,0.00018442935314063073,candidate,1,2,859374999.706948,854613787.1150715,0.00020408029747901734,9.773655416134508,-5.030676879844016,16.5,False,refined,0.3483689925700748,NULL,3.0,140.04916916891634,137.8227161406056,136.95080017634626,0.8719159642593297,rank_1,1,137.8227161406056,rank_1,False
575,0.00018442935314063073,candidate,2,3,58593749.98001918,nan,0.00017712023673606967,8.248813979289276,-6.26133477281174,1.125,True,boundary_peak,2.3727613264073426,NULL,3.0,142.0735615027536,137.8227161406056,136.95080017634626,0.8719159642593297,rank_1,1,137.8227161406056,rank_1,False
575,0.00018442935314063073,candidate,3,4,986328124.6636562,982437199.3080453,0.0001723931446500292,8.178998228368819,-6.496298617574672,18.9375,False,refined,0.6791689293430941,NULL,3.0,140.37996910568936,137.8227161406056,136.95080017634626,0.8719159642593297,rank_1,1,137.8227161406056,rank_1,False
575,0.00018442935314063073,candidate,4,5,2744140624.064232,2741657092.2607126,0.00016419524165434037,7.839899260521035,-6.919487108983091,52.6875,False,refined,0.756483055233288,NULL,3.0,140.45728323157954,137.8227161406056,136.95080017634626,0.8719159642593297,rank_1,1,137.8227161406056,rank_1,False
575,0.00018442935314063073,NULL,5,0,nan,nan,nan,nan,nan,nan,False,NULL,0.25,NULL,0.0,136.95080017634626,137.8227161406056,136.95080017634626,0.8719159642593297,rank_1,1,137.8227161406056,rank_1,False
576,0.00018443255314063182,candidate,0,1,3222656248.9010553,3220030539.8779635,0.00039208406409303606,14.812810443986333,5.2888042009260605,61.875,False,refined,0.0,rank_1,0.0037555278834148264,137.826471668489,137.826471668489,137.20080017634626,0.6256714921427431,rank_1,1,137.826471668489,rank_1,True
576,0.00018443255314063182,candidate,1,2,859374999.706948,857450933.652489,0.00021327452388133822,9.351595096985834,-5.2888042009260605,16.5,False,refined,0.42781099801000366,NULL,3.0,140.37861117435628,137.826471668489,137.20080017634626,0.6256714921427431,rank_1,1,137.826471668489,rank_1,False
576,0.00018443255314063182,candidate,2,3,58593749.98001918,nan,0.00019740260127591348,8.197315430094454,-5.96052639706838,1.125,True,boundary_peak,2.3616855853026055,NULL,3.0,142.31248576164887,137.826471668489,137.20080017634626,0.6256714921427431,rank_1,1,137.826471668489,rank_1,False
576,0.00018443255314063182,candidate,3,4,1494140624.4904892,1495170284.241798,0.00016438806090684615,6.891627452077689,-7.5501783703666625,28.6875,False,refined,0.9381420303362631,NULL,3.0,140.88894220668251,137.826471668489,137.20080017634626,0.6256714921427431,rank_1,1,137.826471668489,rank_1,False
576,0.00018443255314063182,candidate,4,5,5068359373.27166,5065111200.4547,0.00016080223884137578,7.001181649879369,-7.741742000654268,97.3125,False,refined,0.9336816275589864,NULL,3.0,140.88448180390526,137.826471668489,137.20080017634626,0.6256714921427431,rank_1,1,137.826471668489,rank_1,False
576,0.00018443255314063182,NULL,5,0,nan,nan,nan,nan,nan,nan,False,NULL,0.25,NULL,0.0,137.20080017634626,137.826471668489,137.20080017634626,0.6256714921427431,rank_1,1,137.826471668489,rank_1,False
577,0.0001844357531406329,candidate,0,1,3212890623.9043856,3213363184.0847783,0.0004248782617251236,14.661817343998402,5.5136811538951225,61.68750000000001,False,refined,0.0,rank_1,0.00444536332729207,137.83091703181628,137.83091703181628,137.45080017634626,0.38011685547002116,rank_1,1,137.83091703181628,rank_1,True
577,0.0001844357531406329,candidate,1,2,878906249.7002878,878622735.4953318,0.00022520625771990072,9.040957223079662,-5.5136811538951225,16.875,False,refined,0.48846148865649586,NULL,3.0,140.68926166500276,137.83091703181628,137.45080017634626,0.38011685547002116,rank_1,1,137.83091703181628,rank_1,False
577,0.0001844357531406329,candidate,2,3,58593749.98001918,nan,0.00022450754990098183,8.916105838442094,-5.540671225290659,1.125,True,boundary_peak,2.227626075814352,NULL,3.0,142.42842625216062,137.83091703181628,137.45080017634626,0.38011685547002116,rank_1,1,137.83091703181628,rank_1,False
577,0.0001844357531406329,candidate,3,4,1484374999.4938195,1485399335.7686849,0.0002146853692807973,8.70491655935636,-5.9292412632135605,28.500000000000004,False,refined,0.5648400950473936,NULL,3.0,140.76564027139366,137.83091703181628,137.45080017634626,0.38011685547002116,rank_1,1,137.83091703181628,rank_1,False
577,0.0001844357531406329,candidate,4,5,1259765624.5704124,1263889844.6473682,0.00017212211972269799,6.706081862214122,-7.848556514760663,24.187499999999996,False,refined,0.9846225028404232,NULL,3.0,141.18542267918667,137.83091703181628,137.45080017634626,0.38011685547002116,rank_1,1,137.83091703181628,rank_1,False
577,0.0001844357531406329,NULL,5,0,nan,nan,nan,nan,nan,nan,False,NULL,0.25,NULL,0.0,137.45080017634626,137.83091703181628,137.45080017634626,0.38011685547002116,rank_1,1,137.83091703181628,rank_1,False
578,0.000184438953140634,candidate,0,1,3212890623.9043856,3210864641.547904,0.00038552084992854777,14.782539252278504,4.748882153409033,61.68750000000001,False,refined,0.0,rank_1,0.0006242714808570235,137.83154130329714,137.83154130329714,137.70080017634626,0.13074112695088047,rank_1,1,137.83154130329714,rank_1,True
578,0.000184438953140634,candidate,1,2,878906249.7002878,881952642.5114654,0.00022315353096208392,9.88326225359292,-4.748882153409033,16.875,False,refined,0.31431579654912667,NULL,3.0,140.7651159728954,137.83154130329714,137.70080017634626,0.13074112695088047,rank_1,1,137.83154130329714,rank_1,False
578,0.000184438953140634,candidate,2,3,1474609374.4971495,1473155886.5866315,0.00021144528545436497,9.570786907435584,-5.216997290419796,28.3125,False,refined,0.39044429453589957,NULL,3.0,140.84124447088217,137.83154130329714,137.70080017634626,0.13074112695088047,rank_1,1,137.83154130329714,rank_1,False
578,0.000184438953140634,candidate,3,4,1826171874.3772647,1829828489.061463,0.0001970882203721846,8.95479519752052,-5.827744054757984,35.0625,False,refined,0.521014723794296,NULL,3.0,140.97181490014057,137.83154130329714,137.70080017634626,0.13074112695088047,rank_1,1,137.83154130329714,rank_1,False
578,0.000184438953140634,candidate,4,5,58593749.98001918,nan,0.00017953286846843165,7.590226420212227,-6.638078018255458,1.125,True,boundary_peak,2.495095913109132,NULL,3.0,142.9458960894554,137.83154130329714,137.70080017634626,0.13074112695088047,rank_1,1,137.83154130329714,rank_1,False
578,0.000184438953140634,NULL,5,0,nan,nan,nan,nan,nan,nan,False,NULL,0.25,NULL,0.0,137.70080017634626,137.83154130329714,137.70080017634626,0.13074112695088047,rank_1,1,137.83154130329714,rank_1,False
579,0.0001844421531406351,candidate,0,1,3193359373.9110456,3192933939.2781777,0.0002999962306167418,12.317311607311856,3.158925614169066,61.3125,False,refined,0.0,rank_1,0.0321510083885567,137.8636923116857,137.8636923116857,137.95080017634626,-0.08710786466056675,rank_1,1,137.8636923116857,rank_1,True
579,0.0001844421531406351,candidate,1,2,1845703124.3706043,1841672650.7528915,0.00020853046767758759,9.124486311748736,-3.158925614169066,35.4375,False,refined,0.3287599041232562,NULL,3.0,141.0295600804695,137.8636923116857,137.95080017634626,-0.08710786466056675,rank_1,1,137.8636923116857,rank_1,False
579,0.0001844421531406351,candidate,2,3,898437499.6936275,893740261.0686215,0.0001704853840768296,7.406554230135898,-4.908572912474423,17.25,False,refined,0.6958026725092668,NULL,3.0,141.39660284885554,137.8636923116857,137.95080017634626,-0.08710786466056675,rank_1,1,137.8636923116857,rank_1,False
579,0.0001844421531406351,candidate,3,4,1425781249.5138001,1429814817.2635615,0.00016665268801343137,7.209057643265213,-5.106069499345107,27.375,False,refined,0.7377706972192872,NULL,3.0,141.43857087356554,137.8636923116857,137.95080017634626,-0.08710786466056675,rank_1,1,137.8636923116857,rank_1,False
579,0.0001844421531406351,candidate,4,5,2109374999.2806907,2109921891.4702835,0.0001527089019638406,6.450098272082698,-5.865028870527622,40.5,False,refined,0.8990495635955716,NULL,3.0,141.59984973994185,137.8636923116857,137.95080017634626,-0.08710786466056675,rank_1,1,137.8636923116857,rank_1,False
579,0.0001844421531406351,NULL,5,0,nan,nan,nan,nan,nan,nan,False,NULL,0.25,NULL,0.0,137.95080017634626,137.8636923116857,137.95080017634626,-0.08710786466056675,rank_1,1,137.8636923116857,rank_1,False
580,0.00018444535314063619,candidate,0,1,3173828123.917706,3174339620.2036242,0.00029288075991000187,11.983383620045913,4.6960162405151085,60.9375,False,refined,0.0,rank_1,0.034574870184630374,137.89826718187032,137.89826718187032,138.20080017634626,-0.3025329944759392,rank_1,1,137.89826718187032,rank_1,True
580,0.00018444535314063619,candidate,1,2,58593749.98001918,nan,0.00017056504401985603,7.194758269871846,-4.6960162405151085,1.125,True,boundary_peak,2.4330372745514173,NULL,3.0,143.3838374508977,137.89826718187032,138.20080017634626,-0.3025329944759392,rank_1,1,137.89826718187032,rank_1,False
580,0.00018444535314063619,candidate,2,3,1845703124.3706043,1845787622.9773238,0.00016783866109554524,7.127956084612279,-4.835976726900402,35.4375,False,refined,0.7330551327394332,NULL,3.0,141.6838553090857,137.89826718187032,138.20080017634626,-0.3025329944759392,rank_1,1,137.89826718187032,rank_1,False
580,0.00018444535314063619,candidate,3,4,1416015624.5171304,1416012685.8206952,0.00016696718464717043,7.090144715290192,-4.881194368373931,27.1875,False,refined,0.7415529407298419,NULL,3.0,141.6923531170761,137.89826718187032,138.20080017634626,-0.3025329944759392,rank_1,1,137.89826718187032,rank_1,False
580,0.00018444535314063619,candidate,4,5,3378906248.847773,3377290060.7782397,0.00016679214177937884,7.1960756114024615,-4.890305144017235,64.875,False,refined,0.726232729790708,NULL,3.0,141.67703290613696,137.89826718187032,138.20080017634626,-0.3025329944759392,rank_1,1,137.89826718187032,rank_1,False
580,0.00018444535314063619,NULL,5,0,nan,nan,nan,nan,nan,nan,False,NULL,0.25,NULL,0.0,138.20080017634626,137.89826718187032,138.20080017634626,-0.3025329944759392,rank_1,1,137.89826718187032,rank_1,False
581,0.00018444855314063728,candidate,0,1,3193359373.9110456,3198024113.6994805,0.00024901903385205886,11.347539142805259,2.3722715945872697,61.3125,False,refined,0.0,rank_1,0.05609552321552586,137.95436270508586,137.95436270508586,138.45080017634626,-0.49643747126040694,rank_1,1,137.95436270508586,rank_1,True
581,0.00018444855314063728,candidate,1,2,58593749.98001918,nan,0.000189504254262527,8.661432033878338,-2.3722715945872697,1.125,True,boundary_peak,2.0678021695799536,NULL,3.0,143.2686023459262,137.95436270508586,138.45080017634626,-0.49643747126040694,rank_1,1,137.95436270508586,rank_1,False
581,0.00018444855314063728,candidate,2,3,1425781249.5138001,1429557791.7151012,0.0001731019380633225,8.020989972420987,-3.1586122701545882,27.375,False,refined,0.4942647710215138,NULL,3.0,141.69506494736777,137.95436270508586,138.45080017634626,-0.49643747126040694,rank_1,1,137.95436270508586,rank_1,False
581,0.00018444855314063728,candidate,3,4,2060546874.2973413,2056795011.3113549,0.0001582218283600041,7.218398348057544,-3.9393229006929342,39.5625,False,refined,0.6634479290846768,NULL,3.0,141.86424810543093,137.95436270508586,138.45080017634626,-0.49643747126040694,rank_1,1,137.95436270508586,rank_1,False
581,0.00018444855314063728,candidate,4,5,722656249.75357,721278788.9572457,0.0001447536969722861,6.478545728266587,-4.712057589915499,13.875,False,refined,0.8227217401297306,NULL,3.0,142.023521916476,137.95436270508586,138.45080017634626,-0.49643747126040694,rank_1,1,137.95436270508586,rank_1,False
581,0.00018444855314063728,NULL,5,0,nan,nan,nan,nan,nan,nan,False,NULL,0.25,NULL,0.0,138.45080017634626,137.95436270508586,138.45080017634626,-0.49643747126040694,rank_1,1,137.95436270508586,rank_1,False
582,0.00018445175314063837,candidate,0,1,3232421873.897725,3230920644.4723597,0.0003661580927426176,14.901128381621014,1.9588141947567195,62.0625,False,refined,0.0,rank_1,0.10821817368909831,138.06258087877495,138.06258087877495,138.70080017634626,-0.638219297571311,rank_1,1,138.06258087877495,rank_1,True
582,0.00018445175314063837,candidate,1,2,3095703123.944347,3097879521.4390726,0.0002922321057680417,12.942314186864294,-1.9588141947567195,59.4375,False,refined,0.12242588717229497,rank_1,1.0028939359003355,139.0796825281585,138.06258087877495,138.70080017634626,-0.638219297571311,rank_1,1,138.06258087877495,rank_1,False
582,0.00018445175314063837,candidate,2,3,1464843749.5004797,1460819938.9903753,0.00016036621516878812,7.754762134212809,-7.171115155844641,28.125,False,refined,0.7849803771083687,NULL,3.0,142.23578055345465,138.06258087877495,138.70080017634626,-0.638219297571311,rank_1,1,138.06258087877495,rank_1,False
582,0.00018445175314063837,candidate,3,4,4355468748.514759,4353581000.876862,0.00015858935991070017,7.562493253241129,-7.267891820312755,83.62499999999999,False,refined,0.8198692507833778,NULL,3.0,142.27066942712963,138.06258087877495,138.70080017634626,-0.638219297571311,rank_1,1,138.06258087877495,rank_1,False
582,0.00018445175314063837,candidate,4,5,4960937498.308291,4959774985.744931,0.00015489816778325148,7.389927070175997,-7.472447130595068,95.25,False,refined,0.8585388851357922,NULL,3.0,142.30933906148206,138.06258087877495,138.70080017634626,-0.638219297571311,rank_1,1,138.06258087877495,rank_1,False
582,0.00018445175314063837,NULL,5,0,nan,nan,nan,nan,nan,nan,False,NULL,0.25,NULL,0.0,138.70080017634626,138.06258087877495,138.70080017634626,-0.638219297571311,rank_1,1,138.06258087877495,rank_1,False
583,0.00018445495314063946,candidate,0,1,3222656248.9010553,3222416570.0041437,0.0004787302563459991,17.31224214444678,4.266460311787537,61.875,False,refined,0.0,rank_1,0.007231928256096227,138.06981280703104,138.06981280703104,138.95080017634626,-0.8809873693152213,rank_1,1,138.06981280703104,rank_1,True
583,0.00018445495314063946,candidate,1,2,4355468748.514759,4351631794.475231,0.0001933235622203202,9.378435925387354,-7.876121747158553,83.62499999999999,False,refined,0.5854922203893065,NULL,3.0,142.28629239673558,138.06981280703104,138.95080017634626,-0.8809873693152213,rank_1,1,138.06981280703104,rank_1,False
583,0.00018445495314063946,candidate,2,3,58593749.98001918,nan,0.0001427380997078553,6.445650108734391,-10.511019313253005,1.125,True,boundary_peak,2.908841190768154,NULL,3.0,144.60964136711442,138.06981280703104,138.95080017634626,-0.8809873693152213,rank_1,1,138.06981280703104,rank_1,False
583,0.00018445495314063946,candidate,3,4,1113281249.6203644,1110298791.5391471,0.00013959183241875887,6.39179389700689,-10.704617360706346,21.374999999999996,False,refined,1.210269500493113,NULL,3.0,142.9110696768394,138.06981280703104,138.95080017634626,-0.8809873693152213,rank_1,1,138.06981280703104,rank_1,False
583,0.00018445495314063946,candidate,4,5,1464843749.5004797,1464312264.9094272,0.00013680198196819164,6.366690799865147,-10.879969737424773,28.125,False,refined,1.2249944886092763,NULL,3.0,142.92579466495553,138.06981280703104,138.95080017634626,-0.8809873693152213,rank_1,1,138.06981280703104,rank_1,False
583,0.00018445495314063946,NULL,5,0,nan,nan,nan,nan,nan,nan,False,NULL,0.25,NULL,0.0,138.95080017634626,138.06981280703104,138.95080017634626,-0.8809873693152213,rank_1,1,138.06981280703104,rank_1,False
584,0.00018445815314064055,candidate,0,1,3212890623.9043856,3211357411.302053,0.0006217489442369974,18.537374720143518,9.505760840620754,61.68750000000001,False,refined,0.0,rank_1,0.012230499119802936,138.08204330615084,138.08204330615084,139.20080017634626,-1.1187568701954262,rank_1,1,138.08204330615084,rank_1,True
584,0.00018445815314064055,candidate,1,2,58593749.98001918,nan,0.0002081263243946856,8.799354988294228,-9.505760840620754,1.125,True,boundary_peak,2.492956804294663,NULL,3.0,144.44375698064093,138.08204330615084,139.20080017634626,-1.1187568701954262,rank_1,1,138.08204330615084,rank_1,False
584,0.00018445815314064055,candidate,2,3,4345703123.518089,4348890183.118723,0.0002027959094857776,8.784535475250328,-9.731117314318238,83.4375,False,refined,0.7905145108573407,NULL,3.0,142.7413146872036,138.08204330615084,139.20080017634626,-1.1187568701954262,rank_1,1,138.08204330615084,rank_1,False
584,0.00018445815314064055,candidate,3,4,2216796874.244059,2221319651.4021897,0.0001444308119624596,5.686391941716904,-12.679104074241101,42.5625,False,refined,1.3970412087424644,NULL,3.0,143.3478413850887,138.08204330615084,139.20080017634626,-1.1187568701954262,rank_1,1,138.08204330615084,rank_1,False
584,0.00018445815314064055,candidate,4,5,4570312498.441497,4566981388.08211,0.00014375237622472325,5.7589960804348905,-12.720000483694704,87.75,False,refined,1.3861505879347664,NULL,3.0,143.33695076428103,138.08204330615084,139.20080017634626,-1.1187568701954262,rank_1,1,138.08204330615084,rank_1,False
584,0.00018445815314064055,NULL,5,0,nan,nan,nan,nan,nan,nan,False,NULL,0.25,NULL,0.0,139.20080017634626,138.08204330615084,139.20080017634626,-1.1187568701954262,rank_1,1,138.08204330615084,rank_1,False
585,0.00018446135314064164,candidate,0,1,3222656248.9010553,3218012863.9742723,0.0006631463117711514,19.407473610872763,10.082884248414352,61.875,False,refined,0.0,rank_1,0.004429505027215071,138.08647281117806,138.08647281117806,139.45080017634626,-1.364327365168208,rank_1,1,138.08647281117806,rank_1,True
585,0.00018446135314064164,candidate,1,2,58593749.98001918,nan,0.00020771370203099117,8.943979928526113,-10.082884248414352,1.125,True,boundary_peak,2.50733327624698,NULL,3.0,144.70813345259324,138.08647281117806,139.45080017634626,-1.364327365168208,rank_1,1,138.08647281117806,rank_1,False
585,0.00018446135314064164,candidate,2,3,4345703123.518089,4347255164.974411,0.00017364453638420965,7.514768455564376,-11.638964709750903,83.4375,False,refined,1.100220026024775,NULL,3.0,143.30102020237103,138.08647281117806,139.45080017634626,-1.364327365168208,rank_1,1,138.08647281117806,rank_1,False
585,0.00018446135314064164,candidate,3,4,4794921873.364903,4796699550.578089,0.00017317432242593082,7.553590913044843,-11.662517229728637,92.0625,False,refined,1.0958686899013133,NULL,3.0,143.2966688662476,138.08647281117806,139.45080017634626,-1.364327365168208,rank_1,1,138.08647281117806,rank_1,False
585,0.00018446135314064164,candidate,4,5,996093749.6603261,993736113.0003505,0.00017043885509861667,7.420937471167148,-11.800815006545449,19.125,False,refined,1.1244103172340183,NULL,3.0,143.32521049358027,138.08647281117806,139.45080017634626,-1.364327365168208,rank_1,1,138.08647281117806,rank_1,False
585,0.00018446135314064164,NULL,5,0,nan,nan,nan,nan,nan,nan,False,NULL,0.25,NULL,0.0,139.45080017634626,138.08647281117806,139.45080017634626,-1.364327365168208,rank_1,1,138.08647281117806,rank_1,False
586,0.00018446455314064273,candidate,0,1,3232421873.897725,3229955396.4972634,0.000606186618261874,18.312396981965424,9.375330528217836,62.0625,False,refined,0.0,rank_1,0.014262408306270211,138.10073521948433,138.10073521948433,139.70080017634626,-1.600064956861928,rank_1,1,138.10073521948433,rank_1,True
586,0.00018446455314064273,candidate,1,2,1005859374.656996,1003763838.0965624,0.0002059870028382698,8.89738335452603,-9.375330528217836,19.3125,False,refined,0.7513506548347103,NULL,3.0,143.20215083118097,138.10073521948433,139.70080017634626,-1.600064956861928,rank_1,1,138.10073521948433,rank_1,False
586,0.00018446455314064273,candidate,2,3,4814453123.358243,4811563206.64432,0.0001940466312006153,8.272980053680703,-9.894004750242713,92.4375,False,refined,0.8774282888380641,NULL,3.0,143.32822846518434,138.10073521948433,139.70080017634626,-1.600064956861928,rank_1,1,138.10073521948433,rank_1,False
586,0.00018446455314064273,candidate,3,4,4599609373.431506,4604381416.00073,0.00018016286649334405,7.68881854729309,-10.538821237367069,88.3125,False,refined,1.0053535452414781,NULL,3.0,143.45615372158775,138.10073521948433,139.70080017634626,-1.600064956861928,rank_1,1,138.10073521948433,rank_1,False
586,0.00018446455314064273,candidate,4,5,498046874.83016306,501916174.3085733,0.0001754160830234239,7.415814836879218,-10.770738716425683,9.5625,False,refined,1.0607989442447225,NULL,3.0,143.51159912059097,138.10073521948433,139.70080017634626,-1.600064956861928,rank_1,1,138.10073521948433,rank_1,False
586,0.00018446455314064273,NULL,5,0,nan,nan,nan,nan,nan,nan,False,NULL,0.25,NULL,0.0,139.70080017634626,138.10073521948433,139.70080017634626,-1.600064956861928,rank_1,1,138.10073521948433,rank_1,False
587,0.00018446775314064382,candidate,0,1,3232421873.897725,3229710593.3065896,0.0004969539624240985,17.277158434792447,8.000728160799211,62.0625,False,refined,0.0,rank_1,5.992860216408664e-06,138.10074121234456,138.10074121234456,139.95080017634626,-1.850058964001704,rank_1,1,138.10074121234456,rank_1,True
587,0.00018446775314064382,candidate,1,2,1044921874.6436754,1040728194.9759094,0.00019782435104915644,9.475687229889704,-8.000728160799211,20.0625,False,refined,0.578692425566495,NULL,3.0,143.27949260191275,138.10074121234456,139.95080017634626,-1.850058964001704,rank_1,1,138.10074121234456,rank_1,False
587,0.00018446775314064382,candidate,2,3,4609374998.428176,4608952018.678239,0.00019454735948320473,9.310315535796132,-8.145816341958136,88.5,False,refined,0.6125661910029637,NULL,3.0,143.31336636734923,138.10074121234456,139.95080017634626,-1.850058964001704,rank_1,1,138.10074121234456,rank_1,False
587,0.00018446775314064382,candidate,3,4,4052734373.617994,4053558980.1591177,0.00018072946839273356,8.419824965520757,-8.785743732534419,77.8125,False,refined,0.7861352384552877,NULL,3.0,143.48693541480156,138.10074121234456,139.95080017634626,-1.850058964001704,rank_1,1,138.10074121234456,rank_1,False
587,0.00018446775314064382,candidate,4,5,3095703123.944347,3096167399.159891,0.00017302002702125196,8.263960781494646,-9.164395645160637,59.4375,False,refined,0.8331806105983429,rank_1,1.7899228231544737,140.72383865323715,138.10074121234456,139.95080017634626,-1.850058964001704,rank_1,1,138.10074121234456,rank_1,False
587,0.00018446775314064382,NULL,5,0,nan,nan,nan,nan,nan,nan,False,NULL,0.25,NULL,0.0,139.95080017634626,138.10074121234456,139.95080017634626,-1.850058964001704,rank_1,1,138.10074121234456,rank_1,False
588,0.00018447095314064492,candidate,0,1,3222656248.9010553,3224709549.907615,0.0003967966057179359,14.925038099239503,7.032074528465833,61.875,False,refined,0.0,rank_1,0.002501043507842561,138.1032422558524,138.1032422558524,140.20080017634626,-2.0975579204938697,rank_1,1,138.1032422558524,rank_1,True
588,0.00018447095314064492,candidate,1,2,58593749.98001918,nan,0.00017658923372598293,7.7773010469775095,-7.032074528465833,1.125,True,boundary_peak,2.4916595009824882,NULL,3.0,145.44245967732874,138.1032422558524,140.20080017634626,-2.0975579204938697,rank_1,1,138.1032422558524,rank_1,False
588,0.00018447095314064492,candidate,2,3,4580078123.438167,4578687426.866397,0.00017387901893471102,7.766347640692999,-7.166415346290558,87.9375,False,refined,0.78294881303921,NULL,3.0,143.73374898938548,138.1032422558524,140.20080017634626,-2.0975579204938697,rank_1,1,138.1032422558524,rank_1,False
588,0.00018447095314064492,candidate,3,4,2949218748.994299,2951718563.054912,0.00017120673560443587,7.525260027586915,-7.30094203576499,56.625,False,refined,0.8275198730972746,rank_5,2.0865466252083094,143.63790515154275,138.1032422558524,140.20080017634626,-2.0975579204938697,rank_1,1,138.1032422558524,rank_1,False
588,0.00018447095314064492,candidate,4,5,556640624.8101822,557905500.4669615,0.0001499973251124336,6.348047131599701,-8.449688681146199,10.687499999999998,False,refined,1.0758984728316823,NULL,3.0,144.02669864917794,138.1032422558524,140.20080017634626,-2.0975579204938697,rank_1,1,138.1032422558524,rank_1,False
588,0.00018447095314064492,NULL,5,0,nan,nan,nan,nan,nan,nan,False,NULL,0.25,NULL,0.0,140.20080017634626,138.1032422558524,140.20080017634626,-2.0975579204938697,rank_1,1,138.1032422558524,rank_1,False
589,0.000184474153140646,candidate,0,1,3222656248.9010553,3224808426.3606777,0.00035389465196311977,14.456895301323334,5.853433932799881,61.875,False,refined,0.0,rank_1,9.776552970227557e-07,138.1032432335077,138.1032432335077,140.45080017634626,-2.3475569428385654,rank_1,1,138.1032432335077,rank_1,True
589,0.000184474153140646,candidate,1,2,58593749.98001918,nan,0.00018038578180513268,8.523896924426984,-5.853433932799881,1.125,True,boundary_peak,2.306005082135945,NULL,3.0,145.50680525848222,138.1032432335077,140.45080017634626,-2.3475569428385654,rank_1,1,138.1032432335077,rank_1,False
589,0.000184474153140646,candidate,2,3,1181640624.5970535,1185705514.6999083,0.00017610799415651752,8.385593262972062,-6.061898581905227,22.6875,False,refined,0.6210296719232674,NULL,3.0,143.82182984826954,138.1032432335077,140.45080017634626,-2.3475569428385654,rank_1,1,138.1032432335077,rank_1,False
589,0.000184474153140646,candidate,3,4,2939453123.997629,2941096631.0957236,0.00016672612207810773,7.910084830467428,-6.537407014409862,56.4375,False,refined,0.7220752138305022,NULL,3.0,143.92287539017676,138.1032432335077,140.45080017634626,-2.3475569428385654,rank_1,1,138.1032432335077,rank_1,False
589,0.000184474153140646,candidate,4,5,4482421873.471468,4485591954.883091,0.0001662425328083904,7.936093115357554,-6.562637052845242,86.0625,False,refined,0.7197508484991945,NULL,3.0,143.92055102484545,138.1032432335077,140.45080017634626,-2.3475569428385654,rank_1,1,138.1032432335077,rank_1,False
589,0.000184474153140646,NULL,5,0,nan,nan,nan,nan,nan,nan,False,NULL,0.25,NULL,0.0,140.45080017634626,138.1032432335077,140.45080017634626,-2.3475569428385654,rank_1,1,138.1032432335077,rank_1,False
590,0.0001844773531406471,candidate,0,1,3232421873.897725,3228204168.136903,0.00031509705780301863,13.775452676531543,5.288365057703297,62.0625,False,refined,0.0,rank_1,0.0011531062210800328,138.10439633972877,138.10439633972877,140.70080017634626,-2.5964038366174975,rank_1,1,138.10439633972877,rank_1,True
590,0.0001844773531406471,candidate,1,2,2939453123.997629,2938812033.5494194,0.00017140602958155664,8.347150038075872,-5.288365057703297,56.4375,False,refined,0.5784503103950752,NULL,3.0,144.02925048674135,138.10439633972877,140.70080017634626,-2.5964038366174975,rank_1,1,138.10439633972877,rank_1,False
590,0.0001844773531406471,candidate,2,3,4443359373.484788,4446794933.351407,0.00015687802936903455,7.690243991882477,-6.057644454308582,85.3125,False,refined,0.7250661796119148,NULL,3.0,144.1758663559582,138.10439633972877,140.70080017634626,-2.5964038366174975,rank_1,1,138.10439633972877,rank_1,False
590,0.0001844773531406471,candidate,3,4,1171874999.6003838,1167692449.8400054,0.00014753691437991155,7.184579642271114,-6.590873034260429,22.5,False,refined,0.8342426183006098,NULL,3.0,144.28504279464687,138.10439633972877,140.70080017634626,-2.5964038366174975,rank_1,1,138.10439633972877,rank_1,False
590,0.0001844773531406471,candidate,4,5,5302734373.191736,5301100321.684927,0.00014078990898158978,6.6125202693964,-6.997456396607857,101.8125,False,refined,0.945462984378531,NULL,3.0,144.3962631607248,138.10439633972877,140.70080017634626,-2.5964038366174975,rank_1,1,138.10439633972877,rank_1,False
590,0.0001844773531406471,NULL,5,0,nan,nan,nan,nan,nan,nan,False,NULL,0.25,NULL,0.0,140.70080017634626,138.10439633972877,140.70080017634626,-2.5964038366174975,rank_1,1,138.10439633972877,rank_1,False
591,0.0001844805531406482,candidate,0,1,3242187498.894395,3239401980.8575616,0.00024490977166931154,11.640910491677303,1.1656953768970357,62.25,False,refined,0.0,rank_1,0.012539100972694756,138.11693544070147,138.11693544070147,140.95080017634626,-2.833864735644795,rank_1,1,138.11693544070147,rank_1,True
591,0.0001844805531406482,candidate,1,2,2939453123.997629,2938721481.1322737,0.00021415161038417882,10.453758565587146,-1.1656953768970357,56.4375,False,refined,0.07285596105606473,NULL,3.0,143.77365613740233,138.11693544070147,140.95080017634626,-2.833864735644795,rank_1,1,138.11693544070147,rank_1,False
591,0.0001844805531406482,candidate,2,3,1113281249.6203644,1109424769.005174,0.00016978729182336077,8.41109613764937,-3.182018644005975,21.374999999999996,False,refined,0.43721174460296797,NULL,3.0,144.13801192094922,138.11693544070147,140.95080017634626,-2.833864735644795,rank_1,1,138.11693544070147,rank_1,False
591,0.0001844805531406482,candidate,3,4,58593749.98001918,nan,0.00016506295870433925,7.9574066969528445,-3.4271297593821615,1.125,True,boundary_peak,2.2393346054184584,NULL,3.0,145.94013478176473,138.11693544070147,140.95080017634626,-2.833864735644795,rank_1,1,138.11693544070147,rank_1,False
591,0.0001844805531406482,candidate,4,5,410156249.8601343,412811989.5700614,0.00016027660085822995,7.979926726386539,-3.682719801170551,7.875,False,refined,0.5331809786151785,NULL,3.0,144.23398115496144,138.11693544070147,140.95080017634626,-2.833864735644795,rank_1,1,138.11693544070147,rank_1,False
591,0.0001844805531406482,NULL,5,0,nan,nan,nan,nan,nan,nan,False,NULL,0.25,NULL,0.0,140.95080017634626,138.11693544070147,140.95080017634626,-2.833864735644795,rank_1,1,138.11693544070147,rank_1,False
592,0.00018448375314064928,candidate,0,1,2939453123.997629,2936577013.212296,0.00024441836012345904,10.449613978363308,1.5301963123969475,56.4375,False,refined,0.0,rank_2,0.0004598742659813332,143.7741160116683,138.50553942857226,141.20080017634626,-2.6952607477740003,rank_3,3,138.50553942857226,rank_1,False
592,0.00018448375314064928,candidate,1,2,449218749.84681374,450454236.9147649,0.00020493871573624568,8.9900987948994,-1.5301963123969475,8.625,False,refined,0.24712245028989932,NULL,3.0,144.19792262663617,138.50553942857226,141.20080017634626,-2.6952607477740003,rank_3,3,138.50553942857226,rank_1,False
592,0.00018448375314064928,candidate,2,3,3261718748.887735,3260320232.7480335,0.00019780217218685065,8.466878667454703,-1.8380553883789652,62.62500000000001,False,refined,0.34484666165547995,rank_1,0.043757326215323265,138.50553942857226,138.50553942857226,141.20080017634626,-2.6952607477740003,rank_3,3,138.50553942857226,rank_1,True
592,0.00018448375314064928,candidate,3,4,1445312499.50714,1444128597.0572708,0.00017406456163819624,7.501144673398468,-2.9484693049648403,27.75,False,refined,0.5591076305505324,NULL,3.0,144.5099078068968,138.50553942857226,141.20080017634626,-2.6952607477740003,rank_3,3,138.50553942857226,rank_1,False
592,0.00018448375314064928,candidate,4,5,1640624999.4405372,1642610326.878466,0.00017018109161300293,7.160483638170048,-3.14445041766362,31.5,False,refined,0.6224556053784691,NULL,3.0,144.57325578172473,138.50553942857226,141.20080017634626,-2.6952607477740003,rank_3,3,138.50553942857226,rank_1,False
592,0.00018448375314064928,NULL,5,0,nan,nan,nan,nan,nan,nan,False,NULL,0.25,NULL,0.0,141.20080017634626,138.50553942857226,141.20080017634626,-2.6952607477740003,rank_3,3,138.50553942857226,rank_1,False
593,0.00018448695314065037,candidate,0,1,3271484373.8844047,3267159433.3825326,0.00022609924758131307,9.695626689762289,0.8937867359915952,62.8125,False,refined,0.04565599653565666,rank_3,0.004677466531893253,138.5558728916398,138.5558728916398,141.45080017634626,-2.894927284706455,rank_1,1,138.5558728916398,rank_3,True
593,0.00018448695314065037,candidate,1,2,458984374.8434836,461694816.8647314,0.00020399042383031425,8.503967265215726,-0.8937867359915952,8.8125,False,refined,0.2802665812171158,NULL,3.0,144.48106675756338,138.5558728916398,141.45080017634626,-2.894927284706455,rank_1,1,138.5558728916398,rank_3,False
593,0.00018448695314065037,candidate,2,3,2968749998.987639,2967543748.2600484,0.00019860075078563,8.615752287386309,-1.126364622652991,57.00000000000001,False,refined,0.2780349458078656,rank_1,0.09589386795176956,144.14804482542792,138.5558728916398,141.45080017634626,-2.894927284706455,rank_1,1,138.5558728916398,rank_3,False
593,0.00018448695314065037,candidate,3,4,1640624999.4405372,1636975803.739635,0.00018063700358044728,7.638353266002635,-1.9498479311827488,31.5,False,refined,0.4761125057985265,NULL,3.0,144.6769126821448,138.5558728916398,141.45080017634626,-2.894927284706455,rank_1,1,138.5558728916398,rank_3,False
593,0.00018448695314065037,candidate,4,5,1455078124.5038097,1450834696.1275156,0.00016590165633307544,6.81530143999586,-2.6889679025154756,27.937499999999996,False,refined,0.6457652779078382,NULL,3.0,144.8465654542541,138.5558728916398,141.45080017634626,-2.894927284706455,rank_1,1,138.5558728916398,rank_3,False
593,0.00018448695314065037,NULL,5,0,nan,nan,nan,nan,nan,nan,False,NULL,0.25,NULL,0.0,141.45080017634626,138.5558728916398,141.45080017634626,-2.894927284706455,rank_1,1,138.5558728916398,rank_3,False
594,0.00018449015314065146,candidate,0,1,3261718748.887735,3262766082.849756,0.0002415396603128559,10.04890066391348,2.1029372808226743,62.62500000000001,False,refined,0.0,rank_1,0.0019301528903850477,138.5578030445302,138.5578030445302,141.70080017634626,-3.1429971318160597,rank_1,1,138.5578030445302,rank_1,True
594,0.00018449015314065146,candidate,1,2,3007812498.974318,3006977648.0928383,0.0001896014206724424,7.870258305028557,-2.1029372808226743,57.74999999999999,False,refined,0.4508948342971336,rank_3,0.1555032456022507,144.75444290532732,138.5578030445302,141.70080017634626,-3.1429971318160597,rank_1,1,138.5578030445302,rank_1,False
594,0.00018449015314065146,candidate,2,3,58593749.98001918,nan,0.00018942668655724248,7.482704445863444,-2.110945770532018,1.125,True,boundary_peak,2.2282784437787346,NULL,3.0,146.679078620125,138.5578030445302,141.70080017634626,-3.1429971318160597,rank_1,1,138.5578030445302,rank_1,False
594,0.00018449015314065146,candidate,3,4,468749999.84015346,467446164.99681634,0.0001765364006144852,7.029418169120287,-2.7230836730007635,9.0,False,refined,0.6157800041945046,NULL,3.0,145.06658018054077,138.5578030445302,141.70080017634626,-3.1429971318160597,rank_1,1,138.5578030445302,rank_1,False
594,0.00018449015314065146,candidate,4,5,1552734374.4705083,1551755407.666966,0.00016289500342679631,6.551581824787158,-3.421613761064073,29.812499999999996,False,refined,0.7311135863484308,NULL,3.0,145.1819137626947,138.5578030445302,141.70080017634626,-3.1429971318160597,rank_1,1,138.5578030445302,rank_1,False
594,0.00018449015314065146,NULL,5,0,nan,nan,nan,nan,nan,nan,False,NULL,0.25,NULL,0.0,141.70080017634626,138.5578030445302,141.70080017634626,-3.1429971318160597,rank_1,1,138.5578030445302,rank_1,False
595,0.00018449335314065255,candidate,0,1,58593749.98001918,nan,0.00019262095798690346,8.600297243346091,0.3019929397262633,1.125,True,boundary_peak,1.9287054134980863,NULL,3.0,146.62950558984434,138.94715999442408,141.8078030445302,-2.8606430501061197,NULL,0,141.8078030445302,rank_1,False
595,0.00018449335314065255,candidate,1,2,3300781248.874414,3303282717.140981,0.0001860389550458916,8.624515828452575,-0.3019929397262633,63.375,False,refined,0.22519718446500525,rank_1,0.16415976542889046,138.94715999442408,138.94715999442408,141.8078030445302,-2.8606430501061197,NULL,0,141.8078030445302,rank_1,False
595,0.00018449335314065255,candidate,2,3,3193359373.9110456,3193951572.656215,0.0001839208590913078,8.483928625057624,-0.40145103229058954,61.3125,False,refined,0.25250139575951824,rank_1,0.47354368131768987,139.2838481216074,138.94715999442408,141.8078030445302,-2.8606430501061197,NULL,0,141.8078030445302,rank_1,False
595,0.00018449335314065255,candidate,3,4,1054687499.6403453,1054127399.8234618,0.00016675860910885722,7.608128143246278,-1.2523054866662964,20.25,False,refined,0.43704987142970186,NULL,3.0,145.13785004777597,138.94715999442408,141.8078030445302,-2.8606430501061197,NULL,0,141.8078030445302,rank_1,False
595,0.00018449335314065255,candidate,4,5,3017578123.9709883,3013985424.507568,0.0001545483718246612,6.919890400061659,-1.912782087099485,57.93750000000001,False,refined,0.581565320434469,NULL,3.0,145.28236549678073,138.94715999442408,141.8078030445302,-2.8606430501061197,NULL,0,141.8078030445302,rank_1,False
595,0.00018449335314065255,NULL,5,0,nan,nan,nan,nan,nan,nan,False,NULL,0.25,rank_1,3.0,141.8078030445302,138.94715999442408,141.8078030445302,-2.8606430501061197,NULL,0,141.8078030445302,rank_1,True
596,0.00018449655314065365,candidate,0,1,1044921874.6436754,1045633279.9179159,0.00015499291649019386,7.25422731986054,0.033165334131224355,20.0625,False,refined,0.411865902020919,NULL,3.0,145.2196689465511,145.2196689465511,142.0578030445302,3.1618659020209066,NULL,0,142.0578030445302,NULL,False
596,0.00018449655314065365,candidate,1,2,4570312498.441497,4573519604.993779,0.00015440223542282375,7.216311402142752,-0.033165334131224355,87.75,False,refined,0.4196261230617887,NULL,3.0,145.227429167592,145.2196689465511,142.0578030445302,3.1618659020209066,NULL,0,142.0578030445302,NULL,False
596,0.00018449655314065365,candidate,2,3,1445312499.50714,1447516205.7335734,0.00015218661908570082,7.04450285825156,-0.15870762783722903,27.75,False,refined,0.4532437980020928,NULL,3.0,145.2610468425323,145.2196689465511,142.0578030445302,3.1618659020209066,NULL,0,142.0578030445302,NULL,False
596,0.00018449655314065365,candidate,3,4,58593749.98001918,nan,0.0001365648665857149,5.984799540664296,-1.099457313153307,1.125,True,boundary_peak,2.3897461509724374,NULL,3.0,147.19754919550263,145.2196689465511,142.0578030445302,3.1618659020209066,NULL,0,142.0578030445302,NULL,False
596,0.00018449655314065365,candidate,4,5,3818359373.697917,3813842619.5902004,0.00013431554401558955,5.938091504510341,-1.2437114999219023,73.3125,False,refined,0.6870182430685677,NULL,3.0,145.49482128759877,145.2196689465511,142.0578030445302,3.1618659020209066,NULL,0,142.0578030445302,NULL,False
596,0.00018449655314065365,NULL,5,0,nan,nan,nan,nan,nan,nan,False,NULL,0.25,NULL,0.0,142.0578030445302,145.2196689465511,142.0578030445302,3.1618659020209066,NULL,0,142.0578030445302,NULL,True
597,0.00018449975314065474,candidate,0,1,4150390623.5846925,4149768128.271349,0.00017295898959842536,8.436480219967493,0.7419961126495167,79.6875,False,refined,0.2345279670048761,NULL,3.0,145.29233101153508,145.29233101153508,142.3078030445302,2.9845279670048797,NULL,0,142.3078030445302,NULL,False
597,0.00018449975314065474,candidate,1,2,810546874.7235987,814143787.0514475,0.00015879738043080187,7.61705849750312,-0.7419961126495167,15.5625,False,refined,0.40381598241512684,NULL,3.0,145.46161902694533,145.29233101153508,142.3078030445302,2.9845279670048797,NULL,0,142.3078030445302,NULL,False
597,0.00018449975314065474,candidate,2,3,4589843748.434836,4590336505.814332,0.00015591652106093873,7.458034537101019,-0.9010200730516171,88.125,False,refined,0.4376085740005732,NULL,3.0,145.49541161853077,145.29233101153508,142.3078030445302,2.9845279670048797,NULL,0,142.3078030445302,NULL,False
597,0.00018449975314065474,candidate,3,4,1455078124.5038097,1454756934.4245687,0.00015006439488870904,7.064433966197408,-1.2333095636887936,27.937499999999996,False,refined,0.5174167528009385,NULL,3.0,145.57521979733113,145.29233101153508,142.3078030445302,2.9845279670048797,NULL,0,142.3078030445302,NULL,False
597,0.00018449975314065474,candidate,4,5,5644531248.075182,5648539708.9479475,0.00014991241707680816,7.204802454739854,-1.2421106613863042,108.375,False,refined,0.49691154812566596,NULL,3.0,145.55471459265587,145.29233101153508,142.3078030445302,2.9845279670048797,NULL,0,142.3078030445302,NULL,False
597,0.00018449975314065474,NULL,5,0,nan,nan,nan,nan,nan,nan,False,NULL,0.25,NULL,0.0,142.3078030445302,145.29233101153508,142.3078030445302,2.9845279670048797,NULL,0,142.3078030445302,NULL,True
598,0.00018450295314065583,candidate,0,1,3222656248.9010553,3220290319.6320305,0.0002307598058223722,9.740911975016457,0.8774546725449817,61.875,False,refined,0.03886320374753138,NULL,3.0,145.34666624827773,145.34666624827773,142.5578030445302,2.7888632037475247,NULL,0,142.5578030445302,NULL,False
598,0.00018450295314065583,candidate,1,2,4150390623.5846925,4145796282.2270103,0.0002085870928389042,8.854561296848944,-0.8774546725449817,79.6875,False,refined,0.22665672250671975,rank_1,0.0015775560999929004,145.5205652901418,145.34666624827773,142.5578030445302,2.7888632037475247,NULL,0,142.5578030445302,NULL,False
598,0.00018450295314065583,candidate,2,3,3330078123.8644238,3328928489.339089,0.00019045797655991388,8.073691999030892,-1.6672199759855655,63.9375,False,refined,0.39314744864446405,NULL,3.0,145.70095049317467,145.34666624827773,142.5578030445302,2.7888632037475247,NULL,0,142.5578030445302,NULL,False
598,0.00018450295314065583,candidate,3,4,4814453123.358243,4814998149.814195,0.00019036332681108588,8.0244141161607,-1.6715375773499908,92.4375,False,refined,0.4008089811602693,NULL,3.0,145.70861202569048,145.34666624827773,142.5578030445302,2.7888632037475247,NULL,0,142.5578030445302,NULL,False
598,0.00018450295314065583,candidate,4,5,58593749.98001918,nan,0.00017948427907323906,7.382722394221917,-2.182674997373457,1.125,True,boundary_peak,2.247758828202554,NULL,3.0,147.55556187273277,145.34666624827773,142.5578030445302,2.7888632037475247,NULL,0,142.5578030445302,NULL,False
598,0.00018450295314065583,NULL,5,0,nan,nan,nan,nan,nan,nan,False,NULL,0.25,NULL,0.0,142.5578030445302,145.34666624827773,142.5578030445302,2.7888632037475247,NULL,0,142.5578030445302,NULL,True
599,0.00018450615314065692,candidate,0,1,3242187498.894395,3242194255.1708155,0.00034637935198675085,13.608209599959205,3.5566530207736324,62.25,False,refined,0.0,rank_1,0.047978239208724766,145.39464448748646,145.39464448748646,142.8078030445302,2.5868414429562563,NULL,0,142.8078030445302,NULL,False
599,0.00018450615314065692,candidate,1,2,4794921873.364903,4793049782.551104,0.0002100834044377625,9.166069395249608,-4.343204975542312,92.0625,False,refined,0.39653990168395337,NULL,3.0,145.95434294621415,145.39464448748646,142.8078030445302,2.5868414429562563,NULL,0,142.8078030445302,NULL,False
599,0.00018450615314065692,candidate,2,3,58593749.98001918,nan,0.00018056237641241951,7.413266572114647,-5.658494669298539,1.125,True,boundary_peak,2.4604159310139617,NULL,3.0,148.01821897554416,145.39464448748646,142.8078030445302,2.5868414429562563,NULL,0,142.8078030445302,NULL,False
599,0.00018450615314065692,candidate,3,4,859374999.706948,860784384.0648321,0.00016907802674200707,7.320404670091536,-6.229296494561982,16.5,False,refined,0.7912703303963935,NULL,3.0,146.3490733749266,145.39464448748646,142.8078030445302,2.5868414429562563,NULL,0,142.8078030445302,NULL,False
599,0.00018450615314065692,candidate,4,5,3681640623.744539,3677642514.921958,0.0001632326906169366,7.066715348913517,-6.534897121925205,70.6875,False,refined,0.8484237677832978,NULL,3.0,146.4062268123135,145.39464448748646,142.8078030445302,2.5868414429562563,NULL,0,142.8078030445302,NULL,False
599,0.00018450615314065692,NULL,5,0,nan,nan,nan,nan,nan,nan,False,NULL,0.25,NULL,0.0,142.8078030445302,145.39464448748646,142.8078030445302,2.5868414429562563,NULL,0,142.8078030445302,NULL,True
600,0.000184509353140658,candidate,0,1,3261718748.887735,3263603897.990074,0.00034916422365678,13.384445625425094,5.637626740161084,62.62500000000001,False,refined,0.0,rank_1,0.045837280564823515,145.44048176805128,145.44048176805128,143.0578030445302,2.3826787235210816,NULL,0,143.0578030445302,NULL,False
600,0.000184509353140658,candidate,1,2,58593749.98001918,nan,0.00018245190459568377,7.422677617697611,-5.637626740161084,1.125,True,boundary_peak,2.457700028605426,NULL,3.0,148.26550307313562,145.44048176805128,143.0578030445302,2.3826787235210816,NULL,0,143.0578030445302,NULL,False
600,0.000184509353140658,candidate,2,3,4785156248.368234,4786257294.074019,0.00017736027400609393,7.419250197298348,-5.883467744631501,91.875,False,refined,0.7548292044447166,NULL,3.0,146.56263224897492,145.44048176805128,143.0578030445302,2.3826787235210816,NULL,0,143.0578030445302,NULL,False
600,0.000184509353140658,candidate,3,4,3740234373.724558,3743963377.4443855,0.00016695234595059697,6.899410879312118,-6.4087442462405875,71.8125,False,refined,0.865634883493219,NULL,3.0,146.67343792802342,145.44048176805128,143.0578030445302,2.3826787235210816,NULL,0,143.0578030445302,NULL,False
600,0.000184509353140658,candidate,4,5,1249999999.5737426,1250832630.6657438,0.00016460256504842037,6.7708551494799085,-6.531862792449941,24.0,False,refined,0.892613152106135,NULL,3.0,146.70041619663633,145.44048176805128,143.0578030445302,2.3826787235210816,NULL,0,143.0578030445302,NULL,False
600,0.000184509353140658,NULL,5,0,nan,nan,nan,nan,nan,nan,False,NULL,0.25,NULL,0.0,143.0578030445302,145.44048176805128,143.0578030445302,2.3826787235210816,NULL,0,143.0578030445302,NULL,True
601,0.0001845125531406591,candidate,0,1,3261718748.887735,3258339742.1913834,0.00022158073447699268,9.963547524098377,0.33521768351143955,62.62500000000001,False,refined,0.005467871385243406,rank_1,0.0027711336272889927,145.4487207730638,145.4487207730638,143.3078030445302,2.1409177285335943,NULL,0,143.3078030445302,NULL,False
601,0.0001845125531406591,candidate,1,2,1249999999.5737426,1247409084.4404585,0.00021319210289276827,9.615518399773118,-0.33521768351143955,24.0,False,refined,0.07862334525349735,NULL,3.0,146.1364263897837,145.4487207730638,143.3078030445302,2.1409177285335943,NULL,0,143.3078030445302,NULL,False
601,0.0001845125531406591,candidate,2,3,2246093749.234069,2245261732.949358,0.00017438366983024844,7.882324675755923,-2.0805236926581383,43.125,False,refined,0.4476840294277452,NULL,3.0,146.50548707395794,145.4487207730638,143.3078030445302,2.1409177285335943,NULL,0,143.3078030445302,NULL,False
601,0.0001845125531406591,candidate,3,4,3740234373.724558,3740910773.5110908,0.00017041179719427796,7.641350115997776,-2.280646819545664,71.8125,False,refined,0.4963379088219376,NULL,3.0,146.55414095335215,145.4487207730638,143.3078030445302,2.1409177285335943,NULL,0,143.3078030445302,NULL,False
601,0.0001845125531406591,candidate,4,5,58593749.98001918,nan,0.0001472020562950703,6.340543439384039,-3.5523624161763223,1.125,True,boundary_peak,2.4896911351034143,NULL,3.0,148.54749417963362,145.4487207730638,143.3078030445302,2.1409177285335943,NULL,0,143.3078030445302,NULL,False
601,0.0001845125531406591,NULL,5,0,nan,nan,nan,nan,nan,nan,False,NULL,0.25,NULL,0.0,143.3078030445302,145.4487207730638,143.3078030445302,2.1409177285335943,NULL,0,143.3078030445302,NULL,True
602,0.0001845157531406602,candidate,0,1,1240234374.5770729,1241175428.4932635,0.00022142567666242743,10.27274361604488,1.5218603709695344,23.8125,False,refined,0.0,rank_2,0.003885846646800026,146.1403122364305,146.1403122364305,143.5578030445302,2.5825091919003,NULL,0,143.5578030445302,NULL,False
602,0.0001845157531406602,candidate,1,2,3720703123.7312183,3720551573.2809043,0.00018583818787970663,8.750883245075345,-1.5218603709695344,71.4375,False,refined,0.28248378642429417,NULL,3.0,146.5902868309545,146.1403122364305,143.5578030445302,2.5825091919003,NULL,0,143.5578030445302,NULL,False
602,0.0001845157531406602,candidate,2,3,58593749.98001918,nan,0.0001836792367699207,8.50534636947951,-1.6233582880147601,1.125,True,boundary_peak,2.0444079375789963,NULL,3.0,148.3522109821092,146.1403122364305,143.5578030445302,2.5825091919003,NULL,0,143.5578030445302,NULL,False
602,0.0001845157531406602,candidate,3,4,3144531248.927696,3143730837.1047845,0.00016802073377004527,7.83585152808473,-2.397302070518599,60.375,False,refined,0.474453650194703,NULL,3.0,146.7822566947249,146.1403122364305,143.5578030445302,2.5825091919003,NULL,0,143.5578030445302,NULL,False
602,0.0001845157531406602,candidate,4,5,4082031248.608003,4082969956.298367,0.0001669823749766015,7.865893810565012,-2.4511469366225125,78.375,False,refined,0.4733126119541552,NULL,3.0,146.78111565648436,146.1403122364305,143.5578030445302,2.5825091919003,NULL,0,143.5578030445302,NULL,False
602,0.0001845157531406602,NULL,5,0,nan,nan,nan,nan,nan,nan,False,NULL,0.25,NULL,0.0,143.5578030445302,146.1403122364305,143.5578030445302,2.5825091919003,NULL,0,143.5578030445302,NULL,True
603,0.00018451895314066128,candidate,0,1,3173828123.917706,3170838482.8927402,0.0002915684593976665,13.044702660212453,3.1392846829710486,60.9375,False,refined,0.0,NULL,3.0,146.5578030445302,146.52495985622798,143.8078030445302,2.7171568116977767,NULL,0,143.8078030445302,NULL,False
603,0.00018451895314066128,candidate,1,2,3691406248.7412086,3696121502.170591,0.0002031310474433238,9.88865706898964,-3.1392846829710486,70.875,False,refined,0.21290673233724466,NULL,3.0,146.77070977686745,146.52495985622798,143.8078030445302,2.7171568116977767,NULL,0,143.8078030445302,NULL,False
603,0.00018451895314066128,candidate,2,3,58593749.98001918,nan,0.0001922822097925294,9.352249022733359,-3.6160287503298782,1.125,True,boundary_peak,2.041914443485614,NULL,3.0,148.5997174880158,146.52495985622798,143.8078030445302,2.7171568116977767,NULL,0,143.8078030445302,NULL,False
603,0.00018451895314066128,candidate,3,4,1240234374.5770729,1242107819.760639,0.00018537801667150946,9.07528135952969,-3.9336462140701567,23.8125,False,refined,0.3845606844499313,rank_1,8.693534754780338e-05,146.52495985622798,146.52495985622798,143.8078030445302,2.7171568116977767,NULL,0,143.8078030445302,NULL,False
603,0.00018451895314066128,candidate,4,5,5458984373.138454,5463099106.167051,0.0001843383968900552,9.013520644529507,-3.982494716090974,104.8125,False,refined,0.39687782307625985,NULL,3.0,146.95468086760647,146.52495985622798,143.8078030445302,2.7171568116977767,NULL,0,143.8078030445302,NULL,False
603,0.00018451895314066128,NULL,5,0,nan,nan,nan,nan,nan,nan,False,NULL,0.25,NULL,0.0,143.8078030445302,146.52495985622798,143.8078030445302,2.7171568116977767,NULL,0,143.8078030445302,NULL,True
604,0.00018452215314066238,candidate,0,1,3183593748.914376,3188113380.2094646,0.0003611183747750427,14.697973691740298,5.649871366109291,61.125,False,refined,0.0,rank_1,0.029842207730336842,146.58764525226053,146.58764525226053,144.0578030445302,2.5298422077303258,NULL,0,144.0578030445302,NULL,False
604,0.00018452215314066238,candidate,1,2,4921874998.321611,4917693215.041208,0.00018843259058466384,8.998818298828457,-5.649871366109291,94.5,False,refined,0.5032942155575622,NULL,3.0,147.31109726008776,146.58764525226053,144.0578030445302,2.5298422077303258,NULL,0,144.0578030445302,NULL,False
604,0.00018452215314066238,candidate,2,3,58593749.98001918,nan,0.0001775074324425931,8.300795238309613,-6.168660899898528,1.125,True,boundary_peak,2.359172020497216,NULL,3.0,149.16697506502743,146.58764525226053,144.0578030445302,2.5298422077303258,NULL,0,144.0578030445302,NULL,False
604,0.00018452215314066238,candidate,3,4,4189453123.5713716,4191024208.629603,0.00017603655688427266,8.387767632391805,-6.240934432294116,80.4375,False,refined,0.6318932571596115,NULL,3.0,147.43969630168982,146.58764525226053,144.0578030445302,2.5298422077303258,NULL,0,144.0578030445302,NULL,False
604,0.00018452215314066238,candidate,4,5,5468749998.135124,5473301671.416783,0.0001691441898720071,8.110123634114359,-6.587850057625939,105.0,False,refined,0.6952220834844673,NULL,3.0,147.50302512801468,146.58764525226053,144.0578030445302,2.5298422077303258,NULL,0,144.0578030445302,NULL,False
604,0.00018452215314066238,NULL,5,0,nan,nan,nan,nan,nan,nan,False,NULL,0.25,NULL,0.0,144.0578030445302,146.58764525226053,144.0578030445302,2.5298422077303258,NULL,0,144.0578030445302,NULL,True
605,0.00018452535314066347,candidate,0,1,3212890623.9043856,3215711755.8838544,0.0003196306080699809,13.43674094543407,4.786571411160985,61.68750000000001,False,refined,0.0,rank_1,0.07616703398647529,146.663812286247,146.663812286247,144.3078030445302,2.356009241716805,NULL,0,144.3078030445302,NULL,False
605,0.00018452535314066347,candidate,1,2,58593749.98001918,nan,0.00018421279433564154,8.482679847897154,-4.786571411160985,1.125,True,boundary_peak,2.2455087360129884,NULL,3.0,149.3033117805432,146.663812286247,144.3078030445302,2.356009241716805,NULL,0,144.3078030445302,NULL,False
605,0.00018452535314066347,candidate,2,3,4208984373.5647116,4209164386.9059515,0.0001626066742582074,7.48224953969693,-5.870199871649886,80.8125,False,refined,0.7445500610235783,NULL,3.0,147.80235310555378,146.663812286247,144.3078030445302,2.356009241716805,NULL,0,144.3078030445302,NULL,False
605,0.00018452535314066347,candidate,3,4,4931640623.318281,4935536123.058356,0.0001625442986739986,7.496331190286618,-5.873532400181523,94.6875,False,refined,0.7426460964683524,NULL,3.0,147.80044914099855,146.663812286247,144.3078030445302,2.356009241716805,NULL,0,144.3078030445302,NULL,False
605,0.00018452535314066347,candidate,4,5,468749999.84015346,464271950.2221119,0.00015791923916779764,7.256028814880091,-6.124266360817003,9.0,False,refined,0.794362325319049,NULL,3.0,147.85216536984925,146.663812286247,144.3078030445302,2.356009241716805,NULL,0,144.3078030445302,NULL,False
605,0.00018452535314066347,NULL,5,0,nan,nan,nan,nan,nan,nan,False,NULL,0.25,NULL,0.0,144.3078030445302,146.663812286247,144.3078030445302,2.356009241716805,NULL,0,144.3078030445302,NULL,True
606,0.00018452855314066456,candidate,0,1,3242187498.894395,3241007370.8611097,0.00020323317991796332,9.84302837319678,0.1126685205797262,62.25,False,refined,0.023545744020482928,rank_1,0.06398681370775448,146.75134484397523,146.75134484397523,144.5578030445302,2.193541799445029,NULL,0,144.5578030445302,NULL,False
606,0.00018452855314066456,candidate,1,2,1162109374.6037138,1157305472.2103703,0.00020061397649903028,9.730359852617054,-0.1126685205797262,22.312499999999996,False,refined,0.04748780464367475,NULL,3.0,147.35529084917388,146.75134484397523,144.5578030445302,2.193541799445029,NULL,0,144.5578030445302,NULL,False
606,0.00018452855314066456,candidate,2,3,5800781248.021899,5802654259.207446,0.00015997750495126708,7.722674380296315,-2.0787138664755567,111.375,False,refined,0.47151845961027505,NULL,3.0,147.77932150414048,146.75134484397523,144.5578030445302,2.193541799445029,NULL,0,144.5578030445302,NULL,False
606,0.00018452855314066456,candidate,3,4,1044921874.6436754,1045503723.301063,0.0001522474009570594,7.222768548451306,-2.5088945003289,20.0625,False,refined,0.5733906240028603,NULL,3.0,147.88119366853306,146.75134484397523,144.5578030445302,2.193541799445029,NULL,0,144.5578030445302,NULL,False
606,0.00018452855314066456,candidate,4,5,4042968748.6213236,4039340043.7430463,0.0001454996537390319,6.774683499030063,-2.9026530535688178,77.625,False,refined,0.6652132909935417,NULL,3.0,147.97301633552374,146.75134484397523,144.5578030445302,2.193541799445029,NULL,0,144.5578030445302,NULL,False
606,0.00018452855314066456,NULL,5,0,nan,nan,nan,nan,nan,nan,False,NULL,0.25,NULL,0.0,144.5578030445302,146.75134484397523,144.5578030445302,2.193541799445029,NULL,0,144.5578030445302,NULL,True
607,0.00018453175314066565,candidate,0,1,1054687499.6403453,1054722680.7721759,0.0002267419892805343,10.055882315927684,0.6813799898806927,20.25,False,refined,0.0,NULL,3.0,147.5578030445302,147.5578030445302,144.8078030445302,2.75,NULL,0,144.8078030445302,NULL,False
607,0.00018453175314066565,candidate,1,2,3359374998.8544335,3357259270.2639904,0.00020963459463813687,9.295055316601344,-0.6813799898806927,64.5,False,refined,0.1483279518773417,NULL,3.0,147.70613099640755,147.5578030445302,144.8078030445302,2.75,NULL,0,144.8078030445302,NULL,False
607,0.00018453175314066565,candidate,2,3,1181640624.5970535,1183546618.8493516,0.00019072629424114979,8.415130501924759,-1.5024276377124224,22.6875,False,refined,0.33163215206831254,rank_2,0.06885977769285219,147.75578277893507,147.5578030445302,144.8078030445302,2.75,NULL,0,144.8078030445302,NULL,False
607,0.00018453175314066565,candidate,3,4,3896484373.6712756,3896363933.8010063,0.00018407442655362575,8.167503814253712,-1.810769926558713,74.8125,False,refined,0.38804754827186283,NULL,3.0,147.94585059280206,147.5578030445302,144.8078030445302,2.75,NULL,0,144.8078030445302,NULL,False
607,0.00018453175314066565,candidate,4,5,4999999998.2949705,5000708153.336719,0.00016646840646114663,7.29243270037669,-2.684002606105347,96.0,False,refined,0.5738852578250807,NULL,3.0,148.1316883023553,147.5578030445302,144.8078030445302,2.75,NULL,0,144.8078030445302,NULL,False
607,0.00018453175314066565,NULL,5,0,nan,nan,nan,nan,nan,nan,False,NULL,0.25,NULL,0.0,144.8078030445302,147.5578030445302,144.8078030445302,2.75,NULL,0,144.8078030445302,NULL,True
608,0.00018453495314066674,candidate,0,1,3369140623.8511033,3371710855.8059654,0.00029074909678396195,11.688005536774266,1.8471477525549584,64.6875,False,refined,0.0,rank_2,0.020884832467702143,147.72701582887527,147.71213662064193,145.0578030445302,2.654333576111725,NULL,0,145.0578030445302,NULL,False
608,0.00018453495314066674,candidate,1,2,1044921874.6436754,1045549536.6758007,0.00023505039569297182,9.796852104561617,-1.8471477525549584,20.0625,False,refined,0.14591891885044228,rank_1,0.008414657261286368,147.71213662064193,147.71213662064193,145.0578030445302,2.654333576111725,NULL,0,145.0578030445302,NULL,False
608,0.00018453495314066674,candidate,2,3,3886718748.674606,3887413892.421334,0.0001866067697653242,7.885988086060207,-3.851819582495688,74.625,False,refined,0.5578405109969494,NULL,3.0,148.36564355552716,147.71213662064193,145.0578030445302,2.654333576111725,NULL,0,145.0578030445302,NULL,False
608,0.00018453495314066674,candidate,3,4,5146484373.245018,5145987269.794848,0.00018276693632134707,7.655590690021041,-4.032414846753225,98.81249999999999,False,refined,0.6036873244189204,NULL,3.0,148.41149036894913,147.71213662064193,145.0578030445302,2.654333576111725,NULL,0,145.0578030445302,NULL,False
608,0.00018453495314066674,candidate,4,5,1982421874.3239825,1985049737.9426577,0.0001770768912138689,7.336870148707488,-4.307129708409088,38.0625,False,refined,0.6686650844694447,NULL,3.0,148.47646812899964,147.71213662064193,145.0578030445302,2.654333576111725,NULL,0,145.0578030445302,NULL,False
608,0.00018453495314066674,NULL,5,0,nan,nan,nan,nan,nan,nan,False,NULL,0.25,NULL,0.0,145.0578030445302,147.71213662064193,145.0578030445302,2.654333576111725,NULL,0,145.0578030445302,NULL,True
609,0.00018453815314066783,candidate,0,1,3359374998.8544335,3362278629.587342,0.00032385962415984703,12.905916358315883,3.9297279392517392,64.5,False,refined,0.0,rank_1,0.008896689143929116,147.7359125180192,147.7359125180192,145.3078030445302,2.428109473489002,NULL,0,145.3078030445302,NULL,False
609,0.00018453815314066783,candidate,1,2,5136718748.248348,5135973621.385326,0.00020600151322614047,9.058495902042818,-3.9297279392517392,98.62499999999999,False,refined,0.386833610896811,NULL,3.0,148.44463665542702,147.7359125180192,145.3078030445302,2.428109473489002,NULL,0,145.3078030445302,NULL,False
609,0.00018453815314066783,candidate,2,3,2460937499.1608057,2463536016.852588,0.00018035526732699533,7.736176858724049,-5.084559540168492,47.25,False,refined,0.6573584424519234,NULL,3.0,148.71516148698214,147.7359125180192,145.3078030445302,2.428109473489002,NULL,0,145.3078030445302,NULL,False
609,0.00018453815314066783,candidate,3,4,1054687499.6403453,1054516905.2770135,0.00017226481128783286,7.579108182589902,-5.483204696401165,20.25,False,refined,0.7058340661365875,rank_2,0.008041369963001827,148.4260120567415,147.7359125180192,145.3078030445302,2.428109473489002,NULL,0,145.3078030445302,NULL,False
609,0.00018453815314066783,candidate,4,5,1943359374.337303,1945989775.9317005,0.00016900796148452437,7.273716409756341,-5.648992881368091,37.3125,False,refined,0.7620045936220545,NULL,3.0,148.81980763815227,147.7359125180192,145.3078030445302,2.428109473489002,NULL,0,145.3078030445302,NULL,False
609,0.00018453815314066783,NULL,5,0,nan,nan,nan,nan,nan,nan,False,NULL,0.25,NULL,0.0,145.3078030445302,147.7359125180192,145.3078030445302,2.428109473489002,NULL,0,145.3078030445302,NULL,True
610,0.00018454135314066892,candidate,0,1,3349609373.8577633,3350436683.942097,0.00027613386249215476,13.03281708389953,3.026185436952087,64.3125,False,refined,0.0,rank_1,0.014023167666492753,147.7499356856857,147.7499356856857,145.5578030445302,2.1921326411554958,NULL,0,145.5578030445302,NULL,False
610,0.00018454135314066892,candidate,1,2,1933593749.3406332,1930446390.9780076,0.00019489935232230653,9.647042293577108,-3.026185436952087,37.125,False,refined,0.24208024577293918,NULL,3.0,148.54988329030314,147.7499356856857,145.5578030445302,2.1921326411554958,NULL,0,145.5578030445302,NULL,False
610,0.00018454135314066892,candidate,2,3,3222656248.9010553,3223824457.611714,0.00018344084074806713,9.380302803181388,-3.552472711138188,61.875,False,refined,0.3149841239689285,NULL,3.0,148.62278716849914,147.7499356856857,145.5578030445302,2.1921326411554958,NULL,0,145.5578030445302,NULL,False
610,0.00018454135314066892,candidate,3,4,2460937499.1608057,2460185524.1193995,0.00017219257279266925,8.830670460077252,-4.102105054242324,47.25,False,refined,0.4317809968785574,NULL,3.0,148.73958404140876,147.7499356856857,145.5578030445302,2.1921326411554958,NULL,0,145.5578030445302,NULL,False
610,0.00018454135314066892,candidate,4,5,4667968748.4081955,4671567609.000821,0.00016687399047139566,8.246784013692805,-4.374620327158825,89.625,False,refined,0.5363961683935058,NULL,3.0,148.8441992129237,147.7499356856857,145.5578030445302,2.1921326411554958,NULL,0,145.5578030445302,NULL,False
610,0.00018454135314066892,NULL,5,0,nan,nan,nan,nan,nan,nan,False,NULL,0.25,NULL,0.0,145.5578030445302,147.7499356856857,145.5578030445302,2.1921326411554958,NULL,0,145.5578030445302,NULL,True
611,0.00018454455314067001,candidate,0,1,3222656248.9010553,3224422910.444972,0.00027790507559626417,12.602981557314354,2.558137661847324,61.875,False,refined,0.0,NULL,3.0,148.5578030445302,148.1710864609758,145.8078030445302,2.363283416445597,NULL,0,145.8078030445302,NULL,False
611,0.00018454455314067001,candidate,1,2,4296874998.53474,4292802173.7570586,0.0002070091755046052,9.94212393132389,-2.558137661847324,82.5,False,refined,0.1685650141668743,NULL,3.0,148.7263680586971,148.1710864609758,145.8078030445302,2.363283416445597,NULL,0,145.8078030445302,NULL,False
611,0.00018454455314067001,candidate,2,3,1923828124.3439631,1924464439.4485426,0.00018624522543682495,9.05438124049521,-3.476226613445661,36.9375,False,refined,0.3591069772660722,rank_2,0.0035783744100868174,148.9125686419793,148.1710864609758,145.8078030445302,2.363283416445597,NULL,0,145.8078030445302,NULL,False
611,0.00018454455314067001,candidate,3,4,3359374998.8544335,3360736753.2244935,0.00018157410857325073,8.803410432966157,-3.696851160205057,64.5,False,refined,0.41054163256789256,rank_1,0.010609142722216417,148.1710864609758,148.1710864609758,145.8078030445302,2.363283416445597,NULL,0,145.8078030445302,NULL,False
611,0.00018454455314067001,candidate,4,5,2167968749.26071,2171029721.8171816,0.00016580971792274482,8.117251592682342,-4.485729964632013,41.625,False,refined,0.5627703838871495,NULL,3.0,149.12057342841734,148.1710864609758,145.8078030445302,2.363283416445597,NULL,0,145.8078030445302,NULL,False
611,0.00018454455314067001,NULL,5,0,nan,nan,nan,nan,nan,nan,False,NULL,0.25,NULL,0.0,145.8078030445302,148.1710864609758,145.8078030445302,2.363283416445597,NULL,0,145.8078030445302,NULL,True
612,0.0001845477531406711,candidate,0,1,3183593748.914376,3180877942.5525784,0.0003338932159308111,13.723108629961027,4.483051029484297,61.125,False,refined,0.0,rank_1,0.18961642287495883,148.74741946740517,148.74741946740517,146.0578030445302,2.6896164228749626,NULL,0,146.0578030445302,NULL,False
612,0.0001845477531406711,candidate,1,2,4306640623.53141,4307095136.649215,0.00019927602132297647,9.161109140461425,-4.483051029484297,82.6875,False,refined,0.4060243182735548,rank_2,0.020428878823655197,149.1528212557943,148.74741946740517,146.0578030445302,2.6896164228749626,NULL,0,146.0578030445302,NULL,False
612,0.0001845477531406711,candidate,2,3,2109374999.2806907,2110544478.4901052,0.00017023771400094206,7.87207230424066,-5.851036325720367,40.5,False,refined,0.6848789247214239,NULL,3.0,149.49268196925163,148.74741946740517,146.0578030445302,2.6896164228749626,NULL,0,146.0578030445302,NULL,False
612,0.0001845477531406711,candidate,3,4,58593749.98001918,nan,0.00016466253574463194,7.232483508652896,-6.14025592011787,1.125,True,boundary_peak,2.5176434687094327,NULL,3.0,151.32544651323963,148.74741946740517,146.0578030445302,2.6896164228749626,NULL,0,146.0578030445302,NULL,False
612,0.0001845477531406711,candidate,4,5,2412109374.1774564,2414711746.456239,0.0001565802098967761,6.864478700450576,-6.577414484204214,46.3125,False,refined,0.881416600195177,NULL,3.0,149.68921964472537,148.74741946740517,146.0578030445302,2.6896164228749626,NULL,0,146.0578030445302,NULL,False
612,0.0001845477531406711,NULL,5,0,nan,nan,nan,nan,nan,nan,False,NULL,0.25,NULL,0.0,146.0578030445302,148.74741946740517,146.0578030445302,2.6896164228749626,NULL,0,146.0578030445302,NULL,True
613,0.0001845509531406722,candidate,0,1,3173828123.917706,3169397462.043931,0.00035201580151771874,13.875220068556118,4.379005958683644,60.9375,False,refined,0.0,rank_1,0.013180143270943382,148.7605996106761,148.7605996106761,146.3078030445302,2.4527965661459064,NULL,0,146.3078030445302,NULL,False
613,0.0001845509531406722,candidate,1,2,3281249998.8810744,3283000061.4731984,0.0002126237928079794,9.511938654506666,-4.379005958683644,63.0,False,refined,0.3468970742417278,NULL,3.0,149.40470011877193,148.7605996106761,146.3078030445302,2.4527965661459064,NULL,0,146.3078030445302,NULL,False
613,0.0001845509531406722,candidate,2,3,2734374999.067562,2736828585.7986636,0.00017262688989774642,7.593470802803504,-6.189074251967801,52.5,False,refined,0.747796520327462,NULL,3.0,149.80559956485766,148.7605996106761,146.3078030445302,2.4527965661459064,NULL,0,146.3078030445302,NULL,False
613,0.0001845509531406722,candidate,3,4,449218749.84681374,451124795.85623944,0.0001601867853463533,6.943835598132644,-6.838709456638661,8.625,False,refined,0.8858440013200197,NULL,3.0,149.9436470458502,148.7605996106761,146.3078030445302,2.4527965661459064,NULL,0,146.3078030445302,NULL,False
613,0.0001845509531406722,candidate,4,5,58593749.98001918,nan,0.00015977614531179145,6.798708826525166,-6.861004389193086,1.125,True,boundary_peak,2.627756450345793,NULL,3.0,151.685559494876,148.7605996106761,146.3078030445302,2.4527965661459064,NULL,0,146.3078030445302,NULL,False
613,0.0001845509531406722,NULL,5,0,nan,nan,nan,nan,nan,nan,False,NULL,0.25,NULL,0.0,146.3078030445302,148.7605996106761,146.3078030445302,2.4527965661459064,NULL,0,146.3078030445302,NULL,True
614,0.0001845541531406733,candidate,0,1,3183593748.914376,3180742851.577765,0.00036889240007958676,13.992120410899824,3.065133489940459,61.125,False,refined,0.0,rank_1,0.012871786367442961,148.77347139704355,148.77347139704355,146.5578030445302,2.2156683525133474,NULL,0,146.5578030445302,NULL,False
614,0.0001845541531406733,candidate,1,2,468749999.84015346,466575982.1548036,0.0002123120573863521,9.181011264609893,-4.798500983147571,9.0,False,refined,0.42275462175523926,NULL,3.0,149.73055766628545,148.77347139704355,146.5578030445302,2.2156683525133474,NULL,0,146.5578030445302,NULL,False
614,0.0001845541531406733,candidate,2,3,5097656248.261669,5096003445.717037,0.00018407536941644756,7.941431702553299,-6.038080545204165,97.875,False,refined,0.6861652786922655,NULL,3.0,149.99396832322248,148.77347139704355,146.5578030445302,2.2156683525133474,NULL,0,146.5578030445302,NULL,False
614,0.0001845541531406733,candidate,3,4,2246093749.234069,2242165395.4453535,0.00016590456552234895,7.014682660834763,-6.9408274092092626,43.125,False,refined,0.8815993139503644,NULL,3.0,150.18940235848058,148.77347139704355,146.5578030445302,2.2156683525133474,NULL,0,146.5578030445302,NULL,False
614,0.0001845541531406733,candidate,4,5,5527343748.115143,5525756754.010516,0.00016259974714403965,6.792388647638319,-7.115596841800427,106.12499999999999,False,refined,0.9258665054667788,NULL,3.0,150.233669549997,148.77347139704355,146.5578030445302,2.2156683525133474,NULL,0,146.5578030445302,NULL,False
614,0.0001845541531406733,NULL,5,0,nan,nan,nan,nan,nan,nan,False,NULL,0.25,NULL,0.0,146.5578030445302,148.77347139704355,146.5578030445302,2.2156683525133474,NULL,0,146.5578030445302,NULL,True
615,0.00018455735314067438,candidate,0,1,3212890623.9043856,3210930905.4751797,0.0004946620073098292,15.80917130448273,7.1075395797840635,61.68750000000001,False,refined,0.0,rank_1,0.0911318598113214,148.86460325685488,148.86460325685488,146.8078030445302,2.0568002123246742,NULL,0,146.8078030445302,NULL,False
615,0.00018455735314067438,candidate,1,2,2246093749.234069,2241834253.6375895,0.00021823860478762384,8.611974664656517,-7.1075395797840635,43.125,False,refined,0.6524250240380265,NULL,3.0,150.21022806856823,148.86460325685488,146.8078030445302,2.0568002123246742,NULL,0,146.8078030445302,NULL,False
615,0.00018455735314067438,candidate,2,3,5068359373.27166,5067849582.955337,0.00020712511144474135,8.23008709058377,-7.561516008043245,97.3125,False,refined,0.7380816869151372,NULL,3.0,150.29588473144534,148.86460325685488,146.8078030445302,2.0568002123246742,NULL,0,146.8078030445302,NULL,False
615,0.00018455735314067438,candidate,3,4,478515624.83682334,478517227.9844217,0.00020132683247470673,8.026642297172657,-7.808137895555367,9.1875,False,refined,0.7840122738963119,NULL,3.0,150.3418153184265,148.86460325685488,146.8078030445302,2.0568002123246742,NULL,0,146.8078030445302,NULL,False
615,0.00018455735314067438,candidate,4,5,1992187499.3206522,1992416921.8349962,0.00019310099405762496,7.621122178026818,-8.170480920600198,38.25,False,refined,0.8674867308334897,NULL,3.0,150.4252897753637,148.86460325685488,146.8078030445302,2.0568002123246742,NULL,0,146.8078030445302,NULL,False
615,0.00018455735314067438,NULL,5,0,nan,nan,nan,nan,nan,nan,False,NULL,0.25,NULL,0.0,146.8078030445302,148.86460325685488,146.8078030445302,2.0568002123246742,NULL,0,146.8078030445302,NULL,True
616,0.00018456055314067547,candidate,0,1,3212890623.9043856,3217536444.169056,0.0005731484719396332,16.6751145705014,8.277654140870885,61.68750000000001,False,refined,0.0,rank_1,0.004363314143629656,148.8689665709985,148.8689665709985,147.0578030445302,1.811163526468306,NULL,0,147.0578030445302,NULL,False
616,0.00018456055314067547,candidate,1,2,1826171874.3772647,1829713934.5541413,0.000220996009544915,8.387563558813333,-8.277654140870885,35.0625,False,refined,0.7592188499824303,NULL,3.0,150.56702189451264,148.8689665709985,147.0578030445302,1.811163526468306,NULL,0,147.0578030445302,NULL,False
616,0.00018456055314067547,candidate,2,3,2255859374.2307386,2254462500.396271,0.00020218310233905426,7.636126268666317,-9.05044565436186,43.3125,False,refined,0.9202339130976688,NULL,3.0,150.72803695762786,148.8689665709985,147.0578030445302,1.811163526468306,NULL,0,147.0578030445302,NULL,False
616,0.00018456055314067547,candidate,3,4,908203124.6902974,910387088.6633322,0.00019014346060343358,7.129122098891454,-9.583714901861589,17.4375,False,refined,1.0296138665326313,NULL,3.0,150.83741691106283,148.8689665709985,147.0578030445302,1.811163526468306,NULL,0,147.0578030445302,NULL,False
616,0.00018456055314067547,candidate,4,5,2636718749.1008635,2639553903.011536,0.00018094654035461739,6.6320050936551045,-10.014337098844859,50.625,False,refined,1.131095304629538,NULL,3.0,150.93889834915973,148.8689665709985,147.0578030445302,1.811163526468306,NULL,0,147.0578030445302,NULL,False
616,0.00018456055314067547,NULL,5,0,nan,nan,nan,nan,nan,nan,False,NULL,0.25,NULL,0.0,147.0578030445302,148.8689665709985,147.0578030445302,1.811163526468306,NULL,0,147.0578030445302,NULL,True
617,0.00018456375314067656,candidate,0,1,3222656248.9010553,3220242894.932448,0.0004862110136819225,15.74691455928722,6.258385815694911,61.875,False,refined,0.0,rank_1,0.0007324875734664987,148.86969905857197,148.86969905857197,147.3078030445302,1.5618960140417641,NULL,0,147.3078030445302,NULL,False
617,0.00018456375314067656,candidate,1,2,1826171874.3772647,1829609048.4410095,0.00023654049510385275,9.457406834655426,-6.258385815694911,35.0625,False,refined,0.472538088282618,NULL,3.0,150.53034113281282,148.86969905857197,147.3078030445302,1.5618960140417641,NULL,0,147.3078030445302,NULL,False
617,0.00018456375314067656,candidate,2,3,2636718749.1008635,2636538053.1229258,0.0002255417317088988,9.101835907226192,-6.671957633237682,50.625,False,refined,0.5517219659934263,NULL,3.0,150.60952501052364,148.86969905857197,147.3078030445302,1.5618960140417641,NULL,0,147.3078030445302,NULL,False
617,0.00018456375314067656,candidate,3,4,2871093749.0209403,2868501374.778744,0.0002224646902620511,8.924518590443027,-6.791274059907311,55.125,False,refined,0.5857768401777529,NULL,3.0,150.64357988470795,148.86969905857197,147.3078030445302,1.5618960140417641,NULL,0,147.3078030445302,NULL,False
617,0.00018456375314067656,candidate,4,5,878906249.7002878,880649640.6113403,0.0001831261131801158,7.320353813702667,-8.481490292100773,16.875,False,refined,0.9320400712008983,NULL,3.0,150.9898431157311,148.86969905857197,147.3078030445302,1.5618960140417641,NULL,0,147.3078030445302,NULL,False
617,0.00018456375314067656,NULL,5,0,nan,nan,nan,nan,nan,nan,False,NULL,0.25,NULL,0.0,147.3078030445302,148.86969905857197,147.3078030445302,1.5618960140417641,NULL,0,147.3078030445302,NULL,True
618,0.00018456695314067765,candidate,0,1,3271484373.8844047,3267057281.6007776,0.0003039929074299837,11.944368907767746,0.5270032712046291,62.8125,False,refined,0.0,rank_1,0.21915867991318871,149.08885773848516,149.08885773848516,147.5578030445302,1.5310546939549567,NULL,0,147.5578030445302,NULL,False
618,0.00018456695314067765,candidate,1,2,2607421874.1108537,2611473242.003866,0.00021881292616580223,9.07198458629309,-2.855809541796903,50.0625,False,refined,0.31769040841834306,NULL,3.0,150.62549345294855,149.08885773848516,147.5578030445302,1.5310546939549567,NULL,0,147.5578030445302,NULL,False
618,0.00018456695314067765,candidate,2,3,1835937499.3739345,1831397494.225881,0.00021249068264400138,8.795558187009176,-3.110471186313175,35.25,False,refined,0.37507072109319706,NULL,3.0,150.6828737656234,149.08885773848516,147.5578030445302,1.5310546939549567,NULL,0,147.5578030445302,NULL,False
618,0.00018456695314067765,candidate,3,4,2861328124.02427,2858454899.9117575,0.00018507861607448297,7.595885220512502,-4.310144152809849,54.93749999999999,False,refined,0.6300012264737404,NULL,3.0,150.93780427100396,149.08885773848516,147.5578030445302,1.5310546939549567,NULL,0,147.5578030445302,NULL,False
618,0.00018456695314067765,candidate,4,5,3388671873.844443,3391625592.8044286,0.00016450896059628514,6.6108910550004385,-5.333477852767308,65.0625,False,refined,0.841708707547891,NULL,3.0,151.1495117520781,149.08885773848516,147.5578030445302,1.5310546939549567,NULL,0,147.5578030445302,NULL,False
618,0.00018456695314067765,NULL,5,0,nan,nan,nan,nan,nan,nan,False,NULL,0.25,NULL,0.0,147.5578030445302,149.08885773848516,147.5578030445302,1.5310546939549567,NULL,0,147.5578030445302,NULL,True
619,0.00018457015314067874,candidate,0,1,3154296873.924366,3155498508.905478,0.00026799245905123354,11.157641850528348,0.5267286038986274,60.56249999999999,False,refined,0.0,rank_1,1.2445359765281532,150.3333937150133,149.15381008482854,147.8078030445302,1.346007040298332,NULL,0,147.8078030445302,NULL,False
619,0.00018457015314067874,candidate,1,2,3281249998.8810744,3284954713.986373,0.0002522238459175108,10.674646111140085,-0.5267286038986274,63.0,False,refined,0.03292053774366421,rank_1,0.03203180859969562,149.15381008482854,149.15381008482854,147.8078030445302,1.346007040298332,NULL,0,147.8078030445302,NULL,False
619,0.00018457015314067874,candidate,2,3,3427734373.8311224,3423818410.057007,0.0001941222613317893,8.40043007577501,-2.8009446392637027,65.8125,False,refined,0.41499452858773,NULL,3.0,150.97279757311793,149.15381008482854,147.8078030445302,1.346007040298332,NULL,0,147.8078030445302,NULL,False
619,0.00018457015314067874,candidate,3,4,3828124998.6945868,3831274437.6427755,0.00017063232283608004,7.340653098571481,-3.9212254164342752,73.5,False,refined,0.64397862374142,NULL,3.0,151.20178166827162,149.15381008482854,147.8078030445302,1.346007040298332,NULL,0,147.8078030445302,NULL,False
619,0.00018457015314067874,candidate,4,5,5800781248.021899,5798054562.466364,0.00016575206570188238,6.98436936680066,-4.173272483727688,111.375,False,refined,0.7131741252128815,NULL,3.0,151.27097716974308,149.15381008482854,147.8078030445302,1.346007040298332,NULL,0,147.8078030445302,NULL,False
619,0.00018457015314067874,NULL,5,0,nan,nan,nan,nan,nan,nan,False,NULL,0.25,NULL,0.0,147.8078030445302,149.15381008482854,147.8078030445302,1.346007040298332,NULL,0,147.8078030445302,NULL,True
