time_s,coarse_peak_frequency_hz,refined_frequency_hz,apparent_velocity_m_s,display_velocity_m_s,ridge_quality_flag,ridge_refinement_status,signal_state,velocity_origin,is_pre_event_display_only,channel,analysis_mode
0.00055396985426000331,58593749.980019182,nan,nan,nan,candidate,boundary_peak,ambiguous_peak,ambiguous_peak,false,pdv_channel_2,automatic
0.0005539730542600044,58593749.980019182,nan,nan,nan,candidate,boundary_peak,ambiguous_peak,ambiguous_peak,false,pdv_channel_2,automatic
0.00055397625426000549,1992187499.3206522,nan,nan,nan,candidate,boundary_peak,no_detectable_beat,no_detectable_beat,false,pdv_channel_2,automatic
0.00055397945426000658,58593749.980019182,nan,nan,nan,candidate,boundary_peak,no_detectable_beat,no_detectable_beat,false,pdv_channel_2,automatic
0.00055398265426000767,58593749.980019182,nan,nan,nan,candidate,boundary_peak,peak_at_band_boundary,peak_at_band_boundary,false,pdv_channel_2,automatic
0.00055398585426000876,58593749.980019182,nan,nan,nan,candidate,boundary_peak,peak_at_band_boundary,peak_at_band_boundary,false,pdv_channel_2,automatic
0.00055398905426000985,58593749.980019182,nan,nan,nan,candidate,boundary_peak,ambiguous_peak,ambiguous_peak,false,pdv_channel_2,automatic
0.00055399225426001095,58593749.980019182,nan,nan,nan,candidate,boundary_peak,peak_at_band_boundary,peak_at_band_boundary,false,pdv_channel_2,automatic
0.00055399545426001204,58593749.980019182,nan,nan,nan,candidate,boundary_peak,no_detectable_beat,no_detectable_beat,false,pdv_channel_2,automatic
0.00055399865426001313,58593749.980019182,nan,nan,nan,candidate,boundary_peak,peak_at_band_boundary,peak_at_band_boundary,false,pdv_channel_2,automatic
0.00055400185426001422,58593749.980019182,nan,nan,nan,candidate,boundary_peak,peak_at_band_boundary,peak_at_band_boundary,false,pdv_channel_2,automatic
0.00055400505426001531,58593749.980019182,nan,nan,nan,candidate,boundary_peak,peak_at_band_boundary,peak_at_band_boundary,false,pdv_channel_2,automatic
0.0005540082542600164,58593749.980019182,nan,nan,nan,candidate,boundary_peak,peak_at_band_boundary,peak_at_band_boundary,false,pdv_channel_2,automatic
0.00055401145426001749,58593749.980019182,nan,nan,nan,candidate,boundary_peak,peak_at_band_boundary,peak_at_band_boundary,false,pdv_channel_2,automatic
0.00055401465426001858,58593749.980019182,nan,nan,nan,candidate,boundary_peak,no_detectable_beat,no_detectable_beat,false,pdv_channel_2,automatic
0.00055401785426001967,58593749.980019182,nan,nan,nan,candidate,boundary_peak,no_detectable_beat,no_detectable_beat,false,pdv_channel_2,automatic
0.00055402105426002077,58593749.980019182,nan,nan,nan,candidate,boundary_peak,ambiguous_peak,ambiguous_peak,false,pdv_channel_2,automatic
0.00055402425426002186,58593749.980019182,nan,nan,nan,candidate,boundary_peak,peak_at_band_boundary,peak_at_band_boundary,false,pdv_channel_2,automatic
0.00055402745426002295,58593749.980019182,nan,nan,nan,candidate,boundary_peak,peak_at_band_boundary,peak_at_band_boundary,false,pdv_channel_2,automatic
0.00055403065426002404,58593749.980019182,nan,nan,nan,candidate,boundary_peak,no_detectable_beat,no_detectable_beat,false,pdv_channel_2,automatic
0.00055403385426002513,58593749.980019182,nan,nan,nan,candidate,boundary_peak,no_detectable_beat,no_detectable_beat,false,pdv_channel_2,automatic
0.00055403705426002622,58593749.980019182,nan,nan,nan,candidate,boundary_peak,no_detectable_beat,no_detectable_beat,false,pdv_channel_2,automatic
0.00055404025426002731,58593749.980019182,nan,nan,nan,candidate,boundary_peak,no_detectable_beat,no_detectable_beat,false,pdv_channel_2,automatic
0.0005540434542600284,1289062499.5604222,nan,nan,nan,candidate,refined,ambiguous_peak,ambiguous_peak,false,pdv_channel_2,automatic
0.0005540466542600295,1298828124.557092,nan,nan,nan,candidate,refined,no_detectable_beat,no_detectable_beat,false,pdv_channel_2,automatic
0.00055404985426003059,58593749.980019182,nan,nan,nan,candidate,boundary_peak,no_detectable_beat,no_detectable_beat,false,pdv_channel_2,automatic
0.00055405305426003168,58593749.980019182,nan,nan,nan,candidate,boundary_peak,no_detectable_beat,no_detectable_beat,false,pdv_channel_2,automatic
0.00055405625426003277,58593749.980019182,nan,nan,nan,candidate,boundary_peak,no_detectable_beat,no_detectable_beat,false,pdv_channel_2,automatic
0.00055405945426003386,58593749.980019182,nan,nan,nan,candidate,boundary_peak,peak_at_band_boundary,peak_at_band_boundary,false,pdv_channel_2,automatic
0.00055406265426003495,58593749.980019182,nan,nan,nan,candidate,boundary_peak,peak_at_band_boundary,peak_at_band_boundary,false,pdv_channel_2,automatic
0.00055406585426003604,58593749.980019182,nan,nan,nan,candidate,boundary_peak,no_detectable_beat,no_detectable_beat,false,pdv_channel_2,automatic
0.00055406905426003713,58593749.980019182,nan,nan,nan,candidate,boundary_peak,no_detectable_beat,no_detectable_beat,false,pdv_channel_2,automatic
0.00055407225426003823,58593749.980019182,nan,nan,nan,candidate,boundary_peak,peak_at_band_boundary,peak_at_band_boundary,false,pdv_channel_2,automatic
0.00055407545426003932,58593749.980019182,nan,nan,nan,candidate,boundary_peak,peak_at_band_boundary,peak_at_band_boundary,false,pdv_channel_2,automatic
0.00055407865426004041,58593749.980019182,nan,nan,nan,candidate,boundary_peak,ambiguous_peak,ambiguous_peak,false,pdv_channel_2,automatic
0.0005540818542600415,58593749.980019182,nan,nan,nan,candidate,boundary_peak,ambiguous_peak,ambiguous_peak,false,pdv_channel_2,automatic
0.00055408505426004259,58593749.980019182,nan,nan,nan,candidate,boundary_peak,ambiguous_peak,ambiguous_peak,false,pdv_channel_2,automatic
0.00055408825426004368,58593749.980019182,nan,nan,nan,candidate,boundary_peak,peak_at_band_boundary,peak_at_band_boundary,false,pdv_channel_2,automatic
0.00055409145426004477,58593749.980019182,nan,nan,nan,candidate,boundary_peak,peak_at_band_boundary,peak_at_band_boundary,false,pdv_channel_2,automatic
0.00055409465426004586,1845703124.3706043,nan,nan,nan,candidate,refined,ambiguous_peak,ambiguous_peak,false,pdv_channel_2,automatic
0.00055409785426004696,1855468749.3672743,nan,nan,nan,candidate,refined,unstable_detection,unstable_detection,false,pdv_channel_2,automatic
0.00055410105426004805,1865234374.3639441,nan,nan,nan,candidate,refined,no_detectable_beat,no_detectable_beat,false,pdv_channel_2,automatic
0.00055410425426004914,58593749.980019182,nan,nan,nan,candidate,boundary_peak,no_detectable_beat,no_detectable_beat,false,pdv_channel_2,automatic
0.00055410745426005023,58593749.980019182,nan,nan,nan,candidate,boundary_peak,peak_at_band_boundary,peak_at_band_boundary,false,pdv_channel_2,automatic
0.00055411065426005132,58593749.980019182,nan,nan,nan,candidate,boundary_peak,no_detectable_beat,no_detectable_beat,false,pdv_channel_2,automatic
0.00055411385426005241,1445312499.5071399,nan,nan,nan,candidate,refined,no_detectable_beat,no_detectable_beat,false,pdv_channel_2,automatic
0.0005541170542600535,1572265624.4638481,nan,nan,nan,candidate,refined,no_detectable_beat,no_detectable_beat,false,pdv_channel_2,automatic
0.00055412025426005459,1562499999.4671783,nan,nan,nan,candidate,refined,no_detectable_beat,no_detectable_beat,false,pdv_channel_2,automatic
0.00055412345426005568,58593749.980019182,nan,nan,nan,candidate,boundary_peak,ambiguous_peak,ambiguous_peak,false,pdv_channel_2,automatic
0.00055412665426005678,58593749.980019182,nan,nan,nan,candidate,boundary_peak,peak_at_band_boundary,peak_at_band_boundary,false,pdv_channel_2,automatic
0.00055412985426005787,58593749.980019182,nan,nan,nan,candidate,boundary_peak,peak_at_band_boundary,peak_at_band_boundary,false,pdv_channel_2,automatic
0.00055413305426005896,58593749.980019182,nan,nan,nan,candidate,boundary_peak,ambiguous_peak,ambiguous_peak,false,pdv_channel_2,automatic
0.00055413625426006005,58593749.980019182,nan,nan,nan,candidate,boundary_peak,ambiguous_peak,ambiguous_peak,false,pdv_channel_2,automatic
0.00055413945426006114,58593749.980019182,nan,nan,nan,candidate,boundary_peak,ambiguous_peak,ambiguous_peak,false,pdv_channel_2,automatic
0.00055414265426006223,58593749.980019182,nan,nan,nan,candidate,boundary_peak,no_detectable_beat,no_detectable_beat,false,pdv_channel_2,automatic
0.00055414585426006332,1210937499.5870631,nan,nan,nan,candidate,refined,no_detectable_beat,no_detectable_beat,false,pdv_channel_2,automatic
0.00055414905426006441,58593749.980019182,nan,nan,nan,candidate,boundary_peak,no_detectable_beat,no_detectable_beat,false,pdv_channel_2,automatic
0.00055415225426006551,58593749.980019182,nan,nan,nan,candidate,boundary_peak,no_detectable_beat,no_detectable_beat,false,pdv_channel_2,automatic
0.0005541554542600666,58593749.980019182,nan,nan,nan,candidate,boundary_peak,no_detectable_beat,no_detectable_beat,false,pdv_channel_2,automatic
0.00055415865426006769,58593749.980019182,nan,nan,nan,candidate,boundary_peak,peak_at_band_boundary,peak_at_band_boundary,false,pdv_channel_2,automatic
0.00055416185426006878,58593749.980019182,nan,nan,nan,candidate,boundary_peak,peak_at_band_boundary,peak_at_band_boundary,false,pdv_channel_2,automatic
0.00055416505426006987,58593749.980019182,nan,nan,nan,candidate,boundary_peak,ambiguous_peak,ambiguous_peak,false,pdv_channel_2,automatic
0.00055416825426007096,58593749.980019182,nan,nan,nan,candidate,boundary_peak,ambiguous_peak,ambiguous_peak,false,pdv_channel_2,automatic
0.00055417145426007205,58593749.980019182,nan,nan,nan,candidate,boundary_peak,no_detectable_beat,no_detectable_beat,false,pdv_channel_2,automatic
0.00055417465426007314,58593749.980019182,nan,nan,nan,candidate,boundary_peak,no_detectable_beat,no_detectable_beat,false,pdv_channel_2,automatic
0.00055417785426007424,468749999.84015346,nan,nan,nan,candidate,refined,no_detectable_beat,no_detectable_beat,false,pdv_channel_2,automatic
0.00055418105426007533,58593749.980019182,nan,nan,nan,candidate,boundary_peak,no_detectable_beat,no_detectable_beat,false,pdv_channel_2,automatic
0.00055418425426007642,58593749.980019182,nan,nan,nan,candidate,boundary_peak,peak_at_band_boundary,peak_at_band_boundary,false,pdv_channel_2,automatic
0.00055418745426007751,58593749.980019182,nan,nan,nan,candidate,boundary_peak,peak_at_band_boundary,peak_at_band_boundary,false,pdv_channel_2,automatic
0.0005541906542600786,58593749.980019182,nan,nan,nan,candidate,boundary_peak,no_detectable_beat,no_detectable_beat,false,pdv_channel_2,automatic
0.00055419385426007969,58593749.980019182,nan,nan,nan,candidate,boundary_peak,no_detectable_beat,no_detectable_beat,false,pdv_channel_2,automatic
0.00055419705426008078,58593749.980019182,nan,nan,nan,candidate,boundary_peak,ambiguous_peak,ambiguous_peak,false,pdv_channel_2,automatic
0.00055420025426008187,58593749.980019182,nan,nan,nan,candidate,boundary_peak,peak_at_band_boundary,peak_at_band_boundary,false,pdv_channel_2,automatic
0.00055420345426008297,58593749.980019182,nan,nan,nan,candidate,boundary_peak,peak_at_band_boundary,peak_at_band_boundary,false,pdv_channel_2,automatic
0.00055420665426008406,58593749.980019182,nan,nan,nan,candidate,boundary_peak,peak_at_band_boundary,peak_at_band_boundary,false,pdv_channel_2,automatic
0.00055420985426008515,58593749.980019182,nan,nan,nan,candidate,boundary_peak,ambiguous_peak,ambiguous_peak,false,pdv_channel_2,automatic
0.00055421305426008624,58593749.980019182,nan,nan,nan,candidate,boundary_peak,no_detectable_beat,no_detectable_beat,false,pdv_channel_2,automatic
0.00055421625426008733,58593749.980019182,nan,nan,nan,candidate,boundary_peak,peak_at_band_boundary,peak_at_band_boundary,false,pdv_channel_2,automatic
0.00055421945426008842,58593749.980019182,nan,nan,nan,candidate,boundary_peak,no_detectable_beat,no_detectable_beat,false,pdv_channel_2,automatic
0.00055422265426008951,58593749.980019182,nan,nan,nan,candidate,boundary_peak,no_detectable_beat,no_detectable_beat,false,pdv_channel_2,automatic
0.0005542258542600906,58593749.980019182,nan,nan,nan,candidate,boundary_peak,peak_at_band_boundary,peak_at_band_boundary,false,pdv_channel_2,automatic
0.0005542290542600917,58593749.980019182,nan,nan,nan,candidate,boundary_peak,peak_at_band_boundary,peak_at_band_boundary,false,pdv_channel_2,automatic
0.00055423225426009279,58593749.980019182,nan,nan,nan,candidate,boundary_peak,ambiguous_peak,ambiguous_peak,false,pdv_channel_2,automatic
0.00055423545426009388,58593749.980019182,nan,nan,nan,candidate,boundary_peak,no_detectable_beat,no_detectable_beat,false,pdv_channel_2,automatic
0.00055423865426009497,58593749.980019182,nan,nan,nan,candidate,boundary_peak,ambiguous_peak,ambiguous_peak,false,pdv_channel_2,automatic
0.00055424185426009606,58593749.980019182,nan,nan,nan,candidate,boundary_peak,no_detectable_beat,no_detectable_beat,false,pdv_channel_2,automatic
0.00055424505426009715,58593749.980019182,nan,nan,nan,candidate,boundary_peak,no_detectable_beat,no_detectable_beat,false,pdv_channel_2,automatic
0.00055424825426009824,58593749.980019182,nan,nan,nan,candidate,boundary_peak,no_detectable_beat,no_detectable_beat,false,pdv_channel_2,automatic
0.00055425145426009933,58593749.980019182,nan,nan,nan,candidate,boundary_peak,peak_at_band_boundary,peak_at_band_boundary,false,pdv_channel_2,automatic
0.00055425465426010042,58593749.980019182,nan,nan,nan,candidate,boundary_peak,peak_at_band_boundary,peak_at_band_boundary,false,pdv_channel_2,automatic
0.00055425785426010152,58593749.980019182,nan,nan,nan,candidate,boundary_peak,no_detectable_beat,no_detectable_beat,false,pdv_channel_2,automatic
0.00055426105426010261,1210937499.5870631,nan,nan,nan,candidate,refined,no_detectable_beat,no_detectable_beat,false,pdv_channel_2,automatic
0.0005542642542601037,58593749.980019182,nan,nan,nan,candidate,boundary_peak,no_detectable_beat,no_detectable_beat,false,pdv_channel_2,automatic
0.00055426745426010479,58593749.980019182,nan,nan,nan,candidate,boundary_peak,no_detectable_beat,no_detectable_beat,false,pdv_channel_2,automatic
0.00055427065426010588,58593749.980019182,nan,nan,nan,candidate,boundary_peak,no_detectable_beat,no_detectable_beat,false,pdv_channel_2,automatic
0.00055427385426010697,58593749.980019182,nan,nan,nan,candidate,boundary_peak,peak_at_band_boundary,peak_at_band_boundary,false,pdv_channel_2,automatic
0.00055427705426010806,58593749.980019182,nan,nan,nan,candidate,boundary_peak,peak_at_band_boundary,peak_at_band_boundary,false,pdv_channel_2,automatic
0.00055428025426010915,58593749.980019182,nan,nan,nan,candidate,boundary_peak,peak_at_band_boundary,peak_at_band_boundary,false,pdv_channel_2,automatic
0.00055428345426011025,58593749.980019182,nan,nan,nan,candidate,boundary_peak,peak_at_band_boundary,peak_at_band_boundary,false,pdv_channel_2,automatic
0.00055428665426011134,58593749.980019182,nan,nan,nan,candidate,boundary_peak,peak_at_band_boundary,peak_at_band_boundary,false,pdv_channel_2,automatic
0.00055428985426011243,58593749.980019182,nan,nan,nan,candidate,boundary_peak,peak_at_band_boundary,peak_at_band_boundary,false,pdv_channel_2,automatic
0.00055429305426011352,58593749.980019182,nan,nan,nan,candidate,boundary_peak,ambiguous_peak,ambiguous_peak,false,pdv_channel_2,automatic
0.00055429625426011461,58593749.980019182,nan,nan,nan,candidate,boundary_peak,no_detectable_beat,no_detectable_beat,false,pdv_channel_2,automatic
0.0005542994542601157,58593749.980019182,nan,nan,nan,candidate,boundary_peak,peak_at_band_boundary,peak_at_band_boundary,false,pdv_channel_2,automatic
0.00055430265426011679,58593749.980019182,nan,nan,nan,candidate,boundary_peak,ambiguous_peak,ambiguous_peak,false,pdv_channel_2,automatic
0.00055430585426011788,771484374.73691928,nan,nan,nan,candidate,refined,no_detectable_beat,no_detectable_beat,false,pdv_channel_2,automatic
0.00055430905426011898,917968749.68696725,nan,nan,nan,candidate,refined,no_detectable_beat,no_detectable_beat,false,pdv_channel_2,automatic
0.00055431225426012007,58593749.980019182,nan,nan,nan,candidate,boundary_peak,peak_at_band_boundary,peak_at_band_boundary,false,pdv_channel_2,automatic
0.00055431545426012116,58593749.980019182,nan,nan,nan,candidate,boundary_peak,peak_at_band_boundary,peak_at_band_boundary,false,pdv_channel_2,automatic
0.00055431865426012225,58593749.980019182,nan,nan,nan,candidate,boundary_peak,peak_at_band_boundary,peak_at_band_boundary,false,pdv_channel_2,automatic
0.00055432185426012334,58593749.980019182,nan,nan,nan,candidate,boundary_peak,no_detectable_beat,no_detectable_beat,false,pdv_channel_2,automatic
0.00055432505426012443,58593749.980019182,nan,nan,nan,candidate,boundary_peak,peak_at_band_boundary,peak_at_band_boundary,false,pdv_channel_2,automatic
0.00055432825426012552,58593749.980019182,nan,nan,nan,candidate,boundary_peak,peak_at_band_boundary,peak_at_band_boundary,false,pdv_channel_2,automatic
0.00055433145426012661,58593749.980019182,nan,nan,nan,candidate,boundary_peak,peak_at_band_boundary,peak_at_band_boundary,false,pdv_channel_2,automatic
0.00055433465426012771,58593749.980019182,nan,nan,nan,candidate,boundary_peak,no_detectable_beat,no_detectable_beat,false,pdv_channel_2,automatic
0.0005543378542601288,58593749.980019182,nan,nan,nan,candidate,boundary_peak,no_detectable_beat,no_detectable_beat,false,pdv_channel_2,automatic
0.00055434105426012989,58593749.980019182,nan,nan,nan,candidate,boundary_peak,ambiguous_peak,ambiguous_peak,false,pdv_channel_2,automatic
0.00055434425426013098,58593749.980019182,nan,nan,nan,candidate,boundary_peak,ambiguous_peak,ambiguous_peak,false,pdv_channel_2,automatic
0.00055434745426013207,58593749.980019182,nan,nan,nan,candidate,boundary_peak,peak_at_band_boundary,peak_at_band_boundary,false,pdv_channel_2,automatic
0.00055435065426013316,58593749.980019182,nan,nan,nan,candidate,boundary_peak,no_detectable_beat,no_detectable_beat,false,pdv_channel_2,automatic
0.00055435385426013425,1210937499.5870631,nan,nan,nan,candidate,refined,no_detectable_beat,no_detectable_beat,false,pdv_channel_2,automatic
0.00055435705426013534,58593749.980019182,nan,nan,nan,candidate,boundary_peak,no_detectable_beat,no_detectable_beat,false,pdv_channel_2,automatic
0.00055436025426013644,58593749.980019182,nan,nan,nan,candidate,boundary_peak,no_detectable_beat,no_detectable_beat,false,pdv_channel_2,automatic
0.00055436345426013753,58593749.980019182,nan,nan,nan,candidate,boundary_peak,ambiguous_peak,ambiguous_peak,false,pdv_channel_2,automatic
0.00055436665426013862,58593749.980019182,nan,nan,nan,candidate,boundary_peak,ambiguous_peak,ambiguous_peak,false,pdv_channel_2,automatic
0.00055436985426013971,1269531249.5670824,nan,nan,nan,candidate,refined,no_detectable_beat,no_detectable_beat,false,pdv_channel_2,automatic
0.0005543730542601408,58593749.980019182,nan,nan,nan,candidate,boundary_peak,peak_at_band_boundary,peak_at_band_boundary,false,pdv_channel_2,automatic
0.00055437625426014189,58593749.980019182,nan,nan,nan,candidate,boundary_peak,peak_at_band_boundary,peak_at_band_boundary,false,pdv_channel_2,automatic
0.00055437945426014298,58593749.980019182,nan,nan,nan,candidate,boundary_peak,ambiguous_peak,ambiguous_peak,false,pdv_channel_2,automatic
0.00055438265426014407,58593749.980019182,nan,nan,nan,candidate,boundary_peak,ambiguous_peak,ambiguous_peak,false,pdv_channel_2,automatic
0.00055438585426014516,58593749.980019182,nan,nan,nan,candidate,boundary_peak,peak_at_band_boundary,peak_at_band_boundary,false,pdv_channel_2,automatic
0.00055438905426014626,58593749.980019182,nan,nan,nan,candidate,boundary_peak,no_detectable_beat,no_detectable_beat,false,pdv_channel_2,automatic
0.00055439225426014735,58593749.980019182,nan,nan,nan,candidate,boundary_peak,no_detectable_beat,no_detectable_beat,false,pdv_channel_2,automatic
0.00055439545426014844,58593749.980019182,nan,nan,nan,candidate,boundary_peak,no_detectable_beat,no_detectable_beat,false,pdv_channel_2,automatic
0.00055439865426014953,1376953124.5304508,nan,nan,nan,candidate,refined,ambiguous_peak,ambiguous_peak,false,pdv_channel_2,automatic
0.00055440185426015062,1386718749.5271208,nan,nan,nan,candidate,refined,no_detectable_beat,no_detectable_beat,false,pdv_channel_2,automatic
0.00055440505426015171,58593749.980019182,nan,nan,nan,candidate,boundary_peak,no_detectable_beat,no_detectable_beat,false,pdv_channel_2,automatic
0.0005544082542601528,58593749.980019182,nan,nan,nan,candidate,boundary_peak,no_detectable_beat,no_detectable_beat,false,pdv_channel_2,automatic
0.00055441145426015389,58593749.980019182,nan,nan,nan,candidate,boundary_peak,no_detectable_beat,no_detectable_beat,false,pdv_channel_2,automatic
0.00055441465426015499,58593749.980019182,nan,nan,nan,candidate,boundary_peak,peak_at_band_boundary,peak_at_band_boundary,false,pdv_channel_2,automatic
0.00055441785426015608,58593749.980019182,nan,nan,nan,candidate,boundary_peak,peak_at_band_boundary,peak_at_band_boundary,false,pdv_channel_2,automatic
0.00055442105426015717,58593749.980019182,nan,nan,nan,candidate,boundary_peak,ambiguous_peak,ambiguous_peak,false,pdv_channel_2,automatic
0.00055442425426015826,58593749.980019182,nan,nan,nan,candidate,boundary_peak,ambiguous_peak,ambiguous_peak,false,pdv_channel_2,automatic
0.00055442745426015935,58593749.980019182,nan,nan,nan,candidate,boundary_peak,no_detectable_beat,no_detectable_beat,false,pdv_channel_2,automatic
0.00055443065426016044,58593749.980019182,nan,nan,nan,candidate,boundary_peak,no_detectable_beat,no_detectable_beat,false,pdv_channel_2,automatic
0.00055443385426016153,58593749.980019182,nan,nan,nan,candidate,boundary_peak,peak_at_band_boundary,peak_at_band_boundary,false,pdv_channel_2,automatic
0.00055443705426016262,58593749.980019182,nan,nan,nan,candidate,boundary_peak,no_detectable_beat,no_detectable_beat,false,pdv_channel_2,automatic
0.00055444025426016372,58593749.980019182,nan,nan,nan,candidate,boundary_peak,no_detectable_beat,no_detectable_beat,false,pdv_channel_2,automatic
0.00055444345426016481,58593749.980019182,nan,nan,nan,candidate,boundary_peak,peak_at_band_boundary,peak_at_band_boundary,false,pdv_channel_2,automatic
0.0005544466542601659,58593749.980019182,nan,nan,nan,candidate,boundary_peak,peak_at_band_boundary,peak_at_band_boundary,false,pdv_channel_2,automatic
0.00055444985426016699,58593749.980019182,nan,nan,nan,candidate,boundary_peak,ambiguous_peak,ambiguous_peak,false,pdv_channel_2,automatic
0.00055445305426016808,58593749.980019182,nan,nan,nan,candidate,boundary_peak,no_detectable_beat,no_detectable_beat,false,pdv_channel_2,automatic
0.00055445625426016917,58593749.980019182,nan,nan,nan,candidate,boundary_peak,peak_at_band_boundary,peak_at_band_boundary,false,pdv_channel_2,automatic
0.00055445945426017026,58593749.980019182,nan,nan,nan,candidate,boundary_peak,ambiguous_peak,ambiguous_peak,false,pdv_channel_2,automatic
0.00055446265426017135,58593749.980019182,nan,nan,nan,candidate,boundary_peak,peak_at_band_boundary,peak_at_band_boundary,false,pdv_channel_2,automatic
0.00055446585426017245,58593749.980019182,nan,nan,nan,candidate,boundary_peak,peak_at_band_boundary,peak_at_band_boundary,false,pdv_channel_2,automatic
0.00055446905426017354,58593749.980019182,nan,nan,nan,candidate,boundary_peak,ambiguous_peak,ambiguous_peak,false,pdv_channel_2,automatic
0.00055447225426017463,58593749.980019182,nan,nan,nan,candidate,boundary_peak,peak_at_band_boundary,peak_at_band_boundary,false,pdv_channel_2,automatic
0.00055447545426017572,58593749.980019182,nan,nan,nan,candidate,boundary_peak,peak_at_band_boundary,peak_at_band_boundary,false,pdv_channel_2,automatic
0.00055447865426017681,58593749.980019182,nan,nan,nan,candidate,boundary_peak,ambiguous_peak,ambiguous_peak,false,pdv_channel_2,automatic
0.0005544818542601779,1552734374.4705083,nan,nan,nan,candidate,refined,no_detectable_beat,no_detectable_beat,false,pdv_channel_2,automatic
0.00055448505426017899,1181640624.5970535,nan,nan,nan,candidate,refined,ambiguous_peak,ambiguous_peak,false,pdv_channel_2,automatic
0.00055448825426018008,58593749.980019182,nan,nan,nan,candidate,boundary_peak,ambiguous_peak,ambiguous_peak,false,pdv_channel_2,automatic
0.00055449145426018118,58593749.980019182,nan,nan,nan,candidate,boundary_peak,no_detectable_beat,no_detectable_beat,false,pdv_channel_2,automatic
0.00055449465426018227,58593749.980019182,nan,nan,nan,candidate,boundary_peak,ambiguous_peak,ambiguous_peak,false,pdv_channel_2,automatic
0.00055449785426018336,58593749.980019182,nan,nan,nan,candidate,boundary_peak,peak_at_band_boundary,peak_at_band_boundary,false,pdv_channel_2,automatic
0.00055450105426018445,58593749.980019182,nan,nan,nan,candidate,boundary_peak,peak_at_band_boundary,peak_at_band_boundary,false,pdv_channel_2,automatic
0.00055450425426018554,58593749.980019182,nan,nan,nan,candidate,boundary_peak,peak_at_band_boundary,peak_at_band_boundary,false,pdv_channel_2,automatic
0.00055450745426018663,58593749.980019182,nan,nan,nan,candidate,boundary_peak,peak_at_band_boundary,peak_at_band_boundary,false,pdv_channel_2,automatic
0.00055451065426018772,58593749.980019182,nan,nan,nan,candidate,boundary_peak,peak_at_band_boundary,peak_at_band_boundary,false,pdv_channel_2,automatic
0.00055451385426018881,58593749.980019182,nan,nan,nan,candidate,boundary_peak,peak_at_band_boundary,peak_at_band_boundary,false,pdv_channel_2,automatic
0.0005545170542601899,58593749.980019182,nan,nan,nan,candidate,boundary_peak,peak_at_band_boundary,peak_at_band_boundary,false,pdv_channel_2,automatic
0.000554520254260191,58593749.980019182,nan,nan,nan,candidate,boundary_peak,peak_at_band_boundary,peak_at_band_boundary,false,pdv_channel_2,automatic
0.00055452345426019209,58593749.980019182,nan,nan,nan,candidate,boundary_peak,peak_at_band_boundary,peak_at_band_boundary,false,pdv_channel_2,automatic
0.00055452665426019318,58593749.980019182,nan,nan,nan,candidate,boundary_peak,peak_at_band_boundary,peak_at_band_boundary,false,pdv_channel_2,automatic
0.00055452985426019427,58593749.980019182,nan,nan,nan,candidate,boundary_peak,peak_at_band_boundary,peak_at_band_boundary,false,pdv_channel_2,automatic
0.00055453305426019536,58593749.980019182,nan,nan,nan,candidate,boundary_peak,peak_at_band_boundary,peak_at_band_boundary,false,pdv_channel_2,automatic
0.00055453625426019645,58593749.980019182,nan,nan,nan,candidate,boundary_peak,no_detectable_beat,no_detectable_beat,false,pdv_channel_2,automatic
0.00055453945426019754,58593749.980019182,nan,nan,nan,candidate,boundary_peak,peak_at_band_boundary,peak_at_band_boundary,false,pdv_channel_2,automatic
0.00055454265426019863,58593749.980019182,nan,nan,nan,candidate,boundary_peak,peak_at_band_boundary,peak_at_band_boundary,false,pdv_channel_2,automatic
0.00055454585426019973,58593749.980019182,nan,nan,nan,candidate,boundary_peak,peak_at_band_boundary,peak_at_band_boundary,false,pdv_channel_2,automatic
0.00055454905426020082,58593749.980019182,nan,nan,nan,candidate,boundary_peak,peak_at_band_boundary,peak_at_band_boundary,false,pdv_channel_2,automatic
0.00055455225426020191,58593749.980019182,nan,nan,nan,candidate,boundary_peak,ambiguous_peak,ambiguous_peak,false,pdv_channel_2,automatic
0.000554555454260203,58593749.980019182,nan,nan,nan,candidate,boundary_peak,ambiguous_peak,ambiguous_peak,false,pdv_channel_2,automatic
0.00055455865426020409,58593749.980019182,nan,nan,nan,candidate,boundary_peak,peak_at_band_boundary,peak_at_band_boundary,false,pdv_channel_2,automatic
0.00055456185426020518,58593749.980019182,nan,nan,nan,candidate,boundary_peak,peak_at_band_boundary,peak_at_band_boundary,false,pdv_channel_2,automatic
0.00055456505426020627,58593749.980019182,nan,nan,nan,candidate,boundary_peak,peak_at_band_boundary,peak_at_band_boundary,false,pdv_channel_2,automatic
0.00055456825426020736,58593749.980019182,nan,nan,nan,candidate,boundary_peak,no_detectable_beat,no_detectable_beat,false,pdv_channel_2,automatic
0.00055457145426020846,58593749.980019182,nan,nan,nan,candidate,boundary_peak,peak_at_band_boundary,peak_at_band_boundary,false,pdv_channel_2,automatic
0.00055457465426020955,58593749.980019182,nan,nan,nan,candidate,boundary_peak,peak_at_band_boundary,peak_at_band_boundary,false,pdv_channel_2,automatic
0.00055457785426021064,58593749.980019182,nan,nan,nan,candidate,boundary_peak,ambiguous_peak,ambiguous_peak,false,pdv_channel_2,automatic
0.00055458105426021173,58593749.980019182,nan,nan,nan,candidate,boundary_peak,peak_at_band_boundary,peak_at_band_boundary,false,pdv_channel_2,automatic
0.00055458425426021282,58593749.980019182,nan,nan,nan,candidate,boundary_peak,peak_at_band_boundary,peak_at_band_boundary,false,pdv_channel_2,automatic
0.00055458745426021391,517578124.82350278,nan,nan,nan,candidate,refined,no_detectable_beat,no_detectable_beat,false,pdv_channel_2,automatic
0.000554590654260215,58593749.980019182,nan,nan,nan,candidate,boundary_peak,peak_at_band_boundary,peak_at_band_boundary,false,pdv_channel_2,automatic
0.00055459385426021609,58593749.980019182,nan,nan,nan,candidate,boundary_peak,peak_at_band_boundary,peak_at_band_boundary,false,pdv_channel_2,automatic
0.00055459705426021719,58593749.980019182,nan,nan,nan,candidate,boundary_peak,ambiguous_peak,ambiguous_peak,false,pdv_channel_2,automatic
0.00055460025426021828,58593749.980019182,nan,nan,nan,candidate,boundary_peak,peak_at_band_boundary,peak_at_band_boundary,false,pdv_channel_2,automatic
0.00055460345426021937,58593749.980019182,nan,nan,nan,candidate,boundary_peak,peak_at_band_boundary,peak_at_band_boundary,false,pdv_channel_2,automatic
0.00055460665426022046,58593749.980019182,nan,nan,nan,candidate,boundary_peak,peak_at_band_boundary,peak_at_band_boundary,false,pdv_channel_2,automatic
0.00055460985426022155,58593749.980019182,nan,nan,nan,candidate,boundary_peak,peak_at_band_boundary,peak_at_band_boundary,false,pdv_channel_2,automatic
0.00055461305426022264,58593749.980019182,nan,nan,nan,candidate,boundary_peak,peak_at_band_boundary,peak_at_band_boundary,false,pdv_channel_2,automatic
0.00055461625426022373,58593749.980019182,nan,nan,nan,candidate,boundary_peak,peak_at_band_boundary,peak_at_band_boundary,false,pdv_channel_2,automatic
0.00055461945426022482,58593749.980019182,nan,nan,nan,candidate,boundary_peak,peak_at_band_boundary,peak_at_band_boundary,false,pdv_channel_2,automatic
0.00055462265426022592,58593749.980019182,nan,nan,nan,candidate,boundary_peak,peak_at_band_boundary,peak_at_band_boundary,false,pdv_channel_2,automatic
0.00055462585426022701,58593749.980019182,nan,nan,nan,candidate,boundary_peak,peak_at_band_boundary,peak_at_band_boundary,false,pdv_channel_2,automatic
0.0005546290542602281,58593749.980019182,nan,nan,nan,candidate,boundary_peak,ambiguous_peak,ambiguous_peak,false,pdv_channel_2,automatic
0.00055463225426022919,58593749.980019182,nan,nan,nan,candidate,boundary_peak,ambiguous_peak,ambiguous_peak,false,pdv_channel_2,automatic
0.00055463545426023028,1660156249.433877,nan,nan,nan,candidate,refined,no_detectable_beat,no_detectable_beat,false,pdv_channel_2,automatic
0.00055463865426023137,58593749.980019182,nan,nan,nan,candidate,boundary_peak,ambiguous_peak,ambiguous_peak,false,pdv_channel_2,automatic
0.00055464185426023246,58593749.980019182,nan,nan,nan,candidate,boundary_peak,peak_at_band_boundary,peak_at_band_boundary,false,pdv_channel_2,automatic
0.00055464505426023355,58593749.980019182,nan,nan,nan,candidate,boundary_peak,peak_at_band_boundary,peak_at_band_boundary,false,pdv_channel_2,automatic
0.00055464825426023464,58593749.980019182,nan,nan,nan,candidate,boundary_peak,no_detectable_beat,no_detectable_beat,false,pdv_channel_2,automatic
0.00055465145426023574,58593749.980019182,nan,nan,nan,candidate,boundary_peak,ambiguous_peak,ambiguous_peak,false,pdv_channel_2,automatic
0.00055465465426023683,58593749.980019182,nan,nan,nan,candidate,boundary_peak,ambiguous_peak,ambiguous_peak,false,pdv_channel_2,automatic
0.00055465785426023792,58593749.980019182,nan,nan,nan,candidate,boundary_peak,peak_at_band_boundary,peak_at_band_boundary,false,pdv_channel_2,automatic
0.00055466105426023901,556640624.81018221,nan,nan,nan,candidate,refined,ambiguous_peak,ambiguous_peak,false,pdv_channel_2,automatic
0.0005546642542602401,576171874.80352199,nan,nan,nan,candidate,refined,ambiguous_peak,ambiguous_peak,false,pdv_channel_2,automatic
0.00055466745426024119,664062499.77355075,660969301.97230971,512.25120902854007,512.25120902854007,candidate,refined,measured,quality_gated_measurement,false,pdv_channel_2,automatic
0.00055467065426024228,683593749.76689053,686236278.67908823,531.83311597629336,531.83311597629336,candidate,refined,measured,quality_gated_measurement,false,pdv_channel_2,automatic
0.00055467385426024337,703124999.76023018,699957134.3139652,542.466779093323,542.466779093323,candidate,refined,measured,quality_gated_measurement,false,pdv_channel_2,automatic
0.00055467705426024447,703124999.76023018,707619434.65990472,548.40506186142613,548.40506186142613,candidate,refined,measured,quality_gated_measurement,false,pdv_channel_2,automatic
0.00055468025426024556,712890624.75690007,709476286.24731684,549.84412184167059,549.84412184167059,candidate,refined,measured,quality_gated_measurement,false,pdv_channel_2,automatic
0.00055468345426024665,712890624.75690007,710198857.46233189,550.40411453330717,550.40411453330717,candidate,refined,measured,quality_gated_measurement,false,pdv_channel_2,automatic
0.00055468665426024774,712890624.75690007,713497898.50561249,552.96087134184972,552.96087134184972,candidate,refined,measured,quality_gated_measurement,false,pdv_channel_2,automatic
0.00055468985426024883,722656249.75356996,719782294.5595237,557.83127828363081,557.83127828363081,candidate,refined,measured,quality_gated_measurement,false,pdv_channel_2,automatic
0.00055469305426024992,722656249.75356996,727140838.2612772,563.53414965248987,563.53414965248987,candidate,refined,measured,quality_gated_measurement,false,pdv_channel_2,automatic
0.00055469625426025101,732421874.75023985,733898730.90987957,568.77151645515664,568.77151645515664,candidate,refined,measured,quality_gated_measurement,false,pdv_channel_2,automatic
0.0005546994542602521,732421874.75023985,736375391.49530983,570.69092840886515,570.69092840886515,candidate,refined,measured,quality_gated_measurement,false,pdv_channel_2,automatic
0.0005547026542602532,732421874.75023985,735225228.82161105,569.79955233674855,569.79955233674855,candidate,refined,measured,quality_gated_measurement,false,pdv_channel_2,automatic
0.00055470585426025429,732421874.75023985,733922381.78366423,568.78984588233982,568.78984588233982,candidate,refined,measured,quality_gated_measurement,false,pdv_channel_2,automatic
0.00055470905426025538,732421874.75023985,734337153.28531229,569.11129379611702,569.11129379611702,candidate,refined,measured,quality_gated_measurement,false,pdv_channel_2,automatic
0.00055471225426025647,732421874.75023985,736624477.03247154,570.88396970016538,570.88396970016538,candidate,refined,measured,quality_gated_measurement,false,pdv_channel_2,automatic
0.00055471545426025756,742187499.74690974,739158471.57494473,572.84781547058219,572.84781547058219,candidate,refined,measured,quality_gated_measurement,false,pdv_channel_2,automatic
0.00055471865426025865,742187499.74690974,739380154.69139576,573.01961988583173,573.01961988583173,candidate,refined,measured,quality_gated_measurement,false,pdv_channel_2,automatic
0.00055472185426025974,742187499.74690974,737825825.31797969,571.81501462143422,571.81501462143422,candidate,refined,measured,quality_gated_measurement,false,pdv_channel_2,automatic
0.00055472505426026083,732421874.75023985,737278117.54525828,571.39054109757512,571.39054109757512,candidate,refined,measured,quality_gated_measurement,false,pdv_channel_2,automatic
0.00055472825426026193,732421874.75023985,737037140.39164746,571.20378380352679,571.20378380352679,candidate,refined,measured,quality_gated_measurement,false,pdv_channel_2,automatic
0.00055473145426026302,732421874.75023985,734420664.28904366,569.1760148240088,569.1760148240088,candidate,refined,measured,quality_gated_measurement,false,pdv_channel_2,automatic
0.00055473465426026411,732421874.75023985,730581536.10552216,566.2006904817797,566.2006904817797,candidate,refined,measured,quality_gated_measurement,false,pdv_channel_2,automatic
0.0005547378542602652,732421874.75023985,727943029.80602634,564.15584809967038,564.15584809967038,candidate,refined,measured,quality_gated_measurement,false,pdv_channel_2,automatic
0.00055474105426026629,722656249.75356996,726045721.57300925,562.68543421908214,562.68543421908214,candidate,refined,measured,quality_gated_measurement,false,pdv_channel_2,automatic
0.00055474425426026738,722656249.75356996,725094980.40741158,561.94860981574402,561.94860981574402,candidate,refined,measured,quality_gated_measurement,false,pdv_channel_2,automatic
0.00055474745426026847,722656249.75356996,726569171.35403383,563.09110779937623,563.09110779937623,candidate,refined,measured,quality_gated_measurement,false,pdv_channel_2,automatic
0.00055475065426026956,732421874.75023985,729257454.96729231,565.17452759965158,565.17452759965158,candidate,refined,measured,quality_gated_measurement,false,pdv_channel_2,automatic
0.00055475385426027066,732421874.75023985,730774659.9635464,566.35036147174844,566.35036147174844,candidate,refined,measured,quality_gated_measurement,false,pdv_channel_2,automatic
0.00055475705426027175,732421874.75023985,731123580.70407915,566.62077504566139,566.62077504566139,candidate,refined,measured,quality_gated_measurement,false,pdv_channel_2,automatic
0.00055476025426027284,732421874.75023985,731451500.36175919,566.87491278036339,566.87491278036339,candidate,refined,measured,quality_gated_measurement,false,pdv_channel_2,automatic
0.00055476345426027393,732421874.75023985,731297938.96454215,566.75590269752013,566.75590269752013,candidate,refined,measured,quality_gated_measurement,false,pdv_channel_2,automatic
0.00055476665426027502,732421874.75023985,729383014.27983725,565.2718360668739,565.2718360668739,candidate,refined,measured,quality_gated_measurement,false,pdv_channel_2,automatic
0.00055476985426027611,722656249.75356996,725841633.4111228,562.52726589362021,562.52726589362021,candidate,refined,measured,quality_gated_measurement,false,pdv_channel_2,automatic
0.0005547730542602772,722656249.75356996,723300473.82141018,560.55786721159291,560.55786721159291,candidate,refined,measured,quality_gated_measurement,false,pdv_channel_2,automatic
0.00055477625426027829,722656249.75356996,724722237.74394679,561.6597342515588,561.6597342515588,candidate,refined,measured,quality_gated_measurement,false,pdv_channel_2,automatic
0.00055477945426027938,732421874.75023985,729089129.75181222,565.04407555765442,565.04407555765442,candidate,refined,measured,quality_gated_measurement,false,pdv_channel_2,automatic
0.00055478265426028048,732421874.75023985,731811108.58808708,567.15360915576753,567.15360915576753,candidate,refined,measured,quality_gated_measurement,false,pdv_channel_2,automatic
0.00055478585426028157,732421874.75023985,730565395.4448247,566.18818146973911,566.18818146973911,candidate,refined,measured,quality_gated_measurement,false,pdv_channel_2,automatic
0.00055478905426028266,732421874.75023985,728167334.64917469,564.32968435311034,564.32968435311034,candidate,refined,measured,quality_gated_measurement,false,pdv_channel_2,automatic
0.00055479225426028375,732421874.75023985,727638701.90984464,563.91999398012956,563.91999398012956,candidate,refined,measured,quality_gated_measurement,false,pdv_channel_2,automatic
0.00055479545426028484,732421874.75023985,728848573.65160334,564.85764457999255,564.85764457999255,candidate,refined,measured,quality_gated_measurement,false,pdv_channel_2,automatic
0.00055479865426028593,732421874.75023985,729326656.12081552,565.22815849363201,565.22815849363201,candidate,refined,measured,quality_gated_measurement,false,pdv_channel_2,automatic
0.00055480185426028702,732421874.75023985,728279954.11740196,564.41696444098648,564.41696444098648,candidate,refined,measured,quality_gated_measurement,false,pdv_channel_2,automatic
0.00055480505426028811,732421874.75023985,727670401.39700723,563.94456108268059,563.94456108268059,candidate,refined,measured,quality_gated_measurement,false,pdv_channel_2,automatic
0.00055480825426028921,732421874.75023985,728384709.65284634,564.49814998095587,564.49814998095587,candidate,refined,measured,quality_gated_measurement,false,pdv_channel_2,automatic
0.0005548114542602903,732421874.75023985,729244410.23943567,565.1644179355626,565.1644179355626,candidate,refined,measured,quality_gated_measurement,false,pdv_channel_2,automatic
0.00055481465426029139,732421874.75023985,729424298.62959361,565.30383143793506,565.30383143793506,candidate,refined,measured,quality_gated_measurement,false,pdv_channel_2,automatic
0.00055481785426029248,732421874.75023985,729085507.89659488,565.04126861986106,565.04126861986106,candidate,refined,measured,quality_gated_measurement,false,pdv_channel_2,automatic
0.00055482105426029357,732421874.75023985,728063182.97210717,564.24896680338304,564.24896680338304,candidate,refined,measured,quality_gated_measurement,false,pdv_channel_2,automatic
0.00055482425426029466,722656249.75356996,726845756.49428809,563.30546128307321,563.30546128307321,candidate,refined,measured,quality_gated_measurement,false,pdv_channel_2,automatic
0.00055482745426029575,722656249.75356996,726297964.17470706,562.88092223539797,562.88092223539797,candidate,refined,measured,quality_gated_measurement,false,pdv_channel_2,automatic
0.00055483065426029684,722656249.75356996,725797210.72642934,562.49283831298271,562.49283831298271,candidate,refined,measured,quality_gated_measurement,false,pdv_channel_2,automatic
0.00055483385426029794,722656249.75356996,724667578.00366652,561.61737295284149,561.61737295284149,candidate,refined,measured,quality_gated_measurement,false,pdv_channel_2,automatic
0.00055483705426029903,722656249.75356996,724404027.2809788,561.41312114275854,561.41312114275854,candidate,refined,measured,quality_gated_measurement,false,pdv_channel_2,automatic
0.00055484025426030012,722656249.75356996,726071810.23546481,562.70565293248524,562.70565293248524,candidate,refined,measured,quality_gated_measurement,false,pdv_channel_2,automatic
0.00055484345426030121,732421874.75023985,727736409.03385699,563.9957170012392,563.9957170012392,candidate,refined,measured,quality_gated_measurement,false,pdv_channel_2,automatic
0.0005548466542603023,732421874.75023985,728073190.59664798,564.25672271240217,564.25672271240217,candidate,refined,measured,quality_gated_measurement,false,pdv_channel_2,automatic
0.00055484985426030339,722656249.75356996,727537458.04485118,563.84152998475963,563.84152998475963,candidate,refined,measured,quality_gated_measurement,false,pdv_channel_2,automatic
0.00055485305426030448,722656249.75356996,726624944.20925879,563.13433176217552,563.13433176217552,candidate,refined,measured,quality_gated_measurement,false,pdv_channel_2,automatic
0.00055485625426030557,722656249.75356996,726341954.04987299,562.91501438865157,562.91501438865157,candidate,refined,measured,quality_gated_measurement,false,pdv_channel_2,automatic
0.00055485945426030667,722656249.75356996,727451458.74588037,563.77488052805722,563.77488052805722,candidate,refined,measured,quality_gated_measurement,false,pdv_channel_2,automatic
0.00055486265426030776,732421874.75023985,728532257.36856472,564.61249946063765,564.61249946063765,candidate,refined,measured,quality_gated_measurement,false,pdv_channel_2,automatic
0.00055486585426030885,732421874.75023985,728680718.76223969,564.72755704073575,564.72755704073575,candidate,refined,measured,quality_gated_measurement,false,pdv_channel_2,automatic
0.00055486905426030994,732421874.75023985,728174007.03890193,564.33485545514895,564.33485545514895,candidate,refined,measured,quality_gated_measurement,false,pdv_channel_2,automatic
0.00055487225426031103,722656249.75356996,727036947.45205724,563.45363427534437,563.45363427534437,candidate,refined,measured,quality_gated_measurement,false,pdv_channel_2,automatic
0.00055487545426031212,722656249.75356996,725909422.13225877,562.57980215250052,562.57980215250052,candidate,refined,measured,quality_gated_measurement,false,pdv_channel_2,automatic
0.00055487865426031321,722656249.75356996,726441665.29130077,562.99229060075811,562.99229060075811,candidate,refined,measured,quality_gated_measurement,false,pdv_channel_2,automatic
0.0005548818542603143,732421874.75023985,728119063.32263041,564.29227407503856,564.29227407503856,candidate,refined,measured,quality_gated_measurement,false,pdv_channel_2,automatic
0.0005548850542603154,732421874.75023985,729277405.84031892,565.18998952624713,565.18998952624713,candidate,refined,measured,quality_gated_measurement,false,pdv_channel_2,automatic
0.00055488825426031649,732421874.75023985,729378823.72647274,565.26858838801638,565.26858838801638,candidate,refined,measured,quality_gated_measurement,false,pdv_channel_2,automatic
0.00055489145426031758,732421874.75023985,729310249.41959906,565.21544330018924,565.21544330018924,candidate,refined,measured,quality_gated_measurement,false,pdv_channel_2,automatic
0.00055489465426031867,732421874.75023985,729962013.79612887,565.72056069199982,565.72056069199982,candidate,refined,measured,quality_gated_measurement,false,pdv_channel_2,automatic
0.00055489785426031976,732421874.75023985,730750100.15714109,566.33132762178434,566.33132762178434,candidate,refined,measured,quality_gated_measurement,false,pdv_channel_2,automatic
0.00055490105426032085,732421874.75023985,730358342.492926,566.02771543201766,566.02771543201766,candidate,refined,measured,quality_gated_measurement,false,pdv_channel_2,automatic
0.00055490425426032194,732421874.75023985,729047126.77545142,565.01152325097485,565.01152325097485,candidate,refined,measured,quality_gated_measurement,false,pdv_channel_2,automatic
0.00055490745426032303,732421874.75023985,728376123.43172622,564.49149565958783,564.49149565958783,candidate,refined,measured,quality_gated_measurement,false,pdv_channel_2,automatic
0.00055491065426032412,732421874.75023985,728932460.76973188,564.92265709654225,564.92265709654225,candidate,refined,measured,quality_gated_measurement,false,pdv_channel_2,automatic
0.00055491385426032522,732421874.75023985,729457866.26570475,565.32984635592118,565.32984635592118,candidate,refined,measured,quality_gated_measurement,false,pdv_channel_2,automatic
0.00055491705426032631,732421874.75023985,729202531.01236558,565.1319615345833,565.1319615345833,candidate,refined,measured,quality_gated_measurement,false,pdv_channel_2,automatic
0.0005549202542603274,732421874.75023985,728714189.73916233,564.75349704785083,564.75349704785083,candidate,refined,measured,quality_gated_measurement,false,pdv_channel_2,automatic
0.00055492345426032849,732421874.75023985,728292007.99439609,564.42630619565693,564.42630619565693,candidate,refined,measured,quality_gated_measurement,false,pdv_channel_2,automatic
0.00055492665426032958,732421874.75023985,727686361.95386541,563.95693051424564,563.95693051424564,candidate,refined,measured,quality_gated_measurement,false,pdv_channel_2,automatic
0.00055492985426033067,732421874.75023985,727577011.74546993,563.8721841027392,563.8721841027392,candidate,refined,measured,quality_gated_measurement,false,pdv_channel_2,automatic
0.00055493305426033176,732421874.75023985,727671271.27803111,563.94523524047406,563.94523524047406,candidate,refined,measured,quality_gated_measurement,false,pdv_channel_2,automatic
0.00055493625426033285,722656249.75356996,726910480.36693799,563.35562228437698,563.35562228437698,candidate,refined,measured,quality_gated_measurement,false,pdv_channel_2,automatic
0.00055493945426033395,722656249.75356996,726114168.89363861,562.7384808925699,562.7384808925699,candidate,refined,measured,quality_gated_measurement,false,pdv_channel_2,automatic
0.00055494265426033504,722656249.75356996,726858768.95950747,563.3155459436183,563.3155459436183,candidate,refined,measured,quality_gated_measurement,false,pdv_channel_2,automatic
0.00055494585426033613,732421874.75023985,728773196.17669976,564.79922703694228,564.79922703694228,candidate,refined,measured,quality_gated_measurement,false,pdv_channel_2,automatic
0.00055494905426033722,732421874.75023985,730675855.20732772,566.27378778567902,566.27378778567902,candidate,refined,measured,quality_gated_measurement,false,pdv_channel_2,automatic
0.00055495225426033831,732421874.75023985,732083410.71245551,567.36464330215301,567.36464330215301,candidate,refined,measured,quality_gated_measurement,false,pdv_channel_2,automatic
0.0005549554542603394,732421874.75023985,732526137.27052438,567.70775638465636,567.70775638465636,candidate,refined,measured,quality_gated_measurement,false,pdv_channel_2,automatic
0.00055495865426034049,732421874.75023985,731819037.46569693,567.15975403591517,567.15975403591517,candidate,refined,measured,quality_gated_measurement,false,pdv_channel_2,automatic
0.00055496185426034158,732421874.75023985,730495208.12725019,566.13378629861893,566.13378629861893,candidate,refined,measured,quality_gated_measurement,false,pdv_channel_2,automatic
0.00055496505426034268,732421874.75023985,729469970.05928886,565.33922679594889,565.33922679594889,candidate,refined,measured,quality_gated_measurement,false,pdv_channel_2,automatic
0.00055496825426034377,732421874.75023985,728774392.63045704,564.80015428860418,564.80015428860418,candidate,refined,measured,quality_gated_measurement,false,pdv_channel_2,automatic
0.00055497145426034486,732421874.75023985,728079813.84135282,564.26185572704844,564.26185572704844,candidate,refined,measured,quality_gated_measurement,false,pdv_channel_2,automatic
0.00055497465426034595,722656249.75356996,727351105.46035933,563.69710673177849,563.69710673177849,candidate,refined,measured,quality_gated_measurement,false,pdv_channel_2,automatic
0.00055497785426034704,722656249.75356996,727343039.27619874,563.69085543905408,563.69085543905408,candidate,refined,measured,quality_gated_measurement,false,pdv_channel_2,automatic
0.00055498105426034813,732421874.75023985,728467330.21483362,564.562180916496,564.562180916496,candidate,refined,measured,quality_gated_measurement,false,pdv_channel_2,automatic
0.00055498425426034922,732421874.75023985,729957529.88589311,565.71708566156713,565.71708566156713,candidate,refined,measured,quality_gated_measurement,false,pdv_channel_2,automatic
0.00055498745426035031,732421874.75023985,730647248.19360292,566.25161735004224,566.25161735004224,candidate,refined,measured,quality_gated_measurement,false,pdv_channel_2,automatic
0.00055499065426035141,732421874.75023985,730756138.56423938,566.33600738728546,566.33600738728546,candidate,refined,measured,quality_gated_measurement,false,pdv_channel_2,automatic
0.0005549938542603525,732421874.75023985,731093882.71772194,566.59775910623455,566.59775910623455,candidate,refined,measured,quality_gated_measurement,false,pdv_channel_2,automatic
0.00055499705426035359,732421874.75023985,731272242.64140272,566.73598804708706,566.73598804708706,candidate,refined,measured,quality_gated_measurement,false,pdv_channel_2,automatic
0.00055500025426035468,732421874.75023985,730468109.49401557,566.11278485786204,566.11278485786204,candidate,refined,measured,quality_gated_measurement,false,pdv_channel_2,automatic
0.00055500345426035577,732421874.75023985,728840823.06807637,564.85163787775923,564.85163787775923,candidate,refined,measured,quality_gated_measurement,false,pdv_channel_2,automatic
0.00055500665426035686,732421874.75023985,727628816.05120623,563.91233243968486,563.91233243968486,candidate,refined,measured,quality_gated_measurement,false,pdv_channel_2,automatic
0.00055500985426035795,732421874.75023985,727982243.5949074,564.1862387860532,564.1862387860532,candidate,refined,measured,quality_gated_measurement,false,pdv_channel_2,automatic
0.00055501305426035904,732421874.75023985,729489069.32423246,565.35402872628015,565.35402872628015,candidate,refined,measured,quality_gated_measurement,false,pdv_channel_2,automatic
0.00055501625426036014,732421874.75023985,730367097.52132905,566.03450057903001,566.03450057903001,candidate,refined,measured,quality_gated_measurement,false,pdv_channel_2,automatic
0.00055501945426036123,732421874.75023985,729798743.50637758,565.59402621744266,565.59402621744266,candidate,refined,measured,quality_gated_measurement,false,pdv_channel_2,automatic
0.00055502265426036232,732421874.75023985,728393170.82318914,564.50470738797162,564.50470738797162,candidate,refined,measured,quality_gated_measurement,false,pdv_channel_2,automatic
0.00055502585426036341,722656249.75356996,726975248.65099764,563.4058177045232,563.4058177045232,candidate,refined,measured,quality_gated_measurement,false,pdv_channel_2,automatic
0.0005550290542603645,722656249.75356996,726104770.51144087,562.73119714636664,562.73119714636664,candidate,refined,measured,quality_gated_measurement,false,pdv_channel_2,automatic
0.00055503225426036559,722656249.75356996,726224352.81809676,562.82387343402502,562.82387343402502,candidate,refined,measured,quality_gated_measurement,false,pdv_channel_2,automatic
0.00055503545426036668,722656249.75356996,727208451.47219825,563.58654989095362,563.58654989095362,candidate,refined,measured,quality_gated_measurement,false,pdv_channel_2,automatic
0.00055503865426036777,732421874.75023985,728531729.24699342,564.61209016641988,564.61209016641988,candidate,refined,measured,quality_gated_measurement,false,pdv_channel_2,automatic
0.00055504185426036886,732421874.75023985,729666545.19627762,565.49157252711518,565.49157252711518,candidate,refined,measured,quality_gated_measurement,false,pdv_channel_2,automatic
0.00055504505426036996,732421874.75023985,730239212.77858615,565.93538990340426,565.93538990340426,candidate,refined,measured,quality_gated_measurement,false,pdv_channel_2,automatic
0.00055504825426037105,732421874.75023985,729811035.67689359,565.60355264959253,565.60355264959253,candidate,refined,measured,quality_gated_measurement,false,pdv_channel_2,automatic
0.00055505145426037214,732421874.75023985,728016602.20486641,564.21286670877146,564.21286670877146,candidate,refined,measured,quality_gated_measurement,false,pdv_channel_2,automatic
0.00055505465426037323,722656249.75356996,725791355.90821123,562.48830082886366,562.48830082886366,candidate,refined,measured,quality_gated_measurement,false,pdv_channel_2,automatic
0.00055505785426037432,722656249.75356996,724870219.56840301,561.77442016551231,561.77442016551231,candidate,refined,measured,quality_gated_measurement,false,pdv_channel_2,automatic
0.00055506105426037541,722656249.75356996,725650114.98778212,562.37883911553115,562.37883911553115,candidate,refined,measured,quality_gated_measurement,false,pdv_channel_2,automatic
0.0005550642542603765,722656249.75356996,727061312.55726027,563.47251723187674,563.47251723187674,candidate,refined,measured,quality_gated_measurement,false,pdv_channel_2,automatic
0.00055506745426037759,732421874.75023985,728161093.06183648,564.3248471229233,564.3248471229233,candidate,refined,measured,quality_gated_measurement,false,pdv_channel_2,automatic
0.00055507065426037869,732421874.75023985,728668882.09963441,564.71838362721667,564.71838362721667,candidate,refined,measured,quality_gated_measurement,false,pdv_channel_2,automatic
0.00055507385426037978,732421874.75023985,728558375.59202421,564.6327410838187,564.6327410838187,candidate,refined,measured,quality_gated_measurement,false,pdv_channel_2,automatic
0.00055507705426038087,732421874.75023985,728140594.5351404,564.3089607647338,564.3089607647338,candidate,refined,measured,quality_gated_measurement,false,pdv_channel_2,automatic
0.00055508025426038196,732421874.75023985,727898864.40833795,564.1216199164619,564.1216199164619,candidate,refined,measured,quality_gated_measurement,false,pdv_channel_2,automatic
0.00055508345426038305,732421874.75023985,728173589.13778627,564.3345315817844,564.3345315817844,candidate,refined,measured,quality_gated_measurement,false,pdv_channel_2,automatic
0.00055508665426038414,732421874.75023985,728909062.02437294,564.90452306888903,564.90452306888903,candidate,refined,measured,quality_gated_measurement,false,pdv_channel_2,automatic
0.00055508985426038523,732421874.75023985,729760531.09025955,565.56441159495114,565.56441159495114,candidate,refined,measured,quality_gated_measurement,false,pdv_channel_2,automatic
0.00055509305426038632,732421874.75023985,730183065.39409661,565.89187568042485,565.89187568042485,candidate,refined,measured,quality_gated_measurement,false,pdv_channel_2,automatic
0.00055509625426038742,732421874.75023985,729977276.02439117,565.7323889189031,565.7323889189031,candidate,refined,measured,quality_gated_measurement,false,pdv_channel_2,automatic
0.00055509945426038851,732421874.75023985,729431876.84798729,565.30970455719012,565.30970455719012,candidate,refined,measured,quality_gated_measurement,false,pdv_channel_2,automatic
0.0005551026542603896,732421874.75023985,728909651.32862556,564.90497977968482,564.90497977968482,candidate,refined,measured,quality_gated_measurement,false,pdv_channel_2,automatic
0.00055510585426039069,732421874.75023985,728183022.38292301,564.34184234676536,564.34184234676536,candidate,refined,measured,quality_gated_measurement,false,pdv_channel_2,automatic
0.00055510905426039178,722656249.75356996,727112920.96073449,563.51251374456922,563.51251374456922,candidate,refined,measured,quality_gated_measurement,false,pdv_channel_2,automatic
0.00055511225426039287,722656249.75356996,726092292.94249725,562.72152703043537,562.72152703043537,candidate,refined,measured,quality_gated_measurement,false,pdv_channel_2,automatic
0.00055511545426039396,722656249.75356996,725679781.57270169,562.40183071884383,562.40183071884383,candidate,refined,measured,quality_gated_measurement,false,pdv_channel_2,automatic
0.00055511865426039505,722656249.75356996,725868927.01829505,562.5484184391787,562.5484184391787,candidate,refined,measured,quality_gated_measurement,false,pdv_channel_2,automatic
0.00055512185426039615,722656249.75356996,726102559.49256539,562.7294836067382,562.7294836067382,candidate,refined,measured,quality_gated_measurement,false,pdv_channel_2,automatic
0.00055512505426039724,722656249.75356996,725846882.32083607,562.53133379864789,562.53133379864789,candidate,refined,measured,quality_gated_measurement,false,pdv_channel_2,automatic
0.00055512825426039833,722656249.75356996,725212549.91995835,562.03972618796774,562.03972618796774,candidate,refined,measured,quality_gated_measurement,false,pdv_channel_2,automatic
0.00055513145426039942,722656249.75356996,724634418.86622357,561.59167462132325,561.59167462132325,candidate,refined,measured,quality_gated_measurement,false,pdv_channel_2,automatic
0.00055513465426040051,722656249.75356996,724747634.94765353,561.67941708443152,561.67941708443152,candidate,refined,measured,quality_gated_measurement,false,pdv_channel_2,automatic
0.0005551378542604016,722656249.75356996,725557198.14239109,562.3068285603531,562.3068285603531,candidate,refined,measured,quality_gated_measurement,false,pdv_channel_2,automatic
0.00055514105426040269,722656249.75356996,726032186.96143258,562.67494489511023,562.67494489511023,candidate,refined,measured,quality_gated_measurement,false,pdv_channel_2,automatic
0.00055514425426040378,722656249.75356996,725717762.21770656,562.43126571872256,562.43126571872256,candidate,refined,measured,quality_gated_measurement,false,pdv_channel_2,automatic
0.00055514745426040488,722656249.75356996,725361705.48235548,562.15532174882549,562.15532174882549,candidate,refined,measured,quality_gated_measurement,false,pdv_channel_2,automatic
0.00055515065426040597,722656249.75356996,725062874.20144069,561.92372750611651,561.92372750611651,candidate,refined,measured,quality_gated_measurement,false,pdv_channel_2,automatic
0.00055515385426040706,722656249.75356996,724374953.6987443,561.39058911652683,561.39058911652683,candidate,refined,measured,quality_gated_measurement,false,pdv_channel_2,automatic
0.00055515705426040815,722656249.75356996,723928316.09852982,561.04444497636064,561.04444497636064,candidate,refined,measured,quality_gated_measurement,false,pdv_channel_2,automatic
0.00055516025426040924,722656249.75356996,724338262.2238158,561.3621532234572,561.3621532234572,candidate,refined,measured,quality_gated_measurement,false,pdv_channel_2,automatic
0.00055516345426041033,722656249.75356996,724886833.99104261,561.78729634305807,561.78729634305807,candidate,refined,measured,quality_gated_measurement,false,pdv_channel_2,automatic
0.00055516665426041142,722656249.75356996,724616747.72790933,561.57797948912969,561.57797948912969,candidate,refined,measured,quality_gated_measurement,false,pdv_channel_2,automatic
0.00055516985426041251,722656249.75356996,723655775.82962346,560.83322626795814,560.83322626795814,candidate,refined,measured,quality_gated_measurement,false,pdv_channel_2,automatic
0.0005551730542604136,722656249.75356996,722906207.60222542,560.25231089172473,560.25231089172473,candidate,refined,measured,quality_gated_measurement,false,pdv_channel_2,automatic
0.0005551762542604147,722656249.75356996,723096704.29254782,560.39994582672455,560.39994582672455,candidate,refined,measured,quality_gated_measurement,false,pdv_channel_2,automatic
0.00055517945426041579,722656249.75356996,724046490.3331666,561.1360300082041,561.1360300082041,candidate,refined,measured,quality_gated_measurement,false,pdv_channel_2,automatic
0.00055518265426041688,722656249.75356996,724847276.36788547,561.75663918511123,561.75663918511123,candidate,refined,measured,quality_gated_measurement,false,pdv_channel_2,automatic
0.00055518585426041797,722656249.75356996,724761044.6544205,561.6898096071759,561.6898096071759,candidate,refined,measured,quality_gated_measurement,false,pdv_channel_2,automatic
0.00055518905426041906,722656249.75356996,723949019.79455233,561.06049034077807,561.06049034077807,candidate,refined,measured,quality_gated_measurement,false,pdv_channel_2,automatic
0.00055519225426042015,722656249.75356996,722579955.22694457,559.99946530088198,559.99946530088198,candidate,refined,measured,quality_gated_measurement,false,pdv_channel_2,automatic
0.00055519545426042124,722656249.75356996,719774290.12034535,557.82507484326766,557.82507484326766,candidate,refined,measured,quality_gated_measurement,false,pdv_channel_2,automatic
0.00055519865426042233,712890624.75690007,715053909.56662488,554.16677991413428,554.16677991413428,candidate,refined,measured,quality_gated_measurement,false,pdv_channel_2,automatic
0.00055520185426042343,712890624.75690007,709835417.42455733,550.12244850403192,550.12244850403192,candidate,refined,measured,quality_gated_measurement,false,pdv_channel_2,automatic
0.00055520505426042452,703124999.76023018,706414737.5891118,547.47142163156161,547.47142163156161,candidate,refined,measured,quality_gated_measurement,false,pdv_channel_2,automatic
0.00055520825426042561,703124999.76023018,704823725.96909809,546.23838762605101,546.23838762605101,candidate,refined,measured,quality_gated_measurement,false,pdv_channel_2,automatic
0.0005552114542604267,703124999.76023018,703421245.57471132,545.15146532040126,545.15146532040126,candidate,refined,measured,quality_gated_measurement,false,pdv_channel_2,automatic
0.00055521465426042779,703124999.76023018,701069665.48084879,543.32899074765783,543.32899074765783,candidate,refined,measured,quality_gated_measurement,false,pdv_channel_2,automatic
0.00055521785426042888,693359374.76356041,697837468.95502567,540.82403844014493,540.82403844014493,candidate,refined,measured,quality_gated_measurement,false,pdv_channel_2,automatic
0.00055522105426042997,693359374.76356041,693825256.00169683,537.71457340131508,537.71457340131508,candidate,refined,measured,quality_gated_measurement,false,pdv_channel_2,automatic
0.00055522425426043106,693359374.76356041,688917071.59931278,533.91073048946737,533.91073048946737,candidate,refined,measured,quality_gated_measurement,false,pdv_channel_2,automatic
0.00055522745426043216,683593749.76689053,683146939.54828703,529.4388781499224,529.4388781499224,candidate,refined,measured,quality_gated_measurement,false,pdv_channel_2,automatic
0.00055523065426043325,673828124.77022064,677460612.25195825,525.0319744952676,525.0319744952676,candidate,refined,measured,quality_gated_measurement,false,pdv_channel_2,automatic
0.00055523385426043434,673828124.77022064,672760810.40575564,521.38962806446057,521.38962806446057,candidate,refined,measured,quality_gated_measurement,false,pdv_channel_2,automatic
0.00055523705426043543,664062499.77355075,668657020.05878937,518.2091905455618,518.2091905455618,candidate,refined,measured,quality_gated_measurement,false,pdv_channel_2,automatic
0.00055524025426043652,664062499.77355075,663887803.89706624,514.51304802022628,514.51304802022628,candidate,refined,measured,quality_gated_measurement,false,pdv_channel_2,automatic
0.00055524345426043761,654296874.77688086,658054188.36897719,509.99199598595732,509.99199598595732,candidate,refined,measured,quality_gated_measurement,false,pdv_channel_2,automatic
0.0005552466542604387,654296874.77688086,651488333.78822386,504.90345868587349,504.90345868587349,candidate,refined,measured,quality_gated_measurement,false,pdv_channel_2,automatic
0.00055524985426043979,644531249.78021109,644472968.32039309,499.46655044830464,499.46655044830464,candidate,refined,measured,quality_gated_measurement,false,pdv_channel_2,automatic
0.00055525305426044089,634765624.7835412,637158425.58683276,493.79777982979539,493.79777982979539,candidate,refined,measured,quality_gated_measurement,false,pdv_channel_2,automatic
0.00055525625426044198,624999999.78687131,629422614.5848856,487.80252630328636,487.80252630328636,candidate,refined,measured,quality_gated_measurement,false,pdv_channel_2,automatic
0.00055525945426044307,624999999.78687131,620925507.8924787,481.21726861667099,481.21726861667099,candidate,refined,measured,quality_gated_measurement,false,pdv_channel_2,automatic
0.00055526265426044416,615234374.79020143,611483726.6317848,473.89988813963322,473.89988813963322,candidate,refined,measured,quality_gated_measurement,false,pdv_channel_2,automatic
0.00055526585426044525,605468749.79353154,600998841.515643,465.77410217462329,465.77410217462329,candidate,refined,measured,quality_gated_measurement,false,pdv_channel_2,automatic
0.00055526905426044634,585937499.80019188,589580517.44831741,456.92490102244597,456.92490102244597,candidate,refined,measured,quality_gated_measurement,false,pdv_channel_2,automatic
0.00055527225426044743,576171874.80352199,577536768.70189738,447.59099574397044,447.59099574397044,candidate,refined,measured,quality_gated_measurement,false,pdv_channel_2,automatic
0.00055527545426044852,566406249.8068521,565030321.33812404,437.89849903704612,437.89849903704612,candidate,refined,measured,quality_gated_measurement,false,pdv_channel_2,automatic
0.00055527865426044961,556640624.81018221,552177380.65452683,427.9374700072583,427.9374700072583,candidate,refined,measured,quality_gated_measurement,false,pdv_channel_2,automatic
0.00055528185426045071,537109374.81684256,539073587.61069345,417.78203039828742,417.78203039828742,candidate,refined,measured,quality_gated_measurement,false,pdv_channel_2,automatic
0.0005552850542604518,527343749.82017267,525748837.18804133,407.45534882073201,407.45534882073201,candidate,refined,measured,quality_gated_measurement,false,pdv_channel_2,automatic
0.00055528825426045289,507812499.82683295,511818984.98491323,396.65971336330773,396.65971336330773,candidate,refined,measured,quality_gated_measurement,false,pdv_channel_2,automatic
0.00055529145426045398,498046874.83016306,496861530.93010092,385.06768647082822,385.06768647082822,candidate,refined,measured,quality_gated_measurement,false,pdv_channel_2,automatic
0.00055529465426045507,478515624.83682334,481141673.95419347,372.88479731449996,372.88479731449996,candidate,refined,measured,quality_gated_measurement,false,pdv_channel_2,automatic
0.00055529785426045616,468749999.84015346,464879931.38648999,360.28194682452971,360.28194682452971,candidate,refined,measured,quality_gated_measurement,false,pdv_channel_2,automatic
0.00055530105426045725,449218749.84681374,448164096.86736941,347.32717507221128,347.32717507221128,candidate,refined,measured,quality_gated_measurement,false,pdv_channel_2,automatic
0.00055530425426045834,429687499.85347402,431094643.79897285,334.09834894420396,334.09834894420396,candidate,refined,measured,quality_gated_measurement,false,pdv_channel_2,automatic
0.00055530745426045944,410156249.8601343,413584674.04425234,320.52812238429556,320.52812238429556,candidate,refined,measured,quality_gated_measurement,false,pdv_channel_2,automatic
0.00055531065426046053,400390624.86346442,396221560.38130522,307.07170929551154,307.07170929551154,candidate,refined,measured,quality_gated_measurement,false,pdv_channel_2,automatic
0.00055531385426046162,380859374.8701247,380200984.72259849,294.65576316001381,294.65576316001381,candidate,refined,measured,quality_gated_measurement,false,pdv_channel_2,automatic
0.00055531705426046271,361328124.87678498,366134898.98637205,283.75454671443833,283.75454671443833,candidate,refined,measured,quality_gated_measurement,false,pdv_channel_2,automatic
0.0005553202542604638,351562499.88011509,353796718.16022635,274.19245657417542,274.19245657417542,candidate,refined,measured,quality_gated_measurement,false,pdv_channel_2,automatic
0.00055532345426046489,341796874.88344526,342856136.84366053,265.71350605383691,265.71350605383691,candidate,refined,measured,quality_gated_measurement,false,pdv_channel_2,automatic
0.00055532665426046598,332031249.88677537,332576250.27078021,257.74659395985464,257.74659395985464,candidate,refined,measured,quality_gated_measurement,false,pdv_channel_2,automatic
0.00055532985426046707,322265624.89010555,322765524.29076886,250.14328132534587,250.14328132534587,candidate,refined,measured,quality_gated_measurement,false,pdv_channel_2,automatic
0.00055533305426046817,312499999.89343566,313874610.74017447,243.25282332363523,243.25282332363523,candidate,refined,measured,quality_gated_measurement,false,pdv_channel_2,automatic
0.00055533625426046926,302734374.89676577,306175663.54856849,237.28613925014056,237.28613925014056,candidate,refined,measured,quality_gated_measurement,false,pdv_channel_2,automatic
0.00055533945426047035,302734374.89676577,299683807.38167173,232.25495072079559,232.25495072079559,candidate,refined,measured,quality_gated_measurement,false,pdv_channel_2,automatic
0.00055534265426047144,292968749.90009594,294271553.74313796,228.06045415093192,228.06045415093192,candidate,refined,measured,quality_gated_measurement,false,pdv_channel_2,automatic
0.00055534585426047253,292968749.90009594,289773207.80550951,224.57423604926987,224.57423604926987,candidate,refined,measured,quality_gated_measurement,false,pdv_channel_2,automatic
0.00055534905426047362,283203124.90342605,286020752.11553407,221.6660828895389,221.6660828895389,candidate,refined,measured,quality_gated_measurement,false,pdv_channel_2,automatic
0.00055535225426047471,283203124.90342605,283035455.20577532,219.35247778447587,219.35247778447587,candidate,refined,measured,quality_gated_measurement,false,pdv_channel_2,automatic
0.0005553554542604758,283203124.90342605,280590621.80160749,217.4577318962458,217.4577318962458,candidate,refined,measured,quality_gated_measurement,false,pdv_channel_2,automatic
0.0005553586542604769,273437499.90675622,278058621.35240436,215.49543154811337,215.49543154811337,candidate,refined,measured,quality_gated_measurement,false,pdv_channel_2,automatic
0.00055536185426047799,273437499.90675622,276113470.06864798,213.98793930320218,213.98793930320218,candidate,refined,measured,quality_gated_measurement,false,pdv_channel_2,automatic
0.00055536505426047908,273437499.90675622,275315882.87438262,213.36980922764653,213.36980922764653,candidate,refined,measured,quality_gated_measurement,false,pdv_channel_2,automatic
0.00055536825426048017,273437499.90675622,275124353.32894272,213.2213738299306,213.2213738299306,candidate,refined,measured,quality_gated_measurement,false,pdv_channel_2,automatic
0.00055537145426048126,273437499.90675622,275164587.3744269,213.25255521518085,213.25255521518085,candidate,refined,measured,quality_gated_measurement,false,pdv_channel_2,automatic
0.00055537465426048235,273437499.90675622,275401151.26684833,213.43589223180746,213.43589223180746,candidate,refined,measured,quality_gated_measurement,false,pdv_channel_2,automatic
0.00055537785426048344,273437499.90675622,275099315.39967573,213.20196943474869,213.20196943474869,candidate,refined,measured,quality_gated_measurement,false,pdv_channel_2,automatic
0.00055538105426048453,273437499.90675622,274447560.62832487,212.69685948695178,212.69685948695178,candidate,refined,measured,quality_gated_measurement,false,pdv_channel_2,automatic
0.00055538425426048563,273437499.90675622,274415501.13529915,212.67201337985685,212.67201337985685,candidate,refined,measured,quality_gated_measurement,false,pdv_channel_2,automatic
0.00055538745426048672,273437499.90675622,274949655.74217969,213.08598320018925,213.08598320018925,candidate,refined,measured,quality_gated_measurement,false,pdv_channel_2,automatic
0.00055539065426048781,273437499.90675622,275410355.18339694,213.44302526713261,213.44302526713261,candidate,refined,measured,quality_gated_measurement,false,pdv_channel_2,automatic
0.0005553938542604889,273437499.90675622,275913624.05103993,213.83305863955596,213.83305863955596,candidate,refined,measured,quality_gated_measurement,false,pdv_channel_2,automatic
0.00055539705426048999,273437499.90675622,276485331.48754996,214.2761319028512,214.2761319028512,candidate,refined,measured,quality_gated_measurement,false,pdv_channel_2,automatic
0.00055540025426049108,273437499.90675622,277263012.15448308,214.8788344197244,214.8788344197244,candidate,refined,measured,quality_gated_measurement,false,pdv_channel_2,automatic
0.00055540345426049217,283203124.90342605,278569177.94145036,215.89111290462404,215.89111290462404,candidate,refined,measured,quality_gated_measurement,false,pdv_channel_2,automatic
0.00055540665426049326,283203124.90342605,279993145.37528837,216.99468766584849,216.99468766584849,candidate,refined,measured,quality_gated_measurement,false,pdv_channel_2,automatic
0.00055540985426049435,283203124.90342605,280914209.28785682,217.70851219808904,217.70851219808904,candidate,refined,measured,quality_gated_measurement,false,pdv_channel_2,automatic
0.00055541305426049545,283203124.90342605,280645483.64317399,217.50024982345985,217.50024982345985,candidate,refined,measured,quality_gated_measurement,false,pdv_channel_2,automatic
0.00055541625426049654,283203124.90342605,278922378.86076283,216.16484361709121,216.16484361709121,candidate,refined,measured,quality_gated_measurement,false,pdv_channel_2,automatic
0.00055541945426049763,273437499.90675622,277862356.06469834,215.34332595014121,215.34332595014121,candidate,refined,measured,quality_gated_measurement,false,pdv_channel_2,automatic
0.00055542265426049872,283203124.90342605,279042281.90649551,216.25776847753403,216.25776847753403,candidate,refined,measured,quality_gated_measurement,false,pdv_channel_2,automatic
0.00055542585426049981,283203124.90342605,280179149.51326072,217.13884087277705,217.13884087277705,candidate,refined,measured,quality_gated_measurement,false,pdv_channel_2,automatic
0.0005554290542605009,283203124.90342605,279826613.28529453,216.86562529610325,216.86562529610325,candidate,refined,measured,quality_gated_measurement,false,pdv_channel_2,automatic
0.00055543225426050199,283203124.90342605,280288360.37565506,217.22347929113266,217.22347929113266,candidate,refined,measured,quality_gated_measurement,false,pdv_channel_2,automatic
0.00055543545426050308,283203124.90342605,282561597.39014906,218.98523797736553,218.98523797736553,candidate,refined,measured,quality_gated_measurement,false,pdv_channel_2,automatic
0.00055543865426050418,283203124.90342605,285370619.23174495,221.16222990460233,221.16222990460233,candidate,refined,measured,quality_gated_measurement,false,pdv_channel_2,automatic
0.00055544185426050527,292968749.90009594,288185028.88124686,223.34339738296632,223.34339738296632,candidate,refined,measured,quality_gated_measurement,false,pdv_channel_2,automatic
0.00055544505426050636,292968749.90009594,289931825.72623974,224.69716493783579,224.69716493783579,candidate,refined,measured,quality_gated_measurement,false,pdv_channel_2,automatic
0.00055544825426050745,292968749.90009594,289798206.42368597,224.59360997835662,224.59360997835662,candidate,refined,measured,quality_gated_measurement,false,pdv_channel_2,automatic
0.00055545145426050854,292968749.90009594,289050199.83081746,224.01390486888354,224.01390486888354,candidate,refined,measured,quality_gated_measurement,false,pdv_channel_2,automatic
0.00055545465426050963,292968749.90009594,289285829.67212516,224.19651799589701,224.19651799589701,candidate,refined,measured,quality_gated_measurement,false,pdv_channel_2,automatic
0.00055545785426051072,292968749.90009594,289472513.7982927,224.34119819367683,224.34119819367683,candidate,refined,measured,quality_gated_measurement,false,pdv_channel_2,automatic
0.00055546105426051181,292968749.90009594,289771656.85927552,224.57303406593851,224.57303406593851,candidate,refined,measured,quality_gated_measurement,false,pdv_channel_2,automatic
0.00055546425426051291,292968749.90009594,292567355.34959376,226.73970039593516,226.73970039593516,candidate,refined,measured,quality_gated_measurement,false,pdv_channel_2,automatic
0.000555467454260514,292968749.90009594,296553599.25891674,229.82903942566045,229.82903942566045,candidate,refined,measured,quality_gated_measurement,false,pdv_channel_2,automatic
0.00055547065426051509,302734374.89676577,298508760.88663369,231.3442896871411,231.3442896871411,candidate,refined,measured,quality_gated_measurement,false,pdv_channel_2,automatic
0.00055547385426051618,302734374.89676577,298643772.41641551,231.44892362272202,231.44892362272202,candidate,refined,measured,quality_gated_measurement,false,pdv_channel_2,automatic
0.00055547705426051727,302734374.89676577,299150720.59087914,231.84180845793134,231.84180845793134,candidate,refined,measured,quality_gated_measurement,false,pdv_channel_2,automatic
0.00055548025426051836,302734374.89676577,300716340.867993,233.05516417269456,233.05516417269456,candidate,refined,measured,quality_gated_measurement,false,pdv_channel_2,automatic
0.00055548345426051945,302734374.89676577,302550975.02087259,234.47700564117625,234.47700564117625,candidate,refined,measured,quality_gated_measurement,false,pdv_channel_2,automatic
0.00055548665426052054,302734374.89676577,304064682.61052787,235.65012902315911,235.65012902315911,candidate,refined,measured,quality_gated_measurement,false,pdv_channel_2,automatic
0.00055548985426052164,302734374.89676577,305178650.16006863,236.5134538740532,236.5134538740532,candidate,refined,measured,quality_gated_measurement,false,pdv_channel_2,automatic
0.00055549305426052273,302734374.89676577,306110851.70593697,237.23591007210115,237.23591007210115,candidate,refined,measured,quality_gated_measurement,false,pdv_channel_2,automatic
0.00055549625426052382,302734374.89676577,306442558.59047616,237.49298290761902,237.49298290761902,candidate,refined,measured,quality_gated_measurement,false,pdv_channel_2,automatic
0.00055549945426052491,302734374.89676577,304899436.91180146,236.29706360664613,236.29706360664613,candidate,refined,measured,quality_gated_measurement,false,pdv_channel_2,automatic
0.000555502654260526,302734374.89676577,300515887.64776343,232.89981292701665,232.89981292701665,candidate,refined,measured,quality_gated_measurement,false,pdv_channel_2,automatic
0.00055550585426052709,292968749.90009594,293738105.67757648,227.64703190012176,227.64703190012176,candidate,refined,measured,quality_gated_measurement,false,pdv_channel_2,automatic
0.00055550905426052818,283203124.90342605,286180659.3451795,221.79001099251411,221.79001099251411,candidate,refined,measured,quality_gated_measurement,false,pdv_channel_2,automatic
0.00055551225426052927,283203124.90342605,279197091.37500119,216.37774581562593,216.37774581562593,candidate,refined,measured,quality_gated_measurement,false,pdv_channel_2,automatic
0.00055551545426053037,273437499.90675622,272911727.36537695,211.50658870816713,211.50658870816713,candidate,refined,measured,quality_gated_measurement,false,pdv_channel_2,automatic
0.00055551865426053146,263671874.91008633,262316751.83558708,203.29548267257999,203.29548267257999,candidate,refined,measured,quality_gated_measurement,false,pdv_channel_2,automatic
0.00055552185426053255,234374999.92007673,233893076.79232728,181.26713451405365,181.26713451405365,candidate,refined,measured,quality_gated_measurement,false,pdv_channel_2,automatic
0.00055552505426053364,234374999.92007673,232678040.28710216,180.32548122250418,180.32548122250418,candidate,refined,measured,quality_gated_measurement,false,pdv_channel_2,automatic
0.00055552825426053473,263671874.91008633,260635896.50826174,201.99281979390284,201.99281979390284,candidate,refined,measured,quality_gated_measurement,false,pdv_channel_2,automatic
0.00055553145426053582,273437499.90675622,271146152.75693727,210.13826838662638,210.13826838662638,candidate,refined,measured,quality_gated_measurement,false,pdv_channel_2,automatic
0.00055553465426053691,273437499.90675622,272884194.85891026,211.48525101565545,211.48525101565545,candidate,refined,measured,quality_gated_measurement,false,pdv_channel_2,automatic
0.000555537854260538,273437499.90675622,271322575.89094001,210.27499631547852,210.27499631547852,candidate,refined,measured,quality_gated_measurement,false,pdv_channel_2,automatic
0.00055554105426053909,263671874.91008633,263536581.61191612,204.24085074923499,204.24085074923499,candidate,refined,measured,quality_gated_measurement,false,pdv_channel_2,automatic
0.00055554425426054019,253906249.91341648,250830833.4110688,194.3938958935783,194.3938958935783,candidate,refined,measured,quality_gated_measurement,false,pdv_channel_2,automatic
0.00055554745426054128,214843749.92673701,219300413.57642242,169.95782052172737,169.95782052172737,candidate,refined,measured,quality_gated_measurement,false,pdv_channel_2,automatic
0.00055555065426054237,195312499.93339729,192380610.42063114,149.09497307598915,149.09497307598915,candidate,refined,measured,quality_gated_measurement,false,pdv_channel_2,automatic
0.00055555385426054346,175781249.94005755,172195278.11433226,133.4513405386075,133.4513405386075,candidate,refined,measured,quality_gated_measurement,false,pdv_channel_2,automatic
0.00055555705426054455,166015624.94338769,164000913.48759782,127.10070795288831,127.10070795288831,candidate,refined,measured,quality_gated_measurement,false,pdv_channel_2,automatic
0.00055556025426054564,156249999.94671783,156027520.23941812,120.92132818554904,120.92132818554904,candidate,refined,measured,quality_gated_measurement,false,pdv_channel_2,automatic
0.00055556345426054673,156249999.94671783,153760265.53380641,119.16420578869997,119.16420578869997,candidate,refined,measured,quality_gated_measurement,false,pdv_channel_2,automatic
0.00055556665426054782,156249999.94671783,151773508.87413839,117.62446937745725,117.62446937745725,candidate,refined,measured,quality_gated_measurement,false,pdv_channel_2,automatic
0.00055556985426054892,156249999.94671783,153244122.33618751,118.76419481054532,118.76419481054532,candidate,refined,measured,quality_gated_measurement,false,pdv_channel_2,automatic
0.00055557305426055001,156249999.94671783,152367860.17892674,118.08509163866822,118.08509163866822,candidate,refined,measured,quality_gated_measurement,false,pdv_channel_2,automatic
0.0005555762542605511,156249999.94671783,154405263.02371916,119.66407884338236,119.66407884338236,candidate,refined,measured,quality_gated_measurement,false,pdv_channel_2,automatic
0.00055557945426055219,156249999.94671783,153872725.46432132,119.25136223484901,119.25136223484901,candidate,refined,measured,quality_gated_measurement,false,pdv_channel_2,automatic
0.00055558265426055328,156249999.94671783,154322442.63862675,119.59989304493574,119.59989304493574,candidate,refined,measured,quality_gated_measurement,false,pdv_channel_2,automatic
0.00055558585426055437,156249999.94671783,153557576.90107739,119.00712209833497,119.00712209833497,candidate,refined,measured,quality_gated_measurement,false,pdv_channel_2,automatic
0.00055558905426055546,156249999.94671783,153938201.81379825,119.30210640569364,119.30210640569364,candidate,refined,measured,quality_gated_measurement,false,pdv_channel_2,automatic
0.00055559225426055655,156249999.94671783,153832292.48876718,119.22002667879455,119.22002667879455,candidate,refined,measured,quality_gated_measurement,false,pdv_channel_2,automatic
0.00055559545426055765,156249999.94671783,154987591.99246699,120.11538379416191,120.11538379416191,candidate,refined,measured,quality_gated_measurement,false,pdv_channel_2,automatic
0.00055559865426055874,156249999.94671783,155151525.46244663,120.24243223339613,120.24243223339613,candidate,refined,measured,quality_gated_measurement,false,pdv_channel_2,automatic
0.00055560185426055983,156249999.94671783,155908792.39762303,120.82931410815785,120.82931410815785,candidate,refined,measured,quality_gated_measurement,false,pdv_channel_2,automatic
0.00055560505426056092,156249999.94671783,157734798.91505083,122.2444691591644,122.2444691591644,candidate,refined,measured,quality_gated_measurement,false,pdv_channel_2,automatic
0.00055560825426056201,166015624.94338769,162280355.30931067,125.76727536471577,125.76727536471577,candidate,refined,measured,quality_gated_measurement,false,pdv_channel_2,automatic
0.0005556114542605631,166015624.94338769,166458713.13644779,129.00550268074704,129.00550268074704,candidate,refined,measured,quality_gated_measurement,false,pdv_channel_2,automatic
0.00055561465426056419,166015624.94338769,170289450.02886802,131.97432377237271,131.97432377237271,candidate,refined,measured,quality_gated_measurement,false,pdv_channel_2,automatic
0.00055561785426056528,175781249.94005755,174987088.9860847,135.61499396421564,135.61499396421564,candidate,refined,measured,quality_gated_measurement,false,pdv_channel_2,automatic
0.00055562105426056638,175781249.94005755,180062526.26525357,139.54845785557151,139.54845785557151,candidate,refined,measured,quality_gated_measurement,false,pdv_channel_2,automatic
0.00055562425426056747,185546874.93672743,184978978.72840515,143.35870851451398,143.35870851451398,candidate,refined,measured,quality_gated_measurement,false,pdv_channel_2,automatic
0.00055562745426056856,185546874.93672743,190281485.39843705,147.46815118378871,147.46815118378871,candidate,refined,measured,quality_gated_measurement,false,pdv_channel_2,automatic
0.00055563065426056965,195312499.93339729,194144382.29566884,150.46189627914336,150.46189627914336,candidate,refined,measured,quality_gated_measurement,false,pdv_channel_2,automatic
0.00055563385426057074,195312499.93339729,198335055.41963321,153.70966795021573,153.70966795021573,candidate,refined,measured,quality_gated_measurement,false,pdv_channel_2,automatic
0.00055563705426057183,205078124.93006715,203189598.37561134,157.4719387410988,157.4719387410988,candidate,refined,measured,quality_gated_measurement,false,pdv_channel_2,automatic
0.00055564025426057292,205078124.93006715,207522648.03539819,160.83005222743358,160.83005222743358,candidate,refined,measured,quality_gated_measurement,false,pdv_channel_2,automatic
0.00055564345426057401,214843749.92673701,213075285.28307053,165.13334609437968,165.13334609437968,candidate,refined,measured,quality_gated_measurement,false,pdv_channel_2,automatic
0.00055564665426057511,214843749.92673701,218290484.82534495,169.17512573964234,169.17512573964234,candidate,refined,measured,quality_gated_measurement,false,pdv_channel_2,automatic
0.0005556498542605762,224609374.92340687,222609031.38533577,172.52199932363521,172.52199932363521,candidate,refined,measured,quality_gated_measurement,false,pdv_channel_2,automatic
0.00055565305426057729,224609374.92340687,226539763.69970614,175.56831686727224,175.56831686727224,candidate,refined,measured,quality_gated_measurement,false,pdv_channel_2,automatic
0.00055565625426057838,234374999.92007673,230683323.18023139,178.77957546467934,178.77957546467934,candidate,refined,measured,quality_gated_measurement,false,pdv_channel_2,automatic
0.00055565945426057947,234374999.92007673,234932207.30671161,182.0724606627015,182.0724606627015,candidate,refined,measured,quality_gated_measurement,false,pdv_channel_2,automatic
0.00055566265426058056,234374999.92007673,237862054.30143937,184.34309208361552,184.34309208361552,candidate,refined,measured,quality_gated_measurement,false,pdv_channel_2,automatic
0.00055566585426058165,244140624.91674662,240565532.08358899,186.43828736478147,186.43828736478147,candidate,refined,measured,quality_gated_measurement,false,pdv_channel_2,automatic
0.00055566905426058274,244140624.91674662,244715685.45453522,189.65465622726478,189.65465622726478,candidate,refined,measured,quality_gated_measurement,false,pdv_channel_2,automatic
0.00055567225426058383,253906249.91341648,249676897.53008199,193.49959558581355,193.49959558581355,candidate,refined,measured,quality_gated_measurement,false,pdv_channel_2,automatic
0.00055567545426058493,253906249.91341648,253621123.96156105,196.55637107020982,196.55637107020982,candidate,refined,measured,quality_gated_measurement,false,pdv_channel_2,automatic
0.00055567865426058602,253906249.91341648,254561475.4359763,197.28514346288162,197.28514346288162,candidate,refined,measured,quality_gated_measurement,false,pdv_channel_2,automatic
0.00055568185426058711,253906249.91341648,253449710.62680924,196.42352573577716,196.42352573577716,candidate,refined,measured,quality_gated_measurement,false,pdv_channel_2,automatic
0.0005556850542605882,253906249.91341648,252166068.07643068,195.42870275923377,195.42870275923377,candidate,refined,measured,quality_gated_measurement,false,pdv_channel_2,automatic
0.00055568825426058929,253906249.91341648,251899664.19580856,195.22223975175163,195.22223975175163,candidate,refined,measured,quality_gated_measurement,false,pdv_channel_2,automatic
0.00055569145426059038,253906249.91341648,252857800.96590576,195.96479574857696,195.96479574857696,candidate,refined,measured,quality_gated_measurement,false,pdv_channel_2,automatic
0.00055569465426059147,253906249.91341648,256336695.51254779,198.66093902222454,198.66093902222454,candidate,refined,measured,quality_gated_measurement,false,pdv_channel_2,automatic
0.00055569785426059256,263671874.91008633,nan,nan,nan,candidate,refined,ambiguous_peak,ambiguous_peak,false,pdv_channel_2,automatic
0.00055570105426059366,263671874.91008633,nan,nan,nan,candidate,refined,ambiguous_peak,ambiguous_peak,false,pdv_channel_2,automatic
0.00055570425426059475,849609374.71027815,nan,nan,nan,candidate,refined,ambiguous_peak,ambiguous_peak,false,pdv_channel_2,automatic
0.00055570745426059584,859374999.70694804,nan,nan,nan,candidate,refined,ambiguous_peak,ambiguous_peak,false,pdv_channel_2,automatic
0.00055571065426059693,859374999.70694804,nan,nan,nan,candidate,refined,ambiguous_peak,ambiguous_peak,false,pdv_channel_2,automatic
0.00055571385426059802,859374999.70694804,855026518.69716156,662.64555199030019,662.64555199030019,candidate,refined,measured,quality_gated_measurement,false,pdv_channel_2,automatic
0.00055571705426059911,859374999.70694804,857608015.71006036,664.6462121752968,664.6462121752968,candidate,refined,measured,quality_gated_measurement,false,pdv_channel_2,automatic
0.0005557202542606002,859374999.70694804,858016689.23703015,664.96293415869832,664.96293415869832,candidate,refined,measured,quality_gated_measurement,false,pdv_channel_2,automatic
0.00055572345426060129,859374999.70694804,861365279.12913609,667.55809132508045,667.55809132508045,candidate,refined,measured,quality_gated_measurement,false,pdv_channel_2,automatic
0.00055572665426060239,869140624.70361793,nan,nan,nan,candidate,refined,ambiguous_peak,ambiguous_peak,false,pdv_channel_2,automatic
0.00055572985426060348,263671874.91008633,nan,nan,nan,candidate,refined,ambiguous_peak,ambiguous_peak,false,pdv_channel_2,automatic
0.00055573305426060457,263671874.91008633,nan,nan,nan,candidate,refined,unstable_detection,unstable_detection,false,pdv_channel_2,automatic
0.00055573625426060566,263671874.91008633,nan,nan,nan,candidate,refined,unstable_detection,unstable_detection,false,pdv_channel_2,automatic
0.00055573945426060675,263671874.91008633,nan,nan,nan,candidate,refined,ambiguous_peak,ambiguous_peak,false,pdv_channel_2,automatic
0.00055574265426060784,869140624.70361793,nan,nan,nan,candidate,refined,ambiguous_peak,ambiguous_peak,false,pdv_channel_2,automatic
0.00055574585426060893,888671874.69695771,nan,nan,nan,candidate,refined,ambiguous_peak,ambiguous_peak,false,pdv_channel_2,automatic
0.00055574905426061002,888671874.69695771,893026339.16782987,692.09541285506816,692.09541285506816,candidate,refined,measured,quality_gated_measurement,false,pdv_channel_2,automatic
0.00055575225426061112,878906249.70028782,879798801.77184379,681.84407137317896,681.84407137317896,candidate,refined,measured,quality_gated_measurement,false,pdv_channel_2,automatic
0.00055575545426061221,869140624.70361793,865876188.0444603,671.05404573445674,671.05404573445674,candidate,refined,measured,quality_gated_measurement,false,pdv_channel_2,automatic
0.0005557586542606133,869140624.70361793,866016273.2507205,671.16261176930834,671.16261176930834,candidate,refined,measured,quality_gated_measurement,false,pdv_channel_2,automatic
0.00055576185426061439,869140624.70361793,868652214.43621182,673.20546618806418,673.20546618806418,candidate,refined,measured,quality_gated_measurement,false,pdv_channel_2,automatic
0.00055576505426061548,869140624.70361793,870877051.00304866,674.92971452736265,674.92971452736265,candidate,refined,measured,quality_gated_measurement,false,pdv_channel_2,automatic
0.00055576825426061657,869140624.70361793,nan,nan,nan,candidate,refined,ambiguous_peak,ambiguous_peak,false,pdv_channel_2,automatic
0.00055577145426061766,878906249.70028782,nan,nan,nan,candidate,refined,no_detectable_beat,no_detectable_beat,false,pdv_channel_2,automatic
0.00055577465426061875,859374999.70694804,nan,nan,nan,candidate,refined,no_detectable_beat,no_detectable_beat,false,pdv_channel_2,automatic
0.00055577785426061985,830078124.7169385,828539105.93547142,642.11780709999039,642.11780709999039,candidate,refined,measured,quality_gated_measurement,false,pdv_channel_2,automatic
0.00055578105426062094,820312499.72026861,818390447.4357332,634.2525967626932,634.2525967626932,candidate,refined,measured,quality_gated_measurement,false,pdv_channel_2,automatic
0.00055578425426062203,820312499.72026861,816936879.65257084,633.12608173074238,633.12608173074238,candidate,refined,measured,quality_gated_measurement,false,pdv_channel_2,automatic
0.00055578745426062312,820312499.72026861,nan,nan,nan,candidate,refined,ambiguous_peak,ambiguous_peak,false,pdv_channel_2,automatic
0.00055579065426062421,849609374.71027815,nan,nan,nan,candidate,refined,ambiguous_peak,ambiguous_peak,false,pdv_channel_2,automatic
0.0005557938542606253,859374999.70694804,nan,nan,nan,candidate,refined,ambiguous_peak,ambiguous_peak,false,pdv_channel_2,automatic
0.00055579705426062639,859374999.70694804,860753736.80218542,667.08414602169364,667.08414602169364,candidate,refined,measured,quality_gated_measurement,false,pdv_channel_2,automatic
0.00055580025426062748,859374999.70694804,863877813.0982492,669.50530515114315,669.50530515114315,candidate,refined,measured,quality_gated_measurement,false,pdv_channel_2,automatic
0.00055580345426062857,869140624.70361793,869988972.74093914,674.24145387422777,674.24145387422777,candidate,refined,measured,quality_gated_measurement,false,pdv_channel_2,automatic
0.00055580665426062967,878906249.70028782,877047041.37023282,679.71145706193045,679.71145706193045,candidate,refined,measured,quality_gated_measurement,false,pdv_channel_2,automatic
0.00055580985426063076,878906249.70028782,876806860.2949338,679.52531672857367,679.52531672857367,candidate,refined,measured,quality_gated_measurement,false,pdv_channel_2,automatic
0.00055581305426063185,869140624.70361793,870479980.63010514,674.62198498833152,674.62198498833152,candidate,refined,measured,quality_gated_measurement,false,pdv_channel_2,automatic
0.00055581625426063294,859374999.70694804,nan,nan,nan,candidate,refined,ambiguous_peak,ambiguous_peak,false,pdv_channel_2,automatic
0.00055581945426063403,849609374.71027815,nan,nan,nan,candidate,refined,ambiguous_peak,ambiguous_peak,false,pdv_channel_2,automatic
0.00055582265426063512,849609374.71027815,nan,nan,nan,candidate,refined,no_detectable_beat,no_detectable_beat,false,pdv_channel_2,automatic
0.00055582585426063621,1738281249.4072359,nan,nan,nan,candidate,refined,no_detectable_beat,no_detectable_beat,false,pdv_channel_2,automatic
0.0005558290542606373,771484374.73691928,nan,nan,nan,candidate,refined,ambiguous_peak,ambiguous_peak,false,pdv_channel_2,automatic
0.0005558322542606384,820312499.72026861,822966023.09885824,637.79866790161509,637.79866790161509,candidate,refined,measured,quality_gated_measurement,false,pdv_channel_2,automatic
0.00055583545426063949,859374999.70694804,855659691.92398083,663.13626124108509,663.13626124108509,candidate,refined,measured,quality_gated_measurement,false,pdv_channel_2,automatic
0.00055583865426064058,859374999.70694804,860314835.50825524,666.7439975188978,666.7439975188978,candidate,refined,measured,quality_gated_measurement,false,pdv_channel_2,automatic
0.00055584185426064167,859374999.70694804,859123073.71618736,665.82038213004523,665.82038213004523,candidate,refined,measured,quality_gated_measurement,false,pdv_channel_2,automatic
0.00055584505426064276,859374999.70694804,859255234.66949475,665.9228068688584,665.9228068688584,candidate,refined,measured,quality_gated_measurement,false,pdv_channel_2,automatic
0.00055584825426064385,859374999.70694804,864199476.85362267,669.75459456155761,669.75459456155761,candidate,refined,measured,quality_gated_measurement,false,pdv_channel_2,automatic
0.00055585145426064494,869140624.70361793,867696211.22507906,672.46456369943621,672.46456369943621,candidate,refined,measured,quality_gated_measurement,false,pdv_channel_2,automatic
0.00055585465426064603,869140624.70361793,864521405.54235983,670.00408929532887,670.00408929532887,candidate,refined,measured,quality_gated_measurement,false,pdv_channel_2,automatic
0.00055585785426064713,859374999.70694804,857695595.23211741,664.714086304891,664.714086304891,candidate,refined,measured,quality_gated_measurement,false,pdv_channel_2,automatic
0.00055586105426064822,859374999.70694804,855565131.3978107,663.06297683330331,663.06297683330331,candidate,refined,measured,quality_gated_measurement,false,pdv_channel_2,automatic
0.00055586425426064931,859374999.70694804,860571885.84101272,666.94321152678481,666.94321152678481,candidate,refined,measured,quality_gated_measurement,false,pdv_channel_2,automatic
0.0005558674542606504,869140624.70361793,866636304.32818329,671.64313585434206,671.64313585434206,candidate,refined,measured,quality_gated_measurement,false,pdv_channel_2,automatic
0.00055587065426065149,869140624.70361793,865451281.96889365,670.72474352589256,670.72474352589256,candidate,refined,measured,quality_gated_measurement,false,pdv_channel_2,automatic
0.00055587385426065258,859374999.70694804,859685736.36907709,666.25644568603468,666.25644568603468,candidate,refined,measured,quality_gated_measurement,false,pdv_channel_2,automatic
0.00055587705426065367,859374999.70694804,856196021.53744566,663.55191669152043,663.55191669152043,candidate,refined,measured,quality_gated_measurement,false,pdv_channel_2,automatic
0.00055588025426065476,859374999.70694804,861170101.28698719,667.40682849741506,667.40682849741506,candidate,refined,measured,quality_gated_measurement,false,pdv_channel_2,automatic
0.00055588345426065586,869140624.70361793,871532197.15760958,675.43745279714744,675.43745279714744,candidate,refined,measured,quality_gated_measurement,false,pdv_channel_2,automatic
0.00055588665426065695,878906249.70028782,876297732.94743049,679.13074303425867,679.13074303425867,candidate,refined,measured,quality_gated_measurement,false,pdv_channel_2,automatic
0.00055588985426065804,869140624.70361793,871655524.97414529,675.53303185496259,675.53303185496259,candidate,refined,measured,quality_gated_measurement,false,pdv_channel_2,automatic
0.00055589305426065913,869140624.70361793,865200373.74017382,670.53028964863472,670.53028964863472,candidate,refined,measured,quality_gated_measurement,false,pdv_channel_2,automatic
0.00055589625426066022,859374999.70694804,860861360.52579057,667.16755440748773,667.16755440748773,candidate,refined,measured,quality_gated_measurement,false,pdv_channel_2,automatic
0.00055589945426066131,859374999.70694804,863463637.83556128,669.18431932255999,669.18431932255999,candidate,refined,measured,quality_gated_measurement,false,pdv_channel_2,automatic
0.0005559026542606624,869140624.70361793,868101451.748245,672.7786251048899,672.7786251048899,candidate,refined,measured,quality_gated_measurement,false,pdv_channel_2,automatic
0.00055590585426066349,869140624.70361793,866942140.25456083,671.88015869728463,671.88015869728463,candidate,refined,measured,quality_gated_measurement,false,pdv_channel_2,automatic
0.00055590905426066459,859374999.70694804,861600610.40155101,667.74047306120201,667.74047306120201,candidate,refined,measured,quality_gated_measurement,false,pdv_channel_2,automatic
0.00055591225426066568,859374999.70694804,857281636.3082546,664.39326813889727,664.39326813889727,candidate,refined,measured,quality_gated_measurement,false,pdv_channel_2,automatic
0.00055591545426066677,859374999.70694804,859045828.23110998,665.76051687911024,665.76051687911024,candidate,refined,measured,quality_gated_measurement,false,pdv_channel_2,automatic
0.00055591865426066786,878906249.70028782,876815751.17450309,679.53220716023986,679.53220716023986,candidate,refined,measured,quality_gated_measurement,false,pdv_channel_2,automatic
0.00055592185426066895,878906249.70028782,878225840.31933546,680.62502624748493,680.62502624748493,candidate,refined,measured,quality_gated_measurement,false,pdv_channel_2,automatic
0.00055592505426067004,859374999.70694804,863945096.61646533,669.55744987776063,669.55744987776063,candidate,refined,measured,quality_gated_measurement,false,pdv_channel_2,automatic
0.00055592825426067113,859374999.70694804,863709008.69979298,669.37448174233953,669.37448174233953,candidate,refined,measured,quality_gated_measurement,false,pdv_channel_2,automatic
0.00055593145426067222,869140624.70361793,866018335.62817073,671.16421011183229,671.16421011183229,candidate,refined,measured,quality_gated_measurement,false,pdv_channel_2,automatic
0.00055593465426067331,859374999.70694804,862417299.40505373,668.37340703891664,668.37340703891664,candidate,refined,measured,quality_gated_measurement,false,pdv_channel_2,automatic
0.00055593785426067441,859374999.70694804,860879381.34909594,667.18152054554935,667.18152054554935,candidate,refined,measured,quality_gated_measurement,false,pdv_channel_2,automatic
0.0005559410542606755,869140624.70361793,865654294.96708953,670.88207859949443,670.88207859949443,candidate,refined,measured,quality_gated_measurement,false,pdv_channel_2,automatic
0.00055594425426067659,869140624.70361793,867447318.0445087,672.27167148449428,672.27167148449428,candidate,refined,measured,quality_gated_measurement,false,pdv_channel_2,automatic
0.00055594745426067768,869140624.70361793,864877111.89933431,670.27976172198407,670.27976172198407,candidate,refined,measured,quality_gated_measurement,false,pdv_channel_2,automatic
0.00055595065426067877,859374999.70694804,861812435.88775098,667.90463781300696,667.90463781300696,candidate,refined,measured,quality_gated_measurement,false,pdv_channel_2,automatic
