time_s,coarse_peak_frequency_hz,refined_frequency_hz,apparent_velocity_m_s,angle_corrected_apparent_velocity_m_s,corrected_velocity_m_s,display_velocity_m_s,ridge_quality_flag,ridge_refinement_status,ridge_selection_origin,selected_candidate_rank,signal_state,velocity_origin,is_pre_event_display_only,channel,analysis_mode
0.0007439636149900033,58593749.980019182,nan,nan,nan,nan,nan,candidate,boundary_peak,strongest_peak,1,peak_at_band_boundary,peak_at_band_boundary,false,pdv_channel_2,automatic
0.0007439668149900044,58593749.980019182,nan,nan,nan,nan,nan,candidate,boundary_peak,strongest_peak,1,peak_at_band_boundary,peak_at_band_boundary,false,pdv_channel_2,automatic
0.00074397001499000549,58593749.980019182,nan,nan,nan,nan,nan,candidate,boundary_peak,strongest_peak,1,peak_at_band_boundary,peak_at_band_boundary,false,pdv_channel_2,automatic
0.00074397321499000658,58593749.980019182,nan,nan,nan,nan,nan,candidate,boundary_peak,strongest_peak,1,no_detectable_beat,no_detectable_beat,false,pdv_channel_2,automatic
0.00074397641499000767,58593749.980019182,nan,nan,nan,nan,nan,candidate,boundary_peak,strongest_peak,1,peak_at_band_boundary,peak_at_band_boundary,false,pdv_channel_2,automatic
0.00074397961499000876,58593749.980019182,nan,nan,nan,nan,nan,candidate,boundary_peak,strongest_peak,1,ambiguous_peak,ambiguous_peak,false,pdv_channel_2,automatic
0.00074398281499000985,146484374.95004797,nan,nan,nan,nan,nan,candidate,refined,strongest_peak,1,no_detectable_beat,no_detectable_beat,false,pdv_channel_2,automatic
0.00074398601499001094,58593749.980019182,nan,nan,nan,nan,nan,candidate,boundary_peak,strongest_peak,1,peak_at_band_boundary,peak_at_band_boundary,false,pdv_channel_2,automatic
0.00074398921499001203,58593749.980019182,nan,nan,nan,nan,nan,candidate,boundary_peak,strongest_peak,1,peak_at_band_boundary,peak_at_band_boundary,false,pdv_channel_2,automatic
0.00074399241499001313,58593749.980019182,nan,nan,nan,nan,nan,candidate,boundary_peak,strongest_peak,1,no_detectable_beat,no_detectable_beat,false,pdv_channel_2,automatic
0.00074399561499001422,58593749.980019182,nan,nan,nan,nan,nan,candidate,boundary_peak,strongest_peak,1,ambiguous_peak,ambiguous_peak,false,pdv_channel_2,automatic
0.00074399881499001531,58593749.980019182,nan,nan,nan,nan,nan,candidate,boundary_peak,strongest_peak,1,peak_at_band_boundary,peak_at_band_boundary,false,pdv_channel_2,automatic
0.0007440020149900164,58593749.980019182,nan,nan,nan,nan,nan,candidate,boundary_peak,strongest_peak,1,no_detectable_beat,no_detectable_beat,false,pdv_channel_2,automatic
0.00074400521499001749,810546874.72359872,nan,nan,nan,nan,nan,candidate,refined,strongest_peak,1,no_detectable_beat,no_detectable_beat,false,pdv_channel_2,automatic
0.00074400841499001858,58593749.980019182,nan,nan,nan,nan,nan,candidate,boundary_peak,strongest_peak,1,no_detectable_beat,no_detectable_beat,false,pdv_channel_2,automatic
0.00074401161499001967,58593749.980019182,nan,nan,nan,nan,nan,candidate,boundary_peak,strongest_peak,1,no_detectable_beat,no_detectable_beat,false,pdv_channel_2,automatic
0.00074401481499002076,58593749.980019182,nan,nan,nan,nan,nan,candidate,boundary_peak,strongest_peak,1,no_detectable_beat,no_detectable_beat,false,pdv_channel_2,automatic
0.00074401801499002186,58593749.980019182,nan,nan,nan,nan,nan,candidate,boundary_peak,strongest_peak,1,peak_at_band_boundary,peak_at_band_boundary,false,pdv_channel_2,automatic
0.00074402121499002295,58593749.980019182,nan,nan,nan,nan,nan,candidate,boundary_peak,strongest_peak,1,peak_at_band_boundary,peak_at_band_boundary,false,pdv_channel_2,automatic
0.00074402441499002404,58593749.980019182,nan,nan,nan,nan,nan,candidate,boundary_peak,strongest_peak,1,ambiguous_peak,ambiguous_peak,false,pdv_channel_2,automatic
0.00074402761499002513,58593749.980019182,nan,nan,nan,nan,nan,candidate,boundary_peak,strongest_peak,1,ambiguous_peak,ambiguous_peak,false,pdv_channel_2,automatic
0.00074403081499002622,58593749.980019182,nan,nan,nan,nan,nan,candidate,boundary_peak,strongest_peak,1,no_detectable_beat,no_detectable_beat,false,pdv_channel_2,automatic
0.00074403401499002731,58593749.980019182,nan,nan,nan,nan,nan,candidate,boundary_peak,strongest_peak,1,peak_at_band_boundary,peak_at_band_boundary,false,pdv_channel_2,automatic
0.0007440372149900284,58593749.980019182,nan,nan,nan,nan,nan,candidate,boundary_peak,strongest_peak,1,ambiguous_peak,ambiguous_peak,false,pdv_channel_2,automatic
0.00074404041499002949,58593749.980019182,nan,nan,nan,nan,nan,candidate,boundary_peak,strongest_peak,1,peak_at_band_boundary,peak_at_band_boundary,false,pdv_channel_2,automatic
0.00074404361499003059,58593749.980019182,nan,nan,nan,nan,nan,candidate,boundary_peak,strongest_peak,1,peak_at_band_boundary,peak_at_band_boundary,false,pdv_channel_2,automatic
0.00074404681499003168,58593749.980019182,nan,nan,nan,nan,nan,candidate,boundary_peak,strongest_peak,1,no_detectable_beat,no_detectable_beat,false,pdv_channel_2,automatic
0.00074405001499003277,58593749.980019182,nan,nan,nan,nan,nan,candidate,boundary_peak,strongest_peak,1,ambiguous_peak,ambiguous_peak,false,pdv_channel_2,automatic
0.00074405321499003386,58593749.980019182,nan,nan,nan,nan,nan,candidate,boundary_peak,strongest_peak,1,ambiguous_peak,ambiguous_peak,false,pdv_channel_2,automatic
0.00074405641499003495,58593749.980019182,nan,nan,nan,nan,nan,candidate,boundary_peak,strongest_peak,1,peak_at_band_boundary,peak_at_band_boundary,false,pdv_channel_2,automatic
0.00074405961499003604,58593749.980019182,nan,nan,nan,nan,nan,candidate,boundary_peak,strongest_peak,1,peak_at_band_boundary,peak_at_band_boundary,false,pdv_channel_2,automatic
0.00074406281499003713,58593749.980019182,nan,nan,nan,nan,nan,candidate,boundary_peak,strongest_peak,1,peak_at_band_boundary,peak_at_band_boundary,false,pdv_channel_2,automatic
0.00074406601499003822,58593749.980019182,nan,nan,nan,nan,nan,candidate,boundary_peak,strongest_peak,1,peak_at_band_boundary,peak_at_band_boundary,false,pdv_channel_2,automatic
0.00074406921499003931,58593749.980019182,nan,nan,nan,nan,nan,candidate,boundary_peak,strongest_peak,1,no_detectable_beat,no_detectable_beat,false,pdv_channel_2,automatic
0.00074407241499004041,58593749.980019182,nan,nan,nan,nan,nan,candidate,boundary_peak,strongest_peak,1,peak_at_band_boundary,peak_at_band_boundary,false,pdv_channel_2,automatic
0.0007440756149900415,58593749.980019182,nan,nan,nan,nan,nan,candidate,boundary_peak,strongest_peak,1,no_detectable_beat,no_detectable_beat,false,pdv_channel_2,automatic
0.00074407881499004259,58593749.980019182,nan,nan,nan,nan,nan,candidate,boundary_peak,strongest_peak,1,peak_at_band_boundary,peak_at_band_boundary,false,pdv_channel_2,automatic
0.00074408201499004368,58593749.980019182,nan,nan,nan,nan,nan,candidate,boundary_peak,strongest_peak,1,peak_at_band_boundary,peak_at_band_boundary,false,pdv_channel_2,automatic
0.00074408521499004477,58593749.980019182,nan,nan,nan,nan,nan,candidate,boundary_peak,strongest_peak,1,peak_at_band_boundary,peak_at_band_boundary,false,pdv_channel_2,automatic
0.00074408841499004586,117187499.96003836,nan,nan,nan,nan,nan,candidate,refined,strongest_peak,1,unstable_detection,unstable_detection,false,pdv_channel_2,automatic
0.00074409161499004695,58593749.980019182,nan,nan,nan,nan,nan,candidate,boundary_peak,strongest_peak,1,peak_at_band_boundary,peak_at_band_boundary,false,pdv_channel_2,automatic
0.00074409481499004804,107421874.96336851,nan,nan,nan,nan,nan,candidate,refined,strongest_peak,1,unstable_detection,unstable_detection,false,pdv_channel_2,automatic
0.00074409801499004914,107421874.96336851,nan,nan,nan,nan,nan,candidate,refined,strongest_peak,1,ambiguous_peak,ambiguous_peak,false,pdv_channel_2,automatic
0.00074410121499005023,58593749.980019182,nan,nan,nan,nan,nan,candidate,boundary_peak,strongest_peak,1,peak_at_band_boundary,peak_at_band_boundary,false,pdv_channel_2,automatic
0.00074410441499005132,58593749.980019182,nan,nan,nan,nan,nan,candidate,boundary_peak,strongest_peak,1,ambiguous_peak,ambiguous_peak,false,pdv_channel_2,automatic
0.00074410761499005241,1806640624.383925,nan,nan,nan,nan,nan,candidate,refined,strongest_peak,1,no_detectable_beat,no_detectable_beat,false,pdv_channel_2,automatic
0.0007441108149900535,58593749.980019182,nan,nan,nan,nan,nan,candidate,boundary_peak,strongest_peak,1,no_detectable_beat,no_detectable_beat,false,pdv_channel_2,automatic
0.00074411401499005459,58593749.980019182,nan,nan,nan,nan,nan,candidate,boundary_peak,strongest_peak,1,ambiguous_peak,ambiguous_peak,false,pdv_channel_2,automatic
0.00074411721499005568,58593749.980019182,nan,nan,nan,nan,nan,candidate,boundary_peak,strongest_peak,1,ambiguous_peak,ambiguous_peak,false,pdv_channel_2,automatic
0.00074412041499005677,58593749.980019182,nan,nan,nan,nan,nan,candidate,boundary_peak,strongest_peak,1,peak_at_band_boundary,peak_at_band_boundary,false,pdv_channel_2,automatic
0.00074412361499005787,58593749.980019182,nan,nan,nan,nan,nan,candidate,boundary_peak,strongest_peak,1,peak_at_band_boundary,peak_at_band_boundary,false,pdv_channel_2,automatic
0.00074412681499005896,146484374.95004797,nan,nan,nan,nan,nan,candidate,refined,strongest_peak,1,ambiguous_peak,ambiguous_peak,false,pdv_channel_2,automatic
0.00074413001499006005,117187499.96003836,nan,nan,nan,nan,nan,candidate,refined,strongest_peak,1,ambiguous_peak,ambiguous_peak,false,pdv_channel_2,automatic
0.00074413321499006114,58593749.980019182,nan,nan,nan,nan,nan,candidate,boundary_peak,strongest_peak,1,peak_at_band_boundary,peak_at_band_boundary,false,pdv_channel_2,automatic
0.00074413641499006223,1728515624.4105661,nan,nan,nan,nan,nan,candidate,refined,strongest_peak,1,ambiguous_peak,ambiguous_peak,false,pdv_channel_2,automatic
0.00074413961499006332,58593749.980019182,nan,nan,nan,nan,nan,candidate,boundary_peak,strongest_peak,1,ambiguous_peak,ambiguous_peak,false,pdv_channel_2,automatic
0.00074414281499006441,58593749.980019182,nan,nan,nan,nan,nan,candidate,boundary_peak,strongest_peak,1,peak_at_band_boundary,peak_at_band_boundary,false,pdv_channel_2,automatic
0.0007441460149900655,58593749.980019182,nan,nan,nan,nan,nan,candidate,boundary_peak,strongest_peak,1,peak_at_band_boundary,peak_at_band_boundary,false,pdv_channel_2,automatic
0.0007441492149900666,58593749.980019182,nan,nan,nan,nan,nan,candidate,boundary_peak,strongest_peak,1,peak_at_band_boundary,peak_at_band_boundary,false,pdv_channel_2,automatic
0.00074415241499006769,58593749.980019182,nan,nan,nan,nan,nan,candidate,boundary_peak,strongest_peak,1,peak_at_band_boundary,peak_at_band_boundary,false,pdv_channel_2,automatic
0.00074415561499006878,58593749.980019182,nan,nan,nan,nan,nan,candidate,boundary_peak,strongest_peak,1,ambiguous_peak,ambiguous_peak,false,pdv_channel_2,automatic
0.00074415881499006987,117187499.96003836,nan,nan,nan,nan,nan,candidate,refined,strongest_peak,1,ambiguous_peak,ambiguous_peak,false,pdv_channel_2,automatic
0.00074416201499007096,58593749.980019182,nan,nan,nan,nan,nan,candidate,boundary_peak,strongest_peak,1,peak_at_band_boundary,peak_at_band_boundary,false,pdv_channel_2,automatic
0.00074416521499007205,117187499.96003836,nan,nan,nan,nan,nan,candidate,refined,strongest_peak,1,unstable_detection,unstable_detection,false,pdv_channel_2,automatic
0.00074416841499007314,107421874.96336851,nan,nan,nan,nan,nan,candidate,refined,strongest_peak,1,unstable_detection,unstable_detection,false,pdv_channel_2,automatic
0.00074417161499007423,58593749.980019182,nan,nan,nan,nan,nan,candidate,boundary_peak,strongest_peak,1,peak_at_band_boundary,peak_at_band_boundary,false,pdv_channel_2,automatic
0.00074417481499007533,107421874.96336851,nan,nan,nan,nan,nan,candidate,refined,strongest_peak,1,no_detectable_beat,no_detectable_beat,false,pdv_channel_2,automatic
0.00074417801499007642,58593749.980019182,nan,nan,nan,nan,nan,candidate,boundary_peak,strongest_peak,1,peak_at_band_boundary,peak_at_band_boundary,false,pdv_channel_2,automatic
0.00074418121499007751,58593749.980019182,nan,nan,nan,nan,nan,candidate,boundary_peak,strongest_peak,1,peak_at_band_boundary,peak_at_band_boundary,false,pdv_channel_2,automatic
0.0007441844149900786,58593749.980019182,nan,nan,nan,nan,nan,candidate,boundary_peak,strongest_peak,1,no_detectable_beat,no_detectable_beat,false,pdv_channel_2,automatic
0.00074418761499007969,1259765624.5704124,nan,nan,nan,nan,nan,candidate,refined,strongest_peak,1,no_detectable_beat,no_detectable_beat,false,pdv_channel_2,automatic
0.00074419081499008078,58593749.980019182,nan,nan,nan,nan,nan,candidate,boundary_peak,strongest_peak,1,peak_at_band_boundary,peak_at_band_boundary,false,pdv_channel_2,automatic
0.00074419401499008187,58593749.980019182,nan,nan,nan,nan,nan,candidate,boundary_peak,strongest_peak,1,no_detectable_beat,no_detectable_beat,false,pdv_channel_2,automatic
0.00074419721499008296,107421874.96336851,nan,nan,nan,nan,nan,candidate,refined,strongest_peak,1,no_detectable_beat,no_detectable_beat,false,pdv_channel_2,automatic
0.00074420041499008405,58593749.980019182,nan,nan,nan,nan,nan,candidate,boundary_peak,strongest_peak,1,peak_at_band_boundary,peak_at_band_boundary,false,pdv_channel_2,automatic
0.00074420361499008515,58593749.980019182,nan,nan,nan,nan,nan,candidate,boundary_peak,strongest_peak,1,peak_at_band_boundary,peak_at_band_boundary,false,pdv_channel_2,automatic
0.00074420681499008624,58593749.980019182,nan,nan,nan,nan,nan,candidate,boundary_peak,strongest_peak,1,ambiguous_peak,ambiguous_peak,false,pdv_channel_2,automatic
0.00074421001499008733,58593749.980019182,nan,nan,nan,nan,nan,candidate,boundary_peak,strongest_peak,1,peak_at_band_boundary,peak_at_band_boundary,false,pdv_channel_2,automatic
0.00074421321499008842,58593749.980019182,nan,nan,nan,nan,nan,candidate,boundary_peak,strongest_peak,1,peak_at_band_boundary,peak_at_band_boundary,false,pdv_channel_2,automatic
0.00074421641499008951,58593749.980019182,nan,nan,nan,nan,nan,candidate,boundary_peak,strongest_peak,1,peak_at_band_boundary,peak_at_band_boundary,false,pdv_channel_2,automatic
0.0007442196149900906,58593749.980019182,nan,nan,nan,nan,nan,candidate,boundary_peak,strongest_peak,1,peak_at_band_boundary,peak_at_band_boundary,false,pdv_channel_2,automatic
0.00074422281499009169,58593749.980019182,nan,nan,nan,nan,nan,candidate,boundary_peak,strongest_peak,1,peak_at_band_boundary,peak_at_band_boundary,false,pdv_channel_2,automatic
0.00074422601499009278,1845703124.3706043,nan,nan,nan,nan,nan,candidate,refined,strongest_peak,1,no_detectable_beat,no_detectable_beat,false,pdv_channel_2,automatic
0.00074422921499009388,1035156249.6470056,nan,nan,nan,nan,nan,candidate,refined,strongest_peak,1,no_detectable_beat,no_detectable_beat,false,pdv_channel_2,automatic
0.00074423241499009497,58593749.980019182,nan,nan,nan,nan,nan,candidate,boundary_peak,strongest_peak,1,peak_at_band_boundary,peak_at_band_boundary,false,pdv_channel_2,automatic
0.00074423561499009606,58593749.980019182,nan,nan,nan,nan,nan,candidate,boundary_peak,strongest_peak,1,peak_at_band_boundary,peak_at_band_boundary,false,pdv_channel_2,automatic
0.00074423881499009715,58593749.980019182,nan,nan,nan,nan,nan,candidate,boundary_peak,strongest_peak,1,peak_at_band_boundary,peak_at_band_boundary,false,pdv_channel_2,automatic
0.00074424201499009824,58593749.980019182,nan,nan,nan,nan,nan,candidate,boundary_peak,strongest_peak,1,no_detectable_beat,no_detectable_beat,false,pdv_channel_2,automatic
0.00074424521499009933,58593749.980019182,nan,nan,nan,nan,nan,candidate,boundary_peak,strongest_peak,1,no_detectable_beat,no_detectable_beat,false,pdv_channel_2,automatic
0.00074424841499010042,58593749.980019182,nan,nan,nan,nan,nan,candidate,boundary_peak,strongest_peak,1,no_detectable_beat,no_detectable_beat,false,pdv_channel_2,automatic
0.00074425161499010151,58593749.980019182,nan,nan,nan,nan,nan,candidate,boundary_peak,strongest_peak,1,peak_at_band_boundary,peak_at_band_boundary,false,pdv_channel_2,automatic
0.00074425481499010261,58593749.980019182,nan,nan,nan,nan,nan,candidate,boundary_peak,strongest_peak,1,peak_at_band_boundary,peak_at_band_boundary,false,pdv_channel_2,automatic
0.0007442580149901037,58593749.980019182,nan,nan,nan,nan,nan,candidate,boundary_peak,strongest_peak,1,peak_at_band_boundary,peak_at_band_boundary,false,pdv_channel_2,automatic
0.00074426121499010479,58593749.980019182,nan,nan,nan,nan,nan,candidate,boundary_peak,strongest_peak,1,peak_at_band_boundary,peak_at_band_boundary,false,pdv_channel_2,automatic
0.00074426441499010588,58593749.980019182,nan,nan,nan,nan,nan,candidate,boundary_peak,strongest_peak,1,peak_at_band_boundary,peak_at_band_boundary,false,pdv_channel_2,automatic
0.00074426761499010697,58593749.980019182,nan,nan,nan,nan,nan,candidate,boundary_peak,strongest_peak,1,ambiguous_peak,ambiguous_peak,false,pdv_channel_2,automatic
0.00074427081499010806,58593749.980019182,nan,nan,nan,nan,nan,candidate,boundary_peak,strongest_peak,1,no_detectable_beat,no_detectable_beat,false,pdv_channel_2,automatic
0.00074427401499010915,136718749.95337811,nan,nan,nan,nan,nan,candidate,refined,strongest_peak,1,no_detectable_beat,no_detectable_beat,false,pdv_channel_2,automatic
0.00074427721499011024,58593749.980019182,nan,nan,nan,nan,nan,candidate,boundary_peak,strongest_peak,1,peak_at_band_boundary,peak_at_band_boundary,false,pdv_channel_2,automatic
0.00074428041499011134,58593749.980019182,nan,nan,nan,nan,nan,candidate,boundary_peak,strongest_peak,1,peak_at_band_boundary,peak_at_band_boundary,false,pdv_channel_2,automatic
0.00074428361499011243,58593749.980019182,nan,nan,nan,nan,nan,candidate,boundary_peak,strongest_peak,1,peak_at_band_boundary,peak_at_band_boundary,false,pdv_channel_2,automatic
0.00074428681499011352,58593749.980019182,nan,nan,nan,nan,nan,candidate,boundary_peak,strongest_peak,1,peak_at_band_boundary,peak_at_band_boundary,false,pdv_channel_2,automatic
0.00074429001499011461,58593749.980019182,nan,nan,nan,nan,nan,candidate,boundary_peak,strongest_peak,1,peak_at_band_boundary,peak_at_band_boundary,false,pdv_channel_2,automatic
0.0007442932149901157,107421874.96336851,nan,nan,nan,nan,nan,candidate,refined,strongest_peak,1,unstable_detection,unstable_detection,false,pdv_channel_2,automatic
0.00074429641499011679,58593749.980019182,nan,nan,nan,nan,nan,candidate,boundary_peak,strongest_peak,1,peak_at_band_boundary,peak_at_band_boundary,false,pdv_channel_2,automatic
0.00074429961499011788,58593749.980019182,nan,nan,nan,nan,nan,candidate,boundary_peak,strongest_peak,1,peak_at_band_boundary,peak_at_band_boundary,false,pdv_channel_2,automatic
0.00074430281499011897,97656249.966698647,nan,nan,nan,nan,nan,candidate,refined,strongest_peak,1,no_detectable_beat,no_detectable_beat,false,pdv_channel_2,automatic
0.00074430601499012007,58593749.980019182,nan,nan,nan,nan,nan,candidate,boundary_peak,strongest_peak,1,peak_at_band_boundary,peak_at_band_boundary,false,pdv_channel_2,automatic
0.00074430921499012116,58593749.980019182,nan,nan,nan,nan,nan,candidate,boundary_peak,strongest_peak,1,peak_at_band_boundary,peak_at_band_boundary,false,pdv_channel_2,automatic
0.00074431241499012225,97656249.966698647,nan,nan,nan,nan,nan,candidate,refined,strongest_peak,1,unstable_detection,unstable_detection,false,pdv_channel_2,automatic
0.00074431561499012334,107421874.96336851,nan,nan,nan,nan,nan,candidate,refined,strongest_peak,1,unstable_detection,unstable_detection,false,pdv_channel_2,automatic
0.00074431881499012443,58593749.980019182,nan,nan,nan,nan,nan,candidate,boundary_peak,strongest_peak,1,peak_at_band_boundary,peak_at_band_boundary,false,pdv_channel_2,automatic
0.00074432201499012552,58593749.980019182,nan,nan,nan,nan,nan,candidate,boundary_peak,strongest_peak,1,peak_at_band_boundary,peak_at_band_boundary,false,pdv_channel_2,automatic
0.00074432521499012661,97656249.966698647,nan,nan,nan,nan,nan,candidate,refined,strongest_peak,1,unstable_detection,unstable_detection,false,pdv_channel_2,automatic
0.0007443284149901277,58593749.980019182,nan,nan,nan,nan,nan,candidate,boundary_peak,strongest_peak,1,peak_at_band_boundary,peak_at_band_boundary,false,pdv_channel_2,automatic
0.00074433161499012879,58593749.980019182,nan,nan,nan,nan,nan,candidate,boundary_peak,strongest_peak,1,peak_at_band_boundary,peak_at_band_boundary,false,pdv_channel_2,automatic
0.00074433481499012989,107421874.96336851,nan,nan,nan,nan,nan,candidate,refined,strongest_peak,1,unstable_detection,unstable_detection,false,pdv_channel_2,automatic
0.00074433801499013098,58593749.980019182,nan,nan,nan,nan,nan,candidate,boundary_peak,strongest_peak,1,peak_at_band_boundary,peak_at_band_boundary,false,pdv_channel_2,automatic
0.00074434121499013207,58593749.980019182,nan,nan,nan,nan,nan,candidate,boundary_peak,strongest_peak,1,peak_at_band_boundary,peak_at_band_boundary,false,pdv_channel_2,automatic
0.00074434441499013316,107421874.96336851,nan,nan,nan,nan,nan,candidate,refined,strongest_peak,1,ambiguous_peak,ambiguous_peak,false,pdv_channel_2,automatic
0.00074434761499013425,58593749.980019182,nan,nan,nan,nan,nan,candidate,boundary_peak,strongest_peak,1,ambiguous_peak,ambiguous_peak,false,pdv_channel_2,automatic
0.00074435081499013534,58593749.980019182,nan,nan,nan,nan,nan,candidate,boundary_peak,strongest_peak,1,ambiguous_peak,ambiguous_peak,false,pdv_channel_2,automatic
0.00074435401499013643,126953124.95670824,nan,nan,nan,nan,nan,candidate,refined,strongest_peak,1,ambiguous_peak,ambiguous_peak,false,pdv_channel_2,automatic
0.00074435721499013752,58593749.980019182,nan,nan,nan,nan,nan,candidate,boundary_peak,strongest_peak,1,peak_at_band_boundary,peak_at_band_boundary,false,pdv_channel_2,automatic
0.00074436041499013862,58593749.980019182,nan,nan,nan,nan,nan,candidate,boundary_peak,strongest_peak,1,peak_at_band_boundary,peak_at_band_boundary,false,pdv_channel_2,automatic
0.00074436361499013971,58593749.980019182,nan,nan,nan,nan,nan,candidate,boundary_peak,strongest_peak,1,peak_at_band_boundary,peak_at_band_boundary,false,pdv_channel_2,automatic
0.0007443668149901408,58593749.980019182,nan,nan,nan,nan,nan,candidate,boundary_peak,strongest_peak,1,peak_at_band_boundary,peak_at_band_boundary,false,pdv_channel_2,automatic
0.00074437001499014189,58593749.980019182,nan,nan,nan,nan,nan,candidate,boundary_peak,strongest_peak,1,peak_at_band_boundary,peak_at_band_boundary,false,pdv_channel_2,automatic
0.00074437321499014298,58593749.980019182,nan,nan,nan,nan,nan,candidate,boundary_peak,strongest_peak,1,peak_at_band_boundary,peak_at_band_boundary,false,pdv_channel_2,automatic
0.00074437641499014407,58593749.980019182,nan,nan,nan,nan,nan,candidate,boundary_peak,strongest_peak,1,peak_at_band_boundary,peak_at_band_boundary,false,pdv_channel_2,automatic
0.00074437961499014516,58593749.980019182,nan,nan,nan,nan,nan,candidate,boundary_peak,strongest_peak,1,ambiguous_peak,ambiguous_peak,false,pdv_channel_2,automatic
0.00074438281499014625,58593749.980019182,nan,nan,nan,nan,nan,candidate,boundary_peak,strongest_peak,1,ambiguous_peak,ambiguous_peak,false,pdv_channel_2,automatic
0.00074438601499014735,58593749.980019182,nan,nan,nan,nan,nan,candidate,boundary_peak,strongest_peak,1,ambiguous_peak,ambiguous_peak,false,pdv_channel_2,automatic
0.00074438921499014844,58593749.980019182,nan,nan,nan,nan,nan,candidate,boundary_peak,strongest_peak,1,ambiguous_peak,ambiguous_peak,false,pdv_channel_2,automatic
0.00074439241499014953,58593749.980019182,nan,nan,nan,nan,nan,candidate,boundary_peak,strongest_peak,1,peak_at_band_boundary,peak_at_band_boundary,false,pdv_channel_2,automatic
0.00074439561499015062,58593749.980019182,nan,nan,nan,nan,nan,candidate,boundary_peak,strongest_peak,1,peak_at_band_boundary,peak_at_band_boundary,false,pdv_channel_2,automatic
0.00074439881499015171,1748046874.4039056,nan,nan,nan,nan,nan,candidate,refined,strongest_peak,1,ambiguous_peak,ambiguous_peak,false,pdv_channel_2,automatic
0.0007444020149901528,58593749.980019182,nan,nan,nan,nan,nan,candidate,boundary_peak,strongest_peak,1,ambiguous_peak,ambiguous_peak,false,pdv_channel_2,automatic
0.00074440521499015389,58593749.980019182,nan,nan,nan,nan,nan,candidate,boundary_peak,strongest_peak,1,ambiguous_peak,ambiguous_peak,false,pdv_channel_2,automatic
0.00074440841499015498,1708984374.4172263,nan,nan,nan,nan,nan,candidate,refined,strongest_peak,1,ambiguous_peak,ambiguous_peak,false,pdv_channel_2,automatic
0.00074441161499015608,58593749.980019182,nan,nan,nan,nan,nan,candidate,boundary_peak,strongest_peak,1,peak_at_band_boundary,peak_at_band_boundary,false,pdv_channel_2,automatic
0.00074441481499015717,58593749.980019182,nan,nan,nan,nan,nan,candidate,boundary_peak,strongest_peak,1,peak_at_band_boundary,peak_at_band_boundary,false,pdv_channel_2,automatic
0.00074441801499015826,58593749.980019182,nan,nan,nan,nan,nan,candidate,boundary_peak,strongest_peak,1,peak_at_band_boundary,peak_at_band_boundary,false,pdv_channel_2,automatic
0.00074442121499015935,58593749.980019182,nan,nan,nan,nan,nan,candidate,boundary_peak,strongest_peak,1,peak_at_band_boundary,peak_at_band_boundary,false,pdv_channel_2,automatic
0.00074442441499016044,58593749.980019182,nan,nan,nan,nan,nan,candidate,boundary_peak,strongest_peak,1,peak_at_band_boundary,peak_at_band_boundary,false,pdv_channel_2,automatic
0.00074442761499016153,58593749.980019182,nan,nan,nan,nan,nan,candidate,boundary_peak,strongest_peak,1,peak_at_band_boundary,peak_at_band_boundary,false,pdv_channel_2,automatic
0.00074443081499016262,58593749.980019182,nan,nan,nan,nan,nan,candidate,boundary_peak,strongest_peak,1,no_detectable_beat,no_detectable_beat,false,pdv_channel_2,automatic
0.00074443401499016371,58593749.980019182,nan,nan,nan,nan,nan,candidate,boundary_peak,strongest_peak,1,peak_at_band_boundary,peak_at_band_boundary,false,pdv_channel_2,automatic
0.00074443721499016481,58593749.980019182,nan,nan,nan,nan,nan,candidate,boundary_peak,strongest_peak,1,peak_at_band_boundary,peak_at_band_boundary,false,pdv_channel_2,automatic
0.0007444404149901659,126953124.95670824,nan,nan,nan,nan,nan,candidate,refined,strongest_peak,1,unstable_detection,unstable_detection,false,pdv_channel_2,automatic
0.00074444361499016699,107421874.96336851,nan,nan,nan,nan,nan,candidate,refined,strongest_peak,1,ambiguous_peak,ambiguous_peak,false,pdv_channel_2,automatic
0.00074444681499016808,58593749.980019182,nan,nan,nan,nan,nan,candidate,boundary_peak,strongest_peak,1,peak_at_band_boundary,peak_at_band_boundary,false,pdv_channel_2,automatic
0.00074445001499016917,58593749.980019182,nan,nan,nan,nan,nan,candidate,boundary_peak,strongest_peak,1,no_detectable_beat,no_detectable_beat,false,pdv_channel_2,automatic
0.00074445321499017026,58593749.980019182,nan,nan,nan,nan,nan,candidate,boundary_peak,strongest_peak,1,no_detectable_beat,no_detectable_beat,false,pdv_channel_2,automatic
0.00074445641499017135,58593749.980019182,nan,nan,nan,nan,nan,candidate,boundary_peak,strongest_peak,1,peak_at_band_boundary,peak_at_band_boundary,false,pdv_channel_2,automatic
0.00074445961499017244,58593749.980019182,nan,nan,nan,nan,nan,candidate,boundary_peak,strongest_peak,1,peak_at_band_boundary,peak_at_band_boundary,false,pdv_channel_2,automatic
0.00074446281499017353,58593749.980019182,nan,nan,nan,nan,nan,candidate,boundary_peak,strongest_peak,1,peak_at_band_boundary,peak_at_band_boundary,false,pdv_channel_2,automatic
0.00074446601499017463,58593749.980019182,nan,nan,nan,nan,nan,candidate,boundary_peak,strongest_peak,1,peak_at_band_boundary,peak_at_band_boundary,false,pdv_channel_2,automatic
0.00074446921499017572,58593749.980019182,nan,nan,nan,nan,nan,candidate,boundary_peak,strongest_peak,1,ambiguous_peak,ambiguous_peak,false,pdv_channel_2,automatic
0.00074447241499017681,1992187499.3206522,nan,nan,nan,nan,nan,candidate,boundary_peak,strongest_peak,1,no_detectable_beat,no_detectable_beat,false,pdv_channel_2,automatic
0.0007444756149901779,58593749.980019182,nan,nan,nan,nan,nan,candidate,boundary_peak,strongest_peak,1,no_detectable_beat,no_detectable_beat,false,pdv_channel_2,automatic
0.00074447881499017899,58593749.980019182,nan,nan,nan,nan,nan,candidate,boundary_peak,strongest_peak,1,peak_at_band_boundary,peak_at_band_boundary,false,pdv_channel_2,automatic
0.00074448201499018008,58593749.980019182,nan,nan,nan,nan,nan,candidate,boundary_peak,strongest_peak,1,peak_at_band_boundary,peak_at_band_boundary,false,pdv_channel_2,automatic
0.00074448521499018117,58593749.980019182,nan,nan,nan,nan,nan,candidate,boundary_peak,strongest_peak,1,no_detectable_beat,no_detectable_beat,false,pdv_channel_2,automatic
0.00074448841499018226,58593749.980019182,nan,nan,nan,nan,nan,candidate,boundary_peak,strongest_peak,1,peak_at_band_boundary,peak_at_band_boundary,false,pdv_channel_2,automatic
0.00074449161499018336,58593749.980019182,nan,nan,nan,nan,nan,candidate,boundary_peak,strongest_peak,1,peak_at_band_boundary,peak_at_band_boundary,false,pdv_channel_2,automatic
0.00074449481499018445,58593749.980019182,nan,nan,nan,nan,nan,candidate,boundary_peak,strongest_peak,1,no_detectable_beat,no_detectable_beat,false,pdv_channel_2,automatic
0.00074449801499018554,58593749.980019182,nan,nan,nan,nan,nan,candidate,boundary_peak,strongest_peak,1,ambiguous_peak,ambiguous_peak,false,pdv_channel_2,automatic
0.00074450121499018663,58593749.980019182,nan,nan,nan,nan,nan,candidate,boundary_peak,strongest_peak,1,peak_at_band_boundary,peak_at_band_boundary,false,pdv_channel_2,automatic
0.00074450441499018772,58593749.980019182,nan,nan,nan,nan,nan,candidate,boundary_peak,strongest_peak,1,ambiguous_peak,ambiguous_peak,false,pdv_channel_2,automatic
0.00074450761499018881,58593749.980019182,nan,nan,nan,nan,nan,candidate,boundary_peak,strongest_peak,1,no_detectable_beat,no_detectable_beat,false,pdv_channel_2,automatic
0.0007445108149901899,58593749.980019182,nan,nan,nan,nan,nan,candidate,boundary_peak,strongest_peak,1,peak_at_band_boundary,peak_at_band_boundary,false,pdv_channel_2,automatic
0.00074451401499019099,58593749.980019182,nan,nan,nan,nan,nan,candidate,boundary_peak,strongest_peak,1,peak_at_band_boundary,peak_at_band_boundary,false,pdv_channel_2,automatic
0.00074451721499019209,58593749.980019182,nan,nan,nan,nan,nan,candidate,boundary_peak,strongest_peak,1,peak_at_band_boundary,peak_at_band_boundary,false,pdv_channel_2,automatic
0.00074452041499019318,58593749.980019182,nan,nan,nan,nan,nan,candidate,boundary_peak,strongest_peak,1,peak_at_band_boundary,peak_at_band_boundary,false,pdv_channel_2,automatic
0.00074452361499019427,58593749.980019182,nan,nan,nan,nan,nan,candidate,boundary_peak,strongest_peak,1,peak_at_band_boundary,peak_at_band_boundary,false,pdv_channel_2,automatic
0.00074452681499019536,58593749.980019182,nan,nan,nan,nan,nan,candidate,boundary_peak,strongest_peak,1,ambiguous_peak,ambiguous_peak,false,pdv_channel_2,automatic
0.00074453001499019645,283203124.90342605,nan,nan,nan,nan,nan,candidate,refined,strongest_peak,1,no_detectable_beat,no_detectable_beat,false,pdv_channel_2,automatic
0.00074453321499019754,58593749.980019182,nan,nan,nan,nan,nan,candidate,boundary_peak,strongest_peak,1,peak_at_band_boundary,peak_at_band_boundary,false,pdv_channel_2,automatic
0.00074453641499019863,58593749.980019182,nan,nan,nan,nan,nan,candidate,boundary_peak,strongest_peak,1,peak_at_band_boundary,peak_at_band_boundary,false,pdv_channel_2,automatic
0.00074453961499019972,58593749.980019182,nan,nan,nan,nan,nan,candidate,boundary_peak,strongest_peak,1,ambiguous_peak,ambiguous_peak,false,pdv_channel_2,automatic
0.00074454281499020082,58593749.980019182,nan,nan,nan,nan,nan,candidate,boundary_peak,strongest_peak,1,peak_at_band_boundary,peak_at_band_boundary,false,pdv_channel_2,automatic
0.00074454601499020191,58593749.980019182,nan,nan,nan,nan,nan,candidate,boundary_peak,strongest_peak,1,peak_at_band_boundary,peak_at_band_boundary,false,pdv_channel_2,automatic
0.000744549214990203,58593749.980019182,nan,nan,nan,nan,nan,candidate,boundary_peak,strongest_peak,1,peak_at_band_boundary,peak_at_band_boundary,false,pdv_channel_2,automatic
0.00074455241499020409,58593749.980019182,nan,nan,nan,nan,nan,candidate,boundary_peak,strongest_peak,1,ambiguous_peak,ambiguous_peak,false,pdv_channel_2,automatic
0.00074455561499020518,58593749.980019182,nan,nan,nan,nan,nan,candidate,boundary_peak,strongest_peak,1,peak_at_band_boundary,peak_at_band_boundary,false,pdv_channel_2,automatic
0.00074455881499020627,58593749.980019182,nan,nan,nan,nan,nan,candidate,boundary_peak,strongest_peak,1,peak_at_band_boundary,peak_at_band_boundary,false,pdv_channel_2,automatic
0.00074456201499020736,58593749.980019182,nan,nan,nan,nan,nan,candidate,boundary_peak,strongest_peak,1,ambiguous_peak,ambiguous_peak,false,pdv_channel_2,automatic
0.00074456521499020845,58593749.980019182,nan,nan,nan,nan,nan,candidate,boundary_peak,strongest_peak,1,peak_at_band_boundary,peak_at_band_boundary,false,pdv_channel_2,automatic
0.00074456841499020955,58593749.980019182,nan,nan,nan,nan,nan,candidate,boundary_peak,strongest_peak,1,peak_at_band_boundary,peak_at_band_boundary,false,pdv_channel_2,automatic
0.00074457161499021064,58593749.980019182,nan,nan,nan,nan,nan,candidate,boundary_peak,strongest_peak,1,peak_at_band_boundary,peak_at_band_boundary,false,pdv_channel_2,automatic
0.00074457481499021173,58593749.980019182,nan,nan,nan,nan,nan,candidate,boundary_peak,strongest_peak,1,peak_at_band_boundary,peak_at_band_boundary,false,pdv_channel_2,automatic
0.00074457801499021282,58593749.980019182,nan,nan,nan,nan,nan,candidate,boundary_peak,strongest_peak,1,peak_at_band_boundary,peak_at_band_boundary,false,pdv_channel_2,automatic
0.00074458121499021391,58593749.980019182,nan,nan,nan,nan,nan,candidate,boundary_peak,strongest_peak,1,peak_at_band_boundary,peak_at_band_boundary,false,pdv_channel_2,automatic
0.000744584414990215,58593749.980019182,nan,nan,nan,nan,nan,candidate,boundary_peak,strongest_peak,1,peak_at_band_boundary,peak_at_band_boundary,false,pdv_channel_2,automatic
0.00074458761499021609,58593749.980019182,nan,nan,nan,nan,nan,candidate,boundary_peak,strongest_peak,1,peak_at_band_boundary,peak_at_band_boundary,false,pdv_channel_2,automatic
0.00074459081499021718,58593749.980019182,nan,nan,nan,nan,nan,candidate,boundary_peak,strongest_peak,1,peak_at_band_boundary,peak_at_band_boundary,false,pdv_channel_2,automatic
0.00074459401499021827,58593749.980019182,nan,nan,nan,nan,nan,candidate,boundary_peak,strongest_peak,1,peak_at_band_boundary,peak_at_band_boundary,false,pdv_channel_2,automatic
0.00074459721499021937,58593749.980019182,nan,nan,nan,nan,nan,candidate,boundary_peak,strongest_peak,1,peak_at_band_boundary,peak_at_band_boundary,false,pdv_channel_2,automatic
0.00074460041499022046,58593749.980019182,nan,nan,nan,nan,nan,candidate,boundary_peak,strongest_peak,1,peak_at_band_boundary,peak_at_band_boundary,false,pdv_channel_2,automatic
0.00074460361499022155,58593749.980019182,nan,nan,nan,nan,nan,candidate,boundary_peak,strongest_peak,1,peak_at_band_boundary,peak_at_band_boundary,false,pdv_channel_2,automatic
0.00074460681499022264,58593749.980019182,nan,nan,nan,nan,nan,candidate,boundary_peak,strongest_peak,1,peak_at_band_boundary,peak_at_band_boundary,false,pdv_channel_2,automatic
0.00074461001499022373,58593749.980019182,nan,nan,nan,nan,nan,candidate,boundary_peak,strongest_peak,1,peak_at_band_boundary,peak_at_band_boundary,false,pdv_channel_2,automatic
0.00074461321499022482,58593749.980019182,nan,nan,nan,nan,nan,candidate,boundary_peak,strongest_peak,1,ambiguous_peak,ambiguous_peak,false,pdv_channel_2,automatic
0.00074461641499022591,771484374.73691928,nan,nan,nan,nan,nan,candidate,refined,strongest_peak,1,ambiguous_peak,ambiguous_peak,false,pdv_channel_2,automatic
0.000744619614990227,58593749.980019182,nan,nan,nan,nan,nan,candidate,boundary_peak,strongest_peak,1,peak_at_band_boundary,peak_at_band_boundary,false,pdv_channel_2,automatic
0.0007446228149902281,58593749.980019182,nan,nan,nan,nan,nan,candidate,boundary_peak,strongest_peak,1,peak_at_band_boundary,peak_at_band_boundary,false,pdv_channel_2,automatic
0.00074462601499022919,58593749.980019182,nan,nan,nan,nan,nan,candidate,boundary_peak,strongest_peak,1,no_detectable_beat,no_detectable_beat,false,pdv_channel_2,automatic
0.00074462921499023028,58593749.980019182,nan,nan,nan,nan,nan,candidate,boundary_peak,strongest_peak,1,ambiguous_peak,ambiguous_peak,false,pdv_channel_2,automatic
0.00074463241499023137,58593749.980019182,nan,nan,nan,nan,nan,candidate,boundary_peak,strongest_peak,1,peak_at_band_boundary,peak_at_band_boundary,false,pdv_channel_2,automatic
0.00074463561499023246,58593749.980019182,nan,nan,nan,nan,nan,candidate,boundary_peak,strongest_peak,1,ambiguous_peak,ambiguous_peak,false,pdv_channel_2,automatic
0.00074463881499023355,58593749.980019182,nan,nan,nan,nan,nan,candidate,boundary_peak,strongest_peak,1,peak_at_band_boundary,peak_at_band_boundary,false,pdv_channel_2,automatic
0.00074464201499023464,58593749.980019182,nan,nan,nan,nan,nan,candidate,boundary_peak,strongest_peak,1,peak_at_band_boundary,peak_at_band_boundary,false,pdv_channel_2,automatic
0.00074464521499023573,58593749.980019182,nan,nan,nan,nan,nan,candidate,boundary_peak,strongest_peak,1,peak_at_band_boundary,peak_at_band_boundary,false,pdv_channel_2,automatic
0.00074464841499023683,58593749.980019182,nan,nan,nan,nan,nan,candidate,boundary_peak,strongest_peak,1,no_detectable_beat,no_detectable_beat,false,pdv_channel_2,automatic
0.00074465161499023792,58593749.980019182,nan,nan,nan,nan,nan,candidate,boundary_peak,strongest_peak,1,peak_at_band_boundary,peak_at_band_boundary,false,pdv_channel_2,automatic
0.00074465481499023901,58593749.980019182,nan,nan,nan,nan,nan,candidate,boundary_peak,strongest_peak,1,peak_at_band_boundary,peak_at_band_boundary,false,pdv_channel_2,automatic
0.0007446580149902401,58593749.980019182,nan,nan,nan,nan,nan,candidate,boundary_peak,strongest_peak,1,peak_at_band_boundary,peak_at_band_boundary,false,pdv_channel_2,automatic
0.00074466121499024119,58593749.980019182,nan,nan,nan,nan,nan,candidate,boundary_peak,strongest_peak,1,peak_at_band_boundary,peak_at_band_boundary,false,pdv_channel_2,automatic
0.00074466441499024228,58593749.980019182,nan,nan,nan,nan,nan,candidate,boundary_peak,strongest_peak,1,peak_at_band_boundary,peak_at_band_boundary,false,pdv_channel_2,automatic
0.00074466761499024337,58593749.980019182,nan,nan,nan,nan,nan,candidate,boundary_peak,strongest_peak,1,no_detectable_beat,no_detectable_beat,false,pdv_channel_2,automatic
0.00074467081499024446,58593749.980019182,nan,nan,nan,nan,nan,candidate,boundary_peak,strongest_peak,1,no_detectable_beat,no_detectable_beat,false,pdv_channel_2,automatic
0.00074467401499024556,58593749.980019182,nan,nan,nan,nan,nan,candidate,boundary_peak,strongest_peak,1,peak_at_band_boundary,peak_at_band_boundary,false,pdv_channel_2,automatic
0.00074467721499024665,58593749.980019182,nan,nan,nan,nan,nan,candidate,boundary_peak,strongest_peak,1,peak_at_band_boundary,peak_at_band_boundary,false,pdv_channel_2,automatic
0.00074468041499024774,58593749.980019182,nan,nan,nan,nan,nan,candidate,boundary_peak,strongest_peak,1,peak_at_band_boundary,peak_at_band_boundary,false,pdv_channel_2,automatic
0.00074468361499024883,1591796874.4571879,nan,nan,nan,nan,nan,candidate,refined,strongest_peak,1,no_detectable_beat,no_detectable_beat,false,pdv_channel_2,automatic
0.00074468681499024992,58593749.980019182,nan,nan,nan,nan,nan,candidate,boundary_peak,strongest_peak,1,peak_at_band_boundary,peak_at_band_boundary,false,pdv_channel_2,automatic
0.00074469001499025101,58593749.980019182,nan,nan,nan,nan,nan,candidate,boundary_peak,strongest_peak,1,peak_at_band_boundary,peak_at_band_boundary,false,pdv_channel_2,automatic
0.0007446932149902521,58593749.980019182,nan,nan,nan,nan,nan,candidate,boundary_peak,strongest_peak,1,peak_at_band_boundary,peak_at_band_boundary,false,pdv_channel_2,automatic
0.00074469641499025319,58593749.980019182,nan,nan,nan,nan,nan,candidate,boundary_peak,strongest_peak,1,peak_at_band_boundary,peak_at_band_boundary,false,pdv_channel_2,automatic
0.00074469961499025429,58593749.980019182,nan,nan,nan,nan,nan,candidate,boundary_peak,strongest_peak,1,peak_at_band_boundary,peak_at_band_boundary,false,pdv_channel_2,automatic
0.00074470281499025538,58593749.980019182,nan,nan,nan,nan,nan,candidate,boundary_peak,strongest_peak,1,ambiguous_peak,ambiguous_peak,false,pdv_channel_2,automatic
0.00074470601499025647,58593749.980019182,nan,nan,nan,nan,nan,candidate,boundary_peak,strongest_peak,1,peak_at_band_boundary,peak_at_band_boundary,false,pdv_channel_2,automatic
0.00074470921499025756,58593749.980019182,nan,nan,nan,nan,nan,candidate,boundary_peak,strongest_peak,1,ambiguous_peak,ambiguous_peak,false,pdv_channel_2,automatic
0.00074471241499025865,58593749.980019182,nan,nan,nan,nan,nan,candidate,boundary_peak,strongest_peak,1,ambiguous_peak,ambiguous_peak,false,pdv_channel_2,automatic
0.00074471561499025974,58593749.980019182,nan,nan,nan,nan,nan,candidate,boundary_peak,strongest_peak,1,peak_at_band_boundary,peak_at_band_boundary,false,pdv_channel_2,automatic
0.00074471881499026083,58593749.980019182,nan,nan,nan,nan,nan,candidate,boundary_peak,strongest_peak,1,no_detectable_beat,no_detectable_beat,false,pdv_channel_2,automatic
0.00074472201499026192,58593749.980019182,nan,nan,nan,nan,nan,candidate,boundary_peak,strongest_peak,1,peak_at_band_boundary,peak_at_band_boundary,false,pdv_channel_2,automatic
0.00074472521499026301,58593749.980019182,nan,nan,nan,nan,nan,candidate,boundary_peak,strongest_peak,1,peak_at_band_boundary,peak_at_band_boundary,false,pdv_channel_2,automatic
0.00074472841499026411,58593749.980019182,nan,nan,nan,nan,nan,candidate,boundary_peak,strongest_peak,1,peak_at_band_boundary,peak_at_band_boundary,false,pdv_channel_2,automatic
0.0007447316149902652,58593749.980019182,nan,nan,nan,nan,nan,candidate,boundary_peak,strongest_peak,1,peak_at_band_boundary,peak_at_band_boundary,false,pdv_channel_2,automatic
0.00074473481499026629,58593749.980019182,nan,nan,nan,nan,nan,candidate,boundary_peak,strongest_peak,1,peak_at_band_boundary,peak_at_band_boundary,false,pdv_channel_2,automatic
0.00074473801499026738,58593749.980019182,nan,nan,nan,nan,nan,candidate,boundary_peak,strongest_peak,1,peak_at_band_boundary,peak_at_band_boundary,false,pdv_channel_2,automatic
0.00074474121499026847,58593749.980019182,nan,nan,nan,nan,nan,candidate,boundary_peak,strongest_peak,1,peak_at_band_boundary,peak_at_band_boundary,false,pdv_channel_2,automatic
0.00074474441499026956,126953124.95670824,123160907.33783866,95.449703186824962,95.449703186824962,76.823230365699814,76.823230365699814,candidate,refined,strongest_peak,1,measured,quality_gated_measurement,false,pdv_channel_2,automatic
0.00074474761499027065,136718749.95337811,141487871.369605,109.65310031144388,109.65310031144388,88.154579502040448,88.154579502040448,candidate,refined,strongest_peak,1,measured,quality_gated_measurement,false,pdv_channel_2,automatic
0.00074475081499027174,146484374.95004797,148232862.32889032,114.88046830489,114.88046830489,92.321810515679857,92.321810515679857,candidate,refined,strongest_peak,1,measured,quality_gated_measurement,false,pdv_channel_2,automatic
0.00074475401499027284,58593749.980019182,nan,nan,nan,nan,nan,candidate,boundary_peak,strongest_peak,1,peak_at_band_boundary,peak_at_band_boundary,false,pdv_channel_2,automatic
0.00074475721499027393,58593749.980019182,nan,nan,nan,nan,nan,candidate,boundary_peak,strongest_peak,1,peak_at_band_boundary,peak_at_band_boundary,false,pdv_channel_2,automatic
0.00074476041499027502,58593749.980019182,nan,nan,nan,nan,nan,candidate,boundary_peak,strongest_peak,1,peak_at_band_boundary,peak_at_band_boundary,false,pdv_channel_2,automatic
0.00074476361499027611,58593749.980019182,nan,nan,nan,nan,nan,candidate,boundary_peak,strongest_peak,1,peak_at_band_boundary,peak_at_band_boundary,false,pdv_channel_2,automatic
0.0007447668149902772,58593749.980019182,nan,nan,nan,nan,nan,candidate,boundary_peak,strongest_peak,1,peak_at_band_boundary,peak_at_band_boundary,false,pdv_channel_2,automatic
0.00074477001499027829,58593749.980019182,nan,nan,nan,nan,nan,candidate,boundary_peak,strongest_peak,1,peak_at_band_boundary,peak_at_band_boundary,false,pdv_channel_2,automatic
0.00074477321499027938,58593749.980019182,nan,nan,nan,nan,nan,candidate,boundary_peak,strongest_peak,1,peak_at_band_boundary,peak_at_band_boundary,false,pdv_channel_2,automatic
0.00074477641499028047,58593749.980019182,nan,nan,nan,nan,nan,candidate,boundary_peak,strongest_peak,1,peak_at_band_boundary,peak_at_band_boundary,false,pdv_channel_2,automatic
0.00074477961499028157,58593749.980019182,nan,nan,nan,nan,nan,candidate,boundary_peak,strongest_peak,1,peak_at_band_boundary,peak_at_band_boundary,false,pdv_channel_2,automatic
0.00074478281499028266,58593749.980019182,nan,nan,nan,nan,nan,candidate,boundary_peak,strongest_peak,1,peak_at_band_boundary,peak_at_band_boundary,false,pdv_channel_2,automatic
0.00074478601499028375,58593749.980019182,nan,nan,nan,nan,nan,candidate,boundary_peak,strongest_peak,1,peak_at_band_boundary,peak_at_band_boundary,false,pdv_channel_2,automatic
0.00074478921499028484,58593749.980019182,nan,nan,nan,nan,nan,candidate,boundary_peak,strongest_peak,1,peak_at_band_boundary,peak_at_band_boundary,false,pdv_channel_2,automatic
0.00074479241499028593,58593749.980019182,nan,nan,nan,nan,nan,candidate,boundary_peak,strongest_peak,1,peak_at_band_boundary,peak_at_band_boundary,false,pdv_channel_2,automatic
0.00074479561499028702,58593749.980019182,nan,nan,nan,nan,nan,candidate,boundary_peak,strongest_peak,1,peak_at_band_boundary,peak_at_band_boundary,false,pdv_channel_2,automatic
0.00074479881499028811,58593749.980019182,nan,nan,nan,nan,nan,candidate,boundary_peak,strongest_peak,1,peak_at_band_boundary,peak_at_band_boundary,false,pdv_channel_2,automatic
0.0007448020149902892,58593749.980019182,nan,nan,nan,nan,nan,candidate,boundary_peak,strongest_peak,1,peak_at_band_boundary,peak_at_band_boundary,false,pdv_channel_2,automatic
0.0007448052149902903,58593749.980019182,nan,nan,nan,nan,nan,candidate,boundary_peak,strongest_peak,1,ambiguous_peak,ambiguous_peak,false,pdv_channel_2,automatic
0.00074480841499029139,58593749.980019182,nan,nan,nan,nan,nan,candidate,boundary_peak,strongest_peak,1,peak_at_band_boundary,peak_at_band_boundary,false,pdv_channel_2,automatic
0.00074481161499029248,58593749.980019182,nan,nan,nan,nan,nan,candidate,boundary_peak,strongest_peak,1,peak_at_band_boundary,peak_at_band_boundary,false,pdv_channel_2,automatic
0.00074481481499029357,58593749.980019182,nan,nan,nan,nan,nan,candidate,boundary_peak,strongest_peak,1,no_detectable_beat,no_detectable_beat,false,pdv_channel_2,automatic
0.00074481801499029466,58593749.980019182,nan,nan,nan,nan,nan,candidate,boundary_peak,strongest_peak,1,peak_at_band_boundary,peak_at_band_boundary,false,pdv_channel_2,automatic
0.00074482121499029575,58593749.980019182,nan,nan,nan,nan,nan,candidate,boundary_peak,strongest_peak,1,peak_at_band_boundary,peak_at_band_boundary,false,pdv_channel_2,automatic
0.00074482441499029684,58593749.980019182,nan,nan,nan,nan,nan,candidate,boundary_peak,strongest_peak,1,no_detectable_beat,no_detectable_beat,false,pdv_channel_2,automatic
0.00074482761499029793,58593749.980019182,nan,nan,nan,nan,nan,candidate,boundary_peak,strongest_peak,1,peak_at_band_boundary,peak_at_band_boundary,false,pdv_channel_2,automatic
0.00074483081499029902,58593749.980019182,nan,nan,nan,nan,nan,candidate,boundary_peak,strongest_peak,1,peak_at_band_boundary,peak_at_band_boundary,false,pdv_channel_2,automatic
0.00074483401499030012,58593749.980019182,nan,nan,nan,nan,nan,candidate,boundary_peak,strongest_peak,1,peak_at_band_boundary,peak_at_band_boundary,false,pdv_channel_2,automatic
0.00074483721499030121,117187499.96003836,nan,nan,nan,nan,nan,candidate,refined,strongest_peak,1,unstable_detection,unstable_detection,false,pdv_channel_2,automatic
0.0007448404149903023,58593749.980019182,nan,nan,nan,nan,nan,candidate,boundary_peak,strongest_peak,1,peak_at_band_boundary,peak_at_band_boundary,false,pdv_channel_2,automatic
0.00074484361499030339,58593749.980019182,nan,nan,nan,nan,nan,candidate,boundary_peak,strongest_peak,1,peak_at_band_boundary,peak_at_band_boundary,false,pdv_channel_2,automatic
0.00074484681499030448,107421874.96336851,nan,nan,nan,nan,nan,candidate,refined,strongest_peak,1,no_detectable_beat,no_detectable_beat,false,pdv_channel_2,automatic
0.00074485001499030557,58593749.980019182,nan,nan,nan,nan,nan,candidate,boundary_peak,strongest_peak,1,peak_at_band_boundary,peak_at_band_boundary,false,pdv_channel_2,automatic
0.00074485321499030666,58593749.980019182,nan,nan,nan,nan,nan,candidate,boundary_peak,strongest_peak,1,peak_at_band_boundary,peak_at_band_boundary,false,pdv_channel_2,automatic
0.00074485641499030775,644531249.78021109,nan,nan,nan,nan,nan,candidate,refined,strongest_peak,1,no_detectable_beat,no_detectable_beat,false,pdv_channel_2,automatic
0.00074485961499030885,58593749.980019182,nan,nan,nan,nan,nan,candidate,boundary_peak,strongest_peak,1,peak_at_band_boundary,peak_at_band_boundary,false,pdv_channel_2,automatic
0.00074486281499030994,58593749.980019182,nan,nan,nan,nan,nan,candidate,boundary_peak,strongest_peak,1,peak_at_band_boundary,peak_at_band_boundary,false,pdv_channel_2,automatic
0.00074486601499031103,58593749.980019182,nan,nan,nan,nan,nan,candidate,boundary_peak,strongest_peak,1,peak_at_band_boundary,peak_at_band_boundary,false,pdv_channel_2,automatic
0.00074486921499031212,58593749.980019182,nan,nan,nan,nan,nan,candidate,boundary_peak,strongest_peak,1,peak_at_band_boundary,peak_at_band_boundary,false,pdv_channel_2,automatic
0.00074487241499031321,58593749.980019182,nan,nan,nan,nan,nan,candidate,boundary_peak,strongest_peak,1,peak_at_band_boundary,peak_at_band_boundary,false,pdv_channel_2,automatic
0.0007448756149903143,58593749.980019182,nan,nan,nan,nan,nan,candidate,boundary_peak,strongest_peak,1,peak_at_band_boundary,peak_at_band_boundary,false,pdv_channel_2,automatic
0.00074487881499031539,58593749.980019182,nan,nan,nan,nan,nan,candidate,boundary_peak,strongest_peak,1,peak_at_band_boundary,peak_at_band_boundary,false,pdv_channel_2,automatic
0.00074488201499031648,58593749.980019182,nan,nan,nan,nan,nan,candidate,boundary_peak,strongest_peak,1,peak_at_band_boundary,peak_at_band_boundary,false,pdv_channel_2,automatic
0.00074488521499031758,58593749.980019182,nan,nan,nan,nan,nan,candidate,boundary_peak,strongest_peak,1,peak_at_band_boundary,peak_at_band_boundary,false,pdv_channel_2,automatic
0.00074488841499031867,1220703124.5837331,nan,nan,nan,nan,nan,candidate,refined,strongest_peak,1,no_detectable_beat,no_detectable_beat,false,pdv_channel_2,automatic
0.00074489161499031976,58593749.980019182,nan,nan,nan,nan,nan,candidate,boundary_peak,strongest_peak,1,peak_at_band_boundary,peak_at_band_boundary,false,pdv_channel_2,automatic
0.00074489481499032085,58593749.980019182,nan,nan,nan,nan,nan,candidate,boundary_peak,strongest_peak,1,peak_at_band_boundary,peak_at_band_boundary,false,pdv_channel_2,automatic
0.00074489801499032194,107421874.96336851,nan,nan,nan,nan,nan,candidate,refined,strongest_peak,1,unstable_detection,unstable_detection,false,pdv_channel_2,automatic
0.00074490121499032303,107421874.96336851,nan,nan,nan,nan,nan,candidate,refined,strongest_peak,1,unstable_detection,unstable_detection,false,pdv_channel_2,automatic
0.00074490441499032412,58593749.980019182,nan,nan,nan,nan,nan,candidate,boundary_peak,strongest_peak,1,peak_at_band_boundary,peak_at_band_boundary,false,pdv_channel_2,automatic
0.00074490761499032521,58593749.980019182,nan,nan,nan,nan,nan,candidate,boundary_peak,strongest_peak,1,peak_at_band_boundary,peak_at_band_boundary,false,pdv_channel_2,automatic
0.00074491081499032631,107421874.96336851,nan,nan,nan,nan,nan,candidate,refined,strongest_peak,1,unstable_detection,unstable_detection,false,pdv_channel_2,automatic
0.0007449140149903274,58593749.980019182,nan,nan,nan,nan,nan,candidate,boundary_peak,strongest_peak,1,peak_at_band_boundary,peak_at_band_boundary,false,pdv_channel_2,automatic
0.00074491721499032849,58593749.980019182,nan,nan,nan,nan,nan,candidate,boundary_peak,strongest_peak,1,peak_at_band_boundary,peak_at_band_boundary,false,pdv_channel_2,automatic
0.00074492041499032958,58593749.980019182,nan,nan,nan,nan,nan,candidate,boundary_peak,strongest_peak,1,peak_at_band_boundary,peak_at_band_boundary,false,pdv_channel_2,automatic
0.00074492361499033067,58593749.980019182,nan,nan,nan,nan,nan,candidate,boundary_peak,strongest_peak,1,peak_at_band_boundary,peak_at_band_boundary,false,pdv_channel_2,automatic
0.00074492681499033176,58593749.980019182,nan,nan,nan,nan,nan,candidate,boundary_peak,strongest_peak,1,peak_at_band_boundary,peak_at_band_boundary,false,pdv_channel_2,automatic
0.00074493001499033285,107421874.96336851,nan,nan,nan,nan,nan,candidate,refined,strongest_peak,1,no_detectable_beat,no_detectable_beat,false,pdv_channel_2,automatic
0.00074493321499033394,58593749.980019182,nan,nan,nan,nan,nan,candidate,boundary_peak,strongest_peak,1,peak_at_band_boundary,peak_at_band_boundary,false,pdv_channel_2,automatic
0.00074493641499033504,58593749.980019182,nan,nan,nan,nan,nan,candidate,boundary_peak,strongest_peak,1,peak_at_band_boundary,peak_at_band_boundary,false,pdv_channel_2,automatic
0.00074493961499033613,58593749.980019182,nan,nan,nan,nan,nan,candidate,boundary_peak,strongest_peak,1,peak_at_band_boundary,peak_at_band_boundary,false,pdv_channel_2,automatic
0.00074494281499033722,58593749.980019182,nan,nan,nan,nan,nan,candidate,boundary_peak,strongest_peak,1,ambiguous_peak,ambiguous_peak,false,pdv_channel_2,automatic
0.00074494601499033831,58593749.980019182,nan,nan,nan,nan,nan,candidate,boundary_peak,strongest_peak,1,peak_at_band_boundary,peak_at_band_boundary,false,pdv_channel_2,automatic
0.0007449492149903394,58593749.980019182,nan,nan,nan,nan,nan,candidate,boundary_peak,strongest_peak,1,peak_at_band_boundary,peak_at_band_boundary,false,pdv_channel_2,automatic
0.00074495241499034049,58593749.980019182,nan,nan,nan,nan,nan,candidate,boundary_peak,strongest_peak,1,peak_at_band_boundary,peak_at_band_boundary,false,pdv_channel_2,automatic
0.00074495561499034158,58593749.980019182,nan,nan,nan,nan,nan,candidate,boundary_peak,strongest_peak,1,peak_at_band_boundary,peak_at_band_boundary,false,pdv_channel_2,automatic
0.00074495881499034267,58593749.980019182,nan,nan,nan,nan,nan,candidate,boundary_peak,strongest_peak,1,peak_at_band_boundary,peak_at_band_boundary,false,pdv_channel_2,automatic
0.00074496201499034376,58593749.980019182,nan,nan,nan,nan,nan,candidate,boundary_peak,strongest_peak,1,peak_at_band_boundary,peak_at_band_boundary,false,pdv_channel_2,automatic
0.00074496521499034486,58593749.980019182,nan,nan,nan,nan,nan,candidate,boundary_peak,strongest_peak,1,ambiguous_peak,ambiguous_peak,false,pdv_channel_2,automatic
0.00074496841499034595,58593749.980019182,nan,nan,nan,nan,nan,candidate,boundary_peak,strongest_peak,1,peak_at_band_boundary,peak_at_band_boundary,false,pdv_channel_2,automatic
0.00074497161499034704,58593749.980019182,nan,nan,nan,nan,nan,candidate,boundary_peak,strongest_peak,1,peak_at_band_boundary,peak_at_band_boundary,false,pdv_channel_2,automatic
0.00074497481499034813,58593749.980019182,nan,nan,nan,nan,nan,candidate,boundary_peak,strongest_peak,1,peak_at_band_boundary,peak_at_band_boundary,false,pdv_channel_2,automatic
0.00074497801499034922,58593749.980019182,nan,nan,nan,nan,nan,candidate,boundary_peak,strongest_peak,1,peak_at_band_boundary,peak_at_band_boundary,false,pdv_channel_2,automatic
0.00074498121499035031,58593749.980019182,nan,nan,nan,nan,nan,candidate,boundary_peak,strongest_peak,1,peak_at_band_boundary,peak_at_band_boundary,false,pdv_channel_2,automatic
0.0007449844149903514,58593749.980019182,nan,nan,nan,nan,nan,candidate,boundary_peak,strongest_peak,1,peak_at_band_boundary,peak_at_band_boundary,false,pdv_channel_2,automatic
0.00074498761499035249,58593749.980019182,nan,nan,nan,nan,nan,candidate,boundary_peak,strongest_peak,1,peak_at_band_boundary,peak_at_band_boundary,false,pdv_channel_2,automatic
0.00074499081499035359,58593749.980019182,nan,nan,nan,nan,nan,candidate,boundary_peak,strongest_peak,1,peak_at_band_boundary,peak_at_band_boundary,false,pdv_channel_2,automatic
0.00074499401499035468,58593749.980019182,nan,nan,nan,nan,nan,candidate,boundary_peak,strongest_peak,1,ambiguous_peak,ambiguous_peak,false,pdv_channel_2,automatic
0.00074499721499035577,58593749.980019182,nan,nan,nan,nan,nan,candidate,boundary_peak,strongest_peak,1,peak_at_band_boundary,peak_at_band_boundary,false,pdv_channel_2,automatic
0.00074500041499035686,58593749.980019182,nan,nan,nan,nan,nan,candidate,boundary_peak,strongest_peak,1,peak_at_band_boundary,peak_at_band_boundary,false,pdv_channel_2,automatic
0.00074500361499035795,58593749.980019182,nan,nan,nan,nan,nan,candidate,boundary_peak,strongest_peak,1,no_detectable_beat,no_detectable_beat,false,pdv_channel_2,automatic
0.00074500681499035904,58593749.980019182,nan,nan,nan,nan,nan,candidate,boundary_peak,strongest_peak,1,peak_at_band_boundary,peak_at_band_boundary,false,pdv_channel_2,automatic
0.00074501001499036013,58593749.980019182,nan,nan,nan,nan,nan,candidate,boundary_peak,strongest_peak,1,peak_at_band_boundary,peak_at_band_boundary,false,pdv_channel_2,automatic
0.00074501321499036122,58593749.980019182,nan,nan,nan,nan,nan,candidate,boundary_peak,strongest_peak,1,peak_at_band_boundary,peak_at_band_boundary,false,pdv_channel_2,automatic
0.00074501641499036232,58593749.980019182,nan,nan,nan,nan,nan,candidate,boundary_peak,strongest_peak,1,peak_at_band_boundary,peak_at_band_boundary,false,pdv_channel_2,automatic
0.00074501961499036341,1542968749.4738386,nan,nan,nan,nan,nan,candidate,refined,strongest_peak,1,no_detectable_beat,no_detectable_beat,false,pdv_channel_2,automatic
0.0007450228149903645,58593749.980019182,nan,nan,nan,nan,nan,candidate,boundary_peak,strongest_peak,1,no_detectable_beat,no_detectable_beat,false,pdv_channel_2,automatic
0.00074502601499036559,58593749.980019182,nan,nan,nan,nan,nan,candidate,boundary_peak,strongest_peak,1,no_detectable_beat,no_detectable_beat,false,pdv_channel_2,automatic
0.00074502921499036668,58593749.980019182,nan,nan,nan,nan,nan,candidate,boundary_peak,strongest_peak,1,no_detectable_beat,no_detectable_beat,false,pdv_channel_2,automatic
0.00074503241499036777,58593749.980019182,nan,nan,nan,nan,nan,candidate,boundary_peak,strongest_peak,1,peak_at_band_boundary,peak_at_band_boundary,false,pdv_channel_2,automatic
0.00074503561499036886,58593749.980019182,nan,nan,nan,nan,nan,candidate,boundary_peak,strongest_peak,1,peak_at_band_boundary,peak_at_band_boundary,false,pdv_channel_2,automatic
0.00074503881499036995,107421874.96336851,nan,nan,nan,nan,nan,candidate,refined,strongest_peak,1,no_detectable_beat,no_detectable_beat,false,pdv_channel_2,automatic
0.00074504201499037105,58593749.980019182,nan,nan,nan,nan,nan,candidate,boundary_peak,strongest_peak,1,ambiguous_peak,ambiguous_peak,false,pdv_channel_2,automatic
0.00074504521499037214,58593749.980019182,nan,nan,nan,nan,nan,candidate,boundary_peak,strongest_peak,1,peak_at_band_boundary,peak_at_band_boundary,false,pdv_channel_2,automatic
0.00074504841499037323,58593749.980019182,nan,nan,nan,nan,nan,candidate,boundary_peak,strongest_peak,1,peak_at_band_boundary,peak_at_band_boundary,false,pdv_channel_2,automatic
0.00074505161499037432,58593749.980019182,nan,nan,nan,nan,nan,candidate,boundary_peak,strongest_peak,1,peak_at_band_boundary,peak_at_band_boundary,false,pdv_channel_2,automatic
0.00074505481499037541,58593749.980019182,nan,nan,nan,nan,nan,candidate,boundary_peak,strongest_peak,1,ambiguous_peak,ambiguous_peak,false,pdv_channel_2,automatic
0.0007450580149903765,58593749.980019182,nan,nan,nan,nan,nan,candidate,boundary_peak,strongest_peak,1,peak_at_band_boundary,peak_at_band_boundary,false,pdv_channel_2,automatic
0.00074506121499037759,58593749.980019182,nan,nan,nan,nan,nan,candidate,boundary_peak,strongest_peak,1,peak_at_band_boundary,peak_at_band_boundary,false,pdv_channel_2,automatic
0.00074506441499037868,58593749.980019182,nan,nan,nan,nan,nan,candidate,boundary_peak,strongest_peak,1,peak_at_band_boundary,peak_at_band_boundary,false,pdv_channel_2,automatic
0.00074506761499037978,58593749.980019182,nan,nan,nan,nan,nan,candidate,boundary_peak,strongest_peak,1,peak_at_band_boundary,peak_at_band_boundary,false,pdv_channel_2,automatic
0.00074507081499038087,58593749.980019182,nan,nan,nan,nan,nan,candidate,boundary_peak,strongest_peak,1,ambiguous_peak,ambiguous_peak,false,pdv_channel_2,automatic
0.00074507401499038196,58593749.980019182,nan,nan,nan,nan,nan,candidate,boundary_peak,strongest_peak,1,ambiguous_peak,ambiguous_peak,false,pdv_channel_2,automatic
0.00074507721499038305,58593749.980019182,nan,nan,nan,nan,nan,candidate,boundary_peak,strongest_peak,1,peak_at_band_boundary,peak_at_band_boundary,false,pdv_channel_2,automatic
0.00074508041499038414,58593749.980019182,nan,nan,nan,nan,nan,candidate,boundary_peak,strongest_peak,1,peak_at_band_boundary,peak_at_band_boundary,false,pdv_channel_2,automatic
0.00074508361499038523,58593749.980019182,nan,nan,nan,nan,nan,candidate,boundary_peak,strongest_peak,1,ambiguous_peak,ambiguous_peak,false,pdv_channel_2,automatic
0.00074508681499038632,58593749.980019182,nan,nan,nan,nan,nan,candidate,boundary_peak,strongest_peak,1,ambiguous_peak,ambiguous_peak,false,pdv_channel_2,automatic
0.00074509001499038741,58593749.980019182,nan,nan,nan,nan,nan,candidate,boundary_peak,strongest_peak,1,peak_at_band_boundary,peak_at_band_boundary,false,pdv_channel_2,automatic
0.0007450932149903885,58593749.980019182,nan,nan,nan,nan,nan,candidate,boundary_peak,strongest_peak,1,peak_at_band_boundary,peak_at_band_boundary,false,pdv_channel_2,automatic
0.0007450964149903896,58593749.980019182,nan,nan,nan,nan,nan,candidate,boundary_peak,strongest_peak,1,peak_at_band_boundary,peak_at_band_boundary,false,pdv_channel_2,automatic
0.00074509961499039069,58593749.980019182,nan,nan,nan,nan,nan,candidate,boundary_peak,strongest_peak,1,peak_at_band_boundary,peak_at_band_boundary,false,pdv_channel_2,automatic
0.00074510281499039178,58593749.980019182,nan,nan,nan,nan,nan,candidate,boundary_peak,strongest_peak,1,peak_at_band_boundary,peak_at_band_boundary,false,pdv_channel_2,automatic
0.00074510601499039287,58593749.980019182,nan,nan,nan,nan,nan,candidate,boundary_peak,strongest_peak,1,peak_at_band_boundary,peak_at_band_boundary,false,pdv_channel_2,automatic
0.00074510921499039396,58593749.980019182,nan,nan,nan,nan,nan,candidate,boundary_peak,strongest_peak,1,peak_at_band_boundary,peak_at_band_boundary,false,pdv_channel_2,automatic
0.00074511241499039505,58593749.980019182,nan,nan,nan,nan,nan,candidate,boundary_peak,strongest_peak,1,peak_at_band_boundary,peak_at_band_boundary,false,pdv_channel_2,automatic
0.00074511561499039614,58593749.980019182,nan,nan,nan,nan,nan,candidate,boundary_peak,strongest_peak,1,peak_at_band_boundary,peak_at_band_boundary,false,pdv_channel_2,automatic
0.00074511881499039723,58593749.980019182,nan,nan,nan,nan,nan,candidate,boundary_peak,strongest_peak,1,peak_at_band_boundary,peak_at_band_boundary,false,pdv_channel_2,automatic
0.00074512201499039833,58593749.980019182,nan,nan,nan,nan,nan,candidate,boundary_peak,strongest_peak,1,ambiguous_peak,ambiguous_peak,false,pdv_channel_2,automatic
0.00074512521499039942,58593749.980019182,nan,nan,nan,nan,nan,candidate,boundary_peak,strongest_peak,1,peak_at_band_boundary,peak_at_band_boundary,false,pdv_channel_2,automatic
0.00074512841499040051,58593749.980019182,nan,nan,nan,nan,nan,candidate,boundary_peak,strongest_peak,1,peak_at_band_boundary,peak_at_band_boundary,false,pdv_channel_2,automatic
0.0007451316149904016,58593749.980019182,nan,nan,nan,nan,nan,candidate,boundary_peak,strongest_peak,1,peak_at_band_boundary,peak_at_band_boundary,false,pdv_channel_2,automatic
0.00074513481499040269,58593749.980019182,nan,nan,nan,nan,nan,candidate,boundary_peak,strongest_peak,1,peak_at_band_boundary,peak_at_band_boundary,false,pdv_channel_2,automatic
0.00074513801499040378,58593749.980019182,nan,nan,nan,nan,nan,candidate,boundary_peak,strongest_peak,1,peak_at_band_boundary,peak_at_band_boundary,false,pdv_channel_2,automatic
0.00074514121499040487,58593749.980019182,nan,nan,nan,nan,nan,candidate,boundary_peak,strongest_peak,1,peak_at_band_boundary,peak_at_band_boundary,false,pdv_channel_2,automatic
0.00074514441499040596,58593749.980019182,nan,nan,nan,nan,nan,candidate,boundary_peak,strongest_peak,1,peak_at_band_boundary,peak_at_band_boundary,false,pdv_channel_2,automatic
0.00074514761499040706,58593749.980019182,nan,nan,nan,nan,nan,candidate,boundary_peak,strongest_peak,1,peak_at_band_boundary,peak_at_band_boundary,false,pdv_channel_2,automatic
0.00074515081499040815,58593749.980019182,nan,nan,nan,nan,nan,candidate,boundary_peak,strongest_peak,1,peak_at_band_boundary,peak_at_band_boundary,false,pdv_channel_2,automatic
0.00074515401499040924,58593749.980019182,nan,nan,nan,nan,nan,candidate,boundary_peak,strongest_peak,1,peak_at_band_boundary,peak_at_band_boundary,false,pdv_channel_2,automatic
0.00074515721499041033,58593749.980019182,nan,nan,nan,nan,nan,candidate,boundary_peak,strongest_peak,1,ambiguous_peak,ambiguous_peak,false,pdv_channel_2,automatic
0.00074516041499041142,58593749.980019182,nan,nan,nan,nan,nan,candidate,boundary_peak,strongest_peak,1,peak_at_band_boundary,peak_at_band_boundary,false,pdv_channel_2,automatic
0.00074516361499041251,58593749.980019182,nan,nan,nan,nan,nan,candidate,boundary_peak,strongest_peak,1,peak_at_band_boundary,peak_at_band_boundary,false,pdv_channel_2,automatic
0.0007451668149904136,58593749.980019182,nan,nan,nan,nan,nan,candidate,boundary_peak,strongest_peak,1,peak_at_band_boundary,peak_at_band_boundary,false,pdv_channel_2,automatic
0.00074517001499041469,58593749.980019182,nan,nan,nan,nan,nan,candidate,boundary_peak,strongest_peak,1,peak_at_band_boundary,peak_at_band_boundary,false,pdv_channel_2,automatic
0.00074517321499041579,58593749.980019182,nan,nan,nan,nan,nan,candidate,boundary_peak,strongest_peak,1,peak_at_band_boundary,peak_at_band_boundary,false,pdv_channel_2,automatic
0.00074517641499041688,58593749.980019182,nan,nan,nan,nan,nan,candidate,boundary_peak,strongest_peak,1,peak_at_band_boundary,peak_at_band_boundary,false,pdv_channel_2,automatic
0.00074517961499041797,58593749.980019182,nan,nan,nan,nan,nan,candidate,boundary_peak,strongest_peak,1,ambiguous_peak,ambiguous_peak,false,pdv_channel_2,automatic
0.00074518281499041906,58593749.980019182,nan,nan,nan,nan,nan,candidate,boundary_peak,strongest_peak,1,peak_at_band_boundary,peak_at_band_boundary,false,pdv_channel_2,automatic
0.00074518601499042015,58593749.980019182,nan,nan,nan,nan,nan,candidate,boundary_peak,strongest_peak,1,peak_at_band_boundary,peak_at_band_boundary,false,pdv_channel_2,automatic
0.00074518921499042124,58593749.980019182,nan,nan,nan,nan,nan,candidate,boundary_peak,strongest_peak,1,peak_at_band_boundary,peak_at_band_boundary,false,pdv_channel_2,automatic
0.00074519241499042233,58593749.980019182,nan,nan,nan,nan,nan,candidate,boundary_peak,strongest_peak,1,peak_at_band_boundary,peak_at_band_boundary,false,pdv_channel_2,automatic
0.00074519561499042342,58593749.980019182,nan,nan,nan,nan,nan,candidate,boundary_peak,strongest_peak,1,peak_at_band_boundary,peak_at_band_boundary,false,pdv_channel_2,automatic
0.00074519881499042452,58593749.980019182,nan,nan,nan,nan,nan,candidate,boundary_peak,strongest_peak,1,no_detectable_beat,no_detectable_beat,false,pdv_channel_2,automatic
0.00074520201499042561,58593749.980019182,nan,nan,nan,nan,nan,candidate,boundary_peak,strongest_peak,1,peak_at_band_boundary,peak_at_band_boundary,false,pdv_channel_2,automatic
0.0007452052149904267,58593749.980019182,nan,nan,nan,nan,nan,candidate,boundary_peak,strongest_peak,1,peak_at_band_boundary,peak_at_band_boundary,false,pdv_channel_2,automatic
0.00074520841499042779,58593749.980019182,nan,nan,nan,nan,nan,candidate,boundary_peak,strongest_peak,1,no_detectable_beat,no_detectable_beat,false,pdv_channel_2,automatic
0.00074521161499042888,58593749.980019182,nan,nan,nan,nan,nan,candidate,boundary_peak,strongest_peak,1,no_detectable_beat,no_detectable_beat,false,pdv_channel_2,automatic
0.00074521481499042997,58593749.980019182,nan,nan,nan,nan,nan,candidate,boundary_peak,strongest_peak,1,peak_at_band_boundary,peak_at_band_boundary,false,pdv_channel_2,automatic
0.00074521801499043106,58593749.980019182,nan,nan,nan,nan,nan,candidate,boundary_peak,strongest_peak,1,peak_at_band_boundary,peak_at_band_boundary,false,pdv_channel_2,automatic
0.00074522121499043215,58593749.980019182,nan,nan,nan,nan,nan,candidate,boundary_peak,strongest_peak,1,peak_at_band_boundary,peak_at_band_boundary,false,pdv_channel_2,automatic
0.00074522441499043324,58593749.980019182,nan,nan,nan,nan,nan,candidate,boundary_peak,strongest_peak,1,peak_at_band_boundary,peak_at_band_boundary,false,pdv_channel_2,automatic
0.00074522761499043434,58593749.980019182,nan,nan,nan,nan,nan,candidate,boundary_peak,strongest_peak,1,peak_at_band_boundary,peak_at_band_boundary,false,pdv_channel_2,automatic
0.00074523081499043543,58593749.980019182,nan,nan,nan,nan,nan,candidate,boundary_peak,strongest_peak,1,ambiguous_peak,ambiguous_peak,false,pdv_channel_2,automatic
0.00074523401499043652,58593749.980019182,nan,nan,nan,nan,nan,candidate,boundary_peak,strongest_peak,1,peak_at_band_boundary,peak_at_band_boundary,false,pdv_channel_2,automatic
0.00074523721499043761,58593749.980019182,nan,nan,nan,nan,nan,candidate,boundary_peak,strongest_peak,1,peak_at_band_boundary,peak_at_band_boundary,false,pdv_channel_2,automatic
0.0007452404149904387,58593749.980019182,nan,nan,nan,nan,nan,candidate,boundary_peak,strongest_peak,1,peak_at_band_boundary,peak_at_band_boundary,false,pdv_channel_2,automatic
0.00074524361499043979,58593749.980019182,nan,nan,nan,nan,nan,candidate,boundary_peak,strongest_peak,1,peak_at_band_boundary,peak_at_band_boundary,false,pdv_channel_2,automatic
0.00074524681499044088,58593749.980019182,nan,nan,nan,nan,nan,candidate,boundary_peak,strongest_peak,1,peak_at_band_boundary,peak_at_band_boundary,false,pdv_channel_2,automatic
0.00074525001499044197,58593749.980019182,nan,nan,nan,nan,nan,candidate,boundary_peak,strongest_peak,1,peak_at_band_boundary,peak_at_band_boundary,false,pdv_channel_2,automatic
0.00074525321499044307,58593749.980019182,nan,nan,nan,nan,nan,candidate,boundary_peak,strongest_peak,1,peak_at_band_boundary,peak_at_band_boundary,false,pdv_channel_2,automatic
0.00074525641499044416,58593749.980019182,nan,nan,nan,nan,nan,candidate,boundary_peak,strongest_peak,1,peak_at_band_boundary,peak_at_band_boundary,false,pdv_channel_2,automatic
0.00074525961499044525,58593749.980019182,nan,nan,nan,nan,nan,candidate,boundary_peak,strongest_peak,1,peak_at_band_boundary,peak_at_band_boundary,false,pdv_channel_2,automatic
0.00074526281499044634,58593749.980019182,nan,nan,nan,nan,nan,candidate,boundary_peak,strongest_peak,1,peak_at_band_boundary,peak_at_band_boundary,false,pdv_channel_2,automatic
0.00074526601499044743,58593749.980019182,nan,nan,nan,nan,nan,candidate,boundary_peak,strongest_peak,1,peak_at_band_boundary,peak_at_band_boundary,false,pdv_channel_2,automatic
0.00074526921499044852,1757812499.4005756,nan,nan,nan,nan,nan,candidate,refined,strongest_peak,1,no_detectable_beat,no_detectable_beat,false,pdv_channel_2,automatic
0.00074527241499044961,58593749.980019182,nan,nan,nan,nan,nan,candidate,boundary_peak,strongest_peak,1,no_detectable_beat,no_detectable_beat,false,pdv_channel_2,automatic
0.0007452756149904507,58593749.980019182,nan,nan,nan,nan,nan,candidate,boundary_peak,strongest_peak,1,peak_at_band_boundary,peak_at_band_boundary,false,pdv_channel_2,automatic
0.0007452788149904518,58593749.980019182,nan,nan,nan,nan,nan,candidate,boundary_peak,strongest_peak,1,peak_at_band_boundary,peak_at_band_boundary,false,pdv_channel_2,automatic
0.00074528201499045289,58593749.980019182,nan,nan,nan,nan,nan,candidate,boundary_peak,strongest_peak,1,peak_at_band_boundary,peak_at_band_boundary,false,pdv_channel_2,automatic
0.00074528521499045398,58593749.980019182,nan,nan,nan,nan,nan,candidate,boundary_peak,strongest_peak,1,no_detectable_beat,no_detectable_beat,false,pdv_channel_2,automatic
0.00074528841499045507,58593749.980019182,nan,nan,nan,nan,nan,candidate,boundary_peak,strongest_peak,1,peak_at_band_boundary,peak_at_band_boundary,false,pdv_channel_2,automatic
0.00074529161499045616,58593749.980019182,nan,nan,nan,nan,nan,candidate,boundary_peak,strongest_peak,1,peak_at_band_boundary,peak_at_band_boundary,false,pdv_channel_2,automatic
0.00074529481499045725,58593749.980019182,nan,nan,nan,nan,nan,candidate,boundary_peak,strongest_peak,1,ambiguous_peak,ambiguous_peak,false,pdv_channel_2,automatic
0.00074529801499045834,58593749.980019182,nan,nan,nan,nan,nan,candidate,boundary_peak,strongest_peak,1,peak_at_band_boundary,peak_at_band_boundary,false,pdv_channel_2,automatic
0.00074530121499045943,58593749.980019182,nan,nan,nan,nan,nan,candidate,boundary_peak,strongest_peak,1,peak_at_band_boundary,peak_at_band_boundary,false,pdv_channel_2,automatic
0.00074530441499046053,58593749.980019182,nan,nan,nan,nan,nan,candidate,boundary_peak,strongest_peak,1,peak_at_band_boundary,peak_at_band_boundary,false,pdv_channel_2,automatic
0.00074530761499046162,58593749.980019182,nan,nan,nan,nan,nan,candidate,boundary_peak,strongest_peak,1,peak_at_band_boundary,peak_at_band_boundary,false,pdv_channel_2,automatic
0.00074531081499046271,58593749.980019182,nan,nan,nan,nan,nan,candidate,boundary_peak,strongest_peak,1,peak_at_band_boundary,peak_at_band_boundary,false,pdv_channel_2,automatic
0.0007453140149904638,58593749.980019182,nan,nan,nan,nan,nan,candidate,boundary_peak,strongest_peak,1,peak_at_band_boundary,peak_at_band_boundary,false,pdv_channel_2,automatic
0.00074531721499046489,58593749.980019182,nan,nan,nan,nan,nan,candidate,boundary_peak,strongest_peak,1,peak_at_band_boundary,peak_at_band_boundary,false,pdv_channel_2,automatic
0.00074532041499046598,58593749.980019182,nan,nan,nan,nan,nan,candidate,boundary_peak,strongest_peak,1,peak_at_band_boundary,peak_at_band_boundary,false,pdv_channel_2,automatic
0.00074532361499046707,58593749.980019182,nan,nan,nan,nan,nan,candidate,boundary_peak,strongest_peak,1,peak_at_band_boundary,peak_at_band_boundary,false,pdv_channel_2,automatic
0.00074532681499046816,58593749.980019182,nan,nan,nan,nan,nan,candidate,boundary_peak,strongest_peak,1,peak_at_band_boundary,peak_at_band_boundary,false,pdv_channel_2,automatic
0.00074533001499046926,58593749.980019182,nan,nan,nan,nan,nan,candidate,boundary_peak,strongest_peak,1,peak_at_band_boundary,peak_at_band_boundary,false,pdv_channel_2,automatic
0.00074533321499047035,58593749.980019182,nan,nan,nan,nan,nan,candidate,boundary_peak,strongest_peak,1,peak_at_band_boundary,peak_at_band_boundary,false,pdv_channel_2,automatic
0.00074533641499047144,58593749.980019182,nan,nan,nan,nan,nan,candidate,boundary_peak,strongest_peak,1,peak_at_band_boundary,peak_at_band_boundary,false,pdv_channel_2,automatic
0.00074533961499047253,58593749.980019182,nan,nan,nan,nan,nan,candidate,boundary_peak,strongest_peak,1,peak_at_band_boundary,peak_at_band_boundary,false,pdv_channel_2,automatic
0.00074534281499047362,58593749.980019182,nan,nan,nan,nan,nan,candidate,boundary_peak,strongest_peak,1,no_detectable_beat,no_detectable_beat,false,pdv_channel_2,automatic
0.00074534601499047471,58593749.980019182,nan,nan,nan,nan,nan,candidate,boundary_peak,strongest_peak,1,peak_at_band_boundary,peak_at_band_boundary,false,pdv_channel_2,automatic
0.0007453492149904758,58593749.980019182,nan,nan,nan,nan,nan,candidate,boundary_peak,strongest_peak,1,no_detectable_beat,no_detectable_beat,false,pdv_channel_2,automatic
0.00074535241499047689,58593749.980019182,nan,nan,nan,nan,nan,candidate,boundary_peak,strongest_peak,1,peak_at_band_boundary,peak_at_band_boundary,false,pdv_channel_2,automatic
0.00074535561499047798,58593749.980019182,nan,nan,nan,nan,nan,candidate,boundary_peak,strongest_peak,1,peak_at_band_boundary,peak_at_band_boundary,false,pdv_channel_2,automatic
0.00074535881499047908,58593749.980019182,nan,nan,nan,nan,nan,candidate,boundary_peak,strongest_peak,1,peak_at_band_boundary,peak_at_band_boundary,false,pdv_channel_2,automatic
0.00074536201499048017,58593749.980019182,nan,nan,nan,nan,nan,candidate,boundary_peak,strongest_peak,1,peak_at_band_boundary,peak_at_band_boundary,false,pdv_channel_2,automatic
0.00074536521499048126,58593749.980019182,nan,nan,nan,nan,nan,candidate,boundary_peak,strongest_peak,1,peak_at_band_boundary,peak_at_band_boundary,false,pdv_channel_2,automatic
0.00074536841499048235,58593749.980019182,nan,nan,nan,nan,nan,candidate,boundary_peak,strongest_peak,1,peak_at_band_boundary,peak_at_band_boundary,false,pdv_channel_2,automatic
0.00074537161499048344,58593749.980019182,nan,nan,nan,nan,nan,candidate,boundary_peak,strongest_peak,1,ambiguous_peak,ambiguous_peak,false,pdv_channel_2,automatic
0.00074537481499048453,58593749.980019182,nan,nan,nan,nan,nan,candidate,boundary_peak,strongest_peak,1,ambiguous_peak,ambiguous_peak,false,pdv_channel_2,automatic
0.00074537801499048562,107421874.96336851,nan,nan,nan,nan,nan,candidate,refined,strongest_peak,1,no_detectable_beat,no_detectable_beat,false,pdv_channel_2,automatic
0.00074538121499048671,58593749.980019182,nan,nan,nan,nan,nan,candidate,boundary_peak,strongest_peak,1,peak_at_band_boundary,peak_at_band_boundary,false,pdv_channel_2,automatic
0.00074538441499048781,58593749.980019182,nan,nan,nan,nan,nan,candidate,boundary_peak,strongest_peak,1,peak_at_band_boundary,peak_at_band_boundary,false,pdv_channel_2,automatic
0.0007453876149904889,58593749.980019182,nan,nan,nan,nan,nan,candidate,boundary_peak,strongest_peak,1,peak_at_band_boundary,peak_at_band_boundary,false,pdv_channel_2,automatic
0.00074539081499048999,58593749.980019182,nan,nan,nan,nan,nan,candidate,boundary_peak,strongest_peak,1,peak_at_band_boundary,peak_at_band_boundary,false,pdv_channel_2,automatic
0.00074539401499049108,58593749.980019182,nan,nan,nan,nan,nan,candidate,boundary_peak,strongest_peak,1,peak_at_band_boundary,peak_at_band_boundary,false,pdv_channel_2,automatic
0.00074539721499049217,58593749.980019182,nan,nan,nan,nan,nan,candidate,boundary_peak,strongest_peak,1,peak_at_band_boundary,peak_at_band_boundary,false,pdv_channel_2,automatic
0.00074540041499049326,58593749.980019182,nan,nan,nan,nan,nan,candidate,boundary_peak,strongest_peak,1,peak_at_band_boundary,peak_at_band_boundary,false,pdv_channel_2,automatic
0.00074540361499049435,58593749.980019182,nan,nan,nan,nan,nan,candidate,boundary_peak,strongest_peak,1,peak_at_band_boundary,peak_at_band_boundary,false,pdv_channel_2,automatic
0.00074540681499049544,58593749.980019182,nan,nan,nan,nan,nan,candidate,boundary_peak,strongest_peak,1,peak_at_band_boundary,peak_at_band_boundary,false,pdv_channel_2,automatic
0.00074541001499049654,58593749.980019182,nan,nan,nan,nan,nan,candidate,boundary_peak,strongest_peak,1,peak_at_band_boundary,peak_at_band_boundary,false,pdv_channel_2,automatic
0.00074541321499049763,58593749.980019182,nan,nan,nan,nan,nan,candidate,boundary_peak,strongest_peak,1,peak_at_band_boundary,peak_at_band_boundary,false,pdv_channel_2,automatic
0.00074541641499049872,58593749.980019182,nan,nan,nan,nan,nan,candidate,boundary_peak,strongest_peak,1,peak_at_band_boundary,peak_at_band_boundary,false,pdv_channel_2,automatic
0.00074541961499049981,58593749.980019182,nan,nan,nan,nan,nan,candidate,boundary_peak,strongest_peak,1,peak_at_band_boundary,peak_at_band_boundary,false,pdv_channel_2,automatic
0.0007454228149905009,58593749.980019182,nan,nan,nan,nan,nan,candidate,boundary_peak,strongest_peak,1,no_detectable_beat,no_detectable_beat,false,pdv_channel_2,automatic
0.00074542601499050199,58593749.980019182,nan,nan,nan,nan,nan,candidate,boundary_peak,strongest_peak,1,no_detectable_beat,no_detectable_beat,false,pdv_channel_2,automatic
0.00074542921499050308,58593749.980019182,nan,nan,nan,nan,nan,candidate,boundary_peak,strongest_peak,1,peak_at_band_boundary,peak_at_band_boundary,false,pdv_channel_2,automatic
0.00074543241499050417,58593749.980019182,nan,nan,nan,nan,nan,candidate,boundary_peak,strongest_peak,1,peak_at_band_boundary,peak_at_band_boundary,false,pdv_channel_2,automatic
0.00074543561499050527,58593749.980019182,nan,nan,nan,nan,nan,candidate,boundary_peak,strongest_peak,1,peak_at_band_boundary,peak_at_band_boundary,false,pdv_channel_2,automatic
0.00074543881499050636,58593749.980019182,nan,nan,nan,nan,nan,candidate,boundary_peak,strongest_peak,1,peak_at_band_boundary,peak_at_band_boundary,false,pdv_channel_2,automatic
0.00074544201499050745,58593749.980019182,nan,nan,nan,nan,nan,candidate,boundary_peak,strongest_peak,1,peak_at_band_boundary,peak_at_band_boundary,false,pdv_channel_2,automatic
0.00074544521499050854,58593749.980019182,nan,nan,nan,nan,nan,candidate,boundary_peak,strongest_peak,1,peak_at_band_boundary,peak_at_band_boundary,false,pdv_channel_2,automatic
0.00074544841499050963,58593749.980019182,nan,nan,nan,nan,nan,candidate,boundary_peak,strongest_peak,1,peak_at_band_boundary,peak_at_band_boundary,false,pdv_channel_2,automatic
0.00074545161499051072,58593749.980019182,nan,nan,nan,nan,nan,candidate,boundary_peak,strongest_peak,1,peak_at_band_boundary,peak_at_band_boundary,false,pdv_channel_2,automatic
0.00074545481499051181,58593749.980019182,nan,nan,nan,nan,nan,candidate,boundary_peak,strongest_peak,1,peak_at_band_boundary,peak_at_band_boundary,false,pdv_channel_2,automatic
0.0007454580149905129,58593749.980019182,nan,nan,nan,nan,nan,candidate,boundary_peak,strongest_peak,1,peak_at_band_boundary,peak_at_band_boundary,false,pdv_channel_2,automatic
0.000745461214990514,58593749.980019182,nan,nan,nan,nan,nan,candidate,boundary_peak,strongest_peak,1,peak_at_band_boundary,peak_at_band_boundary,false,pdv_channel_2,automatic
0.00074546441499051509,58593749.980019182,nan,nan,nan,nan,nan,candidate,boundary_peak,strongest_peak,1,peak_at_band_boundary,peak_at_band_boundary,false,pdv_channel_2,automatic
0.00074546761499051618,58593749.980019182,nan,nan,nan,nan,nan,candidate,boundary_peak,strongest_peak,1,peak_at_band_boundary,peak_at_band_boundary,false,pdv_channel_2,automatic
0.00074547081499051727,58593749.980019182,nan,nan,nan,nan,nan,candidate,boundary_peak,strongest_peak,1,peak_at_band_boundary,peak_at_band_boundary,false,pdv_channel_2,automatic
0.00074547401499051836,58593749.980019182,nan,nan,nan,nan,nan,candidate,boundary_peak,strongest_peak,1,peak_at_band_boundary,peak_at_band_boundary,false,pdv_channel_2,automatic
0.00074547721499051945,58593749.980019182,nan,nan,nan,nan,nan,candidate,boundary_peak,strongest_peak,1,peak_at_band_boundary,peak_at_band_boundary,false,pdv_channel_2,automatic
0.00074548041499052054,58593749.980019182,nan,nan,nan,nan,nan,candidate,boundary_peak,strongest_peak,1,peak_at_band_boundary,peak_at_band_boundary,false,pdv_channel_2,automatic
0.00074548361499052163,58593749.980019182,nan,nan,nan,nan,nan,candidate,boundary_peak,strongest_peak,1,no_detectable_beat,no_detectable_beat,false,pdv_channel_2,automatic
0.00074548681499052272,58593749.980019182,nan,nan,nan,nan,nan,candidate,boundary_peak,strongest_peak,1,peak_at_band_boundary,peak_at_band_boundary,false,pdv_channel_2,automatic
0.00074549001499052382,58593749.980019182,nan,nan,nan,nan,nan,candidate,boundary_peak,strongest_peak,1,peak_at_band_boundary,peak_at_band_boundary,false,pdv_channel_2,automatic
0.00074549321499052491,58593749.980019182,nan,nan,nan,nan,nan,candidate,boundary_peak,strongest_peak,1,peak_at_band_boundary,peak_at_band_boundary,false,pdv_channel_2,automatic
0.000745496414990526,58593749.980019182,nan,nan,nan,nan,nan,candidate,boundary_peak,strongest_peak,1,peak_at_band_boundary,peak_at_band_boundary,false,pdv_channel_2,automatic
0.00074549961499052709,58593749.980019182,nan,nan,nan,nan,nan,candidate,boundary_peak,strongest_peak,1,peak_at_band_boundary,peak_at_band_boundary,false,pdv_channel_2,automatic
0.00074550281499052818,58593749.980019182,nan,nan,nan,nan,nan,candidate,boundary_peak,strongest_peak,1,peak_at_band_boundary,peak_at_band_boundary,false,pdv_channel_2,automatic
0.00074550601499052927,58593749.980019182,nan,nan,nan,nan,nan,candidate,boundary_peak,strongest_peak,1,peak_at_band_boundary,peak_at_band_boundary,false,pdv_channel_2,automatic
0.00074550921499053036,58593749.980019182,nan,nan,nan,nan,nan,candidate,boundary_peak,strongest_peak,1,peak_at_band_boundary,peak_at_band_boundary,false,pdv_channel_2,automatic
0.00074551241499053145,58593749.980019182,nan,nan,nan,nan,nan,candidate,boundary_peak,strongest_peak,1,peak_at_band_boundary,peak_at_band_boundary,false,pdv_channel_2,automatic
0.00074551561499053255,58593749.980019182,nan,nan,nan,nan,nan,candidate,boundary_peak,strongest_peak,1,peak_at_band_boundary,peak_at_band_boundary,false,pdv_channel_2,automatic
0.00074551881499053364,58593749.980019182,nan,nan,nan,nan,nan,candidate,boundary_peak,strongest_peak,1,peak_at_band_boundary,peak_at_band_boundary,false,pdv_channel_2,automatic
0.00074552201499053473,58593749.980019182,nan,nan,nan,nan,nan,candidate,boundary_peak,strongest_peak,1,peak_at_band_boundary,peak_at_band_boundary,false,pdv_channel_2,automatic
0.00074552521499053582,58593749.980019182,nan,nan,nan,nan,nan,candidate,boundary_peak,strongest_peak,1,peak_at_band_boundary,peak_at_band_boundary,false,pdv_channel_2,automatic
0.00074552841499053691,58593749.980019182,nan,nan,nan,nan,nan,candidate,boundary_peak,strongest_peak,1,peak_at_band_boundary,peak_at_band_boundary,false,pdv_channel_2,automatic
0.000745531614990538,58593749.980019182,nan,nan,nan,nan,nan,candidate,boundary_peak,strongest_peak,1,peak_at_band_boundary,peak_at_band_boundary,false,pdv_channel_2,automatic
0.00074553481499053909,58593749.980019182,nan,nan,nan,nan,nan,candidate,boundary_peak,strongest_peak,1,peak_at_band_boundary,peak_at_band_boundary,false,pdv_channel_2,automatic
0.00074553801499054018,58593749.980019182,nan,nan,nan,nan,nan,candidate,boundary_peak,strongest_peak,1,peak_at_band_boundary,peak_at_band_boundary,false,pdv_channel_2,automatic
0.00074554121499054128,58593749.980019182,nan,nan,nan,nan,nan,candidate,boundary_peak,strongest_peak,1,peak_at_band_boundary,peak_at_band_boundary,false,pdv_channel_2,automatic
0.00074554441499054237,58593749.980019182,nan,nan,nan,nan,nan,candidate,boundary_peak,strongest_peak,1,peak_at_band_boundary,peak_at_band_boundary,false,pdv_channel_2,automatic
0.00074554761499054346,58593749.980019182,nan,nan,nan,nan,nan,candidate,boundary_peak,strongest_peak,1,peak_at_band_boundary,peak_at_band_boundary,false,pdv_channel_2,automatic
0.00074555081499054455,58593749.980019182,nan,nan,nan,nan,nan,candidate,boundary_peak,strongest_peak,1,peak_at_band_boundary,peak_at_band_boundary,false,pdv_channel_2,automatic
0.00074555401499054564,58593749.980019182,nan,nan,nan,nan,nan,candidate,boundary_peak,strongest_peak,1,peak_at_band_boundary,peak_at_band_boundary,false,pdv_channel_2,automatic
0.00074555721499054673,58593749.980019182,nan,nan,nan,nan,nan,candidate,boundary_peak,strongest_peak,1,peak_at_band_boundary,peak_at_band_boundary,false,pdv_channel_2,automatic
0.00074556041499054782,58593749.980019182,nan,nan,nan,nan,nan,candidate,boundary_peak,strongest_peak,1,peak_at_band_boundary,peak_at_band_boundary,false,pdv_channel_2,automatic
0.00074556361499054891,58593749.980019182,nan,nan,nan,nan,nan,candidate,boundary_peak,strongest_peak,1,peak_at_band_boundary,peak_at_band_boundary,false,pdv_channel_2,automatic
0.00074556681499055001,58593749.980019182,nan,nan,nan,nan,nan,candidate,boundary_peak,strongest_peak,1,peak_at_band_boundary,peak_at_band_boundary,false,pdv_channel_2,automatic
0.0007455700149905511,58593749.980019182,nan,nan,nan,nan,nan,candidate,boundary_peak,strongest_peak,1,peak_at_band_boundary,peak_at_band_boundary,false,pdv_channel_2,automatic
0.00074557321499055219,58593749.980019182,nan,nan,nan,nan,nan,candidate,boundary_peak,strongest_peak,1,peak_at_band_boundary,peak_at_band_boundary,false,pdv_channel_2,automatic
0.00074557641499055328,58593749.980019182,nan,nan,nan,nan,nan,candidate,boundary_peak,strongest_peak,1,peak_at_band_boundary,peak_at_band_boundary,false,pdv_channel_2,automatic
0.00074557961499055437,58593749.980019182,nan,nan,nan,nan,nan,candidate,boundary_peak,strongest_peak,1,peak_at_band_boundary,peak_at_band_boundary,false,pdv_channel_2,automatic
0.00074558281499055546,58593749.980019182,nan,nan,nan,nan,nan,candidate,boundary_peak,strongest_peak,1,peak_at_band_boundary,peak_at_band_boundary,false,pdv_channel_2,automatic
0.00074558601499055655,58593749.980019182,nan,nan,nan,nan,nan,candidate,boundary_peak,strongest_peak,1,peak_at_band_boundary,peak_at_band_boundary,false,pdv_channel_2,automatic
0.00074558921499055764,58593749.980019182,nan,nan,nan,nan,nan,candidate,boundary_peak,strongest_peak,1,peak_at_band_boundary,peak_at_band_boundary,false,pdv_channel_2,automatic
0.00074559241499055874,58593749.980019182,nan,nan,nan,nan,nan,candidate,boundary_peak,strongest_peak,1,peak_at_band_boundary,peak_at_band_boundary,false,pdv_channel_2,automatic
0.00074559561499055983,58593749.980019182,nan,nan,nan,nan,nan,candidate,boundary_peak,strongest_peak,1,peak_at_band_boundary,peak_at_band_boundary,false,pdv_channel_2,automatic
0.00074559881499056092,58593749.980019182,nan,nan,nan,nan,nan,candidate,boundary_peak,strongest_peak,1,peak_at_band_boundary,peak_at_band_boundary,false,pdv_channel_2,automatic
0.00074560201499056201,58593749.980019182,nan,nan,nan,nan,nan,candidate,boundary_peak,strongest_peak,1,no_detectable_beat,no_detectable_beat,false,pdv_channel_2,automatic
0.0007456052149905631,58593749.980019182,nan,nan,nan,nan,nan,candidate,boundary_peak,strongest_peak,1,peak_at_band_boundary,peak_at_band_boundary,false,pdv_channel_2,automatic
0.00074560841499056419,58593749.980019182,nan,nan,nan,nan,nan,candidate,boundary_peak,strongest_peak,1,peak_at_band_boundary,peak_at_band_boundary,false,pdv_channel_2,automatic
0.00074561161499056528,58593749.980019182,nan,nan,nan,nan,nan,candidate,boundary_peak,strongest_peak,1,peak_at_band_boundary,peak_at_band_boundary,false,pdv_channel_2,automatic
0.00074561481499056637,58593749.980019182,nan,nan,nan,nan,nan,candidate,boundary_peak,strongest_peak,1,peak_at_band_boundary,peak_at_band_boundary,false,pdv_channel_2,automatic
0.00074561801499056746,58593749.980019182,nan,nan,nan,nan,nan,candidate,boundary_peak,strongest_peak,1,peak_at_band_boundary,peak_at_band_boundary,false,pdv_channel_2,automatic
0.00074562121499056856,58593749.980019182,nan,nan,nan,nan,nan,candidate,boundary_peak,strongest_peak,1,peak_at_band_boundary,peak_at_band_boundary,false,pdv_channel_2,automatic
0.00074562441499056965,58593749.980019182,nan,nan,nan,nan,nan,candidate,boundary_peak,strongest_peak,1,peak_at_band_boundary,peak_at_band_boundary,false,pdv_channel_2,automatic
0.00074562761499057074,58593749.980019182,nan,nan,nan,nan,nan,candidate,boundary_peak,strongest_peak,1,peak_at_band_boundary,peak_at_band_boundary,false,pdv_channel_2,automatic
0.00074563081499057183,58593749.980019182,nan,nan,nan,nan,nan,candidate,boundary_peak,strongest_peak,1,peak_at_band_boundary,peak_at_band_boundary,false,pdv_channel_2,automatic
0.00074563401499057292,58593749.980019182,nan,nan,nan,nan,nan,candidate,boundary_peak,strongest_peak,1,peak_at_band_boundary,peak_at_band_boundary,false,pdv_channel_2,automatic
0.00074563721499057401,58593749.980019182,nan,nan,nan,nan,nan,candidate,boundary_peak,strongest_peak,1,peak_at_band_boundary,peak_at_band_boundary,false,pdv_channel_2,automatic
0.0007456404149905751,58593749.980019182,nan,nan,nan,nan,nan,candidate,boundary_peak,strongest_peak,1,peak_at_band_boundary,peak_at_band_boundary,false,pdv_channel_2,automatic
0.00074564361499057619,58593749.980019182,nan,nan,nan,nan,nan,candidate,boundary_peak,strongest_peak,1,peak_at_band_boundary,peak_at_band_boundary,false,pdv_channel_2,automatic
0.00074564681499057729,58593749.980019182,nan,nan,nan,nan,nan,candidate,boundary_peak,strongest_peak,1,peak_at_band_boundary,peak_at_band_boundary,false,pdv_channel_2,automatic
0.00074565001499057838,58593749.980019182,nan,nan,nan,nan,nan,candidate,boundary_peak,strongest_peak,1,peak_at_band_boundary,peak_at_band_boundary,false,pdv_channel_2,automatic
0.00074565321499057947,58593749.980019182,nan,nan,nan,nan,nan,candidate,boundary_peak,strongest_peak,1,ambiguous_peak,ambiguous_peak,false,pdv_channel_2,automatic
0.00074565641499058056,58593749.980019182,nan,nan,nan,nan,nan,candidate,boundary_peak,strongest_peak,1,peak_at_band_boundary,peak_at_band_boundary,false,pdv_channel_2,automatic
0.00074565961499058165,58593749.980019182,nan,nan,nan,nan,nan,candidate,boundary_peak,strongest_peak,1,peak_at_band_boundary,peak_at_band_boundary,false,pdv_channel_2,automatic
0.00074566281499058274,58593749.980019182,nan,nan,nan,nan,nan,candidate,boundary_peak,strongest_peak,1,no_detectable_beat,no_detectable_beat,false,pdv_channel_2,automatic
0.00074566601499058383,58593749.980019182,nan,nan,nan,nan,nan,candidate,boundary_peak,strongest_peak,1,ambiguous_peak,ambiguous_peak,false,pdv_channel_2,automatic
0.00074566921499058492,58593749.980019182,nan,nan,nan,nan,nan,candidate,boundary_peak,strongest_peak,1,peak_at_band_boundary,peak_at_band_boundary,false,pdv_channel_2,automatic
0.00074567241499058602,58593749.980019182,nan,nan,nan,nan,nan,candidate,boundary_peak,strongest_peak,1,peak_at_band_boundary,peak_at_band_boundary,false,pdv_channel_2,automatic
0.00074567561499058711,58593749.980019182,nan,nan,nan,nan,nan,candidate,boundary_peak,strongest_peak,1,peak_at_band_boundary,peak_at_band_boundary,false,pdv_channel_2,automatic
0.0007456788149905882,58593749.980019182,nan,nan,nan,nan,nan,candidate,boundary_peak,strongest_peak,1,peak_at_band_boundary,peak_at_band_boundary,false,pdv_channel_2,automatic
0.00074568201499058929,58593749.980019182,nan,nan,nan,nan,nan,candidate,boundary_peak,strongest_peak,1,peak_at_band_boundary,peak_at_band_boundary,false,pdv_channel_2,automatic
0.00074568521499059038,58593749.980019182,nan,nan,nan,nan,nan,candidate,boundary_peak,strongest_peak,1,peak_at_band_boundary,peak_at_band_boundary,false,pdv_channel_2,automatic
0.00074568841499059147,58593749.980019182,nan,nan,nan,nan,nan,candidate,boundary_peak,strongest_peak,1,peak_at_band_boundary,peak_at_band_boundary,false,pdv_channel_2,automatic
0.00074569161499059256,58593749.980019182,nan,nan,nan,nan,nan,candidate,boundary_peak,strongest_peak,1,peak_at_band_boundary,peak_at_band_boundary,false,pdv_channel_2,automatic
0.00074569481499059365,58593749.980019182,nan,nan,nan,nan,nan,candidate,boundary_peak,strongest_peak,1,peak_at_band_boundary,peak_at_band_boundary,false,pdv_channel_2,automatic
0.00074569801499059475,58593749.980019182,nan,nan,nan,nan,nan,candidate,boundary_peak,strongest_peak,1,peak_at_band_boundary,peak_at_band_boundary,false,pdv_channel_2,automatic
0.00074570121499059584,58593749.980019182,nan,nan,nan,nan,nan,candidate,boundary_peak,strongest_peak,1,peak_at_band_boundary,peak_at_band_boundary,false,pdv_channel_2,automatic
0.00074570441499059693,58593749.980019182,nan,nan,nan,nan,nan,candidate,boundary_peak,strongest_peak,1,peak_at_band_boundary,peak_at_band_boundary,false,pdv_channel_2,automatic
0.00074570761499059802,58593749.980019182,nan,nan,nan,nan,nan,candidate,boundary_peak,strongest_peak,1,peak_at_band_boundary,peak_at_band_boundary,false,pdv_channel_2,automatic
0.00074571081499059911,58593749.980019182,nan,nan,nan,nan,nan,candidate,boundary_peak,strongest_peak,1,peak_at_band_boundary,peak_at_band_boundary,false,pdv_channel_2,automatic
0.0007457140149906002,58593749.980019182,nan,nan,nan,nan,nan,candidate,boundary_peak,strongest_peak,1,ambiguous_peak,ambiguous_peak,false,pdv_channel_2,automatic
0.00074571721499060129,58593749.980019182,nan,nan,nan,nan,nan,candidate,boundary_peak,strongest_peak,1,ambiguous_peak,ambiguous_peak,false,pdv_channel_2,automatic
0.00074572041499060238,58593749.980019182,nan,nan,nan,nan,nan,candidate,boundary_peak,strongest_peak,1,peak_at_band_boundary,peak_at_band_boundary,false,pdv_channel_2,automatic
0.00074572361499060348,58593749.980019182,nan,nan,nan,nan,nan,candidate,boundary_peak,strongest_peak,1,peak_at_band_boundary,peak_at_band_boundary,false,pdv_channel_2,automatic
0.00074572681499060457,58593749.980019182,nan,nan,nan,nan,nan,candidate,boundary_peak,strongest_peak,1,peak_at_band_boundary,peak_at_band_boundary,false,pdv_channel_2,automatic
0.00074573001499060566,58593749.980019182,nan,nan,nan,nan,nan,candidate,boundary_peak,strongest_peak,1,peak_at_band_boundary,peak_at_band_boundary,false,pdv_channel_2,automatic
0.00074573321499060675,58593749.980019182,nan,nan,nan,nan,nan,candidate,boundary_peak,strongest_peak,1,peak_at_band_boundary,peak_at_band_boundary,false,pdv_channel_2,automatic
0.00074573641499060784,117187499.96003836,nan,nan,nan,nan,nan,candidate,refined,strongest_peak,1,ambiguous_peak,ambiguous_peak,false,pdv_channel_2,automatic
0.00074573961499060893,58593749.980019182,nan,nan,nan,nan,nan,candidate,boundary_peak,strongest_peak,1,peak_at_band_boundary,peak_at_band_boundary,false,pdv_channel_2,automatic
0.00074574281499061002,58593749.980019182,nan,nan,nan,nan,nan,candidate,boundary_peak,strongest_peak,1,peak_at_band_boundary,peak_at_band_boundary,false,pdv_channel_2,automatic
0.00074574601499061111,58593749.980019182,nan,nan,nan,nan,nan,candidate,boundary_peak,strongest_peak,1,peak_at_band_boundary,peak_at_band_boundary,false,pdv_channel_2,automatic
0.0007457492149906122,58593749.980019182,nan,nan,nan,nan,nan,candidate,boundary_peak,strongest_peak,1,peak_at_band_boundary,peak_at_band_boundary,false,pdv_channel_2,automatic
0.0007457524149906133,58593749.980019182,nan,nan,nan,nan,nan,candidate,boundary_peak,strongest_peak,1,ambiguous_peak,ambiguous_peak,false,pdv_channel_2,automatic
0.00074575561499061439,58593749.980019182,nan,nan,nan,nan,nan,candidate,boundary_peak,strongest_peak,1,ambiguous_peak,ambiguous_peak,false,pdv_channel_2,automatic
0.00074575881499061548,58593749.980019182,nan,nan,nan,nan,nan,candidate,boundary_peak,strongest_peak,1,peak_at_band_boundary,peak_at_band_boundary,false,pdv_channel_2,automatic
0.00074576201499061657,58593749.980019182,nan,nan,nan,nan,nan,candidate,boundary_peak,strongest_peak,1,peak_at_band_boundary,peak_at_band_boundary,false,pdv_channel_2,automatic
0.00074576521499061766,58593749.980019182,nan,nan,nan,nan,nan,candidate,boundary_peak,strongest_peak,1,peak_at_band_boundary,peak_at_band_boundary,false,pdv_channel_2,automatic
0.00074576841499061875,58593749.980019182,nan,nan,nan,nan,nan,candidate,boundary_peak,strongest_peak,1,peak_at_band_boundary,peak_at_band_boundary,false,pdv_channel_2,automatic
0.00074577161499061984,58593749.980019182,nan,nan,nan,nan,nan,candidate,boundary_peak,strongest_peak,1,peak_at_band_boundary,peak_at_band_boundary,false,pdv_channel_2,automatic
0.00074577481499062093,58593749.980019182,nan,nan,nan,nan,nan,candidate,boundary_peak,strongest_peak,1,peak_at_band_boundary,peak_at_band_boundary,false,pdv_channel_2,automatic
0.00074577801499062203,58593749.980019182,nan,nan,nan,nan,nan,candidate,boundary_peak,strongest_peak,1,no_detectable_beat,no_detectable_beat,false,pdv_channel_2,automatic
0.00074578121499062312,58593749.980019182,nan,nan,nan,nan,nan,candidate,boundary_peak,strongest_peak,1,peak_at_band_boundary,peak_at_band_boundary,false,pdv_channel_2,automatic
0.00074578441499062421,58593749.980019182,nan,nan,nan,nan,nan,candidate,boundary_peak,strongest_peak,1,peak_at_band_boundary,peak_at_band_boundary,false,pdv_channel_2,automatic
0.0007457876149906253,58593749.980019182,nan,nan,nan,nan,nan,candidate,boundary_peak,strongest_peak,1,peak_at_band_boundary,peak_at_band_boundary,false,pdv_channel_2,automatic
0.00074579081499062639,58593749.980019182,nan,nan,nan,nan,nan,candidate,boundary_peak,strongest_peak,1,peak_at_band_boundary,peak_at_band_boundary,false,pdv_channel_2,automatic
0.00074579401499062748,58593749.980019182,nan,nan,nan,nan,nan,candidate,boundary_peak,strongest_peak,1,peak_at_band_boundary,peak_at_band_boundary,false,pdv_channel_2,automatic
0.00074579721499062857,58593749.980019182,nan,nan,nan,nan,nan,candidate,boundary_peak,strongest_peak,1,peak_at_band_boundary,peak_at_band_boundary,false,pdv_channel_2,automatic
0.00074580041499062966,58593749.980019182,nan,nan,nan,nan,nan,candidate,boundary_peak,strongest_peak,1,peak_at_band_boundary,peak_at_band_boundary,false,pdv_channel_2,automatic
0.00074580361499063076,58593749.980019182,nan,nan,nan,nan,nan,candidate,boundary_peak,strongest_peak,1,ambiguous_peak,ambiguous_peak,false,pdv_channel_2,automatic
0.00074580681499063185,58593749.980019182,nan,nan,nan,nan,nan,candidate,boundary_peak,strongest_peak,1,ambiguous_peak,ambiguous_peak,false,pdv_channel_2,automatic
0.00074581001499063294,58593749.980019182,nan,nan,nan,nan,nan,candidate,boundary_peak,strongest_peak,1,peak_at_band_boundary,peak_at_band_boundary,false,pdv_channel_2,automatic
0.00074581321499063403,58593749.980019182,nan,nan,nan,nan,nan,candidate,boundary_peak,strongest_peak,1,peak_at_band_boundary,peak_at_band_boundary,false,pdv_channel_2,automatic
0.00074581641499063512,58593749.980019182,nan,nan,nan,nan,nan,candidate,boundary_peak,strongest_peak,1,ambiguous_peak,ambiguous_peak,false,pdv_channel_2,automatic
0.00074581961499063621,58593749.980019182,nan,nan,nan,nan,nan,candidate,boundary_peak,strongest_peak,1,peak_at_band_boundary,peak_at_band_boundary,false,pdv_channel_2,automatic
0.0007458228149906373,58593749.980019182,nan,nan,nan,nan,nan,candidate,boundary_peak,strongest_peak,1,peak_at_band_boundary,peak_at_band_boundary,false,pdv_channel_2,automatic
0.00074582601499063839,58593749.980019182,nan,nan,nan,nan,nan,candidate,boundary_peak,strongest_peak,1,peak_at_band_boundary,peak_at_band_boundary,false,pdv_channel_2,automatic
0.00074582921499063949,58593749.980019182,nan,nan,nan,nan,nan,candidate,boundary_peak,strongest_peak,1,peak_at_band_boundary,peak_at_band_boundary,false,pdv_channel_2,automatic
0.00074583241499064058,58593749.980019182,nan,nan,nan,nan,nan,candidate,boundary_peak,strongest_peak,1,peak_at_band_boundary,peak_at_band_boundary,false,pdv_channel_2,automatic
0.00074583561499064167,58593749.980019182,nan,nan,nan,nan,nan,candidate,boundary_peak,strongest_peak,1,peak_at_band_boundary,peak_at_band_boundary,false,pdv_channel_2,automatic
0.00074583881499064276,58593749.980019182,nan,nan,nan,nan,nan,candidate,boundary_peak,strongest_peak,1,peak_at_band_boundary,peak_at_band_boundary,false,pdv_channel_2,automatic
0.00074584201499064385,58593749.980019182,nan,nan,nan,nan,nan,candidate,boundary_peak,strongest_peak,1,peak_at_band_boundary,peak_at_band_boundary,false,pdv_channel_2,automatic
0.00074584521499064494,58593749.980019182,nan,nan,nan,nan,nan,candidate,boundary_peak,strongest_peak,1,peak_at_band_boundary,peak_at_band_boundary,false,pdv_channel_2,automatic
0.00074584841499064603,58593749.980019182,nan,nan,nan,nan,nan,candidate,boundary_peak,strongest_peak,1,ambiguous_peak,ambiguous_peak,false,pdv_channel_2,automatic
0.00074585161499064712,58593749.980019182,nan,nan,nan,nan,nan,candidate,boundary_peak,strongest_peak,1,ambiguous_peak,ambiguous_peak,false,pdv_channel_2,automatic
0.00074585481499064822,58593749.980019182,nan,nan,nan,nan,nan,candidate,boundary_peak,strongest_peak,1,peak_at_band_boundary,peak_at_band_boundary,false,pdv_channel_2,automatic
0.00074585801499064931,58593749.980019182,nan,nan,nan,nan,nan,candidate,boundary_peak,strongest_peak,1,peak_at_band_boundary,peak_at_band_boundary,false,pdv_channel_2,automatic
0.0007458612149906504,58593749.980019182,nan,nan,nan,nan,nan,candidate,boundary_peak,strongest_peak,1,peak_at_band_boundary,peak_at_band_boundary,false,pdv_channel_2,automatic
0.00074586441499065149,58593749.980019182,nan,nan,nan,nan,nan,candidate,boundary_peak,strongest_peak,1,peak_at_band_boundary,peak_at_band_boundary,false,pdv_channel_2,automatic
0.00074586761499065258,58593749.980019182,nan,nan,nan,nan,nan,candidate,boundary_peak,strongest_peak,1,ambiguous_peak,ambiguous_peak,false,pdv_channel_2,automatic
0.00074587081499065367,58593749.980019182,nan,nan,nan,nan,nan,candidate,boundary_peak,strongest_peak,1,peak_at_band_boundary,peak_at_band_boundary,false,pdv_channel_2,automatic
0.00074587401499065476,58593749.980019182,nan,nan,nan,nan,nan,candidate,boundary_peak,strongest_peak,1,peak_at_band_boundary,peak_at_band_boundary,false,pdv_channel_2,automatic
0.00074587721499065585,58593749.980019182,nan,nan,nan,nan,nan,candidate,boundary_peak,strongest_peak,1,peak_at_band_boundary,peak_at_band_boundary,false,pdv_channel_2,automatic
0.00074588041499065694,58593749.980019182,nan,nan,nan,nan,nan,candidate,boundary_peak,strongest_peak,1,peak_at_band_boundary,peak_at_band_boundary,false,pdv_channel_2,automatic
0.00074588361499065804,58593749.980019182,nan,nan,nan,nan,nan,candidate,boundary_peak,strongest_peak,1,peak_at_band_boundary,peak_at_band_boundary,false,pdv_channel_2,automatic
0.00074588681499065913,58593749.980019182,nan,nan,nan,nan,nan,candidate,boundary_peak,strongest_peak,1,peak_at_band_boundary,peak_at_band_boundary,false,pdv_channel_2,automatic
0.00074589001499066022,58593749.980019182,nan,nan,nan,nan,nan,candidate,boundary_peak,strongest_peak,1,peak_at_band_boundary,peak_at_band_boundary,false,pdv_channel_2,automatic
0.00074589321499066131,58593749.980019182,nan,nan,nan,nan,nan,candidate,boundary_peak,strongest_peak,1,peak_at_band_boundary,peak_at_band_boundary,false,pdv_channel_2,automatic
0.0007458964149906624,58593749.980019182,nan,nan,nan,nan,nan,candidate,boundary_peak,strongest_peak,1,peak_at_band_boundary,peak_at_band_boundary,false,pdv_channel_2,automatic
0.00074589961499066349,58593749.980019182,nan,nan,nan,nan,nan,candidate,boundary_peak,strongest_peak,1,peak_at_band_boundary,peak_at_band_boundary,false,pdv_channel_2,automatic
0.00074590281499066458,58593749.980019182,nan,nan,nan,nan,nan,candidate,boundary_peak,strongest_peak,1,peak_at_band_boundary,peak_at_band_boundary,false,pdv_channel_2,automatic
0.00074590601499066567,58593749.980019182,nan,nan,nan,nan,nan,candidate,boundary_peak,strongest_peak,1,peak_at_band_boundary,peak_at_band_boundary,false,pdv_channel_2,automatic
0.00074590921499066677,58593749.980019182,nan,nan,nan,nan,nan,candidate,boundary_peak,strongest_peak,1,peak_at_band_boundary,peak_at_band_boundary,false,pdv_channel_2,automatic
0.00074591241499066786,58593749.980019182,nan,nan,nan,nan,nan,candidate,boundary_peak,strongest_peak,1,peak_at_band_boundary,peak_at_band_boundary,false,pdv_channel_2,automatic
0.00074591561499066895,58593749.980019182,nan,nan,nan,nan,nan,candidate,boundary_peak,strongest_peak,1,ambiguous_peak,ambiguous_peak,false,pdv_channel_2,automatic
0.00074591881499067004,58593749.980019182,nan,nan,nan,nan,nan,candidate,boundary_peak,strongest_peak,1,peak_at_band_boundary,peak_at_band_boundary,false,pdv_channel_2,automatic
0.00074592201499067113,58593749.980019182,nan,nan,nan,nan,nan,candidate,boundary_peak,strongest_peak,1,peak_at_band_boundary,peak_at_band_boundary,false,pdv_channel_2,automatic
0.00074592521499067222,58593749.980019182,nan,nan,nan,nan,nan,candidate,boundary_peak,strongest_peak,1,peak_at_band_boundary,peak_at_band_boundary,false,pdv_channel_2,automatic
0.00074592841499067331,58593749.980019182,nan,nan,nan,nan,nan,candidate,boundary_peak,strongest_peak,1,peak_at_band_boundary,peak_at_band_boundary,false,pdv_channel_2,automatic
0.0007459316149906744,58593749.980019182,nan,nan,nan,nan,nan,candidate,boundary_peak,strongest_peak,1,peak_at_band_boundary,peak_at_band_boundary,false,pdv_channel_2,automatic
0.0007459348149906755,58593749.980019182,nan,nan,nan,nan,nan,candidate,boundary_peak,strongest_peak,1,peak_at_band_boundary,peak_at_band_boundary,false,pdv_channel_2,automatic
0.00074593801499067659,58593749.980019182,nan,nan,nan,nan,nan,candidate,boundary_peak,strongest_peak,1,peak_at_band_boundary,peak_at_band_boundary,false,pdv_channel_2,automatic
0.00074594121499067768,58593749.980019182,nan,nan,nan,nan,nan,candidate,boundary_peak,strongest_peak,1,peak_at_band_boundary,peak_at_band_boundary,false,pdv_channel_2,automatic
0.00074594441499067877,58593749.980019182,nan,nan,nan,nan,nan,candidate,boundary_peak,strongest_peak,1,peak_at_band_boundary,peak_at_band_boundary,false,pdv_channel_2,automatic
0.00074594761499067986,58593749.980019182,nan,nan,nan,nan,nan,candidate,boundary_peak,strongest_peak,1,no_detectable_beat,no_detectable_beat,false,pdv_channel_2,automatic
0.00074595081499068095,58593749.980019182,nan,nan,nan,nan,nan,candidate,boundary_peak,strongest_peak,1,no_detectable_beat,no_detectable_beat,false,pdv_channel_2,automatic
0.00074595401499068204,58593749.980019182,nan,nan,nan,nan,nan,candidate,boundary_peak,strongest_peak,1,peak_at_band_boundary,peak_at_band_boundary,false,pdv_channel_2,automatic
0.00074595721499068313,58593749.980019182,nan,nan,nan,nan,nan,candidate,boundary_peak,strongest_peak,1,ambiguous_peak,ambiguous_peak,false,pdv_channel_2,automatic
0.00074596041499068423,537109374.81684256,nan,nan,nan,nan,nan,candidate,refined,strongest_peak,1,ambiguous_peak,ambiguous_peak,false,pdv_channel_2,automatic
0.00074596361499068532,58593749.980019182,nan,nan,nan,nan,nan,candidate,boundary_peak,strongest_peak,1,peak_at_band_boundary,peak_at_band_boundary,false,pdv_channel_2,automatic
0.00074596681499068641,58593749.980019182,nan,nan,nan,nan,nan,candidate,boundary_peak,strongest_peak,1,peak_at_band_boundary,peak_at_band_boundary,false,pdv_channel_2,automatic
0.0007459700149906875,58593749.980019182,nan,nan,nan,nan,nan,candidate,boundary_peak,strongest_peak,1,no_detectable_beat,no_detectable_beat,false,pdv_channel_2,automatic
0.00074597321499068859,58593749.980019182,nan,nan,nan,nan,nan,candidate,boundary_peak,strongest_peak,1,no_detectable_beat,no_detectable_beat,false,pdv_channel_2,automatic
0.00074597641499068968,58593749.980019182,nan,nan,nan,nan,nan,candidate,boundary_peak,strongest_peak,1,peak_at_band_boundary,peak_at_band_boundary,false,pdv_channel_2,automatic
0.00074597961499069077,58593749.980019182,nan,nan,nan,nan,nan,candidate,boundary_peak,strongest_peak,1,peak_at_band_boundary,peak_at_band_boundary,false,pdv_channel_2,automatic
0.00074598281499069186,58593749.980019182,nan,nan,nan,nan,nan,candidate,boundary_peak,strongest_peak,1,ambiguous_peak,ambiguous_peak,false,pdv_channel_2,automatic
0.00074598601499069295,693359374.76356041,nan,nan,nan,nan,nan,candidate,refined,strongest_peak,1,no_detectable_beat,no_detectable_beat,false,pdv_channel_2,automatic
0.00074598921499069405,58593749.980019182,nan,nan,nan,nan,nan,candidate,boundary_peak,strongest_peak,1,peak_at_band_boundary,peak_at_band_boundary,false,pdv_channel_2,automatic
0.00074599241499069514,58593749.980019182,nan,nan,nan,nan,nan,candidate,boundary_peak,strongest_peak,1,peak_at_band_boundary,peak_at_band_boundary,false,pdv_channel_2,automatic
0.00074599561499069623,58593749.980019182,nan,nan,nan,nan,nan,candidate,boundary_peak,strongest_peak,1,peak_at_band_boundary,peak_at_band_boundary,false,pdv_channel_2,automatic
0.00074599881499069732,58593749.980019182,nan,nan,nan,nan,nan,candidate,boundary_peak,strongest_peak,1,no_detectable_beat,no_detectable_beat,false,pdv_channel_2,automatic
0.00074600201499069841,58593749.980019182,nan,nan,nan,nan,nan,candidate,boundary_peak,strongest_peak,1,peak_at_band_boundary,peak_at_band_boundary,false,pdv_channel_2,automatic
0.0007460052149906995,58593749.980019182,nan,nan,nan,nan,nan,candidate,boundary_peak,strongest_peak,1,peak_at_band_boundary,peak_at_band_boundary,false,pdv_channel_2,automatic
0.00074600841499070059,58593749.980019182,nan,nan,nan,nan,nan,candidate,boundary_peak,strongest_peak,1,peak_at_band_boundary,peak_at_band_boundary,false,pdv_channel_2,automatic
0.00074601161499070168,58593749.980019182,nan,nan,nan,nan,nan,candidate,boundary_peak,strongest_peak,1,peak_at_band_boundary,peak_at_band_boundary,false,pdv_channel_2,automatic
0.00074601481499070278,58593749.980019182,nan,nan,nan,nan,nan,candidate,boundary_peak,strongest_peak,1,peak_at_band_boundary,peak_at_band_boundary,false,pdv_channel_2,automatic
0.00074601801499070387,107421874.96336851,nan,nan,nan,nan,nan,candidate,refined,strongest_peak,1,no_detectable_beat,no_detectable_beat,false,pdv_channel_2,automatic
0.00074602121499070496,58593749.980019182,nan,nan,nan,nan,nan,candidate,boundary_peak,strongest_peak,1,peak_at_band_boundary,peak_at_band_boundary,false,pdv_channel_2,automatic
0.00074602441499070605,58593749.980019182,nan,nan,nan,nan,nan,candidate,boundary_peak,strongest_peak,1,peak_at_band_boundary,peak_at_band_boundary,false,pdv_channel_2,automatic
0.00074602761499070714,58593749.980019182,nan,nan,nan,nan,nan,candidate,boundary_peak,strongest_peak,1,peak_at_band_boundary,peak_at_band_boundary,false,pdv_channel_2,automatic
0.00074603081499070823,58593749.980019182,nan,nan,nan,nan,nan,candidate,boundary_peak,strongest_peak,1,peak_at_band_boundary,peak_at_band_boundary,false,pdv_channel_2,automatic
0.00074603401499070932,58593749.980019182,nan,nan,nan,nan,nan,candidate,boundary_peak,strongest_peak,1,peak_at_band_boundary,peak_at_band_boundary,false,pdv_channel_2,automatic
0.00074603721499071041,58593749.980019182,nan,nan,nan,nan,nan,candidate,boundary_peak,strongest_peak,1,ambiguous_peak,ambiguous_peak,false,pdv_channel_2,automatic
0.00074604041499071151,58593749.980019182,nan,nan,nan,nan,nan,candidate,boundary_peak,strongest_peak,1,peak_at_band_boundary,peak_at_band_boundary,false,pdv_channel_2,automatic
0.0007460436149907126,58593749.980019182,nan,nan,nan,nan,nan,candidate,boundary_peak,strongest_peak,1,ambiguous_peak,ambiguous_peak,false,pdv_channel_2,automatic
0.00074604681499071369,107421874.96336851,nan,nan,nan,nan,nan,candidate,refined,strongest_peak,1,ambiguous_peak,ambiguous_peak,false,pdv_channel_2,automatic
0.00074605001499071478,58593749.980019182,nan,nan,nan,nan,nan,candidate,boundary_peak,strongest_peak,1,peak_at_band_boundary,peak_at_band_boundary,false,pdv_channel_2,automatic
0.00074605321499071587,58593749.980019182,nan,nan,nan,nan,nan,candidate,boundary_peak,strongest_peak,1,peak_at_band_boundary,peak_at_band_boundary,false,pdv_channel_2,automatic
0.00074605641499071696,97656249.966698647,nan,nan,nan,nan,nan,candidate,refined,strongest_peak,1,unstable_detection,unstable_detection,false,pdv_channel_2,automatic
0.00074605961499071805,58593749.980019182,nan,nan,nan,nan,nan,candidate,boundary_peak,strongest_peak,1,peak_at_band_boundary,peak_at_band_boundary,false,pdv_channel_2,automatic
0.00074606281499071914,58593749.980019182,nan,nan,nan,nan,nan,candidate,boundary_peak,strongest_peak,1,peak_at_band_boundary,peak_at_band_boundary,false,pdv_channel_2,automatic
0.00074606601499072024,107421874.96336851,nan,nan,nan,nan,nan,candidate,refined,strongest_peak,1,unstable_detection,unstable_detection,false,pdv_channel_2,automatic
0.00074606921499072133,97656249.966698647,nan,nan,nan,nan,nan,candidate,refined,strongest_peak,1,no_detectable_beat,no_detectable_beat,false,pdv_channel_2,automatic
0.00074607241499072242,58593749.980019182,nan,nan,nan,nan,nan,candidate,boundary_peak,strongest_peak,1,peak_at_band_boundary,peak_at_band_boundary,false,pdv_channel_2,automatic
0.00074607561499072351,58593749.980019182,nan,nan,nan,nan,nan,candidate,boundary_peak,strongest_peak,1,peak_at_band_boundary,peak_at_band_boundary,false,pdv_channel_2,automatic
0.0007460788149907246,58593749.980019182,nan,nan,nan,nan,nan,candidate,boundary_peak,strongest_peak,1,ambiguous_peak,ambiguous_peak,false,pdv_channel_2,automatic
0.00074608201499072569,146484374.95004797,nan,nan,nan,nan,nan,candidate,refined,strongest_peak,1,unstable_detection,unstable_detection,false,pdv_channel_2,automatic
0.00074608521499072678,58593749.980019182,nan,nan,nan,nan,nan,candidate,boundary_peak,strongest_peak,1,peak_at_band_boundary,peak_at_band_boundary,false,pdv_channel_2,automatic
0.00074608841499072787,58593749.980019182,nan,nan,nan,nan,nan,candidate,boundary_peak,strongest_peak,1,peak_at_band_boundary,peak_at_band_boundary,false,pdv_channel_2,automatic
0.00074609161499072897,107421874.96336851,nan,nan,nan,nan,nan,candidate,refined,strongest_peak,1,no_detectable_beat,no_detectable_beat,false,pdv_channel_2,automatic
0.00074609481499073006,58593749.980019182,nan,nan,nan,nan,nan,candidate,boundary_peak,strongest_peak,1,peak_at_band_boundary,peak_at_band_boundary,false,pdv_channel_2,automatic
0.00074609801499073115,58593749.980019182,nan,nan,nan,nan,nan,candidate,boundary_peak,strongest_peak,1,peak_at_band_boundary,peak_at_band_boundary,false,pdv_channel_2,automatic
0.00074610121499073224,58593749.980019182,nan,nan,nan,nan,nan,candidate,boundary_peak,strongest_peak,1,peak_at_band_boundary,peak_at_band_boundary,false,pdv_channel_2,automatic
0.00074610441499073333,58593749.980019182,nan,nan,nan,nan,nan,candidate,boundary_peak,strongest_peak,1,peak_at_band_boundary,peak_at_band_boundary,false,pdv_channel_2,automatic
0.00074610761499073442,58593749.980019182,nan,nan,nan,nan,nan,candidate,boundary_peak,strongest_peak,1,peak_at_band_boundary,peak_at_band_boundary,false,pdv_channel_2,automatic
0.00074611081499073551,58593749.980019182,nan,nan,nan,nan,nan,candidate,boundary_peak,strongest_peak,1,peak_at_band_boundary,peak_at_band_boundary,false,pdv_channel_2,automatic
0.0007461140149907366,58593749.980019182,nan,nan,nan,nan,nan,candidate,boundary_peak,strongest_peak,1,ambiguous_peak,ambiguous_peak,false,pdv_channel_2,automatic
0.00074611721499073769,136718749.95337811,nan,nan,nan,nan,nan,candidate,refined,strongest_peak,1,unstable_detection,unstable_detection,false,pdv_channel_2,automatic
0.00074612041499073879,136718749.95337811,nan,nan,nan,nan,nan,candidate,refined,strongest_peak,1,unstable_detection,unstable_detection,false,pdv_channel_2,automatic
0.00074612361499073988,58593749.980019182,nan,nan,nan,nan,nan,candidate,boundary_peak,strongest_peak,1,ambiguous_peak,ambiguous_peak,false,pdv_channel_2,automatic
0.00074612681499074097,136718749.95337811,nan,nan,nan,nan,nan,candidate,refined,strongest_peak,1,ambiguous_peak,ambiguous_peak,false,pdv_channel_2,automatic
0.00074613001499074206,58593749.980019182,nan,nan,nan,nan,nan,candidate,boundary_peak,strongest_peak,1,ambiguous_peak,ambiguous_peak,false,pdv_channel_2,automatic
0.00074613321499074315,58593749.980019182,nan,nan,nan,nan,nan,candidate,boundary_peak,strongest_peak,1,peak_at_band_boundary,peak_at_band_boundary,false,pdv_channel_2,automatic
0.00074613641499074424,58593749.980019182,nan,nan,nan,nan,nan,candidate,boundary_peak,strongest_peak,1,ambiguous_peak,ambiguous_peak,false,pdv_channel_2,automatic
0.00074613961499074533,107421874.96336851,nan,nan,nan,nan,nan,candidate,refined,strongest_peak,1,ambiguous_peak,ambiguous_peak,false,pdv_channel_2,automatic
0.00074614281499074642,58593749.980019182,nan,nan,nan,nan,nan,candidate,boundary_peak,strongest_peak,1,peak_at_band_boundary,peak_at_band_boundary,false,pdv_channel_2,automatic
0.00074614601499074752,58593749.980019182,nan,nan,nan,nan,nan,candidate,boundary_peak,strongest_peak,1,peak_at_band_boundary,peak_at_band_boundary,false,pdv_channel_2,automatic
0.00074614921499074861,117187499.96003836,nan,nan,nan,nan,nan,candidate,refined,strongest_peak,1,unstable_detection,unstable_detection,false,pdv_channel_2,automatic
0.0007461524149907497,58593749.980019182,nan,nan,nan,nan,nan,candidate,boundary_peak,strongest_peak,1,peak_at_band_boundary,peak_at_band_boundary,false,pdv_channel_2,automatic
0.00074615561499075079,117187499.96003836,nan,nan,nan,nan,nan,candidate,refined,strongest_peak,1,unstable_detection,unstable_detection,false,pdv_channel_2,automatic
0.00074615881499075188,117187499.96003836,nan,nan,nan,nan,nan,candidate,refined,strongest_peak,1,unstable_detection,unstable_detection,false,pdv_channel_2,automatic
0.00074616201499075297,58593749.980019182,nan,nan,nan,nan,nan,candidate,boundary_peak,strongest_peak,1,peak_at_band_boundary,peak_at_band_boundary,false,pdv_channel_2,automatic
0.00074616521499075406,97656249.966698647,nan,nan,nan,nan,nan,candidate,refined,strongest_peak,1,ambiguous_peak,ambiguous_peak,false,pdv_channel_2,automatic
0.00074616841499075515,97656249.966698647,96898902.044835284,75.096649084747341,75.096649084747341,60.560939569904868,60.560939569904868,candidate,refined,strongest_peak,1,measured,quality_gated_measurement,false,pdv_channel_2,automatic
0.00074617161499075625,117187499.96003836,115875307.20059283,89.803363080459448,89.803363080459448,72.314891019845817,72.314891019845817,candidate,refined,strongest_peak,1,measured,quality_gated_measurement,false,pdv_channel_2,automatic
0.00074617481499075734,117187499.96003836,119523821.77592736,92.630961876343704,92.630961876343704,74.572878566368573,74.572878566368573,candidate,refined,strongest_peak,1,measured,quality_gated_measurement,false,pdv_channel_2,automatic
0.00074617801499075843,117187499.96003836,115403420.7080612,89.437651048747426,89.437651048747426,72.022808377560509,72.022808377560509,candidate,refined,strongest_peak,1,measured,quality_gated_measurement,false,pdv_channel_2,automatic
0.00074618121499075952,107421874.96336851,104357094.76347071,80.876748441689799,80.876748441689799,65.182597474380771,65.182597474380771,candidate,refined,strongest_peak,1,measured,quality_gated_measurement,false,pdv_channel_2,automatic
0.00074618441499076061,97656249.966698647,94847615.09023641,73.506901694933219,73.506901694933219,59.289305268978538,59.289305268978538,candidate,refined,strongest_peak,1,measured,quality_gated_measurement,false,pdv_channel_2,automatic
0.0007461876149907617,87890624.970028773,89685609.333696082,69.506347233614463,69.506347233614463,56.088264140353687,56.088264140353687,candidate,refined,strongest_peak,1,measured,quality_gated_measurement,false,pdv_channel_2,automatic
0.00074619081499076279,58593749.980019182,nan,nan,nan,nan,nan,candidate,boundary_peak,strongest_peak,1,peak_at_band_boundary,peak_at_band_boundary,false,pdv_channel_2,automatic
0.00074619401499076388,107421874.96336851,104740031.70882039,81.173524574335801,81.173524574335801,65.419819237449957,65.419819237449957,candidate,refined,strongest_peak,1,measured,quality_gated_measurement,false,pdv_channel_2,automatic
0.00074619721499076498,107421874.96336851,108836731.8483745,84.348467182490239,84.348467182490239,67.957203061333885,67.957203061333885,candidate,refined,strongest_peak,1,measured,quality_gated_measurement,false,pdv_channel_2,automatic
0.00074620041499076607,87890624.970028773,92753486.933727682,71.883952373638948,71.883952373638948,57.990880135958939,57.990880135958939,candidate,refined,strongest_peak,1,measured,quality_gated_measurement,false,pdv_channel_2,automatic
0.00074620361499076716,87890624.970028773,88847859.888411134,68.857091413518631,68.857091413518631,55.568622226232691,55.568622226232691,candidate,refined,strongest_peak,1,measured,quality_gated_measurement,false,pdv_channel_2,automatic
0.00074620681499076825,107421874.96336851,107681885.4986912,83.453461261485685,83.453461261485685,67.24200344178773,67.24200344178773,candidate,refined,strongest_peak,1,measured,quality_gated_measurement,false,pdv_channel_2,automatic
0.00074621001499076934,117187499.96003836,nan,nan,nan,nan,nan,candidate,refined,strongest_peak,1,ambiguous_peak,ambiguous_peak,false,pdv_channel_2,automatic
0.00074621321499077043,263671874.91008633,nan,nan,nan,nan,nan,candidate,refined,strongest_peak,1,unstable_detection,unstable_detection,false,pdv_channel_2,automatic
0.00074621641499077152,244140624.91674662,nan,nan,nan,nan,nan,candidate,refined,strongest_peak,1,ambiguous_peak,ambiguous_peak,false,pdv_channel_2,automatic
0.00074621961499077261,488281249.83349323,nan,nan,nan,nan,nan,candidate,refined,strongest_peak,1,ambiguous_peak,ambiguous_peak,false,pdv_channel_2,automatic
0.00074622281499077371,527343749.82017267,526028735.62048769,407.67227010587794,407.67227010587794,324.23414956352161,324.23414956352161,candidate,refined,strongest_peak,1,measured,quality_gated_measurement,false,pdv_channel_2,automatic
0.0007462260149907748,546874999.81351244,543549061.39080024,421.25052257787019,421.25052257787019,334.94334659636525,334.94334659636525,candidate,refined,strongest_peak,1,measured,quality_gated_measurement,false,pdv_channel_2,automatic
0.00074622921499077589,556640624.81018221,553896907.21580255,429.27010309224698,429.27010309224698,341.26707156935902,341.26707156935902,candidate,refined,strongest_peak,1,measured,quality_gated_measurement,false,pdv_channel_2,automatic
0.00074623241499077698,556640624.81018221,560744568.01101196,434.57704020853424,434.57704020853424,345.45124681533559,345.45124681533559,candidate,refined,strongest_peak,1,measured,quality_gated_measurement,false,pdv_channel_2,automatic
0.00074623561499077807,556640624.81018221,561467067.76292586,435.13697751626756,435.13697751626756,345.89269649119541,345.89269649119541,candidate,refined,strongest_peak,1,measured,quality_gated_measurement,false,pdv_channel_2,automatic
0.00074623881499077916,556640624.81018221,558763050.59026957,433.04136420745891,433.04136420745891,344.2405093328361,344.2405093328361,candidate,refined,strongest_peak,1,measured,quality_gated_measurement,false,pdv_channel_2,automatic
0.00074624201499078025,556640624.81018221,554974779.34874356,430.10545399527626,430.10545399527626,341.92571949847741,341.92571949847741,candidate,refined,strongest_peak,1,measured,quality_gated_measurement,false,pdv_channel_2,automatic
0.00074624521499078134,546874999.81351244,550683257.23534942,426.77952435739581,426.77952435739581,339.30326606188123,339.30326606188123,candidate,refined,strongest_peak,1,measured,quality_gated_measurement,false,pdv_channel_2,automatic
0.00074624841499078243,546874999.81351244,546504228.60174239,423.54077716635032,423.54077716635032,336.74939383407821,336.74939383407821,candidate,refined,strongest_peak,1,measured,quality_gated_measurement,false,pdv_channel_2,automatic
0.00074625161499078353,546874999.81351244,543456016.05282295,421.17841244093779,421.17841244093779,334.88648073372445,334.88648073372445,candidate,refined,strongest_peak,1,measured,quality_gated_measurement,false,pdv_channel_2,automatic
0.00074625481499078462,537109374.81684256,540163451.88884318,418.62667521385345,418.62667521385345,332.87413602727338,332.87413602727338,candidate,refined,strongest_peak,1,measured,quality_gated_measurement,false,pdv_channel_2,automatic
0.00074625801499078571,537109374.81684256,537405215.37597716,416.48904191638229,416.48904191638229,331.18828353869088,331.18828353869088,candidate,refined,strongest_peak,1,measured,quality_gated_measurement,false,pdv_channel_2,automatic
0.0007462612149907868,537109374.81684256,535941382.5920316,415.35457150882451,415.35457150882451,330.29355041524889,330.29355041524889,candidate,refined,strongest_peak,1,measured,quality_gated_measurement,false,pdv_channel_2,automatic
0.00074626441499078789,537109374.81684256,537697758.6811471,416.71576297788897,416.71576297788897,331.36709130835624,331.36709130835624,candidate,refined,strongest_peak,1,measured,quality_gated_measurement,false,pdv_channel_2,automatic
0.00074626761499078898,537109374.81684256,541153323.67192137,419.39382584573906,419.39382584573906,333.47913500913199,333.47913500913199,candidate,refined,strongest_peak,1,measured,quality_gated_measurement,false,pdv_channel_2,automatic
0.00074627081499079007,546874999.81351244,545972099.99452472,423.12837749575664,423.12837749575664,336.42418993688585,336.42418993688585,candidate,refined,strongest_peak,1,measured,quality_gated_measurement,false,pdv_channel_2,automatic
0.00074627401499079116,546874999.81351244,549125357.46399665,425.57215203459742,425.57215203459742,338.35122686956606,338.35122686956606,candidate,refined,strongest_peak,1,measured,quality_gated_measurement,false,pdv_channel_2,automatic
0.00074627721499079226,546874999.81351244,551275143.06639183,427.23823587645364,427.23823587645364,339.66496422400252,339.66496422400252,candidate,refined,strongest_peak,1,measured,quality_gated_measurement,false,pdv_channel_2,automatic
0.00074628041499079335,546874999.81351244,550677222.94832504,426.77484778495187,426.77484778495187,339.29957852600052,339.29957852600052,candidate,refined,strongest_peak,1,measured,quality_gated_measurement,false,pdv_channel_2,automatic
0.00074628361499079444,546874999.81351244,550247381.33166718,426.44172053204204,426.44172053204204,339.03690266665285,339.03690266665285,candidate,refined,strongest_peak,1,measured,quality_gated_measurement,false,pdv_channel_2,automatic
0.00074628681499079553,546874999.81351244,548914669.98026097,425.40886923470225,425.40886923470225,338.22247315120569,338.22247315120569,candidate,refined,strongest_peak,1,measured,quality_gated_measurement,false,pdv_channel_2,automatic
0.00074629001499079662,546874999.81351244,548193786.90861332,424.85018485417532,424.85018485417532,337.78192955380445,337.78192955380445,candidate,refined,strongest_peak,1,measured,quality_gated_measurement,false,pdv_channel_2,automatic
0.00074629321499079771,546874999.81351244,547556735.17113221,424.35646975762745,424.35646975762745,337.39261272090954,337.39261272090954,candidate,refined,strongest_peak,1,measured,quality_gated_measurement,false,pdv_channel_2,automatic
0.0007462964149907988,546874999.81351244,549873193.46531999,426.15172493562301,426.15172493562301,338.80823539857761,338.80823539857761,candidate,refined,strongest_peak,1,measured,quality_gated_measurement,false,pdv_channel_2,automatic
0.00074629961499079989,546874999.81351244,551626499.13154364,427.51053682694629,427.51053682694629,339.87967446827776,339.87967446827776,candidate,refined,strongest_peak,1,measured,quality_gated_measurement,false,pdv_channel_2,automatic
0.00074630281499080099,546874999.81351244,551248638.11481202,427.21769453897929,427.21769453897929,339.64876726262224,339.64876726262224,candidate,refined,strongest_peak,1,measured,quality_gated_measurement,false,pdv_channel_2,automatic
0.00074630601499080208,546874999.81351244,548108489.30516613,424.78407921150375,424.78407921150375,337.72980245991624,337.72980245991624,candidate,refined,strongest_peak,1,measured,quality_gated_measurement,false,pdv_channel_2,automatic
0.00074630921499080317,546874999.81351244,546663928.08748162,423.66454426779825,423.66454426779825,336.8469917170367,336.8469917170367,candidate,refined,strongest_peak,1,measured,quality_gated_measurement,false,pdv_channel_2,automatic
0.00074631241499080426,546874999.81351244,546798420.96417558,423.76877624723608,423.76877624723608,336.92918478744491,336.92918478744491,candidate,refined,strongest_peak,1,measured,quality_gated_measurement,false,pdv_channel_2,automatic
0.00074631561499080535,546874999.81351244,548273506.43079531,424.91196748386636,424.91196748386636,337.83064770907311,337.83064770907311,candidate,refined,strongest_peak,1,measured,quality_gated_measurement,false,pdv_channel_2,automatic
0.00074631881499080644,546874999.81351244,549009319.81857908,425.4822228593988,425.4822228593988,338.28031488423096,338.28031488423096,candidate,refined,strongest_peak,1,measured,quality_gated_measurement,false,pdv_channel_2,automatic
0.00074632201499080753,546874999.81351244,550056373.43018019,426.29368940838964,426.29368940838964,338.92017735483483,338.92017735483483,candidate,refined,strongest_peak,1,measured,quality_gated_measurement,false,pdv_channel_2,automatic
0.00074632521499080862,546874999.81351244,551025235.23991013,427.04455731093032,427.04455731093032,339.51224732020108,339.51224732020108,candidate,refined,strongest_peak,1,measured,quality_gated_measurement,false,pdv_channel_2,automatic
0.00074632841499080972,556640624.81018221,552799734.88209343,428.41979453362239,428.41979453362239,340.59661920471507,340.59661920471507,candidate,refined,strongest_peak,1,measured,quality_gated_measurement,false,pdv_channel_2,automatic
0.00074633161499081081,556640624.81018221,554682546.55857646,429.87897358289678,429.87897358289678,341.74714784966966,341.74714784966966,candidate,refined,strongest_peak,1,measured,quality_gated_measurement,false,pdv_channel_2,automatic
0.0007463348149908119,556640624.81018221,554978948.2438817,430.10868488900832,430.10868488900832,341.92826693625017,341.92826693625017,candidate,refined,strongest_peak,1,measured,quality_gated_measurement,false,pdv_channel_2,automatic
0.00074633801499081299,556640624.81018221,552790728.72519767,428.41281476202818,428.41281476202818,340.59111574048393,340.59111574048393,candidate,refined,strongest_peak,1,measured,quality_gated_measurement,false,pdv_channel_2,automatic
0.00074634121499081408,546874999.81351244,548974806.74293768,425.45547522577669,425.45547522577669,338.25922350947536,338.25922350947536,candidate,refined,strongest_peak,1,measured,quality_gated_measurement,false,pdv_channel_2,automatic
0.00074634441499081517,546874999.81351244,547543618.78323328,424.34630455700579,424.34630455700579,337.38459695838071,337.38459695838071,candidate,refined,strongest_peak,1,measured,quality_gated_measurement,false,pdv_channel_2,automatic
0.00074634761499081626,546874999.81351244,548801593.87008309,425.32123524931438,425.32123524931438,338.15337077933884,338.15337077933884,candidate,refined,strongest_peak,1,measured,quality_gated_measurement,false,pdv_channel_2,automatic
0.00074635081499081735,556640624.81018221,552434817.60836041,428.13698364647934,428.13698364647934,340.37362570269994,340.37362570269994,candidate,refined,strongest_peak,1,measured,quality_gated_measurement,false,pdv_channel_2,automatic
0.00074635401499081845,556640624.81018221,553806025.11946154,429.19966946758268,429.19966946758268,341.21153639011953,341.21153639011953,candidate,refined,strongest_peak,1,measured,quality_gated_measurement,false,pdv_channel_2,automatic
0.00074635721499081954,556640624.81018221,553208459.52470624,428.73655613164732,428.73655613164732,340.84638106313935,340.84638106313935,candidate,refined,strongest_peak,1,measured,quality_gated_measurement,false,pdv_channel_2,automatic
0.00074636041499082063,546874999.81351244,550935202.55545855,426.97478198048037,426.97478198048037,339.45722884487583,339.45722884487583,candidate,refined,strongest_peak,1,measured,quality_gated_measurement,false,pdv_channel_2,automatic
0.00074636361499082172,546874999.81351244,550043403.87476015,426.28363800293909,426.28363800293909,338.91225162144781,338.91225162144781,candidate,refined,strongest_peak,1,measured,quality_gated_measurement,false,pdv_channel_2,automatic
0.00074636681499082281,546874999.81351244,549787066.30920315,426.08497638963246,426.08497638963246,338.75560266819855,338.75560266819855,candidate,refined,strongest_peak,1,measured,quality_gated_measurement,false,pdv_channel_2,automatic
0.0007463700149908239,556640624.81018221,552283296.42917466,428.01955473261035,428.01955473261035,340.28103384614263,340.28103384614263,candidate,refined,strongest_peak,1,measured,quality_gated_measurement,false,pdv_channel_2,automatic
0.00074637321499082499,556640624.81018221,556832834.59318125,431.54544680971549,431.54544680971549,343.06108395420318,343.06108395420318,candidate,refined,strongest_peak,1,measured,quality_gated_measurement,false,pdv_channel_2,automatic
0.00074637641499082608,556640624.81018221,561225589.39800107,434.9498317834508,434.9498317834508,345.74515295088889,345.74515295088889,candidate,refined,strongest_peak,1,measured,quality_gated_measurement,false,pdv_channel_2,automatic
0.00074637961499082717,566406249.8068521,562072777.10139155,435.60640225357844,435.60640225357844,346.26278325848148,346.26278325848148,candidate,refined,strongest_peak,1,measured,quality_gated_measurement,false,pdv_channel_2,automatic
0.00074638281499082827,556640624.81018221,559353099.05038154,433.49865176404569,433.49865176404569,344.60104165142349,344.60104165142349,candidate,refined,strongest_peak,1,measured,quality_gated_measurement,false,pdv_channel_2,automatic
0.00074638601499082936,556640624.81018221,556474152.60076201,431.26746826559054,431.26746826559054,342.84191378448503,342.84191378448503,candidate,refined,strongest_peak,1,measured,quality_gated_measurement,false,pdv_channel_2,automatic
0.00074638921499083045,556640624.81018221,556045259.09668505,430.93507579993093,430.93507579993093,342.57983983165303,342.57983983165303,candidate,refined,strongest_peak,1,measured,quality_gated_measurement,false,pdv_channel_2,automatic
0.00074639241499083154,556640624.81018221,557160240.23197198,431.7991861797783,431.7991861797783,343.26114191203942,343.26114191203942,candidate,refined,strongest_peak,1,measured,quality_gated_measurement,false,pdv_channel_2,automatic
0.00074639561499083263,556640624.81018221,556068743.2332356,430.95327600575757,430.95327600575757,342.59418977826903,342.59418977826903,candidate,refined,strongest_peak,1,measured,quality_gated_measurement,false,pdv_channel_2,automatic
0.00074639881499083372,556640624.81018221,552671405.71145988,428.32033942638139,428.32033942638139,340.51820000397839,340.51820000397839,candidate,refined,strongest_peak,1,measured,quality_gated_measurement,false,pdv_channel_2,automatic
0.00074640201499083481,546874999.81351244,548946578.7546581,425.43359853486004,425.43359853486004,338.24197302260012,338.24197302260012,candidate,refined,strongest_peak,1,measured,quality_gated_measurement,false,pdv_channel_2,automatic
0.0007464052149908359,546874999.81351244,547631621.44233036,424.41450661780601,424.41450661780601,337.43837762018592,337.43837762018592,candidate,refined,strongest_peak,1,measured,quality_gated_measurement,false,pdv_channel_2,automatic
0.000746408414990837,546874999.81351244,548314166.72976804,424.94347921557022,424.94347921557022,337.85549598865589,337.85549598865589,candidate,refined,strongest_peak,1,measured,quality_gated_measurement,false,pdv_channel_2,automatic
0.00074641161499083809,546874999.81351244,548681127.88509214,425.2278741109464,425.2278741109464,338.07975222451512,338.07975222451512,candidate,refined,strongest_peak,1,measured,quality_gated_measurement,false,pdv_channel_2,automatic
0.00074641481499083918,546874999.81351244,548407066.90323973,425.01547685001077,425.01547685001077,337.91226898926595,337.91226898926595,candidate,refined,strongest_peak,1,measured,quality_gated_measurement,false,pdv_channel_2,automatic
0.00074641801499084027,546874999.81351244,548535215.74311686,425.11479220091553,425.11479220091553,337.99058296726577,337.99058296726577,candidate,refined,strongest_peak,1,measured,quality_gated_measurement,false,pdv_channel_2,automatic
0.00074642121499084136,546874999.81351244,550665896.77206528,426.76606999835059,426.76606999835059,339.29265713055179,339.29265713055179,candidate,refined,strongest_peak,1,measured,quality_gated_measurement,false,pdv_channel_2,automatic
0.00074642441499084245,556640624.81018221,552764202.25540209,428.39225674793659,428.39225674793659,340.57490599443338,340.57490599443338,candidate,refined,strongest_peak,1,measured,quality_gated_measurement,false,pdv_channel_2,automatic
0.00074642761499084354,556640624.81018221,553767835.35112965,429.17007239712547,429.17007239712547,341.18819980633265,341.18819980633265,candidate,refined,strongest_peak,1,measured,quality_gated_measurement,false,pdv_channel_2,automatic
0.00074643081499084463,556640624.81018221,552468267.92275774,428.16290764013723,428.16290764013723,340.39406655774701,340.39406655774701,candidate,refined,strongest_peak,1,measured,quality_gated_measurement,false,pdv_channel_2,automatic
0.00074643401499084573,546874999.81351244,551331680.95382988,427.28205273921816,427.28205273921816,339.6995140480621,339.6995140480621,candidate,refined,strongest_peak,1,measured,quality_gated_measurement,false,pdv_channel_2,automatic
0.00074643721499084682,546874999.81351244,550069041.21519899,426.30350694177923,426.30350694177923,338.92791867396454,338.92791867396454,candidate,refined,strongest_peak,1,measured,quality_gated_measurement,false,pdv_channel_2,automatic
0.00074644041499084791,546874999.81351244,549958132.19152629,426.21755244843285,426.21755244843285,338.86014180736265,338.86014180736265,candidate,refined,strongest_peak,1,measured,quality_gated_measurement,false,pdv_channel_2,automatic
0.000746443614990849,546874999.81351244,549030273.65510833,425.49846208270895,425.49846208270895,338.29312003206331,338.29312003206331,candidate,refined,strongest_peak,1,measured,quality_gated_measurement,false,pdv_channel_2,automatic
0.00074644681499085009,546874999.81351244,549263933.56421041,425.67954851226307,425.67954851226307,338.43591221172375,338.43591221172375,candidate,refined,strongest_peak,1,measured,quality_gated_measurement,false,pdv_channel_2,automatic
0.00074645001499085118,546874999.81351244,549842161.34045637,426.12767503885368,426.12767503885368,338.78927152163493,338.78927152163493,candidate,refined,strongest_peak,1,measured,quality_gated_measurement,false,pdv_channel_2,automatic
0.00074645321499085227,556640624.81018221,552405343.0256592,428.11414084488587,428.11414084488587,340.355614333755,340.355614333755,candidate,refined,strongest_peak,1,measured,quality_gated_measurement,false,pdv_channel_2,automatic
0.00074645641499085336,556640624.81018221,554557799.48270547,429.78229459909676,429.78229459909676,341.67091971776961,341.67091971776961,candidate,refined,strongest_peak,1,measured,quality_gated_measurement,false,pdv_channel_2,automatic
0.00074645961499085446,556640624.81018221,555831699.29157543,430.76956695097095,430.76956695097095,342.44934420312205,342.44934420312205,candidate,refined,strongest_peak,1,measured,quality_gated_measurement,false,pdv_channel_2,automatic
0.00074646281499085555,556640624.81018221,556067107.02278256,430.95200794265651,430.95200794265651,342.59318997447303,342.59318997447303,candidate,refined,strongest_peak,1,measured,quality_gated_measurement,false,pdv_channel_2,automatic
0.00074646601499085664,556640624.81018221,556840275.41137385,431.55121344381473,431.55121344381473,343.06563060283167,343.06563060283167,candidate,refined,strongest_peak,1,measured,quality_gated_measurement,false,pdv_channel_2,automatic
0.00074646921499085773,556640624.81018221,558081232.84552765,432.51295545528393,432.51295545528393,343.82390011646021,343.82390011646021,candidate,refined,strongest_peak,1,measured,quality_gated_measurement,false,pdv_channel_2,automatic
0.00074647241499085882,556640624.81018221,557924686.6744864,432.39163217272693,432.39163217272693,343.72824555230204,343.72824555230204,candidate,refined,strongest_peak,1,measured,quality_gated_measurement,false,pdv_channel_2,automatic
0.00074647561499085991,556640624.81018221,556179291.17840838,431.03895066326652,431.03895066326652,342.66173986854835,342.66173986854835,candidate,refined,strongest_peak,1,measured,quality_gated_measurement,false,pdv_channel_2,automatic
0.000746478814990861,556640624.81018221,553620790.53677332,429.05611266599931,429.05611266599931,341.09834515449808,341.09834515449808,candidate,refined,strongest_peak,1,measured,quality_gated_measurement,false,pdv_channel_2,automatic
0.00074648201499086209,556640624.81018221,552776415.30239701,428.40172185935768,428.40172185935768,340.58236912137164,340.58236912137164,candidate,refined,strongest_peak,1,measured,quality_gated_measurement,false,pdv_channel_2,automatic
0.00074648521499086319,556640624.81018221,552686939.64141715,428.33237822209827,428.33237822209827,340.52769246297868,340.52769246297868,candidate,refined,strongest_peak,1,measured,quality_gated_measurement,false,pdv_channel_2,automatic
0.00074648841499086428,556640624.81018221,553521891.58572268,428.97946597893508,428.97946597893508,341.037910877792,341.037910877792,candidate,refined,strongest_peak,1,measured,quality_gated_measurement,false,pdv_channel_2,automatic
0.00074649161499086537,556640624.81018221,554271677.49107885,429.56055005558613,429.56055005558613,341.49608106103381,341.49608106103381,candidate,refined,strongest_peak,1,measured,quality_gated_measurement,false,pdv_channel_2,automatic
0.00074649481499086646,556640624.81018221,555006818.34099638,430.13028421427219,430.13028421427219,341.94529718502417,341.94529718502417,candidate,refined,strongest_peak,1,measured,quality_gated_measurement,false,pdv_channel_2,automatic
0.00074649801499086755,556640624.81018221,555476630.94822776,430.49438898487654,430.49438898487654,342.23237893207641,342.23237893207641,candidate,refined,strongest_peak,1,measured,quality_gated_measurement,false,pdv_channel_2,automatic
0.00074650121499086864,556640624.81018221,555824648.75718284,430.76410278681669,430.76410278681669,342.44503597005547,342.44503597005547,candidate,refined,strongest_peak,1,measured,quality_gated_measurement,false,pdv_channel_2,automatic
0.00074650441499086973,556640624.81018221,556713968.19823158,431.45332535362945,431.45332535362945,342.98845158767699,342.98845158767699,candidate,refined,strongest_peak,1,measured,quality_gated_measurement,false,pdv_channel_2,automatic
0.00074650761499087082,556640624.81018221,556964351.41789353,431.64737234886746,431.64737234886746,343.14144611720462,343.14144611720462,candidate,refined,strongest_peak,1,measured,quality_gated_measurement,false,pdv_channel_2,automatic
0.00074651081499087191,556640624.81018221,556537912.47185135,431.31688216568477,431.31688216568477,342.88087390074583,342.88087390074583,candidate,refined,strongest_peak,1,measured,quality_gated_measurement,false,pdv_channel_2,automatic
0.00074651401499087301,556640624.81018221,554738965.26156116,429.92269807770987,429.92269807770987,341.78162309923675,341.78162309923675,candidate,refined,strongest_peak,1,measured,quality_gated_measurement,false,pdv_channel_2,automatic
0.0007465172149908741,556640624.81018221,552939065.92722607,428.52777609360021,428.52777609360021,340.68176124570863,340.68176124570863,candidate,refined,strongest_peak,1,measured,quality_gated_measurement,false,pdv_channel_2,automatic
0.00074652041499087519,546874999.81351244,551412670.64956236,427.34481975341083,427.34481975341083,339.74900611441365,339.74900611441365,candidate,refined,strongest_peak,1,measured,quality_gated_measurement,false,pdv_channel_2,automatic
0.00074652361499087628,546874999.81351244,551220042.52765095,427.1955329589295,427.1955329589295,339.63129272359839,339.63129272359839,candidate,refined,strongest_peak,1,measured,quality_gated_measurement,false,pdv_channel_2,automatic
0.00074652681499087737,556640624.81018221,551780002.33394885,427.62950180881035,427.62950180881035,339.97347841722166,339.97347841722166,candidate,refined,strongest_peak,1,measured,quality_gated_measurement,false,pdv_channel_2,automatic
0.00074653001499087846,556640624.81018221,552827026.29918849,428.44094538187107,428.44094538187107,340.61329638446034,340.61329638446034,candidate,refined,strongest_peak,1,measured,quality_gated_measurement,false,pdv_channel_2,automatic
0.00074653321499087955,556640624.81018221,554510478.36774063,429.74562073499897,429.74562073499897,341.64200357078414,341.64200357078414,candidate,refined,strongest_peak,1,measured,quality_gated_measurement,false,pdv_channel_2,automatic
0.00074653641499088064,556640624.81018221,556076159.2448231,430.95902341473789,430.95902341473789,342.59872132005728,342.59872132005728,candidate,refined,strongest_peak,1,measured,quality_gated_measurement,false,pdv_channel_2,automatic
0.00074653961499088174,556640624.81018221,557776466.5074656,432.27676154328583,432.27676154328583,343.63767823190926,343.63767823190926,candidate,refined,strongest_peak,1,measured,quality_gated_measurement,false,pdv_channel_2,automatic
0.00074654281499088283,556640624.81018221,558831866.03079927,433.09469617386941,433.09469617386941,344.28255721001619,344.28255721001619,candidate,refined,strongest_peak,1,measured,quality_gated_measurement,false,pdv_channel_2,automatic
0.00074654601499088392,556640624.81018221,559363595.13900232,433.50678623272677,433.50678623272677,344.60745495941245,344.60745495941245,candidate,refined,strongest_peak,1,measured,quality_gated_measurement,false,pdv_channel_2,automatic
0.00074654921499088501,556640624.81018221,559006334.62838244,433.2299093369964,433.2299093369964,344.38916149843146,344.38916149843146,candidate,refined,strongest_peak,1,measured,quality_gated_measurement,false,pdv_channel_2,automatic
0.0007465524149908861,556640624.81018221,557852175.53232062,432.33543603754845,432.33543603754845,343.68393892168359,343.68393892168359,candidate,refined,strongest_peak,1,measured,quality_gated_measurement,false,pdv_channel_2,automatic
0.00074655561499088719,556640624.81018221,555693780.21423852,430.66267966603488,430.66267966603488,342.36506859079969,342.36506859079969,candidate,refined,strongest_peak,1,measured,quality_gated_measurement,false,pdv_channel_2,automatic
0.00074655881499088828,556640624.81018221,552817693.81714773,428.43371270828948,428.43371270828948,340.60759351241114,340.60759351241114,candidate,refined,strongest_peak,1,measured,quality_gated_measurement,false,pdv_channel_2,automatic
0.00074656201499088937,546874999.81351244,550898271.15870512,426.94616014799647,426.94616014799647,339.43466025133472,339.43466025133472,candidate,refined,strongest_peak,1,measured,quality_gated_measurement,false,pdv_channel_2,automatic
0.00074656521499089047,546874999.81351244,549866145.7362783,426.14626294561566,426.14626294561566,338.80392849909975,338.80392849909975,candidate,refined,strongest_peak,1,measured,quality_gated_measurement,false,pdv_channel_2,automatic
0.00074656841499089156,546874999.81351244,550754780.00866199,426.83495450671302,426.83495450671302,339.34697340286783,339.34697340286783,candidate,refined,strongest_peak,1,measured,quality_gated_measurement,false,pdv_channel_2,automatic
0.00074657161499089265,546874999.81351244,551586984.34964085,427.47991287097165,427.47991287097165,339.85552742871562,339.85552742871562,candidate,refined,strongest_peak,1,measured,quality_gated_measurement,false,pdv_channel_2,automatic
0.00074657481499089374,556640624.81018221,553250699.24388123,428.76929191400797,428.76929191400797,340.87219265948733,340.87219265948733,candidate,refined,strongest_peak,1,measured,quality_gated_measurement,false,pdv_channel_2,automatic
0.00074657801499089483,556640624.81018221,553999394.12451625,429.34953044650007,429.34953044650007,341.32969799334893,341.32969799334893,candidate,refined,strongest_peak,1,measured,quality_gated_measurement,false,pdv_channel_2,automatic
0.00074658121499089592,556640624.81018221,554981746.64917922,430.11085365311391,430.11085365311391,341.92997692480952,341.92997692480952,candidate,refined,strongest_peak,1,measured,quality_gated_measurement,false,pdv_channel_2,automatic
0.00074658441499089701,556640624.81018221,555619700.77718771,430.60526810232045,430.60526810232045,342.3198021939869,342.3198021939869,candidate,refined,strongest_peak,1,measured,quality_gated_measurement,false,pdv_channel_2,automatic
0.0007465876149908981,556640624.81018221,556525082.02108908,431.306938566344,431.306938566344,342.87303392777733,342.87303392777733,candidate,refined,strongest_peak,1,measured,quality_gated_measurement,false,pdv_channel_2,automatic
0.0007465908149908992,556640624.81018221,557006209.67727685,431.67981249988958,431.67981249988958,343.16702319433915,343.16702319433915,candidate,refined,strongest_peak,1,measured,quality_gated_measurement,false,pdv_channel_2,automatic
0.00074659401499090029,556640624.81018221,556598092.59685063,431.36352176255923,431.36352176255923,342.91764659939963,342.91764659939963,candidate,refined,strongest_peak,1,measured,quality_gated_measurement,false,pdv_channel_2,automatic
0.00074659721499090138,556640624.81018221,555022837.16089439,430.14269879969316,430.14269879969316,341.95508561160767,341.95508561160767,candidate,refined,strongest_peak,1,measured,quality_gated_measurement,false,pdv_channel_2,automatic
0.00074660041499090247,556640624.81018221,552125019.25363147,427.89688992156437,427.89688992156437,340.1843132997613,340.1843132997613,candidate,refined,strongest_peak,1,measured,quality_gated_measurement,false,pdv_channel_2,automatic
0.00074660361499090356,546874999.81351244,549878500.1098721,426.15583758515089,426.15583758515089,338.81147831305543,338.81147831305543,candidate,refined,strongest_peak,1,measured,quality_gated_measurement,false,pdv_channel_2,automatic
0.00074660681499090465,546874999.81351244,547964797.61609113,424.67271815247062,424.67271815247062,337.64198940661635,337.64198940661635,candidate,refined,strongest_peak,1,measured,quality_gated_measurement,false,pdv_channel_2,automatic
0.00074661001499090574,546874999.81351244,548186730.01432717,424.84471576110354,424.84471576110354,337.77761694523304,337.77761694523304,candidate,refined,strongest_peak,1,measured,quality_gated_measurement,false,pdv_channel_2,automatic
0.00074661321499090683,546874999.81351244,548446396.38598537,425.04595719913868,425.04595719913868,337.93630393405738,337.93630393405738,candidate,refined,strongest_peak,1,measured,quality_gated_measurement,false,pdv_channel_2,automatic
0.00074661641499090793,546874999.81351244,550066772.05339289,426.30174834137949,426.30174834137949,338.92653198289656,338.92653198289656,candidate,refined,strongest_peak,1,measured,quality_gated_measurement,false,pdv_channel_2,automatic
0.00074661961499090902,546874999.81351244,551513568.15724599,427.42301532186565,427.42301532186565,339.81066358017478,339.81066358017478,candidate,refined,strongest_peak,1,measured,quality_gated_measurement,false,pdv_channel_2,automatic
0.00074662281499091011,556640624.81018221,554267178.12822449,429.55706304937399,429.55706304937399,341.49333165947957,341.49333165947957,candidate,refined,strongest_peak,1,measured,quality_gated_measurement,false,pdv_channel_2,automatic
0.0007466260149909112,556640624.81018221,556464820.70224452,431.26023604423949,431.26023604423949,342.83621157648571,342.83621157648571,candidate,refined,strongest_peak,1,measured,quality_gated_measurement,false,pdv_channel_2,automatic
0.00074662921499091229,556640624.81018221,557590262.30439961,432.13245328590972,432.13245328590972,343.52390115613719,343.52390115613719,candidate,refined,strongest_peak,1,measured,quality_gated_measurement,false,pdv_channel_2,automatic
0.00074663241499091338,556640624.81018221,556913299.91944218,431.60780743756766,431.60780743756766,343.11025158054656,343.11025158054656,candidate,refined,strongest_peak,1,measured,quality_gated_measurement,false,pdv_channel_2,automatic
0.00074663561499091447,556640624.81018221,555178324.89296949,430.26320179205135,430.26320179205135,342.05009749960237,342.05009749960237,candidate,refined,strongest_peak,1,measured,quality_gated_measurement,false,pdv_channel_2,automatic
0.00074663881499091556,556640624.81018221,553543398.95055556,428.99613418668054,428.99613418668054,341.05105341134526,341.05105341134526,candidate,refined,strongest_peak,1,measured,quality_gated_measurement,false,pdv_channel_2,automatic
0.00074664201499091665,556640624.81018221,552398641.95649779,428.10894751628581,428.10894751628581,340.35151943400285,340.35151943400285,candidate,refined,strongest_peak,1,measured,quality_gated_measurement,false,pdv_channel_2,automatic
0.00074664521499091775,556640624.81018221,552706846.77549529,428.34780625100882,428.34780625100882,340.53985729215515,340.53985729215515,candidate,refined,strongest_peak,1,measured,quality_gated_measurement,false,pdv_channel_2,automatic
0.00074664841499091884,556640624.81018221,552597477.38347232,428.26304497219104,428.26304497219104,340.4730239223253,340.4730239223253,candidate,refined,strongest_peak,1,measured,quality_gated_measurement,false,pdv_channel_2,automatic
0.00074665161499091993,556640624.81018221,552791387.40376937,428.41332523792124,428.41332523792124,340.59151824448492,340.59151824448492,candidate,refined,strongest_peak,1,measured,quality_gated_measurement,false,pdv_channel_2,automatic
0.00074665481499092102,556640624.81018221,552430828.41753852,428.13389202359235,428.13389202359235,340.37118798289157,340.37118798289157,candidate,refined,strongest_peak,1,measured,quality_gated_measurement,false,pdv_channel_2,automatic
0.00074665801499092211,556640624.81018221,553363108.43818116,428.8564090395904,428.8564090395904,340.94088292260011,340.94088292260011,candidate,refined,strongest_peak,1,measured,quality_gated_measurement,false,pdv_channel_2,automatic
0.0007466612149909232,556640624.81018221,554188472.36089671,429.49606607969497,429.49606607969497,341.4452373183002,341.4452373183002,candidate,refined,strongest_peak,1,measured,quality_gated_measurement,false,pdv_channel_2,automatic
0.00074666441499092429,556640624.81018221,554923207.9708302,430.06548617739338,430.06548617739338,341.89420636949802,341.89420636949802,candidate,refined,strongest_peak,1,measured,quality_gated_measurement,false,pdv_channel_2,automatic
0.00074666761499092538,556640624.81018221,554659012.4900229,429.86073467976775,429.86073467976775,341.73276709783966,341.73276709783966,candidate,refined,strongest_peak,1,measured,quality_gated_measurement,false,pdv_channel_2,automatic
0.00074667081499092648,556640624.81018221,553815446.09663427,429.20697072489156,429.20697072489156,341.21729325524996,341.21729325524996,candidate,refined,strongest_peak,1,measured,quality_gated_measurement,false,pdv_channel_2,automatic
0.00074667401499092757,556640624.81018221,552428869.28874958,428.1323736987809,428.1323736987809,340.369990795923,340.369990795923,candidate,refined,strongest_peak,1,measured,quality_gated_measurement,false,pdv_channel_2,automatic
0.00074667721499092866,546874999.81351244,550307965.06064939,426.48867292200327,426.48867292200327,339.07392543557251,339.07392543557251,candidate,refined,strongest_peak,1,measured,quality_gated_measurement,false,pdv_channel_2,automatic
0.00074668041499092975,546874999.81351244,548960001.27785492,425.44400099033754,425.44400099033754,338.25017570015365,338.25017570015365,candidate,refined,strongest_peak,1,measured,quality_gated_measurement,false,pdv_channel_2,automatic
0.00074668361499093084,546874999.81351244,548640122.97067046,425.19609530226961,425.19609530226961,338.05469348131231,338.05469348131231,candidate,refined,strongest_peak,1,measured,quality_gated_measurement,false,pdv_channel_2,automatic
0.00074668681499093193,546874999.81351244,550575891.81349206,426.69631615545632,426.69631615545632,339.23765530413044,339.23765530413044,candidate,refined,strongest_peak,1,measured,quality_gated_measurement,false,pdv_channel_2,automatic
0.00074669001499093302,556640624.81018221,552241467.87777364,427.98713760527454,427.98713760527454,340.2554731369998,340.2554731369998,candidate,refined,strongest_peak,1,measured,quality_gated_measurement,false,pdv_channel_2,automatic
0.00074669321499093411,556640624.81018221,553821458.1012826,429.21163002849403,429.21163002849403,341.22096700324187,341.22096700324187,candidate,refined,strongest_peak,1,measured,quality_gated_measurement,false,pdv_channel_2,automatic
0.00074669641499093521,556640624.81018221,554109509.94932151,429.43487021072417,429.43487021072417,341.39698609451568,341.39698609451568,candidate,refined,strongest_peak,1,measured,quality_gated_measurement,false,pdv_channel_2,automatic
0.0007466996149909363,556640624.81018221,554789468.18305838,429.96183784187025,429.96183784187025,341.81248342310954,341.81248342310954,candidate,refined,strongest_peak,1,measured,quality_gated_measurement,false,pdv_channel_2,automatic
0.00074670281499093739,556640624.81018221,555165334.5407325,430.25313426906769,430.25313426906769,342.04215966054392,342.04215966054392,candidate,refined,strongest_peak,1,measured,quality_gated_measurement,false,pdv_channel_2,automatic
0.00074670601499093848,556640624.81018221,556079622.48872709,430.96170742876348,430.96170742876348,342.60083752942802,342.60083752942802,candidate,refined,strongest_peak,1,measured,quality_gated_measurement,false,pdv_channel_2,automatic
0.00074670921499093957,556640624.81018221,556680464.29812145,431.4273598310441,431.4273598310441,342.96797927265078,342.96797927265078,candidate,refined,strongest_peak,1,measured,quality_gated_measurement,false,pdv_channel_2,automatic
0.00074671241499094066,556640624.81018221,556825998.51200032,431.54014884680026,431.54014884680026,343.05690682453974,343.05690682453974,candidate,refined,strongest_peak,1,measured,quality_gated_measurement,false,pdv_channel_2,automatic
0.00074671561499094175,556640624.81018221,556420568.04555631,431.22594023530615,431.22594023530615,342.80917121035725,342.80917121035725,candidate,refined,strongest_peak,1,measured,quality_gated_measurement,false,pdv_channel_2,automatic
0.00074671881499094284,556640624.81018221,555263002.99110782,430.32882731810855,430.32882731810855,342.10184056381956,342.10184056381956,candidate,refined,strongest_peak,1,measured,quality_gated_measurement,false,pdv_channel_2,automatic
0.00074672201499094394,556640624.81018221,554091251.66068208,429.42072003702862,429.42072003702862,341.38582907198798,341.38582907198798,candidate,refined,strongest_peak,1,measured,quality_gated_measurement,false,pdv_channel_2,automatic
0.00074672521499094503,556640624.81018221,552430311.08156657,428.1334910882141,428.1334910882141,340.37087184855631,340.37087184855631,candidate,refined,strongest_peak,1,measured,quality_gated_measurement,false,pdv_channel_2,automatic
0.00074672841499094612,556640624.81018221,551809271.88908744,427.65218571404279,427.65218571404279,339.99136466378695,339.99136466378695,candidate,refined,strongest_peak,1,measured,quality_gated_measurement,false,pdv_channel_2,automatic
0.00074673161499094721,546874999.81351244,550890446.20163155,426.94009580626442,426.94009580626442,339.42987845725116,339.42987845725116,candidate,refined,strongest_peak,1,measured,quality_gated_measurement,false,pdv_channel_2,automatic
0.0007467348149909483,546874999.81351244,550818006.50621784,426.8839550423188,426.8839550423188,339.38561087717136,339.38561087717136,candidate,refined,strongest_peak,1,measured,quality_gated_measurement,false,pdv_channel_2,automatic
0.00074673801499094939,546874999.81351244,550106258.53198707,426.33235036228996,426.33235036228996,338.95066227269587,338.95066227269587,candidate,refined,strongest_peak,1,measured,quality_gated_measurement,false,pdv_channel_2,automatic
0.00074674121499095048,546874999.81351244,550227985.76272953,426.42668896611536,426.42668896611536,339.02505001071984,339.02505001071984,candidate,refined,strongest_peak,1,measured,quality_gated_measurement,false,pdv_channel_2,automatic
0.00074674441499095157,546874999.81351244,550166763.74478137,426.37924190220554,426.37924190220554,338.98763713809336,338.98763713809336,candidate,refined,strongest_peak,1,measured,quality_gated_measurement,false,pdv_channel_2,automatic
0.00074674761499095267,546874999.81351244,550542642.20768666,426.67054771095718,426.67054771095718,339.2173365266479,339.2173365266479,candidate,refined,strongest_peak,1,measured,quality_gated_measurement,false,pdv_channel_2,automatic
0.00074675081499095376,546874999.81351244,550166924.89608431,426.37936679446534,426.37936679446534,338.98773561795599,338.98773561795599,candidate,refined,strongest_peak,1,measured,quality_gated_measurement,false,pdv_channel_2,automatic
0.00074675401499095485,546874999.81351244,549355768.45249867,425.75072055068648,425.75072055068648,338.49203340108085,338.49203340108085,candidate,refined,strongest_peak,1,measured,quality_gated_measurement,false,pdv_channel_2,automatic
0.00074675721499095594,546874999.81351244,547149699.81987011,424.04101736039934,424.04101736039934,337.14386219844744,337.14386219844744,candidate,refined,strongest_peak,1,measured,quality_gated_measurement,false,pdv_channel_2,automatic
0.00074676041499095703,546874999.81351244,544177850.7613982,421.73783434008362,421.73783434008362,335.32763726725852,335.32763726725852,candidate,refined,strongest_peak,1,measured,quality_gated_measurement,false,pdv_channel_2,automatic
0.00074676361499095812,537109374.81684256,540458427.50052094,418.85528131290374,418.85528131290374,333.05442289707355,333.05442289707355,candidate,refined,strongest_peak,1,measured,quality_gated_measurement,false,pdv_channel_2,automatic
0.00074676681499095921,537109374.81684256,536922603.8627404,416.11501799362378,416.11501799362378,330.89330089110496,330.89330089110496,candidate,refined,strongest_peak,1,measured,quality_gated_measurement,false,pdv_channel_2,automatic
0.0007467700149909603,537109374.81684256,533096228.74611753,413.14957727824111,413.14957727824111,328.55446012820266,328.55446012820266,candidate,refined,strongest_peak,1,measured,quality_gated_measurement,false,pdv_channel_2,automatic
0.00074677321499096139,527343749.82017267,529796187.23470777,410.59204510689852,410.59204510689852,326.53722599025809,326.53722599025809,candidate,refined,strongest_peak,1,measured,quality_gated_measurement,false,pdv_channel_2,automatic
0.00074677641499096249,527343749.82017267,527651242.28713119,408.92971277252667,408.92971277252667,325.2260187362088,325.2260187362088,candidate,refined,strongest_peak,1,measured,quality_gated_measurement,false,pdv_channel_2,automatic
0.00074677961499096358,527343749.82017267,525638013.34851319,407.36946034509771,407.36946034509771,323.9952898650489,323.9952898650489,candidate,refined,strongest_peak,1,measured,quality_gated_measurement,false,pdv_channel_2,automatic
0.00074678281499096467,527343749.82017267,522844495.33750415,405.2044838865657,405.2044838865657,322.28748993634599,322.28748993634599,candidate,refined,strongest_peak,1,measured,quality_gated_measurement,false,pdv_channel_2,automatic
0.00074678601499096576,517578124.82350278,520243721.55309671,403.18888420364993,403.18888420364993,320.69745574654644,320.69745574654644,candidate,refined,strongest_peak,1,measured,quality_gated_measurement,false,pdv_channel_2,automatic
0.00074678921499096685,517578124.82350278,516879423.72879022,400.58155338981243,400.58155338981243,318.64052938012765,318.64052938012765,candidate,refined,strongest_peak,1,measured,quality_gated_measurement,false,pdv_channel_2,automatic
0.00074679241499096794,517578124.82350278,513475102.75904244,397.9432046382579,397.9432046382579,316.55902116872159,316.55902116872159,candidate,refined,strongest_peak,1,measured,quality_gated_measurement,false,pdv_channel_2,automatic
0.00074679561499096903,507812499.82683295,510655159.35039538,395.75774849655642,395.75774849655642,314.8347339953371,314.8347339953371,candidate,refined,strongest_peak,1,measured,quality_gated_measurement,false,pdv_channel_2,automatic
0.00074679881499097012,507812499.82683295,507692429.40603429,393.46163278967657,393.46163278967657,313.02305421512716,313.02305421512716,candidate,refined,strongest_peak,1,measured,quality_gated_measurement,false,pdv_channel_2,automatic
0.00074680201499097122,507812499.82683295,504762817.39438266,391.19118348064654,391.19118348064654,311.23154047412993,311.23154047412993,candidate,refined,strongest_peak,1,measured,quality_gated_measurement,false,pdv_channel_2,automatic
0.00074680521499097231,498046874.83016306,501409629.26431978,388.59246267984781,388.59246267984781,309.18089716309288,309.18089716309288,candidate,refined,strongest_peak,1,measured,quality_gated_measurement,false,pdv_channel_2,automatic
0.0007468084149909734,498046874.83016306,496965730.84631187,385.14844140589167,385.14844140589167,306.4630562124878,306.4630562124878,candidate,refined,strongest_peak,1,measured,quality_gated_measurement,false,pdv_channel_2,automatic
0.00074681161499097449,488281249.83349323,491592404.7994312,380.98411371955916,380.98411371955916,303.17652087579336,303.17652087579336,candidate,refined,strongest_peak,1,measured,quality_gated_measurement,false,pdv_channel_2,automatic
0.00074681481499097558,488281249.83349323,486074434.76342332,376.70768694165309,376.70768694165309,299.80120902338246,299.80120902338246,candidate,refined,strongest_peak,1,measured,quality_gated_measurement,false,pdv_channel_2,automatic
0.00074681801499097667,478515624.83682334,480217457.06932223,372.16852922872471,372.16852922872471,296.21818420409579,296.21818420409579,candidate,refined,strongest_peak,1,measured,quality_gated_measurement,false,pdv_channel_2,automatic
0.00074682121499097776,478515624.83682334,473814178.01401633,367.20598796086267,367.20598796086267,292.30054755488987,292.30054755488987,candidate,refined,strongest_peak,1,measured,quality_gated_measurement,false,pdv_channel_2,automatic
0.00074682441499097885,468749999.84015346,466358854.5248208,361.42811225673614,361.42811225673614,287.73870450869208,287.73870450869208,candidate,refined,strongest_peak,1,measured,quality_gated_measurement,false,pdv_channel_2,automatic
0.00074682761499097995,458984374.84348363,458166329.86725509,355.07890564712267,355.07890564712267,282.72508486531484,282.72508486531484,candidate,refined,strongest_peak,1,measured,quality_gated_measurement,false,pdv_channel_2,automatic
0.00074683081499098104,449218749.84681374,449347680.98676366,348.24445276474182,348.24445276474182,277.32747087015758,277.32747087015758,candidate,refined,strongest_peak,1,measured,quality_gated_measurement,false,pdv_channel_2,automatic
0.00074683401499098213,439453124.85014391,441002481.16103631,341.77692289980314,341.77692289980314,272.21884019513351,272.21884019513351,candidate,refined,strongest_peak,1,measured,quality_gated_measurement,false,pdv_channel_2,automatic
0.00074683721499098322,429687499.85347402,432979801.16981053,335.55934590660314,335.55934590660314,267.30689727844202,267.30689727844202,candidate,refined,strongest_peak,1,measured,quality_gated_measurement,false,pdv_channel_2,automatic
0.00074684041499098431,429687499.85347402,425229189.21821272,329.55262164411488,329.55262164411488,262.56082123660701,262.56082123660701,candidate,refined,strongest_peak,1,measured,quality_gated_measurement,false,pdv_channel_2,automatic
0.0007468436149909854,419921874.85680419,418462324.9919188,324.30830186873709,324.30830186873709,258.41656206008537,258.41656206008537,candidate,refined,strongest_peak,1,measured,quality_gated_measurement,false,pdv_channel_2,automatic
0.00074684681499098649,410156249.8601343,411832007.38769233,319.16980572546157,319.16980572546157,254.35539569781744,254.35539569781744,candidate,refined,strongest_peak,1,measured,quality_gated_measurement,false,pdv_channel_2,automatic
0.00074685001499098758,410156249.8601343,405694185.39122927,314.41299367820267,314.41299367820267,250.59541234541243,250.59541234541243,candidate,refined,strongest_peak,1,measured,quality_gated_measurement,false,pdv_channel_2,automatic
0.00074685321499098868,400390624.86346442,398316638.00674039,308.69539445522378,308.69539445522378,246.07536459044005,246.07536459044005,candidate,refined,strongest_peak,1,measured,quality_gated_measurement,false,pdv_channel_2,automatic
0.00074685641499098977,390624999.86679459,389689945.37833291,302.00970766820802,302.00970766820802,240.78912352577817,240.78912352577817,candidate,refined,strongest_peak,1,measured,quality_gated_measurement,false,pdv_channel_2,automatic
0.00074685961499099086,380859374.8701247,379835235.96899575,294.37230787597173,294.37230787597173,234.74920603038581,234.74920603038581,candidate,refined,strongest_peak,1,measured,quality_gated_measurement,false,pdv_channel_2,automatic
0.00074686281499099195,371093749.87345487,371009440.78944671,287.53231661182122,287.53231661182122,229.33881656040919,229.33881656040919,candidate,refined,strongest_peak,1,measured,quality_gated_measurement,false,pdv_channel_2,automatic
0.00074686601499099304,361328124.87678498,362352362.77215588,280.82308114842078,280.82308114842078,224.03082874045606,224.03082874045606,candidate,refined,strongest_peak,1,measured,quality_gated_measurement,false,pdv_channel_2,automatic
0.00074686921499099413,351562499.88011509,353734510.90681982,274.14424595278535,274.14424595278535,218.7458589977783,218.7458589977783,candidate,refined,strongest_peak,1,measured,quality_gated_measurement,false,pdv_channel_2,automatic
0.00074687241499099522,341796874.88344526,343905168.18340605,266.52650534213967,266.52650534213967,212.71664173388166,212.71664173388166,candidate,refined,strongest_peak,1,measured,quality_gated_measurement,false,pdv_channel_2,automatic
0.00074687561499099631,332031249.88677537,335184260.38984901,259.76780180213296,259.76780180213296,207.36614497822222,207.36614497822222,candidate,refined,strongest_peak,1,measured,quality_gated_measurement,false,pdv_channel_2,automatic
0.00074687881499099741,332031249.88677537,327436914.89215297,253.76360904141853,253.76360904141853,202.61199647900625,202.61199647900625,candidate,refined,strongest_peak,1,measured,quality_gated_measurement,false,pdv_channel_2,automatic
0.0007468820149909985,322265624.89010555,320530526.05938518,248.41115769602351,248.41115769602351,198.3731228406468,198.3731228406468,candidate,refined,strongest_peak,1,measured,quality_gated_measurement,false,pdv_channel_2,automatic
0.00074688521499099959,312499999.89343566,314729037.65859348,243.91500418540994,243.91500418540994,194.8118160234138,194.8118160234138,candidate,refined,strongest_peak,1,measured,quality_gated_measurement,false,pdv_channel_2,automatic
0.00074688841499100068,312499999.89343566,310134035.71087378,240.35387767592718,240.35387767592718,191.99074247307328,191.99074247307328,candidate,refined,strongest_peak,1,measured,quality_gated_measurement,false,pdv_channel_2,automatic
0.00074689161499100177,302734374.89676577,306808469.24910355,237.77656366805525,237.77656366805525,189.94881761879839,189.94881761879839,candidate,refined,strongest_peak,1,measured,quality_gated_measurement,false,pdv_channel_2,automatic
0.00074689481499100286,302734374.89676577,304492949.34244347,235.98203574039368,235.98203574039368,188.52696249913555,188.52696249913555,candidate,refined,strongest_peak,1,measured,quality_gated_measurement,false,pdv_channel_2,automatic
0.00074689801499100395,302734374.89676577,302957977.02010256,234.79243219057949,234.79243219057949,187.58435720691662,187.58435720691662,candidate,refined,strongest_peak,1,measured,quality_gated_measurement,false,pdv_channel_2,automatic
0.00074690121499100504,302734374.89676577,301997897.45214659,234.04837052541362,234.04837052541362,186.99476571571847,186.99476571571847,candidate,refined,strongest_peak,1,measured,quality_gated_measurement,false,pdv_channel_2,automatic
0.00074690441499100613,302734374.89676577,301465654.077384,233.6358819099726,233.6358819099726,186.66790476553692,186.66790476553692,candidate,refined,strongest_peak,1,measured,quality_gated_measurement,false,pdv_channel_2,automatic
0.00074690761499100723,302734374.89676577,301108317.43696052,233.35894601364441,233.35894601364441,186.44845476917627,186.44845476917627,candidate,refined,strongest_peak,1,measured,quality_gated_measurement,false,pdv_channel_2,automatic
0.00074691081499100832,302734374.89676577,300754007.09476924,233.08435549844617,233.08435549844617,186.23086119509608,186.23086119509608,candidate,refined,strongest_peak,1,measured,quality_gated_measurement,false,pdv_channel_2,automatic
0.00074691401499100941,302734374.89676577,300527073.49150449,232.90848195591599,232.90848195591599,186.09149273996314,186.09149273996314,candidate,refined,strongest_peak,1,measured,quality_gated_measurement,false,pdv_channel_2,automatic
0.0007469172149910105,302734374.89676577,300709060.47190207,233.0495218657241,233.0495218657241,186.20325785316342,186.20325785316342,candidate,refined,strongest_peak,1,measured,quality_gated_measurement,false,pdv_channel_2,automatic
0.00074692041499101159,302734374.89676577,300902571.29070944,233.19949275029981,233.19949275029981,186.32209958456767,186.32209958456767,candidate,refined,strongest_peak,1,measured,quality_gated_measurement,false,pdv_channel_2,automatic
0.00074692361499101268,302734374.89676577,300463965.34972435,232.85957314603638,232.85957314603638,186.05273550482511,186.05273550482511,candidate,refined,strongest_peak,1,measured,quality_gated_measurement,false,pdv_channel_2,automatic
0.00074692681499101377,302734374.89676577,299806595.74630862,232.35011170338919,232.35011170338919,185.64901455502039,185.64901455502039,candidate,refined,strongest_peak,1,measured,quality_gated_measurement,false,pdv_channel_2,automatic
0.00074693001499101486,302734374.89676577,299910901.95681089,232.43094901652844,232.43094901652844,185.71307428699862,185.71307428699862,candidate,refined,strongest_peak,1,measured,quality_gated_measurement,false,pdv_channel_2,automatic
0.00074693321499101596,302734374.89676577,300452371.20732498,232.85058768567686,232.85058768567686,186.0456150707804,186.0456150707804,candidate,refined,strongest_peak,1,measured,quality_gated_measurement,false,pdv_channel_2,automatic
0.00074693641499101705,302734374.89676577,300885225.23827505,233.18604955966316,233.18604955966316,186.31144679539705,186.31144679539705,candidate,refined,strongest_peak,1,measured,quality_gated_measurement,false,pdv_channel_2,automatic
0.00074693961499101814,302734374.89676577,301952744.98711187,234.01337736501171,234.01337736501171,186.96703689716384,186.96703689716384,candidate,refined,strongest_peak,1,measured,quality_gated_measurement,false,pdv_channel_2,automatic
0.00074694281499101923,302734374.89676577,304713106.27300936,236.15265736158224,236.15265736158224,188.66215462833915,188.66215462833915,candidate,refined,strongest_peak,1,measured,quality_gated_measurement,false,pdv_channel_2,automatic
0.00074694601499102032,312499999.89343566,308393100.04132175,239.00465253202435,239.00465253202435,190.92181632908367,190.92181632908367,candidate,refined,strongest_peak,1,measured,quality_gated_measurement,false,pdv_channel_2,automatic
0.00074694921499102141,312499999.89343566,310933490.43122172,240.97345508419684,240.97345508419684,192.48158733201231,192.48158733201231,candidate,refined,strongest_peak,1,measured,quality_gated_measurement,false,pdv_channel_2,automatic
0.0007469524149910225,312499999.89343566,312363642.69161129,242.08182308599874,242.08182308599874,193.35963863711575,193.35963863711575,candidate,refined,strongest_peak,1,measured,quality_gated_measurement,false,pdv_channel_2,automatic
0.00074695561499102359,312499999.89343566,315188416.93634742,244.27102312566925,244.27102312566925,195.09383049054298,195.09383049054298,candidate,refined,strongest_peak,1,measured,quality_gated_measurement,false,pdv_channel_2,automatic
0.00074695881499102469,322265624.89010555,318733107.42298394,247.01815825281255,247.01815825281255,197.26981480342465,197.26981480342465,candidate,refined,strongest_peak,1,measured,quality_gated_measurement,false,pdv_channel_2,automatic
0.00074696201499102578,322265624.89010555,318263661.81218266,246.65433790444158,246.65433790444158,196.98164699029078,196.98164699029078,candidate,refined,strongest_peak,1,measured,quality_gated_measurement,false,pdv_channel_2,automatic
0.00074696521499102687,312499999.89343566,313174912.46473318,242.71055716016821,242.71055716016821,193.8577083406322,193.8577083406322,candidate,refined,strongest_peak,1,measured,quality_gated_measurement,false,pdv_channel_2,automatic
0.00074696841499102796,312499999.89343566,309260933.28534192,239.67722329613997,239.67722329613997,191.45466794270317,191.45466794270317,candidate,refined,strongest_peak,1,measured,quality_gated_measurement,false,pdv_channel_2,automatic
0.00074697161499102905,312499999.89343566,309232850.93115383,239.65545947164421,239.65545947164421,191.43742550460124,191.43742550460124,candidate,refined,strongest_peak,1,measured,quality_gated_measurement,false,pdv_channel_2,automatic
0.00074697481499103014,312499999.89343566,310954870.31450438,240.99002449374089,240.99002449374089,192.49471389421439,192.49471389421439,candidate,refined,strongest_peak,1,measured,quality_gated_measurement,false,pdv_channel_2,automatic
0.00074697801499103123,312499999.89343566,313631108.71352178,243.06410925297936,243.06410925297936,194.13778010740444,194.13778010740444,candidate,refined,strongest_peak,1,measured,quality_gated_measurement,false,pdv_channel_2,automatic
0.00074698121499103232,312499999.89343566,317361435.01399487,245.95511213584604,245.95511213584604,196.42780792199733,196.42780792199733,candidate,refined,strongest_peak,1,measured,quality_gated_measurement,false,pdv_channel_2,automatic
0.00074698441499103342,322265624.89010555,319343847.54821265,247.49148184986481,247.49148184986481,197.64471063196916,197.64471063196916,candidate,refined,strongest_peak,1,measured,quality_gated_measurement,false,pdv_channel_2,automatic
0.00074698761499103451,312499999.89343566,316059058.58719242,244.94577040507411,244.94577040507411,195.62831105380147,195.62831105380147,candidate,refined,strongest_peak,1,measured,quality_gated_measurement,false,pdv_channel_2,automatic
0.0007469908149910356,312499999.89343566,307843127.03970671,238.57842345577271,238.57842345577271,190.58412527448681,190.58412527448681,candidate,refined,strongest_peak,1,measured,quality_gated_measurement,false,pdv_channel_2,automatic
0.00074699401499103669,302734374.89676577,302153643.34820455,234.16907359485853,234.16907359485853,187.09041138892061,187.09041138892061,candidate,refined,strongest_peak,1,measured,quality_gated_measurement,false,pdv_channel_2,automatic
0.00074699721499103778,302734374.89676577,303795782.59932029,235.44173151447322,235.44173151447322,188.09884687742863,188.09884687742863,candidate,refined,strongest_peak,1,measured,quality_gated_measurement,false,pdv_channel_2,automatic
0.00074700041499103887,312499999.89343566,310263112.46086848,240.45391215717308,240.45391215717308,192.06999301530951,192.06999301530951,candidate,refined,strongest_peak,1,measured,quality_gated_measurement,false,pdv_channel_2,automatic
0.00074700361499103996,322265624.89010555,317908951.20594096,246.37943718460426,246.37943718460426,196.76390661215098,196.76390661215098,candidate,refined,strongest_peak,1,measured,quality_gated_measurement,false,pdv_channel_2,automatic
0.00074700681499104105,322265624.89010555,324083686.50804746,251.16485704373679,251.16485704373679,200.55400746778417,200.55400746778417,candidate,refined,strongest_peak,1,measured,quality_gated_measurement,false,pdv_channel_2,automatic
0.00074701001499104215,332031249.88677537,328169541.32226413,254.3313945247547,254.3313945247547,203.06161088849001,203.06161088849001,candidate,refined,strongest_peak,1,measured,quality_gated_measurement,false,pdv_channel_2,automatic
0.00074701321499104324,332031249.88677537,330330799.24603528,256.00636941567734,256.00636941567734,204.38793162148275,204.38793162148275,candidate,refined,strongest_peak,1,measured,quality_gated_measurement,false,pdv_channel_2,automatic
0.00074701641499104433,332031249.88677537,331088401.98450255,256.59351153798946,256.59351153798946,204.85284039245892,204.85284039245892,candidate,refined,strongest_peak,1,measured,quality_gated_measurement,false,pdv_channel_2,automatic
0.00074701961499104542,332031249.88677537,331620730.21794146,257.00606591890465,257.00606591890465,205.17950250451958,205.17950250451958,candidate,refined,strongest_peak,1,measured,quality_gated_measurement,false,pdv_channel_2,automatic
0.00074702281499104651,332031249.88677537,332796437.47364771,257.91723904207697,257.91723904207697,205.90095758846104,205.90095758846104,candidate,refined,strongest_peak,1,measured,quality_gated_measurement,false,pdv_channel_2,automatic
0.0007470260149910476,332031249.88677537,334390235.99127567,259.15243289323865,259.15243289323865,206.87893473529934,206.87893473529934,candidate,refined,strongest_peak,1,measured,quality_gated_measurement,false,pdv_channel_2,automatic
0.00074702921499104869,332031249.88677537,335767968.49215913,260.22017558142335,260.22017558142335,207.72429993315632,207.72429993315632,candidate,refined,strongest_peak,1,measured,quality_gated_measurement,false,pdv_channel_2,automatic
0.00074703241499104978,332031249.88677537,336898239.85820991,261.09613589011269,261.09613589011269,208.41780379390804,208.41780379390804,candidate,refined,strongest_peak,1,measured,quality_gated_measurement,false,pdv_channel_2,automatic
0.00074703561499105087,341796874.88344526,338256221.28519636,262.14857149602716,262.14857149602716,209.25099914797914,209.25099914797914,candidate,refined,strongest_peak,1,measured,quality_gated_measurement,false,pdv_channel_2,automatic
0.00074703881499105197,341796874.88344526,339901160.53351271,263.42339941347234,263.42339941347234,210.26022198495747,210.26022198495747,candidate,refined,strongest_peak,1,measured,quality_gated_measurement,false,pdv_channel_2,automatic
0.00074704201499105306,341796874.88344526,341421935.04005575,264.60199965604318,264.60199965604318,211.19323014894528,211.19323014894528,candidate,refined,strongest_peak,1,measured,quality_gated_measurement,false,pdv_channel_2,automatic
0.00074704521499105415,341796874.88344526,342530977.63988364,265.46150767090984,265.46150767090984,211.87361577150236,211.87361577150236,candidate,refined,strongest_peak,1,measured,quality_gated_measurement,false,pdv_channel_2,automatic
0.00074704841499105524,341796874.88344526,343432975.53303963,266.16055603810571,266.16055603810571,212.42696838614344,212.42696838614344,candidate,refined,strongest_peak,1,measured,quality_gated_measurement,false,pdv_channel_2,automatic
0.00074705161499105633,341796874.88344526,344319903.08442599,266.84792489043014,266.84792489043014,212.97106411154175,212.97106411154175,candidate,refined,strongest_peak,1,measured,quality_gated_measurement,false,pdv_channel_2,automatic
0.00074705481499105742,341796874.88344526,345217623.51615882,267.54365822502308,267.54365822502308,213.5217691483974,213.5217691483974,candidate,refined,strongest_peak,1,measured,quality_gated_measurement,false,pdv_channel_2,automatic
0.00074705801499105851,341796874.88344526,346293808.21337873,268.37770136536852,268.37770136536852,214.18193730440194,214.18193730440194,candidate,refined,strongest_peak,1,measured,quality_gated_measurement,false,pdv_channel_2,automatic
0.0007470612149910596,351562499.88011509,347727350.9821859,269.48869701119406,269.48869701119406,215.06129488838948,215.06129488838948,candidate,refined,strongest_peak,1,measured,quality_gated_measurement,false,pdv_channel_2,automatic
0.0007470644149910607,351562499.88011509,349144934.84985352,270.58732450863647,270.58732450863647,215.93083380001471,215.93083380001471,candidate,refined,strongest_peak,1,measured,quality_gated_measurement,false,pdv_channel_2,automatic
0.00074706761499106179,351562499.88011509,350021519.72336602,271.26667778560869,271.26667778560869,216.46851211961271,216.46851211961271,candidate,refined,strongest_peak,1,measured,quality_gated_measurement,false,pdv_channel_2,automatic
0.00074707081499106288,351562499.88011509,350254791.69661105,271.44746356487354,271.44746356487354,216.61159427264238,216.61159427264238,candidate,refined,strongest_peak,1,measured,quality_gated_measurement,false,pdv_channel_2,automatic
0.00074707401499106397,351562499.88011509,350248464.68218207,271.44256012869113,271.44256012869113,216.60771347878338,216.60771347878338,candidate,refined,strongest_peak,1,measured,quality_gated_measurement,false,pdv_channel_2,automatic
0.00074707721499106506,351562499.88011509,350477526.19790924,271.62008280337966,271.62008280337966,216.74821232169353,216.74821232169353,candidate,refined,strongest_peak,1,measured,quality_gated_measurement,false,pdv_channel_2,automatic
0.00074708041499106615,351562499.88011509,351085678.4865647,272.09140082708763,272.09140082708763,217.12122939555192,217.12122939555192,candidate,refined,strongest_peak,1,measured,quality_gated_measurement,false,pdv_channel_2,automatic
0.00074708361499106724,351562499.88011509,351527817.11055297,272.43405826067857,272.43405826067857,217.39241678670484,217.39241678670484,candidate,refined,strongest_peak,1,measured,quality_gated_measurement,false,pdv_channel_2,automatic
0.00074708681499106833,351562499.88011509,351116303.77475798,272.11513542543742,272.11513542543742,217.140013621702,217.140013621702,candidate,refined,strongest_peak,1,measured,quality_gated_measurement,false,pdv_channel_2,automatic
0.00074709001499106943,351562499.88011509,350571560.7490955,271.69295958054903,271.69295958054903,216.80588982221454,216.80588982221454,candidate,refined,strongest_peak,1,measured,quality_gated_measurement,false,pdv_channel_2,automatic
0.00074709321499107052,351562499.88011509,350819921.63154316,271.88543926444595,271.88543926444595,216.95822507976149,216.95822507976149,candidate,refined,strongest_peak,1,measured,quality_gated_measurement,false,pdv_channel_2,automatic
0.00074709641499107161,351562499.88011509,351286838.53390718,272.24729986377804,272.24729986377804,217.24461201563525,217.24461201563525,candidate,refined,strongest_peak,1,measured,quality_gated_measurement,false,pdv_channel_2,automatic
0.0007470996149910727,351562499.88011509,351029902.98869431,272.04817481623809,272.04817481623809,217.08701908490394,217.08701908490394,candidate,refined,strongest_peak,1,measured,quality_gated_measurement,false,pdv_channel_2,automatic
0.00074710281499107379,351562499.88011509,350053934.542009,271.29179927005697,271.29179927005697,216.48839446075405,216.48839446075405,candidate,refined,strongest_peak,1,measured,quality_gated_measurement,false,pdv_channel_2,automatic
0.00074710601499107488,351562499.88011509,348412723.55012262,270.01986075134505,270.01986075134505,215.4817026435617,215.4817026435617,candidate,refined,strongest_peak,1,measured,quality_gated_measurement,false,pdv_channel_2,automatic
0.00074710921499107597,341796874.88344526,345711045.11447722,267.92605996371987,267.92605996371987,213.82445276641792,213.82445276641792,candidate,refined,strongest_peak,1,measured,quality_gated_measurement,false,pdv_channel_2,automatic
0.00074711241499107706,341796874.88344526,342180831.86391693,265.1901446945356,265.1901446945356,211.65880708456666,211.65880708456666,candidate,refined,strongest_peak,1,measured,quality_gated_measurement,false,pdv_channel_2,automatic
0.00074711561499107816,341796874.88344526,338581614.87316191,262.4007515267005,262.4007515267005,209.45064170777255,209.45064170777255,candidate,refined,strongest_peak,1,measured,quality_gated_measurement,false,pdv_channel_2,automatic
0.00074711881499107925,332031249.88677537,334362896.41414326,259.13124472096104,259.13124472096104,206.86215910965993,206.86215910965993,candidate,refined,strongest_peak,1,measured,quality_gated_measurement,false,pdv_channel_2,automatic
0.00074712201499108034,332031249.88677537,328436401.75624514,254.53821136108996,254.53821136108996,203.22538166244254,203.22538166244254,candidate,refined,strongest_peak,1,measured,quality_gated_measurement,false,pdv_channel_2,automatic
0.00074712521499108143,322265624.89010555,320623046.14418268,248.48286076174156,248.48286076174156,198.42991299460016,198.42991299460016,candidate,refined,strongest_peak,1,measured,quality_gated_measurement,false,pdv_channel_2,automatic
0.00074712841499108252,312499999.89343566,311622286.89650869,241.50727234479425,241.50727234479425,192.90448253759146,192.90448253759146,candidate,refined,strongest_peak,1,measured,quality_gated_measurement,false,pdv_channel_2,automatic
0.00074713161499108361,302734374.89676577,303253005.93389666,235.02107959876992,235.02107959876992,187.76553342010988,187.76553342010988,candidate,refined,strongest_peak,1,measured,quality_gated_measurement,false,pdv_channel_2,automatic
0.0007471348149910847,292968749.90009594,296321268.46367776,229.64898305935026,229.64898305935026,183.5083928932732,183.5083928932732,candidate,refined,strongest_peak,1,measured,quality_gated_measurement,false,pdv_channel_2,automatic
0.00074713801499108579,292968749.90009594,291041429.87833488,225.55710815570953,225.55710815570953,180.26522244168459,180.26522244168459,candidate,refined,strongest_peak,1,measured,quality_gated_measurement,false,pdv_channel_2,automatic
0.00074714121499108688,283203124.90342605,287890722.1676721,223.11530967994588,223.11530967994588,178.32965325633103,178.32965325633103,candidate,refined,strongest_peak,1,measured,quality_gated_measurement,false,pdv_channel_2,automatic
0.00074714441499108798,283203124.90342605,287147009.93442249,222.53893269917742,222.53893269917742,177.87274444956924,177.87274444956924,candidate,refined,strongest_peak,1,measured,quality_gated_measurement,false,pdv_channel_2,automatic
0.00074714761499108907,292968749.90009594,288794529.95174676,223.81576071260375,223.81576071260375,178.88490571864011,178.88490571864011,candidate,refined,strongest_peak,1,measured,quality_gated_measurement,false,pdv_channel_2,automatic
0.00074715081499109016,292968749.90009594,292166123.50910878,226.42874571955932,226.42874571955932,180.95611195533064,180.95611195533064,candidate,refined,strongest_peak,1,measured,quality_gated_measurement,false,pdv_channel_2,automatic
0.00074715401499109125,292968749.90009594,295181972.51026344,228.76602869545417,228.76602869545417,182.80861435084336,182.80861435084336,candidate,refined,strongest_peak,1,measured,quality_gated_measurement,false,pdv_channel_2,automatic
0.00074715721499109234,292968749.90009594,294434140.08383965,228.18645856497574,228.18645856497574,182.34926856369688,182.34926856369688,candidate,refined,strongest_peak,1,measured,quality_gated_measurement,false,pdv_channel_2,automatic
0.00074716041499109343,292968749.90009594,289537496.26780862,224.39155960755167,224.39155960755167,179.34133488121651,179.34133488121651,candidate,refined,strongest_peak,1,measured,quality_gated_measurement,false,pdv_channel_2,automatic
0.00074716361499109452,283203124.90342605,282882803.78342199,219.23417293215203,219.23417293215203,175.25278856577094,175.25278856577094,candidate,refined,strongest_peak,1,measured,quality_gated_measurement,false,pdv_channel_2,automatic
0.00074716681499109561,273437499.90675622,277504152.22883862,215.06571797734992,215.06571797734992,171.94764768072486,171.94764768072486,candidate,refined,strongest_peak,1,measured,quality_gated_measurement,false,pdv_channel_2,automatic
0.00074717001499109671,273437499.90675622,272910606.7377423,211.50572022175029,211.50572022175029,169.12453301862641,169.12453301862641,candidate,refined,strongest_peak,1,measured,quality_gated_measurement,false,pdv_channel_2,automatic
0.0007471732149910978,273437499.90675622,269355847.94023627,208.7507821536831,208.7507821536831,166.93957180611039,166.93957180611039,candidate,refined,strongest_peak,1,measured,quality_gated_measurement,false,pdv_channel_2,automatic
0.00074717641499109889,263671874.91008633,267729386.63061592,207.49027463872733,207.49027463872733,165.93977556260381,165.93977556260381,candidate,refined,strongest_peak,1,measured,quality_gated_measurement,false,pdv_channel_2,automatic
0.00074717961499109998,263671874.91008633,267304377.81792718,207.16089280889355,207.16089280889355,165.67851171233139,165.67851171233139,candidate,refined,strongest_peak,1,measured,quality_gated_measurement,false,pdv_channel_2,automatic
0.00074718281499110107,263671874.91008633,266735773.54585609,206.72022449803848,206.72022449803848,165.32897071121673,165.32897071121673,candidate,refined,strongest_peak,1,measured,quality_gated_measurement,false,pdv_channel_2,automatic
0.00074718601499110216,263671874.91008633,267252122.14289704,207.12039466074521,207.12039466074521,165.64638856959743,165.64638856959743,candidate,refined,strongest_peak,1,measured,quality_gated_measurement,false,pdv_channel_2,automatic
0.00074718921499110325,263671874.91008633,267890560.1633535,207.61518412659896,207.61518412659896,166.03885218959002,166.03885218959002,candidate,refined,strongest_peak,1,measured,quality_gated_measurement,false,pdv_channel_2,automatic
0.00074719241499110434,263671874.91008633,266907210.46430272,206.8530881098346,206.8530881098346,165.43435964432385,165.43435964432385,candidate,refined,strongest_peak,1,measured,quality_gated_measurement,false,pdv_channel_2,automatic
0.00074719561499110544,263671874.91008633,264861160.96729317,205.26739974965221,205.26739974965221,164.17653722038341,164.17653722038341,candidate,refined,strongest_peak,1,measured,quality_gated_measurement,false,pdv_channel_2,automatic
0.00074719881499110653,263671874.91008633,263793182.61377627,204.4397165256766,204.4397165256766,163.51995887271667,163.51995887271667,candidate,refined,strongest_peak,1,measured,quality_gated_measurement,false,pdv_channel_2,automatic
0.00074720201499110762,263671874.91008633,260707286.45498976,202.04814700261707,202.04814700261707,161.62266971388649,161.62266971388649,candidate,refined,strongest_peak,1,measured,quality_gated_measurement,false,pdv_channel_2,automatic
0.00074720521499110871,253906249.91341648,252128904.55390427,195.39990102927581,195.39990102927581,156.34748304968767,156.34748304968767,candidate,refined,strongest_peak,1,measured,quality_gated_measurement,false,pdv_channel_2,automatic
0.0007472084149911098,224609374.92340687,nan,nan,nan,nan,nan,candidate,refined,strongest_peak,1,ambiguous_peak,ambiguous_peak,false,pdv_channel_2,automatic
0.00074721161499111089,214843749.92673701,214921812.94169945,166.56440502981707,166.56440502981707,133.44962513271989,133.44962513271989,candidate,refined,continuity_assisted_alternative,2,measured,quality_gated_measurement,false,pdv_channel_2,automatic
0.00074721481499111198,234374999.92007673,nan,nan,nan,nan,nan,candidate,refined,strongest_peak,1,ambiguous_peak,ambiguous_peak,false,pdv_channel_2,automatic
0.00074721801499111307,244140624.91674662,248576397.27975774,192.64670789181224,192.64670789181224,154.16247749763696,154.16247749763696,candidate,refined,strongest_peak,1,measured,quality_gated_measurement,false,pdv_channel_2,automatic
0.00074722121499111417,253906249.91341648,251324210.42006481,194.77626307555022,194.77626307555022,155.85257002238561,155.85257002238561,candidate,refined,strongest_peak,1,measured,quality_gated_measurement,false,pdv_channel_2,automatic
0.00074722441499111526,253906249.91341648,252994139.70684114,196.07045827280189,196.07045827280189,156.87961632053728,156.87961632053728,candidate,refined,strongest_peak,1,measured,quality_gated_measurement,false,pdv_channel_2,automatic
0.00074722761499111635,253906249.91341648,256265572.76027283,198.60581888921143,198.60581888921143,158.89146481520348,158.89146481520348,candidate,refined,strongest_peak,1,measured,quality_gated_measurement,false,pdv_channel_2,automatic
0.00074723081499111744,263671874.91008633,260657240.47485203,202.00936136801033,202.00936136801033,161.59189863299596,161.59189863299596,candidate,refined,strongest_peak,1,measured,quality_gated_measurement,false,pdv_channel_2,automatic
0.00074723401499111853,273437499.90675622,270236518.47697723,209.43330181965734,209.43330181965734,167.48090497956704,167.48090497956704,candidate,refined,strongest_peak,1,measured,quality_gated_measurement,false,pdv_channel_2,automatic
0.00074723721499111962,283203124.90342605,287959669.05659693,223.16874351886261,223.16874351886261,178.37201113947867,178.37201113947867,candidate,refined,strongest_peak,1,measured,quality_gated_measurement,false,pdv_channel_2,automatic
0.00074724041499112071,302734374.89676577,304042851.51287514,235.63320992247824,235.63320992247824,188.25056768802725,188.25056768802725,candidate,refined,strongest_peak,1,measured,quality_gated_measurement,false,pdv_channel_2,automatic
0.0007472436149911218,302734374.89676577,nan,nan,nan,nan,nan,candidate,refined,strongest_peak,1,ambiguous_peak,ambiguous_peak,false,pdv_channel_2,automatic
0.0007472468149911229,292968749.90009594,295536077.09487134,229.04045974852528,229.04045974852528,183.02611489341484,183.02611489341484,candidate,refined,strongest_peak,1,measured,quality_gated_measurement,false,pdv_channel_2,automatic
0.00074725001499112399,292968749.90009594,289695273.75011623,224.51383715634009,224.51383715634009,179.43826165085571,179.43826165085571,candidate,refined,strongest_peak,1,measured,quality_gated_measurement,false,pdv_channel_2,automatic
0.00074725321499112508,292968749.90009594,288765870.28706789,223.79354947247762,223.79354947247762,178.86729893129478,178.86729893129478,candidate,refined,strongest_peak,1,measured,quality_gated_measurement,false,pdv_channel_2,automatic
0.00074725641499112617,283203124.90342605,286584264.18287301,222.10280474172657,222.10280474172657,177.52700819055715,177.52700819055715,candidate,refined,strongest_peak,1,measured,quality_gated_measurement,false,pdv_channel_2,automatic
0.00074725961499112726,273437499.90675622,275952975.49161321,213.86355600600024,213.86355600600024,170.99436410204984,170.99436410204984,candidate,refined,strongest_peak,1,measured,quality_gated_measurement,false,pdv_channel_2,automatic
0.00074726281499112835,263671874.91008633,265376250.23731542,205.66659393391944,205.66659393391944,164.49319922697086,164.49319922697086,candidate,refined,strongest_peak,1,measured,quality_gated_measurement,false,pdv_channel_2,automatic
0.00074726601499112944,263671874.91008633,266296376.2032713,206.37969155753527,206.37969155753527,165.05885355966223,165.05885355966223,candidate,refined,strongest_peak,1,measured,quality_gated_measurement,false,pdv_channel_2,automatic
0.00074726921499113053,292968749.90009594,288338658.77127248,223.46246054773616,223.46246054773616,178.60484397577122,178.60484397577122,candidate,refined,strongest_peak,1,measured,quality_gated_measurement,false,pdv_channel_2,automatic
0.00074727241499113162,302734374.89676577,302857388.89558631,234.71447639407938,234.71447639407938,187.52258606452634,187.52258606452634,candidate,refined,strongest_peak,1,measured,quality_gated_measurement,false,pdv_channel_2,automatic
0.00074727561499113272,302734374.89676577,300923509.12256759,233.21571956998989,233.21571956998989,186.33495819853573,186.33495819853573,candidate,refined,strongest_peak,1,measured,quality_gated_measurement,false,pdv_channel_2,automatic
0.00074727881499113381,292968749.90009594,nan,nan,nan,nan,nan,candidate,refined,strongest_peak,1,ambiguous_peak,ambiguous_peak,false,pdv_channel_2,automatic
0.0007472820149911349,458984374.84348363,nan,nan,nan,nan,nan,candidate,refined,strongest_peak,1,ambiguous_peak,ambiguous_peak,false,pdv_channel_2,automatic
0.00074728521499113599,566406249.8068521,nan,nan,nan,nan,nan,candidate,refined,strongest_peak,1,ambiguous_peak,ambiguous_peak,false,pdv_channel_2,automatic
0.00074728841499113708,566406249.8068521,nan,nan,nan,nan,nan,candidate,refined,strongest_peak,1,ambiguous_peak,ambiguous_peak,false,pdv_channel_2,automatic
0.00074729161499113817,478515624.83682334,474906863.06947064,368.05281887883973,368.05281887883973,292.96910169249696,292.96910169249696,candidate,refined,strongest_peak,1,measured,quality_gated_measurement,false,pdv_channel_2,automatic
0.00074729481499113926,468749999.84015346,467211115.81067026,362.08861475326944,362.08861475326944,288.26022535154658,288.26022535154658,candidate,refined,strongest_peak,1,measured,quality_gated_measurement,false,pdv_channel_2,automatic
0.00074729801499114035,468749999.84015346,472062719.56439251,365.84860766240416,365.84860766240416,291.22889967311517,291.22889967311517,candidate,refined,strongest_peak,1,measured,quality_gated_measurement,false,pdv_channel_2,automatic
0.00074730121499114145,488281249.83349323,487150753.60917526,377.54183404711085,377.54183404711085,300.45961188343256,300.45961188343256,candidate,refined,strongest_peak,1,measured,quality_gated_measurement,false,pdv_channel_2,automatic
0.00074730441499114254,488281249.83349323,492032202.15476215,381.32495666994066,381.32495666994066,303.44552908007432,303.44552908007432,candidate,refined,strongest_peak,1,measured,quality_gated_measurement,false,pdv_channel_2,automatic
0.00074730761499114363,488281249.83349323,484774482.53144157,375.70022396186721,375.70022396186721,299.00598981033596,299.00598981033596,candidate,refined,strongest_peak,1,measured,quality_gated_measurement,false,pdv_channel_2,automatic
0.00074731081499114472,488281249.83349323,484703866.43090308,375.6454964839499,375.6454964839499,298.96279135357588,298.96279135357588,candidate,refined,strongest_peak,1,measured,quality_gated_measurement,false,pdv_channel_2,automatic
0.00074731401499114581,498046874.83016306,495144731.71591818,383.73716707983658,383.73716707983658,305.34929507238445,305.34929507238445,candidate,refined,strongest_peak,1,measured,quality_gated_measurement,false,pdv_channel_2,automatic
0.0007473172149911469,507812499.82683295,508057821.16678643,393.74481140425951,393.74481140425951,313.24649230508629,313.24649230508629,candidate,refined,strongest_peak,1,measured,quality_gated_measurement,false,pdv_channel_2,automatic
0.00074732041499114799,507812499.82683295,507734469.99689007,393.49421424758981,393.49421424758981,313.04876222185646,313.04876222185646,candidate,refined,strongest_peak,1,measured,quality_gated_measurement,false,pdv_channel_2,automatic
0.00074732361499114908,507812499.82683295,510909688.57469445,395.9550086453882,395.9550086453882,314.99037204721128,314.99037204721128,candidate,refined,strongest_peak,1,measured,quality_gated_measurement,false,pdv_channel_2,automatic
0.00074732681499115018,517578124.82350278,514808119.61220133,398.97629269945605,398.97629269945605,317.37408276260652,317.37408276260652,candidate,refined,strongest_peak,1,measured,quality_gated_measurement,false,pdv_channel_2,automatic
0.00074733001499115127,507812499.82683295,506802194.87515575,392.77170102824567,392.77170102824567,312.47866777223101,312.47866777223101,candidate,refined,strongest_peak,1,measured,quality_gated_measurement,false,pdv_channel_2,automatic
0.00074733321499115236,488281249.83349323,491927731.75204599,381.24399210783565,381.24399210783565,303.38162847553707,303.38162847553707,candidate,refined,strongest_peak,1,measured,quality_gated_measurement,false,pdv_channel_2,automatic
0.00074733641499115345,488281249.83349323,489736216.56564683,379.54556783837631,379.54556783837631,302.04113561586934,302.04113561586934,candidate,refined,strongest_peak,1,measured,quality_gated_measurement,false,pdv_channel_2,automatic
0.00074733961499115454,498046874.83016306,495317127.95792097,383.87077416738873,383.87077416738873,305.45473765577822,305.45473765577822,candidate,refined,strongest_peak,1,measured,quality_gated_measurement,false,pdv_channel_2,automatic
0.00074734281499115563,498046874.83016306,496513599.50651741,384.79803961755101,384.79803961755101,306.18652635999746,306.18652635999746,candidate,refined,strongest_peak,1,measured,quality_gated_measurement,false,pdv_channel_2,automatic
0.00074734601499115672,488281249.83349323,492599599.62121177,381.76468970643913,381.76468970643913,303.79258276470142,303.79258276470142,candidate,refined,strongest_peak,1,measured,quality_gated_measurement,false,pdv_channel_2,automatic
0.00074734921499115781,488281249.83349323,484346095.20290911,375.36822378225457,375.36822378225457,298.74392878796198,298.74392878796198,candidate,refined,strongest_peak,1,measured,quality_gated_measurement,false,pdv_channel_2,automatic
0.00074735241499115891,478515624.83682334,476446472.47272193,369.24601616635948,369.24601616635948,293.91108295951182,293.91108295951182,candidate,refined,strongest_peak,1,measured,quality_gated_measurement,false,pdv_channel_2,automatic
0.00074735561499116,468749999.84015346,471497692.05394489,365.41071134180726,365.41071134180726,290.8831748246393,290.8831748246393,candidate,refined,strongest_peak,1,measured,quality_gated_measurement,false,pdv_channel_2,automatic
0.00074735881499116109,449218749.84681374,448654351.16218179,347.70712215069091,347.70712215069091,276.90306916361925,276.90306916361925,candidate,refined,strongest_peak,1,measured,quality_gated_measurement,false,pdv_channel_2,automatic
0.00074736201499116218,546874999.81351244,543690659.70137131,421.36026126856274,421.36026126856274,335.02988608349045,335.02988608349045,candidate,refined,strongest_peak,1,measured,quality_gated_measurement,false,pdv_channel_2,automatic
0.00074736521499116327,527343749.82017267,527675934.47890484,408.94884922115125,408.94884922115125,325.24111334909622,325.24111334909622,candidate,refined,strongest_peak,1,measured,quality_gated_measurement,false,pdv_channel_2,automatic
0.00074736841499116436,507812499.82683295,503994895.62022132,390.59604410567152,390.59604410567152,310.7619275474803,310.7619275474803,candidate,refined,strongest_peak,1,measured,quality_gated_measurement,false,pdv_channel_2,automatic
0.00074737161499116545,498046874.83016306,501615647.9769538,388.75212718213919,388.75212718213919,309.30689120966559,309.30689120966559,candidate,refined,strongest_peak,1,measured,quality_gated_measurement,false,pdv_channel_2,automatic
0.00074737481499116654,507812499.82683295,504575109.19530255,391.0457096263595,391.0457096263595,311.11675042130054,311.11675042130054,candidate,refined,strongest_peak,1,measured,quality_gated_measurement,false,pdv_channel_2,automatic
0.00074737801499116764,507812499.82683295,509648173.79690641,394.97733469260248,394.97733469260248,314.21898207751178,314.21898207751178,candidate,refined,strongest_peak,1,measured,quality_gated_measurement,false,pdv_channel_2,automatic
0.00074738121499116873,507812499.82683295,511164981.9452247,396.15286100754912,396.15286100754912,315.14647671611675,315.14647671611675,candidate,refined,strongest_peak,1,measured,quality_gated_measurement,false,pdv_channel_2,automatic
0.00074738441499116982,507812499.82683295,503325290.7791515,390.07710035384241,390.07710035384241,310.35243431938801,310.35243431938801,candidate,refined,strongest_peak,1,measured,quality_gated_measurement,false,pdv_channel_2,automatic
0.00074738761499117091,498046874.83016306,497607352.65913826,385.64569831083213,385.64569831083213,306.8554775485598,306.8554775485598,candidate,refined,strongest_peak,1,measured,quality_gated_measurement,false,pdv_channel_2,automatic
0.000747390814991172,498046874.83016306,501428112.56052899,388.60678723440998,388.60678723440998,309.19220093654246,309.19220093654246,candidate,refined,strongest_peak,1,measured,quality_gated_measurement,false,pdv_channel_2,automatic
0.00074739401499117309,507812499.82683295,509731923.94458884,395.04224105705634,395.04224105705634,314.27019403047285,314.27019403047285,candidate,refined,strongest_peak,1,measured,quality_gated_measurement,false,pdv_channel_2,automatic
0.00074739721499117418,507812499.82683295,511840292.49542779,396.67622668395654,396.67622668395654,315.55940691861355,315.55940691861355,candidate,refined,strongest_peak,1,measured,quality_gated_measurement,false,pdv_channel_2,automatic
0.00074740041499117527,507812499.82683295,506475313.81163353,392.51836820401599,392.51836820401599,312.2787750869112,312.2787750869112,candidate,refined,strongest_peak,1,measured,quality_gated_measurement,false,pdv_channel_2,automatic
0.00074740361499117636,498046874.83016306,499743179.00640357,387.30096372996275,387.30096372996275,308.16173717205447,308.16173717205447,candidate,refined,strongest_peak,1,measured,quality_gated_measurement,false,pdv_channel_2,automatic
0.00074740681499117746,498046874.83016306,496446710.34529978,384.74620051760735,384.74620051760735,306.14561583796296,306.14561583796296,candidate,refined,strongest_peak,1,measured,quality_gated_measurement,false,pdv_channel_2,automatic
0.00074741001499117855,498046874.83016306,495524395.80827963,384.03140675141674,384.03140675141674,305.58150833628332,305.58150833628332,candidate,refined,strongest_peak,1,measured,quality_gated_measurement,false,pdv_channel_2,automatic
0.00074741321499117964,498046874.83016306,493411617.41034418,382.39400349301673,382.39400349301673,304.2892549343477,304.2892549343477,candidate,refined,strongest_peak,1,measured,quality_gated_measurement,false,pdv_channel_2,automatic
0.00074741641499118073,488281249.83349323,489918996.80313718,379.68722252243134,379.68722252243134,302.15293941195029,302.15293941195029,candidate,refined,strongest_peak,1,measured,quality_gated_measurement,false,pdv_channel_2,automatic
0.00074741961499118182,488281249.83349323,488289934.30882537,378.42469908933964,378.42469908933964,301.15645543401592,301.15645543401592,candidate,refined,strongest_peak,1,measured,quality_gated_measurement,false,pdv_channel_2,automatic
0.00074742281499118291,488281249.83349323,487575992.88577825,377.87139448647815,377.87139448647815,300.71973481747131,300.71973481747131,candidate,refined,strongest_peak,1,measured,quality_gated_measurement,false,pdv_channel_2,automatic
0.000747426014991184,488281249.83349323,489550828.40338284,379.40189201262172,379.40189201262172,301.92773624370227,301.92773624370227,candidate,refined,strongest_peak,1,measured,quality_gated_measurement,false,pdv_channel_2,automatic
0.00074742921499118509,498046874.83016306,501090311.86621445,388.34499169631619,388.34499169631619,308.98561265009795,308.98561265009795,candidate,refined,strongest_peak,1,measured,quality_gated_measurement,false,pdv_channel_2,automatic
0.00074743241499118619,517578124.82350278,515661431.69038439,399.63760956004791,399.63760956004791,317.89582394462963,317.89582394462963,candidate,refined,strongest_peak,1,measured,quality_gated_measurement,false,pdv_channel_2,automatic
0.00074743561499118728,517578124.82350278,517687363.47125101,401.20770669021954,401.20770669021954,319.13451245002614,319.13451245002614,candidate,refined,strongest_peak,1,measured,quality_gated_measurement,false,pdv_channel_2,automatic
0.00074743881499118837,507812499.82683295,508521259.17265069,394.10397585880429,394.10397585880429,313.52988405446405,313.52988405446405,candidate,refined,strongest_peak,1,measured,quality_gated_measurement,false,pdv_channel_2,automatic
0.00074744201499118946,498046874.83016306,496634126.94438452,384.89144838189799,384.89144838189799,306.26024282888613,306.26024282888613,candidate,refined,strongest_peak,1,measured,quality_gated_measurement,false,pdv_channel_2,automatic
0.00074744521499119055,488281249.83349323,488945026.49777514,378.93239553577575,378.93239553577575,301.55717314920406,301.55717314920406,candidate,refined,strongest_peak,1,measured,quality_gated_measurement,false,pdv_channel_2,automatic
0.00074744841499119164,478515624.83682334,nan,nan,nan,nan,nan,candidate,refined,strongest_peak,1,ambiguous_peak,ambiguous_peak,false,pdv_channel_2,automatic
0.00074745161499119273,458984374.84348363,nan,nan,nan,nan,nan,candidate,refined,strongest_peak,1,ambiguous_peak,ambiguous_peak,false,pdv_channel_2,automatic
0.00074745481499119382,458984374.84348363,nan,nan,nan,nan,nan,candidate,refined,strongest_peak,1,ambiguous_peak,ambiguous_peak,false,pdv_channel_2,automatic
0.00074745801499119492,488281249.83349323,nan,nan,nan,nan,nan,candidate,refined,strongest_peak,1,ambiguous_peak,ambiguous_peak,false,pdv_channel_2,automatic
0.00074746121499119601,517578124.82350278,nan,nan,nan,nan,nan,candidate,refined,strongest_peak,1,ambiguous_peak,ambiguous_peak,false,pdv_channel_2,automatic
0.0007474644149911971,517578124.82350278,nan,nan,nan,nan,nan,candidate,refined,strongest_peak,1,ambiguous_peak,ambiguous_peak,false,pdv_channel_2,automatic
0.00074746761499119819,498046874.83016306,502485851.77108681,389.42653512259227,389.42653512259227,309.8390736115976,309.8390736115976,candidate,refined,strongest_peak,1,measured,quality_gated_measurement,false,pdv_channel_2,automatic
0.00074747081499119928,498046874.83016306,494877526.61786425,383.53008312884481,383.53008312884481,305.18586402497488,305.18586402497488,candidate,refined,strongest_peak,1,measured,quality_gated_measurement,false,pdv_channel_2,automatic
0.00074747401499120037,498046874.83016306,496957724.50797921,385.14223649368387,385.14223649368387,306.45815944190684,306.45815944190684,candidate,refined,strongest_peak,1,measured,quality_gated_measurement,false,pdv_channel_2,automatic
0.00074747721499120146,498046874.83016306,501717633.15410316,388.83116569442996,388.83116569442996,309.36926172273377,309.36926172273377,candidate,refined,strongest_peak,1,measured,quality_gated_measurement,false,pdv_channel_2,automatic
0.00074748041499120255,507812499.82683295,505675985.08663654,391.89888844214329,391.89888844214329,311.78996909514649,311.78996909514649,candidate,refined,strongest_peak,1,measured,quality_gated_measurement,false,pdv_channel_2,automatic
0.00074748361499120365,507812499.82683295,509612941.09138757,394.95002934582539,394.95002934582539,314.19743778852029,314.19743778852029,candidate,refined,strongest_peak,1,measured,quality_gated_measurement,false,pdv_channel_2,automatic
0.00074748681499120474,517578124.82350278,515207104.82682127,399.2855062407865,399.2855062407865,317.61803544464698,317.61803544464698,candidate,refined,strongest_peak,1,measured,quality_gated_measurement,false,pdv_channel_2,automatic
0.00074749001499120583,517578124.82350278,519313347.60815048,402.46784439631659,402.46784439631659,320.12863752986289,320.12863752986289,candidate,refined,strongest_peak,1,measured,quality_gated_measurement,false,pdv_channel_2,automatic
0.00074749321499120692,517578124.82350278,515861933.55440474,399.79299850466367,399.79299850466367,318.01841590755794,318.01841590755794,candidate,refined,strongest_peak,1,measured,quality_gated_measurement,false,pdv_channel_2,automatic
0.00074749641499120801,507812499.82683295,506989054.32101792,392.91651709878886,392.91651709878886,312.592934658037,312.592934658037,candidate,refined,strongest_peak,1,measured,quality_gated_measurement,false,pdv_channel_2,automatic
0.0007474996149912091,507812499.82683295,507089325.09310549,392.99422694715673,392.99422694715673,312.65425134558643,312.65425134558643,candidate,refined,strongest_peak,1,measured,quality_gated_measurement,false,pdv_channel_2,automatic
0.00074750281499121019,527343749.82017267,524168272.91217411,406.2304115069349,406.2304115069349,323.09678245793668,323.09678245793668,candidate,refined,strongest_peak,1,measured,quality_gated_measurement,false,pdv_channel_2,automatic
0.00074750601499121128,527343749.82017267,530637644.58147073,411.2441745506398,411.2441745506398,327.05159791312161,327.05159791312161,candidate,refined,strongest_peak,1,measured,quality_gated_measurement,false,pdv_channel_2,automatic
0.00074750921499121238,517578124.82350278,522364303.33608615,404.83233508546675,404.83233508546675,321.99392000614159,321.99392000614159,candidate,refined,strongest_peak,1,measured,quality_gated_measurement,false,pdv_channel_2,automatic
0.00074751241499121347,507812499.82683295,509869058.09097016,395.14852002050185,395.14852002050185,314.35404934501531,314.35404934501531,candidate,refined,strongest_peak,1,measured,quality_gated_measurement,false,pdv_channel_2,automatic
0.00074751561499121456,507812499.82683295,505494755.57398868,391.7584355698412,391.7584355698412,311.67914263176522,311.67914263176522,candidate,refined,strongest_peak,1,measured,quality_gated_measurement,false,pdv_channel_2,automatic
0.00074751881499121565,507812499.82683295,504072365.16186875,390.65608300044829,390.65608300044829,310.80930333969479,310.80930333969479,candidate,refined,strongest_peak,1,measured,quality_gated_measurement,false,pdv_channel_2,automatic
0.00074752201499121674,507812499.82683295,504810869.03511798,391.22842350221646,391.22842350221646,311.26092565731221,311.26092565731221,candidate,refined,strongest_peak,1,measured,quality_gated_measurement,false,pdv_channel_2,automatic
0.00074752521499121783,507812499.82683295,506322030.59029526,392.39957370747879,392.39957370747879,312.1850397279922,312.1850397279922,candidate,refined,strongest_peak,1,measured,quality_gated_measurement,false,pdv_channel_2,automatic
0.00074752841499121892,507812499.82683295,506717944.02699822,392.70640662092364,392.70640662092364,312.42714721294436,312.42714721294436,candidate,refined,strongest_peak,1,measured,quality_gated_measurement,false,pdv_channel_2,automatic
0.00074753161499122001,507812499.82683295,506278179.95357406,392.36558946401988,392.36558946401988,312.15822425727771,312.15822425727771,candidate,refined,strongest_peak,1,measured,quality_gated_measurement,false,pdv_channel_2,automatic
0.0007475348149912211,507812499.82683295,508248753.04221731,393.8927836077184,393.8927836077184,313.36324715998643,313.36324715998643,candidate,refined,strongest_peak,1,measured,quality_gated_measurement,false,pdv_channel_2,automatic
0.0007475380149912222,517578124.82350278,514530685.9297384,398.76128159554725,398.76128159554725,317.20444977115886,317.20444977115886,candidate,refined,strongest_peak,1,measured,quality_gated_measurement,false,pdv_channel_2,automatic
0.00074754121499122329,517578124.82350278,519921688.20161641,402.9393083562527,402.9393083562527,320.50056979678141,320.50056979678141,candidate,refined,strongest_peak,1,measured,quality_gated_measurement,false,pdv_channel_2,automatic
0.00074754441499122438,527343749.82017267,523294993.3179965,405.55361982144728,405.55361982144728,322.56290413541052,322.56290413541052,candidate,refined,strongest_peak,1,measured,quality_gated_measurement,false,pdv_channel_2,automatic
0.00074754761499122547,527343749.82017267,524402064.20162594,406.4115997562601,406.4115997562601,323.23970921472272,323.23970921472272,candidate,refined,strongest_peak,1,measured,quality_gated_measurement,false,pdv_channel_2,automatic
0.00074755081499122656,517578124.82350278,519260046.16960281,402.42653578144217,402.42653578144217,320.09604948855429,320.09604948855429,candidate,refined,strongest_peak,1,measured,quality_gated_measurement,false,pdv_channel_2,automatic
0.00074755401499122765,507812499.82683295,511121552.77026248,396.11920339695342,396.11920339695342,315.11992105021244,315.11992105021244,candidate,refined,strongest_peak,1,measured,quality_gated_measurement,false,pdv_channel_2,automatic
0.00074755721499122874,507812499.82683295,506489264.41532743,392.52917992187878,392.52917992187878,312.28730611243708,312.28730611243708,candidate,refined,strongest_peak,1,measured,quality_gated_measurement,false,pdv_channel_2,automatic
0.00074756041499122983,507812499.82683295,505315728.98922729,391.61968996665115,391.61968996665115,311.56966299500363,311.56966299500363,candidate,refined,strongest_peak,1,measured,quality_gated_measurement,false,pdv_channel_2,automatic
0.00074756361499123093,507812499.82683295,503762614.56123137,390.41602628495428,390.41602628495428,310.6198778246561,310.6198778246561,candidate,refined,strongest_peak,1,measured,quality_gated_measurement,false,pdv_channel_2,automatic
0.00074756681499123202,498046874.83016306,501424163.58655918,388.60372677958338,388.60372677958338,309.18978587478603,309.18978587478603,candidate,refined,strongest_peak,1,measured,quality_gated_measurement,false,pdv_channel_2,automatic
0.00074757001499123311,498046874.83016306,500794333.00546503,388.11560807923541,388.11560807923541,308.80460034381849,308.80460034381849,candidate,refined,strongest_peak,1,measured,quality_gated_measurement,false,pdv_channel_2,automatic
0.0007475732149912342,498046874.83016306,502591920.55955493,389.50873843365508,389.50873843365508,309.90394059231636,309.90394059231636,candidate,refined,strongest_peak,1,measured,quality_gated_measurement,false,pdv_channel_2,automatic
0.00074757641499123529,507812499.82683295,503473750.08751601,390.19215631782492,390.19215631782492,310.44322419370013,310.44322419370013,candidate,refined,strongest_peak,1,measured,quality_gated_measurement,false,pdv_channel_2,automatic
0.00074757961499123638,507812499.82683295,503304937.45071048,390.06132652430063,390.06132652430063,310.33998728125903,310.33998728125903,candidate,refined,strongest_peak,1,measured,quality_gated_measurement,false,pdv_channel_2,automatic
0.00074758281499123747,507812499.82683295,504425740.56115383,390.92994893489424,390.92994893489424,311.02540608764696,311.02540608764696,candidate,refined,strongest_peak,1,measured,quality_gated_measurement,false,pdv_channel_2,automatic
0.00074758601499123856,507812499.82683295,504940858.04697984,391.32916498640935,391.32916498640935,311.34041816461598,311.34041816461598,candidate,refined,strongest_peak,1,measured,quality_gated_measurement,false,pdv_channel_2,automatic
0.00074758921499123966,507812499.82683295,504563481.03989089,391.03669780591542,391.03669780591542,311.10963939076316,311.10963939076316,candidate,refined,strongest_peak,1,measured,quality_gated_measurement,false,pdv_channel_2,automatic
0.00074759241499124075,507812499.82683295,503772958.31451178,390.42404269374663,390.42404269374663,310.62620348007738,310.62620348007738,candidate,refined,strongest_peak,1,measured,quality_gated_measurement,false,pdv_channel_2,automatic
0.00074759561499124184,507812499.82683295,503678560.86772084,390.35088467248363,390.35088467248363,310.56847529250678,310.56847529250678,candidate,refined,strongest_peak,1,measured,quality_gated_measurement,false,pdv_channel_2,automatic
0.00074759881499124293,507812499.82683295,504523782.25953209,391.00593125113738,391.00593125113738,311.08536216473908,311.08536216473908,candidate,refined,strongest_peak,1,measured,quality_gated_measurement,false,pdv_channel_2,automatic
0.00074760201499124402,507812499.82683295,504957476.54302132,391.34204432084152,391.34204432084152,311.35058090319149,311.35058090319149,candidate,refined,strongest_peak,1,measured,quality_gated_measurement,false,pdv_channel_2,automatic
0.00074760521499124511,507812499.82683295,505307963.11404216,391.61367141338269,391.61367141338269,311.56491394343703,311.56491394343703,candidate,refined,strongest_peak,1,measured,quality_gated_measurement,false,pdv_channel_2,automatic
0.0007476084149912462,507812499.82683295,505688661.19854808,391.90871242887476,391.90871242887476,311.79772084828619,311.79772084828619,candidate,refined,strongest_peak,1,measured,quality_gated_measurement,false,pdv_channel_2,automatic
0.00074761161499124729,507812499.82683295,504187046.18386775,390.74496079249752,390.74496079249752,310.87943536400297,310.87943536400297,candidate,refined,strongest_peak,1,measured,quality_gated_measurement,false,pdv_channel_2,automatic
0.00074761481499124839,498046874.83016306,499552996.67874819,387.15357242602983,387.15357242602983,308.04542456809622,308.04542456809622,candidate,refined,strongest_peak,1,measured,quality_gated_measurement,false,pdv_channel_2,automatic
0.00074761801499124948,498046874.83016306,nan,nan,nan,nan,nan,candidate,refined,strongest_peak,1,ambiguous_peak,ambiguous_peak,false,pdv_channel_2,automatic
0.00074762121499125057,507812499.82683295,nan,nan,nan,nan,nan,candidate,refined,strongest_peak,1,ambiguous_peak,ambiguous_peak,false,pdv_channel_2,automatic
0.00074762441499125166,527343749.82017267,nan,nan,nan,nan,nan,candidate,refined,strongest_peak,1,ambiguous_peak,ambiguous_peak,false,pdv_channel_2,automatic
0.00074762761499125275,517578124.82350278,519524675.9887507,402.63162389128178,402.63162389128178,320.25784161510916,320.25784161510916,candidate,refined,strongest_peak,1,measured,quality_gated_measurement,false,pdv_channel_2,automatic
0.00074763081499125384,507812499.82683295,507024561.3489238,392.94403504541594,392.94403504541594,312.61464761018414,312.61464761018414,candidate,refined,strongest_peak,1,measured,quality_gated_measurement,false,pdv_channel_2,automatic
0.00074763401499125493,498046874.83016306,501272388.13761854,388.48610080665435,388.48610080665435,309.09696491625806,309.09696491625806,candidate,refined,strongest_peak,1,measured,quality_gated_measurement,false,pdv_channel_2,automatic
0.00074763721499125602,498046874.83016306,499870336.98234302,387.39951116131584,387.39951116131584,308.23950484358295,308.23950484358295,candidate,refined,strongest_peak,1,measured,quality_gated_measurement,false,pdv_channel_2,automatic
0.00074764041499125712,498046874.83016306,502859583.74462378,389.71617740208342,389.71617740208342,310.06763106136691,310.06763106136691,candidate,refined,strongest_peak,1,measured,quality_gated_measurement,false,pdv_channel_2,automatic
0.00074764361499125821,507812499.82683295,506557942.86187738,392.58240571795494,392.58240571795494,312.32930409342561,312.32930409342561,candidate,refined,strongest_peak,1,measured,quality_gated_measurement,false,pdv_channel_2,automatic
0.0007476468149912593,507812499.82683295,508223564.41307253,393.8732624201312,393.8732624201312,313.34784433213662,313.34784433213662,candidate,refined,strongest_peak,1,measured,quality_gated_measurement,false,pdv_channel_2,automatic
0.00074765001499126039,507812499.82683295,507823841.12303054,393.56347687034867,393.56347687034867,313.10341300167323,313.10341300167323,candidate,refined,strongest_peak,1,measured,quality_gated_measurement,false,pdv_channel_2,automatic
0.00074765321499126148,507812499.82683295,505960545.6243152,392.1194228588443,392.1194228588443,311.96398445530593,311.96398445530593,candidate,refined,strongest_peak,1,measured,quality_gated_measurement,false,pdv_channel_2,automatic
0.00074765641499126257,507812499.82683295,506002987.02986169,392.15231494814282,392.15231494814282,311.98993828909749,311.98993828909749,candidate,refined,strongest_peak,1,measured,quality_gated_measurement,false,pdv_channel_2,automatic
0.00074765961499126366,507812499.82683295,507575384.69193131,393.37092313624674,393.37092313624674,312.95148076426756,312.95148076426756,candidate,refined,strongest_peak,1,measured,quality_gated_measurement,false,pdv_channel_2,automatic
0.00074766281499126475,507812499.82683295,508661683.42996186,394.21280465822042,394.21280465822042,313.61575289051137,313.61575289051137,candidate,refined,strongest_peak,1,measured,quality_gated_measurement,false,pdv_channel_2,automatic
0.00074766601499126584,507812499.82683295,508039762.68141484,393.7308160780965,393.7308160780965,313.23544952142299,313.23544952142299,candidate,refined,strongest_peak,1,measured,quality_gated_measurement,false,pdv_channel_2,automatic
0.00074766921499126694,507812499.82683295,506036824.31806391,392.17853884649952,392.17853884649952,312.01063050698843,312.01063050698843,candidate,refined,strongest_peak,1,measured,quality_gated_measurement,false,pdv_channel_2,automatic
0.00074767241499126803,507812499.82683295,508158308.06731331,393.82268875216783,393.82268875216783,313.30794009648065,313.30794009648065,candidate,refined,strongest_peak,1,measured,quality_gated_measurement,false,pdv_channel_2,automatic
0.00074767561499126912,517578124.82350278,516253167.19897258,400.09620457920374,400.09620457920374,318.25762502985987,318.25762502985987,candidate,refined,strongest_peak,1,measured,quality_gated_measurement,false,pdv_channel_2,automatic
0.00074767881499127021,517578124.82350278,519894056.88075656,402.91789408258632,402.91789408258632,320.48367641035514,320.48367641035514,candidate,refined,strongest_peak,1,measured,quality_gated_measurement,false,pdv_channel_2,automatic
0.0007476820149912713,517578124.82350278,516419142.9554767,400.22483579049447,400.22483579049447,318.35910592207546,318.35910592207546,candidate,refined,strongest_peak,1,measured,quality_gated_measurement,false,pdv_channel_2,automatic
0.00074768521499127239,507812499.82683295,511047607.06063032,396.06189547198852,396.06189547198852,315.07470537640182,315.07470537640182,candidate,refined,strongest_peak,1,measured,quality_gated_measurement,false,pdv_channel_2,automatic
0.00074768841499127348,507812499.82683295,507276497.58497036,393.13928562835201,393.13928562835201,312.7687091311517,312.7687091311517,candidate,refined,strongest_peak,1,measured,quality_gated_measurement,false,pdv_channel_2,automatic
0.00074769161499127457,507812499.82683295,506302812.94514877,392.38468003249028,392.38468003249028,312.17328778694042,312.17328778694042,candidate,refined,strongest_peak,1,measured,quality_gated_measurement,false,pdv_channel_2,automatic
0.00074769481499127567,507812499.82683295,508007765.92173868,393.70601858934748,393.70601858934748,313.21588345979097,313.21588345979097,candidate,refined,strongest_peak,1,measured,quality_gated_measurement,false,pdv_channel_2,automatic
0.00074769801499127676,507812499.82683295,511439917.23589373,396.36593585781765,396.36593585781765,315.31459114817079,315.31459114817079,candidate,refined,strongest_peak,1,measured,quality_gated_measurement,false,pdv_channel_2,automatic
0.00074770121499127785,507812499.82683295,512626626.71204531,397.28563570183513,397.28563570183513,316.04021881444618,316.04021881444618,candidate,refined,strongest_peak,1,measured,quality_gated_measurement,false,pdv_channel_2,automatic
0.00074770441499127894,507812499.82683295,510432130.20098174,395.58490090576083,395.58490090576083,314.69835690341978,314.69835690341978,candidate,refined,strongest_peak,1,measured,quality_gated_measurement,false,pdv_channel_2,automatic
0.00074770761499128003,507812499.82683295,509216874.32517397,394.64307760200984,394.64307760200984,313.95524785840814,313.95524785840814,candidate,refined,strongest_peak,1,measured,quality_gated_measurement,false,pdv_channel_2,automatic
0.00074771081499128112,507812499.82683295,510526794.35797006,395.65826562742677,395.65826562742677,314.75624187397779,314.75624187397779,candidate,refined,strongest_peak,1,measured,quality_gated_measurement,false,pdv_channel_2,automatic
0.00074771401499128221,507812499.82683295,511436641.77263618,396.36339737379302,396.36339737379302,315.31258830799521,315.31258830799521,candidate,refined,strongest_peak,1,measured,quality_gated_measurement,false,pdv_channel_2,automatic
0.0007477172149912833,507812499.82683295,511468951.10382307,396.38843710546286,396.38843710546286,315.33234441771089,315.33234441771089,candidate,refined,strongest_peak,1,measured,quality_gated_measurement,false,pdv_channel_2,automatic
0.0007477204149912844,507812499.82683295,510841521.05987835,395.9021788214057,395.9021788214057,314.94868943349127,314.94868943349127,candidate,refined,strongest_peak,1,measured,quality_gated_measurement,false,pdv_channel_2,automatic
0.00074772361499128549,507812499.82683295,510211167.94248712,395.41365515542753,395.41365515542753,314.56324318494643,314.56324318494643,candidate,refined,strongest_peak,1,measured,quality_gated_measurement,false,pdv_channel_2,automatic
0.00074772681499128658,507812499.82683295,510297178.98056501,395.48031370993789,395.48031370993789,314.61583716123829,314.61583716123829,candidate,refined,strongest_peak,1,measured,quality_gated_measurement,false,pdv_channel_2,automatic
0.00074773001499128767,507812499.82683295,510971287.02395803,396.00274744356744,396.00274744356744,315.02803781366254,315.02803781366254,candidate,refined,strongest_peak,1,measured,quality_gated_measurement,false,pdv_channel_2,automatic
0.00074773321499128876,507812499.82683295,511684699.0366227,396.55564175338259,396.55564175338259,315.46426702954778,315.46426702954778,candidate,refined,strongest_peak,1,measured,quality_gated_measurement,false,pdv_channel_2,automatic
0.00074773641499128985,507812499.82683295,512633563.02167249,397.29101134179615,397.29101134179615,316.04446006319398,316.04446006319398,candidate,refined,strongest_peak,1,measured,quality_gated_measurement,false,pdv_channel_2,automatic
0.00074773961499129094,507812499.82683295,512550650.82975888,397.22675439306312,397.22675439306312,315.99376286789419,315.99376286789419,candidate,refined,strongest_peak,1,measured,quality_gated_measurement,false,pdv_channel_2,automatic
0.00074774281499129203,507812499.82683295,512667574.66511017,397.31737036546036,397.31737036546036,316.06525668281665,316.06525668281665,candidate,refined,strongest_peak,1,measured,quality_gated_measurement,false,pdv_channel_2,automatic
0.00074774601499129313,517578124.82350278,513706380.34961879,398.12244477095459,398.12244477095459,316.70043508843037,316.70043508843037,candidate,refined,strongest_peak,1,measured,quality_gated_measurement,false,pdv_channel_2,automatic
0.00074774921499129422,517578124.82350278,514244595.40709531,398.53956144049886,398.53956144049886,317.02952288891231,317.02952288891231,candidate,refined,strongest_peak,1,measured,quality_gated_measurement,false,pdv_channel_2,automatic
0.00074775241499129531,517578124.82350278,514544851.77553684,398.77226012604103,398.77226012604103,317.21311129998975,317.21311129998975,candidate,refined,strongest_peak,1,measured,quality_gated_measurement,false,pdv_channel_2,automatic
0.0007477556149912964,517578124.82350278,514315948.66912383,398.59486021857094,398.59486021857094,317.07315112557632,317.07315112557632,candidate,refined,strongest_peak,1,measured,quality_gated_measurement,false,pdv_channel_2,automatic
0.00074775881499129749,517578124.82350278,513088706.13895607,397.64374725769096,397.64374725769096,316.32275906483795,316.32275906483795,candidate,refined,strongest_peak,1,measured,quality_gated_measurement,false,pdv_channel_2,automatic
0.00074776201499129858,507812499.82683295,512359122.87814987,397.07832023056613,397.07832023056613,315.87665160763487,315.87665160763487,candidate,refined,strongest_peak,1,measured,quality_gated_measurement,false,pdv_channel_2,automatic
0.00074776521499129967,507812499.82683295,511804998.51633227,396.64887385015749,396.64887385015749,315.53782592127948,315.53782592127948,candidate,refined,strongest_peak,1,measured,quality_gated_measurement,false,pdv_channel_2,automatic
0.00074776841499130076,507812499.82683295,511067154.49256676,396.07704473173925,396.07704473173925,315.08665807381158,315.08665807381158,candidate,refined,strongest_peak,1,measured,quality_gated_measurement,false,pdv_channel_2,automatic
0.00074777161499130186,507812499.82683295,510545867.36561882,395.6730472083546,395.6730472083546,314.76790457201298,314.76790457201298,candidate,refined,strongest_peak,1,measured,quality_gated_measurement,false,pdv_channel_2,automatic
0.00074777481499130295,507812499.82683295,509330939.2931422,394.73147795218517,394.73147795218517,314.02499733420672,314.02499733420672,candidate,refined,strongest_peak,1,measured,quality_gated_measurement,false,pdv_channel_2,automatic
0.00074777801499130404,507812499.82683295,511133869.58230722,396.1287489262881,396.1287489262881,315.12745242117626,315.12745242117626,candidate,refined,strongest_peak,1,measured,quality_gated_measurement,false,pdv_channel_2,automatic
0.00074778121499130513,517578124.82350278,515007674.95060712,399.13094808672054,399.13094808672054,317.49609765320105,317.49609765320105,candidate,refined,strongest_peak,1,measured,quality_gated_measurement,false,pdv_channel_2,automatic
0.00074778441499130622,507812499.82683295,512689867.84549534,397.33464758025889,397.33464758025889,316.07888797307561,316.07888797307561,candidate,refined,strongest_peak,1,measured,quality_gated_measurement,false,pdv_channel_2,automatic
0.00074778761499130731,507812499.82683295,506652529.31988722,392.6557102229126,392.6557102229126,312.38714516607047,312.38714516607047,candidate,refined,strongest_peak,1,measured,quality_gated_measurement,false,pdv_channel_2,automatic
0.0007477908149913084,507812499.82683295,504259312.43526697,390.8009671373319,390.8009671373319,310.92362899522811,310.92362899522811,candidate,refined,strongest_peak,1,measured,quality_gated_measurement,false,pdv_channel_2,automatic
0.00074779401499130949,507812499.82683295,507723048.42782539,393.48536253156465,393.48536253156465,313.04177788372522,313.04177788372522,candidate,refined,strongest_peak,1,measured,quality_gated_measurement,false,pdv_channel_2,automatic
0.00074779721499131058,517578124.82350278,514249915.45873839,398.54368448052224,398.54368448052224,317.03277578286185,317.03277578286185,candidate,refined,strongest_peak,1,measured,quality_gated_measurement,false,pdv_channel_2,automatic
0.00074780041499131168,517578124.82350278,517855763.75800002,401.33821691245004,401.33821691245004,319.23747340459516,319.23747340459516,candidate,refined,strongest_peak,1,measured,quality_gated_measurement,false,pdv_channel_2,automatic
0.00074780361499131277,517578124.82350278,520527902.06456512,403.40912410003796,403.40912410003796,320.87119825592987,320.87119825592987,candidate,refined,strongest_peak,1,measured,quality_gated_measurement,false,pdv_channel_2,automatic
0.00074780681499131386,527343749.82017267,523606385.41855103,405.79494869937702,405.79494869937702,322.75327412083487,322.75327412083487,candidate,refined,strongest_peak,1,measured,quality_gated_measurement,false,pdv_channel_2,automatic
0.00074781001499131495,517578124.82350278,516399490.84979385,400.20960540859022,400.20960540859022,318.34709024615063,318.34709024615063,candidate,refined,strongest_peak,1,measured,quality_gated_measurement,false,pdv_channel_2,automatic
0.00074781321499131604,507812499.82683295,506292090.98420614,392.37637051275976,392.37637051275976,312.16673111037852,312.16673111037852,candidate,refined,strongest_peak,1,measured,quality_gated_measurement,false,pdv_channel_2,automatic
0.00074781641499131713,507812499.82683295,503451045.65074414,390.17456037932669,390.17456037932669,310.42933937319026,310.42933937319026,candidate,refined,strongest_peak,1,measured,quality_gated_measurement,false,pdv_channel_2,automatic
0.00074781961499131822,507812499.82683295,504667588.27751362,391.11738091507306,391.11738091507306,311.17330462083748,311.17330462083748,candidate,refined,strongest_peak,1,measured,quality_gated_measurement,false,pdv_channel_2,automatic
0.00074782281499131931,507812499.82683295,508228788.60365206,393.87731116783033,393.87731116783033,313.35103892127631,313.35103892127631,candidate,refined,strongest_peak,1,measured,quality_gated_measurement,false,pdv_channel_2,automatic
0.00074782601499132041,507812499.82683295,512635476.87290025,397.29249457649769,397.29249457649769,316.04563029909536,316.04563029909536,candidate,refined,strongest_peak,1,measured,quality_gated_measurement,false,pdv_channel_2,automatic
0.0007478292149913215,507812499.82683295,507685152.8693347,393.4559934737344,393.4559934737344,313.01860457906992,313.01860457906992,candidate,refined,strongest_peak,1,measured,quality_gated_measurement,false,pdv_channel_2,automatic
0.00074783241499132259,498046874.83016306,499055967.83943069,386.76837507555877,386.76837507555877,307.74144761405211,307.74144761405211,candidate,refined,strongest_peak,1,measured,quality_gated_measurement,false,pdv_channel_2,automatic
0.00074783561499132368,498046874.83016306,497066599.60183787,385.22661469142434,385.22661469142434,306.5247486729408,306.5247486729408,candidate,refined,strongest_peak,1,measured,quality_gated_measurement,false,pdv_channel_2,automatic
0.00074783881499132477,498046874.83016306,501709350.59517264,388.8247467112588,388.8247467112588,309.3641964076669,309.3641964076669,candidate,refined,strongest_peak,1,measured,quality_gated_measurement,false,pdv_channel_2,automatic
0.00074784201499132586,507812499.82683295,505552453.76058125,391.80315166445047,391.80315166445047,311.71442657793961,311.71442657793961,candidate,refined,strongest_peak,1,measured,quality_gated_measurement,false,pdv_channel_2,automatic
0.00074784521499132695,507812499.82683295,504017654.26600218,390.61368205615167,390.61368205615167,310.77584539610206,310.77584539610206,candidate,refined,strongest_peak,1,measured,quality_gated_measurement,false,pdv_channel_2,automatic
0.00074784841499132804,498046874.83016306,502238145.12278587,389.23456247015906,389.23456247015906,309.68758674163632,309.68758674163632,candidate,refined,strongest_peak,1,measured,quality_gated_measurement,false,pdv_channel_2,automatic
0.00074785161499132914,498046874.83016306,501049969.36609852,388.31372625872638,388.31372625872638,308.96094036880447,308.96094036880447,candidate,refined,strongest_peak,1,measured,quality_gated_measurement,false,pdv_channel_2,automatic
0.00074785481499133023,498046874.83016306,499825757.20611948,387.36496183474259,387.36496183474259,308.21224062346528,308.21224062346528,candidate,refined,strongest_peak,1,measured,quality_gated_measurement,false,pdv_channel_2,automatic
0.00074785801499133132,498046874.83016306,497930148.34886962,385.89586497037396,385.89586497037396,307.05290055777226,307.05290055777226,candidate,refined,strongest_peak,1,measured,quality_gated_measurement,false,pdv_channel_2,automatic
0.00074786121499133241,498046874.83016306,496224443.61212313,384.57394379939541,384.57394379939541,306.00967348741528,306.00967348741528,candidate,refined,strongest_peak,1,measured,quality_gated_measurement,false,pdv_channel_2,automatic
0.0007478644149913335,498046874.83016306,495946420.77692169,384.35847610211431,384.35847610211431,305.83962899439325,305.83962899439325,candidate,refined,strongest_peak,1,measured,quality_gated_measurement,false,pdv_channel_2,automatic
0.00074786761499133459,498046874.83016306,498449767.22053838,386.29856959591723,386.29856959591723,307.3706991315068,307.3706991315068,candidate,refined,strongest_peak,1,measured,quality_gated_measurement,false,pdv_channel_2,automatic
0.00074787081499133568,507812499.82683295,504343129.93607694,390.86592570045963,390.86592570045963,310.97488660093501,310.97488660093501,candidate,refined,strongest_peak,1,measured,quality_gated_measurement,false,pdv_channel_2,automatic
0.00074787401499133677,507812499.82683295,510742869.29457086,395.8257237032924,395.8257237032924,314.88836643443642,314.88836643443642,candidate,refined,strongest_peak,1,measured,quality_gated_measurement,false,pdv_channel_2,automatic
0.00074787721499133787,507812499.82683295,509538828.12385201,394.89259179598531,394.89259179598531,314.15211874271336,314.15211874271336,candidate,refined,strongest_peak,1,measured,quality_gated_measurement,false,pdv_channel_2,automatic
0.00074788041499133896,507812499.82683295,503340762.01898271,390.08909056471157,390.08909056471157,310.36189572303243,310.36189572303243,candidate,refined,strongest_peak,1,measured,quality_gated_measurement,false,pdv_channel_2,automatic
0.00074788361499134005,498046874.83016306,497279341.39506483,385.39148958117522,385.39148958117522,306.65486359950171,306.65486359950171,candidate,refined,strongest_peak,1,measured,quality_gated_measurement,false,pdv_channel_2,automatic
0.00074788681499134114,498046874.83016306,496773346.28870231,384.9993433737443,384.9993433737443,306.34539137795508,306.34539137795508,candidate,refined,strongest_peak,1,measured,quality_gated_measurement,false,pdv_channel_2,automatic
0.00074789001499134223,498046874.83016306,497062772.95188671,385.22364903771222,385.22364903771222,306.52240825285168,306.52240825285168,candidate,refined,strongest_peak,1,measured,quality_gated_measurement,false,pdv_channel_2,automatic
0.00074789321499134332,488281249.83349323,491204206.70878649,380.68326019930953,380.68326019930953,302.93907244384843,302.93907244384843,candidate,refined,strongest_peak,1,measured,quality_gated_measurement,false,pdv_channel_2,automatic
0.00074789641499134441,478515624.83682334,482178097.01486188,373.68802518651796,373.68802518651796,297.41765164111519,297.41765164111519,candidate,refined,strongest_peak,1,measured,quality_gated_measurement,false,pdv_channel_2,automatic
0.0007478996149913455,478515624.83682334,483184842.47763342,374.46825292016587,374.46825292016587,298.03353622200268,298.03353622200268,candidate,refined,strongest_peak,1,measured,quality_gated_measurement,false,pdv_channel_2,automatic
0.0007479028149913466,498046874.83016306,493302275.85201931,382.30926378531495,382.30926378531495,304.22237636044957,304.22237636044957,candidate,refined,strongest_peak,1,measured,quality_gated_measurement,false,pdv_channel_2,automatic
0.00074790601499134769,498046874.83016306,502002166.65447271,389.05167915721637,389.05167915721637,309.54327175881889,309.54327175881889,candidate,refined,strongest_peak,1,measured,quality_gated_measurement,false,pdv_channel_2,automatic
0.00074790921499134878,498046874.83016306,501616445.13938034,388.75274498301974,388.75274498301974,309.30737872630334,309.30737872630334,candidate,refined,strongest_peak,1,measured,quality_gated_measurement,false,pdv_channel_2,automatic
0.00074791241499134987,498046874.83016306,495231077.17649013,383.80408481177983,383.80408481177983,305.40210651889521,305.40210651889521,candidate,refined,strongest_peak,1,measured,quality_gated_measurement,false,pdv_channel_2,automatic
0.00074791561499135096,488281249.83349323,492989222.16749275,382.06664717980686,382.06664717980686,304.03089694670166,304.03089694670166,candidate,refined,strongest_peak,1,measured,quality_gated_measurement,false,pdv_channel_2,automatic
0.00074791881499135205,498046874.83016306,496797956.81165493,385.01841652903255,385.01841652903255,306.36044350665054,306.36044350665054,candidate,refined,strongest_peak,1,measured,quality_gated_measurement,false,pdv_channel_2,automatic
0.00074792201499135314,498046874.83016306,501501305.56919116,388.66351181612316,388.66351181612316,309.23696332948782,309.23696332948782,candidate,refined,strongest_peak,1,measured,quality_gated_measurement,false,pdv_channel_2,automatic
0.00074792521499135423,507812499.82683295,504161545.38827574,390.72519767591371,390.72519767591371,310.86384062053042,310.86384062053042,candidate,refined,strongest_peak,1,measured,quality_gated_measurement,false,pdv_channel_2,automatic
0.00074792841499135532,507812499.82683295,506617758.12413299,392.62876254620306,392.62876254620306,312.3658820558083,312.3658820558083,candidate,refined,strongest_peak,1,measured,quality_gated_measurement,false,pdv_channel_2,automatic
0.00074793161499135642,507812499.82683295,508227183.06706637,393.87606687697644,393.87606687697644,313.35005713672768,313.35005713672768,candidate,refined,strongest_peak,1,measured,quality_gated_measurement,false,pdv_channel_2,automatic
0.00074793481499135751,507812499.82683295,506561933.80749774,392.58549870081072,392.58549870081072,312.33174461979343,312.33174461979343,candidate,refined,strongest_peak,1,measured,quality_gated_measurement,false,pdv_channel_2,automatic
0.0007479380149913586,498046874.83016306,502583252.14066184,389.50202040901291,389.50202040901291,309.89863937484688,309.89863937484688,candidate,refined,strongest_peak,1,measured,quality_gated_measurement,false,pdv_channel_2,automatic
0.00074794121499135969,498046874.83016306,499573898.43194765,387.16977128475941,387.16977128475941,308.05820777855064,308.05820777855064,candidate,refined,strongest_peak,1,measured,quality_gated_measurement,false,pdv_channel_2,automatic
0.00074794441499136078,498046874.83016306,500093194.33069789,387.57222560629089,387.57222560629089,308.37580024451591,308.37580024451591,candidate,refined,strongest_peak,1,measured,quality_gated_measurement,false,pdv_channel_2,automatic
0.00074794761499136187,498046874.83016306,502121151.39900696,389.14389233423037,389.14389233423037,309.61603813402849,309.61603813402849,candidate,refined,strongest_peak,1,measured,quality_gated_measurement,false,pdv_channel_2,automatic
0.00074795081499136296,507812499.82683295,503762979.10743046,390.41630880825858,390.41630880825858,310.62010076054452,310.62010076054452,candidate,refined,strongest_peak,1,measured,quality_gated_measurement,false,pdv_channel_2,automatic
0.00074795401499136405,507812499.82683295,506183771.19888055,392.29242267913241,392.29242267913241,312.10049150307736,312.10049150307736,candidate,refined,strongest_peak,1,measured,quality_gated_measurement,false,pdv_channel_2,automatic
0.00074795721499136515,507812499.82683295,509564321.48358291,394.91234914977673,394.91234914977673,314.16770758266659,314.16770758266659,candidate,refined,strongest_peak,1,measured,quality_gated_measurement,false,pdv_channel_2,automatic
0.00074796041499136624,517578124.82350278,513001198.03624803,397.57592847809224,397.57592847809224,316.26925205764337,316.26925205764337,candidate,refined,strongest_peak,1,measured,quality_gated_measurement,false,pdv_channel_2,automatic
0.00074796361499136733,517578124.82350278,513422317.73553437,397.90229624503911,397.90229624503911,316.52674586705223,316.52674586705223,candidate,refined,strongest_peak,1,measured,quality_gated_measurement,false,pdv_channel_2,automatic
0.00074796681499136842,507812499.82683295,510132342.36111152,395.35256532986142,395.35256532986142,314.51504290342234,314.51504290342234,candidate,refined,strongest_peak,1,measured,quality_gated_measurement,false,pdv_channel_2,automatic
0.00074797001499136951,507812499.82683295,507480951.4161455,393.29773734751274,393.29773734751274,312.89373422678869,312.89373422678869,candidate,refined,strongest_peak,1,measured,quality_gated_measurement,false,pdv_channel_2,automatic
0.0007479732149913706,507812499.82683295,504821490.07783568,391.23665481032265,391.23665481032265,311.26742077657019,311.26742077657019,candidate,refined,strongest_peak,1,measured,quality_gated_measurement,false,pdv_channel_2,automatic
0.00074797641499137169,498046874.83016306,501821609.54790497,388.91174739962634,388.91174739962634,309.43284988617739,309.43284988617739,candidate,refined,strongest_peak,1,measured,quality_gated_measurement,false,pdv_channel_2,automatic
0.00074797961499137278,498046874.83016306,501245756.07180834,388.46546095565145,388.46546095565145,309.08067758190799,309.08067758190799,candidate,refined,strongest_peak,1,measured,quality_gated_measurement,false,pdv_channel_2,automatic
0.00074798281499137388,507812499.82683295,508015872.69569004,393.71230133915975,393.71230133915975,313.22084076393531,313.22084076393531,candidate,refined,strongest_peak,1,measured,quality_gated_measurement,false,pdv_channel_2,automatic
0.00074798601499137497,517578124.82350278,519403921.18360281,402.53803891729217,402.53803891729217,320.18401337235565,320.18401337235565,candidate,refined,strongest_peak,1,measured,quality_gated_measurement,false,pdv_channel_2,automatic
0.00074798921499137606,527343749.82017267,528375122.78861815,409.49072016117907,409.49072016117907,325.66853257667793,325.66853257667793,candidate,refined,strongest_peak,1,measured,quality_gated_measurement,false,pdv_channel_2,automatic
0.00074799241499137715,517578124.82350278,522451429.11454839,404.89985756377502,404.89985756377502,322.04718534065063,322.04718534065063,candidate,refined,strongest_peak,1,measured,quality_gated_measurement,false,pdv_channel_2,automatic
0.00074799561499137824,517578124.82350278,nan,nan,nan,nan,nan,candidate,refined,strongest_peak,1,ambiguous_peak,ambiguous_peak,false,pdv_channel_2,automatic
0.00074799881499137933,517578124.82350278,nan,nan,nan,nan,nan,candidate,refined,strongest_peak,1,unstable_detection,unstable_detection,false,pdv_channel_2,automatic
0.00074800201499138042,517578124.82350278,nan,nan,nan,nan,nan,candidate,refined,strongest_peak,1,unstable_detection,unstable_detection,false,pdv_channel_2,automatic
0.00074800521499138151,517578124.82350278,nan,nan,nan,nan,nan,candidate,refined,strongest_peak,1,ambiguous_peak,ambiguous_peak,false,pdv_channel_2,automatic
0.00074800841499138261,527343749.82017267,nan,nan,nan,nan,nan,candidate,refined,strongest_peak,1,ambiguous_peak,ambiguous_peak,false,pdv_channel_2,automatic
0.0007480116149913837,527343749.82017267,nan,nan,nan,nan,nan,candidate,refined,strongest_peak,1,ambiguous_peak,ambiguous_peak,false,pdv_channel_2,automatic
0.00074801481499138479,527343749.82017267,nan,nan,nan,nan,nan,candidate,refined,strongest_peak,1,ambiguous_peak,ambiguous_peak,false,pdv_channel_2,automatic
0.00074801801499138588,527343749.82017267,nan,nan,nan,nan,nan,candidate,refined,strongest_peak,1,ambiguous_peak,ambiguous_peak,false,pdv_channel_2,automatic
0.00074802121499138697,527343749.82017267,522654611.07422352,405.05732358252322,405.05732358252322,322.17140265709764,322.17140265709764,candidate,refined,strongest_peak,1,measured,quality_gated_measurement,false,pdv_channel_2,automatic
0.00074802441499138806,517578124.82350278,516148351.7400707,400.01497259855478,400.01497259855478,318.19353862720851,318.19353862720851,candidate,refined,strongest_peak,1,measured,quality_gated_measurement,false,pdv_channel_2,automatic
0.00074802761499138915,507812499.82683295,512314486.28996915,397.04372687472608,397.04372687472608,315.84935816597431,315.84935816597431,candidate,refined,strongest_peak,1,measured,quality_gated_measurement,false,pdv_channel_2,automatic
0.00074803081499139024,507812499.82683295,509312501.84413844,394.71718892920728,394.71718892920728,314.01372304521192,314.01372304521192,candidate,refined,strongest_peak,1,measured,quality_gated_measurement,false,pdv_channel_2,automatic
0.00074803401499139134,507812499.82683295,509586836.75957102,394.92979848866753,394.92979848866753,314.18147535992341,314.18147535992341,candidate,refined,strongest_peak,1,measured,quality_gated_measurement,false,pdv_channel_2,automatic
0.00074803721499139243,507812499.82683295,511781408.62218577,396.63059168219394,396.63059168219394,315.52340154364123,315.52340154364123,candidate,refined,strongest_peak,1,measured,quality_gated_measurement,false,pdv_channel_2,automatic
0.00074804041499139352,507812499.82683295,509638941.21653956,394.97017944281816,394.97017944281816,314.21333648955516,314.21333648955516,candidate,refined,strongest_peak,1,measured,quality_gated_measurement,false,pdv_channel_2,automatic
0.00074804361499139461,507812499.82683295,509835741.24209237,395.1226994626216,395.1226994626216,314.33367664730764,314.33367664730764,candidate,refined,strongest_peak,1,measured,quality_gated_measurement,false,pdv_channel_2,automatic
0.0007480468149913957,517578124.82350278,515171064.11658627,399.25757469035437,399.25757469035437,317.59599903276859,317.59599903276859,candidate,refined,strongest_peak,1,measured,quality_gated_measurement,false,pdv_channel_2,automatic
0.00074805001499139679,517578124.82350278,521393687.31383675,404.08010766822349,404.08010766822349,321.40051794438551,321.40051794438551,candidate,refined,strongest_peak,1,measured,quality_gated_measurement,false,pdv_channel_2,automatic
0.00074805321499139788,527343749.82017267,524936596.71797192,406.82586245642824,406.82586245642824,323.56649016661828,323.56649016661828,candidate,refined,strongest_peak,1,measured,quality_gated_measurement,false,pdv_channel_2,automatic
0.00074805641499139897,527343749.82017267,522883488.4235599,405.23470352825893,405.23470352825893,322.31132863190936,322.31132863190936,candidate,refined,strongest_peak,1,measured,quality_gated_measurement,false,pdv_channel_2,automatic
0.00074805961499140006,517578124.82350278,516588517.76644224,400.35610126899275,400.35610126899275,318.4626647883515,318.4626647883515,candidate,refined,strongest_peak,1,measured,quality_gated_measurement,false,pdv_channel_2,automatic
0.00074806281499140116,507812499.82683295,507902618.29461694,393.62452917832815,393.62452917832815,313.15158547303133,313.15158547303133,candidate,refined,strongest_peak,1,measured,quality_gated_measurement,false,pdv_channel_2,automatic
0.00074806601499140225,507812499.82683295,504113428.08223253,390.68790676373021,390.68790676373021,310.83441497022579,310.83441497022579,candidate,refined,strongest_peak,1,measured,quality_gated_measurement,false,pdv_channel_2,automatic
0.00074806921499140334,507812499.82683295,510425724.42914438,395.57993643258692,395.57993643258692,314.69443991702281,314.69443991702281,candidate,refined,strongest_peak,1,measured,quality_gated_measurement,false,pdv_channel_2,automatic
0.00074807241499140443,517578124.82350278,519733631.42308486,402.79356435289077,402.79356435289077,320.38559448070578,320.38559448070578,candidate,refined,strongest_peak,1,measured,quality_gated_measurement,false,pdv_channel_2,automatic
0.00074807561499140552,517578124.82350278,516812797.49779636,400.52991806079217,400.52991806079217,318.59979310166005,318.59979310166005,candidate,refined,strongest_peak,1,measured,quality_gated_measurement,false,pdv_channel_2,automatic
0.00074807881499140661,507812499.82683295,507064508.73673403,392.97499427096886,392.97499427096886,312.6390758781032,312.6390758781032,candidate,refined,strongest_peak,1,measured,quality_gated_measurement,false,pdv_channel_2,automatic
0.0007480820149914077,498046874.83016306,500661185.69678724,388.01241891501013,388.01241891501013,308.72317092678998,308.72317092678998,candidate,refined,strongest_peak,1,measured,quality_gated_measurement,false,pdv_channel_2,automatic
0.00074808521499140879,498046874.83016306,500502096.90966028,387.8891251049867,387.8891251049867,308.62587614612107,308.62587614612107,candidate,refined,strongest_peak,1,measured,quality_gated_measurement,false,pdv_channel_2,automatic
0.00074808841499140989,507812499.82683295,507289219.65654832,393.14914523382492,393.14914523382492,312.7764887881583,312.7764887881583,candidate,refined,strongest_peak,1,measured,quality_gated_measurement,false,pdv_channel_2,automatic
0.00074809161499141098,517578124.82350278,517703640.50015384,401.22032138761921,401.22032138761921,319.1444643360033,319.1444643360033,candidate,refined,strongest_peak,1,measured,quality_gated_measurement,false,pdv_channel_2,automatic
0.00074809481499141207,517578124.82350278,516945538.48262912,400.63279232403755,400.63279232403755,318.68095289121618,318.68095289121618,candidate,refined,strongest_peak,1,measured,quality_gated_measurement,false,pdv_channel_2,automatic
0.00074809801499141316,507812499.82683295,508524268.6995337,394.1063082421386,394.1063082421386,313.53172436939059,313.53172436939059,candidate,refined,strongest_peak,1,measured,quality_gated_measurement,false,pdv_channel_2,automatic
0.00074810121499141425,498046874.83016306,499685941.07903546,387.25660433625245,387.25660433625245,308.12673136895552,308.12673136895552,candidate,refined,strongest_peak,1,measured,quality_gated_measurement,false,pdv_channel_2,automatic
0.00074810441499141534,507812499.82683295,506224161.40648299,392.32372509002431,392.32372509002431,312.12519089621486,312.12519089621486,candidate,refined,strongest_peak,1,measured,quality_gated_measurement,false,pdv_channel_2,automatic
0.00074810761499141643,517578124.82350278,516934442.4752183,400.62419291829417,400.62419291829417,318.67416863570844,318.67416863570844,candidate,refined,strongest_peak,1,measured,quality_gated_measurement,false,pdv_channel_2,automatic
0.00074811081499141752,517578124.82350278,515830255.86618614,399.76844829629425,399.76844829629425,317.99904738553852,317.99904738553852,candidate,refined,strongest_peak,1,measured,quality_gated_measurement,false,pdv_channel_2,automatic
0.00074811401499141862,507812499.82683295,505989278.20639145,392.1416906099534,392.1416906099534,311.98155505017297,311.98155505017297,candidate,refined,strongest_peak,1,measured,quality_gated_measurement,false,pdv_channel_2,automatic
0.00074811721499141971,507812499.82683295,503914545.9036833,390.53377307535453,390.53377307535453,310.71279034747306,310.71279034747306,candidate,refined,strongest_peak,1,measured,quality_gated_measurement,false,pdv_channel_2,automatic
0.0007481204149914208,507812499.82683295,504083323.79399115,390.66457594034313,390.66457594034313,310.81600498648288,310.81600498648288,candidate,refined,strongest_peak,1,measured,quality_gated_measurement,false,pdv_channel_2,automatic
0.00074812361499142189,507812499.82683295,507420681.61193001,393.25102824924573,393.25102824924573,312.85687881931807,312.85687881931807,candidate,refined,strongest_peak,1,measured,quality_gated_measurement,false,pdv_channel_2,automatic
0.00074812681499142298,517578124.82350278,513470956.09209841,397.93999097137629,397.93999097137629,316.55648569813417,316.55648569813417,candidate,refined,strongest_peak,1,measured,quality_gated_measurement,false,pdv_channel_2,automatic
0.00074813001499142407,517578124.82350278,518852989.81676066,402.11106710798953,402.11106710798953,319.84717782895859,319.84717782895859,candidate,refined,strongest_peak,1,measured,quality_gated_measurement,false,pdv_channel_2,automatic
0.00074813321499142516,517578124.82350278,517482250.35368621,401.04874402410684,401.04874402410684,319.00910467750492,319.00910467750492,candidate,refined,strongest_peak,1,measured,quality_gated_measurement,false,pdv_channel_2,automatic
0.00074813641499142625,507812499.82683295,509343612.27766943,394.74129951519382,394.74129951519382,314.03274671722471,314.03274671722471,candidate,refined,strongest_peak,1,measured,quality_gated_measurement,false,pdv_channel_2,automatic
0.00074813961499142735,498046874.83016306,501893815.39829874,388.96770693368154,388.96770693368154,309.47700828251402,309.47700828251402,candidate,refined,strongest_peak,1,measured,quality_gated_measurement,false,pdv_channel_2,automatic
0.00074814281499142844,498046874.83016306,498176896.72393519,386.08709496104979,386.08709496104979,307.20381204702164,307.20381204702164,candidate,refined,strongest_peak,1,measured,quality_gated_measurement,false,pdv_channel_2,automatic
0.00074814601499142953,498046874.83016306,501501071.76825559,388.66333062039809,388.66333062039809,309.23682034475058,309.23682034475058,candidate,refined,strongest_peak,1,measured,quality_gated_measurement,false,pdv_channel_2,automatic
0.00074814921499143062,507812499.82683295,506261404.04677355,392.35258813624949,392.35258813624949,312.14796547674405,312.14796547674405,candidate,refined,strongest_peak,1,measured,quality_gated_measurement,false,pdv_channel_2,automatic
0.00074815241499143171,507812499.82683295,506813194.5216707,392.7802257542948,392.7802257542948,312.48539420307526,312.48539420307526,candidate,refined,strongest_peak,1,measured,quality_gated_measurement,false,pdv_channel_2,automatic
0.0007481556149914328,507812499.82683295,504081681.69229507,390.66330331152869,390.66330331152869,310.81500077495349,310.81500077495349,candidate,refined,strongest_peak,1,measured,quality_gated_measurement,false,pdv_channel_2,automatic
0.00074815881499143389,507812499.82683295,504039287.66348857,390.63044793920363,390.63044793920363,310.78907510430008,310.78907510430008,candidate,refined,strongest_peak,1,measured,quality_gated_measurement,false,pdv_channel_2,automatic
0.00074816201499143498,507812499.82683295,506038800.39935917,392.18007030950332,392.18007030950332,312.0118389221729,312.0118389221729,candidate,refined,strongest_peak,1,measured,quality_gated_measurement,false,pdv_channel_2,automatic
0.00074816521499143608,507812499.82683295,508760377.07558846,394.28929223358108,394.28929223358108,313.67610351869422,313.67610351869422,candidate,refined,strongest_peak,1,measured,quality_gated_measurement,false,pdv_channel_2,automatic
0.00074816841499143717,507812499.82683295,510111498.03759468,395.33641097913585,395.33641097913585,314.50229700229545,314.50229700229545,candidate,refined,strongest_peak,1,measured,quality_gated_measurement,false,pdv_channel_2,automatic
0.00074817161499143826,507812499.82683295,509081617.80051082,394.53825379539586,394.53825379539586,313.87253981228156,313.87253981228156,candidate,refined,strongest_peak,1,measured,quality_gated_measurement,false,pdv_channel_2,automatic
0.00074817481499143935,507812499.82683295,511192257.07611793,396.17399923399137,396.17399923399137,315.16315464871298,315.16315464871298,candidate,refined,strongest_peak,1,measured,quality_gated_measurement,false,pdv_channel_2,automatic
0.00074817801499144044,517578124.82350278,514790312.99296045,398.96249256954434,398.96249256954434,317.36319517384766,317.36319517384766,candidate,refined,strongest_peak,1,measured,quality_gated_measurement,false,pdv_channel_2,automatic
0.00074818121499144153,517578124.82350278,516988141.64096028,400.66580977174419,400.66580977174419,318.70700105230321,318.70700105230321,candidate,refined,strongest_peak,1,measured,quality_gated_measurement,false,pdv_channel_2,automatic
0.00074818441499144262,527343749.82017267,522716764.62318683,405.10549258296976,405.10549258296976,322.20940076972988,322.20940076972988,candidate,refined,strongest_peak,1,measured,quality_gated_measurement,false,pdv_channel_2,automatic
0.00074818761499144371,527343749.82017267,525711582.10499901,407.42647613137422,407.42647613137422,324.04026466098514,324.04026466098514,candidate,refined,strongest_peak,1,measured,quality_gated_measurement,false,pdv_channel_2,automatic
0.0007481908149914448,517578124.82350278,520817044.50890934,403.63320949440475,403.63320949440475,321.04797359753115,321.04797359753115,candidate,refined,strongest_peak,1,measured,quality_gated_measurement,false,pdv_channel_2,automatic
0.0007481940149914459,517578124.82350278,514339302.33187968,398.61295930720672,398.61295930720672,317.08743047773851,317.08743047773851,candidate,refined,strongest_peak,1,measured,quality_gated_measurement,false,pdv_channel_2,automatic
0.00074819721499144699,507812499.82683295,510786487.86093801,395.85952809222698,395.85952809222698,314.9150380696762,314.9150380696762,candidate,refined,strongest_peak,1,measured,quality_gated_measurement,false,pdv_channel_2,automatic
0.00074820041499144808,507812499.82683295,510576333.09751737,395.69665815057596,395.69665815057596,314.78653364702529,314.78653364702529,candidate,refined,strongest_peak,1,measured,quality_gated_measurement,false,pdv_channel_2,automatic
0.00074820361499144917,507812499.82683295,512179740.2735225,396.93929871197992,396.93929871197992,315.76696638898841,315.76696638898841,candidate,refined,strongest_peak,1,measured,quality_gated_measurement,false,pdv_channel_2,automatic
0.00074820681499145026,507812499.82683295,510611518.96012813,395.7239271940993,395.7239271940993,314.80804895906743,314.80804895906743,candidate,refined,strongest_peak,1,measured,quality_gated_measurement,false,pdv_channel_2,automatic
0.00074821001499145135,507812499.82683295,507944723.34143949,393.65716058961561,393.65716058961561,313.17733280746802,313.17733280746802,candidate,refined,strongest_peak,1,measured,quality_gated_measurement,false,pdv_channel_2,automatic
0.00074821321499145244,507812499.82683295,506643664.96884102,392.6488403508518,392.6488403508518,312.38172448294199,312.38172448294199,candidate,refined,strongest_peak,1,measured,quality_gated_measurement,false,pdv_channel_2,automatic
0.00074821641499145353,507812499.82683295,505463787.9840712,391.73443568765515,391.73443568765515,311.66020512911376,311.66020512911376,candidate,refined,strongest_peak,1,measured,quality_gated_measurement,false,pdv_channel_2,automatic
0.00074821961499145463,507812499.82683295,504970111.12332875,391.35183612057978,391.35183612057978,311.35830734882518,311.35830734882518,candidate,refined,strongest_peak,1,measured,quality_gated_measurement,false,pdv_channel_2,automatic
0.00074822281499145572,507812499.82683295,506066051.42061067,392.20118985097326,392.20118985097326,312.02850348964557,312.02850348964557,candidate,refined,strongest_peak,1,measured,quality_gated_measurement,false,pdv_channel_2,automatic
0.00074822601499145681,507812499.82683295,507610099.23914737,393.39782691033918,393.39782691033918,312.97270890438926,312.97270890438926,candidate,refined,strongest_peak,1,measured,quality_gated_measurement,false,pdv_channel_2,automatic
0.0007482292149914579,507812499.82683295,508626866.41256058,394.18582146973444,394.18582146973444,313.59446245059087,313.59446245059087,candidate,refined,strongest_peak,1,measured,quality_gated_measurement,false,pdv_channel_2,automatic
0.00074823241499145899,507812499.82683295,508957385.53493798,394.44197378957693,394.44197378957693,313.79657283434784,313.79657283434784,candidate,refined,strongest_peak,1,measured,quality_gated_measurement,false,pdv_channel_2,automatic
0.00074823561499146008,507812499.82683295,509160134.75692958,394.59910443662039,394.59910443662039,313.92055218755502,313.92055218755502,candidate,refined,strongest_peak,1,measured,quality_gated_measurement,false,pdv_channel_2,automatic
0.00074823881499146117,507812499.82683295,508131499.13381302,393.8019118287051,393.8019118287051,313.29154642959247,313.29154642959247,candidate,refined,strongest_peak,1,measured,quality_gated_measurement,false,pdv_channel_2,automatic
0.00074824201499146226,507812499.82683295,506836102.2814182,392.79797926809908,392.79797926809908,312.49940260045975,312.49940260045975,candidate,refined,strongest_peak,1,measured,quality_gated_measurement,false,pdv_channel_2,automatic
0.00074824521499146336,507812499.82683295,508836150.91969645,394.34801696276475,394.34801696276475,313.72243874760369,313.72243874760369,candidate,refined,strongest_peak,1,measured,quality_gated_measurement,false,pdv_channel_2,automatic
0.00074824841499146445,507812499.82683295,511199632.5280441,396.17971520923419,396.17971520923419,315.16766451729575,315.16766451729575,candidate,refined,strongest_peak,1,measured,quality_gated_measurement,false,pdv_channel_2,automatic
0.00074825161499146554,507812499.82683295,511068357.54624468,396.0779770983396,396.0779770983396,315.08739370671884,315.08739370671884,candidate,refined,strongest_peak,1,measured,quality_gated_measurement,false,pdv_channel_2,automatic
0.00074825481499146663,507812499.82683295,510792870.9365176,395.86447497580116,395.86447497580116,314.91894115520648,314.91894115520648,candidate,refined,strongest_peak,1,measured,quality_gated_measurement,false,pdv_channel_2,automatic
0.00074825801499146772,507812499.82683295,nan,nan,nan,nan,nan,candidate,refined,strongest_peak,1,ambiguous_peak,ambiguous_peak,false,pdv_channel_2,automatic
0.00074826121499146881,58593749.980019182,nan,nan,nan,nan,nan,candidate,boundary_peak,strongest_peak,1,peak_at_band_boundary,peak_at_band_boundary,false,pdv_channel_2,automatic
0.0007482644149914699,58593749.980019182,nan,nan,nan,nan,nan,candidate,boundary_peak,strongest_peak,1,ambiguous_peak,ambiguous_peak,false,pdv_channel_2,automatic
0.00074826761499147099,517578124.82350278,nan,nan,nan,nan,nan,candidate,refined,strongest_peak,1,ambiguous_peak,ambiguous_peak,false,pdv_channel_2,automatic
0.00074827081499147209,498046874.83016306,500275677.46447682,387.71365003496953,387.71365003496953,308.48740315736916,308.48740315736916,candidate,refined,strongest_peak,1,measured,quality_gated_measurement,false,pdv_channel_2,automatic
0.00074827401499147318,498046874.83016306,498968104.8161273,386.70028123249864,386.70028123249864,307.68771137102601,307.68771137102601,candidate,refined,strongest_peak,1,measured,quality_gated_measurement,false,pdv_channel_2,automatic
0.00074827721499147427,498046874.83016306,500463108.58039123,387.8589091498032,387.8589091498032,308.60203180631549,308.60203180631549,candidate,refined,strongest_peak,1,measured,quality_gated_measurement,false,pdv_channel_2,automatic
0.00074828041499147536,507812499.82683295,503128750.15403628,389.92478136937814,389.92478136937814,310.23224011266211,310.23224011266211,candidate,refined,strongest_peak,1,measured,quality_gated_measurement,false,pdv_channel_2,automatic
0.00074828361499147645,507812499.82683295,505755834.76312095,391.96077194141873,391.96077194141873,311.8387991029287,311.8387991029287,candidate,refined,strongest_peak,1,measured,quality_gated_measurement,false,pdv_channel_2,automatic
0.00074828681499147754,507812499.82683295,504379385.61727375,390.89402385338713,390.89402385338713,310.99705831423358,310.99705831423358,candidate,refined,strongest_peak,1,measured,quality_gated_measurement,false,pdv_channel_2,automatic
0.00074829001499147863,498046874.83016306,500309727.09294248,387.74003849703041,387.74003849703041,308.50822716940507,308.50822716940507,candidate,refined,strongest_peak,1,measured,quality_gated_measurement,false,pdv_channel_2,automatic
0.00074829321499147972,498046874.83016306,494212716.3570562,383.01485517671853,383.01485517671853,304.77924200603576,304.77924200603576,candidate,refined,strongest_peak,1,measured,quality_gated_measurement,false,pdv_channel_2,automatic
0.00074829641499148081,488281249.83349323,491154337.08209711,380.64461123862526,380.64461123862526,302.9085686669556,302.9085686669556,candidate,refined,strongest_peak,1,measured,quality_gated_measurement,false,pdv_channel_2,automatic
0.00074829961499148191,498046874.83016306,493869989.60625929,382.74924194485095,382.74924194485095,304.56961616815346,304.56961616815346,candidate,refined,strongest_peak,1,measured,quality_gated_measurement,false,pdv_channel_2,automatic
0.000748302814991483,58593749.980019182,nan,nan,nan,nan,nan,candidate,boundary_peak,strongest_peak,1,ambiguous_peak,ambiguous_peak,false,pdv_channel_2,automatic
0.00074830601499148409,478515624.83682334,nan,nan,nan,nan,nan,candidate,refined,strongest_peak,1,ambiguous_peak,ambiguous_peak,false,pdv_channel_2,automatic
0.00074830921499148518,468749999.84015346,473237706.18841958,366.75922229602514,366.75922229602514,291.9478309263605,291.9478309263605,candidate,refined,strongest_peak,1,measured,quality_gated_measurement,false,pdv_channel_2,automatic
0.00074831241499148627,478515624.83682334,477704204.03604317,370.22075812793344,370.22075812793344,294.68058400569771,294.68058400569771,candidate,refined,strongest_peak,1,measured,quality_gated_measurement,false,pdv_channel_2,automatic
0.00074831561499148736,488281249.83349323,489147554.83389533,379.08935499626887,379.08935499626887,301.68105816823453,301.68105816823453,candidate,refined,strongest_peak,1,measured,quality_gated_measurement,false,pdv_channel_2,automatic
0.00074831881499148845,498046874.83016306,499979207.4229635,387.48388575279671,387.48388575279671,308.30608803832013,308.30608803832013,candidate,refined,strongest_peak,1,measured,quality_gated_measurement,false,pdv_channel_2,automatic
0.00074832201499148954,507812499.82683295,506169429.30643111,392.28130771248414,392.28130771248414,312.09172115456954,312.09172115456954,candidate,refined,strongest_peak,1,measured,quality_gated_measurement,false,pdv_channel_2,automatic
0.00074832521499149064,507812499.82683295,503377058.50949031,390.11722034485501,390.11722034485501,310.38409275484781,310.38409275484781,candidate,refined,strongest_peak,1,measured,quality_gated_measurement,false,pdv_channel_2,automatic
0.00074832841499149173,498046874.83016306,500526453.51831776,387.90800147669626,387.90800147669626,308.64077206402425,308.64077206402425,candidate,refined,strongest_peak,1,measured,quality_gated_measurement,false,pdv_channel_2,automatic
0.00074833161499149282,498046874.83016306,501725935.64014471,388.83760012111213,388.83760012111213,309.37433922381678,309.37433922381678,candidate,refined,strongest_peak,1,measured,quality_gated_measurement,false,pdv_channel_2,automatic
0.00074833481499149391,507812499.82683295,506424262.73435467,392.47880361912485,392.47880361912485,312.24755649005903,312.24755649005903,candidate,refined,strongest_peak,1,measured,quality_gated_measurement,false,pdv_channel_2,automatic
0.000748338014991495,507812499.82683295,511464980.01644713,396.3853595127465,396.3853595127465,315.3299162269318,315.3299162269318,candidate,refined,strongest_peak,1,measured,quality_gated_measurement,false,pdv_channel_2,automatic
0.00074834121499149609,507812499.82683295,511704261.09327489,396.57080234728801,396.57080234728801,315.47622854735488,315.47622854735488,candidate,refined,strongest_peak,1,measured,quality_gated_measurement,false,pdv_channel_2,automatic
0.00074834441499149718,507812499.82683295,508747870.28423649,394.2795994702833,394.2795994702833,313.66845568903346,313.66845568903346,candidate,refined,strongest_peak,1,measured,quality_gated_measurement,false,pdv_channel_2,automatic
0.00074834761499149827,507812499.82683295,507551227.5515117,393.35220135242156,393.35220135242156,312.93670853052828,312.93670853052828,candidate,refined,strongest_peak,1,measured,quality_gated_measurement,false,pdv_channel_2,automatic
0.00074835081499149937,507812499.82683295,510023421.19898194,395.268151429211,395.268151429211,314.44843966994,314.44843966994,candidate,refined,strongest_peak,1,measured,quality_gated_measurement,false,pdv_channel_2,automatic
0.00074835401499150046,507812499.82683295,511819693.83610672,396.66026272298268,396.66026272298268,315.546811581648,315.546811581648,candidate,refined,strongest_peak,1,measured,quality_gated_measurement,false,pdv_channel_2,automatic
0.00074835721499150155,507812499.82683295,509022748.27092868,394.49262990996971,394.49262990996971,313.83654161262194,313.83654161262194,candidate,refined,strongest_peak,1,measured,quality_gated_measurement,false,pdv_channel_2,automatic
0.00074836041499150264,507812499.82683295,504903322.07261801,391.30007460627894,391.30007460627894,311.31746371305752,311.31746371305752,candidate,refined,strongest_peak,1,measured,quality_gated_measurement,false,pdv_channel_2,automatic
0.00074836361499150373,498046874.83016306,501784603.8002944,388.88306794522816,388.88306794522816,309.41021853540917,309.41021853540917,candidate,refined,strongest_peak,1,measured,quality_gated_measurement,false,pdv_channel_2,automatic
0.00074836681499150482,498046874.83016306,498737221.70781744,386.52134682355853,386.52134682355853,307.54650494709045,307.54650494709045,candidate,refined,strongest_peak,1,measured,quality_gated_measurement,false,pdv_channel_2,automatic
0.00074837001499150591,498046874.83016306,499634880.50251746,387.21703238945105,387.21703238945105,308.09550350732258,308.09550350732258,candidate,refined,strongest_peak,1,measured,quality_gated_measurement,false,pdv_channel_2,automatic
0.000748373214991507,527343749.82017267,524260747.14115834,406.30207903439771,406.30207903439771,323.15331602799688,323.15331602799688,candidate,refined,strongest_peak,1,measured,quality_gated_measurement,false,pdv_channel_2,automatic
0.0007483764149915081,58593749.980019182,nan,nan,nan,nan,nan,candidate,boundary_peak,strongest_peak,1,ambiguous_peak,ambiguous_peak,false,pdv_channel_2,automatic
0.00074837961499150919,58593749.980019182,nan,nan,nan,nan,nan,candidate,boundary_peak,strongest_peak,1,ambiguous_peak,ambiguous_peak,false,pdv_channel_2,automatic
0.00074838281499151028,507812499.82683295,nan,nan,nan,nan,nan,candidate,refined,strongest_peak,1,unstable_detection,unstable_detection,false,pdv_channel_2,automatic
0.00074838601499151137,507812499.82683295,nan,nan,nan,nan,nan,candidate,refined,strongest_peak,1,ambiguous_peak,ambiguous_peak,false,pdv_channel_2,automatic
0.00074838921499151246,527343749.82017267,nan,nan,nan,nan,nan,candidate,refined,strongest_peak,1,ambiguous_peak,ambiguous_peak,false,pdv_channel_2,automatic
0.00074839241499151355,537109374.81684256,nan,nan,nan,nan,nan,candidate,refined,strongest_peak,1,no_detectable_beat,no_detectable_beat,false,pdv_channel_2,automatic
0.00074839561499151464,527343749.82017267,nan,nan,nan,nan,nan,candidate,refined,strongest_peak,1,ambiguous_peak,ambiguous_peak,false,pdv_channel_2,automatic
0.00074839881499151573,507812499.82683295,512449802.59428096,397.14859701056776,397.14859701056776,315.93209847225904,315.93209847225904,candidate,refined,strongest_peak,1,measured,quality_gated_measurement,false,pdv_channel_2,automatic
0.00074840201499151683,507812499.82683295,503853367.99681598,390.48636019753241,390.48636019753241,310.675377464929,310.675377464929,candidate,refined,strongest_peak,1,measured,quality_gated_measurement,false,pdv_channel_2,automatic
0.00074840521499151792,498046874.83016306,498546014.89491594,386.37316154355983,386.37316154355983,307.42956385008551,307.42956385008551,candidate,refined,strongest_peak,1,measured,quality_gated_measurement,false,pdv_channel_2,automatic
0.00074840841499151901,498046874.83016306,501522182.15939963,388.67969117353471,388.67969117353471,309.24973074310611,309.24973074310611,candidate,refined,strongest_peak,1,measured,quality_gated_measurement,false,pdv_channel_2,automatic
0.0007484116149915201,517578124.82350278,513610477.33678102,398.04811993600526,398.04811993600526,316.64179557101215,316.64179557101215,candidate,refined,strongest_peak,1,measured,quality_gated_measurement,false,pdv_channel_2,automatic
0.00074841481499152119,527343749.82017267,527192637.85788548,408.57429433986124,408.57429433986124,324.94566766835732,324.94566766835732,candidate,refined,strongest_peak,1,measured,quality_gated_measurement,false,pdv_channel_2,automatic
0.00074841801499152228,527343749.82017267,530451407.29301387,411.09984065208573,411.09984065208573,326.93775405965005,326.93775405965005,candidate,refined,strongest_peak,1,measured,quality_gated_measurement,false,pdv_channel_2,automatic
0.00074842121499152337,517578124.82350278,519660806.15767801,402.73712477220045,402.73712477220045,320.34107002801392,320.34107002801392,candidate,refined,strongest_peak,1,measured,quality_gated_measurement,false,pdv_channel_2,automatic
0.00074842441499152446,507812499.82683295,506674496.95280403,392.67273513842309,392.67273513842309,312.40057869851893,312.40057869851893,candidate,refined,strongest_peak,1,measured,quality_gated_measurement,false,pdv_channel_2,automatic
0.00074842761499152555,507812499.82683295,504663048.65738726,391.11386270947514,391.11386270947514,311.17052848603083,311.17052848603083,candidate,refined,strongest_peak,1,measured,quality_gated_measurement,false,pdv_channel_2,automatic
0.00074843081499152665,507812499.82683295,506205311.74708259,392.30911660398903,392.30911660398903,312.11366396693063,312.11366396693063,candidate,refined,strongest_peak,1,measured,quality_gated_measurement,false,pdv_channel_2,automatic
0.00074843401499152774,507812499.82683295,507890550.03663176,393.61517627838964,393.61517627838964,313.14420570186996,313.14420570186996,candidate,refined,strongest_peak,1,measured,quality_gated_measurement,false,pdv_channel_2,automatic
0.00074843721499152883,507812499.82683295,509892641.90995258,395.16679748021323,395.16679748021323,314.36847045058994,314.36847045058994,candidate,refined,strongest_peak,1,measured,quality_gated_measurement,false,pdv_channel_2,automatic
0.00074844041499152992,507812499.82683295,511041878.53658313,396.05745586585192,396.05745586585192,315.07120254653404,315.07120254653404,candidate,refined,strongest_peak,1,measured,quality_gated_measurement,false,pdv_channel_2,automatic
0.00074844361499153101,507812499.82683295,511199941.09381682,396.17995434770802,396.17995434770802,315.16785319603872,315.16785319603872,candidate,refined,strongest_peak,1,measured,quality_gated_measurement,false,pdv_channel_2,automatic
0.0007484468149915321,507812499.82683295,511196612.65548128,396.17737480799798,396.17737480799798,315.16581795547751,315.16581795547751,candidate,refined,strongest_peak,1,measured,quality_gated_measurement,false,pdv_channel_2,automatic
0.00074845001499153319,507812499.82683295,512014838.02417696,396.81149946873711,396.81149946873711,315.66613504494211,315.66613504494211,candidate,refined,strongest_peak,1,measured,quality_gated_measurement,false,pdv_channel_2,automatic
0.00074845321499153428,517578124.82350278,514634981.69925803,398.84211081692496,398.84211081692496,317.26822006618721,317.26822006618721,candidate,refined,strongest_peak,1,measured,quality_gated_measurement,false,pdv_channel_2,automatic
0.00074845641499153538,517578124.82350278,515137073.75080669,399.23123215687519,399.23123215687519,317.5752162537168,317.5752162537168,candidate,refined,strongest_peak,1,measured,quality_gated_measurement,false,pdv_channel_2,automatic
0.00074845961499153647,507812499.82683295,512386574.63390505,397.09959534127643,397.09959534127643,315.89343721989826,315.89343721989826,candidate,refined,strongest_peak,1,measured,quality_gated_measurement,false,pdv_channel_2,automatic
0.00074846281499153756,507812499.82683295,511447142.71679842,396.37153560551877,396.37153560551877,315.31900929641051,315.31900929641051,candidate,refined,strongest_peak,1,measured,quality_gated_measurement,false,pdv_channel_2,automatic
0.00074846601499153865,507812499.82683295,510360968.23946953,395.5297503855889,395.5297503855889,314.65484293081744,314.65484293081744,candidate,refined,strongest_peak,1,measured,quality_gated_measurement,false,pdv_channel_2,automatic
0.00074846921499153974,507812499.82683295,509153453.97883064,394.59392683359374,394.59392683359374,313.9164669573795,313.9164669573795,candidate,refined,strongest_peak,1,measured,quality_gated_measurement,false,pdv_channel_2,automatic
0.00074847241499154083,507812499.82683295,512233376.78315002,396.98086700694125,396.98086700694125,315.79976298160784,315.79976298160784,candidate,refined,strongest_peak,1,measured,quality_gated_measurement,false,pdv_channel_2,automatic
0.00074847561499154192,517578124.82350278,514061742.83797663,398.3978506994319,398.3978506994319,316.9177192922304,316.9177192922304,candidate,refined,strongest_peak,1,measured,quality_gated_measurement,false,pdv_channel_2,automatic
0.00074847881499154301,507812499.82683295,510508179.0055114,395.64383872927135,395.64383872927135,314.74485901794105,314.74485901794105,candidate,refined,strongest_peak,1,measured,quality_gated_measurement,false,pdv_channel_2,automatic
0.00074848201499154411,507812499.82683295,507083637.66931456,392.9898191937188,392.9898191937188,312.6507734256146,312.6507734256146,candidate,refined,strongest_peak,1,measured,quality_gated_measurement,false,pdv_channel_2,automatic
0.0007484852149915452,507812499.82683295,506786239.79686981,392.7593358425741,392.7593358425741,312.46891102650642,312.46891102650642,candidate,refined,strongest_peak,1,measured,quality_gated_measurement,false,pdv_channel_2,automatic
0.00074848841499154629,507812499.82683295,508272244.38924074,393.9109894016616,393.9109894016616,313.37761209544959,313.37761209544959,candidate,refined,strongest_peak,1,measured,quality_gated_measurement,false,pdv_channel_2,automatic
0.00074849161499154738,507812499.82683295,508609759.12630957,394.17256332288991,394.17256332288991,313.584001422342,313.584001422342,candidate,refined,strongest_peak,1,measured,quality_gated_measurement,false,pdv_channel_2,automatic
0.00074849481499154847,507812499.82683295,506428804.57332635,392.48232354432793,392.48232354432793,312.25033390242271,312.25033390242271,candidate,refined,strongest_peak,1,measured,quality_gated_measurement,false,pdv_channel_2,automatic
0.00074849801499154956,507812499.82683295,503673447.57352418,390.34692186948121,390.34692186948121,310.56534828583852,310.56534828583852,candidate,refined,strongest_peak,1,measured,quality_gated_measurement,false,pdv_channel_2,automatic
0.00074850121499155065,498046874.83016306,500645284.1536088,388.00009521904684,388.00009521904684,308.71344594635968,308.71344594635968,candidate,refined,strongest_peak,1,measured,quality_gated_measurement,false,pdv_channel_2,automatic
0.00074850441499155174,498046874.83016306,498789096.74870014,386.5615499802426,386.5615499802426,307.57823139016205,307.57823139016205,candidate,refined,strongest_peak,1,measured,quality_gated_measurement,false,pdv_channel_2,automatic
0.00074850761499155284,498046874.83016306,498219706.58637255,386.12027260443875,386.12027260443875,307.22999452824519,307.22999452824519,candidate,refined,strongest_peak,1,measured,quality_gated_measurement,false,pdv_channel_2,automatic
0.00074851081499155393,498046874.83016306,499560048.73601604,387.1590377704124,387.1590377704124,308.04973750498613,308.04973750498613,candidate,refined,strongest_peak,1,measured,quality_gated_measurement,false,pdv_channel_2,automatic
0.00074851401499155502,498046874.83016306,502760001.4058007,389.63900108949554,389.63900108949554,310.00673117555476,310.00673117555476,candidate,refined,strongest_peak,1,measured,quality_gated_measurement,false,pdv_channel_2,automatic
0.00074851721499155611,498046874.83016306,502181396.56000739,389.19058233400574,389.19058233400574,309.65288164359953,309.65288164359953,candidate,refined,strongest_peak,1,measured,quality_gated_measurement,false,pdv_channel_2,automatic
0.0007485204149915572,498046874.83016306,498498567.19602191,386.33638957691699,386.33638957691699,307.4005450261019,307.4005450261019,candidate,refined,strongest_peak,1,measured,quality_gated_measurement,false,pdv_channel_2,automatic
0.00074852361499155829,498046874.83016306,498736219.53731573,386.52057014141968,386.52057014141968,307.54589202575772,307.54589202575772,candidate,refined,strongest_peak,1,measured,quality_gated_measurement,false,pdv_channel_2,automatic
0.00074852681499155938,507812499.82683295,505307976.24108642,391.61368158684195,391.61368158684195,311.56492197099504,311.56492197099504,candidate,refined,strongest_peak,1,measured,quality_gated_measurement,false,pdv_channel_2,automatic
0.00074853001499156047,517578124.82350278,512811530.51114058,397.42893614613394,397.42893614613394,316.1532792071369,316.1532792071369,candidate,refined,strongest_peak,1,measured,quality_gated_measurement,false,pdv_channel_2,automatic
0.00074853321499156157,507812499.82683295,511626332.26814377,396.51040750781141,396.51040750781141,315.42857775674429,315.42857775674429,candidate,refined,strongest_peak,1,measured,quality_gated_measurement,false,pdv_channel_2,automatic
0.00074853641499156266,507812499.82683295,505906816.00070274,392.07778240054461,392.07778240054461,311.93112760738302,311.93112760738302,candidate,refined,strongest_peak,1,measured,quality_gated_measurement,false,pdv_channel_2,automatic
0.00074853961499156375,507812499.82683295,503151483.47578228,389.94239969373126,389.94239969373126,310.24614267067727,310.24614267067727,candidate,refined,strongest_peak,1,measured,quality_gated_measurement,false,pdv_channel_2,automatic
0.00074854281499156484,498046874.83016306,502581877.17711133,389.50095481226128,389.50095481226128,309.89779850853887,309.89779850853887,candidate,refined,strongest_peak,1,measured,quality_gated_measurement,false,pdv_channel_2,automatic
0.00074854601499156593,507812499.82683295,503706289.11556035,390.37237406455927,390.37237406455927,310.58543234394534,310.58543234394534,candidate,refined,strongest_peak,1,measured,quality_gated_measurement,false,pdv_channel_2,automatic
0.00074854921499156702,507812499.82683295,507164326.78602636,393.05235325917045,393.05235325917045,312.7001156463935,312.7001156463935,candidate,refined,strongest_peak,1,measured,quality_gated_measurement,false,pdv_channel_2,automatic
0.00074855241499156811,507812499.82683295,508619532.40673327,394.18013761521826,394.18013761521826,313.589977739517,313.589977739517,candidate,refined,strongest_peak,1,measured,quality_gated_measurement,false,pdv_channel_2,automatic
0.0007485556149915692,507812499.82683295,507486051.46089929,393.30168988219697,393.30168988219697,312.89685293823459,312.89685293823459,candidate,refined,strongest_peak,1,measured,quality_gated_measurement,false,pdv_channel_2,automatic
0.00074855881499157029,507812499.82683295,503824742.7261858,390.46417561279401,390.46417561279401,310.65787188611296,310.65787188611296,candidate,refined,strongest_peak,1,measured,quality_gated_measurement,false,pdv_channel_2,automatic
0.00074856201499157139,498046874.83016306,501563862.7178303,388.71199360631846,388.71199360631846,309.27522114416649,309.27522114416649,candidate,refined,strongest_peak,1,measured,quality_gated_measurement,false,pdv_channel_2,automatic
0.00074856521499157248,507812499.82683295,504148515.26754481,390.71509933234722,390.71509933234722,310.85587218467697,310.85587218467697,candidate,refined,strongest_peak,1,measured,quality_gated_measurement,false,pdv_channel_2,automatic
0.00074856841499157357,507812499.82683295,509112785.12052315,394.56240846840547,394.56240846840547,313.89159834057352,313.89159834057352,candidate,refined,strongest_peak,1,measured,quality_gated_measurement,false,pdv_channel_2,automatic
0.00074857161499157466,517578124.82350278,513759755.11471623,398.16381021390509,398.16381021390509,316.73307083829809,316.73307083829809,candidate,refined,strongest_peak,1,measured,quality_gated_measurement,false,pdv_channel_2,automatic
0.00074857481499157575,517578124.82350278,516654282.34824836,400.40706881989246,400.40706881989246,318.50287438494581,318.50287438494581,candidate,refined,strongest_peak,1,measured,quality_gated_measurement,false,pdv_channel_2,automatic
0.00074857801499157684,517578124.82350278,516152898.29441178,400.01849617816913,400.01849617816913,318.19631848952361,318.19631848952361,candidate,refined,strongest_peak,1,measured,quality_gated_measurement,false,pdv_channel_2,automatic
0.00074858121499157793,517578124.82350278,514519720.86567646,398.75278367089925,398.75278367089925,317.19774531885326,317.19774531885326,candidate,refined,strongest_peak,1,measured,quality_gated_measurement,false,pdv_channel_2,automatic
0.00074858441499157902,507812499.82683295,510910386.25486499,395.95554934752039,395.95554934752039,314.99079865975625,314.99079865975625,candidate,refined,strongest_peak,1,measured,quality_gated_measurement,false,pdv_channel_2,automatic
0.00074858761499158012,507812499.82683295,507731549.95687854,393.49195121658084,393.49195121658084,313.04697660507463,313.04697660507463,candidate,refined,strongest_peak,1,measured,quality_gated_measurement,false,pdv_channel_2,automatic
0.00074859081499158121,507812499.82683295,512182568.16967213,396.94149033149591,396.94149033149591,315.76869553572726,315.76869553572726,candidate,refined,strongest_peak,1,measured,quality_gated_measurement,false,pdv_channel_2,automatic
0.0007485940149915823,517578124.82350278,519572720.55556655,402.66885843056406,402.66885843056406,320.28721552873657,320.28721552873657,candidate,refined,strongest_peak,1,measured,quality_gated_measurement,false,pdv_channel_2,automatic
0.00074859721499158339,517578124.82350278,519627589.14221823,402.7113815852191,402.7113815852191,320.32076154492779,320.32076154492779,candidate,refined,strongest_peak,1,measured,quality_gated_measurement,false,pdv_channel_2,automatic
0.00074860041499158448,517578124.82350278,517049571.44310534,400.71341786840662,400.71341786840662,318.74456005319286,318.74456005319286,candidate,refined,strongest_peak,1,measured,quality_gated_measurement,false,pdv_channel_2,automatic
0.00074860361499158557,517578124.82350278,514225507.0905422,398.52476799517018,398.52476799517018,317.01785152072375,317.01785152072375,candidate,refined,strongest_peak,1,measured,quality_gated_measurement,false,pdv_channel_2,automatic
0.00074860681499158666,507812499.82683295,512544603.14176363,397.2220674348668,397.2220674348668,315.99006496737439,315.99006496737439,candidate,refined,strongest_peak,1,measured,quality_gated_measurement,false,pdv_channel_2,automatic
0.00074861001499158775,507812499.82683295,511069955.51278603,396.07921552240919,396.07921552240919,315.08837081752267,315.08837081752267,candidate,refined,strongest_peak,1,measured,quality_gated_measurement,false,pdv_channel_2,automatic
0.00074861321499158885,507812499.82683295,509328156.28147912,394.72932111814629,394.72932111814629,314.023295554649,314.023295554649,candidate,refined,strongest_peak,1,measured,quality_gated_measurement,false,pdv_channel_2,automatic
0.00074861641499158994,507812499.82683295,508620581.84885931,394.18095093286598,394.18095093286598,313.59061946861755,313.59061946861755,candidate,refined,strongest_peak,1,measured,quality_gated_measurement,false,pdv_channel_2,automatic
0.00074861961499159103,507812499.82683295,509178117.41064268,394.61304099324809,394.61304099324809,313.93154840145485,313.93154840145485,candidate,refined,strongest_peak,1,measured,quality_gated_measurement,false,pdv_channel_2,automatic
0.00074862281499159212,517578124.82350278,514073151.31638455,398.40669227019805,398.40669227019805,316.92469491564503,316.92469491564503,candidate,refined,strongest_peak,1,measured,quality_gated_measurement,false,pdv_channel_2,automatic
0.00074862601499159321,517578124.82350278,517280763.79400337,400.89259194035259,400.89259194035259,318.88591381412664,318.88591381412664,candidate,refined,strongest_peak,1,measured,quality_gated_measurement,false,pdv_channel_2,automatic
0.0007486292149915943,507812499.82683295,511253582.23548216,396.22152623249866,396.22152623249866,315.20065313594483,315.20065313594483,candidate,refined,strongest_peak,1,measured,quality_gated_measurement,false,pdv_channel_2,automatic
0.00074863241499159539,498046874.83016306,499760045.50922441,387.31403526964891,387.31403526964891,308.17205244978891,308.17205244978891,candidate,refined,strongest_peak,1,measured,quality_gated_measurement,false,pdv_channel_2,automatic
0.00074863561499159648,498046874.83016306,502042403.03490615,389.08286235205225,389.08286235205225,309.56787875738866,309.56787875738866,candidate,refined,strongest_peak,1,measured,quality_gated_measurement,false,pdv_channel_2,automatic
0.00074863881499159758,517578124.82350278,515351215.28541034,399.39719184619304,399.39719184619304,317.70614893764696,317.70614893764696,candidate,refined,strongest_peak,1,measured,quality_gated_measurement,false,pdv_channel_2,automatic
0.00074864201499159867,517578124.82350278,520344610.29514641,403.26707297873844,403.26707297873844,320.759137275782,320.759137275782,candidate,refined,strongest_peak,1,measured,quality_gated_measurement,false,pdv_channel_2,automatic
0.00074864521499159976,507812499.82683295,512406571.81445998,397.11509315620646,397.11509315620646,315.90566466337049,315.90566466337049,candidate,refined,strongest_peak,1,measured,quality_gated_measurement,false,pdv_channel_2,automatic
0.00074864841499160085,498046874.83016306,500062762.97953659,387.54864130914086,387.54864130914086,308.35718902665104,308.35718902665104,candidate,refined,strongest_peak,1,measured,quality_gated_measurement,false,pdv_channel_2,automatic
0.00074865161499160194,498046874.83016306,500583418.74106163,387.95214952432275,387.95214952432275,308.67561060530159,308.67561060530159,candidate,refined,strongest_peak,1,measured,quality_gated_measurement,false,pdv_channel_2,automatic
0.00074865481499160303,507812499.82683295,503634463.5467723,390.31670924874851,390.31670924874851,310.5415078122262,310.5415078122262,candidate,refined,strongest_peak,1,measured,quality_gated_measurement,false,pdv_channel_2,automatic
0.00074865801499160412,498046874.83016306,502847681.45153582,389.70695312494024,389.70695312494024,310.06035218259888,310.06035218259888,candidate,refined,strongest_peak,1,measured,quality_gated_measurement,false,pdv_channel_2,automatic
0.00074866121499160521,498046874.83016306,502189364.29512584,389.19675732872253,389.19675732872253,309.65775438618556,309.65775438618556,candidate,refined,strongest_peak,1,measured,quality_gated_measurement,false,pdv_channel_2,automatic
0.00074866441499160631,507812499.82683295,504512090.80224437,390.99687037173936,390.99687037173936,311.07821241688555,311.07821241688555,candidate,refined,strongest_peak,1,measured,quality_gated_measurement,false,pdv_channel_2,automatic
0.0007486676149916074,507812499.82683295,506048854.6138792,392.18786232575638,392.18786232575638,312.01798728476274,312.01798728476274,candidate,refined,strongest_peak,1,measured,quality_gated_measurement,false,pdv_channel_2,automatic
0.00074867081499160849,507812499.82683295,503351867.65453523,390.09769743226479,390.09769743226479,310.36868734924263,310.36868734924263,candidate,refined,strongest_peak,1,measured,quality_gated_measurement,false,pdv_channel_2,automatic
0.00074867401499160958,498046874.83016306,499270321.90134323,386.934499473541,386.934499473541,307.87254432498742,307.87254432498742,candidate,refined,strongest_peak,1,measured,quality_gated_measurement,false,pdv_channel_2,automatic
0.00074867721499161067,498046874.83016306,499234772.26424724,386.90694850479161,386.90694850479161,307.85080256925681,307.85080256925681,candidate,refined,strongest_peak,1,measured,quality_gated_measurement,false,pdv_channel_2,automatic
0.00074868041499161176,498046874.83016306,499501397.74052358,387.11358324890574,387.11358324890574,308.01386738374185,308.01386738374185,candidate,refined,strongest_peak,1,measured,quality_gated_measurement,false,pdv_channel_2,automatic
0.00074868361499161285,498046874.83016306,499774932.66337633,387.32557281411664,387.32557281411664,308.18115718782366,308.18115718782366,candidate,refined,strongest_peak,1,measured,quality_gated_measurement,false,pdv_channel_2,automatic
0.00074868681499161394,507812499.82683295,507824292.47017372,393.56382666438464,393.56382666438464,313.10368900194891,313.10368900194891,candidate,refined,strongest_peak,1,measured,quality_gated_measurement,false,pdv_channel_2,automatic
0.00074869001499161503,517578124.82350278,nan,nan,nan,nan,nan,candidate,refined,strongest_peak,1,ambiguous_peak,ambiguous_peak,false,pdv_channel_2,automatic
0.00074869321499161613,517578124.82350278,520704433.1686756,403.54593570572359,403.54593570572359,320.97912559248829,320.97912559248829,candidate,refined,strongest_peak,1,measured,quality_gated_measurement,false,pdv_channel_2,automatic
0.00074869641499161722,507812499.82683295,506087355.15995204,392.21770024896284,392.21770024896284,312.04153116514965,312.04153116514965,candidate,refined,strongest_peak,1,measured,quality_gated_measurement,false,pdv_channel_2,automatic
0.00074869961499161831,498046874.83016306,497014485.82467139,385.18622651412034,385.18622651412034,306.49287531605171,306.49287531605171,candidate,refined,strongest_peak,1,measured,quality_gated_measurement,false,pdv_channel_2,automatic
0.0007487028149916194,498046874.83016306,501182004.93499118,388.41605382461819,388.41605382461819,309.04168936163273,309.04168936163273,candidate,refined,strongest_peak,1,measured,quality_gated_measurement,false,pdv_channel_2,automatic
0.00074870601499162049,507812499.82683295,506087698.81822389,392.21796658412353,392.21796658412353,312.04174131922599,312.04174131922599,candidate,refined,strongest_peak,1,measured,quality_gated_measurement,false,pdv_channel_2,automatic
0.00074870921499162158,507812499.82683295,510334480.17126244,395.50922213272838,395.50922213272838,314.63864604762415,314.63864604762415,candidate,refined,strongest_peak,1,measured,quality_gated_measurement,false,pdv_channel_2,automatic
0.00074871241499162267,517578124.82350278,513402372.0903551,397.8868383700252,397.8868383700252,316.51455013337153,316.51455013337153,candidate,refined,strongest_peak,1,measured,quality_gated_measurement,false,pdv_channel_2,automatic
0.00074871561499162376,507812499.82683295,511613752.40276217,396.50065811214068,396.50065811214068,315.42088559707213,315.42088559707213,candidate,refined,strongest_peak,1,measured,quality_gated_measurement,false,pdv_channel_2,automatic
0.00074871881499162486,507812499.82683295,505589758.32806939,391.83206270425376,391.83206270425376,311.73723927648189,311.73723927648189,candidate,refined,strongest_peak,1,measured,quality_gated_measurement,false,pdv_channel_2,automatic
0.00074872201499162595,498046874.83016306,498439965.49339443,386.2909732573807,386.2909732573807,307.36470442652387,307.36470442652387,candidate,refined,strongest_peak,1,measured,quality_gated_measurement,false,pdv_channel_2,automatic
0.00074872521499162704,498046874.83016306,496158238.9591732,384.52263519335924,384.52263519335924,305.96918142879917,305.96918142879917,candidate,refined,strongest_peak,1,measured,quality_gated_measurement,false,pdv_channel_2,automatic
0.00074872841499162813,507812499.82683295,505689398.25011396,391.90928364383831,391.90928364383831,311.79817157333559,311.79817157333559,candidate,refined,strongest_peak,1,measured,quality_gated_measurement,false,pdv_channel_2,automatic
0.00074873161499162922,517578124.82350278,521466154.6284318,404.13626983703466,404.13626983703466,321.4448223411934,321.4448223411934,candidate,refined,strongest_peak,1,measured,quality_gated_measurement,false,pdv_channel_2,automatic
0.00074873481499163031,527343749.82017267,nan,nan,nan,nan,nan,candidate,refined,strongest_peak,1,ambiguous_peak,ambiguous_peak,false,pdv_channel_2,automatic
0.0007487380149916314,58593749.980019182,nan,nan,nan,nan,nan,candidate,boundary_peak,strongest_peak,1,ambiguous_peak,ambiguous_peak,false,pdv_channel_2,automatic
0.00074874121499163249,58593749.980019182,nan,nan,nan,nan,nan,candidate,boundary_peak,strongest_peak,1,ambiguous_peak,ambiguous_peak,false,pdv_channel_2,automatic
0.00074874441499163359,537109374.81684256,nan,nan,nan,nan,nan,candidate,refined,strongest_peak,1,ambiguous_peak,ambiguous_peak,false,pdv_channel_2,automatic
0.00074874761499163468,507812499.82683295,510500481.23850358,395.63787295984025,395.63787295984025,314.74015201105692,314.74015201105692,candidate,refined,strongest_peak,1,measured,quality_gated_measurement,false,pdv_channel_2,automatic
0.00074875081499163577,498046874.83016306,500143468.15018994,387.61118781639721,387.61118781639721,308.40654670672291,308.40654670672291,candidate,refined,strongest_peak,1,measured,quality_gated_measurement,false,pdv_channel_2,automatic
0.00074875401499163686,498046874.83016306,502619128.32602757,389.52982445267139,389.52982445267139,309.92057964108579,309.92057964108579,candidate,refined,strongest_peak,1,measured,quality_gated_measurement,false,pdv_channel_2,automatic
0.00074875721499163795,507812499.82683295,504977535.04113269,391.35758965687785,391.35758965687785,311.36284730872592,311.36284730872592,candidate,refined,strongest_peak,1,measured,quality_gated_measurement,false,pdv_channel_2,automatic
0.00074876041499163904,507812499.82683295,503530841.14590073,390.23640188807303,390.23640188807303,310.47813801214255,310.47813801214255,candidate,refined,strongest_peak,1,measured,quality_gated_measurement,false,pdv_channel_2,automatic
0.00074876361499164013,507812499.82683295,504529277.76955968,391.01019027140876,391.01019027140876,311.08872286687989,311.08872286687989,candidate,refined,strongest_peak,1,measured,quality_gated_measurement,false,pdv_channel_2,automatic
0.00074876681499164122,507812499.82683295,507231271.40176612,393.10423533636873,393.10423533636873,312.74105291528446,312.74105291528446,candidate,refined,strongest_peak,1,measured,quality_gated_measurement,false,pdv_channel_2,automatic
0.00074877001499164232,507812499.82683295,506728740.49853843,392.71477388636725,392.71477388636725,312.43374940858757,312.43374940858757,candidate,refined,strongest_peak,1,measured,quality_gated_measurement,false,pdv_channel_2,automatic
0.00074877321499164341,507812499.82683295,504892628.92828065,391.29178741941752,391.29178741941752,311.31092450995965,311.31092450995965,candidate,refined,strongest_peak,1,measured,quality_gated_measurement,false,pdv_channel_2,automatic
0.0007487764149916445,507812499.82683295,505371138.76081264,391.66263253962978,391.66263253962978,311.60354761475298,311.60354761475298,candidate,refined,strongest_peak,1,measured,quality_gated_measurement,false,pdv_channel_2,automatic
0.00074877961499164559,507812499.82683295,508682212.07574236,394.2287143587003,394.2287143587003,313.62830605380003,313.62830605380003,candidate,refined,strongest_peak,1,measured,quality_gated_measurement,false,pdv_channel_2,automatic
0.00074878281499164668,517578124.82350278,513501192.13112211,397.96342390161965,397.96342390161965,316.57497345533523,316.57497345533523,candidate,refined,strongest_peak,1,measured,quality_gated_measurement,false,pdv_channel_2,automatic
0.00074878601499164777,517578124.82350278,516727016.53069723,400.46343781129036,400.46343781129036,318.54734526638686,318.54734526638686,candidate,refined,strongest_peak,1,measured,quality_gated_measurement,false,pdv_channel_2,automatic
0.00074878921499164886,517578124.82350278,518601381.67768657,401.91607080020708,401.91607080020708,319.6933454158667,319.6933454158667,candidate,refined,strongest_peak,1,measured,quality_gated_measurement,false,pdv_channel_2,automatic
0.00074879241499164995,517578124.82350278,515766540.84972233,399.71906915853481,399.71906915853481,317.96009041915454,317.96009041915454,candidate,refined,strongest_peak,1,measured,quality_gated_measurement,false,pdv_channel_2,automatic
0.00074879561499165105,507812499.82683295,509375243.84769315,394.7658139819622,394.7658139819622,314.0520890484355,314.0520890484355,candidate,refined,strongest_peak,1,measured,quality_gated_measurement,false,pdv_channel_2,automatic
0.00074879881499165214,507812499.82683295,507778842.67363137,393.5286030720643,393.5286030720643,313.07589629045646,313.07589629045646,candidate,refined,strongest_peak,1,measured,quality_gated_measurement,false,pdv_channel_2,automatic
0.00074880201499165323,507812499.82683295,511949021.20091146,396.7604914307064,396.7604914307064,315.62589053016427,315.62589053016427,candidate,refined,strongest_peak,1,measured,quality_gated_measurement,false,pdv_channel_2,automatic
0.00074880521499165432,507812499.82683295,511541468.74195105,396.44463827501204,396.44463827501204,315.37668656775583,315.37668656775583,candidate,refined,strongest_peak,1,measured,quality_gated_measurement,false,pdv_channel_2,automatic
0.00074880841499165541,507812499.82683295,507112846.66575509,393.0124561659602,393.0124561659602,312.66863503334667,312.66863503334667,candidate,refined,strongest_peak,1,measured,quality_gated_measurement,false,pdv_channel_2,automatic
0.0007488116149916565,507812499.82683295,504902065.95913357,391.29910111832851,391.29910111832851,311.31669555915443,311.31669555915443,candidate,refined,strongest_peak,1,measured,quality_gated_measurement,false,pdv_channel_2,automatic
0.00074881481499165759,507812499.82683295,507229170.61887044,393.1026072296246,393.1026072296246,312.73976826724737,312.73976826724737,candidate,refined,strongest_peak,1,measured,quality_gated_measurement,false,pdv_channel_2,automatic
0.00074881801499165868,507812499.82683295,511334289.4126367,396.28407429479341,396.28407429479341,315.25000308686725,315.25000308686725,candidate,refined,strongest_peak,1,measured,quality_gated_measurement,false,pdv_channel_2,automatic
0.00074882121499165977,507812499.82683295,512033730.96054024,396.82614149441866,396.82614149441866,315.6776873579098,315.6776873579098,candidate,refined,strongest_peak,1,measured,quality_gated_measurement,false,pdv_channel_2,automatic
0.00074882441499166087,507812499.82683295,511433264.15550947,396.36077972051982,396.36077972051982,315.31052300391207,315.31052300391207,candidate,refined,strongest_peak,1,measured,quality_gated_measurement,false,pdv_channel_2,automatic
0.00074882761499166196,507812499.82683295,510435660.83190191,395.587637144724,395.587637144724,314.70051580519379,314.70051580519379,candidate,refined,strongest_peak,1,measured,quality_gated_measurement,false,pdv_channel_2,automatic
0.00074883081499166305,507812499.82683295,508397116.66656333,394.00776541658655,394.00776541658655,313.45397127810787,313.45397127810787,candidate,refined,strongest_peak,1,measured,quality_gated_measurement,false,pdv_channel_2,automatic
0.00074883401499166414,507812499.82683295,507449488.11278278,393.27335328740662,393.27335328740662,312.87449420085852,312.87449420085852,candidate,refined,strongest_peak,1,measured,quality_gated_measurement,false,pdv_channel_2,automatic
0.00074883721499166523,507812499.82683295,506678424.25979561,392.67577880134161,392.67577880134161,312.40298030432933,312.40298030432933,candidate,refined,strongest_peak,1,measured,quality_gated_measurement,false,pdv_channel_2,automatic
0.00074884041499166632,507812499.82683295,506723232.29984742,392.71050503238177,392.71050503238177,312.43038106702261,312.43038106702261,candidate,refined,strongest_peak,1,measured,quality_gated_measurement,false,pdv_channel_2,automatic
0.00074884361499166741,507812499.82683295,509674029.95160854,394.9973732124966,394.9973732124966,314.23479273375142,314.23479273375142,candidate,refined,strongest_peak,1,measured,quality_gated_measurement,false,pdv_channel_2,automatic
0.0007488468149916685,517578124.82350278,512975571.75110877,397.5560681071093,397.5560681071093,316.2535827993616,316.2535827993616,candidate,refined,strongest_peak,1,measured,quality_gated_measurement,false,pdv_channel_2,automatic
0.0007488500149916696,507812499.82683295,511238991.32129794,396.21021827400591,396.21021827400591,315.19173123488758,315.19173123488758,candidate,refined,strongest_peak,1,measured,quality_gated_measurement,false,pdv_channel_2,automatic
0.00074885321499167069,507812499.82683295,506107406.90979928,392.23324035509444,392.23324035509444,312.05379321917638,312.05379321917638,candidate,refined,strongest_peak,1,measured,quality_gated_measurement,false,pdv_channel_2,automatic
0.00074885641499167178,498046874.83016306,502664596.33137959,389.56506215681918,389.56506215681918,309.94838581586913,309.94838581586913,candidate,refined,strongest_peak,1,measured,quality_gated_measurement,false,pdv_channel_2,automatic
0.00074885961499167287,507812499.82683295,508267423.27314854,393.90725303669012,393.90725303669012,313.37466398817304,313.37466398817304,candidate,refined,strongest_peak,1,measured,quality_gated_measurement,false,pdv_channel_2,automatic
0.00074886281499167396,507812499.82683295,512514991.76266682,397.19911861606676,397.19911861606676,315.97195888030848,315.97195888030848,candidate,refined,strongest_peak,1,measured,quality_gated_measurement,false,pdv_channel_2,automatic
0.00074886601499167505,507812499.82683295,510111090.1615442,395.33609487519675,395.33609487519675,314.50204759392795,314.50204759392795,candidate,refined,strongest_peak,1,measured,quality_gated_measurement,false,pdv_channel_2,automatic
0.00074886921499167614,507812499.82683295,512210668.10327971,396.96326778004175,396.96326778004175,315.78587753038391,315.78587753038391,candidate,refined,strongest_peak,1,measured,quality_gated_measurement,false,pdv_channel_2,automatic
0.00074887241499167723,517578124.82350278,519684952.36908388,402.75583808604,402.75583808604,320.3558327240961,320.3558327240961,candidate,refined,strongest_peak,1,measured,quality_gated_measurement,false,pdv_channel_2,automatic
0.00074887561499167833,517578124.82350278,nan,nan,nan,nan,nan,candidate,refined,strongest_peak,1,ambiguous_peak,ambiguous_peak,false,pdv_channel_2,automatic
0.00074887881499167942,507812499.82683295,nan,nan,nan,nan,nan,candidate,refined,strongest_peak,1,ambiguous_peak,ambiguous_peak,false,pdv_channel_2,automatic
0.00074888201499168051,488281249.83349323,486552400.20330679,377.07811015756278,377.07811015756278,300.09359022664404,300.09359022664404,candidate,refined,strongest_peak,1,measured,quality_gated_measurement,false,pdv_channel_2,automatic
0.0007488852149916816,478515624.83682334,474210666.77849358,367.51326675333252,367.51326675333252,292.543138773561,292.543138773561,candidate,refined,strongest_peak,1,measured,quality_gated_measurement,false,pdv_channel_2,automatic
0.00074888841499168269,478515624.83682334,475962554.99270296,368.87098011934478,368.87098011934478,293.61500977823317,293.61500977823317,candidate,refined,strongest_peak,1,measured,quality_gated_measurement,false,pdv_channel_2,automatic
0.00074889161499168378,517578124.82350278,nan,nan,nan,nan,nan,candidate,refined,strongest_peak,1,ambiguous_peak,ambiguous_peak,false,pdv_channel_2,automatic
0.00074889481499168487,517578124.82350278,nan,nan,nan,nan,nan,candidate,refined,strongest_peak,1,ambiguous_peak,ambiguous_peak,false,pdv_channel_2,automatic
0.00074889801499168596,498046874.83016306,499805675.84624529,387.34939878084009,387.34939878084009,308.19995920456535,308.19995920456535,candidate,refined,strongest_peak,1,measured,quality_gated_measurement,false,pdv_channel_2,automatic
0.00074890121499168706,498046874.83016306,496211570.95544177,384.56396749046735,384.56396749046735,306.00180032267588,306.00180032267588,candidate,refined,strongest_peak,1,measured,quality_gated_measurement,false,pdv_channel_2,automatic
0.00074890441499168815,498046874.83016306,497168235.1173389,385.30538221593764,385.30538221593764,306.58690998855087,306.58690998855087,candidate,refined,strongest_peak,1,measured,quality_gated_measurement,false,pdv_channel_2,automatic
0.00074890761499168924,498046874.83016306,493682782.32562697,382.60415630236088,382.60415630236088,304.45511195860809,304.45511195860809,candidate,refined,strongest_peak,1,measured,quality_gated_measurement,false,pdv_channel_2,automatic
0.00074891081499169033,498046874.83016306,493327748.8455708,382.32900535531735,382.32900535531735,304.23795688349264,304.23795688349264,candidate,refined,strongest_peak,1,measured,quality_gated_measurement,false,pdv_channel_2,automatic
0.00074891401499169142,498046874.83016306,496485983.52116829,384.77663722890543,384.77663722890543,306.16963597013233,306.16963597013233,candidate,refined,strongest_peak,1,measured,quality_gated_measurement,false,pdv_channel_2,automatic
0.00074891721499169251,498046874.83016306,497295162.54126513,385.40375096948048,385.40375096948048,306.6645399464241,306.6645399464241,candidate,refined,strongest_peak,1,measured,quality_gated_measurement,false,pdv_channel_2,automatic
0.0007489204149916936,498046874.83016306,494510760.3778497,383.24583929283352,383.24583929283352,304.96153707144293,304.96153707144293,candidate,refined,strongest_peak,1,measured,quality_gated_measurement,false,pdv_channel_2,automatic
0.00074892361499169469,488281249.83349323,488070310.65548867,378.25449075800373,378.25449075800373,301.02211138863566,301.02211138863566,candidate,refined,strongest_peak,1,measured,quality_gated_measurement,false,pdv_channel_2,automatic
0.00074892681499169579,478515624.83682334,479437891.76551056,371.5643661182707,371.5643661182707,295.74125571066514,295.74125571066514,candidate,refined,strongest_peak,1,measured,quality_gated_measurement,false,pdv_channel_2,automatic
0.00074893001499169688,478515624.83682334,480424653.12224418,372.32910616973925,372.32910616973925,296.34494314018116,296.34494314018116,candidate,refined,strongest_peak,1,measured,quality_gated_measurement,false,pdv_channel_2,automatic
0.00074893321499169797,488281249.83349323,489606103.70971662,379.44473037503036,379.44473037503036,301.96154742014062,301.96154742014062,candidate,refined,strongest_peak,1,measured,quality_gated_measurement,false,pdv_channel_2,automatic
0.00074893641499169906,498046874.83016306,499315930.72189564,386.96984630946912,386.96984630946912,307.90043814488945,307.90043814488945,candidate,refined,strongest_peak,1,measured,quality_gated_measurement,false,pdv_channel_2,automatic
0.00074893961499170015,498046874.83016306,501002482.87165821,388.27692422553508,388.27692422553508,308.93189901075442,308.93189901075442,candidate,refined,strongest_peak,1,measured,quality_gated_measurement,false,pdv_channel_2,automatic
0.00074894281499170124,498046874.83016306,499745780.76752579,387.30298009483249,387.30298009483249,308.16332836686234,308.16332836686234,candidate,refined,strongest_peak,1,measured,quality_gated_measurement,false,pdv_channel_2,automatic
