time_s,coarse_peak_frequency_hz,refined_frequency_hz,apparent_velocity_m_s,display_velocity_m_s,ridge_quality_flag,ridge_refinement_status,signal_state,velocity_origin,is_pre_event_display_only,channel,analysis_mode
0.0007439636149900033,58593749.980019182,nan,nan,nan,candidate,boundary_peak,peak_at_band_boundary,peak_at_band_boundary,false,pdv_channel_1,automatic
0.0007439668149900044,58593749.980019182,nan,nan,nan,candidate,boundary_peak,peak_at_band_boundary,peak_at_band_boundary,false,pdv_channel_1,automatic
0.00074397001499000549,58593749.980019182,nan,nan,nan,candidate,boundary_peak,peak_at_band_boundary,peak_at_band_boundary,false,pdv_channel_1,automatic
0.00074397321499000658,58593749.980019182,nan,nan,nan,candidate,boundary_peak,no_detectable_beat,no_detectable_beat,false,pdv_channel_1,automatic
0.00074397641499000767,58593749.980019182,nan,nan,nan,candidate,boundary_peak,peak_at_band_boundary,peak_at_band_boundary,false,pdv_channel_1,automatic
0.00074397961499000876,58593749.980019182,nan,nan,nan,candidate,boundary_peak,ambiguous_peak,ambiguous_peak,false,pdv_channel_1,automatic
0.00074398281499000985,136718749.95337811,nan,nan,nan,candidate,refined,unstable_detection,unstable_detection,false,pdv_channel_1,automatic
0.00074398601499001094,117187499.96003836,nan,nan,nan,candidate,refined,unstable_detection,unstable_detection,false,pdv_channel_1,automatic
0.00074398921499001203,58593749.980019182,nan,nan,nan,candidate,boundary_peak,peak_at_band_boundary,peak_at_band_boundary,false,pdv_channel_1,automatic
0.00074399241499001313,58593749.980019182,nan,nan,nan,candidate,boundary_peak,no_detectable_beat,no_detectable_beat,false,pdv_channel_1,automatic
0.00074399561499001422,58593749.980019182,nan,nan,nan,candidate,boundary_peak,no_detectable_beat,no_detectable_beat,false,pdv_channel_1,automatic
0.00074399881499001531,58593749.980019182,nan,nan,nan,candidate,boundary_peak,peak_at_band_boundary,peak_at_band_boundary,false,pdv_channel_1,automatic
0.0007440020149900164,58593749.980019182,nan,nan,nan,candidate,boundary_peak,peak_at_band_boundary,peak_at_band_boundary,false,pdv_channel_1,automatic
0.00074400521499001749,126953124.95670824,nan,nan,nan,candidate,refined,no_detectable_beat,no_detectable_beat,false,pdv_channel_1,automatic
0.00074400841499001858,58593749.980019182,nan,nan,nan,candidate,boundary_peak,peak_at_band_boundary,peak_at_band_boundary,false,pdv_channel_1,automatic
0.00074401161499001967,58593749.980019182,nan,nan,nan,candidate,boundary_peak,peak_at_band_boundary,peak_at_band_boundary,false,pdv_channel_1,automatic
0.00074401481499002076,117187499.96003836,nan,nan,nan,candidate,refined,ambiguous_peak,ambiguous_peak,false,pdv_channel_1,automatic
0.00074401801499002186,58593749.980019182,nan,nan,nan,candidate,boundary_peak,peak_at_band_boundary,peak_at_band_boundary,false,pdv_channel_1,automatic
0.00074402121499002295,126953124.95670824,nan,nan,nan,candidate,refined,unstable_detection,unstable_detection,false,pdv_channel_1,automatic
0.00074402441499002404,58593749.980019182,nan,nan,nan,candidate,boundary_peak,peak_at_band_boundary,peak_at_band_boundary,false,pdv_channel_1,automatic
0.00074402761499002513,58593749.980019182,nan,nan,nan,candidate,boundary_peak,peak_at_band_boundary,peak_at_band_boundary,false,pdv_channel_1,automatic
0.00074403081499002622,58593749.980019182,nan,nan,nan,candidate,boundary_peak,no_detectable_beat,no_detectable_beat,false,pdv_channel_1,automatic
0.00074403401499002731,58593749.980019182,nan,nan,nan,candidate,boundary_peak,peak_at_band_boundary,peak_at_band_boundary,false,pdv_channel_1,automatic
0.0007440372149900284,58593749.980019182,nan,nan,nan,candidate,boundary_peak,no_detectable_beat,no_detectable_beat,false,pdv_channel_1,automatic
0.00074404041499002949,58593749.980019182,nan,nan,nan,candidate,boundary_peak,ambiguous_peak,ambiguous_peak,false,pdv_channel_1,automatic
0.00074404361499003059,58593749.980019182,nan,nan,nan,candidate,boundary_peak,peak_at_band_boundary,peak_at_band_boundary,false,pdv_channel_1,automatic
0.00074404681499003168,1835937499.3739345,nan,nan,nan,candidate,refined,ambiguous_peak,ambiguous_peak,false,pdv_channel_1,automatic
0.00074405001499003277,58593749.980019182,nan,nan,nan,candidate,boundary_peak,ambiguous_peak,ambiguous_peak,false,pdv_channel_1,automatic
0.00074405321499003386,58593749.980019182,nan,nan,nan,candidate,boundary_peak,peak_at_band_boundary,peak_at_band_boundary,false,pdv_channel_1,automatic
0.00074405641499003495,58593749.980019182,nan,nan,nan,candidate,boundary_peak,peak_at_band_boundary,peak_at_band_boundary,false,pdv_channel_1,automatic
0.00074405961499003604,58593749.980019182,nan,nan,nan,candidate,boundary_peak,peak_at_band_boundary,peak_at_band_boundary,false,pdv_channel_1,automatic
0.00074406281499003713,58593749.980019182,nan,nan,nan,candidate,boundary_peak,peak_at_band_boundary,peak_at_band_boundary,false,pdv_channel_1,automatic
0.00074406601499003822,58593749.980019182,nan,nan,nan,candidate,boundary_peak,peak_at_band_boundary,peak_at_band_boundary,false,pdv_channel_1,automatic
0.00074406921499003931,58593749.980019182,nan,nan,nan,candidate,boundary_peak,peak_at_band_boundary,peak_at_band_boundary,false,pdv_channel_1,automatic
0.00074407241499004041,58593749.980019182,nan,nan,nan,candidate,boundary_peak,peak_at_band_boundary,peak_at_band_boundary,false,pdv_channel_1,automatic
0.0007440756149900415,58593749.980019182,nan,nan,nan,candidate,boundary_peak,peak_at_band_boundary,peak_at_band_boundary,false,pdv_channel_1,automatic
0.00074407881499004259,117187499.96003836,nan,nan,nan,candidate,refined,unstable_detection,unstable_detection,false,pdv_channel_1,automatic
0.00074408201499004368,58593749.980019182,nan,nan,nan,candidate,boundary_peak,peak_at_band_boundary,peak_at_band_boundary,false,pdv_channel_1,automatic
0.00074408521499004477,107421874.96336851,nan,nan,nan,candidate,refined,unstable_detection,unstable_detection,false,pdv_channel_1,automatic
0.00074408841499004586,117187499.96003836,nan,nan,nan,candidate,refined,unstable_detection,unstable_detection,false,pdv_channel_1,automatic
0.00074409161499004695,58593749.980019182,nan,nan,nan,candidate,boundary_peak,peak_at_band_boundary,peak_at_band_boundary,false,pdv_channel_1,automatic
0.00074409481499004804,117187499.96003836,nan,nan,nan,candidate,refined,ambiguous_peak,ambiguous_peak,false,pdv_channel_1,automatic
0.00074409801499004914,1845703124.3706043,nan,nan,nan,candidate,refined,no_detectable_beat,no_detectable_beat,false,pdv_channel_1,automatic
0.00074410121499005023,58593749.980019182,nan,nan,nan,candidate,boundary_peak,peak_at_band_boundary,peak_at_band_boundary,false,pdv_channel_1,automatic
0.00074410441499005132,58593749.980019182,nan,nan,nan,candidate,boundary_peak,ambiguous_peak,ambiguous_peak,false,pdv_channel_1,automatic
0.00074410761499005241,1816406249.3805947,nan,nan,nan,candidate,refined,no_detectable_beat,no_detectable_beat,false,pdv_channel_1,automatic
0.0007441108149900535,58593749.980019182,nan,nan,nan,candidate,boundary_peak,peak_at_band_boundary,peak_at_band_boundary,false,pdv_channel_1,automatic
0.00074411401499005459,58593749.980019182,nan,nan,nan,candidate,boundary_peak,ambiguous_peak,ambiguous_peak,false,pdv_channel_1,automatic
0.00074411721499005568,1826171874.3772647,nan,nan,nan,candidate,refined,ambiguous_peak,ambiguous_peak,false,pdv_channel_1,automatic
0.00074412041499005677,58593749.980019182,nan,nan,nan,candidate,boundary_peak,ambiguous_peak,ambiguous_peak,false,pdv_channel_1,automatic
0.00074412361499005787,58593749.980019182,nan,nan,nan,candidate,boundary_peak,peak_at_band_boundary,peak_at_band_boundary,false,pdv_channel_1,automatic
0.00074412681499005896,146484374.95004797,nan,nan,nan,candidate,refined,unstable_detection,unstable_detection,false,pdv_channel_1,automatic
0.00074413001499006005,58593749.980019182,nan,nan,nan,candidate,boundary_peak,peak_at_band_boundary,peak_at_band_boundary,false,pdv_channel_1,automatic
0.00074413321499006114,58593749.980019182,nan,nan,nan,candidate,boundary_peak,peak_at_band_boundary,peak_at_band_boundary,false,pdv_channel_1,automatic
0.00074413641499006223,58593749.980019182,nan,nan,nan,candidate,boundary_peak,peak_at_band_boundary,peak_at_band_boundary,false,pdv_channel_1,automatic
0.00074413961499006332,58593749.980019182,nan,nan,nan,candidate,boundary_peak,peak_at_band_boundary,peak_at_band_boundary,false,pdv_channel_1,automatic
0.00074414281499006441,58593749.980019182,nan,nan,nan,candidate,boundary_peak,peak_at_band_boundary,peak_at_band_boundary,false,pdv_channel_1,automatic
0.0007441460149900655,58593749.980019182,nan,nan,nan,candidate,boundary_peak,peak_at_band_boundary,peak_at_band_boundary,false,pdv_channel_1,automatic
0.0007441492149900666,58593749.980019182,nan,nan,nan,candidate,boundary_peak,ambiguous_peak,ambiguous_peak,false,pdv_channel_1,automatic
0.00074415241499006769,58593749.980019182,nan,nan,nan,candidate,boundary_peak,peak_at_band_boundary,peak_at_band_boundary,false,pdv_channel_1,automatic
0.00074415561499006878,58593749.980019182,nan,nan,nan,candidate,boundary_peak,ambiguous_peak,ambiguous_peak,false,pdv_channel_1,automatic
0.00074415881499006987,126953124.95670824,nan,nan,nan,candidate,refined,ambiguous_peak,ambiguous_peak,false,pdv_channel_1,automatic
0.00074416201499007096,58593749.980019182,nan,nan,nan,candidate,boundary_peak,peak_at_band_boundary,peak_at_band_boundary,false,pdv_channel_1,automatic
0.00074416521499007205,117187499.96003836,nan,nan,nan,candidate,refined,ambiguous_peak,ambiguous_peak,false,pdv_channel_1,automatic
0.00074416841499007314,58593749.980019182,nan,nan,nan,candidate,boundary_peak,ambiguous_peak,ambiguous_peak,false,pdv_channel_1,automatic
0.00074417161499007423,58593749.980019182,nan,nan,nan,candidate,boundary_peak,peak_at_band_boundary,peak_at_band_boundary,false,pdv_channel_1,automatic
0.00074417481499007533,117187499.96003836,nan,nan,nan,candidate,refined,unstable_detection,unstable_detection,false,pdv_channel_1,automatic
0.00074417801499007642,117187499.96003836,nan,nan,nan,candidate,refined,unstable_detection,unstable_detection,false,pdv_channel_1,automatic
0.00074418121499007751,58593749.980019182,nan,nan,nan,candidate,boundary_peak,peak_at_band_boundary,peak_at_band_boundary,false,pdv_channel_1,automatic
0.0007441844149900786,107421874.96336851,nan,nan,nan,candidate,refined,no_detectable_beat,no_detectable_beat,false,pdv_channel_1,automatic
0.00074418761499007969,58593749.980019182,nan,nan,nan,candidate,boundary_peak,peak_at_band_boundary,peak_at_band_boundary,false,pdv_channel_1,automatic
0.00074419081499008078,58593749.980019182,nan,nan,nan,candidate,boundary_peak,peak_at_band_boundary,peak_at_band_boundary,false,pdv_channel_1,automatic
0.00074419401499008187,58593749.980019182,nan,nan,nan,candidate,boundary_peak,peak_at_band_boundary,peak_at_band_boundary,false,pdv_channel_1,automatic
0.00074419721499008296,1806640624.383925,nan,nan,nan,candidate,refined,ambiguous_peak,ambiguous_peak,false,pdv_channel_1,automatic
0.00074420041499008405,58593749.980019182,nan,nan,nan,candidate,boundary_peak,peak_at_band_boundary,peak_at_band_boundary,false,pdv_channel_1,automatic
0.00074420361499008515,58593749.980019182,nan,nan,nan,candidate,boundary_peak,peak_at_band_boundary,peak_at_band_boundary,false,pdv_channel_1,automatic
0.00074420681499008624,117187499.96003836,nan,nan,nan,candidate,refined,unstable_detection,unstable_detection,false,pdv_channel_1,automatic
0.00074421001499008733,58593749.980019182,nan,nan,nan,candidate,boundary_peak,peak_at_band_boundary,peak_at_band_boundary,false,pdv_channel_1,automatic
0.00074421321499008842,58593749.980019182,nan,nan,nan,candidate,boundary_peak,peak_at_band_boundary,peak_at_band_boundary,false,pdv_channel_1,automatic
0.00074421641499008951,58593749.980019182,nan,nan,nan,candidate,boundary_peak,peak_at_band_boundary,peak_at_band_boundary,false,pdv_channel_1,automatic
0.0007442196149900906,58593749.980019182,nan,nan,nan,candidate,boundary_peak,peak_at_band_boundary,peak_at_band_boundary,false,pdv_channel_1,automatic
0.00074422281499009169,58593749.980019182,nan,nan,nan,candidate,boundary_peak,peak_at_band_boundary,peak_at_band_boundary,false,pdv_channel_1,automatic
0.00074422601499009278,58593749.980019182,nan,nan,nan,candidate,boundary_peak,peak_at_band_boundary,peak_at_band_boundary,false,pdv_channel_1,automatic
0.00074422921499009388,58593749.980019182,nan,nan,nan,candidate,boundary_peak,peak_at_band_boundary,peak_at_band_boundary,false,pdv_channel_1,automatic
0.00074423241499009497,58593749.980019182,nan,nan,nan,candidate,boundary_peak,peak_at_band_boundary,peak_at_band_boundary,false,pdv_channel_1,automatic
0.00074423561499009606,58593749.980019182,nan,nan,nan,candidate,boundary_peak,peak_at_band_boundary,peak_at_band_boundary,false,pdv_channel_1,automatic
0.00074423881499009715,58593749.980019182,nan,nan,nan,candidate,boundary_peak,peak_at_band_boundary,peak_at_band_boundary,false,pdv_channel_1,automatic
0.00074424201499009824,58593749.980019182,nan,nan,nan,candidate,boundary_peak,peak_at_band_boundary,peak_at_band_boundary,false,pdv_channel_1,automatic
0.00074424521499009933,58593749.980019182,nan,nan,nan,candidate,boundary_peak,peak_at_band_boundary,peak_at_band_boundary,false,pdv_channel_1,automatic
0.00074424841499010042,58593749.980019182,nan,nan,nan,candidate,boundary_peak,peak_at_band_boundary,peak_at_band_boundary,false,pdv_channel_1,automatic
0.00074425161499010151,58593749.980019182,nan,nan,nan,candidate,boundary_peak,peak_at_band_boundary,peak_at_band_boundary,false,pdv_channel_1,automatic
0.00074425481499010261,58593749.980019182,nan,nan,nan,candidate,boundary_peak,peak_at_band_boundary,peak_at_band_boundary,false,pdv_channel_1,automatic
0.0007442580149901037,58593749.980019182,nan,nan,nan,candidate,boundary_peak,peak_at_band_boundary,peak_at_band_boundary,false,pdv_channel_1,automatic
0.00074426121499010479,58593749.980019182,nan,nan,nan,candidate,boundary_peak,peak_at_band_boundary,peak_at_band_boundary,false,pdv_channel_1,automatic
0.00074426441499010588,58593749.980019182,nan,nan,nan,candidate,boundary_peak,peak_at_band_boundary,peak_at_band_boundary,false,pdv_channel_1,automatic
0.00074426761499010697,58593749.980019182,nan,nan,nan,candidate,boundary_peak,peak_at_band_boundary,peak_at_band_boundary,false,pdv_channel_1,automatic
0.00074427081499010806,58593749.980019182,nan,nan,nan,candidate,boundary_peak,peak_at_band_boundary,peak_at_band_boundary,false,pdv_channel_1,automatic
0.00074427401499010915,58593749.980019182,nan,nan,nan,candidate,boundary_peak,peak_at_band_boundary,peak_at_band_boundary,false,pdv_channel_1,automatic
0.00074427721499011024,58593749.980019182,nan,nan,nan,candidate,boundary_peak,peak_at_band_boundary,peak_at_band_boundary,false,pdv_channel_1,automatic
0.00074428041499011134,58593749.980019182,nan,nan,nan,candidate,boundary_peak,peak_at_band_boundary,peak_at_band_boundary,false,pdv_channel_1,automatic
0.00074428361499011243,58593749.980019182,nan,nan,nan,candidate,boundary_peak,peak_at_band_boundary,peak_at_band_boundary,false,pdv_channel_1,automatic
0.00074428681499011352,58593749.980019182,nan,nan,nan,candidate,boundary_peak,peak_at_band_boundary,peak_at_band_boundary,false,pdv_channel_1,automatic
0.00074429001499011461,58593749.980019182,nan,nan,nan,candidate,boundary_peak,peak_at_band_boundary,peak_at_band_boundary,false,pdv_channel_1,automatic
0.0007442932149901157,117187499.96003836,nan,nan,nan,candidate,refined,ambiguous_peak,ambiguous_peak,false,pdv_channel_1,automatic
0.00074429641499011679,58593749.980019182,nan,nan,nan,candidate,boundary_peak,peak_at_band_boundary,peak_at_band_boundary,false,pdv_channel_1,automatic
0.00074429961499011788,58593749.980019182,nan,nan,nan,candidate,boundary_peak,peak_at_band_boundary,peak_at_band_boundary,false,pdv_channel_1,automatic
0.00074430281499011897,107421874.96336851,nan,nan,nan,candidate,refined,unstable_detection,unstable_detection,false,pdv_channel_1,automatic
0.00074430601499012007,58593749.980019182,nan,nan,nan,candidate,boundary_peak,peak_at_band_boundary,peak_at_band_boundary,false,pdv_channel_1,automatic
0.00074430921499012116,58593749.980019182,nan,nan,nan,candidate,boundary_peak,peak_at_band_boundary,peak_at_band_boundary,false,pdv_channel_1,automatic
0.00074431241499012225,97656249.966698647,nan,nan,nan,candidate,refined,unstable_detection,unstable_detection,false,pdv_channel_1,automatic
0.00074431561499012334,107421874.96336851,nan,nan,nan,candidate,refined,unstable_detection,unstable_detection,false,pdv_channel_1,automatic
0.00074431881499012443,58593749.980019182,nan,nan,nan,candidate,boundary_peak,peak_at_band_boundary,peak_at_band_boundary,false,pdv_channel_1,automatic
0.00074432201499012552,58593749.980019182,nan,nan,nan,candidate,boundary_peak,peak_at_band_boundary,peak_at_band_boundary,false,pdv_channel_1,automatic
0.00074432521499012661,97656249.966698647,nan,nan,nan,candidate,refined,unstable_detection,unstable_detection,false,pdv_channel_1,automatic
0.0007443284149901277,58593749.980019182,nan,nan,nan,candidate,boundary_peak,peak_at_band_boundary,peak_at_band_boundary,false,pdv_channel_1,automatic
0.00074433161499012879,58593749.980019182,nan,nan,nan,candidate,boundary_peak,peak_at_band_boundary,peak_at_band_boundary,false,pdv_channel_1,automatic
0.00074433481499012989,107421874.96336851,nan,nan,nan,candidate,refined,unstable_detection,unstable_detection,false,pdv_channel_1,automatic
0.00074433801499013098,107421874.96336851,nan,nan,nan,candidate,refined,unstable_detection,unstable_detection,false,pdv_channel_1,automatic
0.00074434121499013207,58593749.980019182,nan,nan,nan,candidate,boundary_peak,peak_at_band_boundary,peak_at_band_boundary,false,pdv_channel_1,automatic
0.00074434441499013316,107421874.96336851,nan,nan,nan,candidate,refined,unstable_detection,unstable_detection,false,pdv_channel_1,automatic
0.00074434761499013425,58593749.980019182,nan,nan,nan,candidate,boundary_peak,peak_at_band_boundary,peak_at_band_boundary,false,pdv_channel_1,automatic
0.00074435081499013534,58593749.980019182,nan,nan,nan,candidate,boundary_peak,peak_at_band_boundary,peak_at_band_boundary,false,pdv_channel_1,automatic
0.00074435401499013643,136718749.95337811,nan,nan,nan,candidate,refined,unstable_detection,unstable_detection,false,pdv_channel_1,automatic
0.00074435721499013752,58593749.980019182,nan,nan,nan,candidate,boundary_peak,peak_at_band_boundary,peak_at_band_boundary,false,pdv_channel_1,automatic
0.00074436041499013862,58593749.980019182,nan,nan,nan,candidate,boundary_peak,peak_at_band_boundary,peak_at_band_boundary,false,pdv_channel_1,automatic
0.00074436361499013971,58593749.980019182,nan,nan,nan,candidate,boundary_peak,peak_at_band_boundary,peak_at_band_boundary,false,pdv_channel_1,automatic
0.0007443668149901408,58593749.980019182,nan,nan,nan,candidate,boundary_peak,peak_at_band_boundary,peak_at_band_boundary,false,pdv_channel_1,automatic
0.00074437001499014189,58593749.980019182,nan,nan,nan,candidate,boundary_peak,peak_at_band_boundary,peak_at_band_boundary,false,pdv_channel_1,automatic
0.00074437321499014298,58593749.980019182,nan,nan,nan,candidate,boundary_peak,peak_at_band_boundary,peak_at_band_boundary,false,pdv_channel_1,automatic
0.00074437641499014407,58593749.980019182,nan,nan,nan,candidate,boundary_peak,peak_at_band_boundary,peak_at_band_boundary,false,pdv_channel_1,automatic
0.00074437961499014516,58593749.980019182,nan,nan,nan,candidate,boundary_peak,peak_at_band_boundary,peak_at_band_boundary,false,pdv_channel_1,automatic
0.00074438281499014625,58593749.980019182,nan,nan,nan,candidate,boundary_peak,peak_at_band_boundary,peak_at_band_boundary,false,pdv_channel_1,automatic
0.00074438601499014735,58593749.980019182,nan,nan,nan,candidate,boundary_peak,ambiguous_peak,ambiguous_peak,false,pdv_channel_1,automatic
0.00074438921499014844,58593749.980019182,nan,nan,nan,candidate,boundary_peak,ambiguous_peak,ambiguous_peak,false,pdv_channel_1,automatic
0.00074439241499014953,58593749.980019182,nan,nan,nan,candidate,boundary_peak,peak_at_band_boundary,peak_at_band_boundary,false,pdv_channel_1,automatic
0.00074439561499015062,58593749.980019182,nan,nan,nan,candidate,boundary_peak,peak_at_band_boundary,peak_at_band_boundary,false,pdv_channel_1,automatic
0.00074439881499015171,117187499.96003836,nan,nan,nan,candidate,refined,no_detectable_beat,no_detectable_beat,false,pdv_channel_1,automatic
0.0007444020149901528,58593749.980019182,nan,nan,nan,candidate,boundary_peak,peak_at_band_boundary,peak_at_band_boundary,false,pdv_channel_1,automatic
0.00074440521499015389,58593749.980019182,nan,nan,nan,candidate,boundary_peak,peak_at_band_boundary,peak_at_band_boundary,false,pdv_channel_1,automatic
0.00074440841499015498,117187499.96003836,nan,nan,nan,candidate,refined,ambiguous_peak,ambiguous_peak,false,pdv_channel_1,automatic
0.00074441161499015608,58593749.980019182,nan,nan,nan,candidate,boundary_peak,peak_at_band_boundary,peak_at_band_boundary,false,pdv_channel_1,automatic
0.00074441481499015717,58593749.980019182,nan,nan,nan,candidate,boundary_peak,peak_at_band_boundary,peak_at_band_boundary,false,pdv_channel_1,automatic
0.00074441801499015826,146484374.95004797,nan,nan,nan,candidate,refined,unstable_detection,unstable_detection,false,pdv_channel_1,automatic
0.00074442121499015935,58593749.980019182,nan,nan,nan,candidate,boundary_peak,peak_at_band_boundary,peak_at_band_boundary,false,pdv_channel_1,automatic
0.00074442441499016044,58593749.980019182,nan,nan,nan,candidate,boundary_peak,ambiguous_peak,ambiguous_peak,false,pdv_channel_1,automatic
0.00074442761499016153,58593749.980019182,nan,nan,nan,candidate,boundary_peak,peak_at_band_boundary,peak_at_band_boundary,false,pdv_channel_1,automatic
0.00074443081499016262,58593749.980019182,nan,nan,nan,candidate,boundary_peak,peak_at_band_boundary,peak_at_band_boundary,false,pdv_channel_1,automatic
0.00074443401499016371,117187499.96003836,nan,nan,nan,candidate,refined,unstable_detection,unstable_detection,false,pdv_channel_1,automatic
0.00074443721499016481,58593749.980019182,nan,nan,nan,candidate,boundary_peak,peak_at_band_boundary,peak_at_band_boundary,false,pdv_channel_1,automatic
0.0007444404149901659,126953124.95670824,nan,nan,nan,candidate,refined,unstable_detection,unstable_detection,false,pdv_channel_1,automatic
0.00074444361499016699,58593749.980019182,nan,nan,nan,candidate,boundary_peak,peak_at_band_boundary,peak_at_band_boundary,false,pdv_channel_1,automatic
0.00074444681499016808,58593749.980019182,nan,nan,nan,candidate,boundary_peak,peak_at_band_boundary,peak_at_band_boundary,false,pdv_channel_1,automatic
0.00074445001499016917,58593749.980019182,nan,nan,nan,candidate,boundary_peak,no_detectable_beat,no_detectable_beat,false,pdv_channel_1,automatic
0.00074445321499017026,58593749.980019182,nan,nan,nan,candidate,boundary_peak,peak_at_band_boundary,peak_at_band_boundary,false,pdv_channel_1,automatic
0.00074445641499017135,58593749.980019182,nan,nan,nan,candidate,boundary_peak,peak_at_band_boundary,peak_at_band_boundary,false,pdv_channel_1,automatic
0.00074445961499017244,58593749.980019182,nan,nan,nan,candidate,boundary_peak,no_detectable_beat,no_detectable_beat,false,pdv_channel_1,automatic
0.00074446281499017353,58593749.980019182,nan,nan,nan,candidate,boundary_peak,peak_at_band_boundary,peak_at_band_boundary,false,pdv_channel_1,automatic
0.00074446601499017463,58593749.980019182,nan,nan,nan,candidate,boundary_peak,peak_at_band_boundary,peak_at_band_boundary,false,pdv_channel_1,automatic
0.00074446921499017572,58593749.980019182,nan,nan,nan,candidate,boundary_peak,peak_at_band_boundary,peak_at_band_boundary,false,pdv_channel_1,automatic
0.00074447241499017681,58593749.980019182,nan,nan,nan,candidate,boundary_peak,no_detectable_beat,no_detectable_beat,false,pdv_channel_1,automatic
0.0007444756149901779,58593749.980019182,nan,nan,nan,candidate,boundary_peak,peak_at_band_boundary,peak_at_band_boundary,false,pdv_channel_1,automatic
0.00074447881499017899,58593749.980019182,nan,nan,nan,candidate,boundary_peak,peak_at_band_boundary,peak_at_band_boundary,false,pdv_channel_1,automatic
0.00074448201499018008,58593749.980019182,nan,nan,nan,candidate,boundary_peak,peak_at_band_boundary,peak_at_band_boundary,false,pdv_channel_1,automatic
0.00074448521499018117,58593749.980019182,nan,nan,nan,candidate,boundary_peak,peak_at_band_boundary,peak_at_band_boundary,false,pdv_channel_1,automatic
0.00074448841499018226,58593749.980019182,nan,nan,nan,candidate,boundary_peak,peak_at_band_boundary,peak_at_band_boundary,false,pdv_channel_1,automatic
0.00074449161499018336,58593749.980019182,nan,nan,nan,candidate,boundary_peak,peak_at_band_boundary,peak_at_band_boundary,false,pdv_channel_1,automatic
0.00074449481499018445,58593749.980019182,nan,nan,nan,candidate,boundary_peak,no_detectable_beat,no_detectable_beat,false,pdv_channel_1,automatic
0.00074449801499018554,58593749.980019182,nan,nan,nan,candidate,boundary_peak,peak_at_band_boundary,peak_at_band_boundary,false,pdv_channel_1,automatic
0.00074450121499018663,58593749.980019182,nan,nan,nan,candidate,boundary_peak,peak_at_band_boundary,peak_at_band_boundary,false,pdv_channel_1,automatic
0.00074450441499018772,58593749.980019182,nan,nan,nan,candidate,boundary_peak,peak_at_band_boundary,peak_at_band_boundary,false,pdv_channel_1,automatic
0.00074450761499018881,58593749.980019182,nan,nan,nan,candidate,boundary_peak,peak_at_band_boundary,peak_at_band_boundary,false,pdv_channel_1,automatic
0.0007445108149901899,58593749.980019182,nan,nan,nan,candidate,boundary_peak,peak_at_band_boundary,peak_at_band_boundary,false,pdv_channel_1,automatic
0.00074451401499019099,58593749.980019182,nan,nan,nan,candidate,boundary_peak,peak_at_band_boundary,peak_at_band_boundary,false,pdv_channel_1,automatic
0.00074451721499019209,58593749.980019182,nan,nan,nan,candidate,boundary_peak,peak_at_band_boundary,peak_at_band_boundary,false,pdv_channel_1,automatic
0.00074452041499019318,58593749.980019182,nan,nan,nan,candidate,boundary_peak,peak_at_band_boundary,peak_at_band_boundary,false,pdv_channel_1,automatic
0.00074452361499019427,58593749.980019182,nan,nan,nan,candidate,boundary_peak,peak_at_band_boundary,peak_at_band_boundary,false,pdv_channel_1,automatic
0.00074452681499019536,58593749.980019182,nan,nan,nan,candidate,boundary_peak,peak_at_band_boundary,peak_at_band_boundary,false,pdv_channel_1,automatic
0.00074453001499019645,117187499.96003836,nan,nan,nan,candidate,refined,unstable_detection,unstable_detection,false,pdv_channel_1,automatic
0.00074453321499019754,58593749.980019182,nan,nan,nan,candidate,boundary_peak,peak_at_band_boundary,peak_at_band_boundary,false,pdv_channel_1,automatic
0.00074453641499019863,58593749.980019182,nan,nan,nan,candidate,boundary_peak,peak_at_band_boundary,peak_at_band_boundary,false,pdv_channel_1,automatic
0.00074453961499019972,117187499.96003836,nan,nan,nan,candidate,refined,unstable_detection,unstable_detection,false,pdv_channel_1,automatic
0.00074454281499020082,58593749.980019182,nan,nan,nan,candidate,boundary_peak,peak_at_band_boundary,peak_at_band_boundary,false,pdv_channel_1,automatic
0.00074454601499020191,58593749.980019182,nan,nan,nan,candidate,boundary_peak,peak_at_band_boundary,peak_at_band_boundary,false,pdv_channel_1,automatic
0.000744549214990203,58593749.980019182,nan,nan,nan,candidate,boundary_peak,peak_at_band_boundary,peak_at_band_boundary,false,pdv_channel_1,automatic
0.00074455241499020409,58593749.980019182,nan,nan,nan,candidate,boundary_peak,peak_at_band_boundary,peak_at_band_boundary,false,pdv_channel_1,automatic
0.00074455561499020518,58593749.980019182,nan,nan,nan,candidate,boundary_peak,peak_at_band_boundary,peak_at_band_boundary,false,pdv_channel_1,automatic
0.00074455881499020627,58593749.980019182,nan,nan,nan,candidate,boundary_peak,peak_at_band_boundary,peak_at_band_boundary,false,pdv_channel_1,automatic
0.00074456201499020736,58593749.980019182,nan,nan,nan,candidate,boundary_peak,no_detectable_beat,no_detectable_beat,false,pdv_channel_1,automatic
0.00074456521499020845,58593749.980019182,nan,nan,nan,candidate,boundary_peak,peak_at_band_boundary,peak_at_band_boundary,false,pdv_channel_1,automatic
0.00074456841499020955,58593749.980019182,nan,nan,nan,candidate,boundary_peak,peak_at_band_boundary,peak_at_band_boundary,false,pdv_channel_1,automatic
0.00074457161499021064,58593749.980019182,nan,nan,nan,candidate,boundary_peak,no_detectable_beat,no_detectable_beat,false,pdv_channel_1,automatic
0.00074457481499021173,58593749.980019182,nan,nan,nan,candidate,boundary_peak,peak_at_band_boundary,peak_at_band_boundary,false,pdv_channel_1,automatic
0.00074457801499021282,58593749.980019182,nan,nan,nan,candidate,boundary_peak,peak_at_band_boundary,peak_at_band_boundary,false,pdv_channel_1,automatic
0.00074458121499021391,58593749.980019182,nan,nan,nan,candidate,boundary_peak,peak_at_band_boundary,peak_at_band_boundary,false,pdv_channel_1,automatic
0.000744584414990215,58593749.980019182,nan,nan,nan,candidate,boundary_peak,peak_at_band_boundary,peak_at_band_boundary,false,pdv_channel_1,automatic
0.00074458761499021609,58593749.980019182,nan,nan,nan,candidate,boundary_peak,peak_at_band_boundary,peak_at_band_boundary,false,pdv_channel_1,automatic
0.00074459081499021718,58593749.980019182,nan,nan,nan,candidate,boundary_peak,peak_at_band_boundary,peak_at_band_boundary,false,pdv_channel_1,automatic
0.00074459401499021827,58593749.980019182,nan,nan,nan,candidate,boundary_peak,peak_at_band_boundary,peak_at_band_boundary,false,pdv_channel_1,automatic
0.00074459721499021937,58593749.980019182,nan,nan,nan,candidate,boundary_peak,peak_at_band_boundary,peak_at_band_boundary,false,pdv_channel_1,automatic
0.00074460041499022046,58593749.980019182,nan,nan,nan,candidate,boundary_peak,peak_at_band_boundary,peak_at_band_boundary,false,pdv_channel_1,automatic
0.00074460361499022155,58593749.980019182,nan,nan,nan,candidate,boundary_peak,ambiguous_peak,ambiguous_peak,false,pdv_channel_1,automatic
0.00074460681499022264,58593749.980019182,nan,nan,nan,candidate,boundary_peak,peak_at_band_boundary,peak_at_band_boundary,false,pdv_channel_1,automatic
0.00074461001499022373,58593749.980019182,nan,nan,nan,candidate,boundary_peak,peak_at_band_boundary,peak_at_band_boundary,false,pdv_channel_1,automatic
0.00074461321499022482,58593749.980019182,nan,nan,nan,candidate,boundary_peak,peak_at_band_boundary,peak_at_band_boundary,false,pdv_channel_1,automatic
0.00074461641499022591,58593749.980019182,nan,nan,nan,candidate,boundary_peak,ambiguous_peak,ambiguous_peak,false,pdv_channel_1,automatic
0.000744619614990227,58593749.980019182,nan,nan,nan,candidate,boundary_peak,ambiguous_peak,ambiguous_peak,false,pdv_channel_1,automatic
0.0007446228149902281,58593749.980019182,nan,nan,nan,candidate,boundary_peak,peak_at_band_boundary,peak_at_band_boundary,false,pdv_channel_1,automatic
0.00074462601499022919,1826171874.3772647,nan,nan,nan,candidate,refined,ambiguous_peak,ambiguous_peak,false,pdv_channel_1,automatic
0.00074462921499023028,58593749.980019182,nan,nan,nan,candidate,boundary_peak,peak_at_band_boundary,peak_at_band_boundary,false,pdv_channel_1,automatic
0.00074463241499023137,58593749.980019182,nan,nan,nan,candidate,boundary_peak,peak_at_band_boundary,peak_at_band_boundary,false,pdv_channel_1,automatic
0.00074463561499023246,58593749.980019182,nan,nan,nan,candidate,boundary_peak,ambiguous_peak,ambiguous_peak,false,pdv_channel_1,automatic
0.00074463881499023355,58593749.980019182,nan,nan,nan,candidate,boundary_peak,peak_at_band_boundary,peak_at_band_boundary,false,pdv_channel_1,automatic
0.00074464201499023464,58593749.980019182,nan,nan,nan,candidate,boundary_peak,peak_at_band_boundary,peak_at_band_boundary,false,pdv_channel_1,automatic
0.00074464521499023573,58593749.980019182,nan,nan,nan,candidate,boundary_peak,peak_at_band_boundary,peak_at_band_boundary,false,pdv_channel_1,automatic
0.00074464841499023683,58593749.980019182,nan,nan,nan,candidate,boundary_peak,ambiguous_peak,ambiguous_peak,false,pdv_channel_1,automatic
0.00074465161499023792,58593749.980019182,nan,nan,nan,candidate,boundary_peak,peak_at_band_boundary,peak_at_band_boundary,false,pdv_channel_1,automatic
0.00074465481499023901,58593749.980019182,nan,nan,nan,candidate,boundary_peak,peak_at_band_boundary,peak_at_band_boundary,false,pdv_channel_1,automatic
0.0007446580149902401,58593749.980019182,nan,nan,nan,candidate,boundary_peak,peak_at_band_boundary,peak_at_band_boundary,false,pdv_channel_1,automatic
0.00074466121499024119,126953124.95670824,nan,nan,nan,candidate,refined,ambiguous_peak,ambiguous_peak,false,pdv_channel_1,automatic
0.00074466441499024228,58593749.980019182,nan,nan,nan,candidate,boundary_peak,peak_at_band_boundary,peak_at_band_boundary,false,pdv_channel_1,automatic
0.00074466761499024337,58593749.980019182,nan,nan,nan,candidate,boundary_peak,peak_at_band_boundary,peak_at_band_boundary,false,pdv_channel_1,automatic
0.00074467081499024446,58593749.980019182,nan,nan,nan,candidate,boundary_peak,peak_at_band_boundary,peak_at_band_boundary,false,pdv_channel_1,automatic
0.00074467401499024556,58593749.980019182,nan,nan,nan,candidate,boundary_peak,peak_at_band_boundary,peak_at_band_boundary,false,pdv_channel_1,automatic
0.00074467721499024665,58593749.980019182,nan,nan,nan,candidate,boundary_peak,peak_at_band_boundary,peak_at_band_boundary,false,pdv_channel_1,automatic
0.00074468041499024774,58593749.980019182,nan,nan,nan,candidate,boundary_peak,peak_at_band_boundary,peak_at_band_boundary,false,pdv_channel_1,automatic
0.00074468361499024883,58593749.980019182,nan,nan,nan,candidate,boundary_peak,peak_at_band_boundary,peak_at_band_boundary,false,pdv_channel_1,automatic
0.00074468681499024992,58593749.980019182,nan,nan,nan,candidate,boundary_peak,peak_at_band_boundary,peak_at_band_boundary,false,pdv_channel_1,automatic
0.00074469001499025101,58593749.980019182,nan,nan,nan,candidate,boundary_peak,peak_at_band_boundary,peak_at_band_boundary,false,pdv_channel_1,automatic
0.0007446932149902521,58593749.980019182,nan,nan,nan,candidate,boundary_peak,peak_at_band_boundary,peak_at_band_boundary,false,pdv_channel_1,automatic
0.00074469641499025319,58593749.980019182,nan,nan,nan,candidate,boundary_peak,peak_at_band_boundary,peak_at_band_boundary,false,pdv_channel_1,automatic
0.00074469961499025429,58593749.980019182,nan,nan,nan,candidate,boundary_peak,ambiguous_peak,ambiguous_peak,false,pdv_channel_1,automatic
0.00074470281499025538,58593749.980019182,nan,nan,nan,candidate,boundary_peak,ambiguous_peak,ambiguous_peak,false,pdv_channel_1,automatic
0.00074470601499025647,58593749.980019182,nan,nan,nan,candidate,boundary_peak,peak_at_band_boundary,peak_at_band_boundary,false,pdv_channel_1,automatic
0.00074470921499025756,58593749.980019182,nan,nan,nan,candidate,boundary_peak,peak_at_band_boundary,peak_at_band_boundary,false,pdv_channel_1,automatic
0.00074471241499025865,58593749.980019182,nan,nan,nan,candidate,boundary_peak,peak_at_band_boundary,peak_at_band_boundary,false,pdv_channel_1,automatic
0.00074471561499025974,58593749.980019182,nan,nan,nan,candidate,boundary_peak,peak_at_band_boundary,peak_at_band_boundary,false,pdv_channel_1,automatic
0.00074471881499026083,58593749.980019182,nan,nan,nan,candidate,boundary_peak,peak_at_band_boundary,peak_at_band_boundary,false,pdv_channel_1,automatic
0.00074472201499026192,58593749.980019182,nan,nan,nan,candidate,boundary_peak,peak_at_band_boundary,peak_at_band_boundary,false,pdv_channel_1,automatic
0.00074472521499026301,58593749.980019182,nan,nan,nan,candidate,boundary_peak,ambiguous_peak,ambiguous_peak,false,pdv_channel_1,automatic
0.00074472841499026411,58593749.980019182,nan,nan,nan,candidate,boundary_peak,peak_at_band_boundary,peak_at_band_boundary,false,pdv_channel_1,automatic
0.0007447316149902652,58593749.980019182,nan,nan,nan,candidate,boundary_peak,peak_at_band_boundary,peak_at_band_boundary,false,pdv_channel_1,automatic
0.00074473481499026629,58593749.980019182,nan,nan,nan,candidate,boundary_peak,ambiguous_peak,ambiguous_peak,false,pdv_channel_1,automatic
0.00074473801499026738,58593749.980019182,nan,nan,nan,candidate,boundary_peak,peak_at_band_boundary,peak_at_band_boundary,false,pdv_channel_1,automatic
0.00074474121499026847,58593749.980019182,nan,nan,nan,candidate,boundary_peak,peak_at_band_boundary,peak_at_band_boundary,false,pdv_channel_1,automatic
0.00074474441499026956,126953124.95670824,nan,nan,nan,candidate,refined,unstable_detection,unstable_detection,false,pdv_channel_1,automatic
0.00074474761499027065,58593749.980019182,nan,nan,nan,candidate,boundary_peak,peak_at_band_boundary,peak_at_band_boundary,false,pdv_channel_1,automatic
0.00074475081499027174,126953124.95670824,nan,nan,nan,candidate,refined,unstable_detection,unstable_detection,false,pdv_channel_1,automatic
0.00074475401499027284,58593749.980019182,nan,nan,nan,candidate,boundary_peak,peak_at_band_boundary,peak_at_band_boundary,false,pdv_channel_1,automatic
0.00074475721499027393,58593749.980019182,nan,nan,nan,candidate,boundary_peak,peak_at_band_boundary,peak_at_band_boundary,false,pdv_channel_1,automatic
0.00074476041499027502,58593749.980019182,nan,nan,nan,candidate,boundary_peak,peak_at_band_boundary,peak_at_band_boundary,false,pdv_channel_1,automatic
0.00074476361499027611,58593749.980019182,nan,nan,nan,candidate,boundary_peak,peak_at_band_boundary,peak_at_band_boundary,false,pdv_channel_1,automatic
0.0007447668149902772,58593749.980019182,nan,nan,nan,candidate,boundary_peak,peak_at_band_boundary,peak_at_band_boundary,false,pdv_channel_1,automatic
0.00074477001499027829,58593749.980019182,nan,nan,nan,candidate,boundary_peak,peak_at_band_boundary,peak_at_band_boundary,false,pdv_channel_1,automatic
0.00074477321499027938,58593749.980019182,nan,nan,nan,candidate,boundary_peak,peak_at_band_boundary,peak_at_band_boundary,false,pdv_channel_1,automatic
0.00074477641499028047,58593749.980019182,nan,nan,nan,candidate,boundary_peak,peak_at_band_boundary,peak_at_band_boundary,false,pdv_channel_1,automatic
0.00074477961499028157,58593749.980019182,nan,nan,nan,candidate,boundary_peak,peak_at_band_boundary,peak_at_band_boundary,false,pdv_channel_1,automatic
0.00074478281499028266,58593749.980019182,nan,nan,nan,candidate,boundary_peak,peak_at_band_boundary,peak_at_band_boundary,false,pdv_channel_1,automatic
0.00074478601499028375,58593749.980019182,nan,nan,nan,candidate,boundary_peak,peak_at_band_boundary,peak_at_band_boundary,false,pdv_channel_1,automatic
0.00074478921499028484,58593749.980019182,nan,nan,nan,candidate,boundary_peak,peak_at_band_boundary,peak_at_band_boundary,false,pdv_channel_1,automatic
0.00074479241499028593,58593749.980019182,nan,nan,nan,candidate,boundary_peak,peak_at_band_boundary,peak_at_band_boundary,false,pdv_channel_1,automatic
0.00074479561499028702,58593749.980019182,nan,nan,nan,candidate,boundary_peak,peak_at_band_boundary,peak_at_band_boundary,false,pdv_channel_1,automatic
0.00074479881499028811,58593749.980019182,nan,nan,nan,candidate,boundary_peak,peak_at_band_boundary,peak_at_band_boundary,false,pdv_channel_1,automatic
0.0007448020149902892,58593749.980019182,nan,nan,nan,candidate,boundary_peak,peak_at_band_boundary,peak_at_band_boundary,false,pdv_channel_1,automatic
0.0007448052149902903,107421874.96336851,nan,nan,nan,candidate,refined,ambiguous_peak,ambiguous_peak,false,pdv_channel_1,automatic
0.00074480841499029139,58593749.980019182,nan,nan,nan,candidate,boundary_peak,peak_at_band_boundary,peak_at_band_boundary,false,pdv_channel_1,automatic
0.00074481161499029248,58593749.980019182,nan,nan,nan,candidate,boundary_peak,peak_at_band_boundary,peak_at_band_boundary,false,pdv_channel_1,automatic
0.00074481481499029357,58593749.980019182,nan,nan,nan,candidate,boundary_peak,peak_at_band_boundary,peak_at_band_boundary,false,pdv_channel_1,automatic
0.00074481801499029466,58593749.980019182,nan,nan,nan,candidate,boundary_peak,peak_at_band_boundary,peak_at_band_boundary,false,pdv_channel_1,automatic
0.00074482121499029575,58593749.980019182,nan,nan,nan,candidate,boundary_peak,peak_at_band_boundary,peak_at_band_boundary,false,pdv_channel_1,automatic
0.00074482441499029684,58593749.980019182,nan,nan,nan,candidate,boundary_peak,ambiguous_peak,ambiguous_peak,false,pdv_channel_1,automatic
0.00074482761499029793,58593749.980019182,nan,nan,nan,candidate,boundary_peak,ambiguous_peak,ambiguous_peak,false,pdv_channel_1,automatic
0.00074483081499029902,58593749.980019182,nan,nan,nan,candidate,boundary_peak,peak_at_band_boundary,peak_at_band_boundary,false,pdv_channel_1,automatic
0.00074483401499030012,58593749.980019182,nan,nan,nan,candidate,boundary_peak,ambiguous_peak,ambiguous_peak,false,pdv_channel_1,automatic
0.00074483721499030121,126953124.95670824,nan,nan,nan,candidate,refined,unstable_detection,unstable_detection,false,pdv_channel_1,automatic
0.0007448404149903023,58593749.980019182,nan,nan,nan,candidate,boundary_peak,peak_at_band_boundary,peak_at_band_boundary,false,pdv_channel_1,automatic
0.00074484361499030339,117187499.96003836,nan,nan,nan,candidate,refined,unstable_detection,unstable_detection,false,pdv_channel_1,automatic
0.00074484681499030448,107421874.96336851,nan,nan,nan,candidate,refined,unstable_detection,unstable_detection,false,pdv_channel_1,automatic
0.00074485001499030557,58593749.980019182,nan,nan,nan,candidate,boundary_peak,peak_at_band_boundary,peak_at_band_boundary,false,pdv_channel_1,automatic
0.00074485321499030666,58593749.980019182,nan,nan,nan,candidate,boundary_peak,peak_at_band_boundary,peak_at_band_boundary,false,pdv_channel_1,automatic
0.00074485641499030775,58593749.980019182,nan,nan,nan,candidate,boundary_peak,no_detectable_beat,no_detectable_beat,false,pdv_channel_1,automatic
0.00074485961499030885,58593749.980019182,nan,nan,nan,candidate,boundary_peak,peak_at_band_boundary,peak_at_band_boundary,false,pdv_channel_1,automatic
0.00074486281499030994,58593749.980019182,nan,nan,nan,candidate,boundary_peak,peak_at_band_boundary,peak_at_band_boundary,false,pdv_channel_1,automatic
0.00074486601499031103,58593749.980019182,nan,nan,nan,candidate,boundary_peak,peak_at_band_boundary,peak_at_band_boundary,false,pdv_channel_1,automatic
0.00074486921499031212,58593749.980019182,nan,nan,nan,candidate,boundary_peak,peak_at_band_boundary,peak_at_band_boundary,false,pdv_channel_1,automatic
0.00074487241499031321,58593749.980019182,nan,nan,nan,candidate,boundary_peak,peak_at_band_boundary,peak_at_band_boundary,false,pdv_channel_1,automatic
0.0007448756149903143,58593749.980019182,nan,nan,nan,candidate,boundary_peak,peak_at_band_boundary,peak_at_band_boundary,false,pdv_channel_1,automatic
0.00074487881499031539,58593749.980019182,nan,nan,nan,candidate,boundary_peak,ambiguous_peak,ambiguous_peak,false,pdv_channel_1,automatic
0.00074488201499031648,58593749.980019182,nan,nan,nan,candidate,boundary_peak,peak_at_band_boundary,peak_at_band_boundary,false,pdv_channel_1,automatic
0.00074488521499031758,58593749.980019182,nan,nan,nan,candidate,boundary_peak,peak_at_band_boundary,peak_at_band_boundary,false,pdv_channel_1,automatic
0.00074488841499031867,107421874.96336851,nan,nan,nan,candidate,refined,unstable_detection,unstable_detection,false,pdv_channel_1,automatic
0.00074489161499031976,117187499.96003836,nan,nan,nan,candidate,refined,unstable_detection,unstable_detection,false,pdv_channel_1,automatic
0.00074489481499032085,58593749.980019182,nan,nan,nan,candidate,boundary_peak,peak_at_band_boundary,peak_at_band_boundary,false,pdv_channel_1,automatic
0.00074489801499032194,107421874.96336851,nan,nan,nan,candidate,refined,unstable_detection,unstable_detection,false,pdv_channel_1,automatic
0.00074490121499032303,107421874.96336851,nan,nan,nan,candidate,refined,unstable_detection,unstable_detection,false,pdv_channel_1,automatic
0.00074490441499032412,58593749.980019182,nan,nan,nan,candidate,boundary_peak,peak_at_band_boundary,peak_at_band_boundary,false,pdv_channel_1,automatic
0.00074490761499032521,58593749.980019182,nan,nan,nan,candidate,boundary_peak,peak_at_band_boundary,peak_at_band_boundary,false,pdv_channel_1,automatic
0.00074491081499032631,107421874.96336851,nan,nan,nan,candidate,refined,unstable_detection,unstable_detection,false,pdv_channel_1,automatic
0.0007449140149903274,58593749.980019182,nan,nan,nan,candidate,boundary_peak,peak_at_band_boundary,peak_at_band_boundary,false,pdv_channel_1,automatic
0.00074491721499032849,58593749.980019182,nan,nan,nan,candidate,boundary_peak,peak_at_band_boundary,peak_at_band_boundary,false,pdv_channel_1,automatic
0.00074492041499032958,107421874.96336851,nan,nan,nan,candidate,refined,unstable_detection,unstable_detection,false,pdv_channel_1,automatic
0.00074492361499033067,58593749.980019182,nan,nan,nan,candidate,boundary_peak,peak_at_band_boundary,peak_at_band_boundary,false,pdv_channel_1,automatic
0.00074492681499033176,58593749.980019182,nan,nan,nan,candidate,boundary_peak,peak_at_band_boundary,peak_at_band_boundary,false,pdv_channel_1,automatic
0.00074493001499033285,58593749.980019182,nan,nan,nan,candidate,boundary_peak,peak_at_band_boundary,peak_at_band_boundary,false,pdv_channel_1,automatic
0.00074493321499033394,58593749.980019182,nan,nan,nan,candidate,boundary_peak,peak_at_band_boundary,peak_at_band_boundary,false,pdv_channel_1,automatic
0.00074493641499033504,58593749.980019182,nan,nan,nan,candidate,boundary_peak,ambiguous_peak,ambiguous_peak,false,pdv_channel_1,automatic
0.00074493961499033613,58593749.980019182,nan,nan,nan,candidate,boundary_peak,ambiguous_peak,ambiguous_peak,false,pdv_channel_1,automatic
0.00074494281499033722,58593749.980019182,nan,nan,nan,candidate,boundary_peak,peak_at_band_boundary,peak_at_band_boundary,false,pdv_channel_1,automatic
0.00074494601499033831,58593749.980019182,nan,nan,nan,candidate,boundary_peak,peak_at_band_boundary,peak_at_band_boundary,false,pdv_channel_1,automatic
0.0007449492149903394,58593749.980019182,nan,nan,nan,candidate,boundary_peak,peak_at_band_boundary,peak_at_band_boundary,false,pdv_channel_1,automatic
0.00074495241499034049,58593749.980019182,nan,nan,nan,candidate,boundary_peak,peak_at_band_boundary,peak_at_band_boundary,false,pdv_channel_1,automatic
0.00074495561499034158,58593749.980019182,nan,nan,nan,candidate,boundary_peak,peak_at_band_boundary,peak_at_band_boundary,false,pdv_channel_1,automatic
0.00074495881499034267,58593749.980019182,nan,nan,nan,candidate,boundary_peak,peak_at_band_boundary,peak_at_band_boundary,false,pdv_channel_1,automatic
0.00074496201499034376,58593749.980019182,nan,nan,nan,candidate,boundary_peak,peak_at_band_boundary,peak_at_band_boundary,false,pdv_channel_1,automatic
0.00074496521499034486,58593749.980019182,nan,nan,nan,candidate,boundary_peak,peak_at_band_boundary,peak_at_band_boundary,false,pdv_channel_1,automatic
0.00074496841499034595,58593749.980019182,nan,nan,nan,candidate,boundary_peak,peak_at_band_boundary,peak_at_band_boundary,false,pdv_channel_1,automatic
0.00074497161499034704,58593749.980019182,nan,nan,nan,candidate,boundary_peak,peak_at_band_boundary,peak_at_band_boundary,false,pdv_channel_1,automatic
0.00074497481499034813,58593749.980019182,nan,nan,nan,candidate,boundary_peak,peak_at_band_boundary,peak_at_band_boundary,false,pdv_channel_1,automatic
0.00074497801499034922,58593749.980019182,nan,nan,nan,candidate,boundary_peak,peak_at_band_boundary,peak_at_band_boundary,false,pdv_channel_1,automatic
0.00074498121499035031,58593749.980019182,nan,nan,nan,candidate,boundary_peak,peak_at_band_boundary,peak_at_band_boundary,false,pdv_channel_1,automatic
0.0007449844149903514,58593749.980019182,nan,nan,nan,candidate,boundary_peak,peak_at_band_boundary,peak_at_band_boundary,false,pdv_channel_1,automatic
0.00074498761499035249,58593749.980019182,nan,nan,nan,candidate,boundary_peak,peak_at_band_boundary,peak_at_band_boundary,false,pdv_channel_1,automatic
0.00074499081499035359,58593749.980019182,nan,nan,nan,candidate,boundary_peak,peak_at_band_boundary,peak_at_band_boundary,false,pdv_channel_1,automatic
0.00074499401499035468,58593749.980019182,nan,nan,nan,candidate,boundary_peak,peak_at_band_boundary,peak_at_band_boundary,false,pdv_channel_1,automatic
0.00074499721499035577,58593749.980019182,nan,nan,nan,candidate,boundary_peak,peak_at_band_boundary,peak_at_band_boundary,false,pdv_channel_1,automatic
0.00074500041499035686,58593749.980019182,nan,nan,nan,candidate,boundary_peak,ambiguous_peak,ambiguous_peak,false,pdv_channel_1,automatic
0.00074500361499035795,58593749.980019182,nan,nan,nan,candidate,boundary_peak,peak_at_band_boundary,peak_at_band_boundary,false,pdv_channel_1,automatic
0.00074500681499035904,58593749.980019182,nan,nan,nan,candidate,boundary_peak,peak_at_band_boundary,peak_at_band_boundary,false,pdv_channel_1,automatic
0.00074501001499036013,58593749.980019182,nan,nan,nan,candidate,boundary_peak,peak_at_band_boundary,peak_at_band_boundary,false,pdv_channel_1,automatic
0.00074501321499036122,58593749.980019182,nan,nan,nan,candidate,boundary_peak,peak_at_band_boundary,peak_at_band_boundary,false,pdv_channel_1,automatic
0.00074501641499036232,58593749.980019182,nan,nan,nan,candidate,boundary_peak,peak_at_band_boundary,peak_at_band_boundary,false,pdv_channel_1,automatic
0.00074501961499036341,58593749.980019182,nan,nan,nan,candidate,boundary_peak,peak_at_band_boundary,peak_at_band_boundary,false,pdv_channel_1,automatic
0.0007450228149903645,58593749.980019182,nan,nan,nan,candidate,boundary_peak,peak_at_band_boundary,peak_at_band_boundary,false,pdv_channel_1,automatic
0.00074502601499036559,58593749.980019182,nan,nan,nan,candidate,boundary_peak,peak_at_band_boundary,peak_at_band_boundary,false,pdv_channel_1,automatic
0.00074502921499036668,58593749.980019182,nan,nan,nan,candidate,boundary_peak,ambiguous_peak,ambiguous_peak,false,pdv_channel_1,automatic
0.00074503241499036777,58593749.980019182,nan,nan,nan,candidate,boundary_peak,peak_at_band_boundary,peak_at_band_boundary,false,pdv_channel_1,automatic
0.00074503561499036886,58593749.980019182,nan,nan,nan,candidate,boundary_peak,peak_at_band_boundary,peak_at_band_boundary,false,pdv_channel_1,automatic
0.00074503881499036995,58593749.980019182,nan,nan,nan,candidate,boundary_peak,peak_at_band_boundary,peak_at_band_boundary,false,pdv_channel_1,automatic
0.00074504201499037105,58593749.980019182,nan,nan,nan,candidate,boundary_peak,peak_at_band_boundary,peak_at_band_boundary,false,pdv_channel_1,automatic
0.00074504521499037214,58593749.980019182,nan,nan,nan,candidate,boundary_peak,peak_at_band_boundary,peak_at_band_boundary,false,pdv_channel_1,automatic
0.00074504841499037323,117187499.96003836,nan,nan,nan,candidate,refined,no_detectable_beat,no_detectable_beat,false,pdv_channel_1,automatic
0.00074505161499037432,58593749.980019182,nan,nan,nan,candidate,boundary_peak,peak_at_band_boundary,peak_at_band_boundary,false,pdv_channel_1,automatic
0.00074505481499037541,58593749.980019182,nan,nan,nan,candidate,boundary_peak,peak_at_band_boundary,peak_at_band_boundary,false,pdv_channel_1,automatic
0.0007450580149903765,58593749.980019182,nan,nan,nan,candidate,boundary_peak,peak_at_band_boundary,peak_at_band_boundary,false,pdv_channel_1,automatic
0.00074506121499037759,58593749.980019182,nan,nan,nan,candidate,boundary_peak,peak_at_band_boundary,peak_at_band_boundary,false,pdv_channel_1,automatic
0.00074506441499037868,58593749.980019182,nan,nan,nan,candidate,boundary_peak,peak_at_band_boundary,peak_at_band_boundary,false,pdv_channel_1,automatic
0.00074506761499037978,58593749.980019182,nan,nan,nan,candidate,boundary_peak,peak_at_band_boundary,peak_at_band_boundary,false,pdv_channel_1,automatic
0.00074507081499038087,58593749.980019182,nan,nan,nan,candidate,boundary_peak,peak_at_band_boundary,peak_at_band_boundary,false,pdv_channel_1,automatic
0.00074507401499038196,58593749.980019182,nan,nan,nan,candidate,boundary_peak,peak_at_band_boundary,peak_at_band_boundary,false,pdv_channel_1,automatic
0.00074507721499038305,58593749.980019182,nan,nan,nan,candidate,boundary_peak,peak_at_band_boundary,peak_at_band_boundary,false,pdv_channel_1,automatic
0.00074508041499038414,58593749.980019182,nan,nan,nan,candidate,boundary_peak,no_detectable_beat,no_detectable_beat,false,pdv_channel_1,automatic
0.00074508361499038523,58593749.980019182,nan,nan,nan,candidate,boundary_peak,peak_at_band_boundary,peak_at_band_boundary,false,pdv_channel_1,automatic
0.00074508681499038632,58593749.980019182,nan,nan,nan,candidate,boundary_peak,peak_at_band_boundary,peak_at_band_boundary,false,pdv_channel_1,automatic
0.00074509001499038741,58593749.980019182,nan,nan,nan,candidate,boundary_peak,peak_at_band_boundary,peak_at_band_boundary,false,pdv_channel_1,automatic
0.0007450932149903885,58593749.980019182,nan,nan,nan,candidate,boundary_peak,peak_at_band_boundary,peak_at_band_boundary,false,pdv_channel_1,automatic
0.0007450964149903896,58593749.980019182,nan,nan,nan,candidate,boundary_peak,peak_at_band_boundary,peak_at_band_boundary,false,pdv_channel_1,automatic
0.00074509961499039069,58593749.980019182,nan,nan,nan,candidate,boundary_peak,peak_at_band_boundary,peak_at_band_boundary,false,pdv_channel_1,automatic
0.00074510281499039178,58593749.980019182,nan,nan,nan,candidate,boundary_peak,peak_at_band_boundary,peak_at_band_boundary,false,pdv_channel_1,automatic
0.00074510601499039287,58593749.980019182,nan,nan,nan,candidate,boundary_peak,peak_at_band_boundary,peak_at_band_boundary,false,pdv_channel_1,automatic
0.00074510921499039396,58593749.980019182,nan,nan,nan,candidate,boundary_peak,peak_at_band_boundary,peak_at_band_boundary,false,pdv_channel_1,automatic
0.00074511241499039505,58593749.980019182,nan,nan,nan,candidate,boundary_peak,peak_at_band_boundary,peak_at_band_boundary,false,pdv_channel_1,automatic
0.00074511561499039614,58593749.980019182,nan,nan,nan,candidate,boundary_peak,peak_at_band_boundary,peak_at_band_boundary,false,pdv_channel_1,automatic
0.00074511881499039723,58593749.980019182,nan,nan,nan,candidate,boundary_peak,peak_at_band_boundary,peak_at_band_boundary,false,pdv_channel_1,automatic
0.00074512201499039833,58593749.980019182,nan,nan,nan,candidate,boundary_peak,peak_at_band_boundary,peak_at_band_boundary,false,pdv_channel_1,automatic
0.00074512521499039942,58593749.980019182,nan,nan,nan,candidate,boundary_peak,peak_at_band_boundary,peak_at_band_boundary,false,pdv_channel_1,automatic
0.00074512841499040051,58593749.980019182,nan,nan,nan,candidate,boundary_peak,peak_at_band_boundary,peak_at_band_boundary,false,pdv_channel_1,automatic
0.0007451316149904016,58593749.980019182,nan,nan,nan,candidate,boundary_peak,ambiguous_peak,ambiguous_peak,false,pdv_channel_1,automatic
0.00074513481499040269,58593749.980019182,nan,nan,nan,candidate,boundary_peak,peak_at_band_boundary,peak_at_band_boundary,false,pdv_channel_1,automatic
0.00074513801499040378,58593749.980019182,nan,nan,nan,candidate,boundary_peak,peak_at_band_boundary,peak_at_band_boundary,false,pdv_channel_1,automatic
0.00074514121499040487,58593749.980019182,nan,nan,nan,candidate,boundary_peak,peak_at_band_boundary,peak_at_band_boundary,false,pdv_channel_1,automatic
0.00074514441499040596,58593749.980019182,nan,nan,nan,candidate,boundary_peak,peak_at_band_boundary,peak_at_band_boundary,false,pdv_channel_1,automatic
0.00074514761499040706,58593749.980019182,nan,nan,nan,candidate,boundary_peak,peak_at_band_boundary,peak_at_band_boundary,false,pdv_channel_1,automatic
0.00074515081499040815,58593749.980019182,nan,nan,nan,candidate,boundary_peak,peak_at_band_boundary,peak_at_band_boundary,false,pdv_channel_1,automatic
0.00074515401499040924,58593749.980019182,nan,nan,nan,candidate,boundary_peak,peak_at_band_boundary,peak_at_band_boundary,false,pdv_channel_1,automatic
0.00074515721499041033,58593749.980019182,nan,nan,nan,candidate,boundary_peak,peak_at_band_boundary,peak_at_band_boundary,false,pdv_channel_1,automatic
0.00074516041499041142,58593749.980019182,nan,nan,nan,candidate,boundary_peak,peak_at_band_boundary,peak_at_band_boundary,false,pdv_channel_1,automatic
0.00074516361499041251,58593749.980019182,nan,nan,nan,candidate,boundary_peak,peak_at_band_boundary,peak_at_band_boundary,false,pdv_channel_1,automatic
0.0007451668149904136,58593749.980019182,nan,nan,nan,candidate,boundary_peak,ambiguous_peak,ambiguous_peak,false,pdv_channel_1,automatic
0.00074517001499041469,58593749.980019182,nan,nan,nan,candidate,boundary_peak,peak_at_band_boundary,peak_at_band_boundary,false,pdv_channel_1,automatic
0.00074517321499041579,58593749.980019182,nan,nan,nan,candidate,boundary_peak,peak_at_band_boundary,peak_at_band_boundary,false,pdv_channel_1,automatic
0.00074517641499041688,58593749.980019182,nan,nan,nan,candidate,boundary_peak,peak_at_band_boundary,peak_at_band_boundary,false,pdv_channel_1,automatic
0.00074517961499041797,58593749.980019182,nan,nan,nan,candidate,boundary_peak,peak_at_band_boundary,peak_at_band_boundary,false,pdv_channel_1,automatic
0.00074518281499041906,58593749.980019182,nan,nan,nan,candidate,boundary_peak,peak_at_band_boundary,peak_at_band_boundary,false,pdv_channel_1,automatic
0.00074518601499042015,58593749.980019182,nan,nan,nan,candidate,boundary_peak,ambiguous_peak,ambiguous_peak,false,pdv_channel_1,automatic
0.00074518921499042124,58593749.980019182,nan,nan,nan,candidate,boundary_peak,peak_at_band_boundary,peak_at_band_boundary,false,pdv_channel_1,automatic
0.00074519241499042233,58593749.980019182,nan,nan,nan,candidate,boundary_peak,peak_at_band_boundary,peak_at_band_boundary,false,pdv_channel_1,automatic
0.00074519561499042342,58593749.980019182,nan,nan,nan,candidate,boundary_peak,peak_at_band_boundary,peak_at_band_boundary,false,pdv_channel_1,automatic
0.00074519881499042452,58593749.980019182,nan,nan,nan,candidate,boundary_peak,peak_at_band_boundary,peak_at_band_boundary,false,pdv_channel_1,automatic
0.00074520201499042561,58593749.980019182,nan,nan,nan,candidate,boundary_peak,peak_at_band_boundary,peak_at_band_boundary,false,pdv_channel_1,automatic
0.0007452052149904267,58593749.980019182,nan,nan,nan,candidate,boundary_peak,peak_at_band_boundary,peak_at_band_boundary,false,pdv_channel_1,automatic
0.00074520841499042779,58593749.980019182,nan,nan,nan,candidate,boundary_peak,peak_at_band_boundary,peak_at_band_boundary,false,pdv_channel_1,automatic
0.00074521161499042888,126953124.95670824,nan,nan,nan,candidate,refined,unstable_detection,unstable_detection,false,pdv_channel_1,automatic
0.00074521481499042997,58593749.980019182,nan,nan,nan,candidate,boundary_peak,peak_at_band_boundary,peak_at_band_boundary,false,pdv_channel_1,automatic
0.00074521801499043106,58593749.980019182,nan,nan,nan,candidate,boundary_peak,peak_at_band_boundary,peak_at_band_boundary,false,pdv_channel_1,automatic
0.00074522121499043215,58593749.980019182,nan,nan,nan,candidate,boundary_peak,peak_at_band_boundary,peak_at_band_boundary,false,pdv_channel_1,automatic
0.00074522441499043324,58593749.980019182,nan,nan,nan,candidate,boundary_peak,peak_at_band_boundary,peak_at_band_boundary,false,pdv_channel_1,automatic
0.00074522761499043434,58593749.980019182,nan,nan,nan,candidate,boundary_peak,peak_at_band_boundary,peak_at_band_boundary,false,pdv_channel_1,automatic
0.00074523081499043543,58593749.980019182,nan,nan,nan,candidate,boundary_peak,peak_at_band_boundary,peak_at_band_boundary,false,pdv_channel_1,automatic
0.00074523401499043652,58593749.980019182,nan,nan,nan,candidate,boundary_peak,peak_at_band_boundary,peak_at_band_boundary,false,pdv_channel_1,automatic
0.00074523721499043761,58593749.980019182,nan,nan,nan,candidate,boundary_peak,peak_at_band_boundary,peak_at_band_boundary,false,pdv_channel_1,automatic
0.0007452404149904387,58593749.980019182,nan,nan,nan,candidate,boundary_peak,peak_at_band_boundary,peak_at_band_boundary,false,pdv_channel_1,automatic
0.00074524361499043979,58593749.980019182,nan,nan,nan,candidate,boundary_peak,peak_at_band_boundary,peak_at_band_boundary,false,pdv_channel_1,automatic
0.00074524681499044088,58593749.980019182,nan,nan,nan,candidate,boundary_peak,peak_at_band_boundary,peak_at_band_boundary,false,pdv_channel_1,automatic
0.00074525001499044197,58593749.980019182,nan,nan,nan,candidate,boundary_peak,peak_at_band_boundary,peak_at_band_boundary,false,pdv_channel_1,automatic
0.00074525321499044307,58593749.980019182,nan,nan,nan,candidate,boundary_peak,peak_at_band_boundary,peak_at_band_boundary,false,pdv_channel_1,automatic
0.00074525641499044416,58593749.980019182,nan,nan,nan,candidate,boundary_peak,peak_at_band_boundary,peak_at_band_boundary,false,pdv_channel_1,automatic
0.00074525961499044525,58593749.980019182,nan,nan,nan,candidate,boundary_peak,peak_at_band_boundary,peak_at_band_boundary,false,pdv_channel_1,automatic
0.00074526281499044634,58593749.980019182,nan,nan,nan,candidate,boundary_peak,peak_at_band_boundary,peak_at_band_boundary,false,pdv_channel_1,automatic
0.00074526601499044743,58593749.980019182,nan,nan,nan,candidate,boundary_peak,peak_at_band_boundary,peak_at_band_boundary,false,pdv_channel_1,automatic
0.00074526921499044852,58593749.980019182,nan,nan,nan,candidate,boundary_peak,ambiguous_peak,ambiguous_peak,false,pdv_channel_1,automatic
0.00074527241499044961,58593749.980019182,nan,nan,nan,candidate,boundary_peak,peak_at_band_boundary,peak_at_band_boundary,false,pdv_channel_1,automatic
0.0007452756149904507,58593749.980019182,nan,nan,nan,candidate,boundary_peak,peak_at_band_boundary,peak_at_band_boundary,false,pdv_channel_1,automatic
0.0007452788149904518,58593749.980019182,nan,nan,nan,candidate,boundary_peak,peak_at_band_boundary,peak_at_band_boundary,false,pdv_channel_1,automatic
0.00074528201499045289,58593749.980019182,nan,nan,nan,candidate,boundary_peak,peak_at_band_boundary,peak_at_band_boundary,false,pdv_channel_1,automatic
0.00074528521499045398,58593749.980019182,nan,nan,nan,candidate,boundary_peak,peak_at_band_boundary,peak_at_band_boundary,false,pdv_channel_1,automatic
0.00074528841499045507,58593749.980019182,nan,nan,nan,candidate,boundary_peak,peak_at_band_boundary,peak_at_band_boundary,false,pdv_channel_1,automatic
0.00074529161499045616,58593749.980019182,nan,nan,nan,candidate,boundary_peak,peak_at_band_boundary,peak_at_band_boundary,false,pdv_channel_1,automatic
0.00074529481499045725,58593749.980019182,nan,nan,nan,candidate,boundary_peak,peak_at_band_boundary,peak_at_band_boundary,false,pdv_channel_1,automatic
0.00074529801499045834,58593749.980019182,nan,nan,nan,candidate,boundary_peak,peak_at_band_boundary,peak_at_band_boundary,false,pdv_channel_1,automatic
0.00074530121499045943,58593749.980019182,nan,nan,nan,candidate,boundary_peak,peak_at_band_boundary,peak_at_band_boundary,false,pdv_channel_1,automatic
0.00074530441499046053,58593749.980019182,nan,nan,nan,candidate,boundary_peak,peak_at_band_boundary,peak_at_band_boundary,false,pdv_channel_1,automatic
0.00074530761499046162,58593749.980019182,nan,nan,nan,candidate,boundary_peak,peak_at_band_boundary,peak_at_band_boundary,false,pdv_channel_1,automatic
0.00074531081499046271,58593749.980019182,nan,nan,nan,candidate,boundary_peak,peak_at_band_boundary,peak_at_band_boundary,false,pdv_channel_1,automatic
0.0007453140149904638,58593749.980019182,nan,nan,nan,candidate,boundary_peak,peak_at_band_boundary,peak_at_band_boundary,false,pdv_channel_1,automatic
0.00074531721499046489,58593749.980019182,nan,nan,nan,candidate,boundary_peak,peak_at_band_boundary,peak_at_band_boundary,false,pdv_channel_1,automatic
0.00074532041499046598,58593749.980019182,nan,nan,nan,candidate,boundary_peak,peak_at_band_boundary,peak_at_band_boundary,false,pdv_channel_1,automatic
0.00074532361499046707,58593749.980019182,nan,nan,nan,candidate,boundary_peak,peak_at_band_boundary,peak_at_band_boundary,false,pdv_channel_1,automatic
0.00074532681499046816,58593749.980019182,nan,nan,nan,candidate,boundary_peak,peak_at_band_boundary,peak_at_band_boundary,false,pdv_channel_1,automatic
0.00074533001499046926,58593749.980019182,nan,nan,nan,candidate,boundary_peak,peak_at_band_boundary,peak_at_band_boundary,false,pdv_channel_1,automatic
0.00074533321499047035,58593749.980019182,nan,nan,nan,candidate,boundary_peak,peak_at_band_boundary,peak_at_band_boundary,false,pdv_channel_1,automatic
0.00074533641499047144,58593749.980019182,nan,nan,nan,candidate,boundary_peak,peak_at_band_boundary,peak_at_band_boundary,false,pdv_channel_1,automatic
0.00074533961499047253,58593749.980019182,nan,nan,nan,candidate,boundary_peak,peak_at_band_boundary,peak_at_band_boundary,false,pdv_channel_1,automatic
0.00074534281499047362,58593749.980019182,nan,nan,nan,candidate,boundary_peak,peak_at_band_boundary,peak_at_band_boundary,false,pdv_channel_1,automatic
0.00074534601499047471,58593749.980019182,nan,nan,nan,candidate,boundary_peak,peak_at_band_boundary,peak_at_band_boundary,false,pdv_channel_1,automatic
0.0007453492149904758,58593749.980019182,nan,nan,nan,candidate,boundary_peak,peak_at_band_boundary,peak_at_band_boundary,false,pdv_channel_1,automatic
0.00074535241499047689,58593749.980019182,nan,nan,nan,candidate,boundary_peak,peak_at_band_boundary,peak_at_band_boundary,false,pdv_channel_1,automatic
0.00074535561499047798,58593749.980019182,nan,nan,nan,candidate,boundary_peak,peak_at_band_boundary,peak_at_band_boundary,false,pdv_channel_1,automatic
0.00074535881499047908,58593749.980019182,nan,nan,nan,candidate,boundary_peak,peak_at_band_boundary,peak_at_band_boundary,false,pdv_channel_1,automatic
0.00074536201499048017,58593749.980019182,nan,nan,nan,candidate,boundary_peak,peak_at_band_boundary,peak_at_band_boundary,false,pdv_channel_1,automatic
0.00074536521499048126,58593749.980019182,nan,nan,nan,candidate,boundary_peak,peak_at_band_boundary,peak_at_band_boundary,false,pdv_channel_1,automatic
0.00074536841499048235,58593749.980019182,nan,nan,nan,candidate,boundary_peak,peak_at_band_boundary,peak_at_band_boundary,false,pdv_channel_1,automatic
0.00074537161499048344,58593749.980019182,nan,nan,nan,candidate,boundary_peak,peak_at_band_boundary,peak_at_band_boundary,false,pdv_channel_1,automatic
0.00074537481499048453,58593749.980019182,nan,nan,nan,candidate,boundary_peak,peak_at_band_boundary,peak_at_band_boundary,false,pdv_channel_1,automatic
0.00074537801499048562,58593749.980019182,nan,nan,nan,candidate,boundary_peak,peak_at_band_boundary,peak_at_band_boundary,false,pdv_channel_1,automatic
0.00074538121499048671,58593749.980019182,nan,nan,nan,candidate,boundary_peak,peak_at_band_boundary,peak_at_band_boundary,false,pdv_channel_1,automatic
0.00074538441499048781,58593749.980019182,nan,nan,nan,candidate,boundary_peak,peak_at_band_boundary,peak_at_band_boundary,false,pdv_channel_1,automatic
0.0007453876149904889,58593749.980019182,nan,nan,nan,candidate,boundary_peak,peak_at_band_boundary,peak_at_band_boundary,false,pdv_channel_1,automatic
0.00074539081499048999,58593749.980019182,nan,nan,nan,candidate,boundary_peak,peak_at_band_boundary,peak_at_band_boundary,false,pdv_channel_1,automatic
0.00074539401499049108,58593749.980019182,nan,nan,nan,candidate,boundary_peak,peak_at_band_boundary,peak_at_band_boundary,false,pdv_channel_1,automatic
0.00074539721499049217,58593749.980019182,nan,nan,nan,candidate,boundary_peak,peak_at_band_boundary,peak_at_band_boundary,false,pdv_channel_1,automatic
0.00074540041499049326,58593749.980019182,nan,nan,nan,candidate,boundary_peak,peak_at_band_boundary,peak_at_band_boundary,false,pdv_channel_1,automatic
0.00074540361499049435,58593749.980019182,nan,nan,nan,candidate,boundary_peak,ambiguous_peak,ambiguous_peak,false,pdv_channel_1,automatic
0.00074540681499049544,58593749.980019182,nan,nan,nan,candidate,boundary_peak,peak_at_band_boundary,peak_at_band_boundary,false,pdv_channel_1,automatic
0.00074541001499049654,58593749.980019182,nan,nan,nan,candidate,boundary_peak,peak_at_band_boundary,peak_at_band_boundary,false,pdv_channel_1,automatic
0.00074541321499049763,58593749.980019182,nan,nan,nan,candidate,boundary_peak,peak_at_band_boundary,peak_at_band_boundary,false,pdv_channel_1,automatic
0.00074541641499049872,58593749.980019182,nan,nan,nan,candidate,boundary_peak,peak_at_band_boundary,peak_at_band_boundary,false,pdv_channel_1,automatic
0.00074541961499049981,58593749.980019182,nan,nan,nan,candidate,boundary_peak,peak_at_band_boundary,peak_at_band_boundary,false,pdv_channel_1,automatic
0.0007454228149905009,58593749.980019182,nan,nan,nan,candidate,boundary_peak,peak_at_band_boundary,peak_at_band_boundary,false,pdv_channel_1,automatic
0.00074542601499050199,58593749.980019182,nan,nan,nan,candidate,boundary_peak,peak_at_band_boundary,peak_at_band_boundary,false,pdv_channel_1,automatic
0.00074542921499050308,58593749.980019182,nan,nan,nan,candidate,boundary_peak,peak_at_band_boundary,peak_at_band_boundary,false,pdv_channel_1,automatic
0.00074543241499050417,58593749.980019182,nan,nan,nan,candidate,boundary_peak,peak_at_band_boundary,peak_at_band_boundary,false,pdv_channel_1,automatic
0.00074543561499050527,58593749.980019182,nan,nan,nan,candidate,boundary_peak,peak_at_band_boundary,peak_at_band_boundary,false,pdv_channel_1,automatic
0.00074543881499050636,58593749.980019182,nan,nan,nan,candidate,boundary_peak,peak_at_band_boundary,peak_at_band_boundary,false,pdv_channel_1,automatic
0.00074544201499050745,58593749.980019182,nan,nan,nan,candidate,boundary_peak,peak_at_band_boundary,peak_at_band_boundary,false,pdv_channel_1,automatic
0.00074544521499050854,58593749.980019182,nan,nan,nan,candidate,boundary_peak,peak_at_band_boundary,peak_at_band_boundary,false,pdv_channel_1,automatic
0.00074544841499050963,58593749.980019182,nan,nan,nan,candidate,boundary_peak,peak_at_band_boundary,peak_at_band_boundary,false,pdv_channel_1,automatic
0.00074545161499051072,58593749.980019182,nan,nan,nan,candidate,boundary_peak,peak_at_band_boundary,peak_at_band_boundary,false,pdv_channel_1,automatic
0.00074545481499051181,58593749.980019182,nan,nan,nan,candidate,boundary_peak,peak_at_band_boundary,peak_at_band_boundary,false,pdv_channel_1,automatic
0.0007454580149905129,58593749.980019182,nan,nan,nan,candidate,boundary_peak,peak_at_band_boundary,peak_at_band_boundary,false,pdv_channel_1,automatic
0.000745461214990514,58593749.980019182,nan,nan,nan,candidate,boundary_peak,peak_at_band_boundary,peak_at_band_boundary,false,pdv_channel_1,automatic
0.00074546441499051509,58593749.980019182,nan,nan,nan,candidate,boundary_peak,peak_at_band_boundary,peak_at_band_boundary,false,pdv_channel_1,automatic
0.00074546761499051618,58593749.980019182,nan,nan,nan,candidate,boundary_peak,peak_at_band_boundary,peak_at_band_boundary,false,pdv_channel_1,automatic
0.00074547081499051727,58593749.980019182,nan,nan,nan,candidate,boundary_peak,peak_at_band_boundary,peak_at_band_boundary,false,pdv_channel_1,automatic
0.00074547401499051836,58593749.980019182,nan,nan,nan,candidate,boundary_peak,peak_at_band_boundary,peak_at_band_boundary,false,pdv_channel_1,automatic
0.00074547721499051945,58593749.980019182,nan,nan,nan,candidate,boundary_peak,peak_at_band_boundary,peak_at_band_boundary,false,pdv_channel_1,automatic
0.00074548041499052054,58593749.980019182,nan,nan,nan,candidate,boundary_peak,peak_at_band_boundary,peak_at_band_boundary,false,pdv_channel_1,automatic
0.00074548361499052163,58593749.980019182,nan,nan,nan,candidate,boundary_peak,peak_at_band_boundary,peak_at_band_boundary,false,pdv_channel_1,automatic
0.00074548681499052272,58593749.980019182,nan,nan,nan,candidate,boundary_peak,peak_at_band_boundary,peak_at_band_boundary,false,pdv_channel_1,automatic
0.00074549001499052382,58593749.980019182,nan,nan,nan,candidate,boundary_peak,peak_at_band_boundary,peak_at_band_boundary,false,pdv_channel_1,automatic
0.00074549321499052491,58593749.980019182,nan,nan,nan,candidate,boundary_peak,peak_at_band_boundary,peak_at_band_boundary,false,pdv_channel_1,automatic
0.000745496414990526,58593749.980019182,nan,nan,nan,candidate,boundary_peak,peak_at_band_boundary,peak_at_band_boundary,false,pdv_channel_1,automatic
0.00074549961499052709,58593749.980019182,nan,nan,nan,candidate,boundary_peak,peak_at_band_boundary,peak_at_band_boundary,false,pdv_channel_1,automatic
0.00074550281499052818,58593749.980019182,nan,nan,nan,candidate,boundary_peak,peak_at_band_boundary,peak_at_band_boundary,false,pdv_channel_1,automatic
0.00074550601499052927,58593749.980019182,nan,nan,nan,candidate,boundary_peak,peak_at_band_boundary,peak_at_band_boundary,false,pdv_channel_1,automatic
0.00074550921499053036,58593749.980019182,nan,nan,nan,candidate,boundary_peak,peak_at_band_boundary,peak_at_band_boundary,false,pdv_channel_1,automatic
0.00074551241499053145,58593749.980019182,nan,nan,nan,candidate,boundary_peak,peak_at_band_boundary,peak_at_band_boundary,false,pdv_channel_1,automatic
0.00074551561499053255,58593749.980019182,nan,nan,nan,candidate,boundary_peak,peak_at_band_boundary,peak_at_band_boundary,false,pdv_channel_1,automatic
0.00074551881499053364,58593749.980019182,nan,nan,nan,candidate,boundary_peak,peak_at_band_boundary,peak_at_band_boundary,false,pdv_channel_1,automatic
0.00074552201499053473,58593749.980019182,nan,nan,nan,candidate,boundary_peak,peak_at_band_boundary,peak_at_band_boundary,false,pdv_channel_1,automatic
0.00074552521499053582,58593749.980019182,nan,nan,nan,candidate,boundary_peak,peak_at_band_boundary,peak_at_band_boundary,false,pdv_channel_1,automatic
0.00074552841499053691,58593749.980019182,nan,nan,nan,candidate,boundary_peak,peak_at_band_boundary,peak_at_band_boundary,false,pdv_channel_1,automatic
0.000745531614990538,58593749.980019182,nan,nan,nan,candidate,boundary_peak,peak_at_band_boundary,peak_at_band_boundary,false,pdv_channel_1,automatic
0.00074553481499053909,58593749.980019182,nan,nan,nan,candidate,boundary_peak,peak_at_band_boundary,peak_at_band_boundary,false,pdv_channel_1,automatic
0.00074553801499054018,58593749.980019182,nan,nan,nan,candidate,boundary_peak,peak_at_band_boundary,peak_at_band_boundary,false,pdv_channel_1,automatic
0.00074554121499054128,58593749.980019182,nan,nan,nan,candidate,boundary_peak,peak_at_band_boundary,peak_at_band_boundary,false,pdv_channel_1,automatic
0.00074554441499054237,58593749.980019182,nan,nan,nan,candidate,boundary_peak,peak_at_band_boundary,peak_at_band_boundary,false,pdv_channel_1,automatic
0.00074554761499054346,58593749.980019182,nan,nan,nan,candidate,boundary_peak,peak_at_band_boundary,peak_at_band_boundary,false,pdv_channel_1,automatic
0.00074555081499054455,58593749.980019182,nan,nan,nan,candidate,boundary_peak,peak_at_band_boundary,peak_at_band_boundary,false,pdv_channel_1,automatic
0.00074555401499054564,58593749.980019182,nan,nan,nan,candidate,boundary_peak,peak_at_band_boundary,peak_at_band_boundary,false,pdv_channel_1,automatic
0.00074555721499054673,58593749.980019182,nan,nan,nan,candidate,boundary_peak,peak_at_band_boundary,peak_at_band_boundary,false,pdv_channel_1,automatic
0.00074556041499054782,58593749.980019182,nan,nan,nan,candidate,boundary_peak,peak_at_band_boundary,peak_at_band_boundary,false,pdv_channel_1,automatic
0.00074556361499054891,58593749.980019182,nan,nan,nan,candidate,boundary_peak,peak_at_band_boundary,peak_at_band_boundary,false,pdv_channel_1,automatic
0.00074556681499055001,58593749.980019182,nan,nan,nan,candidate,boundary_peak,peak_at_band_boundary,peak_at_band_boundary,false,pdv_channel_1,automatic
0.0007455700149905511,58593749.980019182,nan,nan,nan,candidate,boundary_peak,peak_at_band_boundary,peak_at_band_boundary,false,pdv_channel_1,automatic
0.00074557321499055219,58593749.980019182,nan,nan,nan,candidate,boundary_peak,peak_at_band_boundary,peak_at_band_boundary,false,pdv_channel_1,automatic
0.00074557641499055328,58593749.980019182,nan,nan,nan,candidate,boundary_peak,peak_at_band_boundary,peak_at_band_boundary,false,pdv_channel_1,automatic
0.00074557961499055437,58593749.980019182,nan,nan,nan,candidate,boundary_peak,peak_at_band_boundary,peak_at_band_boundary,false,pdv_channel_1,automatic
0.00074558281499055546,58593749.980019182,nan,nan,nan,candidate,boundary_peak,peak_at_band_boundary,peak_at_band_boundary,false,pdv_channel_1,automatic
0.00074558601499055655,58593749.980019182,nan,nan,nan,candidate,boundary_peak,peak_at_band_boundary,peak_at_band_boundary,false,pdv_channel_1,automatic
0.00074558921499055764,58593749.980019182,nan,nan,nan,candidate,boundary_peak,peak_at_band_boundary,peak_at_band_boundary,false,pdv_channel_1,automatic
0.00074559241499055874,58593749.980019182,nan,nan,nan,candidate,boundary_peak,peak_at_band_boundary,peak_at_band_boundary,false,pdv_channel_1,automatic
0.00074559561499055983,58593749.980019182,nan,nan,nan,candidate,boundary_peak,peak_at_band_boundary,peak_at_band_boundary,false,pdv_channel_1,automatic
0.00074559881499056092,58593749.980019182,nan,nan,nan,candidate,boundary_peak,peak_at_band_boundary,peak_at_band_boundary,false,pdv_channel_1,automatic
0.00074560201499056201,58593749.980019182,nan,nan,nan,candidate,boundary_peak,peak_at_band_boundary,peak_at_band_boundary,false,pdv_channel_1,automatic
0.0007456052149905631,58593749.980019182,nan,nan,nan,candidate,boundary_peak,peak_at_band_boundary,peak_at_band_boundary,false,pdv_channel_1,automatic
0.00074560841499056419,58593749.980019182,nan,nan,nan,candidate,boundary_peak,peak_at_band_boundary,peak_at_band_boundary,false,pdv_channel_1,automatic
0.00074561161499056528,58593749.980019182,nan,nan,nan,candidate,boundary_peak,peak_at_band_boundary,peak_at_band_boundary,false,pdv_channel_1,automatic
0.00074561481499056637,58593749.980019182,nan,nan,nan,candidate,boundary_peak,peak_at_band_boundary,peak_at_band_boundary,false,pdv_channel_1,automatic
0.00074561801499056746,58593749.980019182,nan,nan,nan,candidate,boundary_peak,peak_at_band_boundary,peak_at_band_boundary,false,pdv_channel_1,automatic
0.00074562121499056856,58593749.980019182,nan,nan,nan,candidate,boundary_peak,peak_at_band_boundary,peak_at_band_boundary,false,pdv_channel_1,automatic
0.00074562441499056965,58593749.980019182,nan,nan,nan,candidate,boundary_peak,peak_at_band_boundary,peak_at_band_boundary,false,pdv_channel_1,automatic
0.00074562761499057074,58593749.980019182,nan,nan,nan,candidate,boundary_peak,peak_at_band_boundary,peak_at_band_boundary,false,pdv_channel_1,automatic
0.00074563081499057183,58593749.980019182,nan,nan,nan,candidate,boundary_peak,peak_at_band_boundary,peak_at_band_boundary,false,pdv_channel_1,automatic
0.00074563401499057292,58593749.980019182,nan,nan,nan,candidate,boundary_peak,peak_at_band_boundary,peak_at_band_boundary,false,pdv_channel_1,automatic
0.00074563721499057401,58593749.980019182,nan,nan,nan,candidate,boundary_peak,peak_at_band_boundary,peak_at_band_boundary,false,pdv_channel_1,automatic
0.0007456404149905751,58593749.980019182,nan,nan,nan,candidate,boundary_peak,peak_at_band_boundary,peak_at_band_boundary,false,pdv_channel_1,automatic
0.00074564361499057619,58593749.980019182,nan,nan,nan,candidate,boundary_peak,peak_at_band_boundary,peak_at_band_boundary,false,pdv_channel_1,automatic
0.00074564681499057729,58593749.980019182,nan,nan,nan,candidate,boundary_peak,peak_at_band_boundary,peak_at_band_boundary,false,pdv_channel_1,automatic
0.00074565001499057838,58593749.980019182,nan,nan,nan,candidate,boundary_peak,peak_at_band_boundary,peak_at_band_boundary,false,pdv_channel_1,automatic
0.00074565321499057947,58593749.980019182,nan,nan,nan,candidate,boundary_peak,peak_at_band_boundary,peak_at_band_boundary,false,pdv_channel_1,automatic
0.00074565641499058056,58593749.980019182,nan,nan,nan,candidate,boundary_peak,peak_at_band_boundary,peak_at_band_boundary,false,pdv_channel_1,automatic
0.00074565961499058165,58593749.980019182,nan,nan,nan,candidate,boundary_peak,peak_at_band_boundary,peak_at_band_boundary,false,pdv_channel_1,automatic
0.00074566281499058274,58593749.980019182,nan,nan,nan,candidate,boundary_peak,peak_at_band_boundary,peak_at_band_boundary,false,pdv_channel_1,automatic
0.00074566601499058383,58593749.980019182,nan,nan,nan,candidate,boundary_peak,peak_at_band_boundary,peak_at_band_boundary,false,pdv_channel_1,automatic
0.00074566921499058492,58593749.980019182,nan,nan,nan,candidate,boundary_peak,peak_at_band_boundary,peak_at_band_boundary,false,pdv_channel_1,automatic
0.00074567241499058602,58593749.980019182,nan,nan,nan,candidate,boundary_peak,peak_at_band_boundary,peak_at_band_boundary,false,pdv_channel_1,automatic
0.00074567561499058711,58593749.980019182,nan,nan,nan,candidate,boundary_peak,peak_at_band_boundary,peak_at_band_boundary,false,pdv_channel_1,automatic
0.0007456788149905882,58593749.980019182,nan,nan,nan,candidate,boundary_peak,peak_at_band_boundary,peak_at_band_boundary,false,pdv_channel_1,automatic
0.00074568201499058929,58593749.980019182,nan,nan,nan,candidate,boundary_peak,peak_at_band_boundary,peak_at_band_boundary,false,pdv_channel_1,automatic
0.00074568521499059038,58593749.980019182,nan,nan,nan,candidate,boundary_peak,peak_at_band_boundary,peak_at_band_boundary,false,pdv_channel_1,automatic
0.00074568841499059147,58593749.980019182,nan,nan,nan,candidate,boundary_peak,peak_at_band_boundary,peak_at_band_boundary,false,pdv_channel_1,automatic
0.00074569161499059256,58593749.980019182,nan,nan,nan,candidate,boundary_peak,peak_at_band_boundary,peak_at_band_boundary,false,pdv_channel_1,automatic
0.00074569481499059365,58593749.980019182,nan,nan,nan,candidate,boundary_peak,peak_at_band_boundary,peak_at_band_boundary,false,pdv_channel_1,automatic
0.00074569801499059475,58593749.980019182,nan,nan,nan,candidate,boundary_peak,peak_at_band_boundary,peak_at_band_boundary,false,pdv_channel_1,automatic
0.00074570121499059584,58593749.980019182,nan,nan,nan,candidate,boundary_peak,peak_at_band_boundary,peak_at_band_boundary,false,pdv_channel_1,automatic
0.00074570441499059693,58593749.980019182,nan,nan,nan,candidate,boundary_peak,peak_at_band_boundary,peak_at_band_boundary,false,pdv_channel_1,automatic
0.00074570761499059802,58593749.980019182,nan,nan,nan,candidate,boundary_peak,peak_at_band_boundary,peak_at_band_boundary,false,pdv_channel_1,automatic
0.00074571081499059911,58593749.980019182,nan,nan,nan,candidate,boundary_peak,peak_at_band_boundary,peak_at_band_boundary,false,pdv_channel_1,automatic
0.0007457140149906002,58593749.980019182,nan,nan,nan,candidate,boundary_peak,peak_at_band_boundary,peak_at_band_boundary,false,pdv_channel_1,automatic
0.00074571721499060129,58593749.980019182,nan,nan,nan,candidate,boundary_peak,peak_at_band_boundary,peak_at_band_boundary,false,pdv_channel_1,automatic
0.00074572041499060238,58593749.980019182,nan,nan,nan,candidate,boundary_peak,peak_at_band_boundary,peak_at_band_boundary,false,pdv_channel_1,automatic
0.00074572361499060348,58593749.980019182,nan,nan,nan,candidate,boundary_peak,peak_at_band_boundary,peak_at_band_boundary,false,pdv_channel_1,automatic
0.00074572681499060457,58593749.980019182,nan,nan,nan,candidate,boundary_peak,peak_at_band_boundary,peak_at_band_boundary,false,pdv_channel_1,automatic
0.00074573001499060566,58593749.980019182,nan,nan,nan,candidate,boundary_peak,peak_at_band_boundary,peak_at_band_boundary,false,pdv_channel_1,automatic
0.00074573321499060675,58593749.980019182,nan,nan,nan,candidate,boundary_peak,peak_at_band_boundary,peak_at_band_boundary,false,pdv_channel_1,automatic
0.00074573641499060784,58593749.980019182,nan,nan,nan,candidate,boundary_peak,peak_at_band_boundary,peak_at_band_boundary,false,pdv_channel_1,automatic
0.00074573961499060893,58593749.980019182,nan,nan,nan,candidate,boundary_peak,peak_at_band_boundary,peak_at_band_boundary,false,pdv_channel_1,automatic
0.00074574281499061002,58593749.980019182,nan,nan,nan,candidate,boundary_peak,peak_at_band_boundary,peak_at_band_boundary,false,pdv_channel_1,automatic
0.00074574601499061111,58593749.980019182,nan,nan,nan,candidate,boundary_peak,peak_at_band_boundary,peak_at_band_boundary,false,pdv_channel_1,automatic
0.0007457492149906122,58593749.980019182,nan,nan,nan,candidate,boundary_peak,peak_at_band_boundary,peak_at_band_boundary,false,pdv_channel_1,automatic
0.0007457524149906133,58593749.980019182,nan,nan,nan,candidate,boundary_peak,peak_at_band_boundary,peak_at_band_boundary,false,pdv_channel_1,automatic
0.00074575561499061439,58593749.980019182,nan,nan,nan,candidate,boundary_peak,peak_at_band_boundary,peak_at_band_boundary,false,pdv_channel_1,automatic
0.00074575881499061548,58593749.980019182,nan,nan,nan,candidate,boundary_peak,peak_at_band_boundary,peak_at_band_boundary,false,pdv_channel_1,automatic
0.00074576201499061657,58593749.980019182,nan,nan,nan,candidate,boundary_peak,peak_at_band_boundary,peak_at_band_boundary,false,pdv_channel_1,automatic
0.00074576521499061766,58593749.980019182,nan,nan,nan,candidate,boundary_peak,peak_at_band_boundary,peak_at_band_boundary,false,pdv_channel_1,automatic
0.00074576841499061875,58593749.980019182,nan,nan,nan,candidate,boundary_peak,peak_at_band_boundary,peak_at_band_boundary,false,pdv_channel_1,automatic
0.00074577161499061984,58593749.980019182,nan,nan,nan,candidate,boundary_peak,peak_at_band_boundary,peak_at_band_boundary,false,pdv_channel_1,automatic
0.00074577481499062093,58593749.980019182,nan,nan,nan,candidate,boundary_peak,peak_at_band_boundary,peak_at_band_boundary,false,pdv_channel_1,automatic
0.00074577801499062203,58593749.980019182,nan,nan,nan,candidate,boundary_peak,peak_at_band_boundary,peak_at_band_boundary,false,pdv_channel_1,automatic
0.00074578121499062312,58593749.980019182,nan,nan,nan,candidate,boundary_peak,peak_at_band_boundary,peak_at_band_boundary,false,pdv_channel_1,automatic
0.00074578441499062421,58593749.980019182,nan,nan,nan,candidate,boundary_peak,peak_at_band_boundary,peak_at_band_boundary,false,pdv_channel_1,automatic
0.0007457876149906253,58593749.980019182,nan,nan,nan,candidate,boundary_peak,peak_at_band_boundary,peak_at_band_boundary,false,pdv_channel_1,automatic
0.00074579081499062639,58593749.980019182,nan,nan,nan,candidate,boundary_peak,peak_at_band_boundary,peak_at_band_boundary,false,pdv_channel_1,automatic
0.00074579401499062748,58593749.980019182,nan,nan,nan,candidate,boundary_peak,peak_at_band_boundary,peak_at_band_boundary,false,pdv_channel_1,automatic
0.00074579721499062857,58593749.980019182,nan,nan,nan,candidate,boundary_peak,peak_at_band_boundary,peak_at_band_boundary,false,pdv_channel_1,automatic
0.00074580041499062966,58593749.980019182,nan,nan,nan,candidate,boundary_peak,peak_at_band_boundary,peak_at_band_boundary,false,pdv_channel_1,automatic
0.00074580361499063076,58593749.980019182,nan,nan,nan,candidate,boundary_peak,peak_at_band_boundary,peak_at_band_boundary,false,pdv_channel_1,automatic
0.00074580681499063185,58593749.980019182,nan,nan,nan,candidate,boundary_peak,peak_at_band_boundary,peak_at_band_boundary,false,pdv_channel_1,automatic
0.00074581001499063294,58593749.980019182,nan,nan,nan,candidate,boundary_peak,peak_at_band_boundary,peak_at_band_boundary,false,pdv_channel_1,automatic
0.00074581321499063403,58593749.980019182,nan,nan,nan,candidate,boundary_peak,peak_at_band_boundary,peak_at_band_boundary,false,pdv_channel_1,automatic
0.00074581641499063512,58593749.980019182,nan,nan,nan,candidate,boundary_peak,peak_at_band_boundary,peak_at_band_boundary,false,pdv_channel_1,automatic
0.00074581961499063621,58593749.980019182,nan,nan,nan,candidate,boundary_peak,ambiguous_peak,ambiguous_peak,false,pdv_channel_1,automatic
0.0007458228149906373,58593749.980019182,nan,nan,nan,candidate,boundary_peak,peak_at_band_boundary,peak_at_band_boundary,false,pdv_channel_1,automatic
0.00074582601499063839,58593749.980019182,nan,nan,nan,candidate,boundary_peak,peak_at_band_boundary,peak_at_band_boundary,false,pdv_channel_1,automatic
0.00074582921499063949,58593749.980019182,nan,nan,nan,candidate,boundary_peak,peak_at_band_boundary,peak_at_band_boundary,false,pdv_channel_1,automatic
0.00074583241499064058,58593749.980019182,nan,nan,nan,candidate,boundary_peak,peak_at_band_boundary,peak_at_band_boundary,false,pdv_channel_1,automatic
0.00074583561499064167,58593749.980019182,nan,nan,nan,candidate,boundary_peak,peak_at_band_boundary,peak_at_band_boundary,false,pdv_channel_1,automatic
0.00074583881499064276,58593749.980019182,nan,nan,nan,candidate,boundary_peak,peak_at_band_boundary,peak_at_band_boundary,false,pdv_channel_1,automatic
0.00074584201499064385,58593749.980019182,nan,nan,nan,candidate,boundary_peak,peak_at_band_boundary,peak_at_band_boundary,false,pdv_channel_1,automatic
0.00074584521499064494,58593749.980019182,nan,nan,nan,candidate,boundary_peak,peak_at_band_boundary,peak_at_band_boundary,false,pdv_channel_1,automatic
0.00074584841499064603,58593749.980019182,nan,nan,nan,candidate,boundary_peak,peak_at_band_boundary,peak_at_band_boundary,false,pdv_channel_1,automatic
0.00074585161499064712,58593749.980019182,nan,nan,nan,candidate,boundary_peak,peak_at_band_boundary,peak_at_band_boundary,false,pdv_channel_1,automatic
0.00074585481499064822,58593749.980019182,nan,nan,nan,candidate,boundary_peak,peak_at_band_boundary,peak_at_band_boundary,false,pdv_channel_1,automatic
0.00074585801499064931,58593749.980019182,nan,nan,nan,candidate,boundary_peak,peak_at_band_boundary,peak_at_band_boundary,false,pdv_channel_1,automatic
0.0007458612149906504,58593749.980019182,nan,nan,nan,candidate,boundary_peak,peak_at_band_boundary,peak_at_band_boundary,false,pdv_channel_1,automatic
0.00074586441499065149,58593749.980019182,nan,nan,nan,candidate,boundary_peak,peak_at_band_boundary,peak_at_band_boundary,false,pdv_channel_1,automatic
0.00074586761499065258,58593749.980019182,nan,nan,nan,candidate,boundary_peak,peak_at_band_boundary,peak_at_band_boundary,false,pdv_channel_1,automatic
0.00074587081499065367,58593749.980019182,nan,nan,nan,candidate,boundary_peak,peak_at_band_boundary,peak_at_band_boundary,false,pdv_channel_1,automatic
0.00074587401499065476,58593749.980019182,nan,nan,nan,candidate,boundary_peak,peak_at_band_boundary,peak_at_band_boundary,false,pdv_channel_1,automatic
0.00074587721499065585,58593749.980019182,nan,nan,nan,candidate,boundary_peak,peak_at_band_boundary,peak_at_band_boundary,false,pdv_channel_1,automatic
0.00074588041499065694,58593749.980019182,nan,nan,nan,candidate,boundary_peak,peak_at_band_boundary,peak_at_band_boundary,false,pdv_channel_1,automatic
0.00074588361499065804,58593749.980019182,nan,nan,nan,candidate,boundary_peak,peak_at_band_boundary,peak_at_band_boundary,false,pdv_channel_1,automatic
0.00074588681499065913,58593749.980019182,nan,nan,nan,candidate,boundary_peak,peak_at_band_boundary,peak_at_band_boundary,false,pdv_channel_1,automatic
0.00074589001499066022,58593749.980019182,nan,nan,nan,candidate,boundary_peak,peak_at_band_boundary,peak_at_band_boundary,false,pdv_channel_1,automatic
0.00074589321499066131,58593749.980019182,nan,nan,nan,candidate,boundary_peak,peak_at_band_boundary,peak_at_band_boundary,false,pdv_channel_1,automatic
0.0007458964149906624,58593749.980019182,nan,nan,nan,candidate,boundary_peak,peak_at_band_boundary,peak_at_band_boundary,false,pdv_channel_1,automatic
0.00074589961499066349,58593749.980019182,nan,nan,nan,candidate,boundary_peak,peak_at_band_boundary,peak_at_band_boundary,false,pdv_channel_1,automatic
0.00074590281499066458,58593749.980019182,nan,nan,nan,candidate,boundary_peak,peak_at_band_boundary,peak_at_band_boundary,false,pdv_channel_1,automatic
0.00074590601499066567,58593749.980019182,nan,nan,nan,candidate,boundary_peak,peak_at_band_boundary,peak_at_band_boundary,false,pdv_channel_1,automatic
0.00074590921499066677,58593749.980019182,nan,nan,nan,candidate,boundary_peak,peak_at_band_boundary,peak_at_band_boundary,false,pdv_channel_1,automatic
0.00074591241499066786,58593749.980019182,nan,nan,nan,candidate,boundary_peak,peak_at_band_boundary,peak_at_band_boundary,false,pdv_channel_1,automatic
0.00074591561499066895,58593749.980019182,nan,nan,nan,candidate,boundary_peak,peak_at_band_boundary,peak_at_band_boundary,false,pdv_channel_1,automatic
0.00074591881499067004,58593749.980019182,nan,nan,nan,candidate,boundary_peak,peak_at_band_boundary,peak_at_band_boundary,false,pdv_channel_1,automatic
0.00074592201499067113,58593749.980019182,nan,nan,nan,candidate,boundary_peak,peak_at_band_boundary,peak_at_band_boundary,false,pdv_channel_1,automatic
0.00074592521499067222,58593749.980019182,nan,nan,nan,candidate,boundary_peak,peak_at_band_boundary,peak_at_band_boundary,false,pdv_channel_1,automatic
0.00074592841499067331,58593749.980019182,nan,nan,nan,candidate,boundary_peak,peak_at_band_boundary,peak_at_band_boundary,false,pdv_channel_1,automatic
0.0007459316149906744,58593749.980019182,nan,nan,nan,candidate,boundary_peak,peak_at_band_boundary,peak_at_band_boundary,false,pdv_channel_1,automatic
0.0007459348149906755,58593749.980019182,nan,nan,nan,candidate,boundary_peak,peak_at_band_boundary,peak_at_band_boundary,false,pdv_channel_1,automatic
0.00074593801499067659,58593749.980019182,nan,nan,nan,candidate,boundary_peak,peak_at_band_boundary,peak_at_band_boundary,false,pdv_channel_1,automatic
0.00074594121499067768,58593749.980019182,nan,nan,nan,candidate,boundary_peak,peak_at_band_boundary,peak_at_band_boundary,false,pdv_channel_1,automatic
0.00074594441499067877,58593749.980019182,nan,nan,nan,candidate,boundary_peak,peak_at_band_boundary,peak_at_band_boundary,false,pdv_channel_1,automatic
0.00074594761499067986,58593749.980019182,nan,nan,nan,candidate,boundary_peak,peak_at_band_boundary,peak_at_band_boundary,false,pdv_channel_1,automatic
0.00074595081499068095,58593749.980019182,nan,nan,nan,candidate,boundary_peak,peak_at_band_boundary,peak_at_band_boundary,false,pdv_channel_1,automatic
0.00074595401499068204,58593749.980019182,nan,nan,nan,candidate,boundary_peak,peak_at_band_boundary,peak_at_band_boundary,false,pdv_channel_1,automatic
0.00074595721499068313,58593749.980019182,nan,nan,nan,candidate,boundary_peak,peak_at_band_boundary,peak_at_band_boundary,false,pdv_channel_1,automatic
0.00074596041499068423,107421874.96336851,nan,nan,nan,candidate,refined,ambiguous_peak,ambiguous_peak,false,pdv_channel_1,automatic
0.00074596361499068532,58593749.980019182,nan,nan,nan,candidate,boundary_peak,peak_at_band_boundary,peak_at_band_boundary,false,pdv_channel_1,automatic
0.00074596681499068641,58593749.980019182,nan,nan,nan,candidate,boundary_peak,peak_at_band_boundary,peak_at_band_boundary,false,pdv_channel_1,automatic
0.0007459700149906875,58593749.980019182,nan,nan,nan,candidate,boundary_peak,peak_at_band_boundary,peak_at_band_boundary,false,pdv_channel_1,automatic
0.00074597321499068859,58593749.980019182,nan,nan,nan,candidate,boundary_peak,peak_at_band_boundary,peak_at_band_boundary,false,pdv_channel_1,automatic
0.00074597641499068968,58593749.980019182,nan,nan,nan,candidate,boundary_peak,peak_at_band_boundary,peak_at_band_boundary,false,pdv_channel_1,automatic
0.00074597961499069077,58593749.980019182,nan,nan,nan,candidate,boundary_peak,peak_at_band_boundary,peak_at_band_boundary,false,pdv_channel_1,automatic
0.00074598281499069186,58593749.980019182,nan,nan,nan,candidate,boundary_peak,peak_at_band_boundary,peak_at_band_boundary,false,pdv_channel_1,automatic
0.00074598601499069295,58593749.980019182,nan,nan,nan,candidate,boundary_peak,peak_at_band_boundary,peak_at_band_boundary,false,pdv_channel_1,automatic
0.00074598921499069405,58593749.980019182,nan,nan,nan,candidate,boundary_peak,peak_at_band_boundary,peak_at_band_boundary,false,pdv_channel_1,automatic
0.00074599241499069514,58593749.980019182,nan,nan,nan,candidate,boundary_peak,peak_at_band_boundary,peak_at_band_boundary,false,pdv_channel_1,automatic
0.00074599561499069623,58593749.980019182,nan,nan,nan,candidate,boundary_peak,peak_at_band_boundary,peak_at_band_boundary,false,pdv_channel_1,automatic
0.00074599881499069732,58593749.980019182,nan,nan,nan,candidate,boundary_peak,peak_at_band_boundary,peak_at_band_boundary,false,pdv_channel_1,automatic
0.00074600201499069841,58593749.980019182,nan,nan,nan,candidate,boundary_peak,peak_at_band_boundary,peak_at_band_boundary,false,pdv_channel_1,automatic
0.0007460052149906995,58593749.980019182,nan,nan,nan,candidate,boundary_peak,peak_at_band_boundary,peak_at_band_boundary,false,pdv_channel_1,automatic
0.00074600841499070059,117187499.96003836,nan,nan,nan,candidate,refined,unstable_detection,unstable_detection,false,pdv_channel_1,automatic
0.00074601161499070168,58593749.980019182,nan,nan,nan,candidate,boundary_peak,peak_at_band_boundary,peak_at_band_boundary,false,pdv_channel_1,automatic
0.00074601481499070278,58593749.980019182,nan,nan,nan,candidate,boundary_peak,peak_at_band_boundary,peak_at_band_boundary,false,pdv_channel_1,automatic
0.00074601801499070387,117187499.96003836,nan,nan,nan,candidate,refined,ambiguous_peak,ambiguous_peak,false,pdv_channel_1,automatic
0.00074602121499070496,58593749.980019182,nan,nan,nan,candidate,boundary_peak,peak_at_band_boundary,peak_at_band_boundary,false,pdv_channel_1,automatic
0.00074602441499070605,58593749.980019182,nan,nan,nan,candidate,boundary_peak,peak_at_band_boundary,peak_at_band_boundary,false,pdv_channel_1,automatic
0.00074602761499070714,58593749.980019182,nan,nan,nan,candidate,boundary_peak,ambiguous_peak,ambiguous_peak,false,pdv_channel_1,automatic
0.00074603081499070823,58593749.980019182,nan,nan,nan,candidate,boundary_peak,peak_at_band_boundary,peak_at_band_boundary,false,pdv_channel_1,automatic
0.00074603401499070932,58593749.980019182,nan,nan,nan,candidate,boundary_peak,peak_at_band_boundary,peak_at_band_boundary,false,pdv_channel_1,automatic
0.00074603721499071041,58593749.980019182,nan,nan,nan,candidate,boundary_peak,no_detectable_beat,no_detectable_beat,false,pdv_channel_1,automatic
0.00074604041499071151,58593749.980019182,nan,nan,nan,candidate,boundary_peak,peak_at_band_boundary,peak_at_band_boundary,false,pdv_channel_1,automatic
0.0007460436149907126,58593749.980019182,nan,nan,nan,candidate,boundary_peak,peak_at_band_boundary,peak_at_band_boundary,false,pdv_channel_1,automatic
0.00074604681499071369,117187499.96003836,nan,nan,nan,candidate,refined,unstable_detection,unstable_detection,false,pdv_channel_1,automatic
0.00074605001499071478,58593749.980019182,nan,nan,nan,candidate,boundary_peak,peak_at_band_boundary,peak_at_band_boundary,false,pdv_channel_1,automatic
0.00074605321499071587,58593749.980019182,nan,nan,nan,candidate,boundary_peak,peak_at_band_boundary,peak_at_band_boundary,false,pdv_channel_1,automatic
0.00074605641499071696,97656249.966698647,nan,nan,nan,candidate,refined,unstable_detection,unstable_detection,false,pdv_channel_1,automatic
0.00074605961499071805,97656249.966698647,nan,nan,nan,candidate,refined,unstable_detection,unstable_detection,false,pdv_channel_1,automatic
0.00074606281499071914,58593749.980019182,nan,nan,nan,candidate,boundary_peak,peak_at_band_boundary,peak_at_band_boundary,false,pdv_channel_1,automatic
0.00074606601499072024,58593749.980019182,nan,nan,nan,candidate,boundary_peak,peak_at_band_boundary,peak_at_band_boundary,false,pdv_channel_1,automatic
0.00074606921499072133,722656249.75356996,nan,nan,nan,candidate,refined,no_detectable_beat,no_detectable_beat,false,pdv_channel_1,automatic
0.00074607241499072242,58593749.980019182,nan,nan,nan,candidate,boundary_peak,peak_at_band_boundary,peak_at_band_boundary,false,pdv_channel_1,automatic
0.00074607561499072351,58593749.980019182,nan,nan,nan,candidate,boundary_peak,peak_at_band_boundary,peak_at_band_boundary,false,pdv_channel_1,automatic
0.0007460788149907246,58593749.980019182,nan,nan,nan,candidate,boundary_peak,ambiguous_peak,ambiguous_peak,false,pdv_channel_1,automatic
0.00074608201499072569,126953124.95670824,nan,nan,nan,candidate,refined,unstable_detection,unstable_detection,false,pdv_channel_1,automatic
0.00074608521499072678,58593749.980019182,nan,nan,nan,candidate,boundary_peak,peak_at_band_boundary,peak_at_band_boundary,false,pdv_channel_1,automatic
0.00074608841499072787,58593749.980019182,nan,nan,nan,candidate,boundary_peak,peak_at_band_boundary,peak_at_band_boundary,false,pdv_channel_1,automatic
0.00074609161499072897,205078124.93006715,nan,nan,nan,candidate,refined,ambiguous_peak,ambiguous_peak,false,pdv_channel_1,automatic
0.00074609481499073006,58593749.980019182,nan,nan,nan,candidate,boundary_peak,peak_at_band_boundary,peak_at_band_boundary,false,pdv_channel_1,automatic
0.00074609801499073115,58593749.980019182,nan,nan,nan,candidate,boundary_peak,peak_at_band_boundary,peak_at_band_boundary,false,pdv_channel_1,automatic
0.00074610121499073224,58593749.980019182,nan,nan,nan,candidate,boundary_peak,peak_at_band_boundary,peak_at_band_boundary,false,pdv_channel_1,automatic
0.00074610441499073333,58593749.980019182,nan,nan,nan,candidate,boundary_peak,peak_at_band_boundary,peak_at_band_boundary,false,pdv_channel_1,automatic
0.00074610761499073442,58593749.980019182,nan,nan,nan,candidate,boundary_peak,ambiguous_peak,ambiguous_peak,false,pdv_channel_1,automatic
0.00074611081499073551,58593749.980019182,nan,nan,nan,candidate,boundary_peak,peak_at_band_boundary,peak_at_band_boundary,false,pdv_channel_1,automatic
0.0007461140149907366,58593749.980019182,nan,nan,nan,candidate,boundary_peak,peak_at_band_boundary,peak_at_band_boundary,false,pdv_channel_1,automatic
0.00074611721499073769,126953124.95670824,129840787.6073565,100.62661039570129,100.62661039570129,candidate,refined,measured,quality_gated_measurement,false,pdv_channel_1,automatic
0.00074612041499073879,136718749.95337811,136513635.91247562,105.7980678321686,105.7980678321686,candidate,refined,measured,quality_gated_measurement,false,pdv_channel_1,automatic
0.00074612361499073988,126953124.95670824,130354334.00159025,101.02460885123244,101.02460885123244,candidate,refined,measured,quality_gated_measurement,false,pdv_channel_1,automatic
0.00074612681499074097,136718749.95337811,133385429.56098801,103.3737079097657,103.3737079097657,candidate,refined,measured,quality_gated_measurement,false,pdv_channel_1,automatic
0.00074613001499074206,58593749.980019182,nan,nan,nan,candidate,boundary_peak,peak_at_band_boundary,peak_at_band_boundary,false,pdv_channel_1,automatic
0.00074613321499074315,58593749.980019182,nan,nan,nan,candidate,boundary_peak,ambiguous_peak,ambiguous_peak,false,pdv_channel_1,automatic
0.00074613641499074424,58593749.980019182,nan,nan,nan,candidate,boundary_peak,peak_at_band_boundary,peak_at_band_boundary,false,pdv_channel_1,automatic
0.00074613961499074533,117187499.96003836,nan,nan,nan,candidate,refined,unstable_detection,unstable_detection,false,pdv_channel_1,automatic
0.00074614281499074642,58593749.980019182,nan,nan,nan,candidate,boundary_peak,peak_at_band_boundary,peak_at_band_boundary,false,pdv_channel_1,automatic
0.00074614601499074752,58593749.980019182,nan,nan,nan,candidate,boundary_peak,peak_at_band_boundary,peak_at_band_boundary,false,pdv_channel_1,automatic
0.00074614921499074861,117187499.96003836,nan,nan,nan,candidate,refined,unstable_detection,unstable_detection,false,pdv_channel_1,automatic
0.0007461524149907497,58593749.980019182,nan,nan,nan,candidate,boundary_peak,peak_at_band_boundary,peak_at_band_boundary,false,pdv_channel_1,automatic
0.00074615561499075079,107421874.96336851,nan,nan,nan,candidate,refined,unstable_detection,unstable_detection,false,pdv_channel_1,automatic
0.00074615881499075188,117187499.96003836,nan,nan,nan,candidate,refined,unstable_detection,unstable_detection,false,pdv_channel_1,automatic
0.00074616201499075297,58593749.980019182,nan,nan,nan,candidate,boundary_peak,peak_at_band_boundary,peak_at_band_boundary,false,pdv_channel_1,automatic
0.00074616521499075406,97656249.966698647,nan,nan,nan,candidate,refined,unstable_detection,unstable_detection,false,pdv_channel_1,automatic
0.00074616841499075515,97656249.966698647,nan,nan,nan,candidate,refined,unstable_detection,unstable_detection,false,pdv_channel_1,automatic
0.00074617161499075625,58593749.980019182,nan,nan,nan,candidate,boundary_peak,peak_at_band_boundary,peak_at_band_boundary,false,pdv_channel_1,automatic
0.00074617481499075734,117187499.96003836,nan,nan,nan,candidate,refined,unstable_detection,unstable_detection,false,pdv_channel_1,automatic
0.00074617801499075843,117187499.96003836,nan,nan,nan,candidate,refined,unstable_detection,unstable_detection,false,pdv_channel_1,automatic
0.00074618121499075952,58593749.980019182,nan,nan,nan,candidate,boundary_peak,peak_at_band_boundary,peak_at_band_boundary,false,pdv_channel_1,automatic
0.00074618441499076061,97656249.966698647,nan,nan,nan,candidate,refined,unstable_detection,unstable_detection,false,pdv_channel_1,automatic
0.0007461876149907617,87890624.970028773,nan,nan,nan,candidate,refined,unstable_detection,unstable_detection,false,pdv_channel_1,automatic
0.00074619081499076279,58593749.980019182,nan,nan,nan,candidate,boundary_peak,peak_at_band_boundary,peak_at_band_boundary,false,pdv_channel_1,automatic
0.00074619401499076388,97656249.966698647,102326485.20506826,79.303026033927907,79.303026033927907,candidate,refined,measured,quality_gated_measurement,false,pdv_channel_1,automatic
0.00074619721499076498,107421874.96336851,111021370.9072081,86.041562453086271,86.041562453086271,candidate,refined,measured,quality_gated_measurement,false,pdv_channel_1,automatic
0.00074620041499076607,97656249.966698647,93070550.849216029,72.129676908142429,72.129676908142429,candidate,refined,measured,quality_gated_measurement,false,pdv_channel_1,automatic
0.00074620361499076716,87890624.970028773,84273915.719134659,65.312284682329363,65.312284682329363,candidate,refined,measured,quality_gated_measurement,false,pdv_channel_1,automatic
0.00074620681499076825,107421874.96336851,109392937.46796592,84.77952653767359,84.77952653767359,candidate,refined,measured,quality_gated_measurement,false,pdv_channel_1,automatic
0.00074621001499076934,97656249.966698647,100378107.22640318,77.793033100462466,77.793033100462466,candidate,refined,measured,quality_gated_measurement,false,pdv_channel_1,automatic
0.00074621321499077043,253906249.91341648,nan,nan,nan,candidate,refined,ambiguous_peak,ambiguous_peak,false,pdv_channel_1,automatic
0.00074621641499077152,253906249.91341648,nan,nan,nan,candidate,refined,ambiguous_peak,ambiguous_peak,false,pdv_channel_1,automatic
0.00074621961499077261,224609374.92340687,nan,nan,nan,candidate,refined,ambiguous_peak,ambiguous_peak,false,pdv_channel_1,automatic
0.00074622281499077371,527343749.82017267,530883517.42007512,411.43472600055821,411.43472600055821,candidate,refined,measured,quality_gated_measurement,false,pdv_channel_1,automatic
0.0007462260149907748,546874999.81351244,542782762.31750679,420.65664079606773,420.65664079606773,candidate,refined,measured,quality_gated_measurement,false,pdv_channel_1,automatic
0.00074622921499077589,556640624.81018221,554724644.2334913,429.91159928095573,429.91159928095573,candidate,refined,measured,quality_gated_measurement,false,pdv_channel_1,automatic
0.00074623241499077698,556640624.81018221,561518355.07348168,435.17672518194831,435.17672518194831,candidate,refined,measured,quality_gated_measurement,false,pdv_channel_1,automatic
0.00074623561499077807,566406249.8068521,561587361.75893855,435.23020536317739,435.23020536317739,candidate,refined,measured,quality_gated_measurement,false,pdv_channel_1,automatic
0.00074623881499077916,556640624.81018221,559123220.41183102,433.32049581916903,433.32049581916903,candidate,refined,measured,quality_gated_measurement,false,pdv_channel_1,automatic
0.00074624201499078025,556640624.81018221,555483400.6435653,430.4996354987631,430.4996354987631,candidate,refined,measured,quality_gated_measurement,false,pdv_channel_1,automatic
0.00074624521499078134,546874999.81351244,550516187.0004071,426.65004492531551,426.65004492531551,candidate,refined,measured,quality_gated_measurement,false,pdv_channel_1,automatic
0.00074624841499078243,546874999.81351244,546246330.29412055,423.34090597794341,423.34090597794341,candidate,refined,measured,quality_gated_measurement,false,pdv_channel_1,automatic
0.00074625161499078353,546874999.81351244,543226860.77851152,421.00081710334644,421.00081710334644,candidate,refined,measured,quality_gated_measurement,false,pdv_channel_1,automatic
0.00074625481499078462,537109374.81684256,540105979.84801483,418.58213438221151,418.58213438221151,candidate,refined,measured,quality_gated_measurement,false,pdv_channel_1,automatic
0.00074625801499078571,537109374.81684256,536848329.27058446,416.05745518470297,416.05745518470297,candidate,refined,measured,quality_gated_measurement,false,pdv_channel_1,automatic
0.0007462612149907868,537109374.81684256,535552459.34058756,415.05315598895533,415.05315598895533,candidate,refined,measured,quality_gated_measurement,false,pdv_channel_1,automatic
0.00074626441499078789,537109374.81684256,537231226.07838106,416.35420021074532,416.35420021074532,candidate,refined,measured,quality_gated_measurement,false,pdv_channel_1,automatic
0.00074626761499078898,537109374.81684256,541211583.817927,419.43897745889342,419.43897745889342,candidate,refined,measured,quality_gated_measurement,false,pdv_channel_1,automatic
0.00074627081499079007,546874999.81351244,545710915.39705062,422.92595943271425,422.92595943271425,candidate,refined,measured,quality_gated_measurement,false,pdv_channel_1,automatic
0.00074627401499079116,546874999.81351244,549680858.27114713,426.00266516013903,426.00266516013903,candidate,refined,measured,quality_gated_measurement,false,pdv_channel_1,automatic
0.00074627721499079226,546874999.81351244,551527290.54459083,427.43365017205787,427.43365017205787,candidate,refined,measured,quality_gated_measurement,false,pdv_channel_1,automatic
0.00074628041499079335,546874999.81351244,551047019.95298624,427.06144046356434,427.06144046356434,candidate,refined,measured,quality_gated_measurement,false,pdv_channel_1,automatic
0.00074628361499079444,546874999.81351244,550068950.1189369,426.3034363421761,426.3034363421761,candidate,refined,measured,quality_gated_measurement,false,pdv_channel_1,automatic
0.00074628681499079553,546874999.81351244,549343912.08411527,425.7415318651893,425.7415318651893,candidate,refined,measured,quality_gated_measurement,false,pdv_channel_1,automatic
0.00074629001499079662,546874999.81351244,547902202.15046906,424.62420666661353,424.62420666661353,candidate,refined,measured,quality_gated_measurement,false,pdv_channel_1,automatic
0.00074629321499079771,546874999.81351244,547212383.95046139,424.08959756160755,424.08959756160755,candidate,refined,measured,quality_gated_measurement,false,pdv_channel_1,automatic
0.0007462964149907988,546874999.81351244,549586255.46411347,425.92934798468792,425.92934798468792,candidate,refined,measured,quality_gated_measurement,false,pdv_channel_1,automatic
0.00074629961499079989,556640624.81018221,552350712.04046154,428.07180183135767,428.07180183135767,candidate,refined,measured,quality_gated_measurement,false,pdv_channel_1,automatic
0.00074630281499080099,546874999.81351244,551463720.35774517,427.38438327725248,427.38438327725248,candidate,refined,measured,quality_gated_measurement,false,pdv_channel_1,automatic
0.00074630601499080208,546874999.81351244,548015221.25601721,424.71179647341336,424.71179647341336,candidate,refined,measured,quality_gated_measurement,false,pdv_channel_1,automatic
0.00074630921499080317,546874999.81351244,546166317.79629099,423.27889629212552,423.27889629212552,candidate,refined,measured,quality_gated_measurement,false,pdv_channel_1,automatic
0.00074631241499080426,546874999.81351244,546861850.13503313,423.81793385465068,423.81793385465068,candidate,refined,measured,quality_gated_measurement,false,pdv_channel_1,automatic
0.00074631561499080535,546874999.81351244,548139582.495736,424.80817643419539,424.80817643419539,candidate,refined,measured,quality_gated_measurement,false,pdv_channel_1,automatic
0.00074631881499080644,546874999.81351244,549027865.40764022,425.49659569092114,425.49659569092114,candidate,refined,measured,quality_gated_measurement,false,pdv_channel_1,automatic
0.00074632201499080753,546874999.81351244,549918446.65460253,426.18679615731696,426.18679615731696,candidate,refined,measured,quality_gated_measurement,false,pdv_channel_1,automatic
0.00074632521499080862,546874999.81351244,551058752.6794703,427.0705333265895,427.0705333265895,candidate,refined,measured,quality_gated_measurement,false,pdv_channel_1,automatic
0.00074632841499080972,556640624.81018221,552744914.98225367,428.37730911124657,428.37730911124657,candidate,refined,measured,quality_gated_measurement,false,pdv_channel_1,automatic
0.00074633161499081081,556640624.81018221,554938832.84940243,430.07759545828685,430.07759545828685,candidate,refined,measured,quality_gated_measurement,false,pdv_channel_1,automatic
0.0007463348149908119,556640624.81018221,555647007.57543731,430.62643087096393,430.62643087096393,candidate,refined,measured,quality_gated_measurement,false,pdv_channel_1,automatic
0.00074633801499081299,556640624.81018221,553062160.5262953,428.62317440787888,428.62317440787888,candidate,refined,measured,quality_gated_measurement,false,pdv_channel_1,automatic
0.00074634121499081408,546874999.81351244,548745905.42005837,425.27807670054523,425.27807670054523,candidate,refined,measured,quality_gated_measurement,false,pdv_channel_1,automatic
0.00074634441499081517,546874999.81351244,546736750.84933197,423.72098190823226,423.72098190823226,candidate,refined,measured,quality_gated_measurement,false,pdv_channel_1,automatic
0.00074634761499081626,546874999.81351244,548607531.19146001,425.17083667338153,425.17083667338153,candidate,refined,measured,quality_gated_measurement,false,pdv_channel_1,automatic
0.00074635081499081735,556640624.81018221,552459375.89596343,428.15601631937164,428.15601631937164,candidate,refined,measured,quality_gated_measurement,false,pdv_channel_1,automatic
0.00074635401499081845,556640624.81018221,554506538.30211604,429.74256718413994,429.74256718413994,candidate,refined,measured,quality_gated_measurement,false,pdv_channel_1,automatic
0.00074635721499081954,556640624.81018221,553243075.68136454,428.76338365305753,428.76338365305753,candidate,refined,measured,quality_gated_measurement,false,pdv_channel_1,automatic
0.00074636041499082063,546874999.81351244,551048058.8016367,427.06224557126842,427.06224557126842,candidate,refined,measured,quality_gated_measurement,false,pdv_channel_1,automatic
0.00074636361499082172,546874999.81351244,549745855.68761957,426.05303815790518,426.05303815790518,candidate,refined,measured,quality_gated_measurement,false,pdv_channel_1,automatic
0.00074636681499082281,546874999.81351244,549585407.81985354,425.92869106038648,425.92869106038648,candidate,refined,measured,quality_gated_measurement,false,pdv_channel_1,automatic
0.0007463700149908239,546874999.81351244,551637539.59414279,427.51909318546063,427.51909318546063,candidate,refined,measured,quality_gated_measurement,false,pdv_channel_1,automatic
0.00074637321499082499,556640624.81018221,556826291.05485809,431.54037556751501,431.54037556751501,candidate,refined,measured,quality_gated_measurement,false,pdv_channel_1,automatic
0.00074637641499082608,566406249.8068521,561915088.02524614,435.48419321956578,435.48419321956578,candidate,refined,measured,quality_gated_measurement,false,pdv_channel_1,automatic
0.00074637961499082717,566406249.8068521,562899432.42928576,436.24706013269645,436.24706013269645,candidate,refined,measured,quality_gated_measurement,false,pdv_channel_1,automatic
0.00074638281499082827,556640624.81018221,559534978.79374516,433.63960856515251,433.63960856515251,candidate,refined,measured,quality_gated_measurement,false,pdv_channel_1,automatic
0.00074638601499082936,556640624.81018221,556002081.86850131,430.90161344808848,430.90161344808848,candidate,refined,measured,quality_gated_measurement,false,pdv_channel_1,automatic
0.00074638921499083045,556640624.81018221,555875427.86804914,430.80345659773809,430.80345659773809,candidate,refined,measured,quality_gated_measurement,false,pdv_channel_1,automatic
0.00074639241499083154,556640624.81018221,557386788.27078879,431.97476090986129,431.97476090986129,candidate,refined,measured,quality_gated_measurement,false,pdv_channel_1,automatic
0.00074639561499083263,556640624.81018221,556467591.27624857,431.26238323909263,431.26238323909263,candidate,refined,measured,quality_gated_measurement,false,pdv_channel_1,automatic
0.00074639881499083372,556640624.81018221,552505009.19608593,428.19138212696657,428.19138212696657,candidate,refined,measured,quality_gated_measurement,false,pdv_channel_1,automatic
0.00074640201499083481,546874999.81351244,548576465.50393772,425.14676076555173,425.14676076555173,candidate,refined,measured,quality_gated_measurement,false,pdv_channel_1,automatic
0.0007464052149908359,546874999.81351244,547276069.11123145,424.13895356120435,424.13895356120435,candidate,refined,measured,quality_gated_measurement,false,pdv_channel_1,automatic
0.000746408414990837,546874999.81351244,548235082.6423279,424.8821890478041,424.8821890478041,candidate,refined,measured,quality_gated_measurement,false,pdv_channel_1,automatic
0.00074641161499083809,546874999.81351244,548757368.16883039,425.28696033084356,425.28696033084356,candidate,refined,measured,quality_gated_measurement,false,pdv_channel_1,automatic
0.00074641481499083918,546874999.81351244,548109099.4509331,424.78455207447314,424.78455207447314,candidate,refined,measured,quality_gated_measurement,false,pdv_channel_1,automatic
0.00074641801499084027,546874999.81351244,548319087.05753326,424.94729246958826,424.94729246958826,candidate,refined,measured,quality_gated_measurement,false,pdv_channel_1,automatic
0.00074642121499084136,546874999.81351244,550552066.87313735,426.67785182668143,426.67785182668143,candidate,refined,measured,quality_gated_measurement,false,pdv_channel_1,automatic
0.00074642441499084245,556640624.81018221,553224805.31185102,428.74922411668456,428.74922411668456,candidate,refined,measured,quality_gated_measurement,false,pdv_channel_1,automatic
0.00074642761499084354,556640624.81018221,554044671.51600993,429.38462042490767,429.38462042490767,candidate,refined,measured,quality_gated_measurement,false,pdv_channel_1,automatic
0.00074643081499084463,556640624.81018221,552812343.7316637,428.42956639203936,428.42956639203936,candidate,refined,measured,quality_gated_measurement,false,pdv_channel_1,automatic
0.00074643401499084573,546874999.81351244,551091117.49194932,427.09561605626072,427.09561605626072,candidate,refined,measured,quality_gated_measurement,false,pdv_channel_1,automatic
0.00074643721499084682,546874999.81351244,550203896.2731446,426.40801961168705,426.40801961168705,candidate,refined,measured,quality_gated_measurement,false,pdv_channel_1,automatic
0.00074644041499084791,546874999.81351244,549752110.65170705,426.05788575507296,426.05788575507296,candidate,refined,measured,quality_gated_measurement,false,pdv_channel_1,automatic
0.000746443614990849,546874999.81351244,549212802.77704203,425.63992215220759,425.63992215220759,candidate,refined,measured,quality_gated_measurement,false,pdv_channel_1,automatic
0.00074644681499085009,546874999.81351244,548865809.87767816,425.37100265520058,425.37100265520058,candidate,refined,measured,quality_gated_measurement,false,pdv_channel_1,automatic
0.00074645001499085118,546874999.81351244,549767462.83156276,426.06978369446114,426.06978369446114,candidate,refined,measured,quality_gated_measurement,false,pdv_channel_1,automatic
0.00074645321499085227,556640624.81018221,552215614.4845047,427.96710122549115,427.96710122549115,candidate,refined,measured,quality_gated_measurement,false,pdv_channel_1,automatic
0.00074645641499085336,556640624.81018221,554883426.11766005,430.03465524118656,430.03465524118656,candidate,refined,measured,quality_gated_measurement,false,pdv_channel_1,automatic
0.00074645961499085446,556640624.81018221,556048549.40122068,430.93762578594601,430.93762578594601,candidate,refined,measured,quality_gated_measurement,false,pdv_channel_1,automatic
0.00074646281499085555,556640624.81018221,556004455.71607077,430.90345317995485,430.90345317995485,candidate,refined,measured,quality_gated_measurement,false,pdv_channel_1,automatic
0.00074646601499085664,556640624.81018221,556705631.02147746,431.44686404164503,431.44686404164503,candidate,refined,measured,quality_gated_measurement,false,pdv_channel_1,automatic
0.00074646921499085773,556640624.81018221,558265442.66888416,432.65571806838523,432.65571806838523,candidate,refined,measured,quality_gated_measurement,false,pdv_channel_1,automatic
0.00074647241499085882,556640624.81018221,558402196.21717954,432.76170206831415,432.76170206831415,candidate,refined,measured,quality_gated_measurement,false,pdv_channel_1,automatic
0.00074647561499085991,556640624.81018221,556185092.26666367,431.04344650666434,431.04344650666434,candidate,refined,measured,quality_gated_measurement,false,pdv_channel_1,automatic
0.000746478814990861,556640624.81018221,553540785.09703565,428.99410845020265,428.99410845020265,candidate,refined,measured,quality_gated_measurement,false,pdv_channel_1,automatic
0.00074648201499086209,556640624.81018221,552464310.58854318,428.15984070612097,428.15984070612097,candidate,refined,measured,quality_gated_measurement,false,pdv_channel_1,automatic
0.00074648521499086319,556640624.81018221,552722631.4596566,428.36003938123383,428.36003938123383,candidate,refined,measured,quality_gated_measurement,false,pdv_channel_1,automatic
0.00074648841499086428,556640624.81018221,553351871.99431932,428.84770079559746,428.84770079559746,candidate,refined,measured,quality_gated_measurement,false,pdv_channel_1,automatic
0.00074649161499086537,556640624.81018221,554240164.05127192,429.53612713973575,429.53612713973575,candidate,refined,measured,quality_gated_measurement,false,pdv_channel_1,automatic
0.00074649481499086646,556640624.81018221,555030324.75995195,430.14850168896277,430.14850168896277,candidate,refined,measured,quality_gated_measurement,false,pdv_channel_1,automatic
0.00074649801499086755,556640624.81018221,555394640.51899195,430.43084640221878,430.43084640221878,candidate,refined,measured,quality_gated_measurement,false,pdv_channel_1,automatic
0.00074650121499086864,556640624.81018221,555907563.71219873,430.82836187695403,430.82836187695403,candidate,refined,measured,quality_gated_measurement,false,pdv_channel_1,automatic
0.00074650441499086973,556640624.81018221,556757319.28618145,431.48692244679063,431.48692244679063,candidate,refined,measured,quality_gated_measurement,false,pdv_channel_1,automatic
0.00074650761499087082,556640624.81018221,557185817.09334636,431.81900824734345,431.81900824734345,candidate,refined,measured,quality_gated_measurement,false,pdv_channel_1,automatic
0.00074651081499087191,556640624.81018221,556661397.56876016,431.41258311578912,431.41258311578912,candidate,refined,measured,quality_gated_measurement,false,pdv_channel_1,automatic
0.00074651401499087301,556640624.81018221,554977795.22632968,430.10779130040549,430.10779130040549,candidate,refined,measured,quality_gated_measurement,false,pdv_channel_1,automatic
0.0007465172149908741,556640624.81018221,552713553.40030825,428.35300388523888,428.35300388523888,candidate,refined,measured,quality_gated_measurement,false,pdv_channel_1,automatic
0.00074652041499087519,546874999.81351244,551215471.13827944,427.19199013216655,427.19199013216655,candidate,refined,measured,quality_gated_measurement,false,pdv_channel_1,automatic
0.00074652361499087628,546874999.81351244,550995498.15336215,427.02151106885566,427.02151106885566,candidate,refined,measured,quality_gated_measurement,false,pdv_channel_1,automatic
0.00074652681499087737,546874999.81351244,551625089.09885168,427.50944405161005,427.50944405161005,candidate,refined,measured,quality_gated_measurement,false,pdv_channel_1,automatic
0.00074653001499087846,556640624.81018221,552847957.45076656,428.45716702434407,428.45716702434407,candidate,refined,measured,quality_gated_measurement,false,pdv_channel_1,automatic
0.00074653321499087955,556640624.81018221,554416429.57339966,429.67273291938471,429.67273291938471,candidate,refined,measured,quality_gated_measurement,false,pdv_channel_1,automatic
0.00074653641499088064,556640624.81018221,556157377.70596051,431.02196772211937,431.02196772211937,candidate,refined,measured,quality_gated_measurement,false,pdv_channel_1,automatic
0.00074653961499088174,556640624.81018221,557856123.62999761,432.33849581324813,432.33849581324813,candidate,refined,measured,quality_gated_measurement,false,pdv_channel_1,automatic
0.00074654281499088283,556640624.81018221,559062870.1257503,433.27372434745649,433.27372434745649,candidate,refined,measured,quality_gated_measurement,false,pdv_channel_1,automatic
0.00074654601499088392,556640624.81018221,559495861.46442246,433.60929263492739,433.60929263492739,candidate,refined,measured,quality_gated_measurement,false,pdv_channel_1,automatic
0.00074654921499088501,556640624.81018221,559174602.8340174,433.3603171963635,433.3603171963635,candidate,refined,measured,quality_gated_measurement,false,pdv_channel_1,automatic
0.0007465524149908861,556640624.81018221,558010660.24021626,432.45826168616759,432.45826168616759,candidate,refined,measured,quality_gated_measurement,false,pdv_channel_1,automatic
0.00074655561499088719,556640624.81018221,555792557.19835031,430.73923182872147,430.73923182872147,candidate,refined,measured,quality_gated_measurement,false,pdv_channel_1,automatic
0.00074655881499088828,556640624.81018221,552844291.62258685,428.45432600750479,428.45432600750479,candidate,refined,measured,quality_gated_measurement,false,pdv_channel_1,automatic
0.00074656201499088937,546874999.81351244,550451217.51425695,426.59969357354913,426.59969357354913,candidate,refined,measured,quality_gated_measurement,false,pdv_channel_1,automatic
0.00074656521499089047,546874999.81351244,549707409.43458533,426.02324231180364,426.02324231180364,candidate,refined,measured,quality_gated_measurement,false,pdv_channel_1,automatic
0.00074656841499089156,546874999.81351244,550334814.21545506,426.50948101697765,426.50948101697765,candidate,refined,measured,quality_gated_measurement,false,pdv_channel_1,automatic
0.00074657161499089265,546874999.81351244,551657691.18680871,427.53471066977676,427.53471066977676,candidate,refined,measured,quality_gated_measurement,false,pdv_channel_1,automatic
0.00074657481499089374,556640624.81018221,553174193.28400528,428.70999979510407,428.70999979510407,candidate,refined,measured,quality_gated_measurement,false,pdv_channel_1,automatic
0.00074657801499089483,556640624.81018221,554324536.0599066,429.60151544642758,429.60151544642758,candidate,refined,measured,quality_gated_measurement,false,pdv_channel_1,automatic
0.00074658121499089592,556640624.81018221,554951389.51882088,430.08732687708618,430.08732687708618,candidate,refined,measured,quality_gated_measurement,false,pdv_channel_1,automatic
0.00074658441499089701,556640624.81018221,555668069.99612164,430.64275424699429,430.64275424699429,candidate,refined,measured,quality_gated_measurement,false,pdv_channel_1,automatic
0.0007465876149908981,556640624.81018221,556577976.44039571,431.3479317413067,431.3479317413067,candidate,refined,measured,quality_gated_measurement,false,pdv_channel_1,automatic
0.0007465908149908992,556640624.81018221,557200317.71075428,431.83024622583457,431.83024622583457,candidate,refined,measured,quality_gated_measurement,false,pdv_channel_1,automatic
0.00074659401499090029,556640624.81018221,556893829.36605227,431.59271775869053,431.59271775869053,candidate,refined,measured,quality_gated_measurement,false,pdv_channel_1,automatic
0.00074659721499090138,556640624.81018221,555116661.88144886,430.21541295812284,430.21541295812284,candidate,refined,measured,quality_gated_measurement,false,pdv_channel_1,automatic
0.00074660041499090247,556640624.81018221,552259798.93370497,428.00134417362136,428.00134417362136,candidate,refined,measured,quality_gated_measurement,false,pdv_channel_1,automatic
0.00074660361499090356,546874999.81351244,549443158.54715264,425.81844787404327,425.81844787404327,candidate,refined,measured,quality_gated_measurement,false,pdv_channel_1,automatic
0.00074660681499090465,546874999.81351244,547842812.33060253,424.57817955621698,424.57817955621698,candidate,refined,measured,quality_gated_measurement,false,pdv_channel_1,automatic
0.00074661001499090574,546874999.81351244,547693797.96499205,424.46269342286882,424.46269342286882,candidate,refined,measured,quality_gated_measurement,false,pdv_channel_1,automatic
0.00074661321499090683,546874999.81351244,548534190.97441816,425.1139980051741,425.1139980051741,candidate,refined,measured,quality_gated_measurement,false,pdv_channel_1,automatic
0.00074661641499090793,546874999.81351244,549771257.33870518,426.0727244374965,426.0727244374965,candidate,refined,measured,quality_gated_measurement,false,pdv_channel_1,automatic
0.00074661961499090902,546874999.81351244,551583738.89623857,427.47739764458487,427.47739764458487,candidate,refined,measured,quality_gated_measurement,false,pdv_channel_1,automatic
0.00074662281499091011,556640624.81018221,554201844.04426849,429.50642913430806,429.50642913430806,candidate,refined,measured,quality_gated_measurement,false,pdv_channel_1,automatic
0.0007466260149909112,556640624.81018221,556842313.08255517,431.55279263898024,431.55279263898024,candidate,refined,measured,quality_gated_measurement,false,pdv_channel_1,automatic
0.00074662921499091229,556640624.81018221,557961897.1081562,432.42047025882107,432.42047025882107,candidate,refined,measured,quality_gated_measurement,false,pdv_channel_1,automatic
0.00074663241499091338,556640624.81018221,557114818.09931314,431.76398402696771,431.76398402696771,candidate,refined,measured,quality_gated_measurement,false,pdv_channel_1,automatic
0.00074663561499091447,556640624.81018221,555187983.85601008,430.27068748840782,430.27068748840782,candidate,refined,measured,quality_gated_measurement,false,pdv_channel_1,automatic
0.00074663881499091556,556640624.81018221,553304059.49877763,428.81064611155267,428.81064611155267,candidate,refined,measured,quality_gated_measurement,false,pdv_channel_1,automatic
0.00074664201499091665,556640624.81018221,552374330.6422807,428.09010624776755,428.09010624776755,candidate,refined,measured,quality_gated_measurement,false,pdv_channel_1,automatic
0.00074664521499091775,556640624.81018221,552483880.58533895,428.1750074536377,428.1750074536377,candidate,refined,measured,quality_gated_measurement,false,pdv_channel_1,automatic
0.00074664841499091884,556640624.81018221,552840992.20005631,428.45176895504363,428.45176895504363,candidate,refined,measured,quality_gated_measurement,false,pdv_channel_1,automatic
0.00074665161499091993,556640624.81018221,552659139.98280263,428.31083348667204,428.31083348667204,candidate,refined,measured,quality_gated_measurement,false,pdv_channel_1,automatic
0.00074665481499092102,556640624.81018221,552422509.3718406,428.12744476317647,428.12744476317647,candidate,refined,measured,quality_gated_measurement,false,pdv_channel_1,automatic
0.00074665801499092211,556640624.81018221,553115890.35331643,428.66481502382021,428.66481502382021,candidate,refined,measured,quality_gated_measurement,false,pdv_channel_1,automatic
0.0007466612149909232,556640624.81018221,554388923.86344218,429.65141599416768,429.65141599416768,candidate,refined,measured,quality_gated_measurement,false,pdv_channel_1,automatic
0.00074666441499092429,556640624.81018221,554980457.29742563,430.10985440550485,430.10985440550485,candidate,refined,measured,quality_gated_measurement,false,pdv_channel_1,automatic
0.00074666761499092538,556640624.81018221,554726887.76740503,429.91333801973889,429.91333801973889,candidate,refined,measured,quality_gated_measurement,false,pdv_channel_1,automatic
0.00074667081499092648,556640624.81018221,553975854.59741342,429.33128731299541,429.33128731299541,candidate,refined,measured,quality_gated_measurement,false,pdv_channel_1,automatic
0.00074667401499092757,556640624.81018221,552496544.74989414,428.18482218116793,428.18482218116793,candidate,refined,measured,quality_gated_measurement,false,pdv_channel_1,automatic
0.00074667721499092866,546874999.81351244,550347711.53168201,426.51947643705358,426.51947643705358,candidate,refined,measured,quality_gated_measurement,false,pdv_channel_1,automatic
0.00074668041499092975,546874999.81351244,548555168.47346675,425.13025556693674,425.13025556693674,candidate,refined,measured,quality_gated_measurement,false,pdv_channel_1,automatic
0.00074668361499093084,546874999.81351244,548467133.37292612,425.06202836401775,425.06202836401775,candidate,refined,measured,quality_gated_measurement,false,pdv_channel_1,automatic
0.00074668681499093193,546874999.81351244,550300641.85223544,426.48299743548245,426.48299743548245,candidate,refined,measured,quality_gated_measurement,false,pdv_channel_1,automatic
0.00074669001499093302,556640624.81018221,552515359.0566206,428.19940326888099,428.19940326888099,candidate,refined,measured,quality_gated_measurement,false,pdv_channel_1,automatic
0.00074669321499093411,556640624.81018221,553769880.54205561,429.17165742009308,429.17165742009308,candidate,refined,measured,quality_gated_measurement,false,pdv_channel_1,automatic
0.00074669641499093521,556640624.81018221,554277331.48720157,429.56493190258124,429.56493190258124,candidate,refined,measured,quality_gated_measurement,false,pdv_channel_1,automatic
0.0007466996149909363,556640624.81018221,554677539.30383039,429.87509296046852,429.87509296046852,candidate,refined,measured,quality_gated_measurement,false,pdv_channel_1,automatic
0.00074670281499093739,556640624.81018221,555234686.71173227,430.30688220159249,430.30688220159249,candidate,refined,measured,quality_gated_measurement,false,pdv_channel_1,automatic
0.00074670601499093848,556640624.81018221,556099226.36817634,430.97690043533663,430.97690043533663,candidate,refined,measured,quality_gated_measurement,false,pdv_channel_1,automatic
0.00074670921499093957,556640624.81018221,556870672.40760386,431.57477111589299,431.57477111589299,candidate,refined,measured,quality_gated_measurement,false,pdv_channel_1,automatic
0.00074671241499094066,556640624.81018221,557036737.04373658,431.70347120889585,431.70347120889585,candidate,refined,measured,quality_gated_measurement,false,pdv_channel_1,automatic
0.00074671561499094175,556640624.81018221,556505255.34842384,431.29157289502848,431.29157289502848,candidate,refined,measured,quality_gated_measurement,false,pdv_channel_1,automatic
0.00074671881499094284,556640624.81018221,555446768.70715928,430.47124574804843,430.47124574804843,candidate,refined,measured,quality_gated_measurement,false,pdv_channel_1,automatic
0.00074672201499094394,556640624.81018221,553957854.78090405,429.31733745520063,429.31733745520063,candidate,refined,measured,quality_gated_measurement,false,pdv_channel_1,automatic
0.00074672521499094503,556640624.81018221,552505085.00765145,428.19144088092986,428.19144088092986,candidate,refined,measured,quality_gated_measurement,false,pdv_channel_1,automatic
0.00074672841499094612,546874999.81351244,551459240.83331549,427.38091164581948,427.38091164581948,candidate,refined,measured,quality_gated_measurement,false,pdv_channel_1,automatic
0.00074673161499094721,546874999.81351244,550969207.18509603,427.0011355684494,427.0011355684494,candidate,refined,measured,quality_gated_measurement,false,pdv_channel_1,automatic
0.0007467348149909483,546874999.81351244,550647167.609393,426.75155489727956,426.75155489727956,candidate,refined,measured,quality_gated_measurement,false,pdv_channel_1,automatic
0.00074673801499094939,546874999.81351244,550187243.34353638,426.39511359124072,426.39511359124072,candidate,refined,measured,quality_gated_measurement,false,pdv_channel_1,automatic
0.00074674121499095048,546874999.81351244,549996656.94351912,426.2474091312273,426.2474091312273,candidate,refined,measured,quality_gated_measurement,false,pdv_channel_1,automatic
0.00074674441499095157,546874999.81351244,550339418.23155439,426.51304912945466,426.51304912945466,candidate,refined,measured,quality_gated_measurement,false,pdv_channel_1,automatic
0.00074674761499095267,546874999.81351244,550571834.13165045,426.69317145202911,426.69317145202911,candidate,refined,measured,quality_gated_measurement,false,pdv_channel_1,automatic
0.00074675081499095376,546874999.81351244,550306323.71165812,426.48740087653505,426.48740087653505,candidate,refined,measured,quality_gated_measurement,false,pdv_channel_1,automatic
0.00074675401499095485,546874999.81351244,549406437.33379912,425.7899889336943,425.7899889336943,candidate,refined,measured,quality_gated_measurement,false,pdv_channel_1,automatic
0.00074675721499095594,546874999.81351244,547353767.83942819,424.19917007555682,424.19917007555682,candidate,refined,measured,quality_gated_measurement,false,pdv_channel_1,automatic
0.00074676041499095703,546874999.81351244,544071387.01604366,421.65532493743382,421.65532493743382,candidate,refined,measured,quality_gated_measurement,false,pdv_channel_1,automatic
0.00074676361499095812,537109374.81684256,540437823.0371455,418.83931285378776,418.83931285378776,candidate,refined,measured,quality_gated_measurement,false,pdv_channel_1,automatic
0.00074676681499095921,537109374.81684256,536803961.15007412,416.02306989130744,416.02306989130744,candidate,refined,measured,quality_gated_measurement,false,pdv_channel_1,automatic
0.0007467700149909603,537109374.81684256,532992605.2294426,413.06926905281802,413.06926905281802,candidate,refined,measured,quality_gated_measurement,false,pdv_channel_1,automatic
0.00074677321499096139,527343749.82017267,529648724.72955316,410.4777616654037,410.4777616654037,candidate,refined,measured,quality_gated_measurement,false,pdv_channel_1,automatic
0.00074677641499096249,527343749.82017267,527489848.88308078,408.80463288438762,408.80463288438762,candidate,refined,measured,quality_gated_measurement,false,pdv_channel_1,automatic
0.00074677961499096358,527343749.82017267,525727549.04072124,407.43885050655894,407.43885050655894,candidate,refined,measured,quality_gated_measurement,false,pdv_channel_1,automatic
0.00074678281499096467,527343749.82017267,523264854.38295656,405.53026214679136,405.53026214679136,candidate,refined,measured,quality_gated_measurement,false,pdv_channel_1,automatic
0.00074678601499096576,517578124.82350278,520196014.89275885,403.15191154188813,403.15191154188813,candidate,refined,measured,quality_gated_measurement,false,pdv_channel_1,automatic
0.00074678921499096685,517578124.82350278,517005380.82197654,400.6791701370318,400.6791701370318,candidate,refined,measured,quality_gated_measurement,false,pdv_channel_1,automatic
0.00074679241499096794,517578124.82350278,513800416.10755765,398.19532248335719,398.19532248335719,candidate,refined,measured,quality_gated_measurement,false,pdv_channel_1,automatic
0.00074679561499096903,507812499.82683295,510824474.18961114,395.88896749694862,395.88896749694862,candidate,refined,measured,quality_gated_measurement,false,pdv_channel_1,automatic
0.00074679881499097012,507812499.82683295,508046346.99884439,393.7359189241044,393.7359189241044,candidate,refined,measured,quality_gated_measurement,false,pdv_channel_1,automatic
0.00074680201499097122,507812499.82683295,505115040.80331159,391.46415662256646,391.46415662256646,candidate,refined,measured,quality_gated_measurement,false,pdv_channel_1,automatic
0.00074680521499097231,498046874.83016306,501590892.70706707,388.73294184797697,388.73294184797697,candidate,refined,measured,quality_gated_measurement,false,pdv_channel_1,automatic
0.0007468084149909734,498046874.83016306,497163795.48570871,385.30194150142427,385.30194150142427,candidate,refined,measured,quality_gated_measurement,false,pdv_channel_1,automatic
0.00074681161499097449,488281249.83349323,491880217.85069406,381.20716883428787,381.20716883428787,candidate,refined,measured,quality_gated_measurement,false,pdv_channel_1,automatic
0.00074681481499097558,488281249.83349323,486169830.10035843,376.78161832777778,376.78161832777778,candidate,refined,measured,quality_gated_measurement,false,pdv_channel_1,automatic
0.00074681801499097667,478515624.83682334,480055230.51529467,372.04280364935335,372.04280364935335,candidate,refined,measured,quality_gated_measurement,false,pdv_channel_1,automatic
0.00074682121499097776,468749999.84015346,473207146.67117459,366.73553867016028,366.73553867016028,candidate,refined,measured,quality_gated_measurement,false,pdv_channel_1,automatic
0.00074682441499097885,468749999.84015346,465607757.13404387,360.84601177888402,360.84601177888402,candidate,refined,measured,quality_gated_measurement,false,pdv_channel_1,automatic
0.00074682761499097995,458984374.84348363,457390386.91354966,354.477549858001,354.477549858001,candidate,refined,measured,quality_gated_measurement,false,pdv_channel_1,automatic
0.00074683081499098104,449218749.84681374,448971431.24990076,347.9528592186731,347.9528592186731,candidate,refined,measured,quality_gated_measurement,false,pdv_channel_1,automatic
0.00074683401499098213,439453124.85014391,440720537.94833678,341.55841690996101,341.55841690996101,candidate,refined,measured,quality_gated_measurement,false,pdv_channel_1,automatic
0.00074683721499098322,429687499.85347402,432952814.87372959,335.5384315271404,335.5384315271404,candidate,refined,measured,quality_gated_measurement,false,pdv_channel_1,automatic
0.00074684041499098431,429687499.85347402,425558207.70340478,329.80761097013868,329.80761097013868,candidate,refined,measured,quality_gated_measurement,false,pdv_channel_1,automatic
0.0007468436149909854,419921874.85680419,418536527.9081043,324.36580912878082,324.36580912878082,candidate,refined,measured,quality_gated_measurement,false,pdv_channel_1,automatic
0.00074684681499098649,410156249.8601343,411976753.35982245,319.28198385386241,319.28198385386241,candidate,refined,measured,quality_gated_measurement,false,pdv_channel_1,automatic
0.00074685001499098758,410156249.8601343,405540413.74178988,314.29382064988715,314.29382064988715,candidate,refined,measured,quality_gated_measurement,false,pdv_channel_1,automatic
0.00074685321499098868,400390624.86346442,398174580.18357259,308.58529964226875,308.58529964226875,candidate,refined,measured,quality_gated_measurement,false,pdv_channel_1,automatic
0.00074685641499098977,390624999.86679459,388994350.82048953,301.47062188587938,301.47062188587938,candidate,refined,measured,quality_gated_measurement,false,pdv_channel_1,automatic
0.00074685961499099086,380859374.8701247,379142831.96726894,293.83569477463345,293.83569477463345,candidate,refined,measured,quality_gated_measurement,false,pdv_channel_1,automatic
0.00074686281499099195,371093749.87345487,370532112.42901313,287.16238713248515,287.16238713248515,candidate,refined,measured,quality_gated_measurement,false,pdv_channel_1,automatic
0.00074686601499099304,361328124.87678498,362910969.72860295,281.2560015396673,281.2560015396673,candidate,refined,measured,quality_gated_measurement,false,pdv_channel_1,automatic
0.00074686921499099413,351562499.88011509,354431568.45946813,274.68446555608779,274.68446555608779,candidate,refined,measured,quality_gated_measurement,false,pdv_channel_1,automatic
0.00074687241499099522,341796874.88344526,344838337.41692078,267.24971149811358,267.24971149811358,candidate,refined,measured,quality_gated_measurement,false,pdv_channel_1,automatic
0.00074687561499099631,332031249.88677537,335572105.83580506,260.06838202274889,260.06838202274889,candidate,refined,measured,quality_gated_measurement,false,pdv_channel_1,automatic
0.00074687881499099741,332031249.88677537,327392738.91511077,253.72937265921084,253.72937265921084,candidate,refined,measured,quality_gated_measurement,false,pdv_channel_1,automatic
0.0007468820149909985,322265624.89010555,320271713.85850638,248.21057824034244,248.21057824034244,candidate,refined,measured,quality_gated_measurement,false,pdv_channel_1,automatic
0.00074688521499099959,312499999.89343566,314361272.95354724,243.62998653899911,243.62998653899911,candidate,refined,measured,quality_gated_measurement,false,pdv_channel_1,automatic
0.00074688841499100068,312499999.89343566,309918143.58123231,240.18656127545503,240.18656127545503,candidate,refined,measured,quality_gated_measurement,false,pdv_channel_1,automatic
0.00074689161499100177,302734374.89676577,306774443.97809494,237.75019408302356,237.75019408302356,candidate,refined,measured,quality_gated_measurement,false,pdv_channel_1,automatic
0.00074689481499100286,302734374.89676577,304609515.45642084,236.07237447872615,236.07237447872615,candidate,refined,measured,quality_gated_measurement,false,pdv_channel_1,automatic
0.00074689801499100395,302734374.89676577,303103519.30515373,234.90522746149415,234.90522746149415,candidate,refined,measured,quality_gated_measurement,false,pdv_channel_1,automatic
0.00074690121499100504,302734374.89676577,302028460.33919019,234.07205676287239,234.07205676287239,candidate,refined,measured,quality_gated_measurement,false,pdv_channel_1,automatic
0.00074690441499100613,302734374.89676577,301414406.2250095,233.59616482438236,233.59616482438236,candidate,refined,measured,quality_gated_measurement,false,pdv_channel_1,automatic
0.00074690761499100723,302734374.89676577,301071207.93840683,233.3301861522653,233.3301861522653,candidate,refined,measured,quality_gated_measurement,false,pdv_channel_1,automatic
0.00074691081499100832,302734374.89676577,300673817.17605972,233.02220831144629,233.02220831144629,candidate,refined,measured,quality_gated_measurement,false,pdv_channel_1,automatic
0.00074691401499100941,302734374.89676577,300434835.70018435,232.83699766764286,232.83699766764286,candidate,refined,measured,quality_gated_measurement,false,pdv_channel_1,automatic
0.0007469172149910105,302734374.89676577,300668737.41660094,233.01827149786573,233.01827149786573,candidate,refined,measured,quality_gated_measurement,false,pdv_channel_1,automatic
0.00074692041499101159,302734374.89676577,301011023.54456514,233.28354324703798,233.28354324703798,candidate,refined,measured,quality_gated_measurement,false,pdv_channel_1,automatic
0.00074692361499101268,302734374.89676577,300488562.89149451,232.87863624090824,232.87863624090824,candidate,refined,measured,quality_gated_measurement,false,pdv_channel_1,automatic
0.00074692681499101377,302734374.89676577,299697753.14445817,232.26575868695508,232.26575868695508,candidate,refined,measured,quality_gated_measurement,false,pdv_channel_1,automatic
0.00074693001499101486,302734374.89676577,299854517.45527798,232.38725102784042,232.38725102784042,candidate,refined,measured,quality_gated_measurement,false,pdv_channel_1,automatic
0.00074693321499101596,302734374.89676577,300563192.3630625,232.93647408137343,232.93647408137343,candidate,refined,measured,quality_gated_measurement,false,pdv_channel_1,automatic
0.00074693641499101705,302734374.89676577,300894844.22014081,233.19350427060914,233.19350427060914,candidate,refined,measured,quality_gated_measurement,false,pdv_channel_1,automatic
0.00074693961499101814,302734374.89676577,301926157.63802403,233.99277216946862,233.99277216946862,candidate,refined,measured,quality_gated_measurement,false,pdv_channel_1,automatic
0.00074694281499101923,302734374.89676577,304980167.53071439,236.35962983630364,236.35962983630364,candidate,refined,measured,quality_gated_measurement,false,pdv_channel_1,automatic
0.00074694601499102032,312499999.89343566,309128172.68779266,239.5743338330393,239.5743338330393,candidate,refined,measured,quality_gated_measurement,false,pdv_channel_1,automatic
0.00074694921499102141,312499999.89343566,311524190.5962534,241.43124771209636,241.43124771209636,candidate,refined,measured,quality_gated_measurement,false,pdv_channel_1,automatic
0.0007469524149910225,312499999.89343566,312377983.56701434,242.0929372644361,242.0929372644361,candidate,refined,measured,quality_gated_measurement,false,pdv_channel_1,automatic
0.00074695561499102359,312499999.89343566,315406674.20246053,244.44017250690692,244.44017250690692,candidate,refined,measured,quality_gated_measurement,false,pdv_channel_1,automatic
0.00074695881499102469,322265624.89010555,320239213.14568126,248.18539018790298,248.18539018790298,candidate,refined,measured,quality_gated_measurement,false,pdv_channel_1,automatic
0.00074696201499102578,322265624.89010555,319935369.46727109,247.94991133713509,247.94991133713509,candidate,refined,measured,quality_gated_measurement,false,pdv_channel_1,automatic
0.00074696521499102687,312499999.89343566,313572745.14373958,243.01887748639817,243.01887748639817,candidate,refined,measured,quality_gated_measurement,false,pdv_channel_1,automatic
0.00074696841499102796,312499999.89343566,309379984.23277748,239.76948778040253,239.76948778040253,candidate,refined,measured,quality_gated_measurement,false,pdv_channel_1,automatic
0.00074697161499102905,312499999.89343566,309968430.56629223,240.22553368887648,240.22553368887648,candidate,refined,measured,quality_gated_measurement,false,pdv_channel_1,automatic
0.00074697481499103014,312499999.89343566,311769314.74698645,241.62121892891449,241.62121892891449,candidate,refined,measured,quality_gated_measurement,false,pdv_channel_1,automatic
0.00074697801499103123,312499999.89343566,314134564.35479391,243.45428737496528,243.45428737496528,candidate,refined,measured,quality_gated_measurement,false,pdv_channel_1,automatic
0.00074698121499103232,322265624.89010555,318113675.71216083,246.53809867692465,246.53809867692465,candidate,refined,measured,quality_gated_measurement,false,pdv_channel_1,automatic
0.00074698441499103342,322265624.89010555,320884495.47655177,248.68548399432763,248.68548399432763,candidate,refined,measured,quality_gated_measurement,false,pdv_channel_1,automatic
0.00074698761499103451,322265624.89010555,317442240.90096474,246.01773669824766,246.01773669824766,candidate,refined,measured,quality_gated_measurement,false,pdv_channel_1,automatic
0.0007469908149910356,312499999.89343566,308001670.6977554,238.70129479076044,238.70129479076044,candidate,refined,measured,quality_gated_measurement,false,pdv_channel_1,automatic
0.00074699401499103669,302734374.89676577,301345079.55399024,233.54243665434242,233.54243665434242,candidate,refined,measured,quality_gated_measurement,false,pdv_channel_1,automatic
0.00074699721499103778,302734374.89676577,303288823.70882988,235.04883837434315,235.04883837434315,candidate,refined,measured,quality_gated_measurement,false,pdv_channel_1,automatic
0.00074700041499103887,312499999.89343566,310564912.61898357,240.68780727971227,240.68780727971227,candidate,refined,measured,quality_gated_measurement,false,pdv_channel_1,automatic
0.00074700361499103996,322265624.89010555,318335883.72662693,246.71030988813587,246.71030988813587,candidate,refined,measured,quality_gated_measurement,false,pdv_channel_1,automatic
0.00074700681499104105,322265624.89010555,324345194.43680131,251.36752568852103,251.36752568852103,candidate,refined,measured,quality_gated_measurement,false,pdv_channel_1,automatic
0.00074701001499104215,332031249.88677537,328414866.75363255,254.52152173406523,254.52152173406523,candidate,refined,measured,quality_gated_measurement,false,pdv_channel_1,automatic
0.00074701321499104324,332031249.88677537,330614357.57444894,256.22612712019793,256.22612712019793,candidate,refined,measured,quality_gated_measurement,false,pdv_channel_1,automatic
0.00074701641499104433,332031249.88677537,331309413.91655493,256.76479578533008,256.76479578533008,candidate,refined,measured,quality_gated_measurement,false,pdv_channel_1,automatic
0.00074701961499104542,332031249.88677537,331814343.77109653,257.15611642259978,257.15611642259978,candidate,refined,measured,quality_gated_measurement,false,pdv_channel_1,automatic
0.00074702281499104651,332031249.88677537,332971446.99894583,258.05287142418302,258.05287142418302,candidate,refined,measured,quality_gated_measurement,false,pdv_channel_1,automatic
0.0007470260149910476,332031249.88677537,334503961.23819071,259.24056995959779,259.24056995959779,candidate,refined,measured,quality_gated_measurement,false,pdv_channel_1,automatic
0.00074702921499104869,332031249.88677537,335609767.68488461,260.09756995578556,260.09756995578556,candidate,refined,measured,quality_gated_measurement,false,pdv_channel_1,automatic
0.00074703241499104978,332031249.88677537,336495329.09297967,260.78388004705926,260.78388004705926,candidate,refined,measured,quality_gated_measurement,false,pdv_channel_1,automatic
0.00074703561499105087,341796874.88344526,337984675.19936424,261.93812327950729,261.93812327950729,candidate,refined,measured,quality_gated_measurement,false,pdv_channel_1,automatic
0.00074703881499105197,341796874.88344526,340147977.09325093,263.61468224726946,263.61468224726946,candidate,refined,measured,quality_gated_measurement,false,pdv_channel_1,automatic
0.00074704201499105306,341796874.88344526,341954479.56279135,265.01472166116326,265.01472166116326,candidate,refined,measured,quality_gated_measurement,false,pdv_channel_1,automatic
0.00074704521499105415,341796874.88344526,342727752.42823082,265.6140081318789,265.6140081318789,candidate,refined,measured,quality_gated_measurement,false,pdv_channel_1,automatic
0.00074704841499105524,341796874.88344526,343095080.52250338,265.89868740494012,265.89868740494012,candidate,refined,measured,quality_gated_measurement,false,pdv_channel_1,automatic
0.00074705161499105633,341796874.88344526,344039290.78755355,266.63045036035402,266.63045036035402,candidate,refined,measured,quality_gated_measurement,false,pdv_channel_1,automatic
0.00074705481499105742,341796874.88344526,345311082.63239658,267.61608904010734,267.61608904010734,candidate,refined,measured,quality_gated_measurement,false,pdv_channel_1,automatic
0.00074705801499105851,341796874.88344526,346419062.46721596,268.47477341209236,268.47477341209236,candidate,refined,measured,quality_gated_measurement,false,pdv_channel_1,automatic
0.0007470612149910596,351562499.88011509,347599876.00406837,269.38990390315297,269.38990390315297,candidate,refined,measured,quality_gated_measurement,false,pdv_channel_1,automatic
0.0007470644149910607,351562499.88011509,349041960.75592351,270.50751958584073,270.50751958584073,candidate,refined,measured,quality_gated_measurement,false,pdv_channel_1,automatic
0.00074706761499106179,351562499.88011509,350143173.80500036,271.36095969887526,271.36095969887526,candidate,refined,measured,quality_gated_measurement,false,pdv_channel_1,automatic
0.00074707081499106288,351562499.88011509,350433176.9387179,271.58571212750638,271.58571212750638,candidate,refined,measured,quality_gated_measurement,false,pdv_channel_1,automatic
0.00074707401499106397,351562499.88011509,350231994.00129431,271.42979535100307,271.42979535100307,candidate,refined,measured,quality_gated_measurement,false,pdv_channel_1,automatic
0.00074707721499106506,351562499.88011509,350366189.29681134,271.53379670502881,271.53379670502881,candidate,refined,measured,quality_gated_measurement,false,pdv_channel_1,automatic
0.00074708041499106615,351562499.88011509,351131516.1822927,272.12692504127682,272.12692504127682,candidate,refined,measured,quality_gated_measurement,false,pdv_channel_1,automatic
0.00074708361499106724,351562499.88011509,351726325.26174468,272.58790207785211,272.58790207785211,candidate,refined,measured,quality_gated_measurement,false,pdv_channel_1,automatic
0.00074708681499106833,351562499.88011509,351216668.40143794,272.19291801111439,272.19291801111439,candidate,refined,measured,quality_gated_measurement,false,pdv_channel_1,automatic
0.00074709001499106943,351562499.88011509,350399156.58415216,271.55934635271791,271.55934635271791,candidate,refined,measured,quality_gated_measurement,false,pdv_channel_1,automatic
0.00074709321499107052,351562499.88011509,350815549.52777672,271.88205088402697,271.88205088402697,candidate,refined,measured,quality_gated_measurement,false,pdv_channel_1,automatic
0.00074709641499107161,351562499.88011509,351594679.0104757,272.48587623311869,272.48587623311869,candidate,refined,measured,quality_gated_measurement,false,pdv_channel_1,automatic
0.0007470996149910727,351562499.88011509,351090134.47657275,272.09485421934386,272.09485421934386,candidate,refined,measured,quality_gated_measurement,false,pdv_channel_1,automatic
0.00074710281499107379,351562499.88011509,350020564.5483551,271.26593752497519,271.26593752497519,candidate,refined,measured,quality_gated_measurement,false,pdv_channel_1,automatic
0.00074710601499107488,351562499.88011509,348469050.08552313,270.06351381628042,270.06351381628042,candidate,refined,measured,quality_gated_measurement,false,pdv_channel_1,automatic
0.00074710921499107597,341796874.88344526,345819936.4144634,268.01045072120911,268.01045072120911,candidate,refined,measured,quality_gated_measurement,false,pdv_channel_1,automatic
0.00074711241499107706,341796874.88344526,342459866.9791857,265.40639690886894,265.40639690886894,candidate,refined,measured,quality_gated_measurement,false,pdv_channel_1,automatic
0.00074711561499107816,341796874.88344526,338720505.53434086,262.50839178911417,262.50839178911417,candidate,refined,measured,quality_gated_measurement,false,pdv_channel_1,automatic
0.00074711881499107925,332031249.88677537,334012567.91910458,258.85974013730606,258.85974013730606,candidate,refined,measured,quality_gated_measurement,false,pdv_channel_1,automatic
0.00074712201499108034,332031249.88677537,327845190.48096585,254.08002262274854,254.08002262274854,candidate,refined,measured,quality_gated_measurement,false,pdv_channel_1,automatic
0.00074712521499108143,322265624.89010555,319651797.10836875,247.73014275898578,247.73014275898578,candidate,refined,measured,quality_gated_measurement,false,pdv_channel_1,automatic
0.00074712841499108252,312499999.89343566,310069000.03282529,240.30347502543961,240.30347502543961,candidate,refined,measured,quality_gated_measurement,false,pdv_channel_1,automatic
0.00074713161499108361,302734374.89676577,301519730.16697049,233.67779087940212,233.67779087940212,candidate,refined,measured,quality_gated_measurement,false,pdv_channel_1,automatic
0.0007471348149910847,292968749.90009594,295034457.1801793,228.65170431463895,228.65170431463895,candidate,refined,measured,quality_gated_measurement,false,pdv_channel_1,automatic
0.00074713801499108579,292968749.90009594,290470424.80490965,225.11457922380498,225.11457922380498,candidate,refined,measured,quality_gated_measurement,false,pdv_channel_1,automatic
0.00074714121499108688,292968749.90009594,288212513.22778094,223.36469775153023,223.36469775153023,candidate,refined,measured,quality_gated_measurement,false,pdv_channel_1,automatic
0.00074714441499108798,283203124.90342605,288051995.54996496,223.24029655122285,223.24029655122285,candidate,refined,measured,quality_gated_measurement,false,pdv_channel_1,automatic
0.00074714761499108907,292968749.90009594,289507172.56699634,224.36805873942217,224.36805873942217,candidate,refined,measured,quality_gated_measurement,false,pdv_channel_1,automatic
0.00074715081499109016,292968749.90009594,292207441.57541311,226.46076722094514,226.46076722094514,candidate,refined,measured,quality_gated_measurement,false,pdv_channel_1,automatic
0.00074715401499109125,292968749.90009594,294972907.80598992,228.60400354964219,228.60400354964219,candidate,refined,measured,quality_gated_measurement,false,pdv_channel_1,automatic
0.00074715721499109234,292968749.90009594,294389234.43479759,228.15165668696812,228.15165668696812,candidate,refined,measured,quality_gated_measurement,false,pdv_channel_1,automatic
0.00074716041499109343,292968749.90009594,289570829.35690886,224.41739275160435,224.41739275160435,candidate,refined,measured,quality_gated_measurement,false,pdv_channel_1,automatic
0.00074716361499109452,283203124.90342605,283888708.80289209,220.01374932224135,220.01374932224135,candidate,refined,measured,quality_gated_measurement,false,pdv_channel_1,automatic
0.00074716681499109561,273437499.90675622,277968400.71516293,215.42551055425128,215.42551055425128,candidate,refined,measured,quality_gated_measurement,false,pdv_channel_1,automatic
0.00074717001499109671,273437499.90675622,272866188.69638991,211.47129623970218,211.47129623970218,candidate,refined,measured,quality_gated_measurement,false,pdv_channel_1,automatic
0.0007471732149910978,273437499.90675622,269172806.27584982,208.60892486378361,208.60892486378361,candidate,refined,measured,quality_gated_measurement,false,pdv_channel_1,automatic
0.00074717641499109889,263671874.91008633,267599379.38638914,207.38951902445157,207.38951902445157,candidate,refined,measured,quality_gated_measurement,false,pdv_channel_1,automatic
0.00074717961499109998,263671874.91008633,266990310.21092698,206.91749041346841,206.91749041346841,candidate,refined,measured,quality_gated_measurement,false,pdv_channel_1,automatic
0.00074718281499110107,263671874.91008633,267095825.48289707,206.99926474924524,206.99926474924524,candidate,refined,measured,quality_gated_measurement,false,pdv_channel_1,automatic
0.00074718601499110216,263671874.91008633,267556474.50571272,207.35626774192735,207.35626774192735,candidate,refined,measured,quality_gated_measurement,false,pdv_channel_1,automatic
0.00074718921499110325,263671874.91008633,267783346.8458738,207.53209380555219,207.53209380555219,candidate,refined,measured,quality_gated_measurement,false,pdv_channel_1,automatic
0.00074719241499110434,263671874.91008633,266916772.98771167,206.86049906547655,206.86049906547655,candidate,refined,measured,quality_gated_measurement,false,pdv_channel_1,automatic
0.00074719561499110544,263671874.91008633,265332503.19359571,205.63268997503667,205.63268997503667,candidate,refined,measured,quality_gated_measurement,false,pdv_channel_1,automatic
0.00074719881499110653,263671874.91008633,263708760.5055089,204.37428939176939,204.37428939176939,candidate,refined,measured,quality_gated_measurement,false,pdv_channel_1,automatic
0.00074720201499110762,263671874.91008633,261029009.81569615,202.29748260716451,202.29748260716451,candidate,refined,measured,quality_gated_measurement,false,pdv_channel_1,automatic
0.00074720521499110871,253906249.91341648,251755467.0522894,195.11048696552427,195.11048696552427,candidate,refined,measured,quality_gated_measurement,false,pdv_channel_1,automatic
0.0007472084149911098,507812499.82683295,nan,nan,nan,candidate,refined,ambiguous_peak,ambiguous_peak,false,pdv_channel_1,automatic
0.00074721161499111089,507812499.82683295,nan,nan,nan,candidate,refined,ambiguous_peak,ambiguous_peak,false,pdv_channel_1,automatic
0.00074721481499111198,234374999.92007673,nan,nan,nan,candidate,refined,ambiguous_peak,ambiguous_peak,false,pdv_channel_1,automatic
0.00074721801499111307,253906249.91341648,249487836.04381907,193.35307293395977,193.35307293395977,candidate,refined,measured,quality_gated_measurement,false,pdv_channel_1,automatic
0.00074722121499111417,253906249.91341648,252072736.11909685,195.35637049230004,195.35637049230004,candidate,refined,measured,quality_gated_measurement,false,pdv_channel_1,automatic
0.00074722441499111526,253906249.91341648,253498242.25460333,196.46113774731757,196.46113774731757,candidate,refined,measured,quality_gated_measurement,false,pdv_channel_1,automatic
0.00074722761499111635,253906249.91341648,255655588.61070114,198.13308117329339,198.13308117329339,candidate,refined,measured,quality_gated_measurement,false,pdv_channel_1,automatic
0.00074723081499111744,263671874.91008633,260696044.06768566,202.03943415245638,202.03943415245638,candidate,refined,measured,quality_gated_measurement,false,pdv_channel_1,automatic
0.00074723401499111853,273437499.90675622,270120837.73702317,209.34364924619297,209.34364924619297,candidate,refined,measured,quality_gated_measurement,false,pdv_channel_1,automatic
0.00074723721499111962,292968749.90009594,289329345.01218832,224.23024238444594,224.23024238444594,candidate,refined,measured,quality_gated_measurement,false,pdv_channel_1,automatic
0.00074724041499112071,302734374.89676577,306374805.13490468,237.44047397955111,237.44047397955111,candidate,refined,measured,quality_gated_measurement,false,pdv_channel_1,automatic
0.0007472436149911218,302734374.89676577,nan,nan,nan,candidate,refined,ambiguous_peak,ambiguous_peak,false,pdv_channel_1,automatic
0.0007472468149911229,292968749.90009594,294960242.17533022,228.59418768588091,228.59418768588091,candidate,refined,measured,quality_gated_measurement,false,pdv_channel_1,automatic
0.00074725001499112399,292968749.90009594,289303022.71051341,224.2098426006479,224.2098426006479,candidate,refined,measured,quality_gated_measurement,false,pdv_channel_1,automatic
0.00074725321499112508,292968749.90009594,289224350.95085245,224.14887198691065,224.14887198691065,candidate,refined,measured,quality_gated_measurement,false,pdv_channel_1,automatic
0.00074725641499112617,292968749.90009594,288300174.89965141,223.43263554722984,223.43263554722984,candidate,refined,measured,quality_gated_measurement,false,pdv_channel_1,automatic
0.00074725961499112726,273437499.90675622,276801759.77625501,214.52136382659762,214.52136382659762,candidate,refined,measured,quality_gated_measurement,false,pdv_channel_1,automatic
0.00074726281499112835,263671874.91008633,262761507.21715134,203.64016809329229,203.64016809329229,candidate,refined,measured,quality_gated_measurement,false,pdv_channel_1,automatic
0.00074726601499112944,263671874.91008633,264776068.31619269,205.20145294504934,205.20145294504934,candidate,refined,measured,quality_gated_measurement,false,pdv_channel_1,automatic
0.00074726921499113053,292968749.90009594,291537981.85320395,225.94193593623305,225.94193593623305,candidate,refined,measured,quality_gated_measurement,false,pdv_channel_1,automatic
0.00074727241499113162,302734374.89676577,306127662.8749975,237.24893872812305,237.24893872812305,candidate,refined,measured,quality_gated_measurement,false,pdv_channel_1,automatic
0.00074727561499113272,302734374.89676577,301605905.39381367,233.7445766802056,233.7445766802056,candidate,refined,measured,quality_gated_measurement,false,pdv_channel_1,automatic
0.00074727881499113381,292968749.90009594,nan,nan,nan,candidate,refined,ambiguous_peak,ambiguous_peak,false,pdv_channel_1,automatic
0.0007472820149911349,292968749.90009594,nan,nan,nan,candidate,refined,ambiguous_peak,ambiguous_peak,false,pdv_channel_1,automatic
0.00074728521499113599,576171874.80352199,nan,nan,nan,candidate,refined,ambiguous_peak,ambiguous_peak,false,pdv_channel_1,automatic
0.00074728841499113708,566406249.8068521,nan,nan,nan,candidate,refined,ambiguous_peak,ambiguous_peak,false,pdv_channel_1,automatic
0.00074729161499113817,468749999.84015346,nan,nan,nan,candidate,refined,ambiguous_peak,ambiguous_peak,false,pdv_channel_1,automatic
0.00074729481499113926,468749999.84015346,464982465.6216588,360.36141085678554,360.36141085678554,candidate,refined,measured,quality_gated_measurement,false,pdv_channel_1,automatic
0.00074729801499114035,468749999.84015346,471849054.81224972,365.68301747949351,365.68301747949351,candidate,refined,measured,quality_gated_measurement,false,pdv_channel_1,automatic
0.00074730121499114145,488281249.83349323,490793639.66917634,380.36507074361168,380.36507074361168,candidate,refined,measured,quality_gated_measurement,false,pdv_channel_1,automatic
0.00074730441499114254,498046874.83016306,497876039.27286363,385.85393043646928,385.85393043646928,candidate,refined,measured,quality_gated_measurement,false,pdv_channel_1,automatic
0.00074730761499114363,488281249.83349323,484891989.18378174,375.79129161743083,375.79129161743083,candidate,refined,measured,quality_gated_measurement,false,pdv_channel_1,automatic
0.00074731081499114472,478515624.83682334,nan,nan,nan,candidate,refined,ambiguous_peak,ambiguous_peak,false,pdv_channel_1,automatic
0.00074731401499114581,498046874.83016306,496017256.80049449,384.41337402038323,384.41337402038323,candidate,refined,measured,quality_gated_measurement,false,pdv_channel_1,automatic
0.0007473172149911469,507812499.82683295,511697729.54606616,396.56574039820129,396.56574039820129,candidate,refined,measured,quality_gated_measurement,false,pdv_channel_1,automatic
0.00074732041499114799,507812499.82683295,507068950.58823735,392.97843670588395,392.97843670588395,candidate,refined,measured,quality_gated_measurement,false,pdv_channel_1,automatic
0.00074732361499114908,507812499.82683295,509548268.96637553,394.89990844894101,394.89990844894101,candidate,refined,measured,quality_gated_measurement,false,pdv_channel_1,automatic
0.00074732681499115018,517578124.82350278,515540916.82672691,399.54421054071338,399.54421054071338,candidate,refined,measured,quality_gated_measurement,false,pdv_channel_1,automatic
0.00074733001499115127,507812499.82683295,508992005.79043937,394.46880448759049,394.46880448759049,candidate,refined,measured,quality_gated_measurement,false,pdv_channel_1,automatic
0.00074733321499115236,488281249.83349323,490960563.73291749,380.49443689301103,380.49443689301103,candidate,refined,measured,quality_gated_measurement,false,pdv_channel_1,automatic
0.00074733641499115345,488281249.83349323,488813435.792732,378.83041273936732,378.83041273936732,candidate,refined,measured,quality_gated_measurement,false,pdv_channel_1,automatic
0.00074733961499115454,498046874.83016306,497069818.60564297,385.22910941937329,385.22910941937329,candidate,refined,measured,quality_gated_measurement,false,pdv_channel_1,automatic
0.00074734281499115563,498046874.83016306,497476145.09618539,385.54401244954369,385.54401244954369,candidate,refined,measured,quality_gated_measurement,false,pdv_channel_1,automatic
0.00074734601499115672,498046874.83016306,493789145.53316671,382.68658778820418,382.68658778820418,candidate,refined,measured,quality_gated_measurement,false,pdv_channel_1,automatic
0.00074734921499115781,488281249.83349323,486158223.62938768,376.77262331277547,376.77262331277547,candidate,refined,measured,quality_gated_measurement,false,pdv_channel_1,automatic
0.00074735241499115891,478515624.83682334,474949440.52121866,368.08581640394448,368.08581640394448,candidate,refined,measured,quality_gated_measurement,false,pdv_channel_1,automatic
0.00074735561499116,468749999.84015346,467370024.06751353,362.21176865232297,362.21176865232297,candidate,refined,measured,quality_gated_measurement,false,pdv_channel_1,automatic
0.00074735881499116109,439453124.85014391,442832650.22441155,343.19530392391897,343.19530392391897,candidate,refined,measured,quality_gated_measurement,false,pdv_channel_1,automatic
0.00074736201499116218,546874999.81351244,nan,nan,nan,candidate,refined,ambiguous_peak,ambiguous_peak,false,pdv_channel_1,automatic
0.00074736521499116327,517578124.82350278,516513242.92901772,400.29776326998871,400.29776326998871,candidate,refined,measured,quality_gated_measurement,false,pdv_channel_1,automatic
0.00074736841499116436,498046874.83016306,501852110.93797505,388.93538597693066,388.93538597693066,candidate,refined,measured,quality_gated_measurement,false,pdv_channel_1,automatic
0.00074737161499116545,498046874.83016306,500571855.10764062,387.94318770842148,387.94318770842148,candidate,refined,measured,quality_gated_measurement,false,pdv_channel_1,automatic
0.00074737481499116654,507812499.82683295,504940362.31406718,391.32878079340207,391.32878079340207,candidate,refined,measured,quality_gated_measurement,false,pdv_channel_1,automatic
0.00074737801499116764,507812499.82683295,511094425.16537094,396.0981795031625,396.0981795031625,candidate,refined,measured,quality_gated_measurement,false,pdv_channel_1,automatic
0.00074738121499116873,507812499.82683295,510521381.7183097,395.65407083169003,395.65407083169003,candidate,refined,measured,quality_gated_measurement,false,pdv_channel_1,automatic
0.00074738441499116982,498046874.83016306,501061802.40553534,388.32289686428987,388.32289686428987,candidate,refined,measured,quality_gated_measurement,false,pdv_channel_1,automatic
0.00074738761499117091,498046874.83016306,495327225.30015337,383.87859960761887,383.87859960761887,candidate,refined,measured,quality_gated_measurement,false,pdv_channel_1,automatic
0.000747390814991172,498046874.83016306,501273554.62367326,388.48700483334676,388.48700483334676,candidate,refined,measured,quality_gated_measurement,false,pdv_channel_1,automatic
0.00074739401499117309,507812499.82683295,511775768.28890812,396.62622042390382,396.62622042390382,candidate,refined,measured,quality_gated_measurement,false,pdv_channel_1,automatic
0.00074739721499117418,507812499.82683295,512422769.46055651,397.12764633193132,397.12764633193132,candidate,refined,measured,quality_gated_measurement,false,pdv_channel_1,automatic
0.00074740041499117527,507812499.82683295,505933876.3889547,392.09875420143987,392.09875420143987,candidate,refined,measured,quality_gated_measurement,false,pdv_channel_1,automatic
0.00074740361499117636,498046874.83016306,500697373.40141541,388.04046438609691,388.04046438609691,candidate,refined,measured,quality_gated_measurement,false,pdv_channel_1,automatic
0.00074740681499117746,498046874.83016306,498106015.61390406,386.03216210077562,386.03216210077562,candidate,refined,measured,quality_gated_measurement,false,pdv_channel_1,automatic
0.00074741001499117855,498046874.83016306,496815866.47859621,385.03229652091204,385.03229652091204,candidate,refined,measured,quality_gated_measurement,false,pdv_channel_1,automatic
0.00074741321499117964,498046874.83016306,494322079.91027242,383.09961193046109,383.09961193046109,candidate,refined,measured,quality_gated_measurement,false,pdv_channel_1,automatic
0.00074741641499118073,488281249.83349323,490607011.39188033,380.22043382870726,380.22043382870726,candidate,refined,measured,quality_gated_measurement,false,pdv_channel_1,automatic
0.00074741961499118182,488281249.83349323,487349986.65806484,377.69623966000023,377.69623966000023,candidate,refined,measured,quality_gated_measurement,false,pdv_channel_1,automatic
0.00074742281499118291,488281249.83349323,483795913.86524254,374.94183324556298,374.94183324556298,candidate,refined,measured,quality_gated_measurement,false,pdv_channel_1,automatic
0.000747426014991184,488281249.83349323,487293570.96025425,377.65251749419701,377.65251749419701,candidate,refined,measured,quality_gated_measurement,false,pdv_channel_1,automatic
0.00074742921499118509,507812499.82683295,505203020.29999471,391.53234073249587,391.53234073249587,candidate,refined,measured,quality_gated_measurement,false,pdv_channel_1,automatic
0.00074743241499118619,517578124.82350278,520633670.35683048,403.49109452654363,403.49109452654363,candidate,refined,measured,quality_gated_measurement,false,pdv_channel_1,automatic
0.00074743561499118728,517578124.82350278,519412847.69881016,402.54495696657784,402.54495696657784,candidate,refined,measured,quality_gated_measurement,false,pdv_channel_1,automatic
0.00074743881499118837,507812499.82683295,504392515.68312788,390.90419965442408,390.90419965442408,candidate,refined,measured,quality_gated_measurement,false,pdv_channel_1,automatic
0.00074744201499118946,488281249.83349323,491961699.42193538,381.27031705199994,381.27031705199994,candidate,refined,measured,quality_gated_measurement,false,pdv_channel_1,automatic
0.00074744521499119055,488281249.83349323,487524869.55309504,377.83177390364864,377.83177390364864,candidate,refined,measured,quality_gated_measurement,false,pdv_channel_1,automatic
0.00074744841499119164,478515624.83682334,nan,nan,nan,candidate,refined,ambiguous_peak,ambiguous_peak,false,pdv_channel_1,automatic
0.00074745161499119273,468749999.84015346,nan,nan,nan,candidate,refined,ambiguous_peak,ambiguous_peak,false,pdv_channel_1,automatic
0.00074745481499119382,468749999.84015346,nan,nan,nan,candidate,refined,ambiguous_peak,ambiguous_peak,false,pdv_channel_1,automatic
0.00074745801499119492,488281249.83349323,nan,nan,nan,candidate,refined,ambiguous_peak,ambiguous_peak,false,pdv_channel_1,automatic
0.00074746121499119601,507812499.82683295,509678929.60124779,395.00117044096703,395.00117044096703,candidate,refined,measured,quality_gated_measurement,false,pdv_channel_1,automatic
0.0007474644149911971,517578124.82350278,518670135.56887603,401.96935506587891,401.96935506587891,candidate,refined,measured,quality_gated_measurement,false,pdv_channel_1,automatic
0.00074746761499119819,507812499.82683295,507803574.70625198,393.54777039734529,393.54777039734529,candidate,refined,measured,quality_gated_measurement,false,pdv_channel_1,automatic
0.00074747081499119928,498046874.83016306,496327343.98157763,384.65369158572264,384.65369158572264,candidate,refined,measured,quality_gated_measurement,false,pdv_channel_1,automatic
0.00074747401499120037,498046874.83016306,498618480.68701601,386.42932253243742,386.42932253243742,candidate,refined,measured,quality_gated_measurement,false,pdv_channel_1,automatic
0.00074747721499120146,507812499.82683295,503731404.14343935,390.39183821116552,390.39183821116552,candidate,refined,measured,quality_gated_measurement,false,pdv_channel_1,automatic
0.00074748041499120255,507812499.82683295,506478292.02247119,392.52067631741517,392.52067631741517,candidate,refined,measured,quality_gated_measurement,false,pdv_channel_1,automatic
0.00074748361499120365,507812499.82683295,509028374.25177872,394.49699004512848,394.49699004512848,candidate,refined,measured,quality_gated_measurement,false,pdv_channel_1,automatic
0.00074748681499120474,517578124.82350278,515882748.32670498,399.80912995319636,399.80912995319636,candidate,refined,measured,quality_gated_measurement,false,pdv_channel_1,automatic
0.00074749001499120583,517578124.82350278,521344239.79245692,404.0417858391541,404.0417858391541,candidate,refined,measured,quality_gated_measurement,false,pdv_channel_1,automatic
0.00074749321499120692,517578124.82350278,516117201.02972752,399.99083079803881,399.99083079803881,candidate,refined,measured,quality_gated_measurement,false,pdv_channel_1,automatic
0.00074749641499120801,507812499.82683295,505317623.76817191,391.62115842033324,391.62115842033324,candidate,refined,measured,quality_gated_measurement,false,pdv_channel_1,automatic
0.0007474996149912091,507812499.82683295,503739768.9457038,390.39832093292046,390.39832093292046,candidate,refined,measured,quality_gated_measurement,false,pdv_channel_1,automatic
0.00074750281499121019,527343749.82017267,524515113.72275096,406.49921313513198,406.49921313513198,candidate,refined,measured,quality_gated_measurement,false,pdv_channel_1,automatic
0.00074750601499121128,537109374.81684256,532837369.38590324,412.94896127407503,412.94896127407503,candidate,refined,measured,quality_gated_measurement,false,pdv_channel_1,automatic
0.00074750921499121238,517578124.82350278,520162478.23376232,403.1259206311658,403.1259206311658,candidate,refined,measured,quality_gated_measurement,false,pdv_channel_1,automatic
0.00074751241499121347,507812499.82683295,508528285.49243373,394.10942125663615,394.10942125663615,candidate,refined,measured,quality_gated_measurement,false,pdv_channel_1,automatic
0.00074751561499121456,507812499.82683295,506923184.13549823,392.8654677050111,392.8654677050111,candidate,refined,measured,quality_gated_measurement,false,pdv_channel_1,automatic
0.00074751881499121565,507812499.82683295,504458388.89616764,390.95525139452991,390.95525139452991,candidate,refined,measured,quality_gated_measurement,false,pdv_channel_1,automatic
0.00074752201499121674,507812499.82683295,504427912.15340382,390.93163191888794,390.93163191888794,candidate,refined,measured,quality_gated_measurement,false,pdv_channel_1,automatic
0.00074752521499121783,507812499.82683295,506346158.28159612,392.41827266823697,392.41827266823697,candidate,refined,measured,quality_gated_measurement,false,pdv_channel_1,automatic
0.00074752841499121892,507812499.82683295,506936225.1044066,392.87557445591511,392.87557445591511,candidate,refined,measured,quality_gated_measurement,false,pdv_channel_1,automatic
0.00074753161499122001,507812499.82683295,506586977.11115569,392.60490726114563,392.60490726114563,candidate,refined,measured,quality_gated_measurement,false,pdv_channel_1,automatic
0.0007475348149912211,507812499.82683295,510353239.22518915,395.52376039952156,395.52376039952156,candidate,refined,measured,quality_gated_measurement,false,pdv_channel_1,automatic
0.0007475380149912222,517578124.82350278,516034248.93988115,399.92654292840791,399.92654292840791,candidate,refined,measured,quality_gated_measurement,false,pdv_channel_1,automatic
0.00074754121499122329,517578124.82350278,519024680.18918669,402.24412714661969,402.24412714661969,candidate,refined,measured,quality_gated_measurement,false,pdv_channel_1,automatic
0.00074754441499122438,517578124.82350278,521597164.93562961,404.23780282511296,404.23780282511296,candidate,refined,measured,quality_gated_measurement,false,pdv_channel_1,automatic
0.00074754761499122547,527343749.82017267,523232163.27637827,405.50492653919315,405.50492653919315,candidate,refined,measured,quality_gated_measurement,false,pdv_channel_1,automatic
0.00074755081499122656,517578124.82350278,519513322.87969553,402.62282523176401,402.62282523176401,candidate,refined,measured,quality_gated_measurement,false,pdv_channel_1,automatic
0.00074755401499122765,507812499.82683295,511158411.30897456,396.14776876445529,396.14776876445529,candidate,refined,measured,quality_gated_measurement,false,pdv_channel_1,automatic
0.00074755721499122874,507812499.82683295,506652374.69323087,392.65559038725394,392.65559038725394,candidate,refined,measured,quality_gated_measurement,false,pdv_channel_1,automatic
0.00074756041499122983,507812499.82683295,505061791.48421085,391.42288840026339,391.42288840026339,candidate,refined,measured,quality_gated_measurement,false,pdv_channel_1,automatic
0.00074756361499123093,507812499.82683295,503715958.43846267,390.37986778980854,390.37986778980854,candidate,refined,measured,quality_gated_measurement,false,pdv_channel_1,automatic
0.00074756681499123202,498046874.83016306,501532321.83220619,388.68754941995979,388.68754941995979,candidate,refined,measured,quality_gated_measurement,false,pdv_channel_1,automatic
0.00074757001499123311,498046874.83016306,501674127.28631127,388.79744864689121,388.79744864689121,candidate,refined,measured,quality_gated_measurement,false,pdv_channel_1,automatic
0.0007475732149912342,507812499.82683295,503634506.83374566,390.31674279615288,390.31674279615288,candidate,refined,measured,quality_gated_measurement,false,pdv_channel_1,automatic
0.00074757641499123529,507812499.82683295,504591197.45933276,391.0581780309829,391.0581780309829,candidate,refined,measured,quality_gated_measurement,false,pdv_channel_1,automatic
0.00074757961499123638,507812499.82683295,504257795.77074826,390.79979172232987,390.79979172232987,candidate,refined,measured,quality_gated_measurement,false,pdv_channel_1,automatic
0.00074758281499123747,507812499.82683295,504342309.92428058,390.86529019131746,390.86529019131746,candidate,refined,measured,quality_gated_measurement,false,pdv_channel_1,automatic
0.00074758601499123856,507812499.82683295,504642803.73306501,391.09817289312537,391.09817289312537,candidate,refined,measured,quality_gated_measurement,false,pdv_channel_1,automatic
0.00074758921499123966,507812499.82683295,503773778.57153052,390.42467839293613,390.42467839293613,candidate,refined,measured,quality_gated_measurement,false,pdv_channel_1,automatic
0.00074759241499124075,507812499.82683295,502957487.06206071,389.79205247309704,389.79205247309704,candidate,refined,measured,quality_gated_measurement,false,pdv_channel_1,automatic
0.00074759561499124184,507812499.82683295,504475678.04888189,390.96865048788345,390.96865048788345,candidate,refined,measured,quality_gated_measurement,false,pdv_channel_1,automatic
0.00074759881499124293,507812499.82683295,505903713.27133954,392.07537778528814,392.07537778528814,candidate,refined,measured,quality_gated_measurement,false,pdv_channel_1,automatic
0.00074760201499124402,507812499.82683295,505310636.6321916,391.61574338994848,391.61574338994848,candidate,refined,measured,quality_gated_measurement,false,pdv_channel_1,automatic
0.00074760521499124511,498046874.83016306,502579513.16737634,389.49912270471668,389.49912270471668,candidate,refined,measured,quality_gated_measurement,false,pdv_channel_1,automatic
0.0007476084149912462,498046874.83016306,501900410.33146429,388.97281800688484,388.97281800688484,candidate,refined,measured,quality_gated_measurement,false,pdv_channel_1,automatic
0.00074761161499124729,498046874.83016306,502205761.66951632,389.20946529387516,389.20946529387516,candidate,refined,measured,quality_gated_measurement,false,pdv_channel_1,automatic
0.00074761481499124839,498046874.83016306,500769030.14576095,388.09599836296474,388.09599836296474,candidate,refined,measured,quality_gated_measurement,false,pdv_channel_1,automatic
0.00074761801499124948,498046874.83016306,nan,nan,nan,candidate,refined,ambiguous_peak,ambiguous_peak,false,pdv_channel_1,automatic
0.00074762121499125057,507812499.82683295,nan,nan,nan,candidate,refined,ambiguous_peak,ambiguous_peak,false,pdv_channel_1,automatic
0.00074762441499125166,527343749.82017267,nan,nan,nan,candidate,refined,ambiguous_peak,ambiguous_peak,false,pdv_channel_1,automatic
0.00074762761499125275,517578124.82350278,518397837.27922094,401.75832389139623,401.75832389139623,candidate,refined,measured,quality_gated_measurement,false,pdv_channel_1,automatic
0.00074763081499125384,507812499.82683295,505701452.3523587,391.91862557307797,391.91862557307797,candidate,refined,measured,quality_gated_measurement,false,pdv_channel_1,automatic
0.00074763401499125493,498046874.83016306,500586517.00885791,387.95455068186487,387.95455068186487,candidate,refined,measured,quality_gated_measurement,false,pdv_channel_1,automatic
0.00074763721499125602,498046874.83016306,500620807.48296726,387.9811257992996,387.9811257992996,candidate,refined,measured,quality_gated_measurement,false,pdv_channel_1,automatic
0.00074764041499125712,507812499.82683295,503527769.48465264,390.23402135060581,390.23402135060581,candidate,refined,measured,quality_gated_measurement,false,pdv_channel_1,automatic
0.00074764361499125821,507812499.82683295,506212195.45047569,392.31445147411864,392.31445147411864,candidate,refined,measured,quality_gated_measurement,false,pdv_channel_1,automatic
0.0007476468149912593,507812499.82683295,507756447.98573107,393.51124718894158,393.51124718894158,candidate,refined,measured,quality_gated_measurement,false,pdv_channel_1,automatic
0.00074765001499126039,507812499.82683295,508333092.35949242,393.9581465786066,393.9581465786066,candidate,refined,measured,quality_gated_measurement,false,pdv_channel_1,automatic
0.00074765321499126148,507812499.82683295,506936685.54092103,392.87593129421379,392.87593129421379,candidate,refined,measured,quality_gated_measurement,false,pdv_channel_1,automatic
0.00074765641499126257,507812499.82683295,505952838.43170649,392.11344978457254,392.11344978457254,candidate,refined,measured,quality_gated_measurement,false,pdv_channel_1,automatic
0.00074765961499126366,507812499.82683295,507667596.98486012,393.44238766326657,393.44238766326657,candidate,refined,measured,quality_gated_measurement,false,pdv_channel_1,automatic
0.00074766281499126475,507812499.82683295,508154521.88024551,393.81975445719024,393.81975445719024,candidate,refined,measured,quality_gated_measurement,false,pdv_channel_1,automatic
0.00074766601499126584,507812499.82683295,507248694.05527878,393.11773789284103,393.11773789284103,candidate,refined,measured,quality_gated_measurement,false,pdv_channel_1,automatic
0.00074766921499126694,507812499.82683295,506972957.62651831,392.90404216055168,392.90404216055168,candidate,refined,measured,quality_gated_measurement,false,pdv_channel_1,automatic
0.00074767241499126803,507812499.82683295,510778881.87358516,395.85363345202848,395.85363345202848,candidate,refined,measured,quality_gated_measurement,false,pdv_channel_1,automatic
0.00074767561499126912,517578124.82350278,517990360.18703628,401.44252914495308,401.44252914495308,candidate,refined,measured,quality_gated_measurement,false,pdv_channel_1,automatic
0.00074767881499127021,517578124.82350278,520536677.29097581,403.41592490050624,403.41592490050624,candidate,refined,measured,quality_gated_measurement,false,pdv_channel_1,automatic
0.0007476820149912713,517578124.82350278,514692339.91709685,398.88656343575008,398.88656343575008,candidate,refined,measured,quality_gated_measurement,false,pdv_channel_1,automatic
0.00074768521499127239,507812499.82683295,508667176.44449741,394.21706174448548,394.21706174448548,candidate,refined,measured,quality_gated_measurement,false,pdv_channel_1,automatic
0.00074768841499127348,507812499.82683295,506165741.46699011,392.27844963691734,392.27844963691734,candidate,refined,measured,quality_gated_measurement,false,pdv_channel_1,automatic
0.00074769161499127457,507812499.82683295,505175026.88620371,391.5106458368079,391.5106458368079,candidate,refined,measured,quality_gated_measurement,false,pdv_channel_1,automatic
0.00074769481499127567,507812499.82683295,507409636.40729141,393.24246821565083,393.24246821565083,candidate,refined,measured,quality_gated_measurement,false,pdv_channel_1,automatic
0.00074769801499127676,507812499.82683295,512453234.46488184,397.15125671028341,397.15125671028341,candidate,refined,measured,quality_gated_measurement,false,pdv_channel_1,automatic
0.00074770121499127785,517578124.82350278,514524663.38050371,398.7566141198904,398.7566141198904,candidate,refined,measured,quality_gated_measurement,false,pdv_channel_1,automatic
0.00074770441499127894,507812499.82683295,511388752.01812577,396.32628281404749,396.32628281404749,candidate,refined,measured,quality_gated_measurement,false,pdv_channel_1,automatic
0.00074770761499128003,507812499.82683295,508961674.85794538,394.44529801490768,394.44529801490768,candidate,refined,measured,quality_gated_measurement,false,pdv_channel_1,automatic
0.00074771081499128112,507812499.82683295,509483788.41797805,394.84993602393297,394.84993602393297,candidate,refined,measured,quality_gated_measurement,false,pdv_channel_1,automatic
0.00074771401499128221,507812499.82683295,510101479.71460843,395.32864677882151,395.32864677882151,candidate,refined,measured,quality_gated_measurement,false,pdv_channel_1,automatic
0.0007477172149912833,507812499.82683295,510220002.92352355,395.42050226573076,395.42050226573076,candidate,refined,measured,quality_gated_measurement,false,pdv_channel_1,automatic
0.0007477204149912844,507812499.82683295,510312536.52985901,395.49221581064074,395.49221581064074,candidate,refined,measured,quality_gated_measurement,false,pdv_channel_1,automatic
0.00074772361499128549,507812499.82683295,511149961.11260718,396.14121986227059,396.14121986227059,candidate,refined,measured,quality_gated_measurement,false,pdv_channel_1,automatic
0.00074772681499128658,507812499.82683295,512209728.72062832,396.96253975848697,396.96253975848697,candidate,refined,measured,quality_gated_measurement,false,pdv_channel_1,automatic
0.00074773001499128767,507812499.82683295,512008497.74925894,396.80658575567566,396.80658575567566,candidate,refined,measured,quality_gated_measurement,false,pdv_channel_1,automatic
0.00074773321499128876,507812499.82683295,511159336.7364828,396.14848597077417,396.14848597077417,candidate,refined,measured,quality_gated_measurement,false,pdv_channel_1,automatic
0.00074773641499128985,507812499.82683295,511106681.82382071,396.10767841346103,396.10767841346103,candidate,refined,measured,quality_gated_measurement,false,pdv_channel_1,automatic
0.00074773961499129094,507812499.82683295,512283231.7995044,397.01950464461589,397.01950464461589,candidate,refined,measured,quality_gated_measurement,false,pdv_channel_1,automatic
0.00074774281499129203,517578124.82350278,513882199.39464891,398.25870453085292,398.25870453085292,candidate,refined,measured,quality_gated_measurement,false,pdv_channel_1,automatic
0.00074774601499129313,517578124.82350278,514122222.12409031,398.44472214616997,398.44472214616997,candidate,refined,measured,quality_gated_measurement,false,pdv_channel_1,automatic
0.00074774921499129422,517578124.82350278,514026950.77476388,398.37088685044199,398.37088685044199,candidate,refined,measured,quality_gated_measurement,false,pdv_channel_1,automatic
0.00074775241499129531,517578124.82350278,515023811.34854692,399.14345379512383,399.14345379512383,candidate,refined,measured,quality_gated_measurement,false,pdv_channel_1,automatic
0.0007477556149912964,517578124.82350278,515389999.29101056,399.42724945053317,399.42724945053317,candidate,refined,measured,quality_gated_measurement,false,pdv_channel_1,automatic
0.00074775881499129749,517578124.82350278,513823537.25722772,398.21324137435147,398.21324137435147,candidate,refined,measured,quality_gated_measurement,false,pdv_channel_1,automatic
0.00074776201499129858,507812499.82683295,512230841.2981028,396.97890200602967,396.97890200602967,candidate,refined,measured,quality_gated_measurement,false,pdv_channel_1,automatic
0.00074776521499129967,507812499.82683295,511012182.09701341,396.03444112518537,396.03444112518537,candidate,refined,measured,quality_gated_measurement,false,pdv_channel_1,automatic
0.00074776841499130076,507812499.82683295,510807370.01340246,395.87571176038688,395.87571176038688,candidate,refined,measured,quality_gated_measurement,false,pdv_channel_1,automatic
0.00074777161499130186,507812499.82683295,509991496.18426239,395.24340954280336,395.24340954280336,candidate,refined,measured,quality_gated_measurement,false,pdv_channel_1,automatic
0.00074777481499130295,507812499.82683295,508223208.91063917,393.87298690574534,393.87298690574534,candidate,refined,measured,quality_gated_measurement,false,pdv_channel_1,automatic
0.00074777801499130404,507812499.82683295,510250353.06928569,395.44402362869641,395.44402362869641,candidate,refined,measured,quality_gated_measurement,false,pdv_channel_1,automatic
0.00074778121499130513,517578124.82350278,514948343.87507772,399.08496650318523,399.08496650318523,candidate,refined,measured,quality_gated_measurement,false,pdv_channel_1,automatic
0.00074778441499130622,517578124.82350278,514206355.03518516,398.50992515226847,398.50992515226847,candidate,refined,measured,quality_gated_measurement,false,pdv_channel_1,automatic
0.00074778761499130731,507812499.82683295,508735912.67482173,394.27033232298686,394.27033232298686,candidate,refined,measured,quality_gated_measurement,false,pdv_channel_1,automatic
0.0007477908149913084,507812499.82683295,505436405.62894446,391.71321436243193,391.71321436243193,candidate,refined,measured,quality_gated_measurement,false,pdv_channel_1,automatic
0.00074779401499130949,507812499.82683295,506844015.30906981,392.80411186452909,392.80411186452909,candidate,refined,measured,quality_gated_measurement,false,pdv_channel_1,automatic
0.00074779721499131058,517578124.82350278,513085215.73372096,397.64104219363372,397.64104219363372,candidate,refined,measured,quality_gated_measurement,false,pdv_channel_1,automatic
0.00074780041499131168,517578124.82350278,517716798.59144658,401.2305189083711,401.2305189083711,candidate,refined,measured,quality_gated_measurement,false,pdv_channel_1,automatic
0.00074780361499131277,517578124.82350278,520807811.4494192,403.6260538732999,403.6260538732999,candidate,refined,measured,quality_gated_measurement,false,pdv_channel_1,automatic
0.00074780681499131386,527343749.82017267,524413384.78168035,406.42037320580226,406.42037320580226,candidate,refined,measured,quality_gated_measurement,false,pdv_channel_1,automatic
0.00074781001499131495,517578124.82350278,519268756.07448655,402.43328595772709,402.43328595772709,candidate,refined,measured,quality_gated_measurement,false,pdv_channel_1,automatic
0.00074781321499131604,507812499.82683295,507624976.90804088,393.40935710373168,393.40935710373168,candidate,refined,measured,quality_gated_measurement,false,pdv_channel_1,automatic
0.00074781641499131713,498046874.83016306,502375493.30646855,389.34100731251311,389.34100731251311,candidate,refined,measured,quality_gated_measurement,false,pdv_channel_1,automatic
0.00074781961499131822,498046874.83016306,500383590.9956404,387.7972830216213,387.7972830216213,candidate,refined,measured,quality_gated_measurement,false,pdv_channel_1,automatic
0.00074782281499131931,507812499.82683295,505216757.08752114,391.54298674282887,391.54298674282887,candidate,refined,measured,quality_gated_measurement,false,pdv_channel_1,automatic
0.00074782601499132041,517578124.82350278,515884881.8595283,399.81078344113445,399.81078344113445,candidate,refined,measured,quality_gated_measurement,false,pdv_channel_1,automatic
0.0007478292149913215,507812499.82683295,512129352.17569941,396.90024793616703,396.90024793616703,candidate,refined,measured,quality_gated_measurement,false,pdv_channel_1,automatic
0.00074783241499132259,498046874.83016306,493280627.8401677,382.29248657612999,382.29248657612999,candidate,refined,measured,quality_gated_measurement,false,pdv_channel_1,automatic
0.00074783561499132368,488281249.83349323,490632165.66735721,380.23992839220182,380.23992839220182,candidate,refined,measured,quality_gated_measurement,false,pdv_channel_1,automatic
0.00074783881499132477,498046874.83016306,501399414.15323365,388.58454596875606,388.58454596875606,candidate,refined,measured,quality_gated_measurement,false,pdv_channel_1,automatic
0.00074784201499132586,507812499.82683295,507304470.3704195,393.16096453707513,393.16096453707513,candidate,refined,measured,quality_gated_measurement,false,pdv_channel_1,automatic
0.00074784521499132695,507812499.82683295,506215989.04856706,392.31739151263946,392.31739151263946,candidate,refined,measured,quality_gated_measurement,false,pdv_channel_1,automatic
0.00074784841499132804,498046874.83016306,502916057.48225605,389.75994454874842,389.75994454874842,candidate,refined,measured,quality_gated_measurement,false,pdv_channel_1,automatic
0.00074785161499132914,498046874.83016306,500852557.43910831,388.16073201530895,388.16073201530895,candidate,refined,measured,quality_gated_measurement,false,pdv_channel_1,automatic
0.00074785481499133023,498046874.83016306,498528863.15405488,386.35986894439253,386.35986894439253,candidate,refined,measured,quality_gated_measurement,false,pdv_channel_1,automatic
0.00074785801499133132,498046874.83016306,497890752.97997278,385.86533355947893,385.86533355947893,candidate,refined,measured,quality_gated_measurement,false,pdv_channel_1,automatic
0.00074786121499133241,498046874.83016306,497731538.61781585,385.74194242880731,385.74194242880731,candidate,refined,measured,quality_gated_measurement,false,pdv_channel_1,automatic
0.0007478644149913335,498046874.83016306,497230482.23844033,385.35362373479126,385.35362373479126,candidate,refined,measured,quality_gated_measurement,false,pdv_channel_1,automatic
0.00074786761499133459,498046874.83016306,498392583.11494237,386.25425191408033,386.25425191408033,candidate,refined,measured,quality_gated_measurement,false,pdv_channel_1,automatic
0.00074787081499133568,507812499.82683295,505174656.22593433,391.51035857509908,391.51035857509908,candidate,refined,measured,quality_gated_measurement,false,pdv_channel_1,automatic
0.00074787401499133677,507812499.82683295,512566632.18019605,397.23913993965192,397.23913993965192,candidate,refined,measured,quality_gated_measurement,false,pdv_channel_1,automatic
0.00074787721499133787,507812499.82683295,511283161.20489681,396.24444993379501,396.24444993379501,candidate,refined,measured,quality_gated_measurement,false,pdv_channel_1,automatic
0.00074788041499133896,498046874.83016306,501458706.13794065,388.63049725690399,388.63049725690399,candidate,refined,measured,quality_gated_measurement,false,pdv_channel_1,automatic
0.00074788361499134005,488281249.83349323,492828495.54441649,381.94208404692279,381.94208404692279,candidate,refined,measured,quality_gated_measurement,false,pdv_channel_1,automatic
0.00074788681499134114,498046874.83016306,493991265.0469451,382.84323041138242,382.84323041138242,candidate,refined,measured,quality_gated_measurement,false,pdv_channel_1,automatic
0.00074789001499134223,498046874.83016306,498683909.99331367,386.48003024481807,386.48003024481807,candidate,refined,measured,quality_gated_measurement,false,pdv_channel_1,automatic
0.00074789321499134332,498046874.83016306,494908814.25652033,383.55433104880325,383.55433104880325,candidate,refined,measured,quality_gated_measurement,false,pdv_channel_1,automatic
0.00074789641499134441,478515624.83682334,482893905.29912364,374.24277660682083,374.24277660682083,candidate,refined,measured,quality_gated_measurement,false,pdv_channel_1,automatic
0.0007478996149913455,478515624.83682334,480522427.27202296,372.40488113581779,372.40488113581779,candidate,refined,measured,quality_gated_measurement,false,pdv_channel_1,automatic
0.0007479028149913466,488281249.83349323,490388044.2072354,380.05073426060744,380.05073426060744,candidate,refined,measured,quality_gated_measurement,false,pdv_channel_1,automatic
0.00074790601499134769,498046874.83016306,501678708.34444237,388.80099896694281,388.80099896694281,candidate,refined,measured,quality_gated_measurement,false,pdv_channel_1,automatic
0.00074790921499134878,498046874.83016306,502663602.58155274,389.56429200070335,389.56429200070335,candidate,refined,measured,quality_gated_measurement,false,pdv_channel_1,automatic
0.00074791241499134987,498046874.83016306,495115419.69131625,383.71445026077009,383.71445026077009,candidate,refined,measured,quality_gated_measurement,false,pdv_channel_1,automatic
0.00074791561499135096,488281249.83349323,489723598.14783323,379.53578856457074,379.53578856457074,candidate,refined,measured,quality_gated_measurement,false,pdv_channel_1,automatic
0.00074791881499135205,498046874.83016306,494799924.39998668,383.4699414099897,383.4699414099897,candidate,refined,measured,quality_gated_measurement,false,pdv_channel_1,automatic
0.00074792201499135314,498046874.83016306,502800583.61353129,389.67045230048677,389.67045230048677,candidate,refined,measured,quality_gated_measurement,false,pdv_channel_1,automatic
0.00074792521499135423,507812499.82683295,506313351.35161519,392.39284729750176,392.39284729750176,candidate,refined,measured,quality_gated_measurement,false,pdv_channel_1,automatic
0.00074792841499135532,507812499.82683295,508040983.24502128,393.7317620148915,393.7317620148915,candidate,refined,measured,quality_gated_measurement,false,pdv_channel_1,automatic
0.00074793161499135642,507812499.82683295,508977712.78766644,394.45772741044146,394.45772741044146,candidate,refined,measured,quality_gated_measurement,false,pdv_channel_1,automatic
0.00074793481499135751,507812499.82683295,505855775.51084155,392.03822602090219,392.03822602090219,candidate,refined,measured,quality_gated_measurement,false,pdv_channel_1,automatic
0.0007479380149913586,498046874.83016306,500752981.96573007,388.08356102344078,388.08356102344078,candidate,refined,measured,quality_gated_measurement,false,pdv_channel_1,automatic
0.00074794121499135969,498046874.83016306,499525813.11895263,387.1325051671883,387.1325051671883,candidate,refined,measured,quality_gated_measurement,false,pdv_channel_1,automatic
0.00074794441499136078,498046874.83016306,499896441.47104287,387.41974214005825,387.41974214005825,candidate,refined,measured,quality_gated_measurement,false,pdv_channel_1,automatic
0.00074794761499136187,498046874.83016306,501607653.26676756,388.74593128174484,388.74593128174484,candidate,refined,measured,quality_gated_measurement,false,pdv_channel_1,automatic
0.00074795081499136296,507812499.82683295,504534706.35504717,391.01439742516158,391.01439742516158,candidate,refined,measured,quality_gated_measurement,false,pdv_channel_1,automatic
0.00074795401499136405,507812499.82683295,507718423.8206858,393.48177846103147,393.48177846103147,candidate,refined,measured,quality_gated_measurement,false,pdv_channel_1,automatic
0.00074795721499136515,507812499.82683295,509854668.53400636,395.1373681138549,395.1373681138549,candidate,refined,measured,quality_gated_measurement,false,pdv_channel_1,automatic
0.00074796041499136624,517578124.82350278,513661613.12928265,398.08775017519406,398.08775017519406,candidate,refined,measured,quality_gated_measurement,false,pdv_channel_1,automatic
0.00074796361499136733,517578124.82350278,514217955.21452099,398.51891529125379,398.51891529125379,candidate,refined,measured,quality_gated_measurement,false,pdv_channel_1,automatic
0.00074796681499136842,507812499.82683295,510489054.8097744,395.62901747757513,395.62901747757513,candidate,refined,measured,quality_gated_measurement,false,pdv_channel_1,automatic
0.00074797001499136951,507812499.82683295,507502704.54941225,393.31459602579451,393.31459602579451,candidate,refined,measured,quality_gated_measurement,false,pdv_channel_1,automatic
0.0007479732149913706,507812499.82683295,505783727.90864378,391.98238912919891,391.98238912919891,candidate,refined,measured,quality_gated_measurement,false,pdv_channel_1,automatic
0.00074797641499137169,498046874.83016306,502610184.73234695,389.5228931675689,389.5228931675689,candidate,refined,measured,quality_gated_measurement,false,pdv_channel_1,automatic
0.00074797961499137278,498046874.83016306,501036088.05814475,388.30296824506217,388.30296824506217,candidate,refined,measured,quality_gated_measurement,false,pdv_channel_1,automatic
0.00074798281499137388,507812499.82683295,508328281.14623874,393.954417888335,393.954417888335,candidate,refined,measured,quality_gated_measurement,false,pdv_channel_1,automatic
0.00074798601499137497,517578124.82350278,518656236.67279375,401.95858342141514,401.95858342141514,candidate,refined,measured,quality_gated_measurement,false,pdv_channel_1,automatic
0.00074798921499137606,517578124.82350278,521493216.58528435,404.15724285359539,404.15724285359539,candidate,refined,measured,quality_gated_measurement,false,pdv_channel_1,automatic
0.00074799241499137715,517578124.82350278,520269831.65616119,403.20911953352493,403.20911953352493,candidate,refined,measured,quality_gated_measurement,false,pdv_channel_1,automatic
0.00074799561499137824,517578124.82350278,521395026.29199344,404.0811453762949,404.0811453762949,candidate,refined,measured,quality_gated_measurement,false,pdv_channel_1,automatic
0.00074799881499137933,517578124.82350278,517009322.45005763,400.68222489879463,400.68222489879463,candidate,refined,measured,quality_gated_measurement,false,pdv_channel_1,automatic
0.00074800201499138042,507812499.82683295,512155528.35216242,396.92053447292585,396.92053447292585,candidate,refined,measured,quality_gated_measurement,false,pdv_channel_1,automatic
0.00074800521499138151,517578124.82350278,nan,nan,nan,candidate,refined,ambiguous_peak,ambiguous_peak,false,pdv_channel_1,automatic
0.00074800841499138261,517578124.82350278,nan,nan,nan,candidate,refined,unstable_detection,unstable_detection,false,pdv_channel_1,automatic
0.0007480116149913837,527343749.82017267,nan,nan,nan,candidate,refined,unstable_detection,unstable_detection,false,pdv_channel_1,automatic
0.00074801481499138479,537109374.81684256,nan,nan,nan,candidate,refined,ambiguous_peak,ambiguous_peak,false,pdv_channel_1,automatic
0.00074801801499138588,537109374.81684256,nan,nan,nan,candidate,refined,ambiguous_peak,ambiguous_peak,false,pdv_channel_1,automatic
0.00074802121499138697,517578124.82350278,519009602.53763789,402.23244196666934,402.23244196666934,candidate,refined,measured,quality_gated_measurement,false,pdv_channel_1,automatic
0.00074802441499138806,517578124.82350278,514037818.02525014,398.37930896956885,398.37930896956885,candidate,refined,measured,quality_gated_measurement,false,pdv_channel_1,automatic
0.00074802761499138915,507812499.82683295,510713030.43915123,395.8025985903422,395.8025985903422,candidate,refined,measured,quality_gated_measurement,false,pdv_channel_1,automatic
0.00074803081499139024,507812499.82683295,507594196.87613636,393.38550257900567,393.38550257900567,candidate,refined,measured,quality_gated_measurement,false,pdv_channel_1,automatic
0.00074803401499139134,507812499.82683295,509599252.90128809,394.93942099849829,394.93942099849829,candidate,refined,measured,quality_gated_measurement,false,pdv_channel_1,automatic
0.00074803721499139243,517578124.82350278,514203003.75984013,398.50732791387611,398.50732791387611,candidate,refined,measured,quality_gated_measurement,false,pdv_channel_1,automatic
0.00074804041499139352,517578124.82350278,516353196.23883128,400.17372708509424,400.17372708509424,candidate,refined,measured,quality_gated_measurement,false,pdv_channel_1,automatic
0.00074804361499139461,507812499.82683295,511057163.21719241,396.06930149332413,396.06930149332413,candidate,refined,measured,quality_gated_measurement,false,pdv_channel_1,automatic
0.0007480468149913957,507812499.82683295,511377014.53064388,396.31718626124899,396.31718626124899,candidate,refined,measured,quality_gated_measurement,false,pdv_channel_1,automatic
0.00074805001499139679,517578124.82350278,519977655.3011477,402.98268285838947,402.98268285838947,candidate,refined,measured,quality_gated_measurement,false,pdv_channel_1,automatic
0.00074805321499139788,527343749.82017267,524156810.90994191,406.22152845520498,406.22152845520498,candidate,refined,measured,quality_gated_measurement,false,pdv_channel_1,automatic
0.00074805641499139897,517578124.82350278,521033534.07376409,403.80098890716715,403.80098890716715,candidate,refined,measured,quality_gated_measurement,false,pdv_channel_1,automatic
0.00074805961499140006,517578124.82350278,516953972.86621875,400.63932897131951,400.63932897131951,candidate,refined,measured,quality_gated_measurement,false,pdv_channel_1,automatic
0.00074806281499140116,507812499.82683295,509016976.50975889,394.48815679506316,394.48815679506316,candidate,refined,measured,quality_gated_measurement,false,pdv_channel_1,automatic
0.00074806601499140225,507812499.82683295,503353343.32238871,390.09884107485124,390.09884107485124,candidate,refined,measured,quality_gated_measurement,false,pdv_channel_1,automatic
0.00074806921499140334,507812499.82683295,508667419.62361974,394.2172502083053,394.2172502083053,candidate,refined,measured,quality_gated_measurement,false,pdv_channel_1,automatic
0.00074807241499140443,517578124.82350278,519457607.98851675,402.57964619110049,402.57964619110049,candidate,refined,measured,quality_gated_measurement,false,pdv_channel_1,automatic
0.00074807561499140552,517578124.82350278,519494896.02149761,402.60854441666066,402.60854441666066,candidate,refined,measured,quality_gated_measurement,false,pdv_channel_1,automatic
0.00074807881499140661,507812499.82683295,508106951.98103523,393.78288778530231,393.78288778530231,candidate,refined,measured,quality_gated_measurement,false,pdv_channel_1,automatic
0.0007480820149914077,498046874.83016306,502641386.01344073,389.54707416041657,389.54707416041657,candidate,refined,measured,quality_gated_measurement,false,pdv_channel_1,automatic
0.00074808521499140879,507812499.82683295,503619023.15122026,390.30474294219567,390.30474294219567,candidate,refined,measured,quality_gated_measurement,false,pdv_channel_1,automatic
0.00074808841499140989,507812499.82683295,510097972.74214488,395.32592887516228,395.32592887516228,candidate,refined,measured,quality_gated_measurement,false,pdv_channel_1,automatic
0.00074809161499141098,517578124.82350278,519710054.67019165,402.77529236939853,402.77529236939853,candidate,refined,measured,quality_gated_measurement,false,pdv_channel_1,automatic
0.00074809481499141207,517578124.82350278,517560895.98384941,401.10969438748327,401.10969438748327,candidate,refined,measured,quality_gated_measurement,false,pdv_channel_1,automatic
0.00074809801499141316,498046874.83016306,502921998.04604137,389.76454848568204,389.76454848568204,candidate,refined,measured,quality_gated_measurement,false,pdv_channel_1,automatic
0.00074810121499141425,498046874.83016306,496061673.27015662,384.44779678437141,384.44779678437141,candidate,refined,measured,quality_gated_measurement,false,pdv_channel_1,automatic
0.00074810441499141534,507812499.82683295,507800265.80259323,393.54520599700976,393.54520599700976,candidate,refined,measured,quality_gated_measurement,false,pdv_channel_1,automatic
0.00074810761499141643,517578124.82350278,520719062.1770454,403.55727318721017,403.55727318721017,candidate,refined,measured,quality_gated_measurement,false,pdv_channel_1,automatic
0.00074811081499141752,517578124.82350278,516801779.76536536,400.52137931815815,400.52137931815815,candidate,refined,measured,quality_gated_measurement,false,pdv_channel_1,automatic
0.00074811401499141862,507812499.82683295,505279438.67472869,391.59156497291474,391.59156497291474,candidate,refined,measured,quality_gated_measurement,false,pdv_channel_1,automatic
0.00074811721499141971,507812499.82683295,502987617.48477089,389.81540355069745,389.81540355069745,candidate,refined,measured,quality_gated_measurement,false,pdv_channel_1,automatic
0.0007481204149914208,507812499.82683295,504123105.80975223,390.69540700255794,390.69540700255794,candidate,refined,measured,quality_gated_measurement,false,pdv_channel_1,automatic
0.00074812361499142189,507812499.82683295,506527248.53418142,392.55861761399058,392.55861761399058,candidate,refined,measured,quality_gated_measurement,false,pdv_channel_1,automatic
0.00074812681499142298,517578124.82350278,513159093.02054101,397.69829709091925,397.69829709091925,candidate,refined,measured,quality_gated_measurement,false,pdv_channel_1,automatic
0.00074813001499142407,517578124.82350278,516441287.69249564,400.24199796168409,400.24199796168409,candidate,refined,measured,quality_gated_measurement,false,pdv_channel_1,automatic
0.00074813321499142516,517578124.82350278,514164883.58127266,398.47778477548633,398.47778477548633,candidate,refined,measured,quality_gated_measurement,false,pdv_channel_1,automatic
0.00074813641499142625,507812499.82683295,509732302.45236659,395.04253440058409,395.04253440058409,candidate,refined,measured,quality_gated_measurement,false,pdv_channel_1,automatic
0.00074813961499142735,507812499.82683295,503750048.66579717,390.40628771599279,390.40628771599279,candidate,refined,measured,quality_gated_measurement,false,pdv_channel_1,automatic
0.00074814281499142844,498046874.83016306,501018516.59733528,388.28935036293484,388.28935036293484,candidate,refined,measured,quality_gated_measurement,false,pdv_channel_1,automatic
0.00074814601499142953,507812499.82683295,503355634.21683586,390.10061651804779,390.10061651804779,candidate,refined,measured,quality_gated_measurement,false,pdv_channel_1,automatic
0.00074814921499143062,507812499.82683295,507442166.91120446,393.26767935618346,393.26767935618346,candidate,refined,measured,quality_gated_measurement,false,pdv_channel_1,automatic
0.00074815241499143171,507812499.82683295,506370274.1425404,392.43696246046881,392.43696246046881,candidate,refined,measured,quality_gated_measurement,false,pdv_channel_1,automatic
0.0007481556149914328,507812499.82683295,504253028.35630476,390.7960969761362,390.7960969761362,candidate,refined,measured,quality_gated_measurement,false,pdv_channel_1,automatic
0.00074815881499143389,507812499.82683295,503574108.15473998,390.26993381992349,390.26993381992349,candidate,refined,measured,quality_gated_measurement,false,pdv_channel_1,automatic
0.00074816201499143498,507812499.82683295,505002798.46118796,391.37716880742067,391.37716880742067,candidate,refined,measured,quality_gated_measurement,false,pdv_channel_1,automatic
0.00074816521499143608,507812499.82683295,507069046.3809706,392.9785109452522,392.9785109452522,candidate,refined,measured,quality_gated_measurement,false,pdv_channel_1,automatic
0.00074816841499143717,507812499.82683295,510923148.09591991,395.96543977433794,395.96543977433794,candidate,refined,measured,quality_gated_measurement,false,pdv_channel_1,automatic
0.00074817161499143826,507812499.82683295,511491598.28241557,396.40598866887206,396.40598866887206,candidate,refined,measured,quality_gated_measurement,false,pdv_channel_1,automatic
0.00074817481499143935,507812499.82683295,508949283.24451286,394.43569451449747,394.43569451449747,candidate,refined,measured,quality_gated_measurement,false,pdv_channel_1,automatic
0.00074817801499144044,507812499.82683295,511022765.27753353,396.04264309008846,396.04264309008846,candidate,refined,measured,quality_gated_measurement,false,pdv_channel_1,automatic
0.00074818121499144153,517578124.82350278,516791493.59754187,400.51340753809495,400.51340753809495,candidate,refined,measured,quality_gated_measurement,false,pdv_channel_1,automatic
0.00074818441499144262,527343749.82017267,524437783.60161901,406.4392822912547,406.4392822912547,candidate,refined,measured,quality_gated_measurement,false,pdv_channel_1,automatic
0.00074818761499144371,527343749.82017267,527709342.03857243,408.97474007989365,408.97474007989365,candidate,refined,measured,quality_gated_measurement,false,pdv_channel_1,automatic
0.0007481908149914448,527343749.82017267,523350544.01782829,405.59667161381691,405.59667161381691,candidate,refined,measured,quality_gated_measurement,false,pdv_channel_1,automatic
0.0007481940149914459,517578124.82350278,514967660.70788747,399.09993704861279,399.09993704861279,candidate,refined,measured,quality_gated_measurement,false,pdv_channel_1,automatic
0.00074819721499144699,507812499.82683295,510283205.98128343,395.46948463549467,395.46948463549467,candidate,refined,measured,quality_gated_measurement,false,pdv_channel_1,automatic
0.00074820041499144808,507812499.82683295,509898618.58718038,395.17142940506477,395.17142940506477,candidate,refined,measured,quality_gated_measurement,false,pdv_channel_1,automatic
0.00074820361499144917,507812499.82683295,512247150.79992062,396.99154186993849,396.99154186993849,candidate,refined,measured,quality_gated_measurement,false,pdv_channel_1,automatic
0.00074820681499145026,507812499.82683295,510712029.83400923,395.80182312135713,395.80182312135713,candidate,refined,measured,quality_gated_measurement,false,pdv_channel_1,automatic
0.00074821001499145135,507812499.82683295,507665540.56739515,393.44079393973124,393.44079393973124,candidate,refined,measured,quality_gated_measurement,false,pdv_channel_1,automatic
0.00074821321499145244,507812499.82683295,506498270.18336153,392.53615939210516,392.53615939210516,candidate,refined,measured,quality_gated_measurement,false,pdv_channel_1,automatic
0.00074821641499145353,507812499.82683295,505740993.29812503,391.94926980604691,391.94926980604691,candidate,refined,measured,quality_gated_measurement,false,pdv_channel_1,automatic
0.00074821961499145463,507812499.82683295,504929732.80610341,391.32054292473015,391.32054292473015,candidate,refined,measured,quality_gated_measurement,false,pdv_channel_1,automatic
0.00074822281499145572,507812499.82683295,507159646.90964162,393.04872635497225,393.04872635497225,candidate,refined,measured,quality_gated_measurement,false,pdv_channel_1,automatic
0.00074822601499145681,507812499.82683295,508734771.55889058,394.26944795814018,394.26944795814018,candidate,refined,measured,quality_gated_measurement,false,pdv_channel_1,automatic
0.0007482292149914579,507812499.82683295,507583507.86789918,393.37721859762183,393.37721859762183,candidate,refined,measured,quality_gated_measurement,false,pdv_channel_1,automatic
0.00074823241499145899,507812499.82683295,507614208.56642693,393.40101163898089,393.40101163898089,candidate,refined,measured,quality_gated_measurement,false,pdv_channel_1,automatic
0.00074823561499146008,507812499.82683295,509017401.42094809,394.48848610123474,394.48848610123474,candidate,refined,measured,quality_gated_measurement,false,pdv_channel_1,automatic
0.00074823881499146117,507812499.82683295,507993900.56612039,393.6952729387433,393.6952729387433,candidate,refined,measured,quality_gated_measurement,false,pdv_channel_1,automatic
0.00074824201499146226,507812499.82683295,506232558.7778362,392.33023305282308,392.33023305282308,candidate,refined,measured,quality_gated_measurement,false,pdv_channel_1,automatic
0.00074824521499146336,507812499.82683295,506150027.77788335,392.2662715278596,392.2662715278596,candidate,refined,measured,quality_gated_measurement,false,pdv_channel_1,automatic
0.00074824841499146445,507812499.82683295,506419375.54423726,392.47501604678388,392.47501604678388,candidate,refined,measured,quality_gated_measurement,false,pdv_channel_1,automatic
0.00074825161499146554,507812499.82683295,508342896.08200657,393.9657444635551,393.9657444635551,candidate,refined,measured,quality_gated_measurement,false,pdv_channel_1,automatic
0.00074825481499146663,507812499.82683295,511719466.95080024,396.58258688687016,396.58258688687016,candidate,refined,measured,quality_gated_measurement,false,pdv_channel_1,automatic
0.00074825801499146772,517578124.82350278,nan,nan,nan,candidate,refined,ambiguous_peak,ambiguous_peak,false,pdv_channel_1,automatic
0.00074826121499146881,58593749.980019182,nan,nan,nan,candidate,boundary_peak,ambiguous_peak,ambiguous_peak,false,pdv_channel_1,automatic
0.0007482644149914699,58593749.980019182,nan,nan,nan,candidate,boundary_peak,ambiguous_peak,ambiguous_peak,false,pdv_channel_1,automatic
0.00074826761499147099,517578124.82350278,nan,nan,nan,candidate,refined,ambiguous_peak,ambiguous_peak,false,pdv_channel_1,automatic
0.00074827081499147209,498046874.83016306,500204318.87724257,387.65834712986299,387.65834712986299,candidate,refined,measured,quality_gated_measurement,false,pdv_channel_1,automatic
0.00074827401499147318,498046874.83016306,500795413.7548908,388.11644566004037,388.11644566004037,candidate,refined,measured,quality_gated_measurement,false,pdv_channel_1,automatic
0.00074827721499147427,498046874.83016306,502619995.76133382,389.53049671503373,389.53049671503373,candidate,refined,measured,quality_gated_measurement,false,pdv_channel_1,automatic
0.00074828041499147536,507812499.82683295,503254622.4857415,390.02233242644968,390.02233242644968,candidate,refined,measured,quality_gated_measurement,false,pdv_channel_1,automatic
0.00074828361499147645,507812499.82683295,504997769.15750951,391.37327109706985,391.37327109706985,candidate,refined,measured,quality_gated_measurement,false,pdv_channel_1,automatic
0.00074828681499147754,507812499.82683295,503558578.88374913,390.25789863490559,390.25789863490559,candidate,refined,measured,quality_gated_measurement,false,pdv_channel_1,automatic
0.00074829001499147863,498046874.83016306,499472867.38081479,387.09147222013144,387.09147222013144,candidate,refined,measured,quality_gated_measurement,false,pdv_channel_1,automatic
0.00074829321499147972,498046874.83016306,494451807.36350173,383.20015070671383,383.20015070671383,candidate,refined,measured,quality_gated_measurement,false,pdv_channel_1,automatic
0.00074829641499148081,498046874.83016306,493875381.52213556,382.75342067965505,382.75342067965505,candidate,refined,measured,quality_gated_measurement,false,pdv_channel_1,automatic
0.00074829961499148191,498046874.83016306,499644776.69033843,387.22470193501226,387.22470193501226,candidate,refined,measured,quality_gated_measurement,false,pdv_channel_1,automatic
0.000748302814991483,498046874.83016306,nan,nan,nan,candidate,refined,ambiguous_peak,ambiguous_peak,false,pdv_channel_1,automatic
0.00074830601499148409,478515624.83682334,476131628.10166943,369.00201177879381,369.00201177879381,candidate,refined,measured,quality_gated_measurement,false,pdv_channel_1,automatic
0.00074830921499148518,468749999.84015346,464491396.94838876,359.98083263500126,359.98083263500126,candidate,refined,measured,quality_gated_measurement,false,pdv_channel_1,automatic
0.00074831241499148627,468749999.84015346,472336246.05318445,366.06059069121795,366.06059069121795,candidate,refined,measured,quality_gated_measurement,false,pdv_channel_1,automatic
0.00074831561499148736,488281249.83349323,487183942.91708297,377.56755576073931,377.56755576073931,candidate,refined,measured,quality_gated_measurement,false,pdv_channel_1,automatic
0.00074831881499148845,498046874.83016306,500345352.14093673,387.76764790922596,387.76764790922596,candidate,refined,measured,quality_gated_measurement,false,pdv_channel_1,automatic
0.00074832201499148954,507812499.82683295,507862724.94189566,393.59361182996912,393.59361182996912,candidate,refined,measured,quality_gated_measurement,false,pdv_channel_1,automatic
0.00074832521499149064,507812499.82683295,506522421.90645474,392.55487697750243,392.55487697750243,candidate,refined,measured,quality_gated_measurement,false,pdv_channel_1,automatic
0.00074832841499149173,498046874.83016306,502078367.69866985,389.11073496646912,389.11073496646912,candidate,refined,measured,quality_gated_measurement,false,pdv_channel_1,automatic
0.00074833161499149282,498046874.83016306,501513685.38705498,388.67310617496759,388.67310617496759,candidate,refined,measured,quality_gated_measurement,false,pdv_channel_1,automatic
0.00074833481499149391,507812499.82683295,505737634.42062831,391.94666667598693,391.94666667598693,candidate,refined,measured,quality_gated_measurement,false,pdv_channel_1,automatic
0.000748338014991495,507812499.82683295,509366587.42856932,394.75910525714124,394.75910525714124,candidate,refined,measured,quality_gated_measurement,false,pdv_channel_1,automatic
0.00074834121499149609,507812499.82683295,509205453.40054893,394.63422638542539,394.63422638542539,candidate,refined,measured,quality_gated_measurement,false,pdv_channel_1,automatic
0.00074834441499149718,507812499.82683295,508987199.86030042,394.46507989173284,394.46507989173284,candidate,refined,measured,quality_gated_measurement,false,pdv_channel_1,automatic
0.00074834761499149827,507812499.82683295,512094758.44839811,396.87343779750853,396.87343779750853,candidate,refined,measured,quality_gated_measurement,false,pdv_channel_1,automatic
0.00074835081499149937,517578124.82350278,513126917.31571764,397.67336091968116,397.67336091968116,candidate,refined,measured,quality_gated_measurement,false,pdv_channel_1,automatic
0.00074835401499150046,507812499.82683295,509731517.47679079,395.04192604451288,395.04192604451288,candidate,refined,measured,quality_gated_measurement,false,pdv_channel_1,automatic
0.00074835721499150155,507812499.82683295,505734738.60346597,391.9444224176861,391.9444224176861,candidate,refined,measured,quality_gated_measurement,false,pdv_channel_1,automatic
0.00074836041499150264,507812499.82683295,503771748.65282536,390.42310520593963,390.42310520593963,candidate,refined,measured,quality_gated_measurement,false,pdv_channel_1,automatic
0.00074836361499150373,498046874.83016306,501998685.23425454,389.04898105654729,389.04898105654729,candidate,refined,measured,quality_gated_measurement,false,pdv_channel_1,automatic
0.00074836681499150482,498046874.83016306,500639939.94406396,387.99595345664954,387.99595345664954,candidate,refined,measured,quality_gated_measurement,false,pdv_channel_1,automatic
0.00074837001499150591,507812499.82683295,505233380.68479627,391.55587003071713,391.55587003071713,candidate,refined,measured,quality_gated_measurement,false,pdv_channel_1,automatic
0.000748373214991507,527343749.82017267,526346682.55649304,407.91867898128208,407.91867898128208,candidate,refined,measured,quality_gated_measurement,false,pdv_channel_1,automatic
0.0007483764149915081,537109374.81684256,nan,nan,nan,candidate,refined,ambiguous_peak,ambiguous_peak,false,pdv_channel_1,automatic
0.00074837961499150919,527343749.82017267,nan,nan,nan,candidate,refined,ambiguous_peak,ambiguous_peak,false,pdv_channel_1,automatic
0.00074838281499151028,507812499.82683295,nan,nan,nan,candidate,refined,unstable_detection,unstable_detection,false,pdv_channel_1,automatic
0.00074838601499151137,507812499.82683295,nan,nan,nan,candidate,refined,ambiguous_peak,ambiguous_peak,false,pdv_channel_1,automatic
0.00074838921499151246,527343749.82017267,nan,nan,nan,candidate,refined,ambiguous_peak,ambiguous_peak,false,pdv_channel_1,automatic
0.00074839241499151355,546874999.81351244,nan,nan,nan,candidate,refined,ambiguous_peak,ambiguous_peak,false,pdv_channel_1,automatic
0.00074839561499151464,527343749.82017267,nan,nan,nan,candidate,refined,ambiguous_peak,ambiguous_peak,false,pdv_channel_1,automatic
0.00074839881499151573,507812499.82683295,509994073.8643539,395.24540724487429,395.24540724487429,candidate,refined,measured,quality_gated_measurement,false,pdv_channel_1,automatic
0.00074840201499151683,498046874.83016306,502844175.63344371,389.70423611591889,389.70423611591889,candidate,refined,measured,quality_gated_measurement,false,pdv_channel_1,automatic
0.00074840521499151792,498046874.83016306,501319836.73623759,388.5228734705841,388.5228734705841,candidate,refined,measured,quality_gated_measurement,false,pdv_channel_1,automatic
0.00074840841499151901,507812499.82683295,504995196.59396785,391.37127736032511,391.37127736032511,candidate,refined,measured,quality_gated_measurement,false,pdv_channel_1,automatic
0.0007484116149915201,517578124.82350278,514683827.76380289,398.87996651694721,398.87996651694721,candidate,refined,measured,quality_gated_measurement,false,pdv_channel_1,automatic
0.00074841481499152119,527343749.82017267,529525198.35576338,410.38202872571662,410.38202872571662,candidate,refined,measured,quality_gated_measurement,false,pdv_channel_1,automatic
0.00074841801499152228,527343749.82017267,532171799.21332991,412.43314439033065,412.43314439033065,candidate,refined,measured,quality_gated_measurement,false,pdv_channel_1,automatic
0.00074842121499152337,517578124.82350278,516928788.9123559,400.61981140707582,400.61981140707582,candidate,refined,measured,quality_gated_measurement,false,pdv_channel_1,automatic
0.00074842441499152446,507812499.82683295,504433112.68717515,390.93566233256075,390.93566233256075,candidate,refined,measured,quality_gated_measurement,false,pdv_channel_1,automatic
0.00074842761499152555,507812499.82683295,503680863.84164137,390.35266947727206,390.35266947727206,candidate,refined,measured,quality_gated_measurement,false,pdv_channel_1,automatic
0.00074843081499152665,507812499.82683295,505789713.32560456,391.98702782734352,391.98702782734352,candidate,refined,measured,quality_gated_measurement,false,pdv_channel_1,automatic
0.00074843401499152774,507812499.82683295,507480953.74862891,393.2977391551874,393.2977391551874,candidate,refined,measured,quality_gated_measurement,false,pdv_channel_1,automatic
0.00074843721499152883,507812499.82683295,509611402.8500843,394.94883720881535,394.94883720881535,candidate,refined,measured,quality_gated_measurement,false,pdv_channel_1,automatic
0.00074844041499152992,507812499.82683295,511612488.29314864,396.49967842719019,396.49967842719019,candidate,refined,measured,quality_gated_measurement,false,pdv_channel_1,automatic
0.00074844361499153101,507812499.82683295,511763680.64699703,396.61685250142267,396.61685250142267,candidate,refined,measured,quality_gated_measurement,false,pdv_channel_1,automatic
0.0007484468149915321,507812499.82683295,511433823.63509268,396.36121331719681,396.36121331719681,candidate,refined,measured,quality_gated_measurement,false,pdv_channel_1,automatic
0.00074845001499153319,507812499.82683295,512521180.8510707,397.20391515957976,397.20391515957976,candidate,refined,measured,quality_gated_measurement,false,pdv_channel_1,automatic
0.00074845321499153428,517578124.82350278,514344416.31851429,398.61692264684859,398.61692264684859,candidate,refined,measured,quality_gated_measurement,false,pdv_channel_1,automatic
0.00074845641499153538,517578124.82350278,513756110.79896379,398.16098586919691,398.16098586919691,candidate,refined,measured,quality_gated_measurement,false,pdv_channel_1,automatic
0.00074845961499153647,507812499.82683295,512576580.41705656,397.24684982321884,397.24684982321884,candidate,refined,measured,quality_gated_measurement,false,pdv_channel_1,automatic
0.00074846281499153756,507812499.82683295,512599104.39765221,397.26430590818046,397.26430590818046,candidate,refined,measured,quality_gated_measurement,false,pdv_channel_1,automatic
0.00074846601499153865,507812499.82683295,510477769.93281573,395.6202716979322,395.6202716979322,candidate,refined,measured,quality_gated_measurement,false,pdv_channel_1,automatic
0.00074846921499153974,507812499.82683295,509537191.11096197,394.89132311099553,394.89132311099553,candidate,refined,measured,quality_gated_measurement,false,pdv_channel_1,automatic
0.00074847241499154083,507812499.82683295,512145511.75059462,396.91277160671081,396.91277160671081,candidate,refined,measured,quality_gated_measurement,false,pdv_channel_1,automatic
0.00074847561499154192,517578124.82350278,513951179.35995883,398.31216400396806,398.31216400396806,candidate,refined,measured,quality_gated_measurement,false,pdv_channel_1,automatic
0.00074847881499154301,507812499.82683295,509615629.85653043,394.95211313881106,394.95211313881106,candidate,refined,measured,quality_gated_measurement,false,pdv_channel_1,automatic
0.00074848201499154411,507812499.82683295,507199991.76217824,393.07999361568812,393.07999361568812,candidate,refined,measured,quality_gated_measurement,false,pdv_channel_1,automatic
0.0007484852149915452,507812499.82683295,506781411.44242173,392.75559386787683,392.75559386787683,candidate,refined,measured,quality_gated_measurement,false,pdv_channel_1,automatic
0.00074848841499154629,507812499.82683295,508454977.42905182,394.05260750751518,394.05260750751518,candidate,refined,measured,quality_gated_measurement,false,pdv_channel_1,automatic
0.00074849161499154738,507812499.82683295,509376364.12671649,394.76668219820527,394.76668219820527,candidate,refined,measured,quality_gated_measurement,false,pdv_channel_1,automatic
0.00074849481499154847,507812499.82683295,506437509.44370633,392.48906981887239,392.48906981887239,candidate,refined,measured,quality_gated_measurement,false,pdv_channel_1,automatic
0.00074849801499154956,498046874.83016306,500845868.8537159,388.15554836162983,388.15554836162983,candidate,refined,measured,quality_gated_measurement,false,pdv_channel_1,automatic
0.00074850121499155065,498046874.83016306,497784988.66007715,385.78336621155978,385.78336621155978,candidate,refined,measured,quality_gated_measurement,false,pdv_channel_1,automatic
0.00074850441499155174,498046874.83016306,499600821.63959736,387.19063677068795,387.19063677068795,candidate,refined,measured,quality_gated_measurement,false,pdv_channel_1,automatic
0.00074850761499155284,498046874.83016306,500544397.23032469,387.92190785350164,387.92190785350164,candidate,refined,measured,quality_gated_measurement,false,pdv_channel_1,automatic
0.00074851081499155393,498046874.83016306,500856192.60889393,388.1635492718928,388.1635492718928,candidate,refined,measured,quality_gated_measurement,false,pdv_channel_1,automatic
0.00074851401499155502,507812499.82683295,503155623.07842034,389.94560788577576,389.94560788577576,candidate,refined,measured,quality_gated_measurement,false,pdv_channel_1,automatic
0.00074851721499155611,507812499.82683295,503616696.7474665,390.30293997928652,390.30293997928652,candidate,refined,measured,quality_gated_measurement,false,pdv_channel_1,automatic
0.0007485204149915572,498046874.83016306,499418072.79141939,387.04900641335001,387.04900641335001,candidate,refined,measured,quality_gated_measurement,false,pdv_channel_1,automatic
0.00074852361499155829,498046874.83016306,498503606.92361617,386.34029536580255,386.34029536580255,candidate,refined,measured,quality_gated_measurement,false,pdv_channel_1,automatic
0.00074852681499155938,507812499.82683295,506066581.68302292,392.20160080434277,392.20160080434277,candidate,refined,measured,quality_gated_measurement,false,pdv_channel_1,automatic
0.00074853001499156047,507812499.82683295,512179934.49157166,396.93944923096802,396.93944923096802,candidate,refined,measured,quality_gated_measurement,false,pdv_channel_1,automatic
0.00074853321499156157,507812499.82683295,510003140.17679161,395.2524336370135,395.2524336370135,candidate,refined,measured,quality_gated_measurement,false,pdv_channel_1,automatic
0.00074853641499156266,507812499.82683295,506457765.27595371,392.50476808886413,392.50476808886413,candidate,refined,measured,quality_gated_measurement,false,pdv_channel_1,automatic
0.00074853961499156375,507812499.82683295,503715152.99994993,390.37924357496121,390.37924357496121,candidate,refined,measured,quality_gated_measurement,false,pdv_channel_1,automatic
0.00074854281499156484,498046874.83016306,500595733.57774597,387.96169352275314,387.96169352275314,candidate,refined,measured,quality_gated_measurement,false,pdv_channel_1,automatic
0.00074854601499156593,507812499.82683295,503178235.60762024,389.96313259590568,389.96313259590568,candidate,refined,measured,quality_gated_measurement,false,pdv_channel_1,automatic
0.00074854921499156702,507812499.82683295,508197036.02443922,393.85270291894039,393.85270291894039,candidate,refined,measured,quality_gated_measurement,false,pdv_channel_1,automatic
0.00074855241499156811,507812499.82683295,509342854.65950489,394.74071236111627,394.74071236111627,candidate,refined,measured,quality_gated_measurement,false,pdv_channel_1,automatic
0.0007485556149915692,507812499.82683295,505792877.40868723,391.98947999173259,391.98947999173259,candidate,refined,measured,quality_gated_measurement,false,pdv_channel_1,automatic
0.00074855881499157029,498046874.83016306,502734276.20953882,389.61906406239257,389.61906406239257,candidate,refined,measured,quality_gated_measurement,false,pdv_channel_1,automatic
0.00074856201499157139,498046874.83016306,501214062.38428855,388.44089834782363,388.44089834782363,candidate,refined,measured,quality_gated_measurement,false,pdv_channel_1,automatic
0.00074856521499157248,507812499.82683295,504421843.63768476,390.92692881920567,390.92692881920567,candidate,refined,measured,quality_gated_measurement,false,pdv_channel_1,automatic
0.00074856841499157357,507812499.82683295,509259990.95839298,394.67649299275456,394.67649299275456,candidate,refined,measured,quality_gated_measurement,false,pdv_channel_1,automatic
0.00074857161499157466,517578124.82350278,513052259.01389831,397.61550073577121,397.61550073577121,candidate,refined,measured,quality_gated_measurement,false,pdv_channel_1,automatic
0.00074857481499157575,517578124.82350278,514722763.52915943,398.91014173509853,398.91014173509853,candidate,refined,measured,quality_gated_measurement,false,pdv_channel_1,automatic
0.00074857801499157684,517578124.82350278,515524920.93067503,399.53181372127312,399.53181372127312,candidate,refined,measured,quality_gated_measurement,false,pdv_channel_1,automatic
0.00074858121499157793,517578124.82350278,514598220.20595092,398.81362065961196,398.81362065961196,candidate,refined,measured,quality_gated_measurement,false,pdv_channel_1,automatic
0.00074858441499157902,507812499.82683295,511857194.94498593,396.68932608236406,396.68932608236406,candidate,refined,measured,quality_gated_measurement,false,pdv_channel_1,automatic
0.00074858761499158012,507812499.82683295,508403673.42622614,394.01284690532526,394.01284690532526,candidate,refined,measured,quality_gated_measurement,false,pdv_channel_1,automatic
0.00074859081499158121,507812499.82683295,510858124.82681781,395.91504674078379,395.91504674078379,candidate,refined,measured,quality_gated_measurement,false,pdv_channel_1,automatic
0.0007485940149915823,517578124.82350278,520473971.87383461,403.36732820222181,403.36732820222181,candidate,refined,measured,quality_gated_measurement,false,pdv_channel_1,automatic
0.00074859721499158339,517578124.82350278,521788120.85050619,404.38579365914228,404.38579365914228,candidate,refined,measured,quality_gated_measurement,false,pdv_channel_1,automatic
0.00074860041499158448,517578124.82350278,515563091.1568206,399.56139564653597,399.56139564653597,candidate,refined,measured,quality_gated_measurement,false,pdv_channel_1,automatic
0.00074860361499158557,517578124.82350278,514902503.95996362,399.04944056897182,399.04944056897182,candidate,refined,measured,quality_gated_measurement,false,pdv_channel_1,automatic
0.00074860681499158666,517578124.82350278,515709103.53369343,399.67455523861241,399.67455523861241,candidate,refined,measured,quality_gated_measurement,false,pdv_channel_1,automatic
0.00074861001499158775,507812499.82683295,511611721.38794017,396.49908407565363,396.49908407565363,candidate,refined,measured,quality_gated_measurement,false,pdv_channel_1,automatic
0.00074861321499158885,507812499.82683295,509662651.09559697,394.98855459908765,394.98855459908765,candidate,refined,measured,quality_gated_measurement,false,pdv_channel_1,automatic
0.00074861641499158994,507812499.82683295,509312341.1728639,394.71706440896952,394.71706440896952,candidate,refined,measured,quality_gated_measurement,false,pdv_channel_1,automatic
0.00074861961499159103,507812499.82683295,508018564.03821701,393.71438712961816,393.71438712961816,candidate,refined,measured,quality_gated_measurement,false,pdv_channel_1,automatic
0.00074862281499159212,507812499.82683295,511512039.70245212,396.4218307694004,396.4218307694004,candidate,refined,measured,quality_gated_measurement,false,pdv_channel_1,automatic
0.00074862601499159321,517578124.82350278,516044944.06476921,399.93483165019614,399.93483165019614,candidate,refined,measured,quality_gated_measurement,false,pdv_channel_1,automatic
0.0007486292149915943,507812499.82683295,512106968.08826762,396.88290026840741,396.88290026840741,candidate,refined,measured,quality_gated_measurement,false,pdv_channel_1,automatic
0.00074863241499159539,498046874.83016306,501626688.01279801,388.76068320991845,388.76068320991845,candidate,refined,measured,quality_gated_measurement,false,pdv_channel_1,automatic
0.00074863561499159648,507812499.82683295,504597301.7686348,391.06290887069196,391.06290887069196,candidate,refined,measured,quality_gated_measurement,false,pdv_channel_1,automatic
0.00074863881499159758,517578124.82350278,518067289.28069007,401.50214919253483,401.50214919253483,candidate,refined,measured,quality_gated_measurement,false,pdv_channel_1,automatic
0.00074864201499159867,517578124.82350278,522103481.60284042,404.63019824220135,404.63019824220135,candidate,refined,measured,quality_gated_measurement,false,pdv_channel_1,automatic
0.00074864521499159976,507812499.82683295,508425976.53283912,394.03013181295029,394.03013181295029,candidate,refined,measured,quality_gated_measurement,false,pdv_channel_1,automatic
0.00074864841499160085,498046874.83016306,495956535.5931828,384.36631508471669,384.36631508471669,candidate,refined,measured,quality_gated_measurement,false,pdv_channel_1,automatic
0.00074865161499160194,498046874.83016306,498537998.79563153,386.36694906661444,386.36694906661444,candidate,refined,measured,quality_gated_measurement,false,pdv_channel_1,automatic
0.00074865481499160303,507812499.82683295,504061254.00509357,390.64747185394754,390.64747185394754,candidate,refined,measured,quality_gated_measurement,false,pdv_channel_1,automatic
0.00074865801499160412,507812499.82683295,503347270.25861603,390.09413445042742,390.09413445042742,candidate,refined,measured,quality_gated_measurement,false,pdv_channel_1,automatic
0.00074866121499160521,498046874.83016306,499292952.18754977,386.95203794535109,386.95203794535109,candidate,refined,measured,quality_gated_measurement,false,pdv_channel_1,automatic
0.00074866441499160631,507812499.82683295,503003625.32710844,389.82780962850904,389.82780962850904,candidate,refined,measured,quality_gated_measurement,false,pdv_channel_1,automatic
0.0007486676149916074,507812499.82683295,506391403.57010454,392.453337766831,392.453337766831,candidate,refined,measured,quality_gated_measurement,false,pdv_channel_1,automatic
0.00074867081499160849,498046874.83016306,502718331.91399109,389.60670723334312,389.60670723334312,candidate,refined,measured,quality_gated_measurement,false,pdv_channel_1,automatic
0.00074867401499160958,498046874.83016306,499081147.12288094,386.78788902023274,386.78788902023274,candidate,refined,measured,quality_gated_measurement,false,pdv_channel_1,automatic
0.00074867721499161067,498046874.83016306,500200156.51011336,387.65512129533784,387.65512129533784,candidate,refined,measured,quality_gated_measurement,false,pdv_channel_1,automatic
0.00074868041499161176,498046874.83016306,502250879.93517131,389.24443194975777,389.24443194975777,candidate,refined,measured,quality_gated_measurement,false,pdv_channel_1,automatic
0.00074868361499161285,498046874.83016306,502246500.23348993,389.24103768095472,389.24103768095472,candidate,refined,measured,quality_gated_measurement,false,pdv_channel_1,automatic
0.00074868681499161394,507812499.82683295,504693497.79486626,391.13746079102134,391.13746079102134,candidate,refined,measured,quality_gated_measurement,false,pdv_channel_1,automatic
0.00074869001499161503,517578124.82350278,518738839.25485444,402.0226004225122,402.0226004225122,candidate,refined,measured,quality_gated_measurement,false,pdv_channel_1,automatic
0.00074869321499161613,517578124.82350278,521910594.06406826,404.48071039965288,404.48071039965288,candidate,refined,measured,quality_gated_measurement,false,pdv_channel_1,automatic
0.00074869641499161722,507812499.82683295,509829438.4336077,395.11781478604598,395.11781478604598,candidate,refined,measured,quality_gated_measurement,false,pdv_channel_1,automatic
0.00074869961499161831,498046874.83016306,502720945.47728473,389.60873274489563,389.60873274489563,candidate,refined,measured,quality_gated_measurement,false,pdv_channel_1,automatic
0.0007487028149916194,507812499.82683295,504158446.24130154,390.72279583700868,390.72279583700868,candidate,refined,measured,quality_gated_measurement,false,pdv_channel_1,automatic
0.00074870601499162049,507812499.82683295,504797886.55143499,391.21836207736214,391.21836207736214,candidate,refined,measured,quality_gated_measurement,false,pdv_channel_1,automatic
0.00074870921499162158,507812499.82683295,508036410.33069956,393.72821800629214,393.72821800629214,candidate,refined,measured,quality_gated_measurement,false,pdv_channel_1,automatic
0.00074871241499162267,517578124.82350278,513247469.49804509,397.76678886098495,397.76678886098495,candidate,refined,measured,quality_gated_measurement,false,pdv_channel_1,automatic
0.00074871561499162376,517578124.82350278,513085259.17316061,397.64107585919947,397.64107585919947,candidate,refined,measured,quality_gated_measurement,false,pdv_channel_1,automatic
0.00074871881499162486,507812499.82683295,505258364.18956423,391.57523224691226,391.57523224691226,candidate,refined,measured,quality_gated_measurement,false,pdv_channel_1,automatic
0.00074872201499162595,498046874.83016306,498321901.76600397,386.19947386865306,386.19947386865306,candidate,refined,measured,quality_gated_measurement,false,pdv_channel_1,automatic
0.00074872521499162704,498046874.83016306,498415671.77835286,386.27214562822348,386.27214562822348,candidate,refined,measured,quality_gated_measurement,false,pdv_channel_1,automatic
0.00074872841499162813,507812499.82683295,509809977.56389147,395.10273261201587,395.10273261201587,candidate,refined,measured,quality_gated_measurement,false,pdv_channel_1,automatic
0.00074873161499162922,527343749.82017267,530965317.90929025,411.49812137969997,411.49812137969997,candidate,refined,measured,quality_gated_measurement,false,pdv_channel_1,automatic
0.00074873481499163031,58593749.980019182,nan,nan,nan,candidate,boundary_peak,ambiguous_peak,ambiguous_peak,false,pdv_channel_1,automatic
0.0007487380149916314,58593749.980019182,nan,nan,nan,candidate,boundary_peak,peak_at_band_boundary,peak_at_band_boundary,false,pdv_channel_1,automatic
0.00074874121499163249,58593749.980019182,nan,nan,nan,candidate,boundary_peak,ambiguous_peak,ambiguous_peak,false,pdv_channel_1,automatic
0.00074874441499163359,527343749.82017267,nan,nan,nan,candidate,refined,ambiguous_peak,ambiguous_peak,false,pdv_channel_1,automatic
0.00074874761499163468,507812499.82683295,506008611.96918249,392.15667427611641,392.15667427611641,candidate,refined,measured,quality_gated_measurement,false,pdv_channel_1,automatic
0.00074875081499163577,498046874.83016306,502012663.81422627,389.05981445602538,389.05981445602538,candidate,refined,measured,quality_gated_measurement,false,pdv_channel_1,automatic
0.00074875401499163686,507812499.82683295,504324981.6361044,390.8518607679809,390.8518607679809,candidate,refined,measured,quality_gated_measurement,false,pdv_channel_1,automatic
0.00074875721499163795,507812499.82683295,506432675.10345095,392.4853232051745,392.4853232051745,candidate,refined,measured,quality_gated_measurement,false,pdv_channel_1,automatic
0.00074876041499163904,507812499.82683295,506137323.08521408,392.25642539104092,392.25642539104092,candidate,refined,measured,quality_gated_measurement,false,pdv_channel_1,automatic
0.00074876361499164013,507812499.82683295,505934247.5375042,392.09904184156574,392.09904184156574,candidate,refined,measured,quality_gated_measurement,false,pdv_channel_1,automatic
0.00074876681499164122,507812499.82683295,507586096.30090719,393.37922463320308,393.37922463320308,candidate,refined,measured,quality_gated_measurement,false,pdv_channel_1,automatic
0.00074877001499164232,507812499.82683295,506960191.54194564,392.89414844500789,392.89414844500789,candidate,refined,measured,quality_gated_measurement,false,pdv_channel_1,automatic
0.00074877321499164341,507812499.82683295,504340988.33368349,390.86426595860468,390.86426595860468,candidate,refined,measured,quality_gated_measurement,false,pdv_channel_1,automatic
0.0007487764149916445,507812499.82683295,505447965.7284494,391.72217343954827,391.72217343954827,candidate,refined,measured,quality_gated_measurement,false,pdv_channel_1,automatic
0.00074877961499164559,507812499.82683295,510675014.06545293,395.773135900726,395.773135900726,candidate,refined,measured,quality_gated_measurement,false,pdv_channel_1,automatic
0.00074878281499164668,507812499.82683295,512106431.91446698,396.88248473371192,396.88248473371192,candidate,refined,measured,quality_gated_measurement,false,pdv_channel_1,automatic
0.00074878601499164777,517578124.82350278,515164216.6679163,399.25226791763515,399.25226791763515,candidate,refined,measured,quality_gated_measurement,false,pdv_channel_1,automatic
0.00074878921499164886,517578124.82350278,520214976.48664474,403.1666067771497,403.1666067771497,candidate,refined,measured,quality_gated_measurement,false,pdv_channel_1,automatic
0.00074879241499164995,517578124.82350278,516370648.05133945,400.18725223978805,400.18725223978805,candidate,refined,measured,quality_gated_measurement,false,pdv_channel_1,automatic
0.00074879561499165105,507812499.82683295,506943629.28508157,392.88131269593822,392.88131269593822,candidate,refined,measured,quality_gated_measurement,false,pdv_channel_1,automatic
0.00074879881499165214,507812499.82683295,504261083.8123408,390.8023399545641,390.8023399545641,candidate,refined,measured,quality_gated_measurement,false,pdv_channel_1,automatic
0.00074880201499165323,507812499.82683295,510793362.46127796,395.86485590749044,395.86485590749044,candidate,refined,measured,quality_gated_measurement,false,pdv_channel_1,automatic
0.00074880521499165432,517578124.82350278,514947658.46548849,399.08443531075358,399.08443531075358,candidate,refined,measured,quality_gated_measurement,false,pdv_channel_1,automatic
0.00074880841499165541,507812499.82683295,510740509.34139735,395.82389473958295,395.82389473958295,candidate,refined,measured,quality_gated_measurement,false,pdv_channel_1,automatic
0.0007488116149916565,507812499.82683295,504062226.59968776,390.64822561475802,390.64822561475802,candidate,refined,measured,quality_gated_measurement,false,pdv_channel_1,automatic
0.00074881481499165759,507812499.82683295,504739436.40910971,391.17306321706002,391.17306321706002,candidate,refined,measured,quality_gated_measurement,false,pdv_channel_1,automatic
0.00074881801499165868,507812499.82683295,510236685.81591898,395.43343150733722,395.43343150733722,candidate,refined,measured,quality_gated_measurement,false,pdv_channel_1,automatic
0.00074882121499165977,517578124.82350278,513530770.10446823,397.98634683096287,397.98634683096287,candidate,refined,measured,quality_gated_measurement,false,pdv_channel_1,automatic
0.00074882441499166087,517578124.82350278,512749052.68118757,397.38051582792036,397.38051582792036,candidate,refined,measured,quality_gated_measurement,false,pdv_channel_1,automatic
0.00074882761499166196,507812499.82683295,509973873.80070376,395.22975219554542,395.22975219554542,candidate,refined,measured,quality_gated_measurement,false,pdv_channel_1,automatic
0.00074883081499166305,507812499.82683295,507778162.79717129,393.52807616780774,393.52807616780774,candidate,refined,measured,quality_gated_measurement,false,pdv_channel_1,automatic
0.00074883401499166414,507812499.82683295,505892928.42859459,392.06701953216083,392.06701953216083,candidate,refined,measured,quality_gated_measurement,false,pdv_channel_1,automatic
0.00074883721499166523,507812499.82683295,506256776.29537678,392.34900162891699,392.34900162891699,candidate,refined,measured,quality_gated_measurement,false,pdv_channel_1,automatic
0.00074884041499166632,507812499.82683295,510242735.96640068,395.43812037396054,395.43812037396054,candidate,refined,measured,quality_gated_measurement,false,pdv_channel_1,automatic
0.00074884361499166741,517578124.82350278,514153427.15596414,398.46890604587219,398.46890604587219,candidate,refined,measured,quality_gated_measurement,false,pdv_channel_1,automatic
0.0007488468149916685,517578124.82350278,516278100.49185282,400.11552788118593,400.11552788118593,candidate,refined,measured,quality_gated_measurement,false,pdv_channel_1,automatic
0.0007488500149916696,507812499.82683295,509420651.97610146,394.80100528147864,394.80100528147864,candidate,refined,measured,quality_gated_measurement,false,pdv_channel_1,automatic
0.00074885321499167069,498046874.83016306,498680586.13306302,386.47745425312382,386.47745425312382,candidate,refined,measured,quality_gated_measurement,false,pdv_channel_1,automatic
0.00074885641499167178,498046874.83016306,493472074.72233337,382.44085790980836,382.44085790980836,candidate,refined,measured,quality_gated_measurement,false,pdv_channel_1,automatic
0.00074885961499167287,498046874.83016306,502489849.79818082,389.42963359359015,389.42963359359015,candidate,refined,measured,quality_gated_measurement,false,pdv_channel_1,automatic
0.00074886281499167396,517578124.82350278,515324490.87458163,399.37648042780074,399.37648042780074,candidate,refined,measured,quality_gated_measurement,false,pdv_channel_1,automatic
0.00074886601499167505,517578124.82350278,516752748.01251876,400.48337970970204,400.48337970970204,candidate,refined,measured,quality_gated_measurement,false,pdv_channel_1,automatic
0.00074886921499167614,517578124.82350278,515686377.38337761,399.65694247211763,399.65694247211763,candidate,refined,measured,quality_gated_measurement,false,pdv_channel_1,automatic
0.00074887241499167723,517578124.82350278,520860805.39459306,403.66712418080959,403.66712418080959,candidate,refined,measured,quality_gated_measurement,false,pdv_channel_1,automatic
0.00074887561499167833,517578124.82350278,519055369.83911717,402.26791162531578,402.26791162531578,candidate,refined,measured,quality_gated_measurement,false,pdv_channel_1,automatic
0.00074887881499167942,498046874.83016306,500428620.55340654,387.83218092889007,387.83218092889007,candidate,refined,measured,quality_gated_measurement,false,pdv_channel_1,automatic
0.00074888201499168051,488281249.83349323,483485738.13899159,374.7014470577185,374.7014470577185,candidate,refined,measured,quality_gated_measurement,false,pdv_channel_1,automatic
0.0007488852149916816,478515624.83682334,480915415.23180151,372.70944680464618,372.70944680464618,candidate,refined,measured,quality_gated_measurement,false,pdv_channel_1,automatic
0.00074888841499168269,488281249.83349323,488705391.97394931,378.74667877981074,378.74667877981074,candidate,refined,measured,quality_gated_measurement,false,pdv_channel_1,automatic
0.00074889161499168378,517578124.82350278,nan,nan,nan,candidate,refined,ambiguous_peak,ambiguous_peak,false,pdv_channel_1,automatic
0.00074889481499168487,517578124.82350278,nan,nan,nan,candidate,refined,ambiguous_peak,ambiguous_peak,false,pdv_channel_1,automatic
0.00074889801499168596,507812499.82683295,508799768.91496342,394.31982090909668,394.31982090909668,candidate,refined,measured,quality_gated_measurement,false,pdv_channel_1,automatic
0.00074890121499168706,507812499.82683295,503818463.14858675,390.4593089401547,390.4593089401547,candidate,refined,measured,quality_gated_measurement,false,pdv_channel_1,automatic
0.00074890441499168815,498046874.83016306,498150213.85272741,386.06641573586376,386.06641573586376,candidate,refined,measured,quality_gated_measurement,false,pdv_channel_1,automatic
0.00074890761499168924,488281249.83349323,489896913.00098294,379.67010757576179,379.67010757576179,candidate,refined,measured,quality_gated_measurement,false,pdv_channel_1,automatic
0.00074891081499169033,488281249.83349323,490573196.0946725,380.1942269733712,380.1942269733712,candidate,refined,measured,quality_gated_measurement,false,pdv_channel_1,automatic
0.00074891401499169142,498046874.83016306,497617902.99365294,385.653874820081,385.653874820081,candidate,refined,measured,quality_gated_measurement,false,pdv_channel_1,automatic
0.00074891721499169251,498046874.83016306,498972816.53123295,386.70393281170556,386.70393281170556,candidate,refined,measured,quality_gated_measurement,false,pdv_channel_1,automatic
0.0007489204149916936,498046874.83016306,493579467.19147605,382.52408707339396,382.52408707339396,candidate,refined,measured,quality_gated_measurement,false,pdv_channel_1,automatic
0.00074892361499169469,488281249.83349323,489117840.96377647,379.06632674692673,379.06632674692673,candidate,refined,measured,quality_gated_measurement,false,pdv_channel_1,automatic
0.00074892681499169579,478515624.83682334,482690643.0743413,374.08524838261451,374.08524838261451,candidate,refined,measured,quality_gated_measurement,false,pdv_channel_1,automatic
0.00074893001499169688,478515624.83682334,479509963.34926641,371.62022159568147,371.62022159568147,candidate,refined,measured,quality_gated_measurement,false,pdv_channel_1,automatic
0.00074893321499169797,488281249.83349323,488041112.10378063,378.23186188042996,378.23186188042996,candidate,refined,measured,quality_gated_measurement,false,pdv_channel_1,automatic
0.00074893641499169906,498046874.83016306,502164845.4397487,389.17775521580523,389.17775521580523,candidate,refined,measured,quality_gated_measurement,false,pdv_channel_1,automatic
0.00074893961499170015,507812499.82683295,505966703.2041384,392.12419498320725,392.12419498320725,candidate,refined,measured,quality_gated_measurement,false,pdv_channel_1,automatic
0.00074894281499170124,498046874.83016306,500566972.5207383,387.93940370357217,387.93940370357217,candidate,refined,measured,quality_gated_measurement,false,pdv_channel_1,automatic
