time_s,time_from_event_s,coarse_peak_frequency_hz,refined_frequency_hz,apparent_velocity_m_s,angle_corrected_apparent_velocity_m_s,corrected_velocity_m_s,display_velocity_m_s,ridge_quality_flag,ridge_refinement_status,ridge_selection_origin,selected_candidate_rank,signal_state,velocity_origin,is_pre_event_display_only,channel,analysis_mode
0.00018258935314000328,nan,3115234373.9376869,nan,nan,nan,nan,nan,candidate,refined,strongest_peak,1,no_detectable_beat,no_detectable_beat,false,ch2,automatic
0.00018259255314000437,nan,4345703123.5180893,nan,nan,nan,nan,nan,candidate,refined,strongest_peak,1,no_detectable_beat,no_detectable_beat,false,ch2,automatic
0.00018259575314000546,nan,898437499.69362748,nan,nan,nan,nan,nan,candidate,refined,strongest_peak,1,no_detectable_beat,no_detectable_beat,false,ch2,automatic
0.00018259895314000655,nan,859374999.70694804,nan,nan,nan,nan,nan,candidate,refined,strongest_peak,1,ambiguous_peak,ambiguous_peak,false,ch2,automatic
0.00018260215314000764,nan,869140624.70361793,nan,nan,nan,nan,nan,candidate,refined,strongest_peak,1,ambiguous_peak,ambiguous_peak,false,ch2,automatic
0.00018260535314000874,nan,878906249.70028782,nan,nan,nan,nan,nan,candidate,refined,strongest_peak,1,no_detectable_beat,no_detectable_beat,false,ch2,automatic
0.00018260855314000983,nan,419921874.85680419,nan,nan,nan,nan,nan,candidate,refined,strongest_peak,1,no_detectable_beat,no_detectable_beat,false,ch2,automatic
0.00018261175314001092,nan,419921874.85680419,nan,nan,nan,nan,nan,candidate,refined,strongest_peak,1,no_detectable_beat,no_detectable_beat,false,ch2,automatic
0.00018261495314001201,nan,419921874.85680419,nan,nan,nan,nan,nan,candidate,refined,strongest_peak,1,no_detectable_beat,no_detectable_beat,false,ch2,automatic
0.0001826181531400131,nan,1816406249.3805947,nan,nan,nan,nan,nan,candidate,refined,strongest_peak,1,no_detectable_beat,no_detectable_beat,false,ch2,automatic
0.00018262135314001419,nan,2939453123.9976292,nan,nan,nan,nan,nan,candidate,refined,strongest_peak,1,ambiguous_peak,ambiguous_peak,false,ch2,automatic
0.00018262455314001528,nan,830078124.7169385,nan,nan,nan,nan,nan,candidate,refined,strongest_peak,1,ambiguous_peak,ambiguous_peak,false,ch2,automatic
0.00018262775314001637,nan,507812499.82683295,nan,nan,nan,nan,nan,candidate,refined,strongest_peak,1,no_detectable_beat,no_detectable_beat,false,ch2,automatic
0.00018263095314001747,nan,732421874.75023985,nan,nan,nan,nan,nan,candidate,refined,strongest_peak,1,no_detectable_beat,no_detectable_beat,false,ch2,automatic
0.00018263415314001856,nan,4130859373.5913525,nan,nan,nan,nan,nan,candidate,refined,strongest_peak,1,no_detectable_beat,no_detectable_beat,false,ch2,automatic
0.00018263735314001965,nan,1621093749.4471974,nan,nan,nan,nan,nan,candidate,refined,strongest_peak,1,no_detectable_beat,no_detectable_beat,false,ch2,automatic
0.00018264055314002074,nan,5693359373.0585308,nan,nan,nan,nan,nan,candidate,refined,strongest_peak,1,no_detectable_beat,no_detectable_beat,false,ch2,automatic
0.00018264375314002183,nan,4580078123.4381666,nan,nan,nan,nan,nan,candidate,refined,strongest_peak,1,no_detectable_beat,no_detectable_beat,false,ch2,automatic
0.00018264695314002292,nan,4609374998.4281759,nan,nan,nan,nan,nan,candidate,refined,strongest_peak,1,no_detectable_beat,no_detectable_beat,false,ch2,automatic
0.00018265015314002401,nan,4628906248.4215155,nan,nan,nan,nan,nan,candidate,refined,strongest_peak,1,no_detectable_beat,no_detectable_beat,false,ch2,automatic
0.0001826533531400251,nan,5761718748.0352201,nan,nan,nan,nan,nan,candidate,refined,strongest_peak,1,no_detectable_beat,no_detectable_beat,false,ch2,automatic
0.00018265655314002619,nan,3261718748.8877349,nan,nan,nan,nan,nan,candidate,refined,strongest_peak,1,no_detectable_beat,no_detectable_beat,false,ch2,automatic
0.00018265975314002729,nan,1923828124.3439631,nan,nan,nan,nan,nan,candidate,refined,strongest_peak,1,no_detectable_beat,no_detectable_beat,false,ch2,automatic
0.00018266295314002838,nan,976562499.66698647,nan,nan,nan,nan,nan,candidate,refined,strongest_peak,1,no_detectable_beat,no_detectable_beat,false,ch2,automatic
0.00018266615314002947,nan,1191406249.5937235,nan,nan,nan,nan,nan,candidate,refined,strongest_peak,1,no_detectable_beat,no_detectable_beat,false,ch2,automatic
0.00018266935314003056,nan,1210937499.5870631,nan,nan,nan,nan,nan,candidate,refined,strongest_peak,1,no_detectable_beat,no_detectable_beat,false,ch2,automatic
0.00018267255314003165,nan,4033203123.6246538,nan,nan,nan,nan,nan,candidate,refined,strongest_peak,1,no_detectable_beat,no_detectable_beat,false,ch2,automatic
0.00018267575314003274,nan,2255859374.2307386,nan,nan,nan,nan,nan,candidate,refined,strongest_peak,1,ambiguous_peak,ambiguous_peak,false,ch2,automatic
0.00018267895314003383,nan,2255859374.2307386,nan,nan,nan,nan,nan,candidate,refined,strongest_peak,1,ambiguous_peak,ambiguous_peak,false,ch2,automatic
0.00018268215314003492,nan,2246093749.2340689,nan,nan,nan,nan,nan,candidate,refined,strongest_peak,1,ambiguous_peak,ambiguous_peak,false,ch2,automatic
0.00018268535314003602,nan,957031249.67364669,nan,nan,nan,nan,nan,candidate,refined,strongest_peak,1,ambiguous_peak,ambiguous_peak,false,ch2,automatic
0.00018268855314003711,nan,957031249.67364669,nan,nan,nan,nan,nan,candidate,refined,strongest_peak,1,ambiguous_peak,ambiguous_peak,false,ch2,automatic
0.0001826917531400382,nan,2988281248.9809785,nan,nan,nan,nan,nan,candidate,refined,strongest_peak,1,no_detectable_beat,no_detectable_beat,false,ch2,automatic
0.00018269495314003929,nan,2666015624.0908728,nan,nan,nan,nan,nan,candidate,refined,strongest_peak,1,ambiguous_peak,ambiguous_peak,false,ch2,automatic
0.00018269815314004038,nan,2607421874.1108537,nan,nan,nan,nan,nan,candidate,refined,strongest_peak,1,no_detectable_beat,no_detectable_beat,false,ch2,automatic
0.00018270135314004147,nan,3417968748.8344526,nan,nan,nan,nan,nan,candidate,refined,strongest_peak,1,no_detectable_beat,no_detectable_beat,false,ch2,automatic
0.00018270455314004256,nan,2001953124.3173223,nan,nan,nan,nan,nan,candidate,refined,strongest_peak,1,no_detectable_beat,no_detectable_beat,false,ch2,automatic
0.00018270775314004365,nan,5908203122.9852676,nan,nan,nan,nan,nan,candidate,refined,strongest_peak,1,no_detectable_beat,no_detectable_beat,false,ch2,automatic
0.00018271095314004475,nan,5917968747.9819374,nan,nan,nan,nan,nan,candidate,refined,strongest_peak,1,no_detectable_beat,no_detectable_beat,false,ch2,automatic
0.00018271415314004584,nan,3593749998.7745099,nan,nan,nan,nan,nan,candidate,refined,strongest_peak,1,no_detectable_beat,no_detectable_beat,false,ch2,automatic
0.00018271735314004693,nan,3642578123.7578592,nan,nan,nan,nan,nan,candidate,refined,strongest_peak,1,no_detectable_beat,no_detectable_beat,false,ch2,automatic
0.00018272055314004802,nan,5292968748.1950665,nan,nan,nan,nan,nan,candidate,refined,strongest_peak,1,no_detectable_beat,no_detectable_beat,false,ch2,automatic
0.00018272375314004911,nan,1757812499.4005756,nan,nan,nan,nan,nan,candidate,refined,strongest_peak,1,no_detectable_beat,no_detectable_beat,false,ch2,automatic
0.0001827269531400502,nan,1796874999.387255,nan,nan,nan,nan,nan,candidate,refined,strongest_peak,1,no_detectable_beat,no_detectable_beat,false,ch2,automatic
0.00018273015314005129,nan,1826171874.3772647,nan,nan,nan,nan,nan,candidate,refined,strongest_peak,1,ambiguous_peak,ambiguous_peak,false,ch2,automatic
0.00018273335314005238,nan,3955078123.6512952,nan,nan,nan,nan,nan,candidate,refined,strongest_peak,1,ambiguous_peak,ambiguous_peak,false,ch2,automatic
0.00018273655314005348,nan,4101562498.6013432,nan,nan,nan,nan,nan,candidate,refined,strongest_peak,1,ambiguous_peak,ambiguous_peak,false,ch2,automatic
0.00018273975314005457,nan,4140624998.5880222,nan,nan,nan,nan,nan,candidate,refined,strongest_peak,1,ambiguous_peak,ambiguous_peak,false,ch2,automatic
0.00018274295314005566,nan,4160156248.5813622,nan,nan,nan,nan,nan,candidate,refined,strongest_peak,1,no_detectable_beat,no_detectable_beat,false,ch2,automatic
0.00018274615314005675,nan,830078124.7169385,nan,nan,nan,nan,nan,candidate,refined,strongest_peak,1,no_detectable_beat,no_detectable_beat,false,ch2,automatic
0.00018274935314005784,nan,791015624.73025906,nan,nan,nan,nan,nan,candidate,refined,strongest_peak,1,no_detectable_beat,no_detectable_beat,false,ch2,automatic
0.00018275255314005893,nan,791015624.73025906,nan,nan,nan,nan,nan,candidate,refined,strongest_peak,1,no_detectable_beat,no_detectable_beat,false,ch2,automatic
0.00018275575314006002,nan,2294921874.2174182,nan,nan,nan,nan,nan,candidate,refined,strongest_peak,1,no_detectable_beat,no_detectable_beat,false,ch2,automatic
0.00018275895314006111,nan,2314453124.2107577,nan,nan,nan,nan,nan,candidate,refined,strongest_peak,1,no_detectable_beat,no_detectable_beat,false,ch2,automatic
0.0001827621531400622,nan,4580078123.4381666,nan,nan,nan,nan,nan,candidate,refined,strongest_peak,1,no_detectable_beat,no_detectable_beat,false,ch2,automatic
0.0001827653531400633,nan,4580078123.4381666,nan,nan,nan,nan,nan,candidate,refined,strongest_peak,1,no_detectable_beat,no_detectable_beat,false,ch2,automatic
0.00018276855314006439,nan,3476562498.8144717,nan,nan,nan,nan,nan,candidate,refined,strongest_peak,1,no_detectable_beat,no_detectable_beat,false,ch2,automatic
0.00018277175314006548,nan,3359374998.8544335,nan,nan,nan,nan,nan,candidate,refined,strongest_peak,1,ambiguous_peak,ambiguous_peak,false,ch2,automatic
0.00018277495314006657,nan,3369140623.8511033,nan,nan,nan,nan,nan,candidate,refined,strongest_peak,1,no_detectable_beat,no_detectable_beat,false,ch2,automatic
0.00018277815314006766,nan,3974609373.6446347,nan,nan,nan,nan,nan,candidate,refined,strongest_peak,1,no_detectable_beat,no_detectable_beat,false,ch2,automatic
0.00018278135314006875,nan,1816406249.3805947,nan,nan,nan,nan,nan,candidate,refined,strongest_peak,1,ambiguous_peak,ambiguous_peak,false,ch2,automatic
0.00018278455314006984,nan,1816406249.3805947,nan,nan,nan,nan,nan,candidate,refined,strongest_peak,1,ambiguous_peak,ambiguous_peak,false,ch2,automatic
0.00018278775314007093,nan,1816406249.3805947,nan,nan,nan,nan,nan,candidate,refined,strongest_peak,1,ambiguous_peak,ambiguous_peak,false,ch2,automatic
0.00018279095314007203,nan,1806640624.383925,nan,nan,nan,nan,nan,candidate,refined,strongest_peak,1,ambiguous_peak,ambiguous_peak,false,ch2,automatic
0.00018279415314007312,nan,1796874999.387255,nan,nan,nan,nan,nan,candidate,refined,strongest_peak,1,no_detectable_beat,no_detectable_beat,false,ch2,automatic
0.00018279735314007421,nan,4736328123.3848839,nan,nan,nan,nan,nan,candidate,refined,strongest_peak,1,no_detectable_beat,no_detectable_beat,false,ch2,automatic
0.0001828005531400753,nan,2578124999.1208444,nan,nan,nan,nan,nan,candidate,refined,strongest_peak,1,no_detectable_beat,no_detectable_beat,false,ch2,automatic
0.00018280375314007639,nan,2587890624.1175141,nan,nan,nan,nan,nan,candidate,refined,strongest_peak,1,no_detectable_beat,no_detectable_beat,false,ch2,automatic
0.00018280695314007748,nan,2949218748.9942989,nan,nan,nan,nan,nan,candidate,refined,strongest_peak,1,no_detectable_beat,no_detectable_beat,false,ch2,automatic
0.00018281015314007857,nan,1757812499.4005756,nan,nan,nan,nan,nan,candidate,refined,strongest_peak,1,no_detectable_beat,no_detectable_beat,false,ch2,automatic
0.00018281335314007966,nan,742187499.74690974,nan,nan,nan,nan,nan,candidate,refined,strongest_peak,1,no_detectable_beat,no_detectable_beat,false,ch2,automatic
0.00018281655314008076,nan,732421874.75023985,nan,nan,nan,nan,nan,candidate,refined,strongest_peak,1,no_detectable_beat,no_detectable_beat,false,ch2,automatic
0.00018281975314008185,nan,5791015623.0252295,nan,nan,nan,nan,nan,candidate,refined,strongest_peak,1,no_detectable_beat,no_detectable_beat,false,ch2,automatic
0.00018282295314008294,nan,2753906249.0609016,nan,nan,nan,nan,nan,candidate,refined,strongest_peak,1,no_detectable_beat,no_detectable_beat,false,ch2,automatic
0.00018282615314008403,nan,2763671874.0575714,nan,nan,nan,nan,nan,candidate,refined,strongest_peak,1,no_detectable_beat,no_detectable_beat,false,ch2,automatic
0.00018282935314008512,nan,1826171874.3772647,nan,nan,nan,nan,nan,candidate,refined,strongest_peak,1,no_detectable_beat,no_detectable_beat,false,ch2,automatic
0.00018283255314008621,nan,3369140623.8511033,nan,nan,nan,nan,nan,candidate,refined,strongest_peak,1,no_detectable_beat,no_detectable_beat,false,ch2,automatic
0.0001828357531400873,nan,3349609373.8577633,nan,nan,nan,nan,nan,candidate,refined,strongest_peak,1,no_detectable_beat,no_detectable_beat,false,ch2,automatic
0.00018283895314008839,nan,2441406249.1674662,nan,nan,nan,nan,nan,candidate,refined,strongest_peak,1,no_detectable_beat,no_detectable_beat,false,ch2,automatic
0.00018284215314008949,nan,1191406249.5937235,nan,nan,nan,nan,nan,candidate,refined,strongest_peak,1,no_detectable_beat,no_detectable_beat,false,ch2,automatic
0.00018284535314009058,nan,1162109374.6037138,nan,nan,nan,nan,nan,candidate,refined,strongest_peak,1,no_detectable_beat,no_detectable_beat,false,ch2,automatic
0.00018284855314009167,nan,1445312499.5071399,nan,nan,nan,nan,nan,candidate,refined,strongest_peak,1,no_detectable_beat,no_detectable_beat,false,ch2,automatic
0.00018285175314009276,nan,1464843749.5004797,nan,nan,nan,nan,nan,candidate,refined,strongest_peak,1,no_detectable_beat,no_detectable_beat,false,ch2,automatic
0.00018285495314009385,nan,3632812498.7611895,nan,nan,nan,nan,nan,candidate,refined,strongest_peak,1,no_detectable_beat,no_detectable_beat,false,ch2,automatic
0.00018285815314009494,nan,2324218749.2074275,nan,nan,nan,nan,nan,candidate,refined,strongest_peak,1,no_detectable_beat,no_detectable_beat,false,ch2,automatic
0.00018286135314009603,nan,1093749999.6270249,nan,nan,nan,nan,nan,candidate,refined,strongest_peak,1,no_detectable_beat,no_detectable_beat,false,ch2,automatic
0.00018286455314009712,nan,1093749999.6270249,nan,nan,nan,nan,nan,candidate,refined,strongest_peak,1,no_detectable_beat,no_detectable_beat,false,ch2,automatic
0.00018286775314009822,nan,5244140623.2117167,nan,nan,nan,nan,nan,candidate,refined,strongest_peak,1,no_detectable_beat,no_detectable_beat,false,ch2,automatic
0.00018287095314009931,nan,507812499.82683295,nan,nan,nan,nan,nan,candidate,refined,strongest_peak,1,no_detectable_beat,no_detectable_beat,false,ch2,automatic
0.0001828741531401004,nan,2031249999.3073318,nan,nan,nan,nan,nan,candidate,refined,strongest_peak,1,no_detectable_beat,no_detectable_beat,false,ch2,automatic
0.00018287735314010149,nan,2460937499.1608057,nan,nan,nan,nan,nan,candidate,refined,strongest_peak,1,no_detectable_beat,no_detectable_beat,false,ch2,automatic
0.00018288055314010258,nan,2460937499.1608057,nan,nan,nan,nan,nan,candidate,refined,strongest_peak,1,ambiguous_peak,ambiguous_peak,false,ch2,automatic
0.00018288375314010367,nan,2158203124.26404,nan,nan,nan,nan,nan,candidate,refined,strongest_peak,1,ambiguous_peak,ambiguous_peak,false,ch2,automatic
0.00018288695314010476,nan,3486328123.8111415,nan,nan,nan,nan,nan,candidate,refined,strongest_peak,1,no_detectable_beat,no_detectable_beat,false,ch2,automatic
0.00018289015314010585,nan,439453124.85014391,nan,nan,nan,nan,nan,candidate,refined,strongest_peak,1,ambiguous_peak,ambiguous_peak,false,ch2,automatic
0.00018289335314010694,nan,429687499.85347402,nan,nan,nan,nan,nan,candidate,refined,strongest_peak,1,no_detectable_beat,no_detectable_beat,false,ch2,automatic
0.00018289655314010804,nan,3271484373.8844047,nan,nan,nan,nan,nan,candidate,refined,strongest_peak,1,no_detectable_beat,no_detectable_beat,false,ch2,automatic
0.00018289975314010913,nan,4541015623.4514866,nan,nan,nan,nan,nan,candidate,refined,strongest_peak,1,no_detectable_beat,no_detectable_beat,false,ch2,automatic
0.00018290295314011022,nan,2675781249.087543,nan,nan,nan,nan,nan,candidate,refined,strongest_peak,1,no_detectable_beat,no_detectable_beat,false,ch2,automatic
0.00018290615314011131,nan,1738281249.4072359,nan,nan,nan,nan,nan,candidate,refined,strongest_peak,1,no_detectable_beat,no_detectable_beat,false,ch2,automatic
0.0001829093531401124,nan,3916015623.6646156,nan,nan,nan,nan,nan,candidate,refined,strongest_peak,1,no_detectable_beat,no_detectable_beat,false,ch2,automatic
0.00018291255314011349,nan,3320312498.867754,nan,nan,nan,nan,nan,candidate,refined,strongest_peak,1,no_detectable_beat,no_detectable_beat,false,ch2,automatic
0.00018291575314011458,nan,3769531248.7145677,nan,nan,nan,nan,nan,candidate,refined,strongest_peak,1,no_detectable_beat,no_detectable_beat,false,ch2,automatic
0.00018291895314011567,nan,3769531248.7145677,nan,nan,nan,nan,nan,candidate,refined,strongest_peak,1,no_detectable_beat,no_detectable_beat,false,ch2,automatic
0.00018292215314011677,nan,605468749.79353154,nan,nan,nan,nan,nan,candidate,refined,strongest_peak,1,no_detectable_beat,no_detectable_beat,false,ch2,automatic
0.00018292535314011786,nan,3330078123.8644238,nan,nan,nan,nan,nan,candidate,refined,strongest_peak,1,ambiguous_peak,ambiguous_peak,false,ch2,automatic
0.00018292855314011895,nan,3339843748.8610935,nan,nan,nan,nan,nan,candidate,refined,strongest_peak,1,ambiguous_peak,ambiguous_peak,false,ch2,automatic
0.00018293175314012004,nan,3339843748.8610935,nan,nan,nan,nan,nan,candidate,refined,strongest_peak,1,no_detectable_beat,no_detectable_beat,false,ch2,automatic
0.00018293495314012113,nan,1689453124.4238865,nan,nan,nan,nan,nan,candidate,refined,strongest_peak,1,no_detectable_beat,no_detectable_beat,false,ch2,automatic
0.00018293815314012222,nan,1669921874.4305468,nan,nan,nan,nan,nan,candidate,refined,strongest_peak,1,ambiguous_peak,ambiguous_peak,false,ch2,automatic
0.00018294135314012331,nan,1650390624.437207,nan,nan,nan,nan,nan,candidate,refined,strongest_peak,1,no_detectable_beat,no_detectable_beat,false,ch2,automatic
0.0001829445531401244,nan,2783203124.0509114,nan,nan,nan,nan,nan,candidate,refined,strongest_peak,1,no_detectable_beat,no_detectable_beat,false,ch2,automatic
0.0001829477531401255,nan,5615234373.0851717,nan,nan,nan,nan,nan,candidate,refined,strongest_peak,1,no_detectable_beat,no_detectable_beat,false,ch2,automatic
0.00018295095314012659,nan,5585937498.0951624,nan,nan,nan,nan,nan,candidate,refined,strongest_peak,1,no_detectable_beat,no_detectable_beat,false,ch2,automatic
0.00018295415314012768,nan,5546874998.1084833,nan,nan,nan,nan,nan,candidate,refined,strongest_peak,1,no_detectable_beat,no_detectable_beat,false,ch2,automatic
0.00018295735314012877,nan,742187499.74690974,nan,nan,nan,nan,nan,candidate,refined,strongest_peak,1,ambiguous_peak,ambiguous_peak,false,ch2,automatic
0.00018296055314012986,nan,1035156249.6470056,nan,nan,nan,nan,nan,candidate,refined,strongest_peak,1,no_detectable_beat,no_detectable_beat,false,ch2,automatic
0.00018296375314013095,nan,1689453124.4238865,nan,nan,nan,nan,nan,candidate,refined,strongest_peak,1,ambiguous_peak,ambiguous_peak,false,ch2,automatic
0.00018296695314013204,nan,1708984374.4172263,nan,nan,nan,nan,nan,candidate,refined,strongest_peak,1,no_detectable_beat,no_detectable_beat,false,ch2,automatic
0.00018297015314013313,nan,3476562498.8144717,nan,nan,nan,nan,nan,candidate,refined,strongest_peak,1,no_detectable_beat,no_detectable_beat,false,ch2,automatic
0.00018297335314013423,nan,3486328123.8111415,nan,nan,nan,nan,nan,candidate,refined,strongest_peak,1,no_detectable_beat,no_detectable_beat,false,ch2,automatic
0.00018297655314013532,nan,1865234374.3639441,nan,nan,nan,nan,nan,candidate,refined,strongest_peak,1,no_detectable_beat,no_detectable_beat,false,ch2,automatic
0.00018297975314013641,nan,1865234374.3639441,nan,nan,nan,nan,nan,candidate,refined,strongest_peak,1,ambiguous_peak,ambiguous_peak,false,ch2,automatic
0.0001829829531401375,nan,1845703124.3706043,nan,nan,nan,nan,nan,candidate,refined,strongest_peak,1,no_detectable_beat,no_detectable_beat,false,ch2,automatic
0.00018298615314013859,nan,5048828123.2783194,nan,nan,nan,nan,nan,candidate,refined,strongest_peak,1,no_detectable_beat,no_detectable_beat,false,ch2,automatic
0.00018298935314013968,nan,2734374999.0675621,nan,nan,nan,nan,nan,candidate,refined,strongest_peak,1,no_detectable_beat,no_detectable_beat,false,ch2,automatic
0.00018299255314014077,nan,1191406249.5937235,nan,nan,nan,nan,nan,candidate,refined,strongest_peak,1,no_detectable_beat,no_detectable_beat,false,ch2,automatic
0.00018299575314014186,nan,3652343748.7545295,nan,nan,nan,nan,nan,candidate,refined,strongest_peak,1,no_detectable_beat,no_detectable_beat,false,ch2,automatic
0.00018299895314014296,nan,3642578123.7578592,nan,nan,nan,nan,nan,candidate,refined,strongest_peak,1,ambiguous_peak,ambiguous_peak,false,ch2,automatic
0.00018300215314014405,nan,3613281248.7678499,nan,nan,nan,nan,nan,candidate,refined,strongest_peak,1,no_detectable_beat,no_detectable_beat,false,ch2,automatic
0.00018300535314014514,nan,2255859374.2307386,nan,nan,nan,nan,nan,candidate,refined,strongest_peak,1,no_detectable_beat,no_detectable_beat,false,ch2,automatic
0.00018300855314014623,nan,371093749.87345487,nan,nan,nan,nan,nan,candidate,refined,strongest_peak,1,no_detectable_beat,no_detectable_beat,false,ch2,automatic
0.00018301175314014732,nan,371093749.87345487,nan,nan,nan,nan,nan,candidate,refined,strongest_peak,1,no_detectable_beat,no_detectable_beat,false,ch2,automatic
0.00018301495314014841,nan,810546874.72359872,nan,nan,nan,nan,nan,candidate,refined,strongest_peak,1,no_detectable_beat,no_detectable_beat,false,ch2,automatic
0.0001830181531401495,nan,810546874.72359872,nan,nan,nan,nan,nan,candidate,refined,strongest_peak,1,ambiguous_peak,ambiguous_peak,false,ch2,automatic
0.00018302135314015059,nan,791015624.73025906,nan,nan,nan,nan,nan,candidate,refined,strongest_peak,1,no_detectable_beat,no_detectable_beat,false,ch2,automatic
0.00018302455314015168,nan,781249999.73358917,nan,nan,nan,nan,nan,candidate,refined,strongest_peak,1,no_detectable_beat,no_detectable_beat,false,ch2,automatic
0.00018302775314015278,nan,4931640623.3182812,nan,nan,nan,nan,nan,candidate,refined,strongest_peak,1,no_detectable_beat,no_detectable_beat,false,ch2,automatic
0.00018303095314015387,nan,4189453123.5713716,nan,nan,nan,nan,nan,candidate,refined,strongest_peak,1,no_detectable_beat,no_detectable_beat,false,ch2,automatic
0.00018303415314015496,nan,3505859373.8044815,nan,nan,nan,nan,nan,candidate,refined,strongest_peak,1,no_detectable_beat,no_detectable_beat,false,ch2,automatic
0.00018303735314015605,nan,947265624.6769768,nan,nan,nan,nan,nan,candidate,refined,strongest_peak,1,ambiguous_peak,ambiguous_peak,false,ch2,automatic
0.00018304055314015714,nan,957031249.67364669,nan,nan,nan,nan,nan,candidate,refined,strongest_peak,1,ambiguous_peak,ambiguous_peak,false,ch2,automatic
0.00018304375314015823,nan,3271484373.8844047,nan,nan,nan,nan,nan,candidate,refined,strongest_peak,1,no_detectable_beat,no_detectable_beat,false,ch2,automatic
0.00018304695314015932,nan,2392578124.1841168,nan,nan,nan,nan,nan,candidate,refined,strongest_peak,1,no_detectable_beat,no_detectable_beat,false,ch2,automatic
0.00018305015314016041,nan,4716796873.3915443,nan,nan,nan,nan,nan,candidate,refined,strongest_peak,1,no_detectable_beat,no_detectable_beat,false,ch2,automatic
0.00018305335314016151,nan,3623046873.7645197,nan,nan,nan,nan,nan,candidate,refined,strongest_peak,1,no_detectable_beat,no_detectable_beat,false,ch2,automatic
0.0001830565531401626,nan,3759765623.7178979,nan,nan,nan,nan,nan,candidate,refined,strongest_peak,1,no_detectable_beat,no_detectable_beat,false,ch2,automatic
0.00018305975314016369,nan,2001953124.3173223,nan,nan,nan,nan,nan,candidate,refined,strongest_peak,1,no_detectable_beat,no_detectable_beat,false,ch2,automatic
0.00018306295314016478,nan,1982421874.3239825,nan,nan,nan,nan,nan,candidate,refined,strongest_peak,1,no_detectable_beat,no_detectable_beat,false,ch2,automatic
0.00018306615314016587,nan,2812499999.0409207,nan,nan,nan,nan,nan,candidate,refined,strongest_peak,1,no_detectable_beat,no_detectable_beat,false,ch2,automatic
0.00018306935314016696,nan,3525390623.797821,nan,nan,nan,nan,nan,candidate,refined,strongest_peak,1,no_detectable_beat,no_detectable_beat,false,ch2,automatic
0.00018307255314016805,nan,3525390623.797821,nan,nan,nan,nan,nan,candidate,refined,strongest_peak,1,no_detectable_beat,no_detectable_beat,false,ch2,automatic
0.00018307575314016914,nan,3154296873.924366,nan,nan,nan,nan,nan,candidate,refined,strongest_peak,1,no_detectable_beat,no_detectable_beat,false,ch2,automatic
0.00018307895314017024,nan,3154296873.924366,nan,nan,nan,nan,nan,candidate,refined,strongest_peak,1,no_detectable_beat,no_detectable_beat,false,ch2,automatic
0.00018308215314017133,nan,5371093748.1684256,nan,nan,nan,nan,nan,candidate,refined,strongest_peak,1,no_detectable_beat,no_detectable_beat,false,ch2,automatic
0.00018308535314017242,nan,3408203123.8377829,nan,nan,nan,nan,nan,candidate,refined,strongest_peak,1,ambiguous_peak,ambiguous_peak,false,ch2,automatic
0.00018308855314017351,nan,3388671873.8444428,nan,nan,nan,nan,nan,candidate,refined,strongest_peak,1,no_detectable_beat,no_detectable_beat,false,ch2,automatic
0.0001830917531401746,nan,3378906248.8477731,nan,nan,nan,nan,nan,candidate,refined,strongest_peak,1,no_detectable_beat,no_detectable_beat,false,ch2,automatic
0.00018309495314017569,nan,771484374.73691928,nan,nan,nan,nan,nan,candidate,refined,strongest_peak,1,no_detectable_beat,no_detectable_beat,false,ch2,automatic
0.00018309815314017678,nan,2343749999.2007675,nan,nan,nan,nan,nan,candidate,refined,strongest_peak,1,no_detectable_beat,no_detectable_beat,false,ch2,automatic
0.00018310135314017787,nan,1347656249.5404413,nan,nan,nan,nan,nan,candidate,refined,strongest_peak,1,no_detectable_beat,no_detectable_beat,false,ch2,automatic
0.00018310455314017897,nan,3193359373.9110456,nan,nan,nan,nan,nan,candidate,refined,strongest_peak,1,no_detectable_beat,no_detectable_beat,false,ch2,automatic
0.00018310775314018006,nan,488281249.83349323,nan,nan,nan,nan,nan,candidate,refined,strongest_peak,1,ambiguous_peak,ambiguous_peak,false,ch2,automatic
0.00018311095314018115,nan,498046874.83016306,nan,nan,nan,nan,nan,candidate,refined,strongest_peak,1,ambiguous_peak,ambiguous_peak,false,ch2,automatic
0.00018311415314018224,nan,498046874.83016306,nan,nan,nan,nan,nan,candidate,refined,strongest_peak,1,ambiguous_peak,ambiguous_peak,false,ch2,automatic
0.00018311735314018333,nan,58593749.980019182,nan,nan,nan,nan,nan,candidate,boundary_peak,strongest_peak,1,no_detectable_beat,no_detectable_beat,false,ch2,automatic
0.00018312055314018442,nan,1484374999.4938195,nan,nan,nan,nan,nan,candidate,refined,strongest_peak,1,no_detectable_beat,no_detectable_beat,false,ch2,automatic
0.00018312375314018551,nan,1474609374.4971495,nan,nan,nan,nan,nan,candidate,refined,strongest_peak,1,no_detectable_beat,no_detectable_beat,false,ch2,automatic
0.0001831269531401866,nan,1474609374.4971495,nan,nan,nan,nan,nan,candidate,refined,strongest_peak,1,ambiguous_peak,ambiguous_peak,false,ch2,automatic
0.0001831301531401877,nan,2041015624.3040016,nan,nan,nan,nan,nan,candidate,refined,strongest_peak,1,no_detectable_beat,no_detectable_beat,false,ch2,automatic
0.00018313335314018879,nan,2050781249.3006716,nan,nan,nan,nan,nan,candidate,refined,strongest_peak,1,no_detectable_beat,no_detectable_beat,false,ch2,automatic
0.00018313655314018988,nan,4052734373.6179938,nan,nan,nan,nan,nan,candidate,refined,strongest_peak,1,ambiguous_peak,ambiguous_peak,false,ch2,automatic
0.00018313975314019097,nan,4052734373.6179938,nan,nan,nan,nan,nan,candidate,refined,strongest_peak,1,ambiguous_peak,ambiguous_peak,false,ch2,automatic
0.00018314295314019206,nan,566406249.8068521,nan,nan,nan,nan,nan,candidate,refined,strongest_peak,1,ambiguous_peak,ambiguous_peak,false,ch2,automatic
0.00018314615314019315,nan,3476562498.8144717,nan,nan,nan,nan,nan,candidate,refined,strongest_peak,1,ambiguous_peak,ambiguous_peak,false,ch2,automatic
0.00018314935314019424,nan,3505859373.8044815,nan,nan,nan,nan,nan,candidate,refined,strongest_peak,1,ambiguous_peak,ambiguous_peak,false,ch2,automatic
0.00018315255314019533,nan,3515624998.8011513,nan,nan,nan,nan,nan,candidate,refined,strongest_peak,1,no_detectable_beat,no_detectable_beat,false,ch2,automatic
0.00018315575314019642,nan,3515624998.8011513,nan,nan,nan,nan,nan,candidate,refined,strongest_peak,1,no_detectable_beat,no_detectable_beat,false,ch2,automatic
0.00018315895314019752,nan,4238281248.5547209,nan,nan,nan,nan,nan,candidate,refined,strongest_peak,1,no_detectable_beat,no_detectable_beat,false,ch2,automatic
0.00018316215314019861,nan,712890624.75690007,nan,nan,nan,nan,nan,candidate,refined,strongest_peak,1,no_detectable_beat,no_detectable_beat,false,ch2,automatic
0.0001831653531401997,nan,664062499.77355075,nan,nan,nan,nan,nan,candidate,refined,strongest_peak,1,ambiguous_peak,ambiguous_peak,false,ch2,automatic
0.00018316855314020079,nan,634765624.7835412,nan,nan,nan,nan,nan,candidate,refined,strongest_peak,1,ambiguous_peak,ambiguous_peak,false,ch2,automatic
0.00018317175314020188,nan,615234374.79020143,nan,nan,nan,nan,nan,candidate,refined,strongest_peak,1,ambiguous_peak,ambiguous_peak,false,ch2,automatic
0.00018317495314020297,nan,2890624999.0142798,nan,nan,nan,nan,nan,candidate,refined,strongest_peak,1,no_detectable_beat,no_detectable_beat,false,ch2,automatic
0.00018317815314020406,nan,2080078124.2906811,nan,nan,nan,nan,nan,candidate,refined,strongest_peak,1,no_detectable_beat,no_detectable_beat,false,ch2,automatic
0.00018318135314020515,nan,3896484373.6712756,nan,nan,nan,nan,nan,candidate,refined,strongest_peak,1,ambiguous_peak,ambiguous_peak,false,ch2,automatic
0.00018318455314020625,nan,3896484373.6712756,nan,nan,nan,nan,nan,candidate,refined,strongest_peak,1,no_detectable_beat,no_detectable_beat,false,ch2,automatic
0.00018318775314020734,nan,3681640623.7445388,nan,nan,nan,nan,nan,candidate,refined,strongest_peak,1,no_detectable_beat,no_detectable_beat,false,ch2,automatic
0.00018319095314020843,nan,3662109373.7511992,nan,nan,nan,nan,nan,candidate,refined,strongest_peak,1,ambiguous_peak,ambiguous_peak,false,ch2,automatic
0.00018319415314020952,nan,3671874998.747869,nan,nan,nan,nan,nan,candidate,refined,strongest_peak,1,ambiguous_peak,ambiguous_peak,false,ch2,automatic
0.00018319735314021061,nan,3701171873.7378788,nan,nan,nan,nan,nan,candidate,refined,strongest_peak,1,ambiguous_peak,ambiguous_peak,false,ch2,automatic
0.0001832005531402117,nan,3740234373.7245579,nan,nan,nan,nan,nan,candidate,refined,strongest_peak,1,ambiguous_peak,ambiguous_peak,false,ch2,automatic
0.00018320375314021279,nan,4550781248.4481564,nan,nan,nan,nan,nan,candidate,refined,strongest_peak,1,ambiguous_peak,ambiguous_peak,false,ch2,automatic
0.00018320695314021388,nan,4531249998.4548168,nan,nan,nan,nan,nan,candidate,refined,strongest_peak,1,no_detectable_beat,no_detectable_beat,false,ch2,automatic
0.00018321015314021498,nan,3476562498.8144717,nan,nan,nan,nan,nan,candidate,refined,strongest_peak,1,no_detectable_beat,no_detectable_beat,false,ch2,automatic
0.00018321335314021607,nan,2636718749.1008635,nan,nan,nan,nan,nan,candidate,refined,strongest_peak,1,no_detectable_beat,no_detectable_beat,false,ch2,automatic
0.00018321655314021716,nan,2626953124.1041937,nan,nan,nan,nan,nan,candidate,refined,strongest_peak,1,ambiguous_peak,ambiguous_peak,false,ch2,automatic
0.00018321975314021825,nan,2978515623.9843087,nan,nan,nan,nan,nan,candidate,refined,strongest_peak,1,no_detectable_beat,no_detectable_beat,false,ch2,automatic
0.00018322295314021934,nan,624999999.78687131,nan,nan,nan,nan,nan,candidate,refined,strongest_peak,1,no_detectable_beat,no_detectable_beat,false,ch2,automatic
0.00018322615314022043,nan,624999999.78687131,nan,nan,nan,nan,nan,candidate,refined,strongest_peak,1,no_detectable_beat,no_detectable_beat,false,ch2,automatic
0.00018322935314022152,nan,624999999.78687131,nan,nan,nan,nan,nan,candidate,refined,strongest_peak,1,no_detectable_beat,no_detectable_beat,false,ch2,automatic
0.00018323255314022261,nan,4941406248.3149509,nan,nan,nan,nan,nan,candidate,refined,strongest_peak,1,no_detectable_beat,no_detectable_beat,false,ch2,automatic
0.00018323575314022371,nan,4941406248.3149509,nan,nan,nan,nan,nan,candidate,refined,strongest_peak,1,no_detectable_beat,no_detectable_beat,false,ch2,automatic
0.0001832389531402248,nan,3388671873.8444428,nan,nan,nan,nan,nan,candidate,refined,strongest_peak,1,ambiguous_peak,ambiguous_peak,false,ch2,automatic
0.00018324215314022589,nan,3388671873.8444428,nan,nan,nan,nan,nan,candidate,refined,strongest_peak,1,ambiguous_peak,ambiguous_peak,false,ch2,automatic
0.00018324535314022698,nan,4843749998.3482523,nan,nan,nan,nan,nan,candidate,refined,strongest_peak,1,no_detectable_beat,no_detectable_beat,false,ch2,automatic
0.00018324855314022807,nan,4853515623.344923,nan,nan,nan,nan,nan,candidate,refined,strongest_peak,1,no_detectable_beat,no_detectable_beat,false,ch2,automatic
0.00018325175314022916,nan,58593749.980019182,nan,nan,nan,nan,nan,candidate,boundary_peak,strongest_peak,1,no_detectable_beat,no_detectable_beat,false,ch2,automatic
0.00018325495314023025,nan,2548828124.1308346,nan,nan,nan,nan,nan,candidate,refined,strongest_peak,1,no_detectable_beat,no_detectable_beat,false,ch2,automatic
0.00018325815314023134,nan,2578124999.1208444,nan,nan,nan,nan,nan,candidate,refined,strongest_peak,1,no_detectable_beat,no_detectable_beat,false,ch2,automatic
0.00018326135314023244,nan,5498046873.1251335,nan,nan,nan,nan,nan,candidate,refined,strongest_peak,1,no_detectable_beat,no_detectable_beat,false,ch2,automatic
0.00018326455314023353,nan,5507812498.1218033,nan,nan,nan,nan,nan,candidate,refined,strongest_peak,1,no_detectable_beat,no_detectable_beat,false,ch2,automatic
0.00018326775314023462,nan,3486328123.8111415,nan,nan,nan,nan,nan,candidate,refined,strongest_peak,1,no_detectable_beat,no_detectable_beat,false,ch2,automatic
0.00018327095314023571,nan,3525390623.797821,nan,nan,nan,nan,nan,candidate,refined,strongest_peak,1,no_detectable_beat,no_detectable_beat,false,ch2,automatic
0.0001832741531402368,nan,4746093748.3815536,nan,nan,nan,nan,nan,candidate,refined,strongest_peak,1,no_detectable_beat,no_detectable_beat,false,ch2,automatic
0.00018327735314023789,nan,742187499.74690974,nan,nan,nan,nan,nan,candidate,refined,strongest_peak,1,no_detectable_beat,no_detectable_beat,false,ch2,automatic
0.00018328055314023898,nan,58593749.980019182,nan,nan,nan,nan,nan,candidate,boundary_peak,strongest_peak,1,no_detectable_beat,no_detectable_beat,false,ch2,automatic
0.00018328375314024007,nan,3154296873.924366,nan,nan,nan,nan,nan,candidate,refined,strongest_peak,1,no_detectable_beat,no_detectable_beat,false,ch2,automatic
0.00018328695314024116,nan,2656249999.094203,nan,nan,nan,nan,nan,candidate,refined,strongest_peak,1,no_detectable_beat,no_detectable_beat,false,ch2,automatic
0.00018329015314024226,nan,2656249999.094203,nan,nan,nan,nan,nan,candidate,refined,strongest_peak,1,ambiguous_peak,ambiguous_peak,false,ch2,automatic
0.00018329335314024335,nan,2646484374.0975332,nan,nan,nan,nan,nan,candidate,refined,strongest_peak,1,no_detectable_beat,no_detectable_beat,false,ch2,automatic
0.00018329655314024444,nan,3847656248.6879263,nan,nan,nan,nan,nan,candidate,refined,strongest_peak,1,no_detectable_beat,no_detectable_beat,false,ch2,automatic
0.00018329975314024553,nan,4238281248.5547209,nan,nan,nan,nan,nan,candidate,refined,strongest_peak,1,no_detectable_beat,no_detectable_beat,false,ch2,automatic
0.00018330295314024662,nan,4238281248.5547209,nan,nan,nan,nan,nan,candidate,refined,strongest_peak,1,no_detectable_beat,no_detectable_beat,false,ch2,automatic
0.00018330615314024771,nan,498046874.83016306,nan,nan,nan,nan,nan,candidate,refined,strongest_peak,1,no_detectable_beat,no_detectable_beat,false,ch2,automatic
0.0001833093531402488,nan,3476562498.8144717,nan,nan,nan,nan,nan,candidate,refined,strongest_peak,1,no_detectable_beat,no_detectable_beat,false,ch2,automatic
0.00018331255314024989,nan,4121093748.5946827,nan,nan,nan,nan,nan,candidate,refined,strongest_peak,1,no_detectable_beat,no_detectable_beat,false,ch2,automatic
0.00018331575314025099,nan,3710937498.7345486,nan,nan,nan,nan,nan,candidate,refined,strongest_peak,1,no_detectable_beat,no_detectable_beat,false,ch2,automatic
0.00018331895314025208,nan,2773437499.0542417,nan,nan,nan,nan,nan,candidate,refined,strongest_peak,1,no_detectable_beat,no_detectable_beat,false,ch2,automatic
0.00018332215314025317,nan,2783203124.0509114,nan,nan,nan,nan,nan,candidate,refined,strongest_peak,1,ambiguous_peak,ambiguous_peak,false,ch2,automatic
0.00018332535314025426,nan,2763671874.0575714,nan,nan,nan,nan,nan,candidate,refined,strongest_peak,1,no_detectable_beat,no_detectable_beat,false,ch2,automatic
0.00018332855314025535,nan,5917968747.9819374,nan,nan,nan,nan,nan,candidate,refined,strongest_peak,1,no_detectable_beat,no_detectable_beat,false,ch2,automatic
0.00018333175314025644,nan,2880859374.0176101,nan,nan,nan,nan,nan,candidate,refined,strongest_peak,1,no_detectable_beat,no_detectable_beat,false,ch2,automatic
0.00018333495314025753,nan,3837890623.6912565,nan,nan,nan,nan,nan,candidate,refined,strongest_peak,1,ambiguous_peak,ambiguous_peak,false,ch2,automatic
0.00018333815314025862,nan,3837890623.6912565,nan,nan,nan,nan,nan,candidate,refined,strongest_peak,1,ambiguous_peak,ambiguous_peak,false,ch2,automatic
0.00018334135314025972,nan,2021484374.3106618,nan,nan,nan,nan,nan,candidate,refined,strongest_peak,1,no_detectable_beat,no_detectable_beat,false,ch2,automatic
0.00018334455314026081,nan,3935546873.6579552,nan,nan,nan,nan,nan,candidate,refined,strongest_peak,1,ambiguous_peak,ambiguous_peak,false,ch2,automatic
0.0001833477531402619,nan,1269531249.5670824,nan,nan,nan,nan,nan,candidate,refined,strongest_peak,1,no_detectable_beat,no_detectable_beat,false,ch2,automatic
0.00018335095314026299,nan,1259765624.5704124,nan,nan,nan,nan,nan,candidate,refined,strongest_peak,1,no_detectable_beat,no_detectable_beat,false,ch2,automatic
0.00018335415314026408,nan,2246093749.2340689,nan,nan,nan,nan,nan,candidate,refined,strongest_peak,1,no_detectable_beat,no_detectable_beat,false,ch2,automatic
0.00018335735314026517,nan,2587890624.1175141,nan,nan,nan,nan,nan,candidate,refined,strongest_peak,1,ambiguous_peak,ambiguous_peak,false,ch2,automatic
0.00018336055314026626,nan,2587890624.1175141,nan,nan,nan,nan,nan,candidate,refined,strongest_peak,1,ambiguous_peak,ambiguous_peak,false,ch2,automatic
0.00018336375314026735,nan,2578124999.1208444,nan,nan,nan,nan,nan,candidate,refined,strongest_peak,1,ambiguous_peak,ambiguous_peak,false,ch2,automatic
0.00018336695314026845,nan,2587890624.1175141,nan,nan,nan,nan,nan,candidate,refined,strongest_peak,1,ambiguous_peak,ambiguous_peak,false,ch2,automatic
0.00018337015314026954,nan,2578124999.1208444,nan,nan,nan,nan,nan,candidate,refined,strongest_peak,1,no_detectable_beat,no_detectable_beat,false,ch2,automatic
0.00018337335314027063,nan,2382812499.1874471,nan,nan,nan,nan,nan,candidate,refined,strongest_peak,1,no_detectable_beat,no_detectable_beat,false,ch2,automatic
0.00018337655314027172,nan,4638671873.4181852,nan,nan,nan,nan,nan,candidate,refined,strongest_peak,1,no_detectable_beat,no_detectable_beat,false,ch2,automatic
0.00018337975314027281,nan,2128906249.2740304,nan,nan,nan,nan,nan,candidate,refined,strongest_peak,1,no_detectable_beat,no_detectable_beat,false,ch2,automatic
0.0001833829531402739,nan,2138671874.2707002,nan,nan,nan,nan,nan,candidate,refined,strongest_peak,1,no_detectable_beat,no_detectable_beat,false,ch2,automatic
0.00018338615314027499,nan,3417968748.8344526,nan,nan,nan,nan,nan,candidate,refined,strongest_peak,1,ambiguous_peak,ambiguous_peak,false,ch2,automatic
0.00018338935314027608,nan,722656249.75356996,nan,nan,nan,nan,nan,candidate,refined,strongest_peak,1,ambiguous_peak,ambiguous_peak,false,ch2,automatic
0.00018339255314027718,nan,712890624.75690007,nan,nan,nan,nan,nan,candidate,refined,strongest_peak,1,ambiguous_peak,ambiguous_peak,false,ch2,automatic
0.00018339575314027827,nan,4951171873.3116217,nan,nan,nan,nan,nan,candidate,refined,strongest_peak,1,no_detectable_beat,no_detectable_beat,false,ch2,automatic
0.00018339895314027936,nan,4970703123.3049612,nan,nan,nan,nan,nan,candidate,refined,strongest_peak,1,no_detectable_beat,no_detectable_beat,false,ch2,automatic
0.00018340215314028045,nan,2910156249.0076194,nan,nan,nan,nan,nan,candidate,refined,strongest_peak,1,no_detectable_beat,no_detectable_beat,false,ch2,automatic
0.00018340535314028154,nan,3613281248.7678499,nan,nan,nan,nan,nan,candidate,refined,strongest_peak,1,no_detectable_beat,no_detectable_beat,false,ch2,automatic
0.00018340855314028263,nan,3623046873.7645197,nan,nan,nan,nan,nan,candidate,refined,strongest_peak,1,no_detectable_beat,no_detectable_beat,false,ch2,automatic
0.00018341175314028372,nan,2578124999.1208444,nan,nan,nan,nan,nan,candidate,refined,strongest_peak,1,ambiguous_peak,ambiguous_peak,false,ch2,automatic
0.00018341495314028481,nan,2597656249.1141839,nan,nan,nan,nan,nan,candidate,refined,strongest_peak,1,no_detectable_beat,no_detectable_beat,false,ch2,automatic
0.0001834181531402859,nan,566406249.8068521,nan,nan,nan,nan,nan,candidate,refined,strongest_peak,1,no_detectable_beat,no_detectable_beat,false,ch2,automatic
0.000183421353140287,nan,5078124998.2683296,nan,nan,nan,nan,nan,candidate,refined,strongest_peak,1,no_detectable_beat,no_detectable_beat,false,ch2,automatic
0.00018342455314028809,nan,2548828124.1308346,nan,nan,nan,nan,nan,candidate,refined,strongest_peak,1,ambiguous_peak,ambiguous_peak,false,ch2,automatic
0.00018342775314028918,nan,2539062499.1341648,nan,nan,nan,nan,nan,candidate,refined,strongest_peak,1,no_detectable_beat,no_detectable_beat,false,ch2,automatic
0.00018343095314029027,nan,3554687498.7878308,nan,nan,nan,nan,nan,candidate,refined,strongest_peak,1,no_detectable_beat,no_detectable_beat,false,ch2,automatic
0.00018343415314029136,nan,3564453123.7845006,nan,nan,nan,nan,nan,candidate,refined,strongest_peak,1,ambiguous_peak,ambiguous_peak,false,ch2,automatic
0.00018343735314029245,nan,1494140624.4904892,nan,nan,nan,nan,nan,candidate,refined,strongest_peak,1,no_detectable_beat,no_detectable_beat,false,ch2,automatic
0.00018344055314029354,nan,58593749.980019182,nan,nan,nan,nan,nan,candidate,boundary_peak,strongest_peak,1,no_detectable_beat,no_detectable_beat,false,ch2,automatic
0.00018344375314029463,nan,58593749.980019182,nan,nan,nan,nan,nan,candidate,boundary_peak,strongest_peak,1,no_detectable_beat,no_detectable_beat,false,ch2,automatic
0.00018344695314029573,nan,3076171873.9510074,nan,nan,nan,nan,nan,candidate,refined,strongest_peak,1,no_detectable_beat,no_detectable_beat,false,ch2,automatic
0.00018345015314029682,nan,2509765624.144155,nan,nan,nan,nan,nan,candidate,refined,strongest_peak,1,no_detectable_beat,no_detectable_beat,false,ch2,automatic
0.00018345335314029791,nan,732421874.75023985,nan,nan,nan,nan,nan,candidate,refined,strongest_peak,1,ambiguous_peak,ambiguous_peak,false,ch2,automatic
0.000183456553140299,nan,722656249.75356996,nan,nan,nan,nan,nan,candidate,refined,strongest_peak,1,ambiguous_peak,ambiguous_peak,false,ch2,automatic
0.00018345975314030009,nan,1640624999.4405372,nan,nan,nan,nan,nan,candidate,refined,strongest_peak,1,ambiguous_peak,ambiguous_peak,false,ch2,automatic
0.00018346295314030118,nan,3320312498.867754,nan,nan,nan,nan,nan,candidate,refined,strongest_peak,1,no_detectable_beat,no_detectable_beat,false,ch2,automatic
0.00018346615314030227,nan,4042968748.6213236,nan,nan,nan,nan,nan,candidate,refined,strongest_peak,1,no_detectable_beat,no_detectable_beat,false,ch2,automatic
0.00018346935314030336,nan,966796874.67031658,nan,nan,nan,nan,nan,candidate,refined,strongest_peak,1,no_detectable_beat,no_detectable_beat,false,ch2,automatic
0.00018347255314030446,nan,917968749.68696725,nan,nan,nan,nan,nan,candidate,refined,strongest_peak,1,no_detectable_beat,no_detectable_beat,false,ch2,automatic
0.00018347575314030555,nan,3300781248.874414,nan,nan,nan,nan,nan,candidate,refined,strongest_peak,1,no_detectable_beat,no_detectable_beat,false,ch2,automatic
0.00018347895314030664,nan,4472656248.4747982,nan,nan,nan,nan,nan,candidate,refined,strongest_peak,1,no_detectable_beat,no_detectable_beat,false,ch2,automatic
0.00018348215314030773,nan,3105468748.9410167,nan,nan,nan,nan,nan,candidate,refined,strongest_peak,1,no_detectable_beat,no_detectable_beat,false,ch2,automatic
0.00018348535314030882,nan,4482421873.471468,nan,nan,nan,nan,nan,candidate,refined,strongest_peak,1,no_detectable_beat,no_detectable_beat,false,ch2,automatic
0.00018348855314030991,nan,2587890624.1175141,nan,nan,nan,nan,nan,candidate,refined,strongest_peak,1,no_detectable_beat,no_detectable_beat,false,ch2,automatic
0.000183491753140311,nan,3720703123.7312183,nan,nan,nan,nan,nan,candidate,refined,strongest_peak,1,no_detectable_beat,no_detectable_beat,false,ch2,automatic
0.00018349495314031209,nan,4345703123.5180893,nan,nan,nan,nan,nan,candidate,refined,strongest_peak,1,no_detectable_beat,no_detectable_beat,false,ch2,automatic
0.00018349815314031319,nan,4345703123.5180893,nan,nan,nan,nan,nan,candidate,refined,strongest_peak,1,no_detectable_beat,no_detectable_beat,false,ch2,automatic
0.00018350135314031428,nan,2246093749.2340689,nan,nan,nan,nan,nan,candidate,refined,strongest_peak,1,no_detectable_beat,no_detectable_beat,false,ch2,automatic
0.00018350455314031537,nan,3212890623.9043856,nan,nan,nan,nan,nan,candidate,refined,strongest_peak,1,no_detectable_beat,no_detectable_beat,false,ch2,automatic
0.00018350775314031646,nan,3242187498.8943949,nan,nan,nan,nan,nan,candidate,refined,strongest_peak,1,no_detectable_beat,no_detectable_beat,false,ch2,automatic
0.00018351095314031755,nan,2519531249.1408248,nan,nan,nan,nan,nan,candidate,refined,strongest_peak,1,no_detectable_beat,no_detectable_beat,false,ch2,automatic
0.00018351415314031864,nan,4833984373.3515825,nan,nan,nan,nan,nan,candidate,refined,strongest_peak,1,no_detectable_beat,no_detectable_beat,false,ch2,automatic
0.00018351735314031973,nan,498046874.83016306,nan,nan,nan,nan,nan,candidate,refined,strongest_peak,1,ambiguous_peak,ambiguous_peak,false,ch2,automatic
0.00018352055314032082,nan,546874999.81351244,nan,nan,nan,nan,nan,candidate,refined,strongest_peak,1,no_detectable_beat,no_detectable_beat,false,ch2,automatic
0.00018352375314032192,nan,2617187499.1075234,nan,nan,nan,nan,nan,candidate,refined,strongest_peak,1,no_detectable_beat,no_detectable_beat,false,ch2,automatic
0.00018352695314032301,nan,2050781249.3006716,nan,nan,nan,nan,nan,candidate,refined,strongest_peak,1,no_detectable_beat,no_detectable_beat,false,ch2,automatic
0.0001835301531403241,nan,1611328124.4505277,nan,nan,nan,nan,nan,candidate,refined,strongest_peak,1,no_detectable_beat,no_detectable_beat,false,ch2,automatic
0.00018353335314032519,nan,3330078123.8644238,nan,nan,nan,nan,nan,candidate,refined,strongest_peak,1,no_detectable_beat,no_detectable_beat,false,ch2,automatic
0.00018353655314032628,nan,3339843748.8610935,nan,nan,nan,nan,nan,candidate,refined,strongest_peak,1,no_detectable_beat,no_detectable_beat,false,ch2,automatic
0.00018353975314032737,nan,449218749.84681374,nan,nan,nan,nan,nan,candidate,refined,strongest_peak,1,ambiguous_peak,ambiguous_peak,false,ch2,automatic
0.00018354295314032846,nan,429687499.85347402,nan,nan,nan,nan,nan,candidate,refined,strongest_peak,1,ambiguous_peak,ambiguous_peak,false,ch2,automatic
0.00018354615314032955,nan,410156249.8601343,nan,nan,nan,nan,nan,candidate,refined,strongest_peak,1,no_detectable_beat,no_detectable_beat,false,ch2,automatic
0.00018354935314033064,nan,3867187498.6812663,nan,nan,nan,nan,nan,candidate,refined,strongest_peak,1,no_detectable_beat,no_detectable_beat,false,ch2,automatic
0.00018355255314033174,nan,3847656248.6879263,nan,nan,nan,nan,nan,candidate,refined,strongest_peak,1,no_detectable_beat,no_detectable_beat,false,ch2,automatic
0.00018355575314033283,nan,2236328124.2373991,nan,nan,nan,nan,nan,candidate,refined,strongest_peak,1,ambiguous_peak,ambiguous_peak,false,ch2,automatic
0.00018355895314033392,nan,1220703124.5837331,nan,nan,nan,nan,nan,candidate,refined,strongest_peak,1,no_detectable_beat,no_detectable_beat,false,ch2,automatic
0.00018356215314033501,nan,839843749.71360838,nan,nan,nan,nan,nan,candidate,refined,strongest_peak,1,no_detectable_beat,no_detectable_beat,false,ch2,automatic
0.0001835653531403361,nan,839843749.71360838,nan,nan,nan,nan,nan,candidate,refined,strongest_peak,1,ambiguous_peak,ambiguous_peak,false,ch2,automatic
0.00018356855314033719,nan,839843749.71360838,nan,nan,nan,nan,nan,candidate,refined,strongest_peak,1,no_detectable_beat,no_detectable_beat,false,ch2,automatic
0.00018357175314033828,nan,4804687498.3615732,nan,nan,nan,nan,nan,candidate,refined,strongest_peak,1,ambiguous_peak,ambiguous_peak,false,ch2,automatic
0.00018357495314033937,nan,2207031249.2473893,nan,nan,nan,nan,nan,candidate,refined,strongest_peak,1,ambiguous_peak,ambiguous_peak,false,ch2,automatic
0.00018357815314034047,nan,2207031249.2473893,nan,nan,nan,nan,nan,candidate,refined,strongest_peak,1,no_detectable_beat,no_detectable_beat,false,ch2,automatic
0.00018358135314034156,nan,5966796872.9652872,nan,nan,nan,nan,nan,candidate,refined,strongest_peak,1,no_detectable_beat,no_detectable_beat,false,ch2,automatic
0.00018358455314034265,nan,5976562497.961957,nan,nan,nan,nan,nan,candidate,refined,strongest_peak,1,no_detectable_beat,no_detectable_beat,false,ch2,automatic
0.00018358775314034374,nan,3408203123.8377829,nan,nan,nan,nan,nan,candidate,refined,strongest_peak,1,no_detectable_beat,no_detectable_beat,false,ch2,automatic
0.00018359095314034483,nan,2050781249.3006716,nan,nan,nan,nan,nan,candidate,refined,strongest_peak,1,no_detectable_beat,no_detectable_beat,false,ch2,automatic
0.00018359415314034592,nan,3300781248.874414,nan,nan,nan,nan,nan,candidate,refined,strongest_peak,1,no_detectable_beat,no_detectable_beat,false,ch2,automatic
0.00018359735314034701,nan,888671874.69695771,nan,nan,nan,nan,nan,candidate,refined,strongest_peak,1,no_detectable_beat,no_detectable_beat,false,ch2,automatic
0.0001836005531403481,nan,1835937499.3739345,nan,nan,nan,nan,nan,candidate,refined,strongest_peak,1,no_detectable_beat,no_detectable_beat,false,ch2,automatic
0.0001836037531403492,nan,1992187499.3206522,nan,nan,nan,nan,nan,candidate,refined,strongest_peak,1,no_detectable_beat,no_detectable_beat,false,ch2,automatic
0.00018360695314035029,nan,2001953124.3173223,nan,nan,nan,nan,nan,candidate,refined,strongest_peak,1,ambiguous_peak,ambiguous_peak,false,ch2,automatic
0.00018361015314035138,nan,2744140624.0642319,nan,nan,nan,nan,nan,candidate,refined,strongest_peak,1,no_detectable_beat,no_detectable_beat,false,ch2,automatic
0.00018361335314035247,nan,1787109374.3905852,nan,nan,nan,nan,nan,candidate,refined,strongest_peak,1,no_detectable_beat,no_detectable_beat,false,ch2,automatic
0.00018361655314035356,nan,4999999998.2949705,nan,nan,nan,nan,nan,candidate,refined,strongest_peak,1,no_detectable_beat,no_detectable_beat,false,ch2,automatic
0.00018361975314035465,nan,2792968749.0475812,nan,nan,nan,nan,nan,candidate,refined,strongest_peak,1,no_detectable_beat,no_detectable_beat,false,ch2,automatic
0.00018362295314035574,nan,2812499999.0409207,nan,nan,nan,nan,nan,candidate,refined,strongest_peak,1,ambiguous_peak,ambiguous_peak,false,ch2,automatic
0.00018362615314035683,nan,2832031249.0342607,nan,nan,nan,nan,nan,candidate,refined,strongest_peak,1,no_detectable_beat,no_detectable_beat,false,ch2,automatic
0.00018362935314035793,nan,3017578123.9709883,nan,nan,nan,nan,nan,candidate,refined,strongest_peak,1,no_detectable_beat,no_detectable_beat,false,ch2,automatic
0.00018363255314035902,nan,3027343748.967658,nan,nan,nan,nan,nan,candidate,refined,strongest_peak,1,no_detectable_beat,no_detectable_beat,false,ch2,automatic
0.00018363575314036011,nan,3056640623.9576674,nan,nan,nan,nan,nan,candidate,refined,strongest_peak,1,ambiguous_peak,ambiguous_peak,false,ch2,automatic
0.0001836389531403612,nan,4833984373.3515825,nan,nan,nan,nan,nan,candidate,refined,strongest_peak,1,no_detectable_beat,no_detectable_beat,false,ch2,automatic
0.00018364215314036229,nan,800781249.72692883,nan,nan,nan,nan,nan,candidate,refined,strongest_peak,1,ambiguous_peak,ambiguous_peak,false,ch2,automatic
0.00018364535314036338,nan,810546874.72359872,nan,nan,nan,nan,nan,candidate,refined,strongest_peak,1,no_detectable_beat,no_detectable_beat,false,ch2,automatic
0.00018364855314036447,nan,4570312498.4414968,nan,nan,nan,nan,nan,candidate,refined,strongest_peak,1,no_detectable_beat,no_detectable_beat,false,ch2,automatic
0.00018365175314036556,nan,4550781248.4481564,nan,nan,nan,nan,nan,candidate,refined,strongest_peak,1,no_detectable_beat,no_detectable_beat,false,ch2,automatic
0.00018365495314036666,nan,3144531248.9276962,nan,nan,nan,nan,nan,candidate,refined,strongest_peak,1,no_detectable_beat,no_detectable_beat,false,ch2,automatic
0.00018365815314036775,nan,3154296873.924366,nan,nan,nan,nan,nan,candidate,refined,strongest_peak,1,ambiguous_peak,ambiguous_peak,false,ch2,automatic
0.00018366135314036884,nan,4003906248.6346445,nan,nan,nan,nan,nan,candidate,refined,strongest_peak,1,ambiguous_peak,ambiguous_peak,false,ch2,automatic
0.00018366455314036993,nan,4013671873.6313143,nan,nan,nan,nan,nan,candidate,refined,strongest_peak,1,no_detectable_beat,no_detectable_beat,false,ch2,automatic
0.00018366775314037102,nan,1201171874.5903933,nan,nan,nan,nan,nan,candidate,refined,strongest_peak,1,no_detectable_beat,no_detectable_beat,false,ch2,automatic
0.00018367095314037211,nan,1669921874.4305468,nan,nan,nan,nan,nan,candidate,refined,strongest_peak,1,no_detectable_beat,no_detectable_beat,false,ch2,automatic
0.0001836741531403732,nan,1015624999.6536659,nan,nan,nan,nan,nan,candidate,refined,strongest_peak,1,ambiguous_peak,ambiguous_peak,false,ch2,automatic
0.00018367735314037429,nan,1035156249.6470056,nan,nan,nan,nan,nan,candidate,refined,strongest_peak,1,unstable_detection,unstable_detection,false,ch2,automatic
0.00018368055314037538,nan,1054687499.6403453,nan,nan,nan,nan,nan,candidate,refined,strongest_peak,1,ambiguous_peak,ambiguous_peak,false,ch2,automatic
0.00018368375314037648,nan,4589843748.4348364,nan,nan,nan,nan,nan,candidate,refined,strongest_peak,1,no_detectable_beat,no_detectable_beat,false,ch2,automatic
0.00018368695314037757,nan,5244140623.2117167,nan,nan,nan,nan,nan,candidate,refined,strongest_peak,1,ambiguous_peak,ambiguous_peak,false,ch2,automatic
0.00018369015314037866,nan,5244140623.2117167,nan,nan,nan,nan,nan,candidate,refined,strongest_peak,1,no_detectable_beat,no_detectable_beat,false,ch2,automatic
0.00018369335314037975,nan,4580078123.4381666,nan,nan,nan,nan,nan,candidate,refined,strongest_peak,1,no_detectable_beat,no_detectable_beat,false,ch2,automatic
0.00018369655314038084,nan,4267578123.5447307,nan,nan,nan,nan,nan,candidate,refined,strongest_peak,1,no_detectable_beat,no_detectable_beat,false,ch2,automatic
0.00018369975314038193,nan,4277343748.5414004,nan,nan,nan,nan,nan,candidate,refined,strongest_peak,1,no_detectable_beat,no_detectable_beat,false,ch2,automatic
0.00018370295314038302,nan,5097656248.2616692,nan,nan,nan,nan,nan,candidate,refined,strongest_peak,1,no_detectable_beat,no_detectable_beat,false,ch2,automatic
0.00018370615314038411,nan,1855468749.3672743,nan,nan,nan,nan,nan,candidate,refined,strongest_peak,1,no_detectable_beat,no_detectable_beat,false,ch2,automatic
0.00018370935314038521,nan,1972656249.3273125,nan,nan,nan,nan,nan,candidate,refined,strongest_peak,1,no_detectable_beat,no_detectable_beat,false,ch2,automatic
0.0001837125531403863,nan,1943359374.3373029,nan,nan,nan,nan,nan,candidate,refined,strongest_peak,1,ambiguous_peak,ambiguous_peak,false,ch2,automatic
0.00018371575314038739,nan,1923828124.3439631,nan,nan,nan,nan,nan,candidate,refined,strongest_peak,1,no_detectable_beat,no_detectable_beat,false,ch2,automatic
0.00018371895314038848,nan,390624999.86679459,nan,nan,nan,nan,nan,candidate,refined,strongest_peak,1,no_detectable_beat,no_detectable_beat,false,ch2,automatic
0.00018372215314038957,nan,419921874.85680419,nan,nan,nan,nan,nan,candidate,refined,strongest_peak,1,no_detectable_beat,no_detectable_beat,false,ch2,automatic
0.00018372535314039066,nan,937499999.68030691,nan,nan,nan,nan,nan,candidate,refined,strongest_peak,1,ambiguous_peak,ambiguous_peak,false,ch2,automatic
0.00018372855314039175,nan,1035156249.6470056,nan,nan,nan,nan,nan,candidate,refined,strongest_peak,1,ambiguous_peak,ambiguous_peak,false,ch2,automatic
0.00018373175314039284,nan,1054687499.6403453,nan,nan,nan,nan,nan,candidate,refined,strongest_peak,1,unstable_detection,unstable_detection,false,ch2,automatic
0.00018373495314039394,nan,1035156249.6470056,nan,nan,nan,nan,nan,candidate,refined,strongest_peak,1,unstable_detection,unstable_detection,false,ch2,automatic
0.00018373815314039503,nan,888671874.69695771,nan,nan,nan,nan,nan,candidate,refined,strongest_peak,1,ambiguous_peak,ambiguous_peak,false,ch2,automatic
0.00018374135314039612,nan,917968749.68696725,921313742.70575726,714.01815059696185,714.01815059696185,565.27655105083113,565.27655105083113,candidate,refined,strongest_peak,1,measured,quality_gated_measurement,false,ch2,automatic
0.00018374455314039721,nan,927734374.68363714,930703209.39674234,721.29498728247529,721.29498728247529,570.99002649487454,570.99002649487454,candidate,refined,strongest_peak,1,measured,quality_gated_measurement,false,ch2,automatic
0.0001837477531403983,nan,957031249.67364669,953369379.28145707,738.86126894312918,738.86126894312918,584.7804161747539,584.7804161747539,candidate,refined,strongest_peak,1,measured,quality_gated_measurement,false,ch2,automatic
0.00018375095314039939,nan,966796874.67031658,969027592.7308805,750.99638436643238,750.99638436643238,594.30550091947168,594.30550091947168,candidate,refined,strongest_peak,1,measured,quality_gated_measurement,false,ch2,automatic
0.00018375415314040048,nan,966796874.67031658,nan,nan,nan,nan,nan,candidate,refined,strongest_peak,1,ambiguous_peak,ambiguous_peak,false,ch2,automatic
0.00018375735314040157,nan,1132812499.6137042,nan,nan,nan,nan,nan,candidate,refined,strongest_peak,1,unstable_detection,unstable_detection,false,ch2,automatic
0.00018376055314040267,nan,1162109374.6037138,nan,nan,nan,nan,nan,candidate,refined,strongest_peak,1,ambiguous_peak,ambiguous_peak,false,ch2,automatic
0.00018376375314040376,nan,1337890624.5437715,nan,nan,nan,nan,nan,candidate,refined,strongest_peak,1,ambiguous_peak,ambiguous_peak,false,ch2,automatic
0.00018376695314040485,nan,1611328124.4505277,1609036270.9327586,1247.0031099728878,1247.0031099728878,982.7285135215011,982.7285135215011,candidate,refined,strongest_peak,1,measured,quality_gated_measurement,false,ch2,automatic
0.00018377015314040594,nan,1611328124.4505277,1609407208.4959571,1247.2905865843668,1247.2905865843668,982.95320791241022,982.95320791241022,candidate,refined,strongest_peak,1,measured,quality_gated_measurement,false,ch2,automatic
0.00018377335314040703,nan,3691406248.7412086,3688969980.5920339,2858.9517349588264,2858.9517349588264,2237.7834727241739,2237.7834727241739,candidate,refined,strongest_peak,1,measured,quality_gated_measurement,false,ch2,automatic
0.00018377655314040812,nan,3691406248.7412086,nan,nan,nan,nan,nan,candidate,refined,strongest_peak,1,ambiguous_peak,ambiguous_peak,false,ch2,automatic
0.00018377975314040921,nan,3955078123.6512952,3958972076.5774074,3068.2033593474907,3068.2033593474907,2400.1800713724397,2400.1800713724397,candidate,refined,strongest_peak,1,measured,quality_gated_measurement,false,ch2,automatic
0.0001837829531404103,nan,3945312498.6546249,3943925457.898201,3056.5422298711055,3056.5422298711055,2391.1325174143021,2391.1325174143021,candidate,refined,strongest_peak,1,measured,quality_gated_measurement,false,ch2,automatic
0.0001837861531404114,nan,3916015623.6646156,3913770897.2301521,3033.1724453533679,3033.1724453533679,2372.999682564368,2372.999682564368,candidate,refined,strongest_peak,1,measured,quality_gated_measurement,false,ch2,automatic
0.00018378935314041249,nan,3876953123.6779361,3881153238.6808639,3007.8937599776696,3007.8937599776696,2353.3844235221154,2353.3844235221154,candidate,refined,strongest_peak,1,measured,quality_gated_measurement,false,ch2,automatic
0.00018379255314041358,nan,3857421873.6845965,3860851345.4242363,2992.1597927037833,2992.1597927037833,2341.1748060172463,2341.1748060172463,candidate,refined,strongest_peak,1,measured,quality_gated_measurement,false,ch2,automatic
0.00018379575314041467,nan,3837890623.6912565,3840703579.6303158,2976.5452742134948,2976.5452742134948,2329.057360724174,2329.057360724174,candidate,refined,strongest_peak,1,measured,quality_gated_measurement,false,ch2,automatic
0.00018379895314041576,nan,3818359373.697917,nan,nan,nan,nan,nan,candidate,refined,strongest_peak,1,ambiguous_peak,ambiguous_peak,false,ch2,automatic
0.00018380215314041685,nan,3710937498.7345486,nan,nan,nan,nan,nan,candidate,refined,strongest_peak,1,unstable_detection,unstable_detection,false,ch2,automatic
0.00018380535314041794,nan,3701171873.7378788,nan,nan,nan,nan,nan,candidate,refined,strongest_peak,1,unstable_detection,unstable_detection,false,ch2,automatic
0.00018380855314041903,nan,3681640623.7445388,nan,nan,nan,nan,nan,candidate,refined,strongest_peak,1,ambiguous_peak,ambiguous_peak,false,ch2,automatic
0.00018381175314042012,nan,3574218748.7811704,nan,nan,nan,nan,nan,candidate,refined,strongest_peak,1,ambiguous_peak,ambiguous_peak,false,ch2,automatic
0.00018381495314042122,nan,4003906248.6346445,nan,nan,nan,nan,nan,candidate,refined,strongest_peak,1,ambiguous_peak,ambiguous_peak,false,ch2,automatic
0.00018381815314042231,nan,4023437498.627984,nan,nan,nan,nan,nan,candidate,refined,strongest_peak,1,ambiguous_peak,ambiguous_peak,false,ch2,automatic
0.0001838213531404234,nan,3652343748.7545295,nan,nan,nan,nan,nan,candidate,refined,strongest_peak,1,unstable_detection,unstable_detection,false,ch2,automatic
0.00018382455314042449,nan,3652343748.7545295,nan,nan,nan,nan,nan,candidate,refined,strongest_peak,1,ambiguous_peak,ambiguous_peak,false,ch2,automatic
0.00018382775314042558,nan,3652343748.7545295,nan,nan,nan,nan,nan,candidate,refined,strongest_peak,1,ambiguous_peak,ambiguous_peak,false,ch2,automatic
0.00018383095314042667,nan,3818359373.697917,nan,nan,nan,nan,nan,candidate,refined,strongest_peak,1,unstable_detection,unstable_detection,false,ch2,automatic
0.00018383415314042776,nan,3828124998.6945868,nan,nan,nan,nan,nan,candidate,refined,strongest_peak,1,unstable_detection,unstable_detection,false,ch2,automatic
0.00018383735314042885,nan,3652343748.7545295,nan,nan,nan,nan,nan,candidate,refined,strongest_peak,1,ambiguous_peak,ambiguous_peak,false,ch2,automatic
0.00018384055314042995,nan,3632812498.7611895,nan,nan,nan,nan,nan,candidate,refined,strongest_peak,1,unstable_detection,unstable_detection,false,ch2,automatic
0.00018384375314043104,nan,3652343748.7545295,nan,nan,nan,nan,nan,candidate,refined,strongest_peak,1,ambiguous_peak,ambiguous_peak,false,ch2,automatic
0.00018384695314043213,nan,3496093748.8078113,nan,nan,nan,nan,nan,candidate,refined,strongest_peak,1,ambiguous_peak,ambiguous_peak,false,ch2,automatic
0.00018385015314043322,nan,3271484373.8844047,nan,nan,nan,nan,nan,candidate,refined,strongest_peak,1,ambiguous_peak,ambiguous_peak,false,ch2,automatic
0.00018385335314043431,nan,3281249998.8810744,nan,nan,nan,nan,nan,candidate,refined,strongest_peak,1,unstable_detection,unstable_detection,false,ch2,automatic
0.0001838565531404354,nan,3320312498.867754,nan,nan,nan,nan,nan,candidate,refined,strongest_peak,1,ambiguous_peak,ambiguous_peak,false,ch2,automatic
0.00018385975314043649,nan,3330078123.8644238,nan,nan,nan,nan,nan,candidate,refined,strongest_peak,1,ambiguous_peak,ambiguous_peak,false,ch2,automatic
0.00018386295314043758,nan,3330078123.8644238,nan,nan,nan,nan,nan,candidate,refined,strongest_peak,1,ambiguous_peak,ambiguous_peak,false,ch2,automatic
0.00018386615314043868,nan,3046874998.9609976,nan,nan,nan,nan,nan,candidate,refined,strongest_peak,1,ambiguous_peak,ambiguous_peak,false,ch2,automatic
0.00018386935314043977,nan,2851562499.0276003,nan,nan,nan,nan,nan,candidate,refined,strongest_peak,1,ambiguous_peak,ambiguous_peak,false,ch2,automatic
0.00018387255314044086,nan,2851562499.0276003,nan,nan,nan,nan,nan,candidate,refined,strongest_peak,1,unstable_detection,unstable_detection,false,ch2,automatic
0.00018387575314044195,nan,2822265624.037591,nan,nan,nan,nan,nan,candidate,refined,strongest_peak,1,unstable_detection,unstable_detection,false,ch2,automatic
0.00018387895314044304,nan,2822265624.037591,nan,nan,nan,nan,nan,candidate,refined,strongest_peak,1,ambiguous_peak,ambiguous_peak,false,ch2,automatic
0.00018388215314044413,nan,2841796874.0309305,2839722081.2902856,2200.7846129999712,2200.7846129999712,1726.3169689705376,1726.3169689705376,candidate,refined,continuity_assisted_alternative,2,measured,quality_gated_measurement,false,ch2,automatic
0.00018388535314044522,nan,2871093749.0209403,nan,nan,nan,nan,nan,candidate,refined,strongest_peak,1,ambiguous_peak,ambiguous_peak,false,ch2,automatic
0.00018388855314044631,nan,2675781249.087543,nan,nan,nan,nan,nan,candidate,refined,strongest_peak,1,ambiguous_peak,ambiguous_peak,false,ch2,automatic
0.00018389175314044741,nan,2734374999.0675621,nan,nan,nan,nan,nan,candidate,refined,strongest_peak,1,ambiguous_peak,ambiguous_peak,false,ch2,automatic
0.0001838949531404485,nan,2763671874.0575714,nan,nan,nan,nan,nan,candidate,refined,strongest_peak,1,ambiguous_peak,ambiguous_peak,false,ch2,automatic
0.00018389815314044959,nan,2773437499.0542417,nan,nan,nan,nan,nan,candidate,refined,strongest_peak,1,unstable_detection,unstable_detection,false,ch2,automatic
0.00018390135314045068,nan,2773437499.0542417,nan,nan,nan,nan,nan,candidate,refined,strongest_peak,1,unstable_detection,unstable_detection,false,ch2,automatic
0.00018390455314045177,nan,2783203124.0509114,nan,nan,nan,nan,nan,candidate,refined,strongest_peak,1,ambiguous_peak,ambiguous_peak,false,ch2,automatic
0.00018390775314045286,nan,2675781249.087543,2675430078.9983072,2073.4583112236883,2073.4583112236883,1627.2359886173792,1627.2359886173792,candidate,refined,strongest_peak,1,measured,quality_gated_measurement,false,ch2,automatic
0.00018391095314045395,nan,2705078124.0775523,2705277511.6878233,2096.5900715580628,2096.5900715580628,1645.2399565065537,1645.2399565065537,candidate,refined,strongest_peak,1,measured,quality_gated_measurement,false,ch2,automatic
0.00018391415314045504,nan,2714843749.0742221,2713379441.2001371,2102.8690669301063,2102.8690669301063,1650.1267576070929,1650.1267576070929,candidate,refined,strongest_peak,1,measured,quality_gated_measurement,false,ch2,automatic
0.00018391735314045614,nan,2714843749.0742221,nan,nan,nan,nan,nan,candidate,refined,strongest_peak,1,ambiguous_peak,ambiguous_peak,false,ch2,automatic
0.00018392055314045723,nan,2499999999.1474853,nan,nan,nan,nan,nan,candidate,refined,strongest_peak,1,ambiguous_peak,ambiguous_peak,false,ch2,automatic
0.00018392375314045832,nan,2294921874.2174182,nan,nan,nan,nan,nan,candidate,refined,strongest_peak,1,ambiguous_peak,ambiguous_peak,false,ch2,automatic
0.00018392695314045941,nan,2265624999.2274084,nan,nan,nan,nan,nan,candidate,refined,strongest_peak,1,ambiguous_peak,ambiguous_peak,false,ch2,automatic
0.0001839301531404605,nan,2216796874.2440591,nan,nan,nan,nan,nan,candidate,refined,strongest_peak,1,ambiguous_peak,ambiguous_peak,false,ch2,automatic
0.00018393335314046159,nan,2490234374.1508155,nan,nan,nan,nan,nan,candidate,refined,strongest_peak,1,ambiguous_peak,ambiguous_peak,false,ch2,automatic
0.00018393655314046268,nan,2539062499.1341648,nan,nan,nan,nan,nan,candidate,refined,strongest_peak,1,ambiguous_peak,ambiguous_peak,false,ch2,automatic
0.00018393975314046377,nan,2031249999.3073318,2035810771.9939847,1577.7533482953381,1577.7533482953381,1240.9872631329506,1240.9872631329506,candidate,refined,strongest_peak,1,measured,quality_gated_measurement,false,ch2,automatic
0.00018394295314046486,nan,2041015624.3040016,2040735482.7731392,1581.5699991491829,1581.5699991491829,1243.9646169415548,1243.9646169415548,candidate,refined,strongest_peak,1,measured,quality_gated_measurement,false,ch2,automatic
0.00018394615314046596,nan,2031249999.3073318,2035725956.266484,1577.6876161065252,1577.6876161065252,1240.9359852028692,1240.9359852028692,candidate,refined,strongest_peak,1,measured,quality_gated_measurement,false,ch2,automatic
0.00018394935314046705,nan,2031249999.3073318,2027637585.5953727,1571.4191288364138,1571.4191288364138,1236.045833879693,1236.045833879693,candidate,refined,strongest_peak,1,measured,quality_gated_measurement,false,ch2,automatic
0.00018395255314046814,nan,2031249999.3073318,2028376230.8093748,1571.9915788772655,1571.9915788772655,1236.4924183181738,1236.4924183181738,candidate,refined,strongest_peak,1,measured,quality_gated_measurement,false,ch2,automatic
0.00018395575314046923,nan,2050781249.3006716,nan,nan,nan,nan,nan,candidate,refined,strongest_peak,1,ambiguous_peak,ambiguous_peak,false,ch2,automatic
0.00018395895314047032,nan,1728515624.4105661,nan,nan,nan,nan,nan,candidate,refined,strongest_peak,1,unstable_detection,unstable_detection,false,ch2,automatic
0.00018396215314047141,nan,1865234374.3639441,nan,nan,nan,nan,nan,candidate,refined,strongest_peak,1,ambiguous_peak,ambiguous_peak,false,ch2,automatic
0.0001839653531404725,nan,1826171874.3772647,nan,nan,nan,nan,nan,candidate,refined,strongest_peak,1,ambiguous_peak,ambiguous_peak,false,ch2,automatic
0.00018396855314047359,nan,1826171874.3772647,nan,nan,nan,nan,nan,candidate,refined,strongest_peak,1,ambiguous_peak,ambiguous_peak,false,ch2,automatic
0.00018397175314047469,nan,1484374999.4938195,nan,nan,nan,nan,nan,candidate,refined,strongest_peak,1,unstable_detection,unstable_detection,false,ch2,automatic
0.00018397495314047578,nan,1484374999.4938195,nan,nan,nan,nan,nan,candidate,refined,strongest_peak,1,unstable_detection,unstable_detection,false,ch2,automatic
0.00018397815314047687,nan,1474609374.4971495,nan,nan,nan,nan,nan,candidate,refined,strongest_peak,1,ambiguous_peak,ambiguous_peak,false,ch2,automatic
0.00018398135314047796,nan,1435546874.5104702,nan,nan,nan,nan,nan,candidate,refined,strongest_peak,1,unstable_detection,unstable_detection,false,ch2,automatic
0.00018398455314047905,nan,1445312499.5071399,nan,nan,nan,nan,nan,candidate,refined,strongest_peak,1,ambiguous_peak,ambiguous_peak,false,ch2,automatic
0.00018398775314048014,nan,1142578124.6103742,nan,nan,nan,nan,nan,candidate,refined,strongest_peak,1,ambiguous_peak,ambiguous_peak,false,ch2,automatic
0.00018399095314048123,nan,498046874.83016306,nan,nan,nan,nan,nan,candidate,refined,strongest_peak,1,ambiguous_peak,ambiguous_peak,false,ch2,automatic
0.00018399415314048232,nan,458984374.84348363,nan,nan,nan,nan,nan,candidate,refined,strongest_peak,1,ambiguous_peak,ambiguous_peak,false,ch2,automatic
0.00018399735314048342,nan,1201171874.5903933,nan,nan,nan,nan,nan,candidate,refined,strongest_peak,1,ambiguous_peak,ambiguous_peak,false,ch2,automatic
0.00018400055314048451,nan,1230468749.5804029,nan,nan,nan,nan,nan,candidate,refined,strongest_peak,1,ambiguous_peak,ambiguous_peak,false,ch2,automatic
0.0001840037531404856,nan,400390624.86346442,nan,nan,nan,nan,nan,candidate,refined,strongest_peak,1,ambiguous_peak,ambiguous_peak,false,ch2,automatic
0.00018400695314048669,nan,1542968749.4738386,nan,nan,nan,nan,nan,candidate,refined,strongest_peak,1,ambiguous_peak,ambiguous_peak,false,ch2,automatic
0.00018401015314048778,nan,1533203124.4771688,nan,nan,nan,nan,nan,candidate,refined,strongest_peak,1,ambiguous_peak,ambiguous_peak,false,ch2,automatic
0.00018401335314048887,nan,507812499.82683295,nan,nan,nan,nan,nan,candidate,refined,strongest_peak,1,ambiguous_peak,ambiguous_peak,false,ch2,automatic
0.00018401655314048996,nan,468749999.84015346,nan,nan,nan,nan,nan,candidate,refined,strongest_peak,1,ambiguous_peak,ambiguous_peak,false,ch2,automatic
0.00018401975314049105,nan,439453124.85014391,nan,nan,nan,nan,nan,candidate,refined,strongest_peak,1,unstable_detection,unstable_detection,false,ch2,automatic
0.00018402295314049215,nan,449218749.84681374,nan,nan,nan,nan,nan,candidate,refined,strongest_peak,1,ambiguous_peak,ambiguous_peak,false,ch2,automatic
0.00018402615314049324,nan,742187499.74690974,nan,nan,nan,nan,nan,candidate,refined,strongest_peak,1,ambiguous_peak,ambiguous_peak,false,ch2,automatic
0.00018402935314049433,nan,546874999.81351244,nan,nan,nan,nan,nan,candidate,refined,strongest_peak,1,ambiguous_peak,ambiguous_peak,false,ch2,automatic
0.00018403255314049542,nan,1083984374.6303549,nan,nan,nan,nan,nan,candidate,refined,strongest_peak,1,unstable_detection,unstable_detection,false,ch2,automatic
0.00018403575314049651,nan,1064453124.6370152,nan,nan,nan,nan,nan,candidate,refined,strongest_peak,1,unstable_detection,unstable_detection,false,ch2,automatic
0.0001840389531404976,nan,1044921874.6436754,nan,nan,nan,nan,nan,candidate,refined,strongest_peak,1,ambiguous_peak,ambiguous_peak,false,ch2,automatic
0.00018404215314049869,nan,1005859374.656996,nan,nan,nan,nan,nan,candidate,refined,strongest_peak,1,ambiguous_peak,ambiguous_peak,false,ch2,automatic
0.00018404535314049978,nan,1005859374.656996,nan,nan,nan,nan,nan,candidate,refined,strongest_peak,1,ambiguous_peak,ambiguous_peak,false,ch2,automatic
0.00018404855314050087,nan,996093749.66032612,nan,nan,nan,nan,nan,candidate,refined,strongest_peak,1,unstable_detection,unstable_detection,false,ch2,automatic
0.00018405175314050197,nan,996093749.66032612,nan,nan,nan,nan,nan,candidate,refined,strongest_peak,1,ambiguous_peak,ambiguous_peak,false,ch2,automatic
0.00018405495314050306,nan,1152343749.607044,1156717877.5867074,896.45635512969818,896.45635512969818,708.38693973182228,708.38693973182228,candidate,refined,strongest_peak,1,measured,quality_gated_measurement,false,ch2,automatic
0.00018405815314050415,nan,1181640624.5970535,1182663938.0108254,916.56455195838964,916.56455195838964,724.14486303940407,724.14486303940407,candidate,refined,strongest_peak,1,measured,quality_gated_measurement,false,ch2,automatic
0.00018406135314050524,nan,1191406249.5937235,1190783175.8404117,922.856961276319,922.856961276319,729.07536652796068,729.07536652796068,candidate,refined,strongest_peak,1,measured,quality_gated_measurement,false,ch2,automatic
0.00018406455314050633,nan,1181640624.5970535,1185711982.7431483,918.92678662593994,918.92678662593994,725.99585680029111,725.99585680029111,candidate,refined,strongest_peak,1,measured,quality_gated_measurement,false,ch2,automatic
0.00018406775314050742,nan,1445312499.5071399,nan,nan,nan,nan,nan,candidate,refined,strongest_peak,1,ambiguous_peak,ambiguous_peak,false,ch2,automatic
0.00018407095314050851,nan,1445312499.5071399,nan,nan,nan,nan,nan,candidate,refined,strongest_peak,1,unstable_detection,unstable_detection,false,ch2,automatic
0.0001840741531405096,nan,830078124.7169385,nan,nan,nan,nan,nan,candidate,refined,strongest_peak,1,ambiguous_peak,ambiguous_peak,false,ch2,automatic
0.0001840773531405107,nan,2490234374.1508155,nan,nan,nan,nan,nan,candidate,refined,strongest_peak,1,ambiguous_peak,ambiguous_peak,false,ch2,automatic
0.00018408055314051179,nan,2539062499.1341648,nan,nan,nan,nan,nan,candidate,refined,strongest_peak,1,ambiguous_peak,ambiguous_peak,false,ch2,automatic
0.00018408375314051288,nan,2597656249.1141839,nan,nan,nan,nan,nan,candidate,refined,strongest_peak,1,unstable_detection,unstable_detection,false,ch2,automatic
0.00018408695314051397,nan,2636718749.1008635,nan,nan,nan,nan,nan,candidate,refined,strongest_peak,1,unstable_detection,unstable_detection,false,ch2,automatic
0.00018409015314051506,nan,2832031249.0342607,nan,nan,nan,nan,nan,candidate,refined,strongest_peak,1,ambiguous_peak,ambiguous_peak,false,ch2,automatic
0.00018409335314051615,nan,2880859374.0176101,nan,nan,nan,nan,nan,candidate,refined,strongest_peak,1,ambiguous_peak,ambiguous_peak,false,ch2,automatic
0.00018409655314051724,nan,2978515623.9843087,nan,nan,nan,nan,nan,candidate,refined,strongest_peak,1,ambiguous_peak,ambiguous_peak,false,ch2,automatic
0.00018409975314051833,nan,3017578123.9709883,3015587297.7454162,2337.0801557526975,2337.0801557526975,1832.3254703321609,1832.3254703321609,candidate,refined,strongest_peak,1,measured,quality_gated_measurement,false,ch2,automatic
0.00018410295314051943,nan,3037109373.9643278,3039130694.0296984,2355.3262878730161,2355.3262878730161,1846.5131072093855,1846.5131072093855,candidate,refined,strongest_peak,1,measured,quality_gated_measurement,false,ch2,automatic
0.00018410615314052052,nan,3066406248.9543376,3064612607.3573327,2375.0747707019327,2375.0747707019327,1861.8679108890478,1861.8679108890478,candidate,refined,strongest_peak,1,measured,quality_gated_measurement,false,ch2,automatic
0.00018410935314052161,nan,3095703123.9443469,nan,nan,nan,nan,nan,candidate,refined,strongest_peak,1,ambiguous_peak,ambiguous_peak,false,ch2,automatic
0.0001841125531405227,nan,3154296873.924366,3151447087.0618238,2442.3714924729134,2442.3714924729134,1914.1845228952498,1914.1845228952498,candidate,refined,strongest_peak,1,measured,quality_gated_measurement,false,ch2,automatic
0.00018411575314052379,nan,3173828123.917706,3170232818.2840543,2456.9304341701422,2456.9304341701422,1925.5011080550564,1925.5011080550564,candidate,refined,strongest_peak,1,measured,quality_gated_measurement,false,ch2,automatic
0.00018411895314052488,nan,3193359373.9110456,3196575114.9159122,2477.3457140598321,2477.3457140598321,1941.3688672314986,1941.3688672314986,candidate,refined,strongest_peak,1,measured,quality_gated_measurement,false,ch2,automatic
0.00018412215314052597,nan,3222656248.9010553,3220955688.4530339,2496.2406585511012,2496.2406585511012,1956.0539913679147,1956.0539913679147,candidate,refined,strongest_peak,1,measured,quality_gated_measurement,false,ch2,automatic
0.00018412535314052706,nan,3242187498.8943949,3238402669.9625926,2509.7620692210094,2509.7620692210094,1966.5622527062535,1966.5622527062535,candidate,refined,strongest_peak,1,measured,quality_gated_measurement,false,ch2,automatic
0.00018412855314052816,nan,3242187498.8943949,3244242487.1460171,2514.2879275381633,2514.2879275381633,1970.0794521556497,1970.0794521556497,candidate,refined,strongest_peak,1,measured,quality_gated_measurement,false,ch2,automatic
0.00018413175314052925,nan,3232421873.8977251,3229494388.9403138,2502.858151428743,2502.858151428743,1961.1968816088192,1961.1968816088192,candidate,refined,strongest_peak,1,measured,quality_gated_measurement,false,ch2,automatic
0.00018413495314053034,nan,3203124998.9077153,3201798913.727663,2481.394158138939,2481.394158138939,1944.5153893180297,1944.5153893180297,candidate,refined,strongest_peak,1,measured,quality_gated_measurement,false,ch2,automatic
0.00018413815314053143,nan,3183593748.9143758,3184751057.3581629,2468.1820694525763,2468.1820694525763,1934.2465653041259,1934.2465653041259,candidate,refined,strongest_peak,1,measured,quality_gated_measurement,false,ch2,automatic
0.00018414135314053252,nan,3173828123.917706,3173104658.7304697,2459.156110516114,2459.156110516114,1927.2310654779537,1927.2310654779537,candidate,refined,strongest_peak,1,measured,quality_gated_measurement,false,ch2,automatic
0.00018414455314053361,nan,3173828123.917706,3172774290.6556897,2458.9000752581596,2458.9000752581596,1927.0320569200319,1927.0320569200319,candidate,refined,strongest_peak,1,measured,quality_gated_measurement,false,ch2,automatic
0.0001841477531405347,nan,3193359373.9110456,3193692902.4529228,2475.1119994010151,2475.1119994010151,1939.6327667868691,1939.6327667868691,candidate,refined,strongest_peak,1,measured,quality_gated_measurement,false,ch2,automatic
0.00018415095314053579,nan,3222656248.9010553,3219116947.0440459,2494.8156339591355,2494.8156339591355,1954.9464961358403,1954.9464961358403,candidate,refined,strongest_peak,1,measured,quality_gated_measurement,false,ch2,automatic
0.00018415415314053689,nan,3212890623.9043856,3214718474.8591924,2491.4068180158743,2491.4068180158743,1952.2972243800975,1952.2972243800975,candidate,refined,strongest_peak,1,measured,quality_gated_measurement,false,ch2,automatic
0.00018415735314053798,nan,3212890623.9043856,3210908025.7348833,2488.4537199445344,2488.4537199445344,1950.0021045065221,1950.0021045065221,candidate,refined,strongest_peak,1,measured,quality_gated_measurement,false,ch2,automatic
0.00018416055314053907,nan,3212890623.9043856,3213431142.9423003,2490.4091357802827,2490.4091357802827,1951.5218376849175,1951.5218376849175,candidate,refined,strongest_peak,1,measured,quality_gated_measurement,false,ch2,automatic
0.00018416375314054016,nan,3212890623.9043856,3215233849.1401949,2491.806233083651,2491.806233083651,1952.6076442775932,1952.6076442775932,candidate,refined,strongest_peak,1,measured,quality_gated_measurement,false,ch2,automatic
0.00018416695314054125,nan,3212890623.9043856,3213642546.9540792,2490.5729738894115,2490.5729738894115,1951.6491708776084,1951.6491708776084,candidate,refined,strongest_peak,1,measured,quality_gated_measurement,false,ch2,automatic
0.00018417015314054234,nan,3212890623.9043856,3213207974.0413203,2490.2361798820234,2490.2361798820234,1951.3874181713604,1951.3874181713604,candidate,refined,strongest_peak,1,measured,quality_gated_measurement,false,ch2,automatic
0.00018417335314054343,nan,3212890623.9043856,3213233522.7932725,2490.2559801647863,2490.2559801647863,1951.4028067477273,1951.4028067477273,candidate,refined,strongest_peak,1,measured,quality_gated_measurement,false,ch2,automatic
0.00018417655314054452,nan,3212890623.9043856,3217502718.1166396,2493.5646065403957,2493.5646065403957,1953.974223094114,1953.974223094114,candidate,refined,strongest_peak,1,measured,quality_gated_measurement,false,ch2,automatic
0.00018417975314054561,nan,3222656248.9010553,3221677832.0774231,2496.8003198600027,2496.8003198600027,1956.4889454128909,1956.4889454128909,candidate,refined,strongest_peak,1,measured,quality_gated_measurement,false,ch2,automatic
0.00018418295314054671,nan,3222656248.9010553,3226374728.8435516,2500.4404148537524,2500.4404148537524,1959.3179119718559,1959.3179119718559,candidate,refined,strongest_peak,1,measured,quality_gated_measurement,false,ch2,automatic
0.0001841861531405478,nan,3232421873.8977251,3227866529.8154817,2501.5965606069981,2501.5965606069981,1960.2164247711535,1960.2164247711535,candidate,refined,strongest_peak,1,measured,quality_gated_measurement,false,ch2,automatic
0.00018418935314054889,nan,3222656248.9010553,3225352641.4253087,2499.6482971046144,2499.6482971046144,1958.7023060175677,1958.7023060175677,candidate,refined,strongest_peak,1,measured,quality_gated_measurement,false,ch2,automatic
0.00018419255314054998,nan,3222656248.9010553,3220343964.3653231,2495.7665723831255,2495.7665723831255,1955.685543445464,1955.685543445464,candidate,refined,strongest_peak,1,measured,quality_gated_measurement,false,ch2,automatic
0.00018419575314055107,nan,3212890623.9043856,3215477707.721149,2491.9952234838906,2491.9952234838906,1952.7545248752549,1952.7545248752549,candidate,refined,strongest_peak,1,measured,quality_gated_measurement,false,ch2,automatic
0.00018419895314055216,nan,3212890623.9043856,3212931837.8310328,2490.0221743190505,2490.0221743190505,1951.2210951821464,1951.2210951821464,candidate,refined,strongest_peak,1,measured,quality_gated_measurement,false,ch2,automatic
0.00018420215314055325,nan,3212890623.9043856,3212484544.7836447,2489.6755222073248,2489.6755222073248,1950.9516803694391,1950.9516803694391,candidate,refined,strongest_peak,1,measured,quality_gated_measurement,false,ch2,automatic
0.00018420535314055434,nan,3212890623.9043856,3213703510.2479873,2490.6202204421902,2490.6202204421902,1951.6858903707127,1951.6858903707127,candidate,refined,strongest_peak,1,measured,quality_gated_measurement,false,ch2,automatic
0.00018420855314055544,nan,3212890623.9043856,3211197438.5132966,2488.6780148478047,2488.6780148478047,1950.1764251660766,1950.1764251660766,candidate,refined,strongest_peak,1,measured,quality_gated_measurement,false,ch2,automatic
0.00018421175314055653,nan,3193359373.9110456,3194381629.0729752,2475.6457625315556,2475.6457625315556,1940.0476223786877,1940.0476223786877,candidate,refined,strongest_peak,1,measured,quality_gated_measurement,false,ch2,automatic
0.00018421495314055762,nan,3183593748.9143758,3184035173.7824655,2467.6272596814106,2467.6272596814106,1933.8153409833992,1933.8153409833992,candidate,refined,strongest_peak,1,measured,quality_gated_measurement,false,ch2,automatic
0.00018421815314055871,nan,3193359373.9110456,3193738722.7096076,2475.147510099946,2475.147510099946,1939.6603667152567,1939.6603667152567,candidate,refined,strongest_peak,1,measured,quality_gated_measurement,false,ch2,automatic
0.0001842213531405598,nan,3203124998.9077153,3201950731.7899599,2481.5118171372187,2481.5118171372187,1944.6068353352532,1944.6068353352532,candidate,refined,strongest_peak,1,measured,quality_gated_measurement,false,ch2,automatic
0.00018422455314056089,nan,3203124998.9077153,3205834358.7827487,2484.5216280566301,2484.5216280566301,1946.9460852315221,1946.9460852315221,candidate,refined,strongest_peak,1,measured,quality_gated_measurement,false,ch2,automatic
0.00018422775314056198,nan,3212890623.9043856,3210018122.9077139,2487.7640452534783,2487.7640452534783,1949.4660926474771,1949.4660926474771,candidate,refined,strongest_peak,1,measured,quality_gated_measurement,false,ch2,automatic
0.00018423095314056307,nan,3212890623.9043856,3214007525.7728,2490.8558324739201,2490.8558324739201,1951.8690053248681,1951.8690053248681,candidate,refined,strongest_peak,1,measured,quality_gated_measurement,false,ch2,automatic
0.00018423415314056417,nan,3212890623.9043856,3215083949.7229476,2491.6900610352845,2491.6900610352845,1952.5173570014053,1952.5173570014053,candidate,refined,strongest_peak,1,measured,quality_gated_measurement,false,ch2,automatic
0.00018423735314056526,nan,3212890623.9043856,3211085750.7402015,2488.5914568236562,2488.5914568236562,1950.1091528018133,1950.1091528018133,candidate,refined,strongest_peak,1,measured,quality_gated_measurement,false,ch2,automatic
0.00018424055314056635,nan,3203124998.9077153,3205589860.6848407,2484.3321420307516,2484.3321420307516,1946.7988158134785,1946.7988158134785,candidate,refined,strongest_peak,1,measured,quality_gated_measurement,false,ch2,automatic
0.00018424375314056744,nan,3203124998.9077153,3204386361.0438013,2483.399429808946,2483.399429808946,1946.0739062066177,1946.0739062066177,candidate,refined,strongest_peak,1,measured,quality_gated_measurement,false,ch2,automatic
0.00018424695314056853,nan,3203124998.9077153,3205909883.4527349,2484.5801596758697,2484.5801596758697,1946.9915762588128,1946.9915762588128,candidate,refined,strongest_peak,1,measured,quality_gated_measurement,false,ch2,automatic
0.00018425015314056962,nan,3203124998.9077153,3205224181.2278461,2484.0487404515807,2484.0487404515807,1946.5785546199886,1946.5785546199886,candidate,refined,strongest_peak,1,measured,quality_gated_measurement,false,ch2,automatic
0.00018425335314057071,nan,3203124998.9077153,3206354890.8068128,2484.9250403752799,2484.9250403752799,1947.2596188496223,1947.2596188496223,candidate,refined,strongest_peak,1,measured,quality_gated_measurement,false,ch2,automatic
0.0001842565531405718,nan,3203124998.9077153,3206271360.7068739,2484.8603045478271,2484.8603045478271,1947.2093059416591,1947.2093059416591,candidate,refined,strongest_peak,1,measured,quality_gated_measurement,false,ch2,automatic
0.0001842597531405729,nan,3203124998.9077153,3207315453.3300886,2485.6694763308187,2485.6694763308187,1947.8381962647613,1947.8381962647613,candidate,refined,strongest_peak,1,measured,quality_gated_measurement,false,ch2,automatic
0.00018426295314057399,nan,3203124998.9077153,3202264316.4600658,2481.7548452565511,2481.7548452565511,1944.7957196591683,1944.7957196591683,candidate,refined,strongest_peak,1,measured,quality_gated_measurement,false,ch2,automatic
0.00018426615314057508,nan,3193359373.9110456,3191548925.0679774,2473.4504169276825,2473.4504169276825,1938.3413338496284,1938.3413338496284,candidate,refined,strongest_peak,1,measured,quality_gated_measurement,false,ch2,automatic
0.00018426935314057617,nan,3193359373.9110456,3188691524.8633418,2471.2359317690898,2471.2359317690898,1936.6201569025222,1936.6201569025222,candidate,refined,strongest_peak,1,measured,quality_gated_measurement,false,ch2,automatic
0.00018427255314057726,nan,3212890623.9043856,3210710124.8039427,2488.3003467230556,2488.3003467230556,1949.88290368041,1949.88290368041,candidate,refined,strongest_peak,1,measured,quality_gated_measurement,false,ch2,automatic
0.00018427575314057835,nan,3222656248.9010553,3218009951.0113025,2493.9577120337594,2493.9577120337594,1954.2797371116783,1954.2797371116783,candidate,refined,strongest_peak,1,measured,quality_gated_measurement,false,ch2,automatic
0.00018427895314057944,nan,3203124998.9077153,nan,nan,nan,nan,nan,candidate,refined,strongest_peak,1,no_detectable_beat,no_detectable_beat,false,ch2,automatic
0.00018428215314058053,nan,3730468748.7278881,nan,nan,nan,nan,nan,candidate,refined,strongest_peak,1,no_detectable_beat,no_detectable_beat,false,ch2,automatic
0.00018428535314058163,nan,3749999998.7212276,nan,nan,nan,nan,nan,candidate,refined,strongest_peak,1,no_detectable_beat,no_detectable_beat,false,ch2,automatic
0.00018428855314058272,nan,3330078123.8644238,nan,nan,nan,nan,nan,candidate,refined,strongest_peak,1,ambiguous_peak,ambiguous_peak,false,ch2,automatic
0.00018429175314058381,nan,3330078123.8644238,nan,nan,nan,nan,nan,candidate,refined,strongest_peak,1,ambiguous_peak,ambiguous_peak,false,ch2,automatic
0.0001842949531405849,nan,3222656248.9010553,nan,nan,nan,nan,nan,candidate,refined,strongest_peak,1,ambiguous_peak,ambiguous_peak,false,ch2,automatic
0.00018429815314058599,nan,3212890623.9043856,3216404636.334271,2492.7135931590601,2492.7135931590601,1953.3128305330602,1953.3128305330602,candidate,refined,strongest_peak,1,measured,quality_gated_measurement,false,ch2,automatic
0.00018430135314058708,nan,3222656248.9010553,3218119919.1471148,2494.0429373390139,2494.0429373390139,1954.3459725252508,1954.3459725252508,candidate,refined,strongest_peak,1,measured,quality_gated_measurement,false,ch2,automatic
0.00018430455314058817,nan,3222656248.9010553,3223201206.2017708,2497.9809348063723,2497.9809348063723,1957.4064856661957,1957.4064856661957,candidate,refined,strongest_peak,1,measured,quality_gated_measurement,false,ch2,automatic
0.00018430775314058926,nan,3222656248.9010553,3220191012.457799,2495.6480346547942,2495.6480346547942,1955.5934187955504,1955.5934187955504,candidate,refined,strongest_peak,1,measured,quality_gated_measurement,false,ch2,automatic
0.00018431095314059035,nan,3222656248.9010553,3224067320.5897589,2498.6521734570629,2498.6521734570629,1957.9281516093233,1957.9281516093233,candidate,refined,strongest_peak,1,measured,quality_gated_measurement,false,ch2,automatic
0.00018431415314059145,nan,3242187498.8943949,nan,nan,nan,nan,nan,candidate,refined,strongest_peak,1,ambiguous_peak,ambiguous_peak,false,ch2,automatic
0.00018431735314059254,nan,996093749.66032612,nan,nan,nan,nan,nan,candidate,refined,strongest_peak,1,ambiguous_peak,ambiguous_peak,false,ch2,automatic
0.00018432055314059363,nan,986328124.66365623,nan,nan,nan,nan,nan,candidate,refined,strongest_peak,1,ambiguous_peak,ambiguous_peak,false,ch2,automatic
0.00018432375314059472,nan,966796874.67031658,nan,nan,nan,nan,nan,candidate,refined,strongest_peak,1,ambiguous_peak,ambiguous_peak,false,ch2,automatic
0.00018432695314059581,nan,3232421873.8977251,nan,nan,nan,nan,nan,candidate,refined,strongest_peak,1,ambiguous_peak,ambiguous_peak,false,ch2,automatic
0.0001843301531405969,nan,3203124998.9077153,3206827282.6383038,2485.2911440446856,2485.2911440446856,1947.5441556796152,1947.5441556796152,candidate,refined,strongest_peak,1,measured,quality_gated_measurement,false,ch2,automatic
0.00018433335314059799,nan,3203124998.9077153,3202436261.8537226,2481.8881029366348,2481.8881029366348,1944.8992890371935,1944.8992890371935,candidate,refined,strongest_peak,1,measured,quality_gated_measurement,false,ch2,automatic
0.00018433655314059908,nan,3212890623.9043856,3209142139.6063461,2487.0851581949182,2487.0851581949182,1948.9384636945672,1948.9384636945672,candidate,refined,strongest_peak,1,measured,quality_gated_measurement,false,ch2,automatic
0.00018433975314060018,nan,3212890623.9043856,3214036074.0438538,2490.8779573839865,2490.8779573839865,1951.8862005425483,1951.8862005425483,candidate,refined,strongest_peak,1,measured,quality_gated_measurement,false,ch2,automatic
0.00018434295314060127,nan,3212890623.9043856,3211747186.7518053,2489.1040697326489,2489.1040697326489,1950.5075521238305,1950.5075521238305,candidate,refined,strongest_peak,1,measured,quality_gated_measurement,false,ch2,automatic
0.00018434615314060236,nan,3212890623.9043856,3214122059.175693,2490.9445958611623,2490.9445958611623,1951.9379911690442,1951.9379911690442,candidate,refined,strongest_peak,1,measured,quality_gated_measurement,false,ch2,automatic
0.00018434935314060345,nan,3203124998.9077153,nan,nan,nan,nan,nan,candidate,refined,strongest_peak,1,ambiguous_peak,ambiguous_peak,false,ch2,automatic
0.00018435255314060454,nan,3193359373.9110456,3191359656.6097951,2473.3037338725912,2473.3037338725912,1938.2273269318837,1938.2273269318837,candidate,refined,strongest_peak,1,measured,quality_gated_measurement,false,ch2,automatic
0.00018435575314060563,nan,3183593748.9143758,3187194544.7957535,2470.0757722167091,2470.0757722167091,1935.7184344198981,1935.7184344198981,candidate,refined,strongest_peak,1,measured,quality_gated_measurement,false,ch2,automatic
0.00018435895314060672,nan,3193359373.9110456,3196864907.512063,2477.5703033218488,2477.5703033218488,1941.5434230680457,1941.5434230680457,candidate,refined,strongest_peak,1,measured,quality_gated_measurement,false,ch2,automatic
0.00018436215314060781,nan,3242187498.8943949,nan,nan,nan,nan,nan,candidate,refined,strongest_peak,1,ambiguous_peak,ambiguous_peak,false,ch2,automatic
0.00018436535314060891,nan,3281249998.8810744,3284831899.3916993,2545.7447220285671,2545.7447220285671,1994.5241748692408,1994.5241748692408,candidate,refined,continuity_assisted_alternative,2,measured,quality_gated_measurement,false,ch2,automatic
0.00018436855314061,nan,3281249998.8810744,nan,nan,nan,nan,nan,candidate,refined,strongest_peak,1,ambiguous_peak,ambiguous_peak,false,ch2,automatic
0.00018437175314061109,nan,3232421873.8977251,3232832404.6318951,2505.4451135897189,2505.4451135897189,1963.2073502236119,1963.2073502236119,candidate,refined,strongest_peak,1,measured,quality_gated_measurement,false,ch2,automatic
0.00018437495314061218,nan,3193359373.9110456,3193223676.8958578,2474.7483495942897,2474.7483495942897,1939.3501275946658,1939.3501275946658,candidate,refined,strongest_peak,1,measured,quality_gated_measurement,false,ch2,automatic
0.00018437815314061327,nan,3183593748.9143758,3179839522.9993024,2464.3756303244595,2464.3756303244595,1931.2880053002812,1931.2880053002812,candidate,refined,strongest_peak,1,measured,quality_gated_measurement,false,ch2,automatic
0.00018438135314061436,nan,3183593748.9143758,3180522846.201457,2464.9052058061293,2464.9052058061293,1931.6996208083829,1931.6996208083829,candidate,refined,strongest_peak,1,measured,quality_gated_measurement,false,ch2,automatic
0.00018438455314061545,nan,1259765624.5704124,nan,nan,nan,nan,nan,candidate,refined,strongest_peak,1,ambiguous_peak,ambiguous_peak,false,ch2,automatic
0.00018438775314061654,nan,3330078123.8644238,nan,nan,nan,nan,nan,candidate,refined,strongest_peak,1,no_detectable_beat,no_detectable_beat,false,ch2,automatic
0.00018439095314061764,nan,4443359373.4847879,nan,nan,nan,nan,nan,candidate,refined,strongest_peak,1,ambiguous_peak,ambiguous_peak,false,ch2,automatic
0.00018439415314061873,nan,4453124998.4814577,nan,nan,nan,nan,nan,candidate,refined,strongest_peak,1,ambiguous_peak,ambiguous_peak,false,ch2,automatic
0.00018439735314061982,nan,4453124998.4814577,nan,nan,nan,nan,nan,candidate,refined,strongest_peak,1,ambiguous_peak,ambiguous_peak,false,ch2,automatic
0.00018440055314062091,nan,3144531248.9276962,nan,nan,nan,nan,nan,candidate,refined,strongest_peak,1,ambiguous_peak,ambiguous_peak,false,ch2,automatic
0.000184403753140622,nan,3164062498.9210362,nan,nan,nan,nan,nan,candidate,refined,strongest_peak,1,unstable_detection,unstable_detection,false,ch2,automatic
0.00018440695314062309,nan,3212890623.9043856,nan,nan,nan,nan,nan,candidate,refined,strongest_peak,1,ambiguous_peak,ambiguous_peak,false,ch2,automatic
0.00018441015314062418,nan,3232421873.8977251,nan,nan,nan,nan,nan,candidate,refined,strongest_peak,1,ambiguous_peak,ambiguous_peak,false,ch2,automatic
0.00018441335314062527,nan,3242187498.8943949,nan,nan,nan,nan,nan,candidate,refined,strongest_peak,1,ambiguous_peak,ambiguous_peak,false,ch2,automatic
0.00018441655314062637,nan,3251953123.8910646,3252900208.4468808,2520.9976615463324,2520.9976615463324,1975.2937206662584,1975.2937206662584,candidate,refined,strongest_peak,1,measured,quality_gated_measurement,false,ch2,automatic
0.00018441975314062746,nan,3251953123.8910646,3247887326.3310304,2517.1126779065485,2517.1126779065485,1972.2746360588067,1972.2746360588067,candidate,refined,strongest_peak,1,measured,quality_gated_measurement,false,ch2,automatic
0.00018442295314062855,nan,3232421873.8977251,3231980443.0798559,2504.7848433868885,2504.7848433868885,1962.6942200538101,1962.6942200538101,candidate,refined,strongest_peak,1,measured,quality_gated_measurement,false,ch2,automatic
0.00018442615314062964,nan,3222656248.9010553,3226008526.0145807,2500.1566076612999,2500.1566076612999,1959.0973472236321,1959.0973472236321,candidate,refined,strongest_peak,1,measured,quality_gated_measurement,false,ch2,automatic
0.00018442935314063073,nan,3222656248.9010553,3226158776.070715,2500.2730514548039,2500.2730514548039,1959.187843179084,1959.187843179084,candidate,refined,strongest_peak,1,measured,quality_gated_measurement,false,ch2,automatic
0.00018443255314063182,nan,3222656248.9010553,3220030539.8779635,2495.5236684054216,2495.5236684054216,1955.4967643217565,1955.4967643217565,candidate,refined,strongest_peak,1,measured,quality_gated_measurement,false,ch2,automatic
0.00018443575314063291,nan,3212890623.9043856,3213363184.0847783,2490.3564676657033,2490.3564676657033,1951.4809045857232,1951.4809045857232,candidate,refined,strongest_peak,1,measured,quality_gated_measurement,false,ch2,automatic
0.000184438953140634,nan,3212890623.9043856,3210864641.547904,2488.4200971996256,2488.4200971996256,1949.9759730988369,1949.9759730988369,candidate,refined,strongest_peak,1,measured,quality_gated_measurement,false,ch2,automatic
0.00018444215314063509,nan,3193359373.9110456,3192933939.2781777,2474.5238029405878,2474.5238029405878,1939.1756032432545,1939.1756032432545,candidate,refined,strongest_peak,1,measured,quality_gated_measurement,false,ch2,automatic
0.00018444535314063619,nan,3173828123.917706,3174339620.2036242,2460.113205657809,2460.113205657809,1927.9749854374966,1927.9749854374966,candidate,refined,strongest_peak,1,measured,quality_gated_measurement,false,ch2,automatic
0.00018444855314063728,nan,3193359373.9110456,nan,nan,nan,nan,nan,candidate,refined,strongest_peak,1,ambiguous_peak,ambiguous_peak,false,ch2,automatic
0.00018445175314063837,nan,3232421873.8977251,nan,nan,nan,nan,nan,candidate,refined,strongest_peak,1,ambiguous_peak,ambiguous_peak,false,ch2,automatic
0.00018445495314063946,nan,3222656248.9010553,3222416570.0041437,2497.3728417532116,2497.3728417532116,1956.9338935384087,1956.9338935384087,candidate,refined,strongest_peak,1,measured,quality_gated_measurement,false,ch2,automatic
0.00018445815314064055,nan,3212890623.9043856,3211357411.302053,2488.8019937590911,2488.8019937590911,1950.2727807803622,1950.2727807803622,candidate,refined,strongest_peak,1,measured,quality_gated_measurement,false,ch2,automatic
0.00018446135314064164,nan,3222656248.9010553,3218012863.9742723,2493.9599695800612,2493.9599695800612,1954.2814916320394,1954.2814916320394,candidate,refined,strongest_peak,1,measured,quality_gated_measurement,false,ch2,automatic
0.00018446455314064273,nan,3232421873.8977251,3229955396.4972634,2503.2154322853789,2503.2154322853789,1961.4745449555594,1961.4745449555594,candidate,refined,strongest_peak,1,measured,quality_gated_measurement,false,ch2,automatic
0.00018446775314064382,nan,3232421873.8977251,3229710593.3065896,2503.0257098126067,2503.0257098126067,1961.3271008333654,1961.3271008333654,candidate,refined,strongest_peak,1,measured,quality_gated_measurement,false,ch2,automatic
0.00018447095314064492,nan,3222656248.9010553,3224709549.9076152,2499.1499011784017,2499.1499011784017,1958.3149694763433,1958.3149694763433,candidate,refined,strongest_peak,1,measured,quality_gated_measurement,false,ch2,automatic
0.00018447415314064601,nan,3222656248.9010553,3224808426.3606777,2499.2265304295252,2499.2265304295252,1958.3745231926994,1958.3745231926994,candidate,refined,strongest_peak,1,measured,quality_gated_measurement,false,ch2,automatic
0.0001844773531406471,nan,3232421873.8977251,3228204168.1369028,2501.8582303060998,2501.8582303060998,1960.4197841025921,1960.4197841025921,candidate,refined,strongest_peak,1,measured,quality_gated_measurement,false,ch2,automatic
0.00018448055314064819,nan,3242187498.8943949,nan,nan,nan,nan,nan,candidate,refined,strongest_peak,1,ambiguous_peak,ambiguous_peak,false,ch2,automatic
0.00018448375314064928,nan,2939453123.9976292,nan,nan,nan,nan,nan,candidate,refined,strongest_peak,1,ambiguous_peak,ambiguous_peak,false,ch2,automatic
0.00018448695314065037,nan,3271484373.8844047,nan,nan,nan,nan,nan,candidate,refined,strongest_peak,1,no_detectable_beat,no_detectable_beat,false,ch2,automatic
0.00018449015314065146,nan,3261718748.8877349,nan,nan,nan,nan,nan,candidate,refined,strongest_peak,1,ambiguous_peak,ambiguous_peak,false,ch2,automatic
0.00018449335314065255,nan,58593749.980019182,nan,nan,nan,nan,nan,candidate,boundary_peak,strongest_peak,1,no_detectable_beat,no_detectable_beat,false,ch2,automatic
0.00018449655314065365,nan,1044921874.6436754,nan,nan,nan,nan,nan,candidate,refined,strongest_peak,1,no_detectable_beat,no_detectable_beat,false,ch2,automatic
0.00018449975314065474,nan,4150390623.5846925,nan,nan,nan,nan,nan,candidate,refined,strongest_peak,1,no_detectable_beat,no_detectable_beat,false,ch2,automatic
0.00018450295314065583,nan,3222656248.9010553,nan,nan,nan,nan,nan,candidate,refined,strongest_peak,1,no_detectable_beat,no_detectable_beat,false,ch2,automatic
0.00018450615314065692,nan,3242187498.8943949,nan,nan,nan,nan,nan,candidate,refined,strongest_peak,1,unstable_detection,unstable_detection,false,ch2,automatic
0.00018450935314065801,nan,3261718748.8877349,nan,nan,nan,nan,nan,candidate,refined,strongest_peak,1,unstable_detection,unstable_detection,false,ch2,automatic
0.0001845125531406591,nan,3261718748.8877349,nan,nan,nan,nan,nan,candidate,refined,strongest_peak,1,no_detectable_beat,no_detectable_beat,false,ch2,automatic
0.00018451575314066019,nan,1240234374.5770729,nan,nan,nan,nan,nan,candidate,refined,strongest_peak,1,ambiguous_peak,ambiguous_peak,false,ch2,automatic
0.00018451895314066128,nan,3173828123.917706,3170838482.8927402,2457.3998242418738,2457.3998242418738,1925.8659532039528,1925.8659532039528,candidate,refined,strongest_peak,1,measured,quality_gated_measurement,false,ch2,automatic
0.00018452215314066238,nan,3183593748.9143758,3188113380.2094646,2470.7878696623352,2470.7878696623352,1936.2719054943359,1936.2719054943359,candidate,refined,strongest_peak,1,measured,quality_gated_measurement,false,ch2,automatic
0.00018452535314066347,nan,3212890623.9043856,3215711755.8838544,2492.1766108099873,2492.1766108099873,1952.8954963880747,1952.8954963880747,candidate,refined,strongest_peak,1,measured,quality_gated_measurement,false,ch2,automatic
0.00018452855314066456,nan,3242187498.8943949,nan,nan,nan,nan,nan,candidate,refined,strongest_peak,1,no_detectable_beat,no_detectable_beat,false,ch2,automatic
0.00018453175314066565,nan,1054687499.6403453,nan,nan,nan,nan,nan,candidate,refined,strongest_peak,1,ambiguous_peak,ambiguous_peak,false,ch2,automatic
0.00018453495314066674,nan,3369140623.8511033,nan,nan,nan,nan,nan,candidate,refined,strongest_peak,1,ambiguous_peak,ambiguous_peak,false,ch2,automatic
0.00018453815314066783,nan,3359374998.8544335,nan,nan,nan,nan,nan,candidate,refined,strongest_peak,1,unstable_detection,unstable_detection,false,ch2,automatic
0.00018454135314066892,nan,3349609373.8577633,nan,nan,nan,nan,nan,candidate,refined,strongest_peak,1,unstable_detection,unstable_detection,false,ch2,automatic
0.00018454455314067001,nan,3222656248.9010553,nan,nan,nan,nan,nan,candidate,refined,strongest_peak,1,ambiguous_peak,ambiguous_peak,false,ch2,automatic
0.00018454775314067111,nan,3183593748.9143758,3180877942.5525784,2465.1804054782483,2465.1804054782483,1931.9135210079764,1931.9135210079764,candidate,refined,strongest_peak,1,measured,quality_gated_measurement,false,ch2,automatic
0.0001845509531406722,nan,3173828123.917706,3169397462.043931,2456.2830330840466,2456.2830330840466,1924.9978984643913,1924.9978984643913,candidate,refined,strongest_peak,1,measured,quality_gated_measurement,false,ch2,automatic
0.00018455415314067329,nan,3183593748.9143758,3180742851.577765,2465.075709972768,2465.075709972768,1931.8321459721869,1931.8321459721869,candidate,refined,strongest_peak,1,measured,quality_gated_measurement,false,ch2,automatic
0.00018455735314067438,nan,3212890623.9043856,3210930905.4751797,2488.4714517432644,2488.4714517432644,1950.0158855593083,1950.0158855593083,candidate,refined,strongest_peak,1,measured,quality_gated_measurement,false,ch2,automatic
0.00018456055314067547,nan,3212890623.9043856,3217536444.1690559,2493.5907442310181,2493.5907442310181,1953.9945368160654,1953.9945368160654,candidate,refined,strongest_peak,1,measured,quality_gated_measurement,false,ch2,automatic
0.00018456375314067656,nan,3222656248.9010553,3220242894.9324479,2495.688243572647,2495.688243572647,1955.624668196137,1955.624668196137,candidate,refined,strongest_peak,1,measured,quality_gated_measurement,false,ch2,automatic
0.00018456695314067765,nan,3271484373.8844047,nan,nan,nan,nan,nan,candidate,refined,strongest_peak,1,ambiguous_peak,ambiguous_peak,false,ch2,automatic
0.00018457015314067874,nan,3154296873.924366,nan,nan,nan,nan,nan,candidate,refined,strongest_peak,1,ambiguous_peak,ambiguous_peak,false,ch2,automatic
