channel_name,time_s,time_relative_to_ridge_start_s,ridge_quality_flag,refinement_status,continuity_status,refined_frequency_hz,previous_refined_frequency_hz,frame_interval_s,frequency_step_hz,absolute_frequency_step_hz,frequency_slope_hz_s,frequency_second_difference_hz,window_name,window_length_samples,overlap_samples,hop_samples,nfft,sample_rate_hz,search_minimum_frequency_hz,search_maximum_frequency_hz,event_start_time_s,analysis_end_time_s,continuity_method,source_path
pdv_channel_1,0.0005539698542600033,-6.981457399967165e-07,pre_event,pre_event,pre_event,,,,,,,,hann,768,640,128,4096,39999999986.359764,100000000.0,2000000000.0,0.000554668,0.00055545,"first difference and time slope from adjacent refined candidate frames; second difference from three adjacent refined candidate frames; no thresholding, smoothing, interpolation, or ridge modification",D:\Code\Python_Projects\DPS_Studio\data\raw\20260607.csv
pdv_channel_1,0.0005539730542600044,-6.949457399956253e-07,pre_event,pre_event,pre_event,,,,,,,,hann,768,640,128,4096,39999999986.359764,100000000.0,2000000000.0,0.000554668,0.00055545,"first difference and time slope from adjacent refined candidate frames; second difference from three adjacent refined candidate frames; no thresholding, smoothing, interpolation, or ridge modification",D:\Code\Python_Projects\DPS_Studio\data\raw\20260607.csv
pdv_channel_1,0.0005539762542600055,-6.917457399945341e-07,pre_event,pre_event,pre_event,,,,,,,,hann,768,640,128,4096,39999999986.359764,100000000.0,2000000000.0,0.000554668,0.00055545,"first difference and time slope from adjacent refined candidate frames; second difference from three adjacent refined candidate frames; no thresholding, smoothing, interpolation, or ridge modification",D:\Code\Python_Projects\DPS_Studio\data\raw\20260607.csv
pdv_channel_1,0.0005539794542600066,-6.885457399934429e-07,pre_event,pre_event,pre_event,,,,,,,,hann,768,640,128,4096,39999999986.359764,100000000.0,2000000000.0,0.000554668,0.00055545,"first difference and time slope from adjacent refined candidate frames; second difference from three adjacent refined candidate frames; no thresholding, smoothing, interpolation, or ridge modification",D:\Code\Python_Projects\DPS_Studio\data\raw\20260607.csv
pdv_channel_1,0.0005539826542600077,-6.853457399923516e-07,pre_event,pre_event,pre_event,,,,,,,,hann,768,640,128,4096,39999999986.359764,100000000.0,2000000000.0,0.000554668,0.00055545,"first difference and time slope from adjacent refined candidate frames; second difference from three adjacent refined candidate frames; no thresholding, smoothing, interpolation, or ridge modification",D:\Code\Python_Projects\DPS_Studio\data\raw\20260607.csv
pdv_channel_1,0.0005539858542600088,-6.821457399912604e-07,pre_event,pre_event,pre_event,,,,,,,,hann,768,640,128,4096,39999999986.359764,100000000.0,2000000000.0,0.000554668,0.00055545,"first difference and time slope from adjacent refined candidate frames; second difference from three adjacent refined candidate frames; no thresholding, smoothing, interpolation, or ridge modification",D:\Code\Python_Projects\DPS_Studio\data\raw\20260607.csv
pdv_channel_1,0.0005539890542600099,-6.789457399901692e-07,pre_event,pre_event,pre_event,,,,,,,,hann,768,640,128,4096,39999999986.359764,100000000.0,2000000000.0,0.000554668,0.00055545,"first difference and time slope from adjacent refined candidate frames; second difference from three adjacent refined candidate frames; no thresholding, smoothing, interpolation, or ridge modification",D:\Code\Python_Projects\DPS_Studio\data\raw\20260607.csv
pdv_channel_1,0.0005539922542600109,-6.75745739989078e-07,pre_event,pre_event,pre_event,,,,,,,,hann,768,640,128,4096,39999999986.359764,100000000.0,2000000000.0,0.000554668,0.00055545,"first difference and time slope from adjacent refined candidate frames; second difference from three adjacent refined candidate frames; no thresholding, smoothing, interpolation, or ridge modification",D:\Code\Python_Projects\DPS_Studio\data\raw\20260607.csv
pdv_channel_1,0.000553995454260012,-6.725457399879868e-07,pre_event,pre_event,pre_event,,,,,,,,hann,768,640,128,4096,39999999986.359764,100000000.0,2000000000.0,0.000554668,0.00055545,"first difference and time slope from adjacent refined candidate frames; second difference from three adjacent refined candidate frames; no thresholding, smoothing, interpolation, or ridge modification",D:\Code\Python_Projects\DPS_Studio\data\raw\20260607.csv
pdv_channel_1,0.0005539986542600131,-6.693457399868956e-07,pre_event,pre_event,pre_event,,,,,,,,hann,768,640,128,4096,39999999986.359764,100000000.0,2000000000.0,0.000554668,0.00055545,"first difference and time slope from adjacent refined candidate frames; second difference from three adjacent refined candidate frames; no thresholding, smoothing, interpolation, or ridge modification",D:\Code\Python_Projects\DPS_Studio\data\raw\20260607.csv
pdv_channel_1,0.0005540018542600142,-6.661457399858043e-07,pre_event,pre_event,pre_event,,,,,,,,hann,768,640,128,4096,39999999986.359764,100000000.0,2000000000.0,0.000554668,0.00055545,"first difference and time slope from adjacent refined candidate frames; second difference from three adjacent refined candidate frames; no thresholding, smoothing, interpolation, or ridge modification",D:\Code\Python_Projects\DPS_Studio\data\raw\20260607.csv
pdv_channel_1,0.0005540050542600153,-6.629457399847131e-07,pre_event,pre_event,pre_event,,,,,,,,hann,768,640,128,4096,39999999986.359764,100000000.0,2000000000.0,0.000554668,0.00055545,"first difference and time slope from adjacent refined candidate frames; second difference from three adjacent refined candidate frames; no thresholding, smoothing, interpolation, or ridge modification",D:\Code\Python_Projects\DPS_Studio\data\raw\20260607.csv
pdv_channel_1,0.0005540082542600164,-6.597457399836219e-07,pre_event,pre_event,pre_event,,,,,,,,hann,768,640,128,4096,39999999986.359764,100000000.0,2000000000.0,0.000554668,0.00055545,"first difference and time slope from adjacent refined candidate frames; second difference from three adjacent refined candidate frames; no thresholding, smoothing, interpolation, or ridge modification",D:\Code\Python_Projects\DPS_Studio\data\raw\20260607.csv
pdv_channel_1,0.0005540114542600175,-6.565457399825307e-07,pre_event,pre_event,pre_event,,,,,,,,hann,768,640,128,4096,39999999986.359764,100000000.0,2000000000.0,0.000554668,0.00055545,"first difference and time slope from adjacent refined candidate frames; second difference from three adjacent refined candidate frames; no thresholding, smoothing, interpolation, or ridge modification",D:\Code\Python_Projects\DPS_Studio\data\raw\20260607.csv
pdv_channel_1,0.0005540146542600186,-6.533457399814395e-07,pre_event,pre_event,pre_event,,,,,,,,hann,768,640,128,4096,39999999986.359764,100000000.0,2000000000.0,0.000554668,0.00055545,"first difference and time slope from adjacent refined candidate frames; second difference from three adjacent refined candidate frames; no thresholding, smoothing, interpolation, or ridge modification",D:\Code\Python_Projects\DPS_Studio\data\raw\20260607.csv
pdv_channel_1,0.0005540178542600197,-6.501457399803482e-07,pre_event,pre_event,pre_event,,,,,,,,hann,768,640,128,4096,39999999986.359764,100000000.0,2000000000.0,0.000554668,0.00055545,"first difference and time slope from adjacent refined candidate frames; second difference from three adjacent refined candidate frames; no thresholding, smoothing, interpolation, or ridge modification",D:\Code\Python_Projects\DPS_Studio\data\raw\20260607.csv
pdv_channel_1,0.0005540210542600208,-6.46945739979257e-07,pre_event,pre_event,pre_event,,,,,,,,hann,768,640,128,4096,39999999986.359764,100000000.0,2000000000.0,0.000554668,0.00055545,"first difference and time slope from adjacent refined candidate frames; second difference from three adjacent refined candidate frames; no thresholding, smoothing, interpolation, or ridge modification",D:\Code\Python_Projects\DPS_Studio\data\raw\20260607.csv
pdv_channel_1,0.0005540242542600219,-6.437457399781658e-07,pre_event,pre_event,pre_event,,,,,,,,hann,768,640,128,4096,39999999986.359764,100000000.0,2000000000.0,0.000554668,0.00055545,"first difference and time slope from adjacent refined candidate frames; second difference from three adjacent refined candidate frames; no thresholding, smoothing, interpolation, or ridge modification",D:\Code\Python_Projects\DPS_Studio\data\raw\20260607.csv
pdv_channel_1,0.000554027454260023,-6.405457399770746e-07,pre_event,pre_event,pre_event,,,,,,,,hann,768,640,128,4096,39999999986.359764,100000000.0,2000000000.0,0.000554668,0.00055545,"first difference and time slope from adjacent refined candidate frames; second difference from three adjacent refined candidate frames; no thresholding, smoothing, interpolation, or ridge modification",D:\Code\Python_Projects\DPS_Studio\data\raw\20260607.csv
pdv_channel_1,0.000554030654260024,-6.373457399759834e-07,pre_event,pre_event,pre_event,,,,,,,,hann,768,640,128,4096,39999999986.359764,100000000.0,2000000000.0,0.000554668,0.00055545,"first difference and time slope from adjacent refined candidate frames; second difference from three adjacent refined candidate frames; no thresholding, smoothing, interpolation, or ridge modification",D:\Code\Python_Projects\DPS_Studio\data\raw\20260607.csv
pdv_channel_1,0.0005540338542600251,-6.341457399748921e-07,pre_event,pre_event,pre_event,,,,,,,,hann,768,640,128,4096,39999999986.359764,100000000.0,2000000000.0,0.000554668,0.00055545,"first difference and time slope from adjacent refined candidate frames; second difference from three adjacent refined candidate frames; no thresholding, smoothing, interpolation, or ridge modification",D:\Code\Python_Projects\DPS_Studio\data\raw\20260607.csv
pdv_channel_1,0.0005540370542600262,-6.309457399738009e-07,pre_event,pre_event,pre_event,,,,,,,,hann,768,640,128,4096,39999999986.359764,100000000.0,2000000000.0,0.000554668,0.00055545,"first difference and time slope from adjacent refined candidate frames; second difference from three adjacent refined candidate frames; no thresholding, smoothing, interpolation, or ridge modification",D:\Code\Python_Projects\DPS_Studio\data\raw\20260607.csv
pdv_channel_1,0.0005540402542600273,-6.277457399727097e-07,pre_event,pre_event,pre_event,,,,,,,,hann,768,640,128,4096,39999999986.359764,100000000.0,2000000000.0,0.000554668,0.00055545,"first difference and time slope from adjacent refined candidate frames; second difference from three adjacent refined candidate frames; no thresholding, smoothing, interpolation, or ridge modification",D:\Code\Python_Projects\DPS_Studio\data\raw\20260607.csv
pdv_channel_1,0.0005540434542600284,-6.245457399716185e-07,pre_event,pre_event,pre_event,,,,,,,,hann,768,640,128,4096,39999999986.359764,100000000.0,2000000000.0,0.000554668,0.00055545,"first difference and time slope from adjacent refined candidate frames; second difference from three adjacent refined candidate frames; no thresholding, smoothing, interpolation, or ridge modification",D:\Code\Python_Projects\DPS_Studio\data\raw\20260607.csv
pdv_channel_1,0.0005540466542600295,-6.213457399705273e-07,pre_event,pre_event,pre_event,,,,,,,,hann,768,640,128,4096,39999999986.359764,100000000.0,2000000000.0,0.000554668,0.00055545,"first difference and time slope from adjacent refined candidate frames; second difference from three adjacent refined candidate frames; no thresholding, smoothing, interpolation, or ridge modification",D:\Code\Python_Projects\DPS_Studio\data\raw\20260607.csv
pdv_channel_1,0.0005540498542600306,-6.18145739969436e-07,pre_event,pre_event,pre_event,,,,,,,,hann,768,640,128,4096,39999999986.359764,100000000.0,2000000000.0,0.000554668,0.00055545,"first difference and time slope from adjacent refined candidate frames; second difference from three adjacent refined candidate frames; no thresholding, smoothing, interpolation, or ridge modification",D:\Code\Python_Projects\DPS_Studio\data\raw\20260607.csv
pdv_channel_1,0.0005540530542600317,-6.149457399683448e-07,pre_event,pre_event,pre_event,,,,,,,,hann,768,640,128,4096,39999999986.359764,100000000.0,2000000000.0,0.000554668,0.00055545,"first difference and time slope from adjacent refined candidate frames; second difference from three adjacent refined candidate frames; no thresholding, smoothing, interpolation, or ridge modification",D:\Code\Python_Projects\DPS_Studio\data\raw\20260607.csv
pdv_channel_1,0.0005540562542600328,-6.117457399672536e-07,pre_event,pre_event,pre_event,,,,,,,,hann,768,640,128,4096,39999999986.359764,100000000.0,2000000000.0,0.000554668,0.00055545,"first difference and time slope from adjacent refined candidate frames; second difference from three adjacent refined candidate frames; no thresholding, smoothing, interpolation, or ridge modification",D:\Code\Python_Projects\DPS_Studio\data\raw\20260607.csv
pdv_channel_1,0.0005540594542600339,-6.085457399661624e-07,pre_event,pre_event,pre_event,,,,,,,,hann,768,640,128,4096,39999999986.359764,100000000.0,2000000000.0,0.000554668,0.00055545,"first difference and time slope from adjacent refined candidate frames; second difference from three adjacent refined candidate frames; no thresholding, smoothing, interpolation, or ridge modification",D:\Code\Python_Projects\DPS_Studio\data\raw\20260607.csv
pdv_channel_1,0.000554062654260035,-6.053457399650712e-07,pre_event,pre_event,pre_event,,,,,,,,hann,768,640,128,4096,39999999986.359764,100000000.0,2000000000.0,0.000554668,0.00055545,"first difference and time slope from adjacent refined candidate frames; second difference from three adjacent refined candidate frames; no thresholding, smoothing, interpolation, or ridge modification",D:\Code\Python_Projects\DPS_Studio\data\raw\20260607.csv
pdv_channel_1,0.000554065854260036,-6.0214573996398e-07,pre_event,pre_event,pre_event,,,,,,,,hann,768,640,128,4096,39999999986.359764,100000000.0,2000000000.0,0.000554668,0.00055545,"first difference and time slope from adjacent refined candidate frames; second difference from three adjacent refined candidate frames; no thresholding, smoothing, interpolation, or ridge modification",D:\Code\Python_Projects\DPS_Studio\data\raw\20260607.csv
pdv_channel_1,0.0005540690542600371,-5.989457399628887e-07,pre_event,pre_event,pre_event,,,,,,,,hann,768,640,128,4096,39999999986.359764,100000000.0,2000000000.0,0.000554668,0.00055545,"first difference and time slope from adjacent refined candidate frames; second difference from three adjacent refined candidate frames; no thresholding, smoothing, interpolation, or ridge modification",D:\Code\Python_Projects\DPS_Studio\data\raw\20260607.csv
pdv_channel_1,0.0005540722542600382,-5.957457399617975e-07,pre_event,pre_event,pre_event,,,,,,,,hann,768,640,128,4096,39999999986.359764,100000000.0,2000000000.0,0.000554668,0.00055545,"first difference and time slope from adjacent refined candidate frames; second difference from three adjacent refined candidate frames; no thresholding, smoothing, interpolation, or ridge modification",D:\Code\Python_Projects\DPS_Studio\data\raw\20260607.csv
pdv_channel_1,0.0005540754542600393,-5.925457399607063e-07,pre_event,pre_event,pre_event,,,,,,,,hann,768,640,128,4096,39999999986.359764,100000000.0,2000000000.0,0.000554668,0.00055545,"first difference and time slope from adjacent refined candidate frames; second difference from three adjacent refined candidate frames; no thresholding, smoothing, interpolation, or ridge modification",D:\Code\Python_Projects\DPS_Studio\data\raw\20260607.csv
pdv_channel_1,0.0005540786542600404,-5.893457399596151e-07,pre_event,pre_event,pre_event,,,,,,,,hann,768,640,128,4096,39999999986.359764,100000000.0,2000000000.0,0.000554668,0.00055545,"first difference and time slope from adjacent refined candidate frames; second difference from three adjacent refined candidate frames; no thresholding, smoothing, interpolation, or ridge modification",D:\Code\Python_Projects\DPS_Studio\data\raw\20260607.csv
pdv_channel_1,0.0005540818542600415,-5.861457399585239e-07,pre_event,pre_event,pre_event,,,,,,,,hann,768,640,128,4096,39999999986.359764,100000000.0,2000000000.0,0.000554668,0.00055545,"first difference and time slope from adjacent refined candidate frames; second difference from three adjacent refined candidate frames; no thresholding, smoothing, interpolation, or ridge modification",D:\Code\Python_Projects\DPS_Studio\data\raw\20260607.csv
pdv_channel_1,0.0005540850542600426,-5.829457399574326e-07,pre_event,pre_event,pre_event,,,,,,,,hann,768,640,128,4096,39999999986.359764,100000000.0,2000000000.0,0.000554668,0.00055545,"first difference and time slope from adjacent refined candidate frames; second difference from three adjacent refined candidate frames; no thresholding, smoothing, interpolation, or ridge modification",D:\Code\Python_Projects\DPS_Studio\data\raw\20260607.csv
pdv_channel_1,0.0005540882542600437,-5.797457399563414e-07,pre_event,pre_event,pre_event,,,,,,,,hann,768,640,128,4096,39999999986.359764,100000000.0,2000000000.0,0.000554668,0.00055545,"first difference and time slope from adjacent refined candidate frames; second difference from three adjacent refined candidate frames; no thresholding, smoothing, interpolation, or ridge modification",D:\Code\Python_Projects\DPS_Studio\data\raw\20260607.csv
pdv_channel_1,0.0005540914542600448,-5.765457399552502e-07,pre_event,pre_event,pre_event,,,,,,,,hann,768,640,128,4096,39999999986.359764,100000000.0,2000000000.0,0.000554668,0.00055545,"first difference and time slope from adjacent refined candidate frames; second difference from three adjacent refined candidate frames; no thresholding, smoothing, interpolation, or ridge modification",D:\Code\Python_Projects\DPS_Studio\data\raw\20260607.csv
pdv_channel_1,0.0005540946542600459,-5.73345739954159e-07,pre_event,pre_event,pre_event,,,,,,,,hann,768,640,128,4096,39999999986.359764,100000000.0,2000000000.0,0.000554668,0.00055545,"first difference and time slope from adjacent refined candidate frames; second difference from three adjacent refined candidate frames; no thresholding, smoothing, interpolation, or ridge modification",D:\Code\Python_Projects\DPS_Studio\data\raw\20260607.csv
pdv_channel_1,0.000554097854260047,-5.701457399530678e-07,pre_event,pre_event,pre_event,,,,,,,,hann,768,640,128,4096,39999999986.359764,100000000.0,2000000000.0,0.000554668,0.00055545,"first difference and time slope from adjacent refined candidate frames; second difference from three adjacent refined candidate frames; no thresholding, smoothing, interpolation, or ridge modification",D:\Code\Python_Projects\DPS_Studio\data\raw\20260607.csv
pdv_channel_1,0.000554101054260048,-5.669457399519766e-07,pre_event,pre_event,pre_event,,,,,,,,hann,768,640,128,4096,39999999986.359764,100000000.0,2000000000.0,0.000554668,0.00055545,"first difference and time slope from adjacent refined candidate frames; second difference from three adjacent refined candidate frames; no thresholding, smoothing, interpolation, or ridge modification",D:\Code\Python_Projects\DPS_Studio\data\raw\20260607.csv
pdv_channel_1,0.0005541042542600491,-5.637457399508853e-07,pre_event,pre_event,pre_event,,,,,,,,hann,768,640,128,4096,39999999986.359764,100000000.0,2000000000.0,0.000554668,0.00055545,"first difference and time slope from adjacent refined candidate frames; second difference from three adjacent refined candidate frames; no thresholding, smoothing, interpolation, or ridge modification",D:\Code\Python_Projects\DPS_Studio\data\raw\20260607.csv
pdv_channel_1,0.0005541074542600502,-5.605457399497941e-07,pre_event,pre_event,pre_event,,,,,,,,hann,768,640,128,4096,39999999986.359764,100000000.0,2000000000.0,0.000554668,0.00055545,"first difference and time slope from adjacent refined candidate frames; second difference from three adjacent refined candidate frames; no thresholding, smoothing, interpolation, or ridge modification",D:\Code\Python_Projects\DPS_Studio\data\raw\20260607.csv
pdv_channel_1,0.0005541106542600513,-5.573457399487029e-07,pre_event,pre_event,pre_event,,,,,,,,hann,768,640,128,4096,39999999986.359764,100000000.0,2000000000.0,0.000554668,0.00055545,"first difference and time slope from adjacent refined candidate frames; second difference from three adjacent refined candidate frames; no thresholding, smoothing, interpolation, or ridge modification",D:\Code\Python_Projects\DPS_Studio\data\raw\20260607.csv
pdv_channel_1,0.0005541138542600524,-5.541457399476117e-07,pre_event,pre_event,pre_event,,,,,,,,hann,768,640,128,4096,39999999986.359764,100000000.0,2000000000.0,0.000554668,0.00055545,"first difference and time slope from adjacent refined candidate frames; second difference from three adjacent refined candidate frames; no thresholding, smoothing, interpolation, or ridge modification",D:\Code\Python_Projects\DPS_Studio\data\raw\20260607.csv
pdv_channel_1,0.0005541170542600535,-5.509457399465205e-07,pre_event,pre_event,pre_event,,,,,,,,hann,768,640,128,4096,39999999986.359764,100000000.0,2000000000.0,0.000554668,0.00055545,"first difference and time slope from adjacent refined candidate frames; second difference from three adjacent refined candidate frames; no thresholding, smoothing, interpolation, or ridge modification",D:\Code\Python_Projects\DPS_Studio\data\raw\20260607.csv
pdv_channel_1,0.0005541202542600546,-5.477457399454292e-07,pre_event,pre_event,pre_event,,,,,,,,hann,768,640,128,4096,39999999986.359764,100000000.0,2000000000.0,0.000554668,0.00055545,"first difference and time slope from adjacent refined candidate frames; second difference from three adjacent refined candidate frames; no thresholding, smoothing, interpolation, or ridge modification",D:\Code\Python_Projects\DPS_Studio\data\raw\20260607.csv
pdv_channel_1,0.0005541234542600557,-5.44545739944338e-07,pre_event,pre_event,pre_event,,,,,,,,hann,768,640,128,4096,39999999986.359764,100000000.0,2000000000.0,0.000554668,0.00055545,"first difference and time slope from adjacent refined candidate frames; second difference from three adjacent refined candidate frames; no thresholding, smoothing, interpolation, or ridge modification",D:\Code\Python_Projects\DPS_Studio\data\raw\20260607.csv
pdv_channel_1,0.0005541266542600568,-5.413457399432468e-07,pre_event,pre_event,pre_event,,,,,,,,hann,768,640,128,4096,39999999986.359764,100000000.0,2000000000.0,0.000554668,0.00055545,"first difference and time slope from adjacent refined candidate frames; second difference from three adjacent refined candidate frames; no thresholding, smoothing, interpolation, or ridge modification",D:\Code\Python_Projects\DPS_Studio\data\raw\20260607.csv
pdv_channel_1,0.0005541298542600579,-5.381457399421556e-07,pre_event,pre_event,pre_event,,,,,,,,hann,768,640,128,4096,39999999986.359764,100000000.0,2000000000.0,0.000554668,0.00055545,"first difference and time slope from adjacent refined candidate frames; second difference from three adjacent refined candidate frames; no thresholding, smoothing, interpolation, or ridge modification",D:\Code\Python_Projects\DPS_Studio\data\raw\20260607.csv
pdv_channel_1,0.000554133054260059,-5.349457399410644e-07,pre_event,pre_event,pre_event,,,,,,,,hann,768,640,128,4096,39999999986.359764,100000000.0,2000000000.0,0.000554668,0.00055545,"first difference and time slope from adjacent refined candidate frames; second difference from three adjacent refined candidate frames; no thresholding, smoothing, interpolation, or ridge modification",D:\Code\Python_Projects\DPS_Studio\data\raw\20260607.csv
pdv_channel_1,0.00055413625426006,-5.317457399399731e-07,pre_event,pre_event,pre_event,,,,,,,,hann,768,640,128,4096,39999999986.359764,100000000.0,2000000000.0,0.000554668,0.00055545,"first difference and time slope from adjacent refined candidate frames; second difference from three adjacent refined candidate frames; no thresholding, smoothing, interpolation, or ridge modification",D:\Code\Python_Projects\DPS_Studio\data\raw\20260607.csv
pdv_channel_1,0.0005541394542600611,-5.285457399388819e-07,pre_event,pre_event,pre_event,,,,,,,,hann,768,640,128,4096,39999999986.359764,100000000.0,2000000000.0,0.000554668,0.00055545,"first difference and time slope from adjacent refined candidate frames; second difference from three adjacent refined candidate frames; no thresholding, smoothing, interpolation, or ridge modification",D:\Code\Python_Projects\DPS_Studio\data\raw\20260607.csv
pdv_channel_1,0.0005541426542600622,-5.253457399377907e-07,pre_event,pre_event,pre_event,,,,,,,,hann,768,640,128,4096,39999999986.359764,100000000.0,2000000000.0,0.000554668,0.00055545,"first difference and time slope from adjacent refined candidate frames; second difference from three adjacent refined candidate frames; no thresholding, smoothing, interpolation, or ridge modification",D:\Code\Python_Projects\DPS_Studio\data\raw\20260607.csv
pdv_channel_1,0.0005541458542600633,-5.221457399366995e-07,pre_event,pre_event,pre_event,,,,,,,,hann,768,640,128,4096,39999999986.359764,100000000.0,2000000000.0,0.000554668,0.00055545,"first difference and time slope from adjacent refined candidate frames; second difference from three adjacent refined candidate frames; no thresholding, smoothing, interpolation, or ridge modification",D:\Code\Python_Projects\DPS_Studio\data\raw\20260607.csv
pdv_channel_1,0.0005541490542600644,-5.189457399356083e-07,pre_event,pre_event,pre_event,,,,,,,,hann,768,640,128,4096,39999999986.359764,100000000.0,2000000000.0,0.000554668,0.00055545,"first difference and time slope from adjacent refined candidate frames; second difference from three adjacent refined candidate frames; no thresholding, smoothing, interpolation, or ridge modification",D:\Code\Python_Projects\DPS_Studio\data\raw\20260607.csv
pdv_channel_1,0.0005541522542600655,-5.15745739934517e-07,pre_event,pre_event,pre_event,,,,,,,,hann,768,640,128,4096,39999999986.359764,100000000.0,2000000000.0,0.000554668,0.00055545,"first difference and time slope from adjacent refined candidate frames; second difference from three adjacent refined candidate frames; no thresholding, smoothing, interpolation, or ridge modification",D:\Code\Python_Projects\DPS_Studio\data\raw\20260607.csv
pdv_channel_1,0.0005541554542600666,-5.125457399334258e-07,pre_event,pre_event,pre_event,,,,,,,,hann,768,640,128,4096,39999999986.359764,100000000.0,2000000000.0,0.000554668,0.00055545,"first difference and time slope from adjacent refined candidate frames; second difference from three adjacent refined candidate frames; no thresholding, smoothing, interpolation, or ridge modification",D:\Code\Python_Projects\DPS_Studio\data\raw\20260607.csv
pdv_channel_1,0.0005541586542600677,-5.093457399323346e-07,pre_event,pre_event,pre_event,,,,,,,,hann,768,640,128,4096,39999999986.359764,100000000.0,2000000000.0,0.000554668,0.00055545,"first difference and time slope from adjacent refined candidate frames; second difference from three adjacent refined candidate frames; no thresholding, smoothing, interpolation, or ridge modification",D:\Code\Python_Projects\DPS_Studio\data\raw\20260607.csv
pdv_channel_1,0.0005541618542600688,-5.061457399312434e-07,pre_event,pre_event,pre_event,,,,,,,,hann,768,640,128,4096,39999999986.359764,100000000.0,2000000000.0,0.000554668,0.00055545,"first difference and time slope from adjacent refined candidate frames; second difference from three adjacent refined candidate frames; no thresholding, smoothing, interpolation, or ridge modification",D:\Code\Python_Projects\DPS_Studio\data\raw\20260607.csv
pdv_channel_1,0.0005541650542600699,-5.029457399301522e-07,pre_event,pre_event,pre_event,,,,,,,,hann,768,640,128,4096,39999999986.359764,100000000.0,2000000000.0,0.000554668,0.00055545,"first difference and time slope from adjacent refined candidate frames; second difference from three adjacent refined candidate frames; no thresholding, smoothing, interpolation, or ridge modification",D:\Code\Python_Projects\DPS_Studio\data\raw\20260607.csv
pdv_channel_1,0.000554168254260071,-4.99745739929061e-07,pre_event,pre_event,pre_event,,,,,,,,hann,768,640,128,4096,39999999986.359764,100000000.0,2000000000.0,0.000554668,0.00055545,"first difference and time slope from adjacent refined candidate frames; second difference from three adjacent refined candidate frames; no thresholding, smoothing, interpolation, or ridge modification",D:\Code\Python_Projects\DPS_Studio\data\raw\20260607.csv
pdv_channel_1,0.000554171454260072,-4.965457399279697e-07,pre_event,pre_event,pre_event,,,,,,,,hann,768,640,128,4096,39999999986.359764,100000000.0,2000000000.0,0.000554668,0.00055545,"first difference and time slope from adjacent refined candidate frames; second difference from three adjacent refined candidate frames; no thresholding, smoothing, interpolation, or ridge modification",D:\Code\Python_Projects\DPS_Studio\data\raw\20260607.csv
pdv_channel_1,0.0005541746542600731,-4.933457399268785e-07,pre_event,pre_event,pre_event,,,,,,,,hann,768,640,128,4096,39999999986.359764,100000000.0,2000000000.0,0.000554668,0.00055545,"first difference and time slope from adjacent refined candidate frames; second difference from three adjacent refined candidate frames; no thresholding, smoothing, interpolation, or ridge modification",D:\Code\Python_Projects\DPS_Studio\data\raw\20260607.csv
pdv_channel_1,0.0005541778542600742,-4.901457399257873e-07,pre_event,pre_event,pre_event,,,,,,,,hann,768,640,128,4096,39999999986.359764,100000000.0,2000000000.0,0.000554668,0.00055545,"first difference and time slope from adjacent refined candidate frames; second difference from three adjacent refined candidate frames; no thresholding, smoothing, interpolation, or ridge modification",D:\Code\Python_Projects\DPS_Studio\data\raw\20260607.csv
pdv_channel_1,0.0005541810542600753,-4.869457399246961e-07,pre_event,pre_event,pre_event,,,,,,,,hann,768,640,128,4096,39999999986.359764,100000000.0,2000000000.0,0.000554668,0.00055545,"first difference and time slope from adjacent refined candidate frames; second difference from three adjacent refined candidate frames; no thresholding, smoothing, interpolation, or ridge modification",D:\Code\Python_Projects\DPS_Studio\data\raw\20260607.csv
pdv_channel_1,0.0005541842542600764,-4.837457399236049e-07,pre_event,pre_event,pre_event,,,,,,,,hann,768,640,128,4096,39999999986.359764,100000000.0,2000000000.0,0.000554668,0.00055545,"first difference and time slope from adjacent refined candidate frames; second difference from three adjacent refined candidate frames; no thresholding, smoothing, interpolation, or ridge modification",D:\Code\Python_Projects\DPS_Studio\data\raw\20260607.csv
pdv_channel_1,0.0005541874542600775,-4.805457399225136e-07,pre_event,pre_event,pre_event,,,,,,,,hann,768,640,128,4096,39999999986.359764,100000000.0,2000000000.0,0.000554668,0.00055545,"first difference and time slope from adjacent refined candidate frames; second difference from three adjacent refined candidate frames; no thresholding, smoothing, interpolation, or ridge modification",D:\Code\Python_Projects\DPS_Studio\data\raw\20260607.csv
pdv_channel_1,0.0005541906542600786,-4.773457399214224e-07,pre_event,pre_event,pre_event,,,,,,,,hann,768,640,128,4096,39999999986.359764,100000000.0,2000000000.0,0.000554668,0.00055545,"first difference and time slope from adjacent refined candidate frames; second difference from three adjacent refined candidate frames; no thresholding, smoothing, interpolation, or ridge modification",D:\Code\Python_Projects\DPS_Studio\data\raw\20260607.csv
pdv_channel_1,0.0005541938542600797,-4.741457399203312e-07,pre_event,pre_event,pre_event,,,,,,,,hann,768,640,128,4096,39999999986.359764,100000000.0,2000000000.0,0.000554668,0.00055545,"first difference and time slope from adjacent refined candidate frames; second difference from three adjacent refined candidate frames; no thresholding, smoothing, interpolation, or ridge modification",D:\Code\Python_Projects\DPS_Studio\data\raw\20260607.csv
pdv_channel_1,0.0005541970542600808,-4.7094573991924e-07,pre_event,pre_event,pre_event,,,,,,,,hann,768,640,128,4096,39999999986.359764,100000000.0,2000000000.0,0.000554668,0.00055545,"first difference and time slope from adjacent refined candidate frames; second difference from three adjacent refined candidate frames; no thresholding, smoothing, interpolation, or ridge modification",D:\Code\Python_Projects\DPS_Studio\data\raw\20260607.csv
pdv_channel_1,0.0005542002542600819,-4.6774573991814877e-07,pre_event,pre_event,pre_event,,,,,,,,hann,768,640,128,4096,39999999986.359764,100000000.0,2000000000.0,0.000554668,0.00055545,"first difference and time slope from adjacent refined candidate frames; second difference from three adjacent refined candidate frames; no thresholding, smoothing, interpolation, or ridge modification",D:\Code\Python_Projects\DPS_Studio\data\raw\20260607.csv
pdv_channel_1,0.000554203454260083,-4.6454573991705755e-07,pre_event,pre_event,pre_event,,,,,,,,hann,768,640,128,4096,39999999986.359764,100000000.0,2000000000.0,0.000554668,0.00055545,"first difference and time slope from adjacent refined candidate frames; second difference from three adjacent refined candidate frames; no thresholding, smoothing, interpolation, or ridge modification",D:\Code\Python_Projects\DPS_Studio\data\raw\20260607.csv
pdv_channel_1,0.0005542066542600841,-4.6134573991596633e-07,pre_event,pre_event,pre_event,,,,,,,,hann,768,640,128,4096,39999999986.359764,100000000.0,2000000000.0,0.000554668,0.00055545,"first difference and time slope from adjacent refined candidate frames; second difference from three adjacent refined candidate frames; no thresholding, smoothing, interpolation, or ridge modification",D:\Code\Python_Projects\DPS_Studio\data\raw\20260607.csv
pdv_channel_1,0.0005542098542600851,-4.581457399148751e-07,pre_event,pre_event,pre_event,,,,,,,,hann,768,640,128,4096,39999999986.359764,100000000.0,2000000000.0,0.000554668,0.00055545,"first difference and time slope from adjacent refined candidate frames; second difference from three adjacent refined candidate frames; no thresholding, smoothing, interpolation, or ridge modification",D:\Code\Python_Projects\DPS_Studio\data\raw\20260607.csv
pdv_channel_1,0.0005542130542600862,-4.549457399137839e-07,pre_event,pre_event,pre_event,,,,,,,,hann,768,640,128,4096,39999999986.359764,100000000.0,2000000000.0,0.000554668,0.00055545,"first difference and time slope from adjacent refined candidate frames; second difference from three adjacent refined candidate frames; no thresholding, smoothing, interpolation, or ridge modification",D:\Code\Python_Projects\DPS_Studio\data\raw\20260607.csv
pdv_channel_1,0.0005542162542600873,-4.5174573991269267e-07,pre_event,pre_event,pre_event,,,,,,,,hann,768,640,128,4096,39999999986.359764,100000000.0,2000000000.0,0.000554668,0.00055545,"first difference and time slope from adjacent refined candidate frames; second difference from three adjacent refined candidate frames; no thresholding, smoothing, interpolation, or ridge modification",D:\Code\Python_Projects\DPS_Studio\data\raw\20260607.csv
pdv_channel_1,0.0005542194542600884,-4.4854573991160145e-07,pre_event,pre_event,pre_event,,,,,,,,hann,768,640,128,4096,39999999986.359764,100000000.0,2000000000.0,0.000554668,0.00055545,"first difference and time slope from adjacent refined candidate frames; second difference from three adjacent refined candidate frames; no thresholding, smoothing, interpolation, or ridge modification",D:\Code\Python_Projects\DPS_Studio\data\raw\20260607.csv
pdv_channel_1,0.0005542226542600895,-4.4534573991051023e-07,pre_event,pre_event,pre_event,,,,,,,,hann,768,640,128,4096,39999999986.359764,100000000.0,2000000000.0,0.000554668,0.00055545,"first difference and time slope from adjacent refined candidate frames; second difference from three adjacent refined candidate frames; no thresholding, smoothing, interpolation, or ridge modification",D:\Code\Python_Projects\DPS_Studio\data\raw\20260607.csv
pdv_channel_1,0.0005542258542600906,-4.42145739909419e-07,pre_event,pre_event,pre_event,,,,,,,,hann,768,640,128,4096,39999999986.359764,100000000.0,2000000000.0,0.000554668,0.00055545,"first difference and time slope from adjacent refined candidate frames; second difference from three adjacent refined candidate frames; no thresholding, smoothing, interpolation, or ridge modification",D:\Code\Python_Projects\DPS_Studio\data\raw\20260607.csv
pdv_channel_1,0.0005542290542600917,-4.389457399083278e-07,pre_event,pre_event,pre_event,,,,,,,,hann,768,640,128,4096,39999999986.359764,100000000.0,2000000000.0,0.000554668,0.00055545,"first difference and time slope from adjacent refined candidate frames; second difference from three adjacent refined candidate frames; no thresholding, smoothing, interpolation, or ridge modification",D:\Code\Python_Projects\DPS_Studio\data\raw\20260607.csv
pdv_channel_1,0.0005542322542600928,-4.357457399072366e-07,pre_event,pre_event,pre_event,,,,,,,,hann,768,640,128,4096,39999999986.359764,100000000.0,2000000000.0,0.000554668,0.00055545,"first difference and time slope from adjacent refined candidate frames; second difference from three adjacent refined candidate frames; no thresholding, smoothing, interpolation, or ridge modification",D:\Code\Python_Projects\DPS_Studio\data\raw\20260607.csv
pdv_channel_1,0.0005542354542600939,-4.3254573990614536e-07,pre_event,pre_event,pre_event,,,,,,,,hann,768,640,128,4096,39999999986.359764,100000000.0,2000000000.0,0.000554668,0.00055545,"first difference and time slope from adjacent refined candidate frames; second difference from three adjacent refined candidate frames; no thresholding, smoothing, interpolation, or ridge modification",D:\Code\Python_Projects\DPS_Studio\data\raw\20260607.csv
pdv_channel_1,0.000554238654260095,-4.2934573990505414e-07,pre_event,pre_event,pre_event,,,,,,,,hann,768,640,128,4096,39999999986.359764,100000000.0,2000000000.0,0.000554668,0.00055545,"first difference and time slope from adjacent refined candidate frames; second difference from three adjacent refined candidate frames; no thresholding, smoothing, interpolation, or ridge modification",D:\Code\Python_Projects\DPS_Studio\data\raw\20260607.csv
pdv_channel_1,0.0005542418542600961,-4.261457399039629e-07,pre_event,pre_event,pre_event,,,,,,,,hann,768,640,128,4096,39999999986.359764,100000000.0,2000000000.0,0.000554668,0.00055545,"first difference and time slope from adjacent refined candidate frames; second difference from three adjacent refined candidate frames; no thresholding, smoothing, interpolation, or ridge modification",D:\Code\Python_Projects\DPS_Studio\data\raw\20260607.csv
pdv_channel_1,0.0005542450542600972,-4.229457399028717e-07,pre_event,pre_event,pre_event,,,,,,,,hann,768,640,128,4096,39999999986.359764,100000000.0,2000000000.0,0.000554668,0.00055545,"first difference and time slope from adjacent refined candidate frames; second difference from three adjacent refined candidate frames; no thresholding, smoothing, interpolation, or ridge modification",D:\Code\Python_Projects\DPS_Studio\data\raw\20260607.csv
pdv_channel_1,0.0005542482542600982,-4.197457399017805e-07,pre_event,pre_event,pre_event,,,,,,,,hann,768,640,128,4096,39999999986.359764,100000000.0,2000000000.0,0.000554668,0.00055545,"first difference and time slope from adjacent refined candidate frames; second difference from three adjacent refined candidate frames; no thresholding, smoothing, interpolation, or ridge modification",D:\Code\Python_Projects\DPS_Studio\data\raw\20260607.csv
pdv_channel_1,0.0005542514542600993,-4.1654573990068926e-07,pre_event,pre_event,pre_event,,,,,,,,hann,768,640,128,4096,39999999986.359764,100000000.0,2000000000.0,0.000554668,0.00055545,"first difference and time slope from adjacent refined candidate frames; second difference from three adjacent refined candidate frames; no thresholding, smoothing, interpolation, or ridge modification",D:\Code\Python_Projects\DPS_Studio\data\raw\20260607.csv
pdv_channel_1,0.0005542546542601004,-4.1334573989959805e-07,pre_event,pre_event,pre_event,,,,,,,,hann,768,640,128,4096,39999999986.359764,100000000.0,2000000000.0,0.000554668,0.00055545,"first difference and time slope from adjacent refined candidate frames; second difference from three adjacent refined candidate frames; no thresholding, smoothing, interpolation, or ridge modification",D:\Code\Python_Projects\DPS_Studio\data\raw\20260607.csv
pdv_channel_1,0.0005542578542601015,-4.1014573989850683e-07,pre_event,pre_event,pre_event,,,,,,,,hann,768,640,128,4096,39999999986.359764,100000000.0,2000000000.0,0.000554668,0.00055545,"first difference and time slope from adjacent refined candidate frames; second difference from three adjacent refined candidate frames; no thresholding, smoothing, interpolation, or ridge modification",D:\Code\Python_Projects\DPS_Studio\data\raw\20260607.csv
pdv_channel_1,0.0005542610542601026,-4.069457398974156e-07,pre_event,pre_event,pre_event,,,,,,,,hann,768,640,128,4096,39999999986.359764,100000000.0,2000000000.0,0.000554668,0.00055545,"first difference and time slope from adjacent refined candidate frames; second difference from three adjacent refined candidate frames; no thresholding, smoothing, interpolation, or ridge modification",D:\Code\Python_Projects\DPS_Studio\data\raw\20260607.csv
pdv_channel_1,0.0005542642542601037,-4.037457398963244e-07,pre_event,pre_event,pre_event,,,,,,,,hann,768,640,128,4096,39999999986.359764,100000000.0,2000000000.0,0.000554668,0.00055545,"first difference and time slope from adjacent refined candidate frames; second difference from three adjacent refined candidate frames; no thresholding, smoothing, interpolation, or ridge modification",D:\Code\Python_Projects\DPS_Studio\data\raw\20260607.csv
pdv_channel_1,0.0005542674542601048,-4.0054573989523317e-07,pre_event,pre_event,pre_event,,,,,,,,hann,768,640,128,4096,39999999986.359764,100000000.0,2000000000.0,0.000554668,0.00055545,"first difference and time slope from adjacent refined candidate frames; second difference from three adjacent refined candidate frames; no thresholding, smoothing, interpolation, or ridge modification",D:\Code\Python_Projects\DPS_Studio\data\raw\20260607.csv
pdv_channel_1,0.0005542706542601059,-3.9734573989414195e-07,pre_event,pre_event,pre_event,,,,,,,,hann,768,640,128,4096,39999999986.359764,100000000.0,2000000000.0,0.000554668,0.00055545,"first difference and time slope from adjacent refined candidate frames; second difference from three adjacent refined candidate frames; no thresholding, smoothing, interpolation, or ridge modification",D:\Code\Python_Projects\DPS_Studio\data\raw\20260607.csv
pdv_channel_1,0.000554273854260107,-3.9414573989305073e-07,pre_event,pre_event,pre_event,,,,,,,,hann,768,640,128,4096,39999999986.359764,100000000.0,2000000000.0,0.000554668,0.00055545,"first difference and time slope from adjacent refined candidate frames; second difference from three adjacent refined candidate frames; no thresholding, smoothing, interpolation, or ridge modification",D:\Code\Python_Projects\DPS_Studio\data\raw\20260607.csv
pdv_channel_1,0.0005542770542601081,-3.909457398919595e-07,pre_event,pre_event,pre_event,,,,,,,,hann,768,640,128,4096,39999999986.359764,100000000.0,2000000000.0,0.000554668,0.00055545,"first difference and time slope from adjacent refined candidate frames; second difference from three adjacent refined candidate frames; no thresholding, smoothing, interpolation, or ridge modification",D:\Code\Python_Projects\DPS_Studio\data\raw\20260607.csv
pdv_channel_1,0.0005542802542601092,-3.877457398908683e-07,pre_event,pre_event,pre_event,,,,,,,,hann,768,640,128,4096,39999999986.359764,100000000.0,2000000000.0,0.000554668,0.00055545,"first difference and time slope from adjacent refined candidate frames; second difference from three adjacent refined candidate frames; no thresholding, smoothing, interpolation, or ridge modification",D:\Code\Python_Projects\DPS_Studio\data\raw\20260607.csv
pdv_channel_1,0.0005542834542601102,-3.845457398897771e-07,pre_event,pre_event,pre_event,,,,,,,,hann,768,640,128,4096,39999999986.359764,100000000.0,2000000000.0,0.000554668,0.00055545,"first difference and time slope from adjacent refined candidate frames; second difference from three adjacent refined candidate frames; no thresholding, smoothing, interpolation, or ridge modification",D:\Code\Python_Projects\DPS_Studio\data\raw\20260607.csv
pdv_channel_1,0.0005542866542601113,-3.8134573988868586e-07,pre_event,pre_event,pre_event,,,,,,,,hann,768,640,128,4096,39999999986.359764,100000000.0,2000000000.0,0.000554668,0.00055545,"first difference and time slope from adjacent refined candidate frames; second difference from three adjacent refined candidate frames; no thresholding, smoothing, interpolation, or ridge modification",D:\Code\Python_Projects\DPS_Studio\data\raw\20260607.csv
pdv_channel_1,0.0005542898542601124,-3.7814573988759464e-07,pre_event,pre_event,pre_event,,,,,,,,hann,768,640,128,4096,39999999986.359764,100000000.0,2000000000.0,0.000554668,0.00055545,"first difference and time slope from adjacent refined candidate frames; second difference from three adjacent refined candidate frames; no thresholding, smoothing, interpolation, or ridge modification",D:\Code\Python_Projects\DPS_Studio\data\raw\20260607.csv
pdv_channel_1,0.0005542930542601135,-3.749457398865034e-07,pre_event,pre_event,pre_event,,,,,,,,hann,768,640,128,4096,39999999986.359764,100000000.0,2000000000.0,0.000554668,0.00055545,"first difference and time slope from adjacent refined candidate frames; second difference from three adjacent refined candidate frames; no thresholding, smoothing, interpolation, or ridge modification",D:\Code\Python_Projects\DPS_Studio\data\raw\20260607.csv
pdv_channel_1,0.0005542962542601146,-3.717457398854122e-07,pre_event,pre_event,pre_event,,,,,,,,hann,768,640,128,4096,39999999986.359764,100000000.0,2000000000.0,0.000554668,0.00055545,"first difference and time slope from adjacent refined candidate frames; second difference from three adjacent refined candidate frames; no thresholding, smoothing, interpolation, or ridge modification",D:\Code\Python_Projects\DPS_Studio\data\raw\20260607.csv
pdv_channel_1,0.0005542994542601157,-3.68545739884321e-07,pre_event,pre_event,pre_event,,,,,,,,hann,768,640,128,4096,39999999986.359764,100000000.0,2000000000.0,0.000554668,0.00055545,"first difference and time slope from adjacent refined candidate frames; second difference from three adjacent refined candidate frames; no thresholding, smoothing, interpolation, or ridge modification",D:\Code\Python_Projects\DPS_Studio\data\raw\20260607.csv
pdv_channel_1,0.0005543026542601168,-3.6534573988322976e-07,pre_event,pre_event,pre_event,,,,,,,,hann,768,640,128,4096,39999999986.359764,100000000.0,2000000000.0,0.000554668,0.00055545,"first difference and time slope from adjacent refined candidate frames; second difference from three adjacent refined candidate frames; no thresholding, smoothing, interpolation, or ridge modification",D:\Code\Python_Projects\DPS_Studio\data\raw\20260607.csv
pdv_channel_1,0.0005543058542601179,-3.6214573988213854e-07,pre_event,pre_event,pre_event,,,,,,,,hann,768,640,128,4096,39999999986.359764,100000000.0,2000000000.0,0.000554668,0.00055545,"first difference and time slope from adjacent refined candidate frames; second difference from three adjacent refined candidate frames; no thresholding, smoothing, interpolation, or ridge modification",D:\Code\Python_Projects\DPS_Studio\data\raw\20260607.csv
pdv_channel_1,0.000554309054260119,-3.589457398810473e-07,pre_event,pre_event,pre_event,,,,,,,,hann,768,640,128,4096,39999999986.359764,100000000.0,2000000000.0,0.000554668,0.00055545,"first difference and time slope from adjacent refined candidate frames; second difference from three adjacent refined candidate frames; no thresholding, smoothing, interpolation, or ridge modification",D:\Code\Python_Projects\DPS_Studio\data\raw\20260607.csv
pdv_channel_1,0.0005543122542601201,-3.557457398799561e-07,pre_event,pre_event,pre_event,,,,,,,,hann,768,640,128,4096,39999999986.359764,100000000.0,2000000000.0,0.000554668,0.00055545,"first difference and time slope from adjacent refined candidate frames; second difference from three adjacent refined candidate frames; no thresholding, smoothing, interpolation, or ridge modification",D:\Code\Python_Projects\DPS_Studio\data\raw\20260607.csv
pdv_channel_1,0.0005543154542601212,-3.525457398788649e-07,pre_event,pre_event,pre_event,,,,,,,,hann,768,640,128,4096,39999999986.359764,100000000.0,2000000000.0,0.000554668,0.00055545,"first difference and time slope from adjacent refined candidate frames; second difference from three adjacent refined candidate frames; no thresholding, smoothing, interpolation, or ridge modification",D:\Code\Python_Projects\DPS_Studio\data\raw\20260607.csv
pdv_channel_1,0.0005543186542601222,-3.4934573987777367e-07,pre_event,pre_event,pre_event,,,,,,,,hann,768,640,128,4096,39999999986.359764,100000000.0,2000000000.0,0.000554668,0.00055545,"first difference and time slope from adjacent refined candidate frames; second difference from three adjacent refined candidate frames; no thresholding, smoothing, interpolation, or ridge modification",D:\Code\Python_Projects\DPS_Studio\data\raw\20260607.csv
pdv_channel_1,0.0005543218542601233,-3.4614573987668245e-07,pre_event,pre_event,pre_event,,,,,,,,hann,768,640,128,4096,39999999986.359764,100000000.0,2000000000.0,0.000554668,0.00055545,"first difference and time slope from adjacent refined candidate frames; second difference from three adjacent refined candidate frames; no thresholding, smoothing, interpolation, or ridge modification",D:\Code\Python_Projects\DPS_Studio\data\raw\20260607.csv
pdv_channel_1,0.0005543250542601244,-3.4294573987559123e-07,pre_event,pre_event,pre_event,,,,,,,,hann,768,640,128,4096,39999999986.359764,100000000.0,2000000000.0,0.000554668,0.00055545,"first difference and time slope from adjacent refined candidate frames; second difference from three adjacent refined candidate frames; no thresholding, smoothing, interpolation, or ridge modification",D:\Code\Python_Projects\DPS_Studio\data\raw\20260607.csv
pdv_channel_1,0.0005543282542601255,-3.397457398745e-07,pre_event,pre_event,pre_event,,,,,,,,hann,768,640,128,4096,39999999986.359764,100000000.0,2000000000.0,0.000554668,0.00055545,"first difference and time slope from adjacent refined candidate frames; second difference from three adjacent refined candidate frames; no thresholding, smoothing, interpolation, or ridge modification",D:\Code\Python_Projects\DPS_Studio\data\raw\20260607.csv
pdv_channel_1,0.0005543314542601266,-3.365457398734088e-07,pre_event,pre_event,pre_event,,,,,,,,hann,768,640,128,4096,39999999986.359764,100000000.0,2000000000.0,0.000554668,0.00055545,"first difference and time slope from adjacent refined candidate frames; second difference from three adjacent refined candidate frames; no thresholding, smoothing, interpolation, or ridge modification",D:\Code\Python_Projects\DPS_Studio\data\raw\20260607.csv
pdv_channel_1,0.0005543346542601277,-3.333457398723176e-07,pre_event,pre_event,pre_event,,,,,,,,hann,768,640,128,4096,39999999986.359764,100000000.0,2000000000.0,0.000554668,0.00055545,"first difference and time slope from adjacent refined candidate frames; second difference from three adjacent refined candidate frames; no thresholding, smoothing, interpolation, or ridge modification",D:\Code\Python_Projects\DPS_Studio\data\raw\20260607.csv
pdv_channel_1,0.0005543378542601288,-3.3014573987122636e-07,pre_event,pre_event,pre_event,,,,,,,,hann,768,640,128,4096,39999999986.359764,100000000.0,2000000000.0,0.000554668,0.00055545,"first difference and time slope from adjacent refined candidate frames; second difference from three adjacent refined candidate frames; no thresholding, smoothing, interpolation, or ridge modification",D:\Code\Python_Projects\DPS_Studio\data\raw\20260607.csv
pdv_channel_1,0.0005543410542601299,-3.2694573987013514e-07,pre_event,pre_event,pre_event,,,,,,,,hann,768,640,128,4096,39999999986.359764,100000000.0,2000000000.0,0.000554668,0.00055545,"first difference and time slope from adjacent refined candidate frames; second difference from three adjacent refined candidate frames; no thresholding, smoothing, interpolation, or ridge modification",D:\Code\Python_Projects\DPS_Studio\data\raw\20260607.csv
pdv_channel_1,0.000554344254260131,-3.237457398690439e-07,pre_event,pre_event,pre_event,,,,,,,,hann,768,640,128,4096,39999999986.359764,100000000.0,2000000000.0,0.000554668,0.00055545,"first difference and time slope from adjacent refined candidate frames; second difference from three adjacent refined candidate frames; no thresholding, smoothing, interpolation, or ridge modification",D:\Code\Python_Projects\DPS_Studio\data\raw\20260607.csv
pdv_channel_1,0.0005543474542601321,-3.205457398679527e-07,pre_event,pre_event,pre_event,,,,,,,,hann,768,640,128,4096,39999999986.359764,100000000.0,2000000000.0,0.000554668,0.00055545,"first difference and time slope from adjacent refined candidate frames; second difference from three adjacent refined candidate frames; no thresholding, smoothing, interpolation, or ridge modification",D:\Code\Python_Projects\DPS_Studio\data\raw\20260607.csv
pdv_channel_1,0.0005543506542601332,-3.173457398668615e-07,pre_event,pre_event,pre_event,,,,,,,,hann,768,640,128,4096,39999999986.359764,100000000.0,2000000000.0,0.000554668,0.00055545,"first difference and time slope from adjacent refined candidate frames; second difference from three adjacent refined candidate frames; no thresholding, smoothing, interpolation, or ridge modification",D:\Code\Python_Projects\DPS_Studio\data\raw\20260607.csv
pdv_channel_1,0.0005543538542601343,-3.1414573986577026e-07,pre_event,pre_event,pre_event,,,,,,,,hann,768,640,128,4096,39999999986.359764,100000000.0,2000000000.0,0.000554668,0.00055545,"first difference and time slope from adjacent refined candidate frames; second difference from three adjacent refined candidate frames; no thresholding, smoothing, interpolation, or ridge modification",D:\Code\Python_Projects\DPS_Studio\data\raw\20260607.csv
pdv_channel_1,0.0005543570542601353,-3.1094573986467904e-07,pre_event,pre_event,pre_event,,,,,,,,hann,768,640,128,4096,39999999986.359764,100000000.0,2000000000.0,0.000554668,0.00055545,"first difference and time slope from adjacent refined candidate frames; second difference from three adjacent refined candidate frames; no thresholding, smoothing, interpolation, or ridge modification",D:\Code\Python_Projects\DPS_Studio\data\raw\20260607.csv
pdv_channel_1,0.0005543602542601364,-3.077457398635878e-07,pre_event,pre_event,pre_event,,,,,,,,hann,768,640,128,4096,39999999986.359764,100000000.0,2000000000.0,0.000554668,0.00055545,"first difference and time slope from adjacent refined candidate frames; second difference from three adjacent refined candidate frames; no thresholding, smoothing, interpolation, or ridge modification",D:\Code\Python_Projects\DPS_Studio\data\raw\20260607.csv
pdv_channel_1,0.0005543634542601375,-3.045457398624966e-07,pre_event,pre_event,pre_event,,,,,,,,hann,768,640,128,4096,39999999986.359764,100000000.0,2000000000.0,0.000554668,0.00055545,"first difference and time slope from adjacent refined candidate frames; second difference from three adjacent refined candidate frames; no thresholding, smoothing, interpolation, or ridge modification",D:\Code\Python_Projects\DPS_Studio\data\raw\20260607.csv
pdv_channel_1,0.0005543666542601386,-3.013457398614054e-07,pre_event,pre_event,pre_event,,,,,,,,hann,768,640,128,4096,39999999986.359764,100000000.0,2000000000.0,0.000554668,0.00055545,"first difference and time slope from adjacent refined candidate frames; second difference from three adjacent refined candidate frames; no thresholding, smoothing, interpolation, or ridge modification",D:\Code\Python_Projects\DPS_Studio\data\raw\20260607.csv
pdv_channel_1,0.0005543698542601397,-2.9814573986031417e-07,pre_event,pre_event,pre_event,,,,,,,,hann,768,640,128,4096,39999999986.359764,100000000.0,2000000000.0,0.000554668,0.00055545,"first difference and time slope from adjacent refined candidate frames; second difference from three adjacent refined candidate frames; no thresholding, smoothing, interpolation, or ridge modification",D:\Code\Python_Projects\DPS_Studio\data\raw\20260607.csv
pdv_channel_1,0.0005543730542601408,-2.9494573985922295e-07,pre_event,pre_event,pre_event,,,,,,,,hann,768,640,128,4096,39999999986.359764,100000000.0,2000000000.0,0.000554668,0.00055545,"first difference and time slope from adjacent refined candidate frames; second difference from three adjacent refined candidate frames; no thresholding, smoothing, interpolation, or ridge modification",D:\Code\Python_Projects\DPS_Studio\data\raw\20260607.csv
pdv_channel_1,0.0005543762542601419,-2.9174573985813173e-07,pre_event,pre_event,pre_event,,,,,,,,hann,768,640,128,4096,39999999986.359764,100000000.0,2000000000.0,0.000554668,0.00055545,"first difference and time slope from adjacent refined candidate frames; second difference from three adjacent refined candidate frames; no thresholding, smoothing, interpolation, or ridge modification",D:\Code\Python_Projects\DPS_Studio\data\raw\20260607.csv
pdv_channel_1,0.000554379454260143,-2.885457398570405e-07,pre_event,pre_event,pre_event,,,,,,,,hann,768,640,128,4096,39999999986.359764,100000000.0,2000000000.0,0.000554668,0.00055545,"first difference and time slope from adjacent refined candidate frames; second difference from three adjacent refined candidate frames; no thresholding, smoothing, interpolation, or ridge modification",D:\Code\Python_Projects\DPS_Studio\data\raw\20260607.csv
pdv_channel_1,0.0005543826542601441,-2.853457398559493e-07,pre_event,pre_event,pre_event,,,,,,,,hann,768,640,128,4096,39999999986.359764,100000000.0,2000000000.0,0.000554668,0.00055545,"first difference and time slope from adjacent refined candidate frames; second difference from three adjacent refined candidate frames; no thresholding, smoothing, interpolation, or ridge modification",D:\Code\Python_Projects\DPS_Studio\data\raw\20260607.csv
pdv_channel_1,0.0005543858542601452,-2.8214573985485807e-07,pre_event,pre_event,pre_event,,,,,,,,hann,768,640,128,4096,39999999986.359764,100000000.0,2000000000.0,0.000554668,0.00055545,"first difference and time slope from adjacent refined candidate frames; second difference from three adjacent refined candidate frames; no thresholding, smoothing, interpolation, or ridge modification",D:\Code\Python_Projects\DPS_Studio\data\raw\20260607.csv
pdv_channel_1,0.0005543890542601463,-2.7894573985376685e-07,pre_event,pre_event,pre_event,,,,,,,,hann,768,640,128,4096,39999999986.359764,100000000.0,2000000000.0,0.000554668,0.00055545,"first difference and time slope from adjacent refined candidate frames; second difference from three adjacent refined candidate frames; no thresholding, smoothing, interpolation, or ridge modification",D:\Code\Python_Projects\DPS_Studio\data\raw\20260607.csv
pdv_channel_1,0.0005543922542601473,-2.7574573985267564e-07,pre_event,pre_event,pre_event,,,,,,,,hann,768,640,128,4096,39999999986.359764,100000000.0,2000000000.0,0.000554668,0.00055545,"first difference and time slope from adjacent refined candidate frames; second difference from three adjacent refined candidate frames; no thresholding, smoothing, interpolation, or ridge modification",D:\Code\Python_Projects\DPS_Studio\data\raw\20260607.csv
pdv_channel_1,0.0005543954542601484,-2.725457398515844e-07,pre_event,pre_event,pre_event,,,,,,,,hann,768,640,128,4096,39999999986.359764,100000000.0,2000000000.0,0.000554668,0.00055545,"first difference and time slope from adjacent refined candidate frames; second difference from three adjacent refined candidate frames; no thresholding, smoothing, interpolation, or ridge modification",D:\Code\Python_Projects\DPS_Studio\data\raw\20260607.csv
pdv_channel_1,0.0005543986542601495,-2.693457398504932e-07,pre_event,pre_event,pre_event,,,,,,,,hann,768,640,128,4096,39999999986.359764,100000000.0,2000000000.0,0.000554668,0.00055545,"first difference and time slope from adjacent refined candidate frames; second difference from three adjacent refined candidate frames; no thresholding, smoothing, interpolation, or ridge modification",D:\Code\Python_Projects\DPS_Studio\data\raw\20260607.csv
pdv_channel_1,0.0005544018542601506,-2.66145739849402e-07,pre_event,pre_event,pre_event,,,,,,,,hann,768,640,128,4096,39999999986.359764,100000000.0,2000000000.0,0.000554668,0.00055545,"first difference and time slope from adjacent refined candidate frames; second difference from three adjacent refined candidate frames; no thresholding, smoothing, interpolation, or ridge modification",D:\Code\Python_Projects\DPS_Studio\data\raw\20260607.csv
pdv_channel_1,0.0005544050542601517,-2.6294573984831076e-07,pre_event,pre_event,pre_event,,,,,,,,hann,768,640,128,4096,39999999986.359764,100000000.0,2000000000.0,0.000554668,0.00055545,"first difference and time slope from adjacent refined candidate frames; second difference from three adjacent refined candidate frames; no thresholding, smoothing, interpolation, or ridge modification",D:\Code\Python_Projects\DPS_Studio\data\raw\20260607.csv
pdv_channel_1,0.0005544082542601528,-2.5974573984721954e-07,pre_event,pre_event,pre_event,,,,,,,,hann,768,640,128,4096,39999999986.359764,100000000.0,2000000000.0,0.000554668,0.00055545,"first difference and time slope from adjacent refined candidate frames; second difference from three adjacent refined candidate frames; no thresholding, smoothing, interpolation, or ridge modification",D:\Code\Python_Projects\DPS_Studio\data\raw\20260607.csv
pdv_channel_1,0.0005544114542601539,-2.565457398461283e-07,pre_event,pre_event,pre_event,,,,,,,,hann,768,640,128,4096,39999999986.359764,100000000.0,2000000000.0,0.000554668,0.00055545,"first difference and time slope from adjacent refined candidate frames; second difference from three adjacent refined candidate frames; no thresholding, smoothing, interpolation, or ridge modification",D:\Code\Python_Projects\DPS_Studio\data\raw\20260607.csv
pdv_channel_1,0.000554414654260155,-2.533457398450371e-07,pre_event,pre_event,pre_event,,,,,,,,hann,768,640,128,4096,39999999986.359764,100000000.0,2000000000.0,0.000554668,0.00055545,"first difference and time slope from adjacent refined candidate frames; second difference from three adjacent refined candidate frames; no thresholding, smoothing, interpolation, or ridge modification",D:\Code\Python_Projects\DPS_Studio\data\raw\20260607.csv
pdv_channel_1,0.0005544178542601561,-2.501457398439459e-07,pre_event,pre_event,pre_event,,,,,,,,hann,768,640,128,4096,39999999986.359764,100000000.0,2000000000.0,0.000554668,0.00055545,"first difference and time slope from adjacent refined candidate frames; second difference from three adjacent refined candidate frames; no thresholding, smoothing, interpolation, or ridge modification",D:\Code\Python_Projects\DPS_Studio\data\raw\20260607.csv
pdv_channel_1,0.0005544210542601572,-2.4694573984285467e-07,pre_event,pre_event,pre_event,,,,,,,,hann,768,640,128,4096,39999999986.359764,100000000.0,2000000000.0,0.000554668,0.00055545,"first difference and time slope from adjacent refined candidate frames; second difference from three adjacent refined candidate frames; no thresholding, smoothing, interpolation, or ridge modification",D:\Code\Python_Projects\DPS_Studio\data\raw\20260607.csv
pdv_channel_1,0.0005544242542601583,-2.4374573984176345e-07,pre_event,pre_event,pre_event,,,,,,,,hann,768,640,128,4096,39999999986.359764,100000000.0,2000000000.0,0.000554668,0.00055545,"first difference and time slope from adjacent refined candidate frames; second difference from three adjacent refined candidate frames; no thresholding, smoothing, interpolation, or ridge modification",D:\Code\Python_Projects\DPS_Studio\data\raw\20260607.csv
pdv_channel_1,0.0005544274542601594,-2.4054573984067223e-07,pre_event,pre_event,pre_event,,,,,,,,hann,768,640,128,4096,39999999986.359764,100000000.0,2000000000.0,0.000554668,0.00055545,"first difference and time slope from adjacent refined candidate frames; second difference from three adjacent refined candidate frames; no thresholding, smoothing, interpolation, or ridge modification",D:\Code\Python_Projects\DPS_Studio\data\raw\20260607.csv
pdv_channel_1,0.0005544306542601604,-2.37345739839581e-07,pre_event,pre_event,pre_event,,,,,,,,hann,768,640,128,4096,39999999986.359764,100000000.0,2000000000.0,0.000554668,0.00055545,"first difference and time slope from adjacent refined candidate frames; second difference from three adjacent refined candidate frames; no thresholding, smoothing, interpolation, or ridge modification",D:\Code\Python_Projects\DPS_Studio\data\raw\20260607.csv
pdv_channel_1,0.0005544338542601615,-2.341457398384898e-07,pre_event,pre_event,pre_event,,,,,,,,hann,768,640,128,4096,39999999986.359764,100000000.0,2000000000.0,0.000554668,0.00055545,"first difference and time slope from adjacent refined candidate frames; second difference from three adjacent refined candidate frames; no thresholding, smoothing, interpolation, or ridge modification",D:\Code\Python_Projects\DPS_Studio\data\raw\20260607.csv
pdv_channel_1,0.0005544370542601626,-2.3094573983739857e-07,pre_event,pre_event,pre_event,,,,,,,,hann,768,640,128,4096,39999999986.359764,100000000.0,2000000000.0,0.000554668,0.00055545,"first difference and time slope from adjacent refined candidate frames; second difference from three adjacent refined candidate frames; no thresholding, smoothing, interpolation, or ridge modification",D:\Code\Python_Projects\DPS_Studio\data\raw\20260607.csv
pdv_channel_1,0.0005544402542601637,-2.2774573983630735e-07,pre_event,pre_event,pre_event,,,,,,,,hann,768,640,128,4096,39999999986.359764,100000000.0,2000000000.0,0.000554668,0.00055545,"first difference and time slope from adjacent refined candidate frames; second difference from three adjacent refined candidate frames; no thresholding, smoothing, interpolation, or ridge modification",D:\Code\Python_Projects\DPS_Studio\data\raw\20260607.csv
pdv_channel_1,0.0005544434542601648,-2.2454573983521613e-07,pre_event,pre_event,pre_event,,,,,,,,hann,768,640,128,4096,39999999986.359764,100000000.0,2000000000.0,0.000554668,0.00055545,"first difference and time slope from adjacent refined candidate frames; second difference from three adjacent refined candidate frames; no thresholding, smoothing, interpolation, or ridge modification",D:\Code\Python_Projects\DPS_Studio\data\raw\20260607.csv
pdv_channel_1,0.0005544466542601659,-2.2134573983412491e-07,pre_event,pre_event,pre_event,,,,,,,,hann,768,640,128,4096,39999999986.359764,100000000.0,2000000000.0,0.000554668,0.00055545,"first difference and time slope from adjacent refined candidate frames; second difference from three adjacent refined candidate frames; no thresholding, smoothing, interpolation, or ridge modification",D:\Code\Python_Projects\DPS_Studio\data\raw\20260607.csv
pdv_channel_1,0.000554449854260167,-2.181457398330337e-07,pre_event,pre_event,pre_event,,,,,,,,hann,768,640,128,4096,39999999986.359764,100000000.0,2000000000.0,0.000554668,0.00055545,"first difference and time slope from adjacent refined candidate frames; second difference from three adjacent refined candidate frames; no thresholding, smoothing, interpolation, or ridge modification",D:\Code\Python_Projects\DPS_Studio\data\raw\20260607.csv
pdv_channel_1,0.0005544530542601681,-2.1494573983194248e-07,pre_event,pre_event,pre_event,,,,,,,,hann,768,640,128,4096,39999999986.359764,100000000.0,2000000000.0,0.000554668,0.00055545,"first difference and time slope from adjacent refined candidate frames; second difference from three adjacent refined candidate frames; no thresholding, smoothing, interpolation, or ridge modification",D:\Code\Python_Projects\DPS_Studio\data\raw\20260607.csv
pdv_channel_1,0.0005544562542601692,-2.1174573983085126e-07,pre_event,pre_event,pre_event,,,,,,,,hann,768,640,128,4096,39999999986.359764,100000000.0,2000000000.0,0.000554668,0.00055545,"first difference and time slope from adjacent refined candidate frames; second difference from three adjacent refined candidate frames; no thresholding, smoothing, interpolation, or ridge modification",D:\Code\Python_Projects\DPS_Studio\data\raw\20260607.csv
pdv_channel_1,0.0005544594542601703,-2.0854573982976004e-07,pre_event,pre_event,pre_event,,,,,,,,hann,768,640,128,4096,39999999986.359764,100000000.0,2000000000.0,0.000554668,0.00055545,"first difference and time slope from adjacent refined candidate frames; second difference from three adjacent refined candidate frames; no thresholding, smoothing, interpolation, or ridge modification",D:\Code\Python_Projects\DPS_Studio\data\raw\20260607.csv
pdv_channel_1,0.0005544626542601714,-2.0534573982866882e-07,pre_event,pre_event,pre_event,,,,,,,,hann,768,640,128,4096,39999999986.359764,100000000.0,2000000000.0,0.000554668,0.00055545,"first difference and time slope from adjacent refined candidate frames; second difference from three adjacent refined candidate frames; no thresholding, smoothing, interpolation, or ridge modification",D:\Code\Python_Projects\DPS_Studio\data\raw\20260607.csv
pdv_channel_1,0.0005544658542601724,-2.021457398275776e-07,pre_event,pre_event,pre_event,,,,,,,,hann,768,640,128,4096,39999999986.359764,100000000.0,2000000000.0,0.000554668,0.00055545,"first difference and time slope from adjacent refined candidate frames; second difference from three adjacent refined candidate frames; no thresholding, smoothing, interpolation, or ridge modification",D:\Code\Python_Projects\DPS_Studio\data\raw\20260607.csv
pdv_channel_1,0.0005544690542601735,-1.9894573982648638e-07,pre_event,pre_event,pre_event,,,,,,,,hann,768,640,128,4096,39999999986.359764,100000000.0,2000000000.0,0.000554668,0.00055545,"first difference and time slope from adjacent refined candidate frames; second difference from three adjacent refined candidate frames; no thresholding, smoothing, interpolation, or ridge modification",D:\Code\Python_Projects\DPS_Studio\data\raw\20260607.csv
pdv_channel_1,0.0005544722542601746,-1.9574573982539516e-07,pre_event,pre_event,pre_event,,,,,,,,hann,768,640,128,4096,39999999986.359764,100000000.0,2000000000.0,0.000554668,0.00055545,"first difference and time slope from adjacent refined candidate frames; second difference from three adjacent refined candidate frames; no thresholding, smoothing, interpolation, or ridge modification",D:\Code\Python_Projects\DPS_Studio\data\raw\20260607.csv
pdv_channel_1,0.0005544754542601757,-1.9254573982430395e-07,pre_event,pre_event,pre_event,,,,,,,,hann,768,640,128,4096,39999999986.359764,100000000.0,2000000000.0,0.000554668,0.00055545,"first difference and time slope from adjacent refined candidate frames; second difference from three adjacent refined candidate frames; no thresholding, smoothing, interpolation, or ridge modification",D:\Code\Python_Projects\DPS_Studio\data\raw\20260607.csv
pdv_channel_1,0.0005544786542601768,-1.8934573982321273e-07,pre_event,pre_event,pre_event,,,,,,,,hann,768,640,128,4096,39999999986.359764,100000000.0,2000000000.0,0.000554668,0.00055545,"first difference and time slope from adjacent refined candidate frames; second difference from three adjacent refined candidate frames; no thresholding, smoothing, interpolation, or ridge modification",D:\Code\Python_Projects\DPS_Studio\data\raw\20260607.csv
pdv_channel_1,0.0005544818542601779,-1.861457398221215e-07,pre_event,pre_event,pre_event,,,,,,,,hann,768,640,128,4096,39999999986.359764,100000000.0,2000000000.0,0.000554668,0.00055545,"first difference and time slope from adjacent refined candidate frames; second difference from three adjacent refined candidate frames; no thresholding, smoothing, interpolation, or ridge modification",D:\Code\Python_Projects\DPS_Studio\data\raw\20260607.csv
pdv_channel_1,0.000554485054260179,-1.829457398210303e-07,pre_event,pre_event,pre_event,,,,,,,,hann,768,640,128,4096,39999999986.359764,100000000.0,2000000000.0,0.000554668,0.00055545,"first difference and time slope from adjacent refined candidate frames; second difference from three adjacent refined candidate frames; no thresholding, smoothing, interpolation, or ridge modification",D:\Code\Python_Projects\DPS_Studio\data\raw\20260607.csv
pdv_channel_1,0.0005544882542601801,-1.7974573981993907e-07,pre_event,pre_event,pre_event,,,,,,,,hann,768,640,128,4096,39999999986.359764,100000000.0,2000000000.0,0.000554668,0.00055545,"first difference and time slope from adjacent refined candidate frames; second difference from three adjacent refined candidate frames; no thresholding, smoothing, interpolation, or ridge modification",D:\Code\Python_Projects\DPS_Studio\data\raw\20260607.csv
pdv_channel_1,0.0005544914542601812,-1.7654573981884785e-07,pre_event,pre_event,pre_event,,,,,,,,hann,768,640,128,4096,39999999986.359764,100000000.0,2000000000.0,0.000554668,0.00055545,"first difference and time slope from adjacent refined candidate frames; second difference from three adjacent refined candidate frames; no thresholding, smoothing, interpolation, or ridge modification",D:\Code\Python_Projects\DPS_Studio\data\raw\20260607.csv
pdv_channel_1,0.0005544946542601823,-1.7334573981775663e-07,pre_event,pre_event,pre_event,,,,,,,,hann,768,640,128,4096,39999999986.359764,100000000.0,2000000000.0,0.000554668,0.00055545,"first difference and time slope from adjacent refined candidate frames; second difference from three adjacent refined candidate frames; no thresholding, smoothing, interpolation, or ridge modification",D:\Code\Python_Projects\DPS_Studio\data\raw\20260607.csv
pdv_channel_1,0.0005544978542601834,-1.701457398166654e-07,pre_event,pre_event,pre_event,,,,,,,,hann,768,640,128,4096,39999999986.359764,100000000.0,2000000000.0,0.000554668,0.00055545,"first difference and time slope from adjacent refined candidate frames; second difference from three adjacent refined candidate frames; no thresholding, smoothing, interpolation, or ridge modification",D:\Code\Python_Projects\DPS_Studio\data\raw\20260607.csv
pdv_channel_1,0.0005545010542601844,-1.669457398155742e-07,pre_event,pre_event,pre_event,,,,,,,,hann,768,640,128,4096,39999999986.359764,100000000.0,2000000000.0,0.000554668,0.00055545,"first difference and time slope from adjacent refined candidate frames; second difference from three adjacent refined candidate frames; no thresholding, smoothing, interpolation, or ridge modification",D:\Code\Python_Projects\DPS_Studio\data\raw\20260607.csv
pdv_channel_1,0.0005545042542601855,-1.6374573981448298e-07,pre_event,pre_event,pre_event,,,,,,,,hann,768,640,128,4096,39999999986.359764,100000000.0,2000000000.0,0.000554668,0.00055545,"first difference and time slope from adjacent refined candidate frames; second difference from three adjacent refined candidate frames; no thresholding, smoothing, interpolation, or ridge modification",D:\Code\Python_Projects\DPS_Studio\data\raw\20260607.csv
pdv_channel_1,0.0005545074542601866,-1.6054573981339176e-07,pre_event,pre_event,pre_event,,,,,,,,hann,768,640,128,4096,39999999986.359764,100000000.0,2000000000.0,0.000554668,0.00055545,"first difference and time slope from adjacent refined candidate frames; second difference from three adjacent refined candidate frames; no thresholding, smoothing, interpolation, or ridge modification",D:\Code\Python_Projects\DPS_Studio\data\raw\20260607.csv
pdv_channel_1,0.0005545106542601877,-1.5734573981230054e-07,pre_event,pre_event,pre_event,,,,,,,,hann,768,640,128,4096,39999999986.359764,100000000.0,2000000000.0,0.000554668,0.00055545,"first difference and time slope from adjacent refined candidate frames; second difference from three adjacent refined candidate frames; no thresholding, smoothing, interpolation, or ridge modification",D:\Code\Python_Projects\DPS_Studio\data\raw\20260607.csv
pdv_channel_1,0.0005545138542601888,-1.5414573981120932e-07,pre_event,pre_event,pre_event,,,,,,,,hann,768,640,128,4096,39999999986.359764,100000000.0,2000000000.0,0.000554668,0.00055545,"first difference and time slope from adjacent refined candidate frames; second difference from three adjacent refined candidate frames; no thresholding, smoothing, interpolation, or ridge modification",D:\Code\Python_Projects\DPS_Studio\data\raw\20260607.csv
pdv_channel_1,0.0005545170542601899,-1.509457398101181e-07,pre_event,pre_event,pre_event,,,,,,,,hann,768,640,128,4096,39999999986.359764,100000000.0,2000000000.0,0.000554668,0.00055545,"first difference and time slope from adjacent refined candidate frames; second difference from three adjacent refined candidate frames; no thresholding, smoothing, interpolation, or ridge modification",D:\Code\Python_Projects\DPS_Studio\data\raw\20260607.csv
pdv_channel_1,0.000554520254260191,-1.4774573980902688e-07,pre_event,pre_event,pre_event,,,,,,,,hann,768,640,128,4096,39999999986.359764,100000000.0,2000000000.0,0.000554668,0.00055545,"first difference and time slope from adjacent refined candidate frames; second difference from three adjacent refined candidate frames; no thresholding, smoothing, interpolation, or ridge modification",D:\Code\Python_Projects\DPS_Studio\data\raw\20260607.csv
pdv_channel_1,0.0005545234542601921,-1.4454573980793566e-07,pre_event,pre_event,pre_event,,,,,,,,hann,768,640,128,4096,39999999986.359764,100000000.0,2000000000.0,0.000554668,0.00055545,"first difference and time slope from adjacent refined candidate frames; second difference from three adjacent refined candidate frames; no thresholding, smoothing, interpolation, or ridge modification",D:\Code\Python_Projects\DPS_Studio\data\raw\20260607.csv
pdv_channel_1,0.0005545266542601932,-1.4134573980684444e-07,pre_event,pre_event,pre_event,,,,,,,,hann,768,640,128,4096,39999999986.359764,100000000.0,2000000000.0,0.000554668,0.00055545,"first difference and time slope from adjacent refined candidate frames; second difference from three adjacent refined candidate frames; no thresholding, smoothing, interpolation, or ridge modification",D:\Code\Python_Projects\DPS_Studio\data\raw\20260607.csv
pdv_channel_1,0.0005545298542601943,-1.3814573980575322e-07,pre_event,pre_event,pre_event,,,,,,,,hann,768,640,128,4096,39999999986.359764,100000000.0,2000000000.0,0.000554668,0.00055545,"first difference and time slope from adjacent refined candidate frames; second difference from three adjacent refined candidate frames; no thresholding, smoothing, interpolation, or ridge modification",D:\Code\Python_Projects\DPS_Studio\data\raw\20260607.csv
pdv_channel_1,0.0005545330542601954,-1.34945739804662e-07,pre_event,pre_event,pre_event,,,,,,,,hann,768,640,128,4096,39999999986.359764,100000000.0,2000000000.0,0.000554668,0.00055545,"first difference and time slope from adjacent refined candidate frames; second difference from three adjacent refined candidate frames; no thresholding, smoothing, interpolation, or ridge modification",D:\Code\Python_Projects\DPS_Studio\data\raw\20260607.csv
pdv_channel_1,0.0005545362542601965,-1.317457398035708e-07,pre_event,pre_event,pre_event,,,,,,,,hann,768,640,128,4096,39999999986.359764,100000000.0,2000000000.0,0.000554668,0.00055545,"first difference and time slope from adjacent refined candidate frames; second difference from three adjacent refined candidate frames; no thresholding, smoothing, interpolation, or ridge modification",D:\Code\Python_Projects\DPS_Studio\data\raw\20260607.csv
pdv_channel_1,0.0005545394542601975,-1.2854573980247957e-07,pre_event,pre_event,pre_event,,,,,,,,hann,768,640,128,4096,39999999986.359764,100000000.0,2000000000.0,0.000554668,0.00055545,"first difference and time slope from adjacent refined candidate frames; second difference from three adjacent refined candidate frames; no thresholding, smoothing, interpolation, or ridge modification",D:\Code\Python_Projects\DPS_Studio\data\raw\20260607.csv
pdv_channel_1,0.0005545426542601986,-1.2534573980138835e-07,pre_event,pre_event,pre_event,,,,,,,,hann,768,640,128,4096,39999999986.359764,100000000.0,2000000000.0,0.000554668,0.00055545,"first difference and time slope from adjacent refined candidate frames; second difference from three adjacent refined candidate frames; no thresholding, smoothing, interpolation, or ridge modification",D:\Code\Python_Projects\DPS_Studio\data\raw\20260607.csv
pdv_channel_1,0.0005545458542601997,-1.2214573980029713e-07,pre_event,pre_event,pre_event,,,,,,,,hann,768,640,128,4096,39999999986.359764,100000000.0,2000000000.0,0.000554668,0.00055545,"first difference and time slope from adjacent refined candidate frames; second difference from three adjacent refined candidate frames; no thresholding, smoothing, interpolation, or ridge modification",D:\Code\Python_Projects\DPS_Studio\data\raw\20260607.csv
pdv_channel_1,0.0005545490542602008,-1.1894573979920591e-07,pre_event,pre_event,pre_event,,,,,,,,hann,768,640,128,4096,39999999986.359764,100000000.0,2000000000.0,0.000554668,0.00055545,"first difference and time slope from adjacent refined candidate frames; second difference from three adjacent refined candidate frames; no thresholding, smoothing, interpolation, or ridge modification",D:\Code\Python_Projects\DPS_Studio\data\raw\20260607.csv
pdv_channel_1,0.0005545522542602019,-1.1574573979811469e-07,pre_event,pre_event,pre_event,,,,,,,,hann,768,640,128,4096,39999999986.359764,100000000.0,2000000000.0,0.000554668,0.00055545,"first difference and time slope from adjacent refined candidate frames; second difference from three adjacent refined candidate frames; no thresholding, smoothing, interpolation, or ridge modification",D:\Code\Python_Projects\DPS_Studio\data\raw\20260607.csv
pdv_channel_1,0.000554555454260203,-1.1254573979702347e-07,pre_event,pre_event,pre_event,,,,,,,,hann,768,640,128,4096,39999999986.359764,100000000.0,2000000000.0,0.000554668,0.00055545,"first difference and time slope from adjacent refined candidate frames; second difference from three adjacent refined candidate frames; no thresholding, smoothing, interpolation, or ridge modification",D:\Code\Python_Projects\DPS_Studio\data\raw\20260607.csv
pdv_channel_1,0.0005545586542602041,-1.0934573979593225e-07,pre_event,pre_event,pre_event,,,,,,,,hann,768,640,128,4096,39999999986.359764,100000000.0,2000000000.0,0.000554668,0.00055545,"first difference and time slope from adjacent refined candidate frames; second difference from three adjacent refined candidate frames; no thresholding, smoothing, interpolation, or ridge modification",D:\Code\Python_Projects\DPS_Studio\data\raw\20260607.csv
pdv_channel_1,0.0005545618542602052,-1.0614573979484104e-07,pre_event,pre_event,pre_event,,,,,,,,hann,768,640,128,4096,39999999986.359764,100000000.0,2000000000.0,0.000554668,0.00055545,"first difference and time slope from adjacent refined candidate frames; second difference from three adjacent refined candidate frames; no thresholding, smoothing, interpolation, or ridge modification",D:\Code\Python_Projects\DPS_Studio\data\raw\20260607.csv
pdv_channel_1,0.0005545650542602063,-1.0294573979374982e-07,pre_event,pre_event,pre_event,,,,,,,,hann,768,640,128,4096,39999999986.359764,100000000.0,2000000000.0,0.000554668,0.00055545,"first difference and time slope from adjacent refined candidate frames; second difference from three adjacent refined candidate frames; no thresholding, smoothing, interpolation, or ridge modification",D:\Code\Python_Projects\DPS_Studio\data\raw\20260607.csv
pdv_channel_1,0.0005545682542602074,-9.97457397926586e-08,pre_event,pre_event,pre_event,,,,,,,,hann,768,640,128,4096,39999999986.359764,100000000.0,2000000000.0,0.000554668,0.00055545,"first difference and time slope from adjacent refined candidate frames; second difference from three adjacent refined candidate frames; no thresholding, smoothing, interpolation, or ridge modification",D:\Code\Python_Projects\DPS_Studio\data\raw\20260607.csv
pdv_channel_1,0.0005545714542602085,-9.654573979156738e-08,pre_event,pre_event,pre_event,,,,,,,,hann,768,640,128,4096,39999999986.359764,100000000.0,2000000000.0,0.000554668,0.00055545,"first difference and time slope from adjacent refined candidate frames; second difference from three adjacent refined candidate frames; no thresholding, smoothing, interpolation, or ridge modification",D:\Code\Python_Projects\DPS_Studio\data\raw\20260607.csv
pdv_channel_1,0.0005545746542602095,-9.334573979047616e-08,pre_event,pre_event,pre_event,,,,,,,,hann,768,640,128,4096,39999999986.359764,100000000.0,2000000000.0,0.000554668,0.00055545,"first difference and time slope from adjacent refined candidate frames; second difference from three adjacent refined candidate frames; no thresholding, smoothing, interpolation, or ridge modification",D:\Code\Python_Projects\DPS_Studio\data\raw\20260607.csv
pdv_channel_1,0.0005545778542602106,-9.014573978938494e-08,pre_event,pre_event,pre_event,,,,,,,,hann,768,640,128,4096,39999999986.359764,100000000.0,2000000000.0,0.000554668,0.00055545,"first difference and time slope from adjacent refined candidate frames; second difference from three adjacent refined candidate frames; no thresholding, smoothing, interpolation, or ridge modification",D:\Code\Python_Projects\DPS_Studio\data\raw\20260607.csv
pdv_channel_1,0.0005545810542602117,-8.694573978829372e-08,pre_event,pre_event,pre_event,,,,,,,,hann,768,640,128,4096,39999999986.359764,100000000.0,2000000000.0,0.000554668,0.00055545,"first difference and time slope from adjacent refined candidate frames; second difference from three adjacent refined candidate frames; no thresholding, smoothing, interpolation, or ridge modification",D:\Code\Python_Projects\DPS_Studio\data\raw\20260607.csv
pdv_channel_1,0.0005545842542602128,-8.37457397872025e-08,pre_event,pre_event,pre_event,,,,,,,,hann,768,640,128,4096,39999999986.359764,100000000.0,2000000000.0,0.000554668,0.00055545,"first difference and time slope from adjacent refined candidate frames; second difference from three adjacent refined candidate frames; no thresholding, smoothing, interpolation, or ridge modification",D:\Code\Python_Projects\DPS_Studio\data\raw\20260607.csv
pdv_channel_1,0.0005545874542602139,-8.054573978611129e-08,pre_event,pre_event,pre_event,,,,,,,,hann,768,640,128,4096,39999999986.359764,100000000.0,2000000000.0,0.000554668,0.00055545,"first difference and time slope from adjacent refined candidate frames; second difference from three adjacent refined candidate frames; no thresholding, smoothing, interpolation, or ridge modification",D:\Code\Python_Projects\DPS_Studio\data\raw\20260607.csv
pdv_channel_1,0.000554590654260215,-7.734573978502007e-08,pre_event,pre_event,pre_event,,,,,,,,hann,768,640,128,4096,39999999986.359764,100000000.0,2000000000.0,0.000554668,0.00055545,"first difference and time slope from adjacent refined candidate frames; second difference from three adjacent refined candidate frames; no thresholding, smoothing, interpolation, or ridge modification",D:\Code\Python_Projects\DPS_Studio\data\raw\20260607.csv
pdv_channel_1,0.0005545938542602161,-7.414573978392885e-08,pre_event,pre_event,pre_event,,,,,,,,hann,768,640,128,4096,39999999986.359764,100000000.0,2000000000.0,0.000554668,0.00055545,"first difference and time slope from adjacent refined candidate frames; second difference from three adjacent refined candidate frames; no thresholding, smoothing, interpolation, or ridge modification",D:\Code\Python_Projects\DPS_Studio\data\raw\20260607.csv
pdv_channel_1,0.0005545970542602172,-7.094573978283763e-08,pre_event,pre_event,pre_event,,,,,,,,hann,768,640,128,4096,39999999986.359764,100000000.0,2000000000.0,0.000554668,0.00055545,"first difference and time slope from adjacent refined candidate frames; second difference from three adjacent refined candidate frames; no thresholding, smoothing, interpolation, or ridge modification",D:\Code\Python_Projects\DPS_Studio\data\raw\20260607.csv
pdv_channel_1,0.0005546002542602183,-6.774573978174641e-08,pre_event,pre_event,pre_event,,,,,,,,hann,768,640,128,4096,39999999986.359764,100000000.0,2000000000.0,0.000554668,0.00055545,"first difference and time slope from adjacent refined candidate frames; second difference from three adjacent refined candidate frames; no thresholding, smoothing, interpolation, or ridge modification",D:\Code\Python_Projects\DPS_Studio\data\raw\20260607.csv
pdv_channel_1,0.0005546034542602194,-6.454573978065519e-08,pre_event,pre_event,pre_event,,,,,,,,hann,768,640,128,4096,39999999986.359764,100000000.0,2000000000.0,0.000554668,0.00055545,"first difference and time slope from adjacent refined candidate frames; second difference from three adjacent refined candidate frames; no thresholding, smoothing, interpolation, or ridge modification",D:\Code\Python_Projects\DPS_Studio\data\raw\20260607.csv
pdv_channel_1,0.0005546066542602205,-6.134573977956397e-08,pre_event,pre_event,pre_event,,,,,,,,hann,768,640,128,4096,39999999986.359764,100000000.0,2000000000.0,0.000554668,0.00055545,"first difference and time slope from adjacent refined candidate frames; second difference from three adjacent refined candidate frames; no thresholding, smoothing, interpolation, or ridge modification",D:\Code\Python_Projects\DPS_Studio\data\raw\20260607.csv
pdv_channel_1,0.0005546098542602216,-5.8145739778472753e-08,pre_event,pre_event,pre_event,,,,,,,,hann,768,640,128,4096,39999999986.359764,100000000.0,2000000000.0,0.000554668,0.00055545,"first difference and time slope from adjacent refined candidate frames; second difference from three adjacent refined candidate frames; no thresholding, smoothing, interpolation, or ridge modification",D:\Code\Python_Projects\DPS_Studio\data\raw\20260607.csv
pdv_channel_1,0.0005546130542602226,-5.4945739777381535e-08,pre_event,pre_event,pre_event,,,,,,,,hann,768,640,128,4096,39999999986.359764,100000000.0,2000000000.0,0.000554668,0.00055545,"first difference and time slope from adjacent refined candidate frames; second difference from three adjacent refined candidate frames; no thresholding, smoothing, interpolation, or ridge modification",D:\Code\Python_Projects\DPS_Studio\data\raw\20260607.csv
pdv_channel_1,0.0005546162542602237,-5.1745739776290316e-08,pre_event,pre_event,pre_event,,,,,,,,hann,768,640,128,4096,39999999986.359764,100000000.0,2000000000.0,0.000554668,0.00055545,"first difference and time slope from adjacent refined candidate frames; second difference from three adjacent refined candidate frames; no thresholding, smoothing, interpolation, or ridge modification",D:\Code\Python_Projects\DPS_Studio\data\raw\20260607.csv
pdv_channel_1,0.0005546194542602248,-4.85457397751991e-08,pre_event,pre_event,pre_event,,,,,,,,hann,768,640,128,4096,39999999986.359764,100000000.0,2000000000.0,0.000554668,0.00055545,"first difference and time slope from adjacent refined candidate frames; second difference from three adjacent refined candidate frames; no thresholding, smoothing, interpolation, or ridge modification",D:\Code\Python_Projects\DPS_Studio\data\raw\20260607.csv
pdv_channel_1,0.0005546226542602259,-4.534573977410788e-08,pre_event,pre_event,pre_event,,,,,,,,hann,768,640,128,4096,39999999986.359764,100000000.0,2000000000.0,0.000554668,0.00055545,"first difference and time slope from adjacent refined candidate frames; second difference from three adjacent refined candidate frames; no thresholding, smoothing, interpolation, or ridge modification",D:\Code\Python_Projects\DPS_Studio\data\raw\20260607.csv
pdv_channel_1,0.000554625854260227,-4.214573977301666e-08,pre_event,pre_event,pre_event,,,,,,,,hann,768,640,128,4096,39999999986.359764,100000000.0,2000000000.0,0.000554668,0.00055545,"first difference and time slope from adjacent refined candidate frames; second difference from three adjacent refined candidate frames; no thresholding, smoothing, interpolation, or ridge modification",D:\Code\Python_Projects\DPS_Studio\data\raw\20260607.csv
pdv_channel_1,0.0005546290542602281,-3.894573977192544e-08,pre_event,pre_event,pre_event,,,,,,,,hann,768,640,128,4096,39999999986.359764,100000000.0,2000000000.0,0.000554668,0.00055545,"first difference and time slope from adjacent refined candidate frames; second difference from three adjacent refined candidate frames; no thresholding, smoothing, interpolation, or ridge modification",D:\Code\Python_Projects\DPS_Studio\data\raw\20260607.csv
pdv_channel_1,0.0005546322542602292,-3.574573977083422e-08,pre_event,pre_event,pre_event,,,,,,,,hann,768,640,128,4096,39999999986.359764,100000000.0,2000000000.0,0.000554668,0.00055545,"first difference and time slope from adjacent refined candidate frames; second difference from three adjacent refined candidate frames; no thresholding, smoothing, interpolation, or ridge modification",D:\Code\Python_Projects\DPS_Studio\data\raw\20260607.csv
pdv_channel_1,0.0005546354542602303,-3.2545739769743e-08,pre_event,pre_event,pre_event,,,,,,,,hann,768,640,128,4096,39999999986.359764,100000000.0,2000000000.0,0.000554668,0.00055545,"first difference and time slope from adjacent refined candidate frames; second difference from three adjacent refined candidate frames; no thresholding, smoothing, interpolation, or ridge modification",D:\Code\Python_Projects\DPS_Studio\data\raw\20260607.csv
pdv_channel_1,0.0005546386542602314,-2.9345739768651784e-08,pre_event,pre_event,pre_event,,,,,,,,hann,768,640,128,4096,39999999986.359764,100000000.0,2000000000.0,0.000554668,0.00055545,"first difference and time slope from adjacent refined candidate frames; second difference from three adjacent refined candidate frames; no thresholding, smoothing, interpolation, or ridge modification",D:\Code\Python_Projects\DPS_Studio\data\raw\20260607.csv
pdv_channel_1,0.0005546418542602325,-2.6145739767560565e-08,pre_event,pre_event,pre_event,,,,,,,,hann,768,640,128,4096,39999999986.359764,100000000.0,2000000000.0,0.000554668,0.00055545,"first difference and time slope from adjacent refined candidate frames; second difference from three adjacent refined candidate frames; no thresholding, smoothing, interpolation, or ridge modification",D:\Code\Python_Projects\DPS_Studio\data\raw\20260607.csv
pdv_channel_1,0.0005546450542602336,-2.2945739766469346e-08,pre_event,pre_event,pre_event,,,,,,,,hann,768,640,128,4096,39999999986.359764,100000000.0,2000000000.0,0.000554668,0.00055545,"first difference and time slope from adjacent refined candidate frames; second difference from three adjacent refined candidate frames; no thresholding, smoothing, interpolation, or ridge modification",D:\Code\Python_Projects\DPS_Studio\data\raw\20260607.csv
pdv_channel_1,0.0005546482542602346,-1.9745739765378127e-08,pre_event,pre_event,pre_event,,,,,,,,hann,768,640,128,4096,39999999986.359764,100000000.0,2000000000.0,0.000554668,0.00055545,"first difference and time slope from adjacent refined candidate frames; second difference from three adjacent refined candidate frames; no thresholding, smoothing, interpolation, or ridge modification",D:\Code\Python_Projects\DPS_Studio\data\raw\20260607.csv
pdv_channel_1,0.0005546514542602357,-1.654573976428691e-08,pre_event,pre_event,pre_event,,,,,,,,hann,768,640,128,4096,39999999986.359764,100000000.0,2000000000.0,0.000554668,0.00055545,"first difference and time slope from adjacent refined candidate frames; second difference from three adjacent refined candidate frames; no thresholding, smoothing, interpolation, or ridge modification",D:\Code\Python_Projects\DPS_Studio\data\raw\20260607.csv
pdv_channel_1,0.0005546546542602368,-1.334573976319569e-08,pre_event,pre_event,pre_event,,,,,,,,hann,768,640,128,4096,39999999986.359764,100000000.0,2000000000.0,0.000554668,0.00055545,"first difference and time slope from adjacent refined candidate frames; second difference from three adjacent refined candidate frames; no thresholding, smoothing, interpolation, or ridge modification",D:\Code\Python_Projects\DPS_Studio\data\raw\20260607.csv
pdv_channel_1,0.0005546578542602379,-1.014573976210447e-08,pre_event,pre_event,pre_event,,,,,,,,hann,768,640,128,4096,39999999986.359764,100000000.0,2000000000.0,0.000554668,0.00055545,"first difference and time slope from adjacent refined candidate frames; second difference from three adjacent refined candidate frames; no thresholding, smoothing, interpolation, or ridge modification",D:\Code\Python_Projects\DPS_Studio\data\raw\20260607.csv
pdv_channel_1,0.000554661054260239,-6.945739761013252e-09,pre_event,pre_event,pre_event,,,,,,,,hann,768,640,128,4096,39999999986.359764,100000000.0,2000000000.0,0.000554668,0.00055545,"first difference and time slope from adjacent refined candidate frames; second difference from three adjacent refined candidate frames; no thresholding, smoothing, interpolation, or ridge modification",D:\Code\Python_Projects\DPS_Studio\data\raw\20260607.csv
pdv_channel_1,0.0005546642542602401,-3.745739759922033e-09,pre_event,pre_event,pre_event,,,,,,,,hann,768,640,128,4096,39999999986.359764,100000000.0,2000000000.0,0.000554668,0.00055545,"first difference and time slope from adjacent refined candidate frames; second difference from three adjacent refined candidate frames; no thresholding, smoothing, interpolation, or ridge modification",D:\Code\Python_Projects\DPS_Studio\data\raw\20260607.csv
pdv_channel_1,0.0005546674542602412,-5.457397588308141e-10,pre_event,pre_event,pre_event,,,,,,,,hann,768,640,128,4096,39999999986.359764,100000000.0,2000000000.0,0.000554668,0.00055545,"first difference and time slope from adjacent refined candidate frames; second difference from three adjacent refined candidate frames; no thresholding, smoothing, interpolation, or ridge modification",D:\Code\Python_Projects\DPS_Studio\data\raw\20260607.csv
pdv_channel_1,0.0005546706542602423,2.6542602422604047e-09,candidate,refined,no_previous_candidate,694114488.1782206,,,,,,,hann,768,640,128,4096,39999999986.359764,100000000.0,2000000000.0,0.000554668,0.00055545,"first difference and time slope from adjacent refined candidate frames; second difference from three adjacent refined candidate frames; no thresholding, smoothing, interpolation, or ridge modification",D:\Code\Python_Projects\DPS_Studio\data\raw\20260607.csv
pdv_channel_1,0.0005546738542602434,5.854260243351624e-09,candidate,refined,no_two_previous_candidates,703206631.6553943,694114488.1782206,3.200000001091219e-09,9092143.477173686,9092143.477173686,2841294835647878.5,,hann,768,640,128,4096,39999999986.359764,100000000.0,2000000000.0,0.000554668,0.00055545,"first difference and time slope from adjacent refined candidate frames; second difference from three adjacent refined candidate frames; no thresholding, smoothing, interpolation, or ridge modification",D:\Code\Python_Projects\DPS_Studio\data\raw\20260607.csv
pdv_channel_1,0.0005546770542602445,9.054260244442842e-09,candidate,refined,assessed,708211970.0917404,703206631.6553943,3.200000001091219e-09,5005338.436346054,5005338.436346054,1564168260824751.2,-4086805.040827632,hann,768,640,128,4096,39999999986.359764,100000000.0,2000000000.0,0.000554668,0.00055545,"first difference and time slope from adjacent refined candidate frames; second difference from three adjacent refined candidate frames; no thresholding, smoothing, interpolation, or ridge modification",D:\Code\Python_Projects\DPS_Studio\data\raw\20260607.csv
pdv_channel_1,0.0005546802542602456,1.2254260245534061e-08,candidate,refined,assessed,709340242.260327,708211970.0917404,3.200000001091219e-09,1128272.1685866117,1128272.1685866117,352585052563082.56,-3877066.2677594423,hann,768,640,128,4096,39999999986.359764,100000000.0,2000000000.0,0.000554668,0.00055545,"first difference and time slope from adjacent refined candidate frames; second difference from three adjacent refined candidate frames; no thresholding, smoothing, interpolation, or ridge modification",D:\Code\Python_Projects\DPS_Studio\data\raw\20260607.csv
pdv_channel_1,0.0005546834542602466,1.545426024662528e-08,candidate,refined,assessed,710272116.245977,709340242.260327,3.200000001091219e-09,931873.9856500626,931873.9856500626,291210620416340.0,-196398.1829365492,hann,768,640,128,4096,39999999986.359764,100000000.0,2000000000.0,0.000554668,0.00055545,"first difference and time slope from adjacent refined candidate frames; second difference from three adjacent refined candidate frames; no thresholding, smoothing, interpolation, or ridge modification",D:\Code\Python_Projects\DPS_Studio\data\raw\20260607.csv
pdv_channel_1,0.0005546866542602477,1.86542602477165e-08,candidate,refined,assessed,713687626.3313776,710272116.245977,3.200000001091219e-09,3415510.0854005814,3415510.0854005814,1067346901323710.1,2483636.099750519,hann,768,640,128,4096,39999999986.359764,100000000.0,2000000000.0,0.000554668,0.00055545,"first difference and time slope from adjacent refined candidate frames; second difference from three adjacent refined candidate frames; no thresholding, smoothing, interpolation, or ridge modification",D:\Code\Python_Projects\DPS_Studio\data\raw\20260607.csv
pdv_channel_1,0.0005546898542602488,2.1854260248807718e-08,candidate,refined,assessed,720022376.0064663,713687626.3313776,3.200000001091219e-09,6334749.675088644,6334749.675088644,1979609272790142.8,2919239.5896880627,hann,768,640,128,4096,39999999986.359764,100000000.0,2000000000.0,0.000554668,0.00055545,"first difference and time slope from adjacent refined candidate frames; second difference from three adjacent refined candidate frames; no thresholding, smoothing, interpolation, or ridge modification",D:\Code\Python_Projects\DPS_Studio\data\raw\20260607.csv
pdv_channel_1,0.0005546930542602499,2.5054260249898937e-08,candidate,refined,assessed,727332779.2860163,720022376.0064663,3.200000001091219e-09,7310403.2795500755,7310403.2795500755,2284501024080370.5,975653.6044614315,hann,768,640,128,4096,39999999986.359764,100000000.0,2000000000.0,0.000554668,0.00055545,"first difference and time slope from adjacent refined candidate frames; second difference from three adjacent refined candidate frames; no thresholding, smoothing, interpolation, or ridge modification",D:\Code\Python_Projects\DPS_Studio\data\raw\20260607.csv
pdv_channel_1,0.000554696254260251,2.8254260250990156e-08,candidate,refined,assessed,734076428.2315992,727332779.2860163,3.200000001091219e-09,6743648.945582867,6743648.945582867,2107390294776013.2,-566754.3339672089,hann,768,640,128,4096,39999999986.359764,100000000.0,2000000000.0,0.000554668,0.00055545,"first difference and time slope from adjacent refined candidate frames; second difference from three adjacent refined candidate frames; no thresholding, smoothing, interpolation, or ridge modification",D:\Code\Python_Projects\DPS_Studio\data\raw\20260607.csv
pdv_channel_1,0.0005546994542602521,3.1454260252081374e-08,candidate,refined,assessed,736502459.2672336,734076428.2315992,3.200000001091219e-09,2426031.0356343985,2426031.0356343985,758134698377221.1,-4317617.909948468,hann,768,640,128,4096,39999999986.359764,100000000.0,2000000000.0,0.000554668,0.00055545,"first difference and time slope from adjacent refined candidate frames; second difference from three adjacent refined candidate frames; no thresholding, smoothing, interpolation, or ridge modification",D:\Code\Python_Projects\DPS_Studio\data\raw\20260607.csv
pdv_channel_1,0.0005547026542602532,3.465426025317259e-08,candidate,refined,assessed,735204837.3365192,736502459.2672336,3.200000001091219e-09,-1297621.9307143688,1297621.9307143688,-405506853209960.0,-3723652.9663487673,hann,768,640,128,4096,39999999986.359764,100000000.0,2000000000.0,0.000554668,0.00055545,"first difference and time slope from adjacent refined candidate frames; second difference from three adjacent refined candidate frames; no thresholding, smoothing, interpolation, or ridge modification",D:\Code\Python_Projects\DPS_Studio\data\raw\20260607.csv
pdv_channel_1,0.0005547058542602543,3.785426025426381e-08,candidate,refined,assessed,733803706.6409029,735204837.3365192,3.200000001091219e-09,-1401130.6956163645,1401130.6956163645,-437853342230803.3,-103508.76490199566,hann,768,640,128,4096,39999999986.359764,100000000.0,2000000000.0,0.000554668,0.00055545,"first difference and time slope from adjacent refined candidate frames; second difference from three adjacent refined candidate frames; no thresholding, smoothing, interpolation, or ridge modification",D:\Code\Python_Projects\DPS_Studio\data\raw\20260607.csv
pdv_channel_1,0.0005547090542602554,4.105426025535503e-08,candidate,refined,assessed,734262256.5148808,733803706.6409029,3.200000001091219e-09,458549.87397789955,458549.87397789955,143296835569228.53,1859680.569594264,hann,768,640,128,4096,39999999986.359764,100000000.0,2000000000.0,0.000554668,0.00055545,"first difference and time slope from adjacent refined candidate frames; second difference from three adjacent refined candidate frames; no thresholding, smoothing, interpolation, or ridge modification",D:\Code\Python_Projects\DPS_Studio\data\raw\20260607.csv
pdv_channel_1,0.0005547122542602565,4.425426025644625e-08,candidate,refined,assessed,736583659.2562573,734262256.5148808,3.200000001091219e-09,2321402.741376519,2321402.741376519,725438356432783.5,1862852.8673986197,hann,768,640,128,4096,39999999986.359764,100000000.0,2000000000.0,0.000554668,0.00055545,"first difference and time slope from adjacent refined candidate frames; second difference from three adjacent refined candidate frames; no thresholding, smoothing, interpolation, or ridge modification",D:\Code\Python_Projects\DPS_Studio\data\raw\20260607.csv
pdv_channel_1,0.0005547154542602576,4.745426025753747e-08,candidate,refined,assessed,739109101.1363542,736583659.2562573,3.200000001091219e-09,2525441.8800969124,2525441.8800969124,789200587261163.1,204039.13872039318,hann,768,640,128,4096,39999999986.359764,100000000.0,2000000000.0,0.000554668,0.00055545,"first difference and time slope from adjacent refined candidate frames; second difference from three adjacent refined candidate frames; no thresholding, smoothing, interpolation, or ridge modification",D:\Code\Python_Projects\DPS_Studio\data\raw\20260607.csv
pdv_channel_1,0.0005547186542602587,5.065426025862869e-08,candidate,refined,assessed,739374495.7379495,739109101.1363542,3.200000001091219e-09,265394.60159528255,265394.60159528255,82935812970244.2,-2260047.27850163,hann,768,640,128,4096,39999999986.359764,100000000.0,2000000000.0,0.000554668,0.00055545,"first difference and time slope from adjacent refined candidate frames; second difference from three adjacent refined candidate frames; no thresholding, smoothing, interpolation, or ridge modification",D:\Code\Python_Projects\DPS_Studio\data\raw\20260607.csv
pdv_channel_1,0.0005547218542602597,5.3854260259719906e-08,candidate,refined,assessed,737860694.3608377,739374495.7379495,3.200000001091219e-09,-1513801.3771117926,1513801.3771117926,-473062930186117.94,-1779195.9787070751,hann,768,640,128,4096,39999999986.359764,100000000.0,2000000000.0,0.000554668,0.00055545,"first difference and time slope from adjacent refined candidate frames; second difference from three adjacent refined candidate frames; no thresholding, smoothing, interpolation, or ridge modification",D:\Code\Python_Projects\DPS_Studio\data\raw\20260607.csv
pdv_channel_1,0.0005547250542602608,5.7054260260811125e-08,candidate,refined,assessed,737287185.46936,737860694.3608377,3.200000001091219e-09,-573508.891477704,573508.891477704,-179221528525666.9,940292.4856340885,hann,768,640,128,4096,39999999986.359764,100000000.0,2000000000.0,0.000554668,0.00055545,"first difference and time slope from adjacent refined candidate frames; second difference from three adjacent refined candidate frames; no thresholding, smoothing, interpolation, or ridge modification",D:\Code\Python_Projects\DPS_Studio\data\raw\20260607.csv
pdv_channel_1,0.0005547282542602619,6.025426026190234e-08,candidate,refined,assessed,737101598.6506939,737287185.46936,3.200000001091219e-09,-185586.8186661005,185586.8186661005,-57995880813379.47,387922.07281160355,hann,768,640,128,4096,39999999986.359764,100000000.0,2000000000.0,0.000554668,0.00055545,"first difference and time slope from adjacent refined candidate frames; second difference from three adjacent refined candidate frames; no thresholding, smoothing, interpolation, or ridge modification",D:\Code\Python_Projects\DPS_Studio\data\raw\20260607.csv
pdv_channel_1,0.000554731454260263,6.345426026299356e-08,candidate,refined,assessed,734653716.9208355,737101598.6506939,3.200000001091219e-09,-2447881.7298583984,2447881.7298583984,-764963040319892.6,-2262294.911192298,hann,768,640,128,4096,39999999986.359764,100000000.0,2000000000.0,0.000554668,0.00055545,"first difference and time slope from adjacent refined candidate frames; second difference from three adjacent refined candidate frames; no thresholding, smoothing, interpolation, or ridge modification",D:\Code\Python_Projects\DPS_Studio\data\raw\20260607.csv
pdv_channel_1,0.0005547346542602641,6.665426026408478e-08,candidate,refined,assessed,730854731.8262048,734653716.9208355,3.200000001091219e-09,-3798985.094630718,3798985.094630718,-1187182841667263.0,-1351103.3647723198,hann,768,640,128,4096,39999999986.359764,100000000.0,2000000000.0,0.000554668,0.00055545,"first difference and time slope from adjacent refined candidate frames; second difference from three adjacent refined candidate frames; no thresholding, smoothing, interpolation, or ridge modification",D:\Code\Python_Projects\DPS_Studio\data\raw\20260607.csv
pdv_channel_1,0.0005547378542602652,6.9854260265176e-08,candidate,refined,assessed,728072679.8802987,730854731.8262048,3.200000001091219e-09,-2782051.945906043,2782051.945906043,-869391232799170.9,1016933.1487246752,hann,768,640,128,4096,39999999986.359764,100000000.0,2000000000.0,0.000554668,0.00055545,"first difference and time slope from adjacent refined candidate frames; second difference from three adjacent refined candidate frames; no thresholding, smoothing, interpolation, or ridge modification",D:\Code\Python_Projects\DPS_Studio\data\raw\20260607.csv
pdv_channel_1,0.0005547410542602663,7.305426026626722e-08,candidate,refined,assessed,726108667.3800573,728072679.8802987,3.200000001091219e-09,-1964012.5002413988,1964012.5002413988,-613753906116143.4,818039.4456646442,hann,768,640,128,4096,39999999986.359764,100000000.0,2000000000.0,0.000554668,0.00055545,"first difference and time slope from adjacent refined candidate frames; second difference from three adjacent refined candidate frames; no thresholding, smoothing, interpolation, or ridge modification",D:\Code\Python_Projects\DPS_Studio\data\raw\20260607.csv
pdv_channel_1,0.0005547442542602674,7.625426026735844e-08,candidate,refined,assessed,725187387.1813109,726108667.3800573,3.200000001091219e-09,-921280.1987464428,921280.1987464428,-287900062010087.75,1042732.301494956,hann,768,640,128,4096,39999999986.359764,100000000.0,2000000000.0,0.000554668,0.00055545,"first difference and time slope from adjacent refined candidate frames; second difference from three adjacent refined candidate frames; no thresholding, smoothing, interpolation, or ridge modification",D:\Code\Python_Projects\DPS_Studio\data\raw\20260607.csv
pdv_channel_1,0.0005547474542602685,7.945426026844966e-08,candidate,refined,assessed,726601866.18193,725187387.1813109,3.200000001091219e-09,1414479.0006190538,1414479.0006190538,442024687542721.3,2335759.1993654966,hann,768,640,128,4096,39999999986.359764,100000000.0,2000000000.0,0.000554668,0.00055545,"first difference and time slope from adjacent refined candidate frames; second difference from three adjacent refined candidate frames; no thresholding, smoothing, interpolation, or ridge modification",D:\Code\Python_Projects\DPS_Studio\data\raw\20260607.csv
pdv_channel_1,0.0005547506542602696,8.265426026954088e-08,candidate,refined,assessed,729183582.1917033,726601866.18193,3.200000001091219e-09,2581716.0097733736,2581716.0097733736,806786252779060.4,1167237.0091543198,hann,768,640,128,4096,39999999986.359764,100000000.0,2000000000.0,0.000554668,0.00055545,"first difference and time slope from adjacent refined candidate frames; second difference from three adjacent refined candidate frames; no thresholding, smoothing, interpolation, or ridge modification",D:\Code\Python_Projects\DPS_Studio\data\raw\20260607.csv
pdv_channel_1,0.0005547538542602707,8.58542602706321e-08,candidate,refined,assessed,730668505.5055994,729183582.1917033,3.200000001091219e-09,1484923.31389606,1484923.31389606,464038535434278.9,-1096792.6958773136,hann,768,640,128,4096,39999999986.359764,100000000.0,2000000000.0,0.000554668,0.00055545,"first difference and time slope from adjacent refined candidate frames; second difference from three adjacent refined candidate frames; no thresholding, smoothing, interpolation, or ridge modification",D:\Code\Python_Projects\DPS_Studio\data\raw\20260607.csv
pdv_channel_1,0.0005547570542602717,8.905426027172331e-08,candidate,refined,assessed,731077037.641506,730668505.5055994,3.200000001091219e-09,408532.1359065771,408532.1359065771,127666292427270.39,-1076391.1779894829,hann,768,640,128,4096,39999999986.359764,100000000.0,2000000000.0,0.000554668,0.00055545,"first difference and time slope from adjacent refined candidate frames; second difference from three adjacent refined candidate frames; no thresholding, smoothing, interpolation, or ridge modification",D:\Code\Python_Projects\DPS_Studio\data\raw\20260607.csv
pdv_channel_1,0.0005547602542602728,9.225426027281453e-08,candidate,refined,assessed,731462812.0673147,731077037.641506,3.200000001091219e-09,385774.42580878735,385774.42580878735,120554508024136.25,-22757.710097789764,hann,768,640,128,4096,39999999986.359764,100000000.0,2000000000.0,0.000554668,0.00055545,"first difference and time slope from adjacent refined candidate frames; second difference from three adjacent refined candidate frames; no thresholding, smoothing, interpolation, or ridge modification",D:\Code\Python_Projects\DPS_Studio\data\raw\20260607.csv
pdv_channel_1,0.0005547634542602739,9.545426027390575e-08,candidate,refined,assessed,731331937.360618,731462812.0673147,3.200000001091219e-09,-130874.70669674873,130874.70669674873,-40898345828787.41,-516649.1325055361,hann,768,640,128,4096,39999999986.359764,100000000.0,2000000000.0,0.000554668,0.00055545,"first difference and time slope from adjacent refined candidate frames; second difference from three adjacent refined candidate frames; no thresholding, smoothing, interpolation, or ridge modification",D:\Code\Python_Projects\DPS_Studio\data\raw\20260607.csv
pdv_channel_1,0.000554766654260275,9.865426027499697e-08,candidate,refined,assessed,729463344.7114984,731331937.360618,3.200000001091219e-09,-1868592.6491196156,1868592.6491196156,-583935202650754.5,-1737717.9424228668,hann,768,640,128,4096,39999999986.359764,100000000.0,2000000000.0,0.000554668,0.00055545,"first difference and time slope from adjacent refined candidate frames; second difference from three adjacent refined candidate frames; no thresholding, smoothing, interpolation, or ridge modification",D:\Code\Python_Projects\DPS_Studio\data\raw\20260607.csv
pdv_channel_1,0.0005547698542602761,1.0185426027608819e-07,candidate,refined,assessed,725966224.0236942,729463344.7114984,3.200000001091219e-09,-3497120.687804222,3497120.687804222,-1092850214566151.0,-1628528.0386846066,hann,768,640,128,4096,39999999986.359764,100000000.0,2000000000.0,0.000554668,0.00055545,"first difference and time slope from adjacent refined candidate frames; second difference from three adjacent refined candidate frames; no thresholding, smoothing, interpolation, or ridge modification",D:\Code\Python_Projects\DPS_Studio\data\raw\20260607.csv
pdv_channel_1,0.0005547730542602772,1.0505426027717941e-07,candidate,refined,assessed,723337155.8463277,725966224.0236942,3.200000001091219e-09,-2629068.177366495,2629068.177366495,-821583805146864.8,868052.510437727,hann,768,640,128,4096,39999999986.359764,100000000.0,2000000000.0,0.000554668,0.00055545,"first difference and time slope from adjacent refined candidate frames; second difference from three adjacent refined candidate frames; no thresholding, smoothing, interpolation, or ridge modification",D:\Code\Python_Projects\DPS_Studio\data\raw\20260607.csv
pdv_channel_1,0.0005547762542602783,1.0825426027827063e-07,candidate,refined,assessed,724639548.3527128,723337155.8463277,3.200000001091219e-09,1302392.506385088,1302392.506385088,406997658106551.4,3931460.683751583,hann,768,640,128,4096,39999999986.359764,100000000.0,2000000000.0,0.000554668,0.00055545,"first difference and time slope from adjacent refined candidate frames; second difference from three adjacent refined candidate frames; no thresholding, smoothing, interpolation, or ridge modification",D:\Code\Python_Projects\DPS_Studio\data\raw\20260607.csv
pdv_channel_1,0.0005547794542602794,1.1145426027936185e-07,candidate,refined,assessed,729000846.9705077,724639548.3527128,3.200000001091219e-09,4361298.617794991,4361298.617794991,1362905817596175.8,3058906.1114099026,hann,768,640,128,4096,39999999986.359764,100000000.0,2000000000.0,0.000554668,0.00055545,"first difference and time slope from adjacent refined candidate frames; second difference from three adjacent refined candidate frames; no thresholding, smoothing, interpolation, or ridge modification",D:\Code\Python_Projects\DPS_Studio\data\raw\20260607.csv
pdv_channel_1,0.0005547826542602805,1.1465426028045306e-07,candidate,refined,assessed,731812060.0205717,729000846.9705077,3.200000001091219e-09,2811213.0500639677,2811213.0500639677,878504077845414.9,-1550085.5677310228,hann,768,640,128,4096,39999999986.359764,100000000.0,2000000000.0,0.000554668,0.00055545,"first difference and time slope from adjacent refined candidate frames; second difference from three adjacent refined candidate frames; no thresholding, smoothing, interpolation, or ridge modification",D:\Code\Python_Projects\DPS_Studio\data\raw\20260607.csv
pdv_channel_1,0.0005547858542602816,1.1785426028154428e-07,candidate,refined,assessed,730628705.3368585,731812060.0205717,3.200000001091219e-09,-1183354.6837131977,1183354.6837131977,-369798338534270.9,-3994567.7337771654,hann,768,640,128,4096,39999999986.359764,100000000.0,2000000000.0,0.000554668,0.00055545,"first difference and time slope from adjacent refined candidate frames; second difference from three adjacent refined candidate frames; no thresholding, smoothing, interpolation, or ridge modification",D:\Code\Python_Projects\DPS_Studio\data\raw\20260607.csv
pdv_channel_1,0.0005547890542602827,1.210542602826355e-07,candidate,refined,assessed,728236460.7660503,730628705.3368585,3.200000001091219e-09,-2392244.570808172,2392244.570808172,-747576428122625.9,-1208889.8870949745,hann,768,640,128,4096,39999999986.359764,100000000.0,2000000000.0,0.000554668,0.00055545,"first difference and time slope from adjacent refined candidate frames; second difference from three adjacent refined candidate frames; no thresholding, smoothing, interpolation, or ridge modification",D:\Code\Python_Projects\DPS_Studio\data\raw\20260607.csv
pdv_channel_1,0.0005547922542602837,1.2425426028372672e-07,candidate,refined,assessed,727674317.2989504,728236460.7660503,3.200000001091219e-09,-562143.467099905,562143.467099905,-175669833408815.88,1830101.1037082672,hann,768,640,128,4096,39999999986.359764,100000000.0,2000000000.0,0.000554668,0.00055545,"first difference and time slope from adjacent refined candidate frames; second difference from three adjacent refined candidate frames; no thresholding, smoothing, interpolation, or ridge modification",D:\Code\Python_Projects\DPS_Studio\data\raw\20260607.csv
pdv_channel_1,0.0005547954542602848,1.2745426028481794e-07,candidate,refined,assessed,728867148.1716443,727674317.2989504,3.200000001091219e-09,1192830.8726938963,1192830.8726938963,372759647589729.4,1754974.3397938013,hann,768,640,128,4096,39999999986.359764,100000000.0,2000000000.0,0.000554668,0.00055545,"first difference and time slope from adjacent refined candidate frames; second difference from three adjacent refined candidate frames; no thresholding, smoothing, interpolation, or ridge modification",D:\Code\Python_Projects\DPS_Studio\data\raw\20260607.csv
pdv_channel_1,0.0005547986542602859,1.3065426028590916e-07,candidate,refined,assessed,729360848.0809696,728867148.1716443,3.200000001091219e-09,493699.90932524204,493699.90932524204,154281221611527.34,-699130.9633686543,hann,768,640,128,4096,39999999986.359764,100000000.0,2000000000.0,0.000554668,0.00055545,"first difference and time slope from adjacent refined candidate frames; second difference from three adjacent refined candidate frames; no thresholding, smoothing, interpolation, or ridge modification",D:\Code\Python_Projects\DPS_Studio\data\raw\20260607.csv
pdv_channel_1,0.000554801854260287,1.3385426028700038e-07,candidate,refined,assessed,728312886.2513032,729360848.0809696,3.200000001091219e-09,-1047961.8296663761,1047961.8296663761,-327488071659067.2,-1541661.7389916182,hann,768,640,128,4096,39999999986.359764,100000000.0,2000000000.0,0.000554668,0.00055545,"first difference and time slope from adjacent refined candidate frames; second difference from three adjacent refined candidate frames; no thresholding, smoothing, interpolation, or ridge modification",D:\Code\Python_Projects\DPS_Studio\data\raw\20260607.csv
pdv_channel_1,0.0005548050542602881,1.370542602880916e-07,candidate,refined,assessed,727686669.676185,728312886.2513032,3.200000001091219e-09,-626216.5751181841,626216.5751181841,-195692679657700.16,421745.254548192,hann,768,640,128,4096,39999999986.359764,100000000.0,2000000000.0,0.000554668,0.00055545,"first difference and time slope from adjacent refined candidate frames; second difference from three adjacent refined candidate frames; no thresholding, smoothing, interpolation, or ridge modification",D:\Code\Python_Projects\DPS_Studio\data\raw\20260607.csv
pdv_channel_1,0.0005548082542602892,1.4025426028918282e-07,candidate,refined,assessed,728373401.3615035,727686669.676185,3.200000001091219e-09,686731.68531847,686731.68531847,214603651588840.78,1312948.260436654,hann,768,640,128,4096,39999999986.359764,100000000.0,2000000000.0,0.000554668,0.00055545,"first difference and time slope from adjacent refined candidate frames; second difference from three adjacent refined candidate frames; no thresholding, smoothing, interpolation, or ridge modification",D:\Code\Python_Projects\DPS_Studio\data\raw\20260607.csv
pdv_channel_1,0.0005548114542602903,1.4345426029027403e-07,candidate,refined,assessed,729173651.4594195,728373401.3615035,3.200000001091219e-09,800250.097916007,800250.097916007,250078155513474.06,113518.41259753704,hann,768,640,128,4096,39999999986.359764,100000000.0,2000000000.0,0.000554668,0.00055545,"first difference and time slope from adjacent refined candidate frames; second difference from three adjacent refined candidate frames; no thresholding, smoothing, interpolation, or ridge modification",D:\Code\Python_Projects\DPS_Studio\data\raw\20260607.csv
pdv_channel_1,0.0005548146542602914,1.4665426029136525e-07,candidate,refined,assessed,729339373.9520321,729173651.4594195,3.200000001091219e-09,165722.49261260033,165722.49261260033,51788278923777.49,-634527.6053034067,hann,768,640,128,4096,39999999986.359764,100000000.0,2000000000.0,0.000554668,0.00055545,"first difference and time slope from adjacent refined candidate frames; second difference from three adjacent refined candidate frames; no thresholding, smoothing, interpolation, or ridge modification",D:\Code\Python_Projects\DPS_Studio\data\raw\20260607.csv
pdv_channel_1,0.0005548178542602925,1.4985426029245647e-07,candidate,refined,assessed,729104641.238979,729339373.9520321,3.200000001091219e-09,-234732.71305310726,234732.71305310726,-73353972804081.88,-400455.2056657076,hann,768,640,128,4096,39999999986.359764,100000000.0,2000000000.0,0.000554668,0.00055545,"first difference and time slope from adjacent refined candidate frames; second difference from three adjacent refined candidate frames; no thresholding, smoothing, interpolation, or ridge modification",D:\Code\Python_Projects\DPS_Studio\data\raw\20260607.csv
pdv_channel_1,0.0005548210542602936,1.530542602935477e-07,candidate,refined,assessed,728161993.5134534,729104641.238979,3.200000001091219e-09,-942647.7255256176,942647.7255256176,-294577414126302.9,-707915.0124725103,hann,768,640,128,4096,39999999986.359764,100000000.0,2000000000.0,0.000554668,0.00055545,"first difference and time slope from adjacent refined candidate frames; second difference from three adjacent refined candidate frames; no thresholding, smoothing, interpolation, or ridge modification",D:\Code\Python_Projects\DPS_Studio\data\raw\20260607.csv
pdv_channel_1,0.0005548242542602947,1.562542602946389e-07,candidate,refined,assessed,726908925.6543121,728161993.5134534,3.200000001091219e-09,-1253067.8591412306,1253067.8591412306,-391583705848102.2,-310420.133615613,hann,768,640,128,4096,39999999986.359764,100000000.0,2000000000.0,0.000554668,0.00055545,"first difference and time slope from adjacent refined candidate frames; second difference from three adjacent refined candidate frames; no thresholding, smoothing, interpolation, or ridge modification",D:\Code\Python_Projects\DPS_Studio\data\raw\20260607.csv
pdv_channel_1,0.0005548274542602958,1.5945426029573013e-07,candidate,refined,assessed,726315456.2314501,726908925.6543121,3.200000001091219e-09,-593469.4228620529,593469.4228620529,-185459194581148.84,659598.4362791777,hann,768,640,128,4096,39999999986.359764,100000000.0,2000000000.0,0.000554668,0.00055545,"first difference and time slope from adjacent refined candidate frames; second difference from three adjacent refined candidate frames; no thresholding, smoothing, interpolation, or ridge modification",D:\Code\Python_Projects\DPS_Studio\data\raw\20260607.csv
pdv_channel_1,0.0005548306542602968,1.6265426029682135e-07,candidate,refined,assessed,725825124.1612011,726315456.2314501,3.200000001091219e-09,-490332.07024896145,490332.07024896145,-153228771900548.53,103137.35261309147,hann,768,640,128,4096,39999999986.359764,100000000.0,2000000000.0,0.000554668,0.00055545,"first difference and time slope from adjacent refined candidate frames; second difference from three adjacent refined candidate frames; no thresholding, smoothing, interpolation, or ridge modification",D:\Code\Python_Projects\DPS_Studio\data\raw\20260607.csv
pdv_channel_1,0.0005548338542602979,1.6585426029791257e-07,candidate,refined,assessed,724679138.1147529,725825124.1612011,3.200000001091219e-09,-1145986.0464482307,1145986.0464482307,-358120639392950.9,-655653.9761992693,hann,768,640,128,4096,39999999986.359764,100000000.0,2000000000.0,0.000554668,0.00055545,"first difference and time slope from adjacent refined candidate frames; second difference from three adjacent refined candidate frames; no thresholding, smoothing, interpolation, or ridge modification",D:\Code\Python_Projects\DPS_Studio\data\raw\20260607.csv
pdv_channel_1,0.000554837054260299,1.6905426029900378e-07,candidate,refined,assessed,724364677.1762886,724679138.1147529,3.200000001091219e-09,-314460.93846428394,314460.93846428394,-98269043236578.4,831525.1079839468,hann,768,640,128,4096,39999999986.359764,100000000.0,2000000000.0,0.000554668,0.00055545,"first difference and time slope from adjacent refined candidate frames; second difference from three adjacent refined candidate frames; no thresholding, smoothing, interpolation, or ridge modification",D:\Code\Python_Projects\DPS_Studio\data\raw\20260607.csv
pdv_channel_1,0.0005548402542603001,1.72254260300095e-07,candidate,refined,assessed,726002857.9256989,724364677.1762886,3.200000001091219e-09,1638180.7494102716,1638180.7494102716,511931484016138.25,1952641.6878745556,hann,768,640,128,4096,39999999986.359764,100000000.0,2000000000.0,0.000554668,0.00055545,"first difference and time slope from adjacent refined candidate frames; second difference from three adjacent refined candidate frames; no thresholding, smoothing, interpolation, or ridge modification",D:\Code\Python_Projects\DPS_Studio\data\raw\20260607.csv
pdv_channel_1,0.0005548434542603012,1.7545426030118622e-07,candidate,refined,assessed,727690157.9216962,726002857.9256989,3.200000001091219e-09,1687299.9959973097,1687299.9959973097,527281248569353.25,49119.24658703804,hann,768,640,128,4096,39999999986.359764,100000000.0,2000000000.0,0.000554668,0.00055545,"first difference and time slope from adjacent refined candidate frames; second difference from three adjacent refined candidate frames; no thresholding, smoothing, interpolation, or ridge modification",D:\Code\Python_Projects\DPS_Studio\data\raw\20260607.csv
pdv_channel_1,0.0005548466542603023,1.7865426030227744e-07,candidate,refined,assessed,728091602.223218,727690157.9216962,3.200000001091219e-09,401444.3015217781,401444.3015217781,125451344182776.02,-1285855.6944755316,hann,768,640,128,4096,39999999986.359764,100000000.0,2000000000.0,0.000554668,0.00055545,"first difference and time slope from adjacent refined candidate frames; second difference from three adjacent refined candidate frames; no thresholding, smoothing, interpolation, or ridge modification",D:\Code\Python_Projects\DPS_Studio\data\raw\20260607.csv
pdv_channel_1,0.0005548498542603034,1.8185426030336866e-07,candidate,refined,assessed,727613010.884512,728091602.223218,3.200000001091219e-09,-478591.33870601654,478591.33870601654,-149559793294629.4,-880035.6402277946,hann,768,640,128,4096,39999999986.359764,100000000.0,2000000000.0,0.000554668,0.00055545,"first difference and time slope from adjacent refined candidate frames; second difference from three adjacent refined candidate frames; no thresholding, smoothing, interpolation, or ridge modification",D:\Code\Python_Projects\DPS_Studio\data\raw\20260607.csv
pdv_channel_1,0.0005548530542603045,1.8505426030445988e-07,candidate,refined,assessed,726663819.342277,727613010.884512,3.200000001091219e-09,-949191.5422348976,949191.5422348976,-296622356847255.56,-470600.2035288811,hann,768,640,128,4096,39999999986.359764,100000000.0,2000000000.0,0.000554668,0.00055545,"first difference and time slope from adjacent refined candidate frames; second difference from three adjacent refined candidate frames; no thresholding, smoothing, interpolation, or ridge modification",D:\Code\Python_Projects\DPS_Studio\data\raw\20260607.csv
pdv_channel_1,0.0005548562542603056,1.882542603055511e-07,candidate,refined,assessed,726291628.9008256,726663819.342277,3.200000001091219e-09,-372190.4414514303,372190.4414514303,-116309512913909.75,577001.1007834673,hann,768,640,128,4096,39999999986.359764,100000000.0,2000000000.0,0.000554668,0.00055545,"first difference and time slope from adjacent refined candidate frames; second difference from three adjacent refined candidate frames; no thresholding, smoothing, interpolation, or ridge modification",D:\Code\Python_Projects\DPS_Studio\data\raw\20260607.csv
pdv_channel_1,0.0005548594542603067,1.9145426030664232e-07,candidate,refined,assessed,727372186.6017171,726291628.9008256,3.200000001091219e-09,1080557.7008914948,1080557.7008914948,337674281413443.2,1452748.142342925,hann,768,640,128,4096,39999999986.359764,100000000.0,2000000000.0,0.000554668,0.00055545,"first difference and time slope from adjacent refined candidate frames; second difference from three adjacent refined candidate frames; no thresholding, smoothing, interpolation, or ridge modification",D:\Code\Python_Projects\DPS_Studio\data\raw\20260607.csv
pdv_channel_1,0.0005548626542603078,1.9465426030773354e-07,candidate,refined,assessed,728508166.3064699,727372186.6017171,3.200000001091219e-09,1135979.7047528028,1135979.7047528028,354993657614195.94,55422.0038613081,hann,768,640,128,4096,39999999986.359764,100000000.0,2000000000.0,0.000554668,0.00055545,"first difference and time slope from adjacent refined candidate frames; second difference from three adjacent refined candidate frames; no thresholding, smoothing, interpolation, or ridge modification",D:\Code\Python_Projects\DPS_Studio\data\raw\20260607.csv
pdv_channel_1,0.0005548658542603088,1.9785426030882475e-07,candidate,refined,assessed,728699565.2871482,728508166.3064699,3.200000001091219e-09,191398.98067831993,191398.98067831993,59812181441578.67,-944580.7240744829,hann,768,640,128,4096,39999999986.359764,100000000.0,2000000000.0,0.000554668,0.00055545,"first difference and time slope from adjacent refined candidate frames; second difference from three adjacent refined candidate frames; no thresholding, smoothing, interpolation, or ridge modification",D:\Code\Python_Projects\DPS_Studio\data\raw\20260607.csv
pdv_channel_1,0.0005548690542603099,2.0105426030991597e-07,candidate,refined,assessed,728229023.1284269,728699565.2871482,3.200000001091219e-09,-470542.1587213278,470542.1587213278,-147044424550271.9,-661941.1393996477,hann,768,640,128,4096,39999999986.359764,100000000.0,2000000000.0,0.000554668,0.00055545,"first difference and time slope from adjacent refined candidate frames; second difference from three adjacent refined candidate frames; no thresholding, smoothing, interpolation, or ridge modification",D:\Code\Python_Projects\DPS_Studio\data\raw\20260607.csv
pdv_channel_1,0.000554872254260311,2.042542603110072e-07,candidate,refined,assessed,727079632.0273554,728229023.1284269,3.200000001091219e-09,-1149391.101071477,1149391.101071477,-359184718962352.44,-678848.9423501492,hann,768,640,128,4096,39999999986.359764,100000000.0,2000000000.0,0.000554668,0.00055545,"first difference and time slope from adjacent refined candidate frames; second difference from three adjacent refined candidate frames; no thresholding, smoothing, interpolation, or ridge modification",D:\Code\Python_Projects\DPS_Studio\data\raw\20260607.csv
pdv_channel_1,0.0005548754542603121,2.074542603120984e-07,candidate,refined,assessed,725895219.6389341,727079632.0273554,3.200000001091219e-09,-1184412.388421297,1184412.388421297,-370128871255439.2,-35021.28734982014,hann,768,640,128,4096,39999999986.359764,100000000.0,2000000000.0,0.000554668,0.00055545,"first difference and time slope from adjacent refined candidate frames; second difference from three adjacent refined candidate frames; no thresholding, smoothing, interpolation, or ridge modification",D:\Code\Python_Projects\DPS_Studio\data\raw\20260607.csv
pdv_channel_1,0.0005548786542603132,2.1065426031318963e-07,candidate,refined,assessed,726393095.8603327,725895219.6389341,3.200000001091219e-09,497876.221398592,497876.221398592,155586319134004.16,1682288.609819889,hann,768,640,128,4096,39999999986.359764,100000000.0,2000000000.0,0.000554668,0.00055545,"first difference and time slope from adjacent refined candidate frames; second difference from three adjacent refined candidate frames; no thresholding, smoothing, interpolation, or ridge modification",D:\Code\Python_Projects\DPS_Studio\data\raw\20260607.csv
pdv_channel_1,0.0005548818542603143,2.1385426031428085e-07,candidate,refined,assessed,728133805.7497555,726393095.8603327,3.200000001091219e-09,1740709.8894227743,1740709.8894227743,543971840259119.4,1242833.6680241823,hann,768,640,128,4096,39999999986.359764,100000000.0,2000000000.0,0.000554668,0.00055545,"first difference and time slope from adjacent refined candidate frames; second difference from three adjacent refined candidate frames; no thresholding, smoothing, interpolation, or ridge modification",D:\Code\Python_Projects\DPS_Studio\data\raw\20260607.csv
pdv_channel_1,0.0005548850542603154,2.1705426031537207e-07,candidate,refined,assessed,729318010.130738,728133805.7497555,3.200000001091219e-09,1184204.3809825182,1184204.3809825182,370063868930843.0,-556505.5084402561,hann,768,640,128,4096,39999999986.359764,100000000.0,2000000000.0,0.000554668,0.00055545,"first difference and time slope from adjacent refined candidate frames; second difference from three adjacent refined candidate frames; no thresholding, smoothing, interpolation, or ridge modification",D:\Code\Python_Projects\DPS_Studio\data\raw\20260607.csv
pdv_channel_1,0.0005548882542603165,2.2025426031646329e-07,candidate,refined,assessed,729376691.9397396,729318010.130738,3.200000001091219e-09,58681.80900156498,58681.80900156498,18338065306735.668,-1125522.5719809532,hann,768,640,128,4096,39999999986.359764,100000000.0,2000000000.0,0.000554668,0.00055545,"first difference and time slope from adjacent refined candidate frames; second difference from three adjacent refined candidate frames; no thresholding, smoothing, interpolation, or ridge modification",D:\Code\Python_Projects\DPS_Studio\data\raw\20260607.csv
pdv_channel_1,0.0005548914542603176,2.234542603175545e-07,candidate,refined,assessed,729244756.2120883,729376691.9397396,3.200000001091219e-09,-131935.72765123844,131935.72765123844,-41229914876952.37,-190617.53665280342,hann,768,640,128,4096,39999999986.359764,100000000.0,2000000000.0,0.000554668,0.00055545,"first difference and time slope from adjacent refined candidate frames; second difference from three adjacent refined candidate frames; no thresholding, smoothing, interpolation, or ridge modification",D:\Code\Python_Projects\DPS_Studio\data\raw\20260607.csv
pdv_channel_1,0.0005548946542603187,2.2665426031864572e-07,candidate,refined,assessed,729897322.7586147,729244756.2120883,3.200000001091219e-09,652566.5465263128,652566.5465263128,203927045719932.44,784502.2741775513,hann,768,640,128,4096,39999999986.359764,100000000.0,2000000000.0,0.000554668,0.00055545,"first difference and time slope from adjacent refined candidate frames; second difference from three adjacent refined candidate frames; no thresholding, smoothing, interpolation, or ridge modification",D:\Code\Python_Projects\DPS_Studio\data\raw\20260607.csv
pdv_channel_1,0.0005548978542603198,2.2985426031973694e-07,candidate,refined,assessed,730713073.0384994,729897322.7586147,3.200000001091219e-09,815750.279884696,815750.279884696,254921962377037.62,163183.73335838318,hann,768,640,128,4096,39999999986.359764,100000000.0,2000000000.0,0.000554668,0.00055545,"first difference and time slope from adjacent refined candidate frames; second difference from three adjacent refined candidate frames; no thresholding, smoothing, interpolation, or ridge modification",D:\Code\Python_Projects\DPS_Studio\data\raw\20260607.csv
pdv_channel_1,0.0005549010542603209,2.3305426032082816e-07,candidate,refined,assessed,730383108.954088,730713073.0384994,3.200000001091219e-09,-329964.0844113827,329964.0844113827,-103113776343394.69,-1145714.3642960787,hann,768,640,128,4096,39999999986.359764,100000000.0,2000000000.0,0.000554668,0.00055545,"first difference and time slope from adjacent refined candidate frames; second difference from three adjacent refined candidate frames; no thresholding, smoothing, interpolation, or ridge modification",D:\Code\Python_Projects\DPS_Studio\data\raw\20260607.csv
pdv_channel_1,0.0005549042542603219,2.3625426032191938e-07,candidate,refined,assessed,729103975.3348069,730383108.954088,3.200000001091219e-09,-1279133.6192810535,1279133.6192810535,-399729255889019.2,-949169.5348696709,hann,768,640,128,4096,39999999986.359764,100000000.0,2000000000.0,0.000554668,0.00055545,"first difference and time slope from adjacent refined candidate frames; second difference from three adjacent refined candidate frames; no thresholding, smoothing, interpolation, or ridge modification",D:\Code\Python_Projects\DPS_Studio\data\raw\20260607.csv
pdv_channel_1,0.000554907454260323,2.394542603230106e-07,candidate,refined,assessed,728429012.426335,729103975.3348069,3.200000001091219e-09,-674962.908471942,674962.908471942,-210925908825554.88,604170.7108091116,hann,768,640,128,4096,39999999986.359764,100000000.0,2000000000.0,0.000554668,0.00055545,"first difference and time slope from adjacent refined candidate frames; second difference from three adjacent refined candidate frames; no thresholding, smoothing, interpolation, or ridge modification",D:\Code\Python_Projects\DPS_Studio\data\raw\20260607.csv
pdv_channel_1,0.0005549106542603241,2.426542603241018e-07,candidate,refined,assessed,728924793.0939119,728429012.426335,3.200000001091219e-09,495780.66757690907,495780.66757690907,154931458564951.53,1170743.576048851,hann,768,640,128,4096,39999999986.359764,100000000.0,2000000000.0,0.000554668,0.00055545,"first difference and time slope from adjacent refined candidate frames; second difference from three adjacent refined candidate frames; no thresholding, smoothing, interpolation, or ridge modification",D:\Code\Python_Projects\DPS_Studio\data\raw\20260607.csv
pdv_channel_1,0.0005549138542603252,2.4585426032519304e-07,candidate,refined,assessed,729425544.143195,728924793.0939119,3.200000001091219e-09,500751.04928314686,500751.04928314686,156484702847621.2,4970.381706237793,hann,768,640,128,4096,39999999986.359764,100000000.0,2000000000.0,0.000554668,0.00055545,"first difference and time slope from adjacent refined candidate frames; second difference from three adjacent refined candidate frames; no thresholding, smoothing, interpolation, or ridge modification",D:\Code\Python_Projects\DPS_Studio\data\raw\20260607.csv
pdv_channel_1,0.0005549170542603263,2.4905426032628426e-07,candidate,refined,assessed,729193167.5904654,729425544.143195,3.200000001091219e-09,-232376.55272960663,232376.55272960663,-72617672703239.02,-733127.6020127535,hann,768,640,128,4096,39999999986.359764,100000000.0,2000000000.0,0.000554668,0.00055545,"first difference and time slope from adjacent refined candidate frames; second difference from three adjacent refined candidate frames; no thresholding, smoothing, interpolation, or ridge modification",D:\Code\Python_Projects\DPS_Studio\data\raw\20260607.csv
pdv_channel_1,0.0005549202542603274,2.522542603273755e-07,candidate,refined,assessed,728744241.6877661,729193167.5904654,3.200000001091219e-09,-448925.9026993513,448925.9026993513,-140289344545707.8,-216549.34996974468,hann,768,640,128,4096,39999999986.359764,100000000.0,2000000000.0,0.000554668,0.00055545,"first difference and time slope from adjacent refined candidate frames; second difference from three adjacent refined candidate frames; no thresholding, smoothing, interpolation, or ridge modification",D:\Code\Python_Projects\DPS_Studio\data\raw\20260607.csv
pdv_channel_1,0.0005549234542603285,2.554542603284667e-07,candidate,refined,assessed,728339377.5068692,728744241.6877661,3.200000001091219e-09,-404864.18089687824,404864.18089687824,-126520056487130.36,44061.72180247307,hann,768,640,128,4096,39999999986.359764,100000000.0,2000000000.0,0.000554668,0.00055545,"first difference and time slope from adjacent refined candidate frames; second difference from three adjacent refined candidate frames; no thresholding, smoothing, interpolation, or ridge modification",D:\Code\Python_Projects\DPS_Studio\data\raw\20260607.csv
pdv_channel_1,0.0005549266542603296,2.586542603295579e-07,candidate,refined,assessed,727707739.7006313,728339377.5068692,3.200000001091219e-09,-631637.806237936,631637.806237936,-197386814382044.94,-226773.62534105778,hann,768,640,128,4096,39999999986.359764,100000000.0,2000000000.0,0.000554668,0.00055545,"first difference and time slope from adjacent refined candidate frames; second difference from three adjacent refined candidate frames; no thresholding, smoothing, interpolation, or ridge modification",D:\Code\Python_Projects\DPS_Studio\data\raw\20260607.csv
pdv_channel_1,0.0005549298542603307,2.6185426033064913e-07,candidate,refined,assessed,727555362.1566738,727707739.7006313,3.200000001091219e-09,-152377.54395747185,152377.54395747185,-47617982470471.94,479260.2622804642,hann,768,640,128,4096,39999999986.359764,100000000.0,2000000000.0,0.000554668,0.00055545,"first difference and time slope from adjacent refined candidate frames; second difference from three adjacent refined candidate frames; no thresholding, smoothing, interpolation, or ridge modification",D:\Code\Python_Projects\DPS_Studio\data\raw\20260607.csv
pdv_channel_1,0.0005549330542603318,2.6505426033174035e-07,candidate,refined,assessed,727643223.0906574,727555362.1566738,3.200000001091219e-09,87860.93398356438,87860.93398356438,27456541860501.023,240238.47794103622,hann,768,640,128,4096,39999999986.359764,100000000.0,2000000000.0,0.000554668,0.00055545,"first difference and time slope from adjacent refined candidate frames; second difference from three adjacent refined candidate frames; no thresholding, smoothing, interpolation, or ridge modification",D:\Code\Python_Projects\DPS_Studio\data\raw\20260607.csv
pdv_channel_1,0.0005549362542603329,2.6825426033283157e-07,candidate,refined,assessed,726904939.364142,727643223.0906574,3.200000001091219e-09,-738283.7265154123,738283.7265154123,-230713664457391.62,-826144.6604989767,hann,768,640,128,4096,39999999986.359764,100000000.0,2000000000.0,0.000554668,0.00055545,"first difference and time slope from adjacent refined candidate frames; second difference from three adjacent refined candidate frames; no thresholding, smoothing, interpolation, or ridge modification",D:\Code\Python_Projects\DPS_Studio\data\raw\20260607.csv
pdv_channel_1,0.0005549394542603339,2.714542603339228e-07,candidate,refined,assessed,726103093.103869,726904939.364142,3.200000001091219e-09,-801846.2602729797,801846.2602729797,-250576956249857.94,-63562.533757567406,hann,768,640,128,4096,39999999986.359764,100000000.0,2000000000.0,0.000554668,0.00055545,"first difference and time slope from adjacent refined candidate frames; second difference from three adjacent refined candidate frames; no thresholding, smoothing, interpolation, or ridge modification",D:\Code\Python_Projects\DPS_Studio\data\raw\20260607.csv
pdv_channel_1,0.000554942654260335,2.74654260335014e-07,candidate,refined,assessed,726830961.2593491,726103093.103869,3.200000001091219e-09,727868.1554801464,727868.1554801464,227458798509980.97,1529714.4157531261,hann,768,640,128,4096,39999999986.359764,100000000.0,2000000000.0,0.000554668,0.00055545,"first difference and time slope from adjacent refined candidate frames; second difference from three adjacent refined candidate frames; no thresholding, smoothing, interpolation, or ridge modification",D:\Code\Python_Projects\DPS_Studio\data\raw\20260607.csv
pdv_channel_1,0.0005549458542603361,2.778542603361052e-07,candidate,refined,assessed,728774346.2461748,726830961.2593491,3.200000001091219e-09,1943384.9868257046,1943384.9868257046,607307808175937.1,1215516.8313455582,hann,768,640,128,4096,39999999986.359764,100000000.0,2000000000.0,0.000554668,0.00055545,"first difference and time slope from adjacent refined candidate frames; second difference from three adjacent refined candidate frames; no thresholding, smoothing, interpolation, or ridge modification",D:\Code\Python_Projects\DPS_Studio\data\raw\20260607.csv
pdv_channel_1,0.0005549490542603372,2.8105426033719644e-07,candidate,refined,assessed,730708784.8489873,728774346.2461748,3.200000001091219e-09,1934438.6028125286,1934438.6028125286,604512063172773.0,-8946.384013175964,hann,768,640,128,4096,39999999986.359764,100000000.0,2000000000.0,0.000554668,0.00055545,"first difference and time slope from adjacent refined candidate frames; second difference from three adjacent refined candidate frames; no thresholding, smoothing, interpolation, or ridge modification",D:\Code\Python_Projects\DPS_Studio\data\raw\20260607.csv
pdv_channel_1,0.0005549522542603383,2.8425426033828766e-07,candidate,refined,assessed,732055408.9043097,730708784.8489873,3.200000001091219e-09,1346624.0553224087,1346624.0553224087,420820017144750.6,-587814.5474901199,hann,768,640,128,4096,39999999986.359764,100000000.0,2000000000.0,0.000554668,0.00055545,"first difference and time slope from adjacent refined candidate frames; second difference from three adjacent refined candidate frames; no thresholding, smoothing, interpolation, or ridge modification",D:\Code\Python_Projects\DPS_Studio\data\raw\20260607.csv
pdv_channel_1,0.0005549554542603394,2.874542603393789e-07,candidate,refined,assessed,732425587.0779033,732055408.9043097,3.200000001091219e-09,370178.1735935211,370178.1735935211,115680679208527.56,-976445.8817288876,hann,768,640,128,4096,39999999986.359764,100000000.0,2000000000.0,0.000554668,0.00055545,"first difference and time slope from adjacent refined candidate frames; second difference from three adjacent refined candidate frames; no thresholding, smoothing, interpolation, or ridge modification",D:\Code\Python_Projects\DPS_Studio\data\raw\20260607.csv
pdv_channel_1,0.0005549586542603405,2.906542603404701e-07,candidate,refined,assessed,731791366.8616003,732425587.0779033,3.200000001091219e-09,-634220.2163029909,634220.2163029909,-198193817527099.4,-1004398.389896512,hann,768,640,128,4096,39999999986.359764,100000000.0,2000000000.0,0.000554668,0.00055545,"first difference and time slope from adjacent refined candidate frames; second difference from three adjacent refined candidate frames; no thresholding, smoothing, interpolation, or ridge modification",D:\Code\Python_Projects\DPS_Studio\data\raw\20260607.csv
pdv_channel_1,0.0005549618542603416,2.938542603415613e-07,candidate,refined,assessed,730591759.2548589,731791366.8616003,3.200000001091219e-09,-1199607.6067414284,1199607.6067414284,-374877376978861.0,-565387.3904384375,hann,768,640,128,4096,39999999986.359764,100000000.0,2000000000.0,0.000554668,0.00055545,"first difference and time slope from adjacent refined candidate frames; second difference from three adjacent refined candidate frames; no thresholding, smoothing, interpolation, or ridge modification",D:\Code\Python_Projects\DPS_Studio\data\raw\20260607.csv
pdv_channel_1,0.0005549650542603427,2.9705426034265254e-07,candidate,refined,assessed,729555075.5653535,730591759.2548589,3.200000001091219e-09,-1036683.6895053387,1036683.6895053387,-323963652859944.8,162923.9172360897,hann,768,640,128,4096,39999999986.359764,100000000.0,2000000000.0,0.000554668,0.00055545,"first difference and time slope from adjacent refined candidate frames; second difference from three adjacent refined candidate frames; no thresholding, smoothing, interpolation, or ridge modification",D:\Code\Python_Projects\DPS_Studio\data\raw\20260607.csv
pdv_channel_1,0.0005549682542603438,3.0025426034374376e-07,candidate,refined,assessed,728784447.2144308,729555075.5653535,3.200000001091219e-09,-770628.3509227037,770628.3509227037,-240821359581223.4,266055.3385826349,hann,768,640,128,4096,39999999986.359764,100000000.0,2000000000.0,0.000554668,0.00055545,"first difference and time slope from adjacent refined candidate frames; second difference from three adjacent refined candidate frames; no thresholding, smoothing, interpolation, or ridge modification",D:\Code\Python_Projects\DPS_Studio\data\raw\20260607.csv
pdv_channel_1,0.0005549714542603449,3.03454260344835e-07,candidate,refined,assessed,728085065.1779213,728784447.2144308,3.200000001091219e-09,-699382.0365095139,699382.0365095139,-218556886334693.9,71246.31441318989,hann,768,640,128,4096,39999999986.359764,100000000.0,2000000000.0,0.000554668,0.00055545,"first difference and time slope from adjacent refined candidate frames; second difference from three adjacent refined candidate frames; no thresholding, smoothing, interpolation, or ridge modification",D:\Code\Python_Projects\DPS_Studio\data\raw\20260607.csv
pdv_channel_1,0.000554974654260346,3.066542603459262e-07,candidate,refined,assessed,727371443.0063533,728085065.1779213,3.200000001091219e-09,-713622.1715680361,713622.1715680361,-223006928538964.6,-14240.135058522224,hann,768,640,128,4096,39999999986.359764,100000000.0,2000000000.0,0.000554668,0.00055545,"first difference and time slope from adjacent refined candidate frames; second difference from three adjacent refined candidate frames; no thresholding, smoothing, interpolation, or ridge modification",D:\Code\Python_Projects\DPS_Studio\data\raw\20260607.csv
pdv_channel_1,0.000554977854260347,3.098542603470174e-07,candidate,refined,assessed,727327292.9845414,727371443.0063533,3.200000001091219e-09,-44150.02181184292,44150.02181184292,-13796881811496.094,669472.1497561932,hann,768,640,128,4096,39999999986.359764,100000000.0,2000000000.0,0.000554668,0.00055545,"first difference and time slope from adjacent refined candidate frames; second difference from three adjacent refined candidate frames; no thresholding, smoothing, interpolation, or ridge modification",D:\Code\Python_Projects\DPS_Studio\data\raw\20260607.csv
pdv_channel_1,0.0005549810542603481,3.1305426034810863e-07,candidate,refined,assessed,728400126.4750692,727327292.9845414,3.200000001091219e-09,1072833.490527749,1072833.490527749,335260465675595.8,1116983.512339592,hann,768,640,128,4096,39999999986.359764,100000000.0,2000000000.0,0.000554668,0.00055545,"first difference and time slope from adjacent refined candidate frames; second difference from three adjacent refined candidate frames; no thresholding, smoothing, interpolation, or ridge modification",D:\Code\Python_Projects\DPS_Studio\data\raw\20260607.csv
pdv_channel_1,0.0005549842542603492,3.1625426034919985e-07,candidate,refined,assessed,729885295.2656032,728400126.4750692,3.200000001091219e-09,1485168.7905340195,1485168.7905340195,464115246883615.06,412335.3000062704,hann,768,640,128,4096,39999999986.359764,100000000.0,2000000000.0,0.000554668,0.00055545,"first difference and time slope from adjacent refined candidate frames; second difference from three adjacent refined candidate frames; no thresholding, smoothing, interpolation, or ridge modification",D:\Code\Python_Projects\DPS_Studio\data\raw\20260607.csv
pdv_channel_1,0.0005549874542603503,3.1945426035029107e-07,candidate,refined,assessed,730611727.186953,729885295.2656032,3.200000001091219e-09,726431.9213497639,726431.9213497639,227009975344389.47,-758736.8691842556,hann,768,640,128,4096,39999999986.359764,100000000.0,2000000000.0,0.000554668,0.00055545,"first difference and time slope from adjacent refined candidate frames; second difference from three adjacent refined candidate frames; no thresholding, smoothing, interpolation, or ridge modification",D:\Code\Python_Projects\DPS_Studio\data\raw\20260607.csv
pdv_channel_1,0.0005549906542603514,3.226542603513823e-07,candidate,refined,assessed,730771041.9160833,730611727.186953,3.200000001091219e-09,159314.7291303873,159314.7291303873,49785852836268.766,-567117.1922193766,hann,768,640,128,4096,39999999986.359764,100000000.0,2000000000.0,0.000554668,0.00055545,"first difference and time slope from adjacent refined candidate frames; second difference from three adjacent refined candidate frames; no thresholding, smoothing, interpolation, or ridge modification",D:\Code\Python_Projects\DPS_Studio\data\raw\20260607.csv
pdv_channel_1,0.0005549938542603525,3.258542603524735e-07,candidate,refined,assessed,731129358.473931,730771041.9160833,3.200000001091219e-09,358316.55784761906,358316.55784761906,111973924289197.19,199001.82871723175,hann,768,640,128,4096,39999999986.359764,100000000.0,2000000000.0,0.000554668,0.00055545,"first difference and time slope from adjacent refined candidate frames; second difference from three adjacent refined candidate frames; no thresholding, smoothing, interpolation, or ridge modification",D:\Code\Python_Projects\DPS_Studio\data\raw\20260607.csv
pdv_channel_1,0.0005549970542603536,3.2905426035356473e-07,candidate,refined,assessed,731312212.1956092,731129358.473931,3.200000001091219e-09,182853.721678257,182853.721678257,57141788004969.625,-175462.83616936207,hann,768,640,128,4096,39999999986.359764,100000000.0,2000000000.0,0.000554668,0.00055545,"first difference and time slope from adjacent refined candidate frames; second difference from three adjacent refined candidate frames; no thresholding, smoothing, interpolation, or ridge modification",D:\Code\Python_Projects\DPS_Studio\data\raw\20260607.csv
pdv_channel_1,0.0005550002542603547,3.3225426035465595e-07,candidate,refined,assessed,730500626.9531509,731312212.1956092,3.200000001091219e-09,-811585.2424583435,811585.2424583435,-253620388181746.3,-994438.9641366005,hann,768,640,128,4096,39999999986.359764,100000000.0,2000000000.0,0.000554668,0.00055545,"first difference and time slope from adjacent refined candidate frames; second difference from three adjacent refined candidate frames; no thresholding, smoothing, interpolation, or ridge modification",D:\Code\Python_Projects\DPS_Studio\data\raw\20260607.csv
pdv_channel_1,0.0005550034542603558,3.3545426035574717e-07,candidate,refined,assessed,728894893.391297,730500626.9531509,3.200000001091219e-09,-1605733.5618538857,1605733.5618538857,-501791737908225.3,-794148.3193955421,hann,768,640,128,4096,39999999986.359764,100000000.0,2000000000.0,0.000554668,0.00055545,"first difference and time slope from adjacent refined candidate frames; second difference from three adjacent refined candidate frames; no thresholding, smoothing, interpolation, or ridge modification",D:\Code\Python_Projects\DPS_Studio\data\raw\20260607.csv
pdv_channel_1,0.0005550066542603569,3.386542603568384e-07,candidate,refined,assessed,727703780.954354,728894893.391297,3.200000001091219e-09,-1191112.436942935,1191112.436942935,-372222636417737.06,414621.12491095066,hann,768,640,128,4096,39999999986.359764,100000000.0,2000000000.0,0.000554668,0.00055545,"first difference and time slope from adjacent refined candidate frames; second difference from three adjacent refined candidate frames; no thresholding, smoothing, interpolation, or ridge modification",D:\Code\Python_Projects\DPS_Studio\data\raw\20260607.csv
pdv_channel_1,0.000555009854260358,3.418542603579296e-07,candidate,refined,assessed,728019441.1787384,727703780.954354,3.200000001091219e-09,315660.22438430786,315660.22438430786,98643820086458.08,1506772.6613272429,hann,768,640,128,4096,39999999986.359764,100000000.0,2000000000.0,0.000554668,0.00055545,"first difference and time slope from adjacent refined candidate frames; second difference from three adjacent refined candidate frames; no thresholding, smoothing, interpolation, or ridge modification",D:\Code\Python_Projects\DPS_Studio\data\raw\20260607.csv
pdv_channel_1,0.000555013054260359,3.450542603590208e-07,candidate,refined,assessed,729441966.6374661,728019441.1787384,3.200000001091219e-09,1422525.4587277174,1422525.4587277174,444539205700821.2,1106865.2343434095,hann,768,640,128,4096,39999999986.359764,100000000.0,2000000000.0,0.000554668,0.00055545,"first difference and time slope from adjacent refined candidate frames; second difference from three adjacent refined candidate frames; no thresholding, smoothing, interpolation, or ridge modification",D:\Code\Python_Projects\DPS_Studio\data\raw\20260607.csv
pdv_channel_1,0.0005550162542603601,3.4825426036011204e-07,candidate,refined,assessed,730329214.2072985,729441966.6374661,3.200000001091219e-09,887247.5698324442,887247.5698324442,277264865478089.84,-535277.8888952732,hann,768,640,128,4096,39999999986.359764,100000000.0,2000000000.0,0.000554668,0.00055545,"first difference and time slope from adjacent refined candidate frames; second difference from three adjacent refined candidate frames; no thresholding, smoothing, interpolation, or ridge modification",D:\Code\Python_Projects\DPS_Studio\data\raw\20260607.csv
pdv_channel_1,0.0005550194542603612,3.5145426036120326e-07,candidate,refined,assessed,729824543.7624646,730329214.2072985,3.200000001091219e-09,-504670.4448338747,504670.4448338747,-157709513956805.97,-1391918.014666319,hann,768,640,128,4096,39999999986.359764,100000000.0,2000000000.0,0.000554668,0.00055545,"first difference and time slope from adjacent refined candidate frames; second difference from three adjacent refined candidate frames; no thresholding, smoothing, interpolation, or ridge modification",D:\Code\Python_Projects\DPS_Studio\data\raw\20260607.csv
pdv_channel_1,0.0005550226542603623,3.546542603622945e-07,candidate,refined,assessed,728433114.3780789,729824543.7624646,3.200000001091219e-09,-1391429.384385705,1391429.384385705,-434821682472256.06,-886758.9395518303,hann,768,640,128,4096,39999999986.359764,100000000.0,2000000000.0,0.000554668,0.00055545,"first difference and time slope from adjacent refined candidate frames; second difference from three adjacent refined candidate frames; no thresholding, smoothing, interpolation, or ridge modification",D:\Code\Python_Projects\DPS_Studio\data\raw\20260607.csv
pdv_channel_1,0.0005550258542603634,3.578542603633857e-07,candidate,refined,assessed,727009526.915073,728433114.3780789,3.200000001091219e-09,-1423587.4630059004,1423587.4630059004,-444871082037640.2,-32158.07862019539,hann,768,640,128,4096,39999999986.359764,100000000.0,2000000000.0,0.000554668,0.00055545,"first difference and time slope from adjacent refined candidate frames; second difference from three adjacent refined candidate frames; no thresholding, smoothing, interpolation, or ridge modification",D:\Code\Python_Projects\DPS_Studio\data\raw\20260607.csv
pdv_channel_1,0.0005550290542603645,3.610542603644769e-07,candidate,refined,assessed,726162490.5376241,727009526.915073,3.200000001091219e-09,-847036.3774489164,847036.3774489164,-264698867862522.5,576551.085556984,hann,768,640,128,4096,39999999986.359764,100000000.0,2000000000.0,0.000554668,0.00055545,"first difference and time slope from adjacent refined candidate frames; second difference from three adjacent refined candidate frames; no thresholding, smoothing, interpolation, or ridge modification",D:\Code\Python_Projects\DPS_Studio\data\raw\20260607.csv
pdv_channel_1,0.0005550322542603656,3.6425426036556813e-07,candidate,refined,assessed,726285861.5265394,726162490.5376241,3.200000001091219e-09,123370.98891532421,123370.98891532421,38553434022891.87,970407.3663642406,hann,768,640,128,4096,39999999986.359764,100000000.0,2000000000.0,0.000554668,0.00055545,"first difference and time slope from adjacent refined candidate frames; second difference from three adjacent refined candidate frames; no thresholding, smoothing, interpolation, or ridge modification",D:\Code\Python_Projects\DPS_Studio\data\raw\20260607.csv
pdv_channel_1,0.0005550354542603667,3.6745426036665935e-07,candidate,refined,assessed,727210623.7360485,726285861.5265394,3.200000001091219e-09,924762.2095090151,924762.2095090151,288988190373020.56,801391.2205936909,hann,768,640,128,4096,39999999986.359764,100000000.0,2000000000.0,0.000554668,0.00055545,"first difference and time slope from adjacent refined candidate frames; second difference from three adjacent refined candidate frames; no thresholding, smoothing, interpolation, or ridge modification",D:\Code\Python_Projects\DPS_Studio\data\raw\20260607.csv
pdv_channel_1,0.0005550386542603678,3.7065426036775057e-07,candidate,refined,assessed,728461321.3993148,727210623.7360485,3.200000001091219e-09,1250697.6632663012,1250697.6632663012,390843019637439.3,325935.4537572861,hann,768,640,128,4096,39999999986.359764,100000000.0,2000000000.0,0.000554668,0.00055545,"first difference and time slope from adjacent refined candidate frames; second difference from three adjacent refined candidate frames; no thresholding, smoothing, interpolation, or ridge modification",D:\Code\Python_Projects\DPS_Studio\data\raw\20260607.csv
pdv_channel_1,0.0005550418542603689,3.738542603688418e-07,candidate,refined,assessed,729607716.3829035,728461321.3993148,3.200000001091219e-09,1146394.9835886955,1146394.9835886955,358248432249302.5,-104302.67967760563,hann,768,640,128,4096,39999999986.359764,100000000.0,2000000000.0,0.000554668,0.00055545,"first difference and time slope from adjacent refined candidate frames; second difference from three adjacent refined candidate frames; no thresholding, smoothing, interpolation, or ridge modification",D:\Code\Python_Projects\DPS_Studio\data\raw\20260607.csv
pdv_channel_1,0.00055504505426037,3.77054260369933e-07,candidate,refined,assessed,730203669.5704185,729607716.3829035,3.200000001091219e-09,595953.1875150204,595953.1875150204,186235371034936.5,-550441.7960736752,hann,768,640,128,4096,39999999986.359764,100000000.0,2000000000.0,0.000554668,0.00055545,"first difference and time slope from adjacent refined candidate frames; second difference from three adjacent refined candidate frames; no thresholding, smoothing, interpolation, or ridge modification",D:\Code\Python_Projects\DPS_Studio\data\raw\20260607.csv
pdv_channel_1,0.000555048254260371,3.8025426037102423e-07,candidate,refined,assessed,729801716.8156214,730203669.5704185,3.200000001091219e-09,-401952.754797101,401952.754797101,-125610235831260.23,-997905.9423121214,hann,768,640,128,4096,39999999986.359764,100000000.0,2000000000.0,0.000554668,0.00055545,"first difference and time slope from adjacent refined candidate frames; second difference from three adjacent refined candidate frames; no thresholding, smoothing, interpolation, or ridge modification",D:\Code\Python_Projects\DPS_Studio\data\raw\20260607.csv
pdv_channel_1,0.0005550514542603721,3.8345426037211545e-07,candidate,refined,assessed,728022201.6538061,729801716.8156214,3.200000001091219e-09,-1779515.1618152857,1779515.1618152857,-556098487877643.94,-1377562.4070181847,hann,768,640,128,4096,39999999986.359764,100000000.0,2000000000.0,0.000554668,0.00055545,"first difference and time slope from adjacent refined candidate frames; second difference from three adjacent refined candidate frames; no thresholding, smoothing, interpolation, or ridge modification",D:\Code\Python_Projects\DPS_Studio\data\raw\20260607.csv
pdv_channel_1,0.0005550546542603732,3.8665426037320667e-07,candidate,refined,assessed,725823170.5000687,728022201.6538061,3.200000001091219e-09,-2199031.153737426,2199031.153737426,-687197235308607.2,-419515.9919221401,hann,768,640,128,4096,39999999986.359764,100000000.0,2000000000.0,0.000554668,0.00055545,"first difference and time slope from adjacent refined candidate frames; second difference from three adjacent refined candidate frames; no thresholding, smoothing, interpolation, or ridge modification",D:\Code\Python_Projects\DPS_Studio\data\raw\20260607.csv
pdv_channel_1,0.0005550578542603743,3.898542603742979e-07,candidate,refined,assessed,724916376.2249697,725823170.5000687,3.200000001091219e-09,-906794.2750989199,906794.2750989199,-283373210871780.5,1292236.878638506,hann,768,640,128,4096,39999999986.359764,100000000.0,2000000000.0,0.000554668,0.00055545,"first difference and time slope from adjacent refined candidate frames; second difference from three adjacent refined candidate frames; no thresholding, smoothing, interpolation, or ridge modification",D:\Code\Python_Projects\DPS_Studio\data\raw\20260607.csv
pdv_channel_1,0.0005550610542603754,3.930542603753891e-07,candidate,refined,assessed,725693200.5076598,724916376.2249697,3.200000001091219e-09,776824.2826900482,776824.2826900482,242757588257858.3,1683618.557788968,hann,768,640,128,4096,39999999986.359764,100000000.0,2000000000.0,0.000554668,0.00055545,"first difference and time slope from adjacent refined candidate frames; second difference from three adjacent refined candidate frames; no thresholding, smoothing, interpolation, or ridge modification",D:\Code\Python_Projects\DPS_Studio\data\raw\20260607.csv
pdv_channel_1,0.0005550642542603765,3.962542603764803e-07,candidate,refined,assessed,727003113.7249703,725693200.5076598,3.200000001091219e-09,1309913.2173105478,1309913.2173105478,409347880269956.2,533088.9346204996,hann,768,640,128,4096,39999999986.359764,100000000.0,2000000000.0,0.000554668,0.00055545,"first difference and time slope from adjacent refined candidate frames; second difference from three adjacent refined candidate frames; no thresholding, smoothing, interpolation, or ridge modification",D:\Code\Python_Projects\DPS_Studio\data\raw\20260607.csv
pdv_channel_1,0.0005550674542603776,3.9945426037757154e-07,candidate,refined,assessed,728073127.7909552,727003113.7249703,3.200000001091219e-09,1070014.0659848452,1070014.0659848452,334379395506238.75,-239899.15132570267,hann,768,640,128,4096,39999999986.359764,100000000.0,2000000000.0,0.000554668,0.00055545,"first difference and time slope from adjacent refined candidate frames; second difference from three adjacent refined candidate frames; no thresholding, smoothing, interpolation, or ridge modification",D:\Code\Python_Projects\DPS_Studio\data\raw\20260607.csv
pdv_channel_1,0.0005550706542603787,4.0265426037866276e-07,candidate,refined,assessed,728654042.5050418,728073127.7909552,3.200000001091219e-09,580914.7140866518,580914.7140866518,181535848090173.9,-489099.35189819336,hann,768,640,128,4096,39999999986.359764,100000000.0,2000000000.0,0.000554668,0.00055545,"first difference and time slope from adjacent refined candidate frames; second difference from three adjacent refined candidate frames; no thresholding, smoothing, interpolation, or ridge modification",D:\Code\Python_Projects\DPS_Studio\data\raw\20260607.csv
pdv_channel_1,0.0005550738542603798,4.05854260379754e-07,candidate,refined,assessed,728643780.6611217,728654042.5050418,3.200000001091219e-09,-10261.843920111656,10261.843920111656,-3206826223941.3457,-591176.5580067635,hann,768,640,128,4096,39999999986.359764,100000000.0,2000000000.0,0.000554668,0.00055545,"first difference and time slope from adjacent refined candidate frames; second difference from three adjacent refined candidate frames; no thresholding, smoothing, interpolation, or ridge modification",D:\Code\Python_Projects\DPS_Studio\data\raw\20260607.csv
pdv_channel_1,0.0005550770542603809,4.090542603808452e-07,candidate,refined,assessed,728212241.7884954,728643780.6611217,3.200000001091219e-09,-431538.8726263046,431538.8726263046,-134855897649733.55,-421277.02870619297,hann,768,640,128,4096,39999999986.359764,100000000.0,2000000000.0,0.000554668,0.00055545,"first difference and time slope from adjacent refined candidate frames; second difference from three adjacent refined candidate frames; no thresholding, smoothing, interpolation, or ridge modification",D:\Code\Python_Projects\DPS_Studio\data\raw\20260607.csv
pdv_channel_1,0.000555080254260382,4.122542603819364e-07,candidate,refined,assessed,727861686.4098634,728212241.7884954,3.200000001091219e-09,-350555.37863206863,350555.37863206863,-109548555785164.75,80983.49399423599,hann,768,640,128,4096,39999999986.359764,100000000.0,2000000000.0,0.000554668,0.00055545,"first difference and time slope from adjacent refined candidate frames; second difference from three adjacent refined candidate frames; no thresholding, smoothing, interpolation, or ridge modification",D:\Code\Python_Projects\DPS_Studio\data\raw\20260607.csv
pdv_channel_1,0.000555083454260383,4.1545426038302764e-07,candidate,refined,assessed,728089598.1956365,727861686.4098634,3.200000001091219e-09,227911.78577315807,227911.78577315807,71222433029824.62,578467.1644052267,hann,768,640,128,4096,39999999986.359764,100000000.0,2000000000.0,0.000554668,0.00055545,"first difference and time slope from adjacent refined candidate frames; second difference from three adjacent refined candidate frames; no thresholding, smoothing, interpolation, or ridge modification",D:\Code\Python_Projects\DPS_Studio\data\raw\20260607.csv
pdv_channel_1,0.0005550866542603841,4.1865426038411886e-07,candidate,refined,assessed,728901224.2144358,728089598.1956365,3.200000001091219e-09,811626.018799305,811626.018799305,253633130788292.4,583714.2330261469,hann,768,640,128,4096,39999999986.359764,100000000.0,2000000000.0,0.000554668,0.00055545,"first difference and time slope from adjacent refined candidate frames; second difference from three adjacent refined candidate frames; no thresholding, smoothing, interpolation, or ridge modification",D:\Code\Python_Projects\DPS_Studio\data\raw\20260607.csv
pdv_channel_1,0.0005550898542603852,4.218542603852101e-07,candidate,refined,assessed,729789259.9176749,728901224.2144358,3.200000001091219e-09,888035.7032390833,888035.7032390833,277511157167580.6,76409.68443977833,hann,768,640,128,4096,39999999986.359764,100000000.0,2000000000.0,0.000554668,0.00055545,"first difference and time slope from adjacent refined candidate frames; second difference from three adjacent refined candidate frames; no thresholding, smoothing, interpolation, or ridge modification",D:\Code\Python_Projects\DPS_Studio\data\raw\20260607.csv
pdv_channel_1,0.0005550930542603863,4.250542603863013e-07,candidate,refined,assessed,730168951.7560654,729789259.9176749,3.200000001091219e-09,379691.83839046955,379691.83839046955,118653699456560.12,-508343.86484861374,hann,768,640,128,4096,39999999986.359764,100000000.0,2000000000.0,0.000554668,0.00055545,"first difference and time slope from adjacent refined candidate frames; second difference from three adjacent refined candidate frames; no thresholding, smoothing, interpolation, or ridge modification",D:\Code\Python_Projects\DPS_Studio\data\raw\20260607.csv
pdv_channel_1,0.0005550962542603874,4.282542603873925e-07,candidate,refined,assessed,729955235.5229954,730168951.7560654,3.200000001091219e-09,-213716.2330700159,213716.2330700159,-66786322811605.445,-593408.0714604855,hann,768,640,128,4096,39999999986.359764,100000000.0,2000000000.0,0.000554668,0.00055545,"first difference and time slope from adjacent refined candidate frames; second difference from three adjacent refined candidate frames; no thresholding, smoothing, interpolation, or ridge modification",D:\Code\Python_Projects\DPS_Studio\data\raw\20260607.csv
pdv_channel_1,0.0005550994542603885,4.3145426038848373e-07,candidate,refined,assessed,729415232.2054074,729955235.5229954,3.200000001091219e-09,-540003.3175879717,540003.3175879717,-168751036688696.06,-326287.0845179558,hann,768,640,128,4096,39999999986.359764,100000000.0,2000000000.0,0.000554668,0.00055545,"first difference and time slope from adjacent refined candidate frames; second difference from three adjacent refined candidate frames; no thresholding, smoothing, interpolation, or ridge modification",D:\Code\Python_Projects\DPS_Studio\data\raw\20260607.csv
pdv_channel_1,0.0005551026542603896,4.3465426038957495e-07,candidate,refined,assessed,728888895.8352321,729415232.2054074,3.200000001091219e-09,-526336.3701752424,526336.3701752424,-164480115623674.56,13666.947412729263,hann,768,640,128,4096,39999999986.359764,100000000.0,2000000000.0,0.000554668,0.00055545,"first difference and time slope from adjacent refined candidate frames; second difference from three adjacent refined candidate frames; no thresholding, smoothing, interpolation, or ridge modification",D:\Code\Python_Projects\DPS_Studio\data\raw\20260607.csv
pdv_channel_1,0.0005551058542603907,4.3785426039066617e-07,candidate,refined,assessed,728198288.2852331,728888895.8352321,3.200000001091219e-09,-690607.5499989986,690607.5499989986,-215814859301092.94,-164271.17982375622,hann,768,640,128,4096,39999999986.359764,100000000.0,2000000000.0,0.000554668,0.00055545,"first difference and time slope from adjacent refined candidate frames; second difference from three adjacent refined candidate frames; no thresholding, smoothing, interpolation, or ridge modification",D:\Code\Python_Projects\DPS_Studio\data\raw\20260607.csv
pdv_channel_1,0.0005551090542603918,4.410542603917574e-07,candidate,refined,assessed,727181548.8098761,728198288.2852331,3.200000001091219e-09,-1016739.4753570557,1016739.4753570557,-317731085940731.75,-326131.925358057,hann,768,640,128,4096,39999999986.359764,100000000.0,2000000000.0,0.000554668,0.00055545,"first difference and time slope from adjacent refined candidate frames; second difference from three adjacent refined candidate frames; no thresholding, smoothing, interpolation, or ridge modification",D:\Code\Python_Projects\DPS_Studio\data\raw\20260607.csv
pdv_channel_1,0.0005551122542603929,4.442542603928486e-07,candidate,refined,assessed,726156436.0666511,727181548.8098761,3.200000001091219e-09,-1025112.7432249784,1025112.7432249784,-320347732148565.3,-8373.267867922783,hann,768,640,128,4096,39999999986.359764,100000000.0,2000000000.0,0.000554668,0.00055545,"first difference and time slope from adjacent refined candidate frames; second difference from three adjacent refined candidate frames; no thresholding, smoothing, interpolation, or ridge modification",D:\Code\Python_Projects\DPS_Studio\data\raw\20260607.csv
pdv_channel_1,0.000555115454260394,4.474542603939398e-07,candidate,refined,assessed,725670752.640537,726156436.0666511,3.200000001091219e-09,-485683.42611408234,485683.42611408234,-151776070608894.2,539429.3171108961,hann,768,640,128,4096,39999999986.359764,100000000.0,2000000000.0,0.000554668,0.00055545,"first difference and time slope from adjacent refined candidate frames; second difference from three adjacent refined candidate frames; no thresholding, smoothing, interpolation, or ridge modification",D:\Code\Python_Projects\DPS_Studio\data\raw\20260607.csv
pdv_channel_1,0.000555118654260395,4.5065426039503104e-07,candidate,refined,assessed,725844038.595319,725670752.640537,3.200000001091219e-09,173285.95478200912,173285.95478200912,54151860850911.75,658969.3808960915,hann,768,640,128,4096,39999999986.359764,100000000.0,2000000000.0,0.000554668,0.00055545,"first difference and time slope from adjacent refined candidate frames; second difference from three adjacent refined candidate frames; no thresholding, smoothing, interpolation, or ridge modification",D:\Code\Python_Projects\DPS_Studio\data\raw\20260607.csv
pdv_channel_1,0.0005551218542603961,4.5385426039612226e-07,candidate,refined,assessed,726140283.9047029,725844038.595319,3.200000001091219e-09,296245.3093838692,296245.3093838692,92576659150889.94,122959.35460186005,hann,768,640,128,4096,39999999986.359764,100000000.0,2000000000.0,0.000554668,0.00055545,"first difference and time slope from adjacent refined candidate frames; second difference from three adjacent refined candidate frames; no thresholding, smoothing, interpolation, or ridge modification",D:\Code\Python_Projects\DPS_Studio\data\raw\20260607.csv
pdv_channel_1,0.0005551250542603972,4.570542603972135e-07,candidate,refined,assessed,725911997.3778222,726140283.9047029,3.200000001091219e-09,-228286.52688074112,228286.52688074112,-71339539625904.39,-524531.8362646103,hann,768,640,128,4096,39999999986.359764,100000000.0,2000000000.0,0.000554668,0.00055545,"first difference and time slope from adjacent refined candidate frames; second difference from three adjacent refined candidate frames; no thresholding, smoothing, interpolation, or ridge modification",D:\Code\Python_Projects\DPS_Studio\data\raw\20260607.csv
pdv_channel_1,0.0005551282542603983,4.602542603983047e-07,candidate,refined,assessed,725249629.0391895,725911997.3778222,3.200000001091219e-09,-662368.3386327028,662368.3386327028,-206990105752134.78,-434081.8117519617,hann,768,640,128,4096,39999999986.359764,100000000.0,2000000000.0,0.000554668,0.00055545,"first difference and time slope from adjacent refined candidate frames; second difference from three adjacent refined candidate frames; no thresholding, smoothing, interpolation, or ridge modification",D:\Code\Python_Projects\DPS_Studio\data\raw\20260607.csv
pdv_channel_1,0.0005551314542603994,4.634542603993959e-07,candidate,refined,assessed,724620523.5226641,725249629.0391895,3.200000001091219e-09,-629105.5165253878,629105.5165253878,-196595473847143.47,33262.82210731506,hann,768,640,128,4096,39999999986.359764,100000000.0,2000000000.0,0.000554668,0.00055545,"first difference and time slope from adjacent refined candidate frames; second difference from three adjacent refined candidate frames; no thresholding, smoothing, interpolation, or ridge modification",D:\Code\Python_Projects\DPS_Studio\data\raw\20260607.csv
pdv_channel_1,0.0005551346542604005,4.6665426040048714e-07,candidate,refined,assessed,724668175.6243933,724620523.5226641,3.200000001091219e-09,47652.101729273796,47652.101729273796,14891281785320.047,676757.6182546616,hann,768,640,128,4096,39999999986.359764,100000000.0,2000000000.0,0.000554668,0.00055545,"first difference and time slope from adjacent refined candidate frames; second difference from three adjacent refined candidate frames; no thresholding, smoothing, interpolation, or ridge modification",D:\Code\Python_Projects\DPS_Studio\data\raw\20260607.csv
pdv_channel_1,0.0005551378542604016,4.6985426040157836e-07,candidate,refined,assessed,725491593.7881161,724668175.6243933,3.200000001091219e-09,823418.1637227535,823418.1637227535,257318176075613.47,775766.0619934797,hann,768,640,128,4096,39999999986.359764,100000000.0,2000000000.0,0.000554668,0.00055545,"first difference and time slope from adjacent refined candidate frames; second difference from three adjacent refined candidate frames; no thresholding, smoothing, interpolation, or ridge modification",D:\Code\Python_Projects\DPS_Studio\data\raw\20260607.csv
pdv_channel_1,0.0005551410542604027,4.730542604026696e-07,candidate,refined,assessed,726082224.0404636,725491593.7881161,3.200000001091219e-09,590630.2523474693,590630.2523474693,184571953795644.03,-232787.9113752842,hann,768,640,128,4096,39999999986.359764,100000000.0,2000000000.0,0.000554668,0.00055545,"first difference and time slope from adjacent refined candidate frames; second difference from three adjacent refined candidate frames; no thresholding, smoothing, interpolation, or ridge modification",D:\Code\Python_Projects\DPS_Studio\data\raw\20260607.csv
pdv_channel_1,0.0005551442542604038,4.762542604037608e-07,candidate,refined,assessed,725794337.7324997,726082224.0404636,3.200000001091219e-09,-287886.3079638481,287886.3079638481,-89964471208024.12,-878516.5603113174,hann,768,640,128,4096,39999999986.359764,100000000.0,2000000000.0,0.000554668,0.00055545,"first difference and time slope from adjacent refined candidate frames; second difference from three adjacent refined candidate frames; no thresholding, smoothing, interpolation, or ridge modification",D:\Code\Python_Projects\DPS_Studio\data\raw\20260607.csv
pdv_channel_1,0.0005551474542604049,4.79454260404852e-07,candidate,refined,assessed,725338626.007607,725794337.7324997,3.200000001091219e-09,-455711.7248927355,455711.7248927355,-142409913980417.22,-167825.41692888737,hann,768,640,128,4096,39999999986.359764,100000000.0,2000000000.0,0.000554668,0.00055545,"first difference and time slope from adjacent refined candidate frames; second difference from three adjacent refined candidate frames; no thresholding, smoothing, interpolation, or ridge modification",D:\Code\Python_Projects\DPS_Studio\data\raw\20260607.csv
pdv_channel_1,0.000555150654260406,4.826542604059432e-07,candidate,refined,assessed,724944543.2785482,725338626.007607,3.200000001091219e-09,-394082.7290587425,394082.7290587425,-123150852788861.88,61628.99583399296,hann,768,640,128,4096,39999999986.359764,100000000.0,2000000000.0,0.000554668,0.00055545,"first difference and time slope from adjacent refined candidate frames; second difference from three adjacent refined candidate frames; no thresholding, smoothing, interpolation, or ridge modification",D:\Code\Python_Projects\DPS_Studio\data\raw\20260607.csv
pdv_channel_1,0.0005551538542604071,4.858542604070345e-07,candidate,refined,assessed,724319711.8590046,724944543.2785482,3.200000001091219e-09,-624831.4195436239,624831.4195436239,-195259818540797.72,-230748.6904848814,hann,768,640,128,4096,39999999986.359764,100000000.0,2000000000.0,0.000554668,0.00055545,"first difference and time slope from adjacent refined candidate frames; second difference from three adjacent refined candidate frames; no thresholding, smoothing, interpolation, or ridge modification",D:\Code\Python_Projects\DPS_Studio\data\raw\20260607.csv
pdv_channel_1,0.0005551570542604081,4.890542604081257e-07,candidate,refined,assessed,723999306.2276862,724319711.8590046,3.200000001091219e-09,-320405.63131845,320405.63131845,-100126759752871.8,304425.78822517395,hann,768,640,128,4096,39999999986.359764,100000000.0,2000000000.0,0.000554668,0.00055545,"first difference and time slope from adjacent refined candidate frames; second difference from three adjacent refined candidate frames; no thresholding, smoothing, interpolation, or ridge modification",D:\Code\Python_Projects\DPS_Studio\data\raw\20260607.csv
pdv_channel_1,0.0005551602542604092,4.922542604092169e-07,candidate,refined,assessed,724417326.8469439,723999306.2276862,3.200000001091219e-09,418020.6192576885,418020.6192576885,130631443473481.58,738426.2505761385,hann,768,640,128,4096,39999999986.359764,100000000.0,2000000000.0,0.000554668,0.00055545,"first difference and time slope from adjacent refined candidate frames; second difference from three adjacent refined candidate frames; no thresholding, smoothing, interpolation, or ridge modification",D:\Code\Python_Projects\DPS_Studio\data\raw\20260607.csv
pdv_channel_1,0.0005551634542604103,4.954542604103081e-07,candidate,refined,assessed,724921903.5256493,724417326.8469439,3.200000001091219e-09,504576.6787054539,504576.6787054539,157680212041684.47,86556.05944776535,hann,768,640,128,4096,39999999986.359764,100000000.0,2000000000.0,0.000554668,0.00055545,"first difference and time slope from adjacent refined candidate frames; second difference from three adjacent refined candidate frames; no thresholding, smoothing, interpolation, or ridge modification",D:\Code\Python_Projects\DPS_Studio\data\raw\20260607.csv
pdv_channel_1,0.0005551666542604114,4.986542604113993e-07,candidate,refined,assessed,724686544.0831108,724921903.5256493,3.200000001091219e-09,-235359.44253849983,235359.44253849983,-73549825768200.28,-739936.1212439537,hann,768,640,128,4096,39999999986.359764,100000000.0,2000000000.0,0.000554668,0.00055545,"first difference and time slope from adjacent refined candidate frames; second difference from three adjacent refined candidate frames; no thresholding, smoothing, interpolation, or ridge modification",D:\Code\Python_Projects\DPS_Studio\data\raw\20260607.csv
pdv_channel_1,0.0005551698542604125,5.018542604124905e-07,candidate,refined,assessed,723778269.3995427,724686544.0831108,3.200000001091219e-09,-908274.68356812,908274.68356812,-283835838518247.8,-672915.2410296202,hann,768,640,128,4096,39999999986.359764,100000000.0,2000000000.0,0.000554668,0.00055545,"first difference and time slope from adjacent refined candidate frames; second difference from three adjacent refined candidate frames; no thresholding, smoothing, interpolation, or ridge modification",D:\Code\Python_Projects\DPS_Studio\data\raw\20260607.csv
pdv_channel_1,0.0005551730542604136,5.050542604135818e-07,candidate,refined,assessed,722963749.1028019,723778269.3995427,3.200000001091219e-09,-814520.2967407703,814520.2967407703,-254537592644691.9,93754.38682734966,hann,768,640,128,4096,39999999986.359764,100000000.0,2000000000.0,0.000554668,0.00055545,"first difference and time slope from adjacent refined candidate frames; second difference from three adjacent refined candidate frames; no thresholding, smoothing, interpolation, or ridge modification",D:\Code\Python_Projects\DPS_Studio\data\raw\20260607.csv
pdv_channel_1,0.0005551762542604147,5.08254260414673e-07,candidate,refined,assessed,722997755.3341248,722963749.1028019,3.200000001091219e-09,34006.23132288456,34006.23132288456,10626947284777.574,848526.5280636549,hann,768,640,128,4096,39999999986.359764,100000000.0,2000000000.0,0.000554668,0.00055545,"first difference and time slope from adjacent refined candidate frames; second difference from three adjacent refined candidate frames; no thresholding, smoothing, interpolation, or ridge modification",D:\Code\Python_Projects\DPS_Studio\data\raw\20260607.csv
pdv_channel_1,0.0005551794542604158,5.114542604157642e-07,candidate,refined,assessed,723838953.8242209,722997755.3341248,3.200000001091219e-09,841198.4900960922,841198.4900960922,262874528065387.06,807192.2587732077,hann,768,640,128,4096,39999999986.359764,100000000.0,2000000000.0,0.000554668,0.00055545,"first difference and time slope from adjacent refined candidate frames; second difference from three adjacent refined candidate frames; no thresholding, smoothing, interpolation, or ridge modification",D:\Code\Python_Projects\DPS_Studio\data\raw\20260607.csv
pdv_channel_1,0.0005551826542604169,5.146542604168554e-07,candidate,refined,assessed,724749627.4166348,723838953.8242209,3.200000001091219e-09,910673.5924139023,910673.5924139023,284585497532299.1,69475.10231781006,hann,768,640,128,4096,39999999986.359764,100000000.0,2000000000.0,0.000554668,0.00055545,"first difference and time slope from adjacent refined candidate frames; second difference from three adjacent refined candidate frames; no thresholding, smoothing, interpolation, or ridge modification",D:\Code\Python_Projects\DPS_Studio\data\raw\20260607.csv
pdv_channel_1,0.000555185854260418,5.178542604179466e-07,candidate,refined,assessed,724853674.8715287,724749627.4166348,3.200000001091219e-09,104047.45489394665,104047.45489394665,32514829643270.58,-806626.1375199556,hann,768,640,128,4096,39999999986.359764,100000000.0,2000000000.0,0.000554668,0.00055545,"first difference and time slope from adjacent refined candidate frames; second difference from three adjacent refined candidate frames; no thresholding, smoothing, interpolation, or ridge modification",D:\Code\Python_Projects\DPS_Studio\data\raw\20260607.csv
pdv_channel_1,0.0005551890542604191,5.210542604190379e-07,candidate,refined,assessed,724070848.2172549,724853674.8715287,3.200000001091219e-09,-782826.6542738676,782826.6542738676,-244633329377162.22,-886874.1091678143,hann,768,640,128,4096,39999999986.359764,100000000.0,2000000000.0,0.000554668,0.00055545,"first difference and time slope from adjacent refined candidate frames; second difference from three adjacent refined candidate frames; no thresholding, smoothing, interpolation, or ridge modification",D:\Code\Python_Projects\DPS_Studio\data\raw\20260607.csv
pdv_channel_1,0.0005551922542604202,5.242542604201291e-07,candidate,refined,assessed,722632807.250369,724070848.2172549,3.200000001091219e-09,-1438040.9668859243,1438040.9668859243,-449387801998607.44,-655214.3126120567,hann,768,640,128,4096,39999999986.359764,100000000.0,2000000000.0,0.000554668,0.00055545,"first difference and time slope from adjacent refined candidate frames; second difference from three adjacent refined candidate frames; no thresholding, smoothing, interpolation, or ridge modification",D:\Code\Python_Projects\DPS_Studio\data\raw\20260607.csv
pdv_channel_1,0.0005551954542604212,5.274542604212203e-07,candidate,refined,assessed,719837663.9339019,722632807.250369,3.200000001091219e-09,-2795143.3164670467,2795143.3164670467,-873482286098089.5,-1357102.3495811224,hann,768,640,128,4096,39999999986.359764,100000000.0,2000000000.0,0.000554668,0.00055545,"first difference and time slope from adjacent refined candidate frames; second difference from three adjacent refined candidate frames; no thresholding, smoothing, interpolation, or ridge modification",D:\Code\Python_Projects\DPS_Studio\data\raw\20260607.csv
pdv_channel_1,0.0005551986542604223,5.306542604223115e-07,candidate,refined,assessed,715169722.4568789,719837663.9339019,3.200000001091219e-09,-4667941.4770230055,4667941.4770230055,-1458731711072253.0,-1872798.1605559587,hann,768,640,128,4096,39999999986.359764,100000000.0,2000000000.0,0.000554668,0.00055545,"first difference and time slope from adjacent refined candidate frames; second difference from three adjacent refined candidate frames; no thresholding, smoothing, interpolation, or ridge modification",D:\Code\Python_Projects\DPS_Studio\data\raw\20260607.csv
pdv_channel_1,0.0005552018542604234,5.338542604234027e-07,candidate,refined,assessed,709815177.884513,715169722.4568789,3.200000001091219e-09,-5354544.57236588,5354544.57236588,-1673295178293734.0,-686603.0953428745,hann,768,640,128,4096,39999999986.359764,100000000.0,2000000000.0,0.000554668,0.00055545,"first difference and time slope from adjacent refined candidate frames; second difference from three adjacent refined candidate frames; no thresholding, smoothing, interpolation, or ridge modification",D:\Code\Python_Projects\DPS_Studio\data\raw\20260607.csv
pdv_channel_1,0.0005552050542604245,5.37054260424494e-07,candidate,refined,assessed,706075145.9070249,709815177.884513,3.200000001091219e-09,-3740031.97748816,3740031.97748816,-1168759992566496.0,1614512.5948777199,hann,768,640,128,4096,39999999986.359764,100000000.0,2000000000.0,0.000554668,0.00055545,"first difference and time slope from adjacent refined candidate frames; second difference from three adjacent refined candidate frames; no thresholding, smoothing, interpolation, or ridge modification",D:\Code\Python_Projects\DPS_Studio\data\raw\20260607.csv
pdv_channel_1,0.0005552082542604256,5.402542604255852e-07,candidate,refined,assessed,704369050.9127017,706075145.9070249,3.200000001091219e-09,-1706094.9943231344,1706094.9943231344,-533154685544170.6,2033936.9831650257,hann,768,640,128,4096,39999999986.359764,100000000.0,2000000000.0,0.000554668,0.00055545,"first difference and time slope from adjacent refined candidate frames; second difference from three adjacent refined candidate frames; no thresholding, smoothing, interpolation, or ridge modification",D:\Code\Python_Projects\DPS_Studio\data\raw\20260607.csv
pdv_channel_1,0.0005552114542604267,5.434542604266764e-07,candidate,refined,assessed,703154676.2261912,704369050.9127017,3.200000001091219e-09,-1214374.686510563,1214374.686510563,-379492089405141.9,491720.3078125715,hann,768,640,128,4096,39999999986.359764,100000000.0,2000000000.0,0.000554668,0.00055545,"first difference and time slope from adjacent refined candidate frames; second difference from three adjacent refined candidate frames; no thresholding, smoothing, interpolation, or ridge modification",D:\Code\Python_Projects\DPS_Studio\data\raw\20260607.csv
pdv_channel_1,0.0005552146542604278,5.466542604277676e-07,candidate,refined,assessed,701007390.5555341,703154676.2261912,3.200000001091219e-09,-2147285.6706570387,2147285.6706570387,-671026771851500.5,-932910.9841464758,hann,768,640,128,4096,39999999986.359764,100000000.0,2000000000.0,0.000554668,0.00055545,"first difference and time slope from adjacent refined candidate frames; second difference from three adjacent refined candidate frames; no thresholding, smoothing, interpolation, or ridge modification",D:\Code\Python_Projects\DPS_Studio\data\raw\20260607.csv
pdv_channel_1,0.0005552178542604289,5.498542604288588e-07,candidate,refined,assessed,697781615.643884,701007390.5555341,3.200000001091219e-09,-3225774.911650181,3225774.911650181,-1008054659546928.9,-1078489.2409931421,hann,768,640,128,4096,39999999986.359764,100000000.0,2000000000.0,0.000554668,0.00055545,"first difference and time slope from adjacent refined candidate frames; second difference from three adjacent refined candidate frames; no thresholding, smoothing, interpolation, or ridge modification",D:\Code\Python_Projects\DPS_Studio\data\raw\20260607.csv
pdv_channel_1,0.00055522105426043,5.5305426042995e-07,candidate,refined,assessed,693747945.3433899,697781615.643884,3.200000001091219e-09,-4033670.300494075,4033670.300494075,-1260521968474553.0,-807895.388843894,hann,768,640,128,4096,39999999986.359764,100000000.0,2000000000.0,0.000554668,0.00055545,"first difference and time slope from adjacent refined candidate frames; second difference from three adjacent refined candidate frames; no thresholding, smoothing, interpolation, or ridge modification",D:\Code\Python_Projects\DPS_Studio\data\raw\20260607.csv
pdv_channel_1,0.0005552242542604311,5.562542604310413e-07,candidate,refined,assessed,688875081.663315,693747945.3433899,3.200000001091219e-09,-4872863.680074811,4872863.680074811,-1522769899504105.0,-839193.3795807362,hann,768,640,128,4096,39999999986.359764,100000000.0,2000000000.0,0.000554668,0.00055545,"first difference and time slope from adjacent refined candidate frames; second difference from three adjacent refined candidate frames; no thresholding, smoothing, interpolation, or ridge modification",D:\Code\Python_Projects\DPS_Studio\data\raw\20260607.csv
pdv_channel_1,0.0005552274542604322,5.594542604321325e-07,candidate,refined,assessed,683229135.0225604,688875081.663315,3.200000001091219e-09,-5645946.6407547,5645946.6407547,-1764358324634187.0,-773082.9606798887,hann,768,640,128,4096,39999999986.359764,100000000.0,2000000000.0,0.000554668,0.00055545,"first difference and time slope from adjacent refined candidate frames; second difference from three adjacent refined candidate frames; no thresholding, smoothing, interpolation, or ridge modification",D:\Code\Python_Projects\DPS_Studio\data\raw\20260607.csv
pdv_channel_1,0.0005552306542604332,5.626542604332237e-07,candidate,refined,assessed,677705184.7587409,683229135.0225604,3.200000001091219e-09,-5523950.263819456,5523950.263819456,-1726234456854924.0,121996.3769352436,hann,768,640,128,4096,39999999986.359764,100000000.0,2000000000.0,0.000554668,0.00055545,"first difference and time slope from adjacent refined candidate frames; second difference from three adjacent refined candidate frames; no thresholding, smoothing, interpolation, or ridge modification",D:\Code\Python_Projects\DPS_Studio\data\raw\20260607.csv
pdv_channel_1,0.0005552338542604343,5.658542604343149e-07,candidate,refined,assessed,673148779.4859717,677705184.7587409,3.200000001091219e-09,-4556405.272769213,4556405.272769213,-1423876647254828.8,967544.9910502434,hann,768,640,128,4096,39999999986.359764,100000000.0,2000000000.0,0.000554668,0.00055545,"first difference and time slope from adjacent refined candidate frames; second difference from three adjacent refined candidate frames; no thresholding, smoothing, interpolation, or ridge modification",D:\Code\Python_Projects\DPS_Studio\data\raw\20260607.csv
pdv_channel_1,0.0005552370542604354,5.690542604354061e-07,candidate,refined,assessed,669099121.3174983,673148779.4859717,3.200000001091219e-09,-4049658.168473363,4049658.168473363,-1265518177216376.8,506747.1042958498,hann,768,640,128,4096,39999999986.359764,100000000.0,2000000000.0,0.000554668,0.00055545,"first difference and time slope from adjacent refined candidate frames; second difference from three adjacent refined candidate frames; no thresholding, smoothing, interpolation, or ridge modification",D:\Code\Python_Projects\DPS_Studio\data\raw\20260607.csv
pdv_channel_1,0.0005552402542604365,5.722542604364974e-07,candidate,refined,assessed,664413035.9404132,669099121.3174983,3.200000001091219e-09,-4686085.37708509,4686085.37708509,-1464401679839721.0,-636427.2086117268,hann,768,640,128,4096,39999999986.359764,100000000.0,2000000000.0,0.000554668,0.00055545,"first difference and time slope from adjacent refined candidate frames; second difference from three adjacent refined candidate frames; no thresholding, smoothing, interpolation, or ridge modification",D:\Code\Python_Projects\DPS_Studio\data\raw\20260607.csv
pdv_channel_1,0.0005552434542604376,5.754542604375886e-07,candidate,refined,assessed,658723247.616566,664413035.9404132,3.200000001091219e-09,-5689788.323847294,5689788.323847294,-1778058850595950.8,-1003702.9467622042,hann,768,640,128,4096,39999999986.359764,100000000.0,2000000000.0,0.000554668,0.00055545,"first difference and time slope from adjacent refined candidate frames; second difference from three adjacent refined candidate frames; no thresholding, smoothing, interpolation, or ridge modification",D:\Code\Python_Projects\DPS_Studio\data\raw\20260607.csv
pdv_channel_1,0.0005552466542604387,5.786542604386798e-07,candidate,refined,assessed,652191077.8196284,658723247.616566,3.200000001091219e-09,-6532169.796937585,6532169.796937585,-2041303060846899.0,-842381.473090291,hann,768,640,128,4096,39999999986.359764,100000000.0,2000000000.0,0.000554668,0.00055545,"first difference and time slope from adjacent refined candidate frames; second difference from three adjacent refined candidate frames; no thresholding, smoothing, interpolation, or ridge modification",D:\Code\Python_Projects\DPS_Studio\data\raw\20260607.csv
pdv_channel_1,0.0005552498542604398,5.81854260439771e-07,candidate,refined,assessed,644977440.4269317,652191077.8196284,3.200000001091219e-09,-7213637.392696619,7213637.392696619,-2254261684448977.0,-681467.5957590342,hann,768,640,128,4096,39999999986.359764,100000000.0,2000000000.0,0.000554668,0.00055545,"first difference and time slope from adjacent refined candidate frames; second difference from three adjacent refined candidate frames; no thresholding, smoothing, interpolation, or ridge modification",D:\Code\Python_Projects\DPS_Studio\data\raw\20260607.csv
pdv_channel_1,0.0005552530542604409,5.850542604408622e-07,candidate,refined,assessed,637356474.6171892,644977440.4269317,3.200000001091219e-09,-7620965.80974257,7620965.80974257,-2381551814732430.0,-407328.4170459509,hann,768,640,128,4096,39999999986.359764,100000000.0,2000000000.0,0.000554668,0.00055545,"first difference and time slope from adjacent refined candidate frames; second difference from three adjacent refined candidate frames; no thresholding, smoothing, interpolation, or ridge modification",D:\Code\Python_Projects\DPS_Studio\data\raw\20260607.csv
pdv_channel_1,0.000555256254260442,5.882542604419535e-07,candidate,refined,assessed,629266164.8541867,637356474.6171892,3.200000001091219e-09,-8090309.763002515,8090309.763002515,-2528221800076147.5,-469343.9532599449,hann,768,640,128,4096,39999999986.359764,100000000.0,2000000000.0,0.000554668,0.00055545,"first difference and time slope from adjacent refined candidate frames; second difference from three adjacent refined candidate frames; no thresholding, smoothing, interpolation, or ridge modification",D:\Code\Python_Projects\DPS_Studio\data\raw\20260607.csv
pdv_channel_1,0.0005552594542604431,5.914542604430447e-07,candidate,refined,assessed,620453920.4851632,629266164.8541867,3.200000001091219e-09,-8812244.369023442,8812244.369023442,-2753826364380754.5,-721934.6060209274,hann,768,640,128,4096,39999999986.359764,100000000.0,2000000000.0,0.000554668,0.00055545,"first difference and time slope from adjacent refined candidate frames; second difference from three adjacent refined candidate frames; no thresholding, smoothing, interpolation, or ridge modification",D:\Code\Python_Projects\DPS_Studio\data\raw\20260607.csv
pdv_channel_1,0.0005552626542604442,5.946542604441359e-07,candidate,refined,assessed,611006654.0404022,620453920.4851632,3.200000001091219e-09,-9447266.444761038,9447266.444761038,-2952270762981082.5,-635022.0757375956,hann,768,640,128,4096,39999999986.359764,100000000.0,2000000000.0,0.000554668,0.00055545,"first difference and time slope from adjacent refined candidate frames; second difference from three adjacent refined candidate frames; no thresholding, smoothing, interpolation, or ridge modification",D:\Code\Python_Projects\DPS_Studio\data\raw\20260607.csv
pdv_channel_1,0.0005552658542604453,5.978542604452271e-07,candidate,refined,assessed,600893286.8282146,611006654.0404022,3.200000001091219e-09,-10113367.212187529,10113367.212187529,-3160427252730878.5,-666100.7674264908,hann,768,640,128,4096,39999999986.359764,100000000.0,2000000000.0,0.000554668,0.00055545,"first difference and time slope from adjacent refined candidate frames; second difference from three adjacent refined candidate frames; no thresholding, smoothing, interpolation, or ridge modification",D:\Code\Python_Projects\DPS_Studio\data\raw\20260607.csv
pdv_channel_1,0.0005552690542604463,6.010542604463183e-07,candidate,refined,assessed,590049712.3058724,600893286.8282146,3.200000001091219e-09,-10843574.522342205,10843574.522342205,-3388617037076400.5,-730207.3101546764,hann,768,640,128,4096,39999999986.359764,100000000.0,2000000000.0,0.000554668,0.00055545,"first difference and time slope from adjacent refined candidate frames; second difference from three adjacent refined candidate frames; no thresholding, smoothing, interpolation, or ridge modification",D:\Code\Python_Projects\DPS_Studio\data\raw\20260607.csv
pdv_channel_1,0.0005552722542604474,6.042542604474095e-07,candidate,refined,assessed,578331698.6824775,590049712.3058724,3.200000001091219e-09,-11718013.623394966,11718013.623394966,-3661879256062204.5,-874439.1010527611,hann,768,640,128,4096,39999999986.359764,100000000.0,2000000000.0,0.000554668,0.00055545,"first difference and time slope from adjacent refined candidate frames; second difference from three adjacent refined candidate frames; no thresholding, smoothing, interpolation, or ridge modification",D:\Code\Python_Projects\DPS_Studio\data\raw\20260607.csv
pdv_channel_1,0.0005552754542604485,6.074542604485008e-07,candidate,refined,assessed,565696434.1613487,578331698.6824775,3.200000001091219e-09,-12635264.521128774,12635264.521128774,-3948520161506273.0,-917250.8977338076,hann,768,640,128,4096,39999999986.359764,100000000.0,2000000000.0,0.000554668,0.00055545,"first difference and time slope from adjacent refined candidate frames; second difference from three adjacent refined candidate frames; no thresholding, smoothing, interpolation, or ridge modification",D:\Code\Python_Projects\DPS_Studio\data\raw\20260607.csv
pdv_channel_1,0.0005552786542604496,6.10654260449592e-07,candidate,refined,assessed,552115555.2958235,565696434.1613487,3.200000001091219e-09,-13580878.865525246,13580878.865525246,-4244024644029402.0,-945614.344396472,hann,768,640,128,4096,39999999986.359764,100000000.0,2000000000.0,0.000554668,0.00055545,"first difference and time slope from adjacent refined candidate frames; second difference from three adjacent refined candidate frames; no thresholding, smoothing, interpolation, or ridge modification",D:\Code\Python_Projects\DPS_Studio\data\raw\20260607.csv
pdv_channel_1,0.0005552818542604507,6.138542604506832e-07,candidate,refined,assessed,538125947.4108435,552115555.2958235,3.200000001091219e-09,-13989607.884979963,13989607.884979963,-4371752462565445.0,-408729.01945471764,hann,768,640,128,4096,39999999986.359764,100000000.0,2000000000.0,0.000554668,0.00055545,"first difference and time slope from adjacent refined candidate frames; second difference from three adjacent refined candidate frames; no thresholding, smoothing, interpolation, or ridge modification",D:\Code\Python_Projects\DPS_Studio\data\raw\20260607.csv
pdv_channel_1,0.0005552850542604518,6.170542604517744e-07,candidate,refined,assessed,524511187.75998694,538125947.4108435,3.200000001091219e-09,-13614759.650856555,13614759.650856555,-4254612389441825.5,374848.2341233492,hann,768,640,128,4096,39999999986.359764,100000000.0,2000000000.0,0.000554668,0.00055545,"first difference and time slope from adjacent refined candidate frames; second difference from three adjacent refined candidate frames; no thresholding, smoothing, interpolation, or ridge modification",D:\Code\Python_Projects\DPS_Studio\data\raw\20260607.csv
pdv_channel_1,0.0005552882542604529,6.202542604528656e-07,candidate,refined,assessed,510963751.82250583,524511187.75998694,3.200000001091219e-09,-13547435.937481105,13547435.937481105,-4233573729019172.0,67323.71337544918,hann,768,640,128,4096,39999999986.359764,100000000.0,2000000000.0,0.000554668,0.00055545,"first difference and time slope from adjacent refined candidate frames; second difference from three adjacent refined candidate frames; no thresholding, smoothing, interpolation, or ridge modification",D:\Code\Python_Projects\DPS_Studio\data\raw\20260607.csv
pdv_channel_1,0.000555291454260454,6.234542604539569e-07,candidate,refined,assessed,496071901.19641715,510963751.82250583,3.200000001091219e-09,-14891850.626088679,14891850.626088679,-4653703319065772.0,-1344414.6886075735,hann,768,640,128,4096,39999999986.359764,100000000.0,2000000000.0,0.000554668,0.00055545,"first difference and time slope from adjacent refined candidate frames; second difference from three adjacent refined candidate frames; no thresholding, smoothing, interpolation, or ridge modification",D:\Code\Python_Projects\DPS_Studio\data\raw\20260607.csv
pdv_channel_1,0.0005552946542604551,6.266542604550481e-07,candidate,refined,assessed,479703482.51149905,496071901.19641715,3.200000001091219e-09,-16368418.684918106,16368418.684918106,-5115130837292618.0,-1476568.0588294268,hann,768,640,128,4096,39999999986.359764,100000000.0,2000000000.0,0.000554668,0.00055545,"first difference and time slope from adjacent refined candidate frames; second difference from three adjacent refined candidate frames; no thresholding, smoothing, interpolation, or ridge modification",D:\Code\Python_Projects\DPS_Studio\data\raw\20260607.csv
pdv_channel_1,0.0005552978542604562,6.298542604561393e-07,candidate,refined,assessed,462310083.2152457,479703482.51149905,3.200000001091219e-09,-17393399.296253324,17393399.296253324,-5435437278225647.0,-1024980.611335218,hann,768,640,128,4096,39999999986.359764,100000000.0,2000000000.0,0.000554668,0.00055545,"first difference and time slope from adjacent refined candidate frames; second difference from three adjacent refined candidate frames; no thresholding, smoothing, interpolation, or ridge modification",D:\Code\Python_Projects\DPS_Studio\data\raw\20260607.csv
pdv_channel_1,0.0005553010542604573,6.330542604572305e-07,candidate,refined,assessed,444962799.8265165,462310083.2152457,3.200000001091219e-09,-17347283.388729215,17347283.388729215,-5421026057129278.0,46115.90752410889,hann,768,640,128,4096,39999999986.359764,100000000.0,2000000000.0,0.000554668,0.00055545,"first difference and time slope from adjacent refined candidate frames; second difference from three adjacent refined candidate frames; no thresholding, smoothing, interpolation, or ridge modification",D:\Code\Python_Projects\DPS_Studio\data\raw\20260607.csv
pdv_channel_1,0.0005553042542604583,6.362542604583217e-07,candidate,refined,assessed,426268032.25615925,444962799.8265165,3.200000001091219e-09,-18694767.570357263,18694767.570357263,-5842114863744449.0,-1347484.1816280484,hann,768,640,128,4096,39999999986.359764,100000000.0,2000000000.0,0.000554668,0.00055545,"first difference and time slope from adjacent refined candidate frames; second difference from three adjacent refined candidate frames; no thresholding, smoothing, interpolation, or ridge modification",D:\Code\Python_Projects\DPS_Studio\data\raw\20260607.csv
pdv_channel_1,0.0005553074542604594,6.39454260459413e-07,candidate,refined,assessed,404457166.8670674,426268032.25615925,3.200000001091219e-09,-21810865.38909185,21810865.38909185,-6815895431766942.0,-3116097.8187345862,hann,768,640,128,4096,39999999986.359764,100000000.0,2000000000.0,0.000554668,0.00055545,"first difference and time slope from adjacent refined candidate frames; second difference from three adjacent refined candidate frames; no thresholding, smoothing, interpolation, or ridge modification",D:\Code\Python_Projects\DPS_Studio\data\raw\20260607.csv
pdv_channel_1,0.0005553106542604605,6.426542604605042e-07,candidate,refined,assessed,384371056.3990315,404457166.8670674,3.200000001091219e-09,-20086110.468035877,20086110.468035877,-6276909519120748.0,1724754.9210559726,hann,768,640,128,4096,39999999986.359764,100000000.0,2000000000.0,0.000554668,0.00055545,"first difference and time slope from adjacent refined candidate frames; second difference from three adjacent refined candidate frames; no thresholding, smoothing, interpolation, or ridge modification",D:\Code\Python_Projects\DPS_Studio\data\raw\20260607.csv
pdv_channel_1,0.0005553138542604616,6.458542604615954e-07,candidate,refined,assessed,368791174.4454343,384371056.3990315,3.200000001091219e-09,-15579881.953597248,15579881.953597248,-4868713108838880.0,4506228.514438629,hann,768,640,128,4096,39999999986.359764,100000000.0,2000000000.0,0.000554668,0.00055545,"first difference and time slope from adjacent refined candidate frames; second difference from three adjacent refined candidate frames; no thresholding, smoothing, interpolation, or ridge modification",D:\Code\Python_Projects\DPS_Studio\data\raw\20260607.csv
pdv_channel_1,0.0005553170542604627,6.490542604626866e-07,candidate,refined,assessed,352637736.9185599,368791174.4454343,3.200000001091219e-09,-16153437.526874363,16153437.526874363,-5047949225426858.0,-573555.5732771158,hann,768,640,128,4096,39999999986.359764,100000000.0,2000000000.0,0.000554668,0.00055545,"first difference and time slope from adjacent refined candidate frames; second difference from three adjacent refined candidate frames; no thresholding, smoothing, interpolation, or ridge modification",D:\Code\Python_Projects\DPS_Studio\data\raw\20260607.csv
pdv_channel_1,0.0005553202542604638,6.522542604637778e-07,candidate,refined,assessed,333085027.31417733,352637736.9185599,3.200000001091219e-09,-19552709.604382575,19552709.604382575,-6110221749285933.0,-3399272.077508211,hann,768,640,128,4096,39999999986.359764,100000000.0,2000000000.0,0.000554668,0.00055545,"first difference and time slope from adjacent refined candidate frames; second difference from three adjacent refined candidate frames; no thresholding, smoothing, interpolation, or ridge modification",D:\Code\Python_Projects\DPS_Studio\data\raw\20260607.csv
pdv_channel_1,0.0005553234542604649,6.55454260464869e-07,candidate,refined,assessed,319070994.43232346,333085027.31417733,3.200000001091219e-09,-14014032.881853878,14014032.881853878,-4379385274085941.0,5538676.722528696,hann,768,640,128,4096,39999999986.359764,100000000.0,2000000000.0,0.000554668,0.00055545,"first difference and time slope from adjacent refined candidate frames; second difference from three adjacent refined candidate frames; no thresholding, smoothing, interpolation, or ridge modification",D:\Code\Python_Projects\DPS_Studio\data\raw\20260607.csv
pdv_channel_1,0.000555326654260466,6.586542604659603e-07,candidate,refined,assessed,313823654.2621008,319070994.43232346,3.200000001091219e-09,-5247340.17022264,5247340.17022264,-1639793802635395.8,8766692.711631238,hann,768,640,128,4096,39999999986.359764,100000000.0,2000000000.0,0.000554668,0.00055545,"first difference and time slope from adjacent refined candidate frames; second difference from three adjacent refined candidate frames; no thresholding, smoothing, interpolation, or ridge modification",D:\Code\Python_Projects\DPS_Studio\data\raw\20260607.csv
pdv_channel_1,0.0005553298542604671,6.618542604670515e-07,candidate,refined,assessed,309901331.84109974,313823654.2621008,3.200000001091219e-09,-3922322.4210010767,3922322.4210010767,-1225725756144856.8,1325017.7492215633,hann,768,640,128,4096,39999999986.359764,100000000.0,2000000000.0,0.000554668,0.00055545,"first difference and time slope from adjacent refined candidate frames; second difference from three adjacent refined candidate frames; no thresholding, smoothing, interpolation, or ridge modification",D:\Code\Python_Projects\DPS_Studio\data\raw\20260607.csv
pdv_channel_1,0.0005553330542604682,6.650542604681427e-07,candidate,refined,assessed,303684185.55674195,309901331.84109974,3.200000001091219e-09,-6217146.284357786,6217146.284357786,-1942858213199282.0,-2294823.8633567095,hann,768,640,128,4096,39999999986.359764,100000000.0,2000000000.0,0.000554668,0.00055545,"first difference and time slope from adjacent refined candidate frames; second difference from three adjacent refined candidate frames; no thresholding, smoothing, interpolation, or ridge modification",D:\Code\Python_Projects\DPS_Studio\data\raw\20260607.csv
pdv_channel_1,0.0005553362542604693,6.682542604692339e-07,candidate,refined,assessed,297216019.2986466,303684185.55674195,3.200000001091219e-09,-6468166.258095324,6468166.258095324,-2021301954965513.0,-251019.97373753786,hann,768,640,128,4096,39999999986.359764,100000000.0,2000000000.0,0.000554668,0.00055545,"first difference and time slope from adjacent refined candidate frames; second difference from three adjacent refined candidate frames; no thresholding, smoothing, interpolation, or ridge modification",D:\Code\Python_Projects\DPS_Studio\data\raw\20260607.csv
pdv_channel_1,0.0005553394542604703,6.714542604703251e-07,candidate,refined,assessed,292731405.6511149,297216019.2986466,3.200000001091219e-09,-4484613.647531748,4484613.647531748,-1401441764375771.2,1983552.6105635762,hann,768,640,128,4096,39999999986.359764,100000000.0,2000000000.0,0.000554668,0.00055545,"first difference and time slope from adjacent refined candidate frames; second difference from three adjacent refined candidate frames; no thresholding, smoothing, interpolation, or ridge modification",D:\Code\Python_Projects\DPS_Studio\data\raw\20260607.csv
pdv_channel_1,0.0005553426542604714,6.746542604714164e-07,candidate,refined,assessed,289718544.8323264,292731405.6511149,3.200000001091219e-09,-3012860.818788469,3012860.818788469,-941519005550333.0,1471752.828743279,hann,768,640,128,4096,39999999986.359764,100000000.0,2000000000.0,0.000554668,0.00055545,"first difference and time slope from adjacent refined candidate frames; second difference from three adjacent refined candidate frames; no thresholding, smoothing, interpolation, or ridge modification",D:\Code\Python_Projects\DPS_Studio\data\raw\20260607.csv
pdv_channel_1,0.0005553458542604725,6.778542604725076e-07,candidate,refined,assessed,287114165.3078996,289718544.8323264,3.200000001091219e-09,-2604379.524426818,2604379.524426818,-813868601105846.6,408481.29436165094,hann,768,640,128,4096,39999999986.359764,100000000.0,2000000000.0,0.000554668,0.00055545,"first difference and time slope from adjacent refined candidate frames; second difference from three adjacent refined candidate frames; no thresholding, smoothing, interpolation, or ridge modification",D:\Code\Python_Projects\DPS_Studio\data\raw\20260607.csv
pdv_channel_1,0.0005553490542604736,6.810542604735988e-07,candidate,refined,assessed,283672585.53689533,287114165.3078996,3.200000001091219e-09,-3441579.7710042596,3441579.7710042596,-1075493678072081.5,-837200.2465774417,hann,768,640,128,4096,39999999986.359764,100000000.0,2000000000.0,0.000554668,0.00055545,"first difference and time slope from adjacent refined candidate frames; second difference from three adjacent refined candidate frames; no thresholding, smoothing, interpolation, or ridge modification",D:\Code\Python_Projects\DPS_Studio\data\raw\20260607.csv
pdv_channel_1,0.0005553522542604747,6.8425426047469e-07,candidate,refined,assessed,280349801.02663684,283672585.53689533,3.200000001091219e-09,-3322784.510258496,3322784.510258496,-1038370159101689.6,118795.26074576378,hann,768,640,128,4096,39999999986.359764,100000000.0,2000000000.0,0.000554668,0.00055545,"first difference and time slope from adjacent refined candidate frames; second difference from three adjacent refined candidate frames; no thresholding, smoothing, interpolation, or ridge modification",D:\Code\Python_Projects\DPS_Studio\data\raw\20260607.csv
pdv_channel_1,0.0005553554542604758,6.874542604757812e-07,candidate,refined,assessed,278397343.99871063,280349801.02663684,3.200000001091219e-09,-1952457.0279262066,1952457.0279262066,-610142821018877.2,1370327.4823322892,hann,768,640,128,4096,39999999986.359764,100000000.0,2000000000.0,0.000554668,0.00055545,"first difference and time slope from adjacent refined candidate frames; second difference from three adjacent refined candidate frames; no thresholding, smoothing, interpolation, or ridge modification",D:\Code\Python_Projects\DPS_Studio\data\raw\20260607.csv
pdv_channel_1,0.0005553586542604769,6.906542604768725e-07,candidate,refined,assessed,277560304.9279048,278397343.99871063,3.200000001091219e-09,-837039.0708058476,837039.0708058476,-261574709537628.88,1115417.957120359,hann,768,640,128,4096,39999999986.359764,100000000.0,2000000000.0,0.000554668,0.00055545,"first difference and time slope from adjacent refined candidate frames; second difference from three adjacent refined candidate frames; no thresholding, smoothing, interpolation, or ridge modification",D:\Code\Python_Projects\DPS_Studio\data\raw\20260607.csv
pdv_channel_1,0.000555361854260478,6.938542604779637e-07,candidate,refined,assessed,276677381.7992273,277560304.9279048,3.200000001091219e-09,-882923.1286774874,882923.1286774874,-275913477617626.7,-45884.05787163973,hann,768,640,128,4096,39999999986.359764,100000000.0,2000000000.0,0.000554668,0.00055545,"first difference and time slope from adjacent refined candidate frames; second difference from three adjacent refined candidate frames; no thresholding, smoothing, interpolation, or ridge modification",D:\Code\Python_Projects\DPS_Studio\data\raw\20260607.csv
pdv_channel_1,0.0005553650542604791,6.970542604790549e-07,candidate,refined,assessed,275736639.491033,276677381.7992273,3.200000001091219e-09,-940742.3081942797,940742.3081942797,-293981971210462.8,-57819.1795167923,hann,768,640,128,4096,39999999986.359764,100000000.0,2000000000.0,0.000554668,0.00055545,"first difference and time slope from adjacent refined candidate frames; second difference from three adjacent refined candidate frames; no thresholding, smoothing, interpolation, or ridge modification",D:\Code\Python_Projects\DPS_Studio\data\raw\20260607.csv
pdv_channel_1,0.0005553682542604802,7.002542604801461e-07,candidate,refined,assessed,274202262.33736926,275736639.491033,3.200000001091219e-09,-1534377.1536637545,1534377.1536637545,-479492860356413.4,-593634.8454694748,hann,768,640,128,4096,39999999986.359764,100000000.0,2000000000.0,0.000554668,0.00055545,"first difference and time slope from adjacent refined candidate frames; second difference from three adjacent refined candidate frames; no thresholding, smoothing, interpolation, or ridge modification",D:\Code\Python_Projects\DPS_Studio\data\raw\20260607.csv
pdv_channel_1,0.0005553714542604813,7.034542604812373e-07,candidate,refined,assessed,273127305.1963311,274202262.33736926,3.200000001091219e-09,-1074957.1410381794,1074957.1410381794,-335924106459878.94,459420.01262557507,hann,768,640,128,4096,39999999986.359764,100000000.0,2000000000.0,0.000554668,0.00055545,"first difference and time slope from adjacent refined candidate frames; second difference from three adjacent refined candidate frames; no thresholding, smoothing, interpolation, or ridge modification",D:\Code\Python_Projects\DPS_Studio\data\raw\20260607.csv
pdv_channel_1,0.0005553746542604824,7.066542604823286e-07,candidate,refined,assessed,272957881.8181949,273127305.1963311,3.200000001091219e-09,-169423.378136158,169423.378136158,-52944805649494.88,905533.7629020214,hann,768,640,128,4096,39999999986.359764,100000000.0,2000000000.0,0.000554668,0.00055545,"first difference and time slope from adjacent refined candidate frames; second difference from three adjacent refined candidate frames; no thresholding, smoothing, interpolation, or ridge modification",D:\Code\Python_Projects\DPS_Studio\data\raw\20260607.csv
pdv_channel_1,0.0005553778542604834,7.098542604834198e-07,candidate,refined,assessed,273957217.88574123,272957881.8181949,3.200000001091219e-09,999336.067546308,999336.067546308,312292521001727.7,1168759.445682466,hann,768,640,128,4096,39999999986.359764,100000000.0,2000000000.0,0.000554668,0.00055545,"first difference and time slope from adjacent refined candidate frames; second difference from three adjacent refined candidate frames; no thresholding, smoothing, interpolation, or ridge modification",D:\Code\Python_Projects\DPS_Studio\data\raw\20260607.csv
pdv_channel_1,0.0005553810542604845,7.13054260484511e-07,candidate,refined,assessed,274618241.0291927,273957217.88574123,3.200000001091219e-09,661023.1434514523,661023.1434514523,206569732258137.34,-338312.9240948558,hann,768,640,128,4096,39999999986.359764,100000000.0,2000000000.0,0.000554668,0.00055545,"first difference and time slope from adjacent refined candidate frames; second difference from three adjacent refined candidate frames; no thresholding, smoothing, interpolation, or ridge modification",D:\Code\Python_Projects\DPS_Studio\data\raw\20260607.csv
pdv_channel_1,0.0005553842542604856,7.162542604856022e-07,candidate,refined,assessed,274636910.21217775,274618241.0291927,3.200000001091219e-09,18669.182985067368,18669.182985067368,5834119680844.083,-642353.9604663849,hann,768,640,128,4096,39999999986.359764,100000000.0,2000000000.0,0.000554668,0.00055545,"first difference and time slope from adjacent refined candidate frames; second difference from three adjacent refined candidate frames; no thresholding, smoothing, interpolation, or ridge modification",D:\Code\Python_Projects\DPS_Studio\data\raw\20260607.csv
pdv_channel_1,0.0005553874542604867,7.194542604866934e-07,candidate,refined,assessed,275657769.3843303,274636910.21217775,3.200000001091219e-09,1020859.1721525192,1020859.1721525192,319018491188875.06,1002189.9891674519,hann,768,640,128,4096,39999999986.359764,100000000.0,2000000000.0,0.000554668,0.00055545,"first difference and time slope from adjacent refined candidate frames; second difference from three adjacent refined candidate frames; no thresholding, smoothing, interpolation, or ridge modification",D:\Code\Python_Projects\DPS_Studio\data\raw\20260607.csv
pdv_channel_1,0.0005553906542604878,7.226542604877846e-07,candidate,refined,assessed,277761869.7862425,275657769.3843303,3.200000001091219e-09,2104100.4019122124,2104100.4019122124,657531375373344.2,1083241.2297596931,hann,768,640,128,4096,39999999986.359764,100000000.0,2000000000.0,0.000554668,0.00055545,"first difference and time slope from adjacent refined candidate frames; second difference from three adjacent refined candidate frames; no thresholding, smoothing, interpolation, or ridge modification",D:\Code\Python_Projects\DPS_Studio\data\raw\20260607.csv
pdv_channel_1,0.0005553938542604889,7.258542604888759e-07,candidate,refined,assessed,278162375.08826303,277761869.7862425,3.200000001091219e-09,400505.3020205498,400505.3020205498,125157906838742.22,-1703595.0998916626,hann,768,640,128,4096,39999999986.359764,100000000.0,2000000000.0,0.000554668,0.00055545,"first difference and time slope from adjacent refined candidate frames; second difference from three adjacent refined candidate frames; no thresholding, smoothing, interpolation, or ridge modification",D:\Code\Python_Projects\DPS_Studio\data\raw\20260607.csv
pdv_channel_1,0.00055539705426049,7.290542604899671e-07,candidate,refined,assessed,277383890.87883836,278162375.08826303,3.200000001091219e-09,-778484.2094246745,778484.2094246745,-243276315362252.12,-1178989.5114452243,hann,768,640,128,4096,39999999986.359764,100000000.0,2000000000.0,0.000554668,0.00055545,"first difference and time slope from adjacent refined candidate frames; second difference from three adjacent refined candidate frames; no thresholding, smoothing, interpolation, or ridge modification",D:\Code\Python_Projects\DPS_Studio\data\raw\20260607.csv
pdv_channel_1,0.0005554002542604911,7.322542604910583e-07,candidate,refined,assessed,277463495.47729194,277383890.87883836,3.200000001091219e-09,79604.59845358133,79604.59845358133,24876437008261.156,858088.8078782558,hann,768,640,128,4096,39999999986.359764,100000000.0,2000000000.0,0.000554668,0.00055545,"first difference and time slope from adjacent refined candidate frames; second difference from three adjacent refined candidate frames; no thresholding, smoothing, interpolation, or ridge modification",D:\Code\Python_Projects\DPS_Studio\data\raw\20260607.csv
pdv_channel_1,0.0005554034542604922,7.354542604921495e-07,candidate,refined,assessed,278451483.83760077,277463495.47729194,3.200000001091219e-09,987988.360308826,987988.360308826,308746362491223.8,908383.7618552446,hann,768,640,128,4096,39999999986.359764,100000000.0,2000000000.0,0.000554668,0.00055545,"first difference and time slope from adjacent refined candidate frames; second difference from three adjacent refined candidate frames; no thresholding, smoothing, interpolation, or ridge modification",D:\Code\Python_Projects\DPS_Studio\data\raw\20260607.csv
pdv_channel_1,0.0005554066542604933,7.386542604932407e-07,candidate,refined,assessed,279669596.6392858,278451483.83760077,3.200000001091219e-09,1218112.8016850352,1218112.8016850352,380660250396766.1,230124.44137620926,hann,768,640,128,4096,39999999986.359764,100000000.0,2000000000.0,0.000554668,0.00055545,"first difference and time slope from adjacent refined candidate frames; second difference from three adjacent refined candidate frames; no thresholding, smoothing, interpolation, or ridge modification",D:\Code\Python_Projects\DPS_Studio\data\raw\20260607.csv
pdv_channel_1,0.0005554098542604944,7.41854260494332e-07,candidate,refined,assessed,280409495.442854,279669596.6392858,3.200000001091219e-09,739898.8035681844,739898.8035681844,231218376036210.78,-478213.99811685085,hann,768,640,128,4096,39999999986.359764,100000000.0,2000000000.0,0.000554668,0.00055545,"first difference and time slope from adjacent refined candidate frames; second difference from three adjacent refined candidate frames; no thresholding, smoothing, interpolation, or ridge modification",D:\Code\Python_Projects\DPS_Studio\data\raw\20260607.csv
pdv_channel_1,0.0005554130542604954,7.450542604954232e-07,candidate,refined,assessed,278294873.8946141,280409495.442854,3.200000001091219e-09,-2114621.5482398868,2114621.5482398868,-660819233599621.4,-2854520.351808071,hann,768,640,128,4096,39999999986.359764,100000000.0,2000000000.0,0.000554668,0.00055545,"first difference and time slope from adjacent refined candidate frames; second difference from three adjacent refined candidate frames; no thresholding, smoothing, interpolation, or ridge modification",D:\Code\Python_Projects\DPS_Studio\data\raw\20260607.csv
pdv_channel_1,0.0005554162542604965,7.482542604965144e-07,candidate,refined,assessed,276131061.87550294,278294873.8946141,3.200000001091219e-09,-2163812.0191111565,2163812.0191111565,-676191255741651.2,-49190.4708712697,hann,768,640,128,4096,39999999986.359764,100000000.0,2000000000.0,0.000554668,0.00055545,"first difference and time slope from adjacent refined candidate frames; second difference from three adjacent refined candidate frames; no thresholding, smoothing, interpolation, or ridge modification",D:\Code\Python_Projects\DPS_Studio\data\raw\20260607.csv
pdv_channel_1,0.0005554194542604976,7.514542604976056e-07,candidate,refined,assessed,278470127.3054255,276131061.87550294,3.200000001091219e-09,2339065.4299225807,2339065.4299225807,730957946601545.5,4502877.449033737,hann,768,640,128,4096,39999999986.359764,100000000.0,2000000000.0,0.000554668,0.00055545,"first difference and time slope from adjacent refined candidate frames; second difference from three adjacent refined candidate frames; no thresholding, smoothing, interpolation, or ridge modification",D:\Code\Python_Projects\DPS_Studio\data\raw\20260607.csv
pdv_channel_1,0.0005554226542604987,7.546542604986968e-07,candidate,refined,assessed,282826456.07017666,278470127.3054255,3.200000001091219e-09,4356328.764751136,4356328.764751136,1361352738520500.8,2017263.3348285556,hann,768,640,128,4096,39999999986.359764,100000000.0,2000000000.0,0.000554668,0.00055545,"first difference and time slope from adjacent refined candidate frames; second difference from three adjacent refined candidate frames; no thresholding, smoothing, interpolation, or ridge modification",D:\Code\Python_Projects\DPS_Studio\data\raw\20260607.csv
pdv_channel_1,0.0005554258542604998,7.578542604997881e-07,candidate,refined,assessed,283064893.22448426,282826456.07017666,3.200000001091219e-09,238437.15430760384,238437.15430760384,74511610695717.3,-4117891.6104435325,hann,768,640,128,4096,39999999986.359764,100000000.0,2000000000.0,0.000554668,0.00055545,"first difference and time slope from adjacent refined candidate frames; second difference from three adjacent refined candidate frames; no thresholding, smoothing, interpolation, or ridge modification",D:\Code\Python_Projects\DPS_Studio\data\raw\20260607.csv
pdv_channel_1,0.0005554290542605009,7.610542605008793e-07,candidate,refined,assessed,282170746.58829534,283064893.22448426,3.200000001091219e-09,-894146.6361889243,894146.6361889243,-279420823713754.7,-1132583.7904965281,hann,768,640,128,4096,39999999986.359764,100000000.0,2000000000.0,0.000554668,0.00055545,"first difference and time slope from adjacent refined candidate frames; second difference from three adjacent refined candidate frames; no thresholding, smoothing, interpolation, or ridge modification",D:\Code\Python_Projects\DPS_Studio\data\raw\20260607.csv
pdv_channel_1,0.000555432254260502,7.642542605019705e-07,candidate,refined,assessed,283719041.6505019,282170746.58829534,3.200000001091219e-09,1548295.0622065663,1548295.0622065663,483842206774558.94,2442441.6983954906,hann,768,640,128,4096,39999999986.359764,100000000.0,2000000000.0,0.000554668,0.00055545,"first difference and time slope from adjacent refined candidate frames; second difference from three adjacent refined candidate frames; no thresholding, smoothing, interpolation, or ridge modification",D:\Code\Python_Projects\DPS_Studio\data\raw\20260607.csv
pdv_channel_1,0.0005554354542605031,7.674542605030617e-07,candidate,refined,assessed,284447676.6937791,283719041.6505019,3.200000001091219e-09,728635.043277204,728635.043277204,227698450946479.75,-819660.0189293623,hann,768,640,128,4096,39999999986.359764,100000000.0,2000000000.0,0.000554668,0.00055545,"first difference and time slope from adjacent refined candidate frames; second difference from three adjacent refined candidate frames; no thresholding, smoothing, interpolation, or ridge modification",D:\Code\Python_Projects\DPS_Studio\data\raw\20260607.csv
pdv_channel_1,0.0005554386542605042,7.706542605041529e-07,candidate,refined,assessed,283719960.90614885,284447676.6937791,3.200000001091219e-09,-727715.78763026,727715.78763026,-227411183556907.7,-1456350.830907464,hann,768,640,128,4096,39999999986.359764,100000000.0,2000000000.0,0.000554668,0.00055545,"first difference and time slope from adjacent refined candidate frames; second difference from three adjacent refined candidate frames; no thresholding, smoothing, interpolation, or ridge modification",D:\Code\Python_Projects\DPS_Studio\data\raw\20260607.csv
pdv_channel_1,0.0005554418542605053,7.738542605052441e-07,candidate,refined,assessed,283499442.31682986,283719960.90614885,3.200000001091219e-09,-220518.5893189907,220518.5893189907,-68912059138685.18,507197.1983112693,hann,768,640,128,4096,39999999986.359764,100000000.0,2000000000.0,0.000554668,0.00055545,"first difference and time slope from adjacent refined candidate frames; second difference from three adjacent refined candidate frames; no thresholding, smoothing, interpolation, or ridge modification",D:\Code\Python_Projects\DPS_Studio\data\raw\20260607.csv
pdv_channel_1,0.0005554450542605064,7.770542605063354e-07,candidate,refined,assessed,286449242.5788202,283499442.31682986,3.200000001091219e-09,2949800.2619903684,2949800.2619903684,921812581557646.6,3170318.851309359,hann,768,640,128,4096,39999999986.359764,100000000.0,2000000000.0,0.000554668,0.00055545,"first difference and time slope from adjacent refined candidate frames; second difference from three adjacent refined candidate frames; no thresholding, smoothing, interpolation, or ridge modification",D:\Code\Python_Projects\DPS_Studio\data\raw\20260607.csv
pdv_channel_1,0.0005554482542605074,7.802542605074266e-07,candidate,refined,assessed,291167162.0464346,286449242.5788202,3.200000001091219e-09,4717919.467614353,4717919.467614353,1474349833126723.2,1768119.2056239843,hann,768,640,128,4096,39999999986.359764,100000000.0,2000000000.0,0.000554668,0.00055545,"first difference and time slope from adjacent refined candidate frames; second difference from three adjacent refined candidate frames; no thresholding, smoothing, interpolation, or ridge modification",D:\Code\Python_Projects\DPS_Studio\data\raw\20260607.csv
pdv_channel_1,0.0005554514542605085,7.834542605085178e-07,outside_analysis_window,outside_analysis_window,outside_analysis_window,,,,,,,,hann,768,640,128,4096,39999999986.359764,100000000.0,2000000000.0,0.000554668,0.00055545,"first difference and time slope from adjacent refined candidate frames; second difference from three adjacent refined candidate frames; no thresholding, smoothing, interpolation, or ridge modification",D:\Code\Python_Projects\DPS_Studio\data\raw\20260607.csv
pdv_channel_1,0.0005554546542605096,7.86654260509609e-07,outside_analysis_window,outside_analysis_window,outside_analysis_window,,,,,,,,hann,768,640,128,4096,39999999986.359764,100000000.0,2000000000.0,0.000554668,0.00055545,"first difference and time slope from adjacent refined candidate frames; second difference from three adjacent refined candidate frames; no thresholding, smoothing, interpolation, or ridge modification",D:\Code\Python_Projects\DPS_Studio\data\raw\20260607.csv
pdv_channel_1,0.0005554578542605107,7.898542605107002e-07,outside_analysis_window,outside_analysis_window,outside_analysis_window,,,,,,,,hann,768,640,128,4096,39999999986.359764,100000000.0,2000000000.0,0.000554668,0.00055545,"first difference and time slope from adjacent refined candidate frames; second difference from three adjacent refined candidate frames; no thresholding, smoothing, interpolation, or ridge modification",D:\Code\Python_Projects\DPS_Studio\data\raw\20260607.csv
pdv_channel_1,0.0005554610542605118,7.930542605117915e-07,outside_analysis_window,outside_analysis_window,outside_analysis_window,,,,,,,,hann,768,640,128,4096,39999999986.359764,100000000.0,2000000000.0,0.000554668,0.00055545,"first difference and time slope from adjacent refined candidate frames; second difference from three adjacent refined candidate frames; no thresholding, smoothing, interpolation, or ridge modification",D:\Code\Python_Projects\DPS_Studio\data\raw\20260607.csv
pdv_channel_1,0.0005554642542605129,7.962542605128827e-07,outside_analysis_window,outside_analysis_window,outside_analysis_window,,,,,,,,hann,768,640,128,4096,39999999986.359764,100000000.0,2000000000.0,0.000554668,0.00055545,"first difference and time slope from adjacent refined candidate frames; second difference from three adjacent refined candidate frames; no thresholding, smoothing, interpolation, or ridge modification",D:\Code\Python_Projects\DPS_Studio\data\raw\20260607.csv
pdv_channel_1,0.000555467454260514,7.994542605139739e-07,outside_analysis_window,outside_analysis_window,outside_analysis_window,,,,,,,,hann,768,640,128,4096,39999999986.359764,100000000.0,2000000000.0,0.000554668,0.00055545,"first difference and time slope from adjacent refined candidate frames; second difference from three adjacent refined candidate frames; no thresholding, smoothing, interpolation, or ridge modification",D:\Code\Python_Projects\DPS_Studio\data\raw\20260607.csv
pdv_channel_1,0.0005554706542605151,8.026542605150651e-07,outside_analysis_window,outside_analysis_window,outside_analysis_window,,,,,,,,hann,768,640,128,4096,39999999986.359764,100000000.0,2000000000.0,0.000554668,0.00055545,"first difference and time slope from adjacent refined candidate frames; second difference from three adjacent refined candidate frames; no thresholding, smoothing, interpolation, or ridge modification",D:\Code\Python_Projects\DPS_Studio\data\raw\20260607.csv
pdv_channel_1,0.0005554738542605162,8.058542605161563e-07,outside_analysis_window,outside_analysis_window,outside_analysis_window,,,,,,,,hann,768,640,128,4096,39999999986.359764,100000000.0,2000000000.0,0.000554668,0.00055545,"first difference and time slope from adjacent refined candidate frames; second difference from three adjacent refined candidate frames; no thresholding, smoothing, interpolation, or ridge modification",D:\Code\Python_Projects\DPS_Studio\data\raw\20260607.csv
pdv_channel_1,0.0005554770542605173,8.090542605172476e-07,outside_analysis_window,outside_analysis_window,outside_analysis_window,,,,,,,,hann,768,640,128,4096,39999999986.359764,100000000.0,2000000000.0,0.000554668,0.00055545,"first difference and time slope from adjacent refined candidate frames; second difference from three adjacent refined candidate frames; no thresholding, smoothing, interpolation, or ridge modification",D:\Code\Python_Projects\DPS_Studio\data\raw\20260607.csv
pdv_channel_1,0.0005554802542605184,8.122542605183388e-07,outside_analysis_window,outside_analysis_window,outside_analysis_window,,,,,,,,hann,768,640,128,4096,39999999986.359764,100000000.0,2000000000.0,0.000554668,0.00055545,"first difference and time slope from adjacent refined candidate frames; second difference from three adjacent refined candidate frames; no thresholding, smoothing, interpolation, or ridge modification",D:\Code\Python_Projects\DPS_Studio\data\raw\20260607.csv
pdv_channel_1,0.0005554834542605195,8.1545426051943e-07,outside_analysis_window,outside_analysis_window,outside_analysis_window,,,,,,,,hann,768,640,128,4096,39999999986.359764,100000000.0,2000000000.0,0.000554668,0.00055545,"first difference and time slope from adjacent refined candidate frames; second difference from three adjacent refined candidate frames; no thresholding, smoothing, interpolation, or ridge modification",D:\Code\Python_Projects\DPS_Studio\data\raw\20260607.csv
pdv_channel_1,0.0005554866542605205,8.186542605205212e-07,outside_analysis_window,outside_analysis_window,outside_analysis_window,,,,,,,,hann,768,640,128,4096,39999999986.359764,100000000.0,2000000000.0,0.000554668,0.00055545,"first difference and time slope from adjacent refined candidate frames; second difference from three adjacent refined candidate frames; no thresholding, smoothing, interpolation, or ridge modification",D:\Code\Python_Projects\DPS_Studio\data\raw\20260607.csv
pdv_channel_1,0.0005554898542605216,8.218542605216124e-07,outside_analysis_window,outside_analysis_window,outside_analysis_window,,,,,,,,hann,768,640,128,4096,39999999986.359764,100000000.0,2000000000.0,0.000554668,0.00055545,"first difference and time slope from adjacent refined candidate frames; second difference from three adjacent refined candidate frames; no thresholding, smoothing, interpolation, or ridge modification",D:\Code\Python_Projects\DPS_Studio\data\raw\20260607.csv
pdv_channel_1,0.0005554930542605227,8.250542605227036e-07,outside_analysis_window,outside_analysis_window,outside_analysis_window,,,,,,,,hann,768,640,128,4096,39999999986.359764,100000000.0,2000000000.0,0.000554668,0.00055545,"first difference and time slope from adjacent refined candidate frames; second difference from three adjacent refined candidate frames; no thresholding, smoothing, interpolation, or ridge modification",D:\Code\Python_Projects\DPS_Studio\data\raw\20260607.csv
pdv_channel_1,0.0005554962542605238,8.282542605237949e-07,outside_analysis_window,outside_analysis_window,outside_analysis_window,,,,,,,,hann,768,640,128,4096,39999999986.359764,100000000.0,2000000000.0,0.000554668,0.00055545,"first difference and time slope from adjacent refined candidate frames; second difference from three adjacent refined candidate frames; no thresholding, smoothing, interpolation, or ridge modification",D:\Code\Python_Projects\DPS_Studio\data\raw\20260607.csv
pdv_channel_1,0.0005554994542605249,8.314542605248861e-07,outside_analysis_window,outside_analysis_window,outside_analysis_window,,,,,,,,hann,768,640,128,4096,39999999986.359764,100000000.0,2000000000.0,0.000554668,0.00055545,"first difference and time slope from adjacent refined candidate frames; second difference from three adjacent refined candidate frames; no thresholding, smoothing, interpolation, or ridge modification",D:\Code\Python_Projects\DPS_Studio\data\raw\20260607.csv
pdv_channel_1,0.000555502654260526,8.346542605259773e-07,outside_analysis_window,outside_analysis_window,outside_analysis_window,,,,,,,,hann,768,640,128,4096,39999999986.359764,100000000.0,2000000000.0,0.000554668,0.00055545,"first difference and time slope from adjacent refined candidate frames; second difference from three adjacent refined candidate frames; no thresholding, smoothing, interpolation, or ridge modification",D:\Code\Python_Projects\DPS_Studio\data\raw\20260607.csv
pdv_channel_1,0.0005555058542605271,8.378542605270685e-07,outside_analysis_window,outside_analysis_window,outside_analysis_window,,,,,,,,hann,768,640,128,4096,39999999986.359764,100000000.0,2000000000.0,0.000554668,0.00055545,"first difference and time slope from adjacent refined candidate frames; second difference from three adjacent refined candidate frames; no thresholding, smoothing, interpolation, or ridge modification",D:\Code\Python_Projects\DPS_Studio\data\raw\20260607.csv
pdv_channel_1,0.0005555090542605282,8.410542605281597e-07,outside_analysis_window,outside_analysis_window,outside_analysis_window,,,,,,,,hann,768,640,128,4096,39999999986.359764,100000000.0,2000000000.0,0.000554668,0.00055545,"first difference and time slope from adjacent refined candidate frames; second difference from three adjacent refined candidate frames; no thresholding, smoothing, interpolation, or ridge modification",D:\Code\Python_Projects\DPS_Studio\data\raw\20260607.csv
pdv_channel_1,0.0005555122542605293,8.44254260529251e-07,outside_analysis_window,outside_analysis_window,outside_analysis_window,,,,,,,,hann,768,640,128,4096,39999999986.359764,100000000.0,2000000000.0,0.000554668,0.00055545,"first difference and time slope from adjacent refined candidate frames; second difference from three adjacent refined candidate frames; no thresholding, smoothing, interpolation, or ridge modification",D:\Code\Python_Projects\DPS_Studio\data\raw\20260607.csv
pdv_channel_1,0.0005555154542605304,8.474542605303422e-07,outside_analysis_window,outside_analysis_window,outside_analysis_window,,,,,,,,hann,768,640,128,4096,39999999986.359764,100000000.0,2000000000.0,0.000554668,0.00055545,"first difference and time slope from adjacent refined candidate frames; second difference from three adjacent refined candidate frames; no thresholding, smoothing, interpolation, or ridge modification",D:\Code\Python_Projects\DPS_Studio\data\raw\20260607.csv
pdv_channel_1,0.0005555186542605315,8.506542605314334e-07,outside_analysis_window,outside_analysis_window,outside_analysis_window,,,,,,,,hann,768,640,128,4096,39999999986.359764,100000000.0,2000000000.0,0.000554668,0.00055545,"first difference and time slope from adjacent refined candidate frames; second difference from three adjacent refined candidate frames; no thresholding, smoothing, interpolation, or ridge modification",D:\Code\Python_Projects\DPS_Studio\data\raw\20260607.csv
pdv_channel_1,0.0005555218542605325,8.538542605325246e-07,outside_analysis_window,outside_analysis_window,outside_analysis_window,,,,,,,,hann,768,640,128,4096,39999999986.359764,100000000.0,2000000000.0,0.000554668,0.00055545,"first difference and time slope from adjacent refined candidate frames; second difference from three adjacent refined candidate frames; no thresholding, smoothing, interpolation, or ridge modification",D:\Code\Python_Projects\DPS_Studio\data\raw\20260607.csv
pdv_channel_1,0.0005555250542605336,8.570542605336158e-07,outside_analysis_window,outside_analysis_window,outside_analysis_window,,,,,,,,hann,768,640,128,4096,39999999986.359764,100000000.0,2000000000.0,0.000554668,0.00055545,"first difference and time slope from adjacent refined candidate frames; second difference from three adjacent refined candidate frames; no thresholding, smoothing, interpolation, or ridge modification",D:\Code\Python_Projects\DPS_Studio\data\raw\20260607.csv
pdv_channel_1,0.0005555282542605347,8.602542605347071e-07,outside_analysis_window,outside_analysis_window,outside_analysis_window,,,,,,,,hann,768,640,128,4096,39999999986.359764,100000000.0,2000000000.0,0.000554668,0.00055545,"first difference and time slope from adjacent refined candidate frames; second difference from three adjacent refined candidate frames; no thresholding, smoothing, interpolation, or ridge modification",D:\Code\Python_Projects\DPS_Studio\data\raw\20260607.csv
pdv_channel_1,0.0005555314542605358,8.634542605357983e-07,outside_analysis_window,outside_analysis_window,outside_analysis_window,,,,,,,,hann,768,640,128,4096,39999999986.359764,100000000.0,2000000000.0,0.000554668,0.00055545,"first difference and time slope from adjacent refined candidate frames; second difference from three adjacent refined candidate frames; no thresholding, smoothing, interpolation, or ridge modification",D:\Code\Python_Projects\DPS_Studio\data\raw\20260607.csv
pdv_channel_1,0.0005555346542605369,8.666542605368895e-07,outside_analysis_window,outside_analysis_window,outside_analysis_window,,,,,,,,hann,768,640,128,4096,39999999986.359764,100000000.0,2000000000.0,0.000554668,0.00055545,"first difference and time slope from adjacent refined candidate frames; second difference from three adjacent refined candidate frames; no thresholding, smoothing, interpolation, or ridge modification",D:\Code\Python_Projects\DPS_Studio\data\raw\20260607.csv
pdv_channel_1,0.000555537854260538,8.698542605379807e-07,outside_analysis_window,outside_analysis_window,outside_analysis_window,,,,,,,,hann,768,640,128,4096,39999999986.359764,100000000.0,2000000000.0,0.000554668,0.00055545,"first difference and time slope from adjacent refined candidate frames; second difference from three adjacent refined candidate frames; no thresholding, smoothing, interpolation, or ridge modification",D:\Code\Python_Projects\DPS_Studio\data\raw\20260607.csv
pdv_channel_1,0.0005555410542605391,8.730542605390719e-07,outside_analysis_window,outside_analysis_window,outside_analysis_window,,,,,,,,hann,768,640,128,4096,39999999986.359764,100000000.0,2000000000.0,0.000554668,0.00055545,"first difference and time slope from adjacent refined candidate frames; second difference from three adjacent refined candidate frames; no thresholding, smoothing, interpolation, or ridge modification",D:\Code\Python_Projects\DPS_Studio\data\raw\20260607.csv
pdv_channel_1,0.0005555442542605402,8.762542605401632e-07,outside_analysis_window,outside_analysis_window,outside_analysis_window,,,,,,,,hann,768,640,128,4096,39999999986.359764,100000000.0,2000000000.0,0.000554668,0.00055545,"first difference and time slope from adjacent refined candidate frames; second difference from three adjacent refined candidate frames; no thresholding, smoothing, interpolation, or ridge modification",D:\Code\Python_Projects\DPS_Studio\data\raw\20260607.csv
pdv_channel_1,0.0005555474542605413,8.794542605412544e-07,outside_analysis_window,outside_analysis_window,outside_analysis_window,,,,,,,,hann,768,640,128,4096,39999999986.359764,100000000.0,2000000000.0,0.000554668,0.00055545,"first difference and time slope from adjacent refined candidate frames; second difference from three adjacent refined candidate frames; no thresholding, smoothing, interpolation, or ridge modification",D:\Code\Python_Projects\DPS_Studio\data\raw\20260607.csv
pdv_channel_1,0.0005555506542605424,8.826542605423456e-07,outside_analysis_window,outside_analysis_window,outside_analysis_window,,,,,,,,hann,768,640,128,4096,39999999986.359764,100000000.0,2000000000.0,0.000554668,0.00055545,"first difference and time slope from adjacent refined candidate frames; second difference from three adjacent refined candidate frames; no thresholding, smoothing, interpolation, or ridge modification",D:\Code\Python_Projects\DPS_Studio\data\raw\20260607.csv
pdv_channel_1,0.0005555538542605435,8.858542605434368e-07,outside_analysis_window,outside_analysis_window,outside_analysis_window,,,,,,,,hann,768,640,128,4096,39999999986.359764,100000000.0,2000000000.0,0.000554668,0.00055545,"first difference and time slope from adjacent refined candidate frames; second difference from three adjacent refined candidate frames; no thresholding, smoothing, interpolation, or ridge modification",D:\Code\Python_Projects\DPS_Studio\data\raw\20260607.csv
pdv_channel_1,0.0005555570542605446,8.89054260544528e-07,outside_analysis_window,outside_analysis_window,outside_analysis_window,,,,,,,,hann,768,640,128,4096,39999999986.359764,100000000.0,2000000000.0,0.000554668,0.00055545,"first difference and time slope from adjacent refined candidate frames; second difference from three adjacent refined candidate frames; no thresholding, smoothing, interpolation, or ridge modification",D:\Code\Python_Projects\DPS_Studio\data\raw\20260607.csv
pdv_channel_1,0.0005555602542605456,8.922542605456192e-07,outside_analysis_window,outside_analysis_window,outside_analysis_window,,,,,,,,hann,768,640,128,4096,39999999986.359764,100000000.0,2000000000.0,0.000554668,0.00055545,"first difference and time slope from adjacent refined candidate frames; second difference from three adjacent refined candidate frames; no thresholding, smoothing, interpolation, or ridge modification",D:\Code\Python_Projects\DPS_Studio\data\raw\20260607.csv
pdv_channel_1,0.0005555634542605467,8.954542605467105e-07,outside_analysis_window,outside_analysis_window,outside_analysis_window,,,,,,,,hann,768,640,128,4096,39999999986.359764,100000000.0,2000000000.0,0.000554668,0.00055545,"first difference and time slope from adjacent refined candidate frames; second difference from three adjacent refined candidate frames; no thresholding, smoothing, interpolation, or ridge modification",D:\Code\Python_Projects\DPS_Studio\data\raw\20260607.csv
pdv_channel_1,0.0005555666542605478,8.986542605478017e-07,outside_analysis_window,outside_analysis_window,outside_analysis_window,,,,,,,,hann,768,640,128,4096,39999999986.359764,100000000.0,2000000000.0,0.000554668,0.00055545,"first difference and time slope from adjacent refined candidate frames; second difference from three adjacent refined candidate frames; no thresholding, smoothing, interpolation, or ridge modification",D:\Code\Python_Projects\DPS_Studio\data\raw\20260607.csv
pdv_channel_1,0.0005555698542605489,9.018542605488929e-07,outside_analysis_window,outside_analysis_window,outside_analysis_window,,,,,,,,hann,768,640,128,4096,39999999986.359764,100000000.0,2000000000.0,0.000554668,0.00055545,"first difference and time slope from adjacent refined candidate frames; second difference from three adjacent refined candidate frames; no thresholding, smoothing, interpolation, or ridge modification",D:\Code\Python_Projects\DPS_Studio\data\raw\20260607.csv
pdv_channel_1,0.00055557305426055,9.050542605499841e-07,outside_analysis_window,outside_analysis_window,outside_analysis_window,,,,,,,,hann,768,640,128,4096,39999999986.359764,100000000.0,2000000000.0,0.000554668,0.00055545,"first difference and time slope from adjacent refined candidate frames; second difference from three adjacent refined candidate frames; no thresholding, smoothing, interpolation, or ridge modification",D:\Code\Python_Projects\DPS_Studio\data\raw\20260607.csv
pdv_channel_1,0.0005555762542605511,9.082542605510753e-07,outside_analysis_window,outside_analysis_window,outside_analysis_window,,,,,,,,hann,768,640,128,4096,39999999986.359764,100000000.0,2000000000.0,0.000554668,0.00055545,"first difference and time slope from adjacent refined candidate frames; second difference from three adjacent refined candidate frames; no thresholding, smoothing, interpolation, or ridge modification",D:\Code\Python_Projects\DPS_Studio\data\raw\20260607.csv
pdv_channel_1,0.0005555794542605522,9.114542605521666e-07,outside_analysis_window,outside_analysis_window,outside_analysis_window,,,,,,,,hann,768,640,128,4096,39999999986.359764,100000000.0,2000000000.0,0.000554668,0.00055545,"first difference and time slope from adjacent refined candidate frames; second difference from three adjacent refined candidate frames; no thresholding, smoothing, interpolation, or ridge modification",D:\Code\Python_Projects\DPS_Studio\data\raw\20260607.csv
pdv_channel_1,0.0005555826542605533,9.146542605532578e-07,outside_analysis_window,outside_analysis_window,outside_analysis_window,,,,,,,,hann,768,640,128,4096,39999999986.359764,100000000.0,2000000000.0,0.000554668,0.00055545,"first difference and time slope from adjacent refined candidate frames; second difference from three adjacent refined candidate frames; no thresholding, smoothing, interpolation, or ridge modification",D:\Code\Python_Projects\DPS_Studio\data\raw\20260607.csv
pdv_channel_1,0.0005555858542605544,9.17854260554349e-07,outside_analysis_window,outside_analysis_window,outside_analysis_window,,,,,,,,hann,768,640,128,4096,39999999986.359764,100000000.0,2000000000.0,0.000554668,0.00055545,"first difference and time slope from adjacent refined candidate frames; second difference from three adjacent refined candidate frames; no thresholding, smoothing, interpolation, or ridge modification",D:\Code\Python_Projects\DPS_Studio\data\raw\20260607.csv
pdv_channel_1,0.0005555890542605555,9.210542605554402e-07,outside_analysis_window,outside_analysis_window,outside_analysis_window,,,,,,,,hann,768,640,128,4096,39999999986.359764,100000000.0,2000000000.0,0.000554668,0.00055545,"first difference and time slope from adjacent refined candidate frames; second difference from three adjacent refined candidate frames; no thresholding, smoothing, interpolation, or ridge modification",D:\Code\Python_Projects\DPS_Studio\data\raw\20260607.csv
pdv_channel_1,0.0005555922542605566,9.242542605565314e-07,outside_analysis_window,outside_analysis_window,outside_analysis_window,,,,,,,,hann,768,640,128,4096,39999999986.359764,100000000.0,2000000000.0,0.000554668,0.00055545,"first difference and time slope from adjacent refined candidate frames; second difference from three adjacent refined candidate frames; no thresholding, smoothing, interpolation, or ridge modification",D:\Code\Python_Projects\DPS_Studio\data\raw\20260607.csv
pdv_channel_1,0.0005555954542605576,9.274542605576227e-07,outside_analysis_window,outside_analysis_window,outside_analysis_window,,,,,,,,hann,768,640,128,4096,39999999986.359764,100000000.0,2000000000.0,0.000554668,0.00055545,"first difference and time slope from adjacent refined candidate frames; second difference from three adjacent refined candidate frames; no thresholding, smoothing, interpolation, or ridge modification",D:\Code\Python_Projects\DPS_Studio\data\raw\20260607.csv
pdv_channel_1,0.0005555986542605587,9.306542605587139e-07,outside_analysis_window,outside_analysis_window,outside_analysis_window,,,,,,,,hann,768,640,128,4096,39999999986.359764,100000000.0,2000000000.0,0.000554668,0.00055545,"first difference and time slope from adjacent refined candidate frames; second difference from three adjacent refined candidate frames; no thresholding, smoothing, interpolation, or ridge modification",D:\Code\Python_Projects\DPS_Studio\data\raw\20260607.csv
pdv_channel_1,0.0005556018542605598,9.338542605598051e-07,outside_analysis_window,outside_analysis_window,outside_analysis_window,,,,,,,,hann,768,640,128,4096,39999999986.359764,100000000.0,2000000000.0,0.000554668,0.00055545,"first difference and time slope from adjacent refined candidate frames; second difference from three adjacent refined candidate frames; no thresholding, smoothing, interpolation, or ridge modification",D:\Code\Python_Projects\DPS_Studio\data\raw\20260607.csv
pdv_channel_1,0.0005556050542605609,9.370542605608963e-07,outside_analysis_window,outside_analysis_window,outside_analysis_window,,,,,,,,hann,768,640,128,4096,39999999986.359764,100000000.0,2000000000.0,0.000554668,0.00055545,"first difference and time slope from adjacent refined candidate frames; second difference from three adjacent refined candidate frames; no thresholding, smoothing, interpolation, or ridge modification",D:\Code\Python_Projects\DPS_Studio\data\raw\20260607.csv
pdv_channel_1,0.000555608254260562,9.402542605619875e-07,outside_analysis_window,outside_analysis_window,outside_analysis_window,,,,,,,,hann,768,640,128,4096,39999999986.359764,100000000.0,2000000000.0,0.000554668,0.00055545,"first difference and time slope from adjacent refined candidate frames; second difference from three adjacent refined candidate frames; no thresholding, smoothing, interpolation, or ridge modification",D:\Code\Python_Projects\DPS_Studio\data\raw\20260607.csv
pdv_channel_1,0.0005556114542605631,9.434542605630787e-07,outside_analysis_window,outside_analysis_window,outside_analysis_window,,,,,,,,hann,768,640,128,4096,39999999986.359764,100000000.0,2000000000.0,0.000554668,0.00055545,"first difference and time slope from adjacent refined candidate frames; second difference from three adjacent refined candidate frames; no thresholding, smoothing, interpolation, or ridge modification",D:\Code\Python_Projects\DPS_Studio\data\raw\20260607.csv
pdv_channel_1,0.0005556146542605642,9.4665426056417e-07,outside_analysis_window,outside_analysis_window,outside_analysis_window,,,,,,,,hann,768,640,128,4096,39999999986.359764,100000000.0,2000000000.0,0.000554668,0.00055545,"first difference and time slope from adjacent refined candidate frames; second difference from three adjacent refined candidate frames; no thresholding, smoothing, interpolation, or ridge modification",D:\Code\Python_Projects\DPS_Studio\data\raw\20260607.csv
pdv_channel_1,0.0005556178542605653,9.498542605652612e-07,outside_analysis_window,outside_analysis_window,outside_analysis_window,,,,,,,,hann,768,640,128,4096,39999999986.359764,100000000.0,2000000000.0,0.000554668,0.00055545,"first difference and time slope from adjacent refined candidate frames; second difference from three adjacent refined candidate frames; no thresholding, smoothing, interpolation, or ridge modification",D:\Code\Python_Projects\DPS_Studio\data\raw\20260607.csv
pdv_channel_1,0.0005556210542605664,9.530542605663524e-07,outside_analysis_window,outside_analysis_window,outside_analysis_window,,,,,,,,hann,768,640,128,4096,39999999986.359764,100000000.0,2000000000.0,0.000554668,0.00055545,"first difference and time slope from adjacent refined candidate frames; second difference from three adjacent refined candidate frames; no thresholding, smoothing, interpolation, or ridge modification",D:\Code\Python_Projects\DPS_Studio\data\raw\20260607.csv
pdv_channel_1,0.0005556242542605675,9.562542605674436e-07,outside_analysis_window,outside_analysis_window,outside_analysis_window,,,,,,,,hann,768,640,128,4096,39999999986.359764,100000000.0,2000000000.0,0.000554668,0.00055545,"first difference and time slope from adjacent refined candidate frames; second difference from three adjacent refined candidate frames; no thresholding, smoothing, interpolation, or ridge modification",D:\Code\Python_Projects\DPS_Studio\data\raw\20260607.csv
pdv_channel_1,0.0005556274542605686,9.594542605685348e-07,outside_analysis_window,outside_analysis_window,outside_analysis_window,,,,,,,,hann,768,640,128,4096,39999999986.359764,100000000.0,2000000000.0,0.000554668,0.00055545,"first difference and time slope from adjacent refined candidate frames; second difference from three adjacent refined candidate frames; no thresholding, smoothing, interpolation, or ridge modification",D:\Code\Python_Projects\DPS_Studio\data\raw\20260607.csv
pdv_channel_1,0.0005556306542605696,9.62654260569626e-07,outside_analysis_window,outside_analysis_window,outside_analysis_window,,,,,,,,hann,768,640,128,4096,39999999986.359764,100000000.0,2000000000.0,0.000554668,0.00055545,"first difference and time slope from adjacent refined candidate frames; second difference from three adjacent refined candidate frames; no thresholding, smoothing, interpolation, or ridge modification",D:\Code\Python_Projects\DPS_Studio\data\raw\20260607.csv
pdv_channel_1,0.0005556338542605707,9.658542605707173e-07,outside_analysis_window,outside_analysis_window,outside_analysis_window,,,,,,,,hann,768,640,128,4096,39999999986.359764,100000000.0,2000000000.0,0.000554668,0.00055545,"first difference and time slope from adjacent refined candidate frames; second difference from three adjacent refined candidate frames; no thresholding, smoothing, interpolation, or ridge modification",D:\Code\Python_Projects\DPS_Studio\data\raw\20260607.csv
pdv_channel_1,0.0005556370542605718,9.690542605718085e-07,outside_analysis_window,outside_analysis_window,outside_analysis_window,,,,,,,,hann,768,640,128,4096,39999999986.359764,100000000.0,2000000000.0,0.000554668,0.00055545,"first difference and time slope from adjacent refined candidate frames; second difference from three adjacent refined candidate frames; no thresholding, smoothing, interpolation, or ridge modification",D:\Code\Python_Projects\DPS_Studio\data\raw\20260607.csv
pdv_channel_1,0.0005556402542605729,9.722542605728997e-07,outside_analysis_window,outside_analysis_window,outside_analysis_window,,,,,,,,hann,768,640,128,4096,39999999986.359764,100000000.0,2000000000.0,0.000554668,0.00055545,"first difference and time slope from adjacent refined candidate frames; second difference from three adjacent refined candidate frames; no thresholding, smoothing, interpolation, or ridge modification",D:\Code\Python_Projects\DPS_Studio\data\raw\20260607.csv
pdv_channel_1,0.000555643454260574,9.75454260573991e-07,outside_analysis_window,outside_analysis_window,outside_analysis_window,,,,,,,,hann,768,640,128,4096,39999999986.359764,100000000.0,2000000000.0,0.000554668,0.00055545,"first difference and time slope from adjacent refined candidate frames; second difference from three adjacent refined candidate frames; no thresholding, smoothing, interpolation, or ridge modification",D:\Code\Python_Projects\DPS_Studio\data\raw\20260607.csv
pdv_channel_1,0.0005556466542605751,9.786542605750822e-07,outside_analysis_window,outside_analysis_window,outside_analysis_window,,,,,,,,hann,768,640,128,4096,39999999986.359764,100000000.0,2000000000.0,0.000554668,0.00055545,"first difference and time slope from adjacent refined candidate frames; second difference from three adjacent refined candidate frames; no thresholding, smoothing, interpolation, or ridge modification",D:\Code\Python_Projects\DPS_Studio\data\raw\20260607.csv
pdv_channel_1,0.0005556498542605762,9.818542605761734e-07,outside_analysis_window,outside_analysis_window,outside_analysis_window,,,,,,,,hann,768,640,128,4096,39999999986.359764,100000000.0,2000000000.0,0.000554668,0.00055545,"first difference and time slope from adjacent refined candidate frames; second difference from three adjacent refined candidate frames; no thresholding, smoothing, interpolation, or ridge modification",D:\Code\Python_Projects\DPS_Studio\data\raw\20260607.csv
pdv_channel_1,0.0005556530542605773,9.850542605772646e-07,outside_analysis_window,outside_analysis_window,outside_analysis_window,,,,,,,,hann,768,640,128,4096,39999999986.359764,100000000.0,2000000000.0,0.000554668,0.00055545,"first difference and time slope from adjacent refined candidate frames; second difference from three adjacent refined candidate frames; no thresholding, smoothing, interpolation, or ridge modification",D:\Code\Python_Projects\DPS_Studio\data\raw\20260607.csv
pdv_channel_1,0.0005556562542605784,9.882542605783558e-07,outside_analysis_window,outside_analysis_window,outside_analysis_window,,,,,,,,hann,768,640,128,4096,39999999986.359764,100000000.0,2000000000.0,0.000554668,0.00055545,"first difference and time slope from adjacent refined candidate frames; second difference from three adjacent refined candidate frames; no thresholding, smoothing, interpolation, or ridge modification",D:\Code\Python_Projects\DPS_Studio\data\raw\20260607.csv
pdv_channel_1,0.0005556594542605795,9.91454260579447e-07,outside_analysis_window,outside_analysis_window,outside_analysis_window,,,,,,,,hann,768,640,128,4096,39999999986.359764,100000000.0,2000000000.0,0.000554668,0.00055545,"first difference and time slope from adjacent refined candidate frames; second difference from three adjacent refined candidate frames; no thresholding, smoothing, interpolation, or ridge modification",D:\Code\Python_Projects\DPS_Studio\data\raw\20260607.csv
pdv_channel_1,0.0005556626542605806,9.946542605805382e-07,outside_analysis_window,outside_analysis_window,outside_analysis_window,,,,,,,,hann,768,640,128,4096,39999999986.359764,100000000.0,2000000000.0,0.000554668,0.00055545,"first difference and time slope from adjacent refined candidate frames; second difference from three adjacent refined candidate frames; no thresholding, smoothing, interpolation, or ridge modification",D:\Code\Python_Projects\DPS_Studio\data\raw\20260607.csv
pdv_channel_1,0.0005556658542605817,9.978542605816295e-07,outside_analysis_window,outside_analysis_window,outside_analysis_window,,,,,,,,hann,768,640,128,4096,39999999986.359764,100000000.0,2000000000.0,0.000554668,0.00055545,"first difference and time slope from adjacent refined candidate frames; second difference from three adjacent refined candidate frames; no thresholding, smoothing, interpolation, or ridge modification",D:\Code\Python_Projects\DPS_Studio\data\raw\20260607.csv
pdv_channel_1,0.0005556690542605827,1.0010542605827207e-06,outside_analysis_window,outside_analysis_window,outside_analysis_window,,,,,,,,hann,768,640,128,4096,39999999986.359764,100000000.0,2000000000.0,0.000554668,0.00055545,"first difference and time slope from adjacent refined candidate frames; second difference from three adjacent refined candidate frames; no thresholding, smoothing, interpolation, or ridge modification",D:\Code\Python_Projects\DPS_Studio\data\raw\20260607.csv
pdv_channel_1,0.0005556722542605838,1.004254260583812e-06,outside_analysis_window,outside_analysis_window,outside_analysis_window,,,,,,,,hann,768,640,128,4096,39999999986.359764,100000000.0,2000000000.0,0.000554668,0.00055545,"first difference and time slope from adjacent refined candidate frames; second difference from three adjacent refined candidate frames; no thresholding, smoothing, interpolation, or ridge modification",D:\Code\Python_Projects\DPS_Studio\data\raw\20260607.csv
pdv_channel_1,0.0005556754542605849,1.0074542605849031e-06,outside_analysis_window,outside_analysis_window,outside_analysis_window,,,,,,,,hann,768,640,128,4096,39999999986.359764,100000000.0,2000000000.0,0.000554668,0.00055545,"first difference and time slope from adjacent refined candidate frames; second difference from three adjacent refined candidate frames; no thresholding, smoothing, interpolation, or ridge modification",D:\Code\Python_Projects\DPS_Studio\data\raw\20260607.csv
pdv_channel_1,0.000555678654260586,1.0106542605859943e-06,outside_analysis_window,outside_analysis_window,outside_analysis_window,,,,,,,,hann,768,640,128,4096,39999999986.359764,100000000.0,2000000000.0,0.000554668,0.00055545,"first difference and time slope from adjacent refined candidate frames; second difference from three adjacent refined candidate frames; no thresholding, smoothing, interpolation, or ridge modification",D:\Code\Python_Projects\DPS_Studio\data\raw\20260607.csv
pdv_channel_1,0.0005556818542605871,1.0138542605870856e-06,outside_analysis_window,outside_analysis_window,outside_analysis_window,,,,,,,,hann,768,640,128,4096,39999999986.359764,100000000.0,2000000000.0,0.000554668,0.00055545,"first difference and time slope from adjacent refined candidate frames; second difference from three adjacent refined candidate frames; no thresholding, smoothing, interpolation, or ridge modification",D:\Code\Python_Projects\DPS_Studio\data\raw\20260607.csv
pdv_channel_1,0.0005556850542605882,1.0170542605881768e-06,outside_analysis_window,outside_analysis_window,outside_analysis_window,,,,,,,,hann,768,640,128,4096,39999999986.359764,100000000.0,2000000000.0,0.000554668,0.00055545,"first difference and time slope from adjacent refined candidate frames; second difference from three adjacent refined candidate frames; no thresholding, smoothing, interpolation, or ridge modification",D:\Code\Python_Projects\DPS_Studio\data\raw\20260607.csv
pdv_channel_1,0.0005556882542605893,1.020254260589268e-06,outside_analysis_window,outside_analysis_window,outside_analysis_window,,,,,,,,hann,768,640,128,4096,39999999986.359764,100000000.0,2000000000.0,0.000554668,0.00055545,"first difference and time slope from adjacent refined candidate frames; second difference from three adjacent refined candidate frames; no thresholding, smoothing, interpolation, or ridge modification",D:\Code\Python_Projects\DPS_Studio\data\raw\20260607.csv
pdv_channel_1,0.0005556914542605904,1.0234542605903592e-06,outside_analysis_window,outside_analysis_window,outside_analysis_window,,,,,,,,hann,768,640,128,4096,39999999986.359764,100000000.0,2000000000.0,0.000554668,0.00055545,"first difference and time slope from adjacent refined candidate frames; second difference from three adjacent refined candidate frames; no thresholding, smoothing, interpolation, or ridge modification",D:\Code\Python_Projects\DPS_Studio\data\raw\20260607.csv
pdv_channel_1,0.0005556946542605915,1.0266542605914504e-06,outside_analysis_window,outside_analysis_window,outside_analysis_window,,,,,,,,hann,768,640,128,4096,39999999986.359764,100000000.0,2000000000.0,0.000554668,0.00055545,"first difference and time slope from adjacent refined candidate frames; second difference from three adjacent refined candidate frames; no thresholding, smoothing, interpolation, or ridge modification",D:\Code\Python_Projects\DPS_Studio\data\raw\20260607.csv
pdv_channel_1,0.0005556978542605926,1.0298542605925417e-06,outside_analysis_window,outside_analysis_window,outside_analysis_window,,,,,,,,hann,768,640,128,4096,39999999986.359764,100000000.0,2000000000.0,0.000554668,0.00055545,"first difference and time slope from adjacent refined candidate frames; second difference from three adjacent refined candidate frames; no thresholding, smoothing, interpolation, or ridge modification",D:\Code\Python_Projects\DPS_Studio\data\raw\20260607.csv
pdv_channel_1,0.0005557010542605937,1.0330542605936329e-06,outside_analysis_window,outside_analysis_window,outside_analysis_window,,,,,,,,hann,768,640,128,4096,39999999986.359764,100000000.0,2000000000.0,0.000554668,0.00055545,"first difference and time slope from adjacent refined candidate frames; second difference from three adjacent refined candidate frames; no thresholding, smoothing, interpolation, or ridge modification",D:\Code\Python_Projects\DPS_Studio\data\raw\20260607.csv
pdv_channel_1,0.0005557042542605947,1.036254260594724e-06,outside_analysis_window,outside_analysis_window,outside_analysis_window,,,,,,,,hann,768,640,128,4096,39999999986.359764,100000000.0,2000000000.0,0.000554668,0.00055545,"first difference and time slope from adjacent refined candidate frames; second difference from three adjacent refined candidate frames; no thresholding, smoothing, interpolation, or ridge modification",D:\Code\Python_Projects\DPS_Studio\data\raw\20260607.csv
pdv_channel_1,0.0005557074542605958,1.0394542605958153e-06,outside_analysis_window,outside_analysis_window,outside_analysis_window,,,,,,,,hann,768,640,128,4096,39999999986.359764,100000000.0,2000000000.0,0.000554668,0.00055545,"first difference and time slope from adjacent refined candidate frames; second difference from three adjacent refined candidate frames; no thresholding, smoothing, interpolation, or ridge modification",D:\Code\Python_Projects\DPS_Studio\data\raw\20260607.csv
pdv_channel_1,0.0005557106542605969,1.0426542605969065e-06,outside_analysis_window,outside_analysis_window,outside_analysis_window,,,,,,,,hann,768,640,128,4096,39999999986.359764,100000000.0,2000000000.0,0.000554668,0.00055545,"first difference and time slope from adjacent refined candidate frames; second difference from three adjacent refined candidate frames; no thresholding, smoothing, interpolation, or ridge modification",D:\Code\Python_Projects\DPS_Studio\data\raw\20260607.csv
pdv_channel_1,0.000555713854260598,1.0458542605979977e-06,outside_analysis_window,outside_analysis_window,outside_analysis_window,,,,,,,,hann,768,640,128,4096,39999999986.359764,100000000.0,2000000000.0,0.000554668,0.00055545,"first difference and time slope from adjacent refined candidate frames; second difference from three adjacent refined candidate frames; no thresholding, smoothing, interpolation, or ridge modification",D:\Code\Python_Projects\DPS_Studio\data\raw\20260607.csv
pdv_channel_1,0.0005557170542605991,1.049054260599089e-06,outside_analysis_window,outside_analysis_window,outside_analysis_window,,,,,,,,hann,768,640,128,4096,39999999986.359764,100000000.0,2000000000.0,0.000554668,0.00055545,"first difference and time slope from adjacent refined candidate frames; second difference from three adjacent refined candidate frames; no thresholding, smoothing, interpolation, or ridge modification",D:\Code\Python_Projects\DPS_Studio\data\raw\20260607.csv
pdv_channel_1,0.0005557202542606002,1.0522542606001802e-06,outside_analysis_window,outside_analysis_window,outside_analysis_window,,,,,,,,hann,768,640,128,4096,39999999986.359764,100000000.0,2000000000.0,0.000554668,0.00055545,"first difference and time slope from adjacent refined candidate frames; second difference from three adjacent refined candidate frames; no thresholding, smoothing, interpolation, or ridge modification",D:\Code\Python_Projects\DPS_Studio\data\raw\20260607.csv
pdv_channel_1,0.0005557234542606013,1.0554542606012714e-06,outside_analysis_window,outside_analysis_window,outside_analysis_window,,,,,,,,hann,768,640,128,4096,39999999986.359764,100000000.0,2000000000.0,0.000554668,0.00055545,"first difference and time slope from adjacent refined candidate frames; second difference from three adjacent refined candidate frames; no thresholding, smoothing, interpolation, or ridge modification",D:\Code\Python_Projects\DPS_Studio\data\raw\20260607.csv
pdv_channel_1,0.0005557266542606024,1.0586542606023626e-06,outside_analysis_window,outside_analysis_window,outside_analysis_window,,,,,,,,hann,768,640,128,4096,39999999986.359764,100000000.0,2000000000.0,0.000554668,0.00055545,"first difference and time slope from adjacent refined candidate frames; second difference from three adjacent refined candidate frames; no thresholding, smoothing, interpolation, or ridge modification",D:\Code\Python_Projects\DPS_Studio\data\raw\20260607.csv
pdv_channel_1,0.0005557298542606035,1.0618542606034538e-06,outside_analysis_window,outside_analysis_window,outside_analysis_window,,,,,,,,hann,768,640,128,4096,39999999986.359764,100000000.0,2000000000.0,0.000554668,0.00055545,"first difference and time slope from adjacent refined candidate frames; second difference from three adjacent refined candidate frames; no thresholding, smoothing, interpolation, or ridge modification",D:\Code\Python_Projects\DPS_Studio\data\raw\20260607.csv
pdv_channel_1,0.0005557330542606046,1.065054260604545e-06,outside_analysis_window,outside_analysis_window,outside_analysis_window,,,,,,,,hann,768,640,128,4096,39999999986.359764,100000000.0,2000000000.0,0.000554668,0.00055545,"first difference and time slope from adjacent refined candidate frames; second difference from three adjacent refined candidate frames; no thresholding, smoothing, interpolation, or ridge modification",D:\Code\Python_Projects\DPS_Studio\data\raw\20260607.csv
pdv_channel_1,0.0005557362542606057,1.0682542606056363e-06,outside_analysis_window,outside_analysis_window,outside_analysis_window,,,,,,,,hann,768,640,128,4096,39999999986.359764,100000000.0,2000000000.0,0.000554668,0.00055545,"first difference and time slope from adjacent refined candidate frames; second difference from three adjacent refined candidate frames; no thresholding, smoothing, interpolation, or ridge modification",D:\Code\Python_Projects\DPS_Studio\data\raw\20260607.csv
pdv_channel_1,0.0005557394542606068,1.0714542606067275e-06,outside_analysis_window,outside_analysis_window,outside_analysis_window,,,,,,,,hann,768,640,128,4096,39999999986.359764,100000000.0,2000000000.0,0.000554668,0.00055545,"first difference and time slope from adjacent refined candidate frames; second difference from three adjacent refined candidate frames; no thresholding, smoothing, interpolation, or ridge modification",D:\Code\Python_Projects\DPS_Studio\data\raw\20260607.csv
pdv_channel_1,0.0005557426542606078,1.0746542606078187e-06,outside_analysis_window,outside_analysis_window,outside_analysis_window,,,,,,,,hann,768,640,128,4096,39999999986.359764,100000000.0,2000000000.0,0.000554668,0.00055545,"first difference and time slope from adjacent refined candidate frames; second difference from three adjacent refined candidate frames; no thresholding, smoothing, interpolation, or ridge modification",D:\Code\Python_Projects\DPS_Studio\data\raw\20260607.csv
pdv_channel_1,0.0005557458542606089,1.07785426060891e-06,outside_analysis_window,outside_analysis_window,outside_analysis_window,,,,,,,,hann,768,640,128,4096,39999999986.359764,100000000.0,2000000000.0,0.000554668,0.00055545,"first difference and time slope from adjacent refined candidate frames; second difference from three adjacent refined candidate frames; no thresholding, smoothing, interpolation, or ridge modification",D:\Code\Python_Projects\DPS_Studio\data\raw\20260607.csv
pdv_channel_1,0.00055574905426061,1.0810542606100012e-06,outside_analysis_window,outside_analysis_window,outside_analysis_window,,,,,,,,hann,768,640,128,4096,39999999986.359764,100000000.0,2000000000.0,0.000554668,0.00055545,"first difference and time slope from adjacent refined candidate frames; second difference from three adjacent refined candidate frames; no thresholding, smoothing, interpolation, or ridge modification",D:\Code\Python_Projects\DPS_Studio\data\raw\20260607.csv
pdv_channel_1,0.0005557522542606111,1.0842542606110924e-06,outside_analysis_window,outside_analysis_window,outside_analysis_window,,,,,,,,hann,768,640,128,4096,39999999986.359764,100000000.0,2000000000.0,0.000554668,0.00055545,"first difference and time slope from adjacent refined candidate frames; second difference from three adjacent refined candidate frames; no thresholding, smoothing, interpolation, or ridge modification",D:\Code\Python_Projects\DPS_Studio\data\raw\20260607.csv
pdv_channel_1,0.0005557554542606122,1.0874542606121836e-06,outside_analysis_window,outside_analysis_window,outside_analysis_window,,,,,,,,hann,768,640,128,4096,39999999986.359764,100000000.0,2000000000.0,0.000554668,0.00055545,"first difference and time slope from adjacent refined candidate frames; second difference from three adjacent refined candidate frames; no thresholding, smoothing, interpolation, or ridge modification",D:\Code\Python_Projects\DPS_Studio\data\raw\20260607.csv
pdv_channel_1,0.0005557586542606133,1.0906542606132748e-06,outside_analysis_window,outside_analysis_window,outside_analysis_window,,,,,,,,hann,768,640,128,4096,39999999986.359764,100000000.0,2000000000.0,0.000554668,0.00055545,"first difference and time slope from adjacent refined candidate frames; second difference from three adjacent refined candidate frames; no thresholding, smoothing, interpolation, or ridge modification",D:\Code\Python_Projects\DPS_Studio\data\raw\20260607.csv
pdv_channel_1,0.0005557618542606144,1.093854260614366e-06,outside_analysis_window,outside_analysis_window,outside_analysis_window,,,,,,,,hann,768,640,128,4096,39999999986.359764,100000000.0,2000000000.0,0.000554668,0.00055545,"first difference and time slope from adjacent refined candidate frames; second difference from three adjacent refined candidate frames; no thresholding, smoothing, interpolation, or ridge modification",D:\Code\Python_Projects\DPS_Studio\data\raw\20260607.csv
pdv_channel_1,0.0005557650542606155,1.0970542606154573e-06,outside_analysis_window,outside_analysis_window,outside_analysis_window,,,,,,,,hann,768,640,128,4096,39999999986.359764,100000000.0,2000000000.0,0.000554668,0.00055545,"first difference and time slope from adjacent refined candidate frames; second difference from three adjacent refined candidate frames; no thresholding, smoothing, interpolation, or ridge modification",D:\Code\Python_Projects\DPS_Studio\data\raw\20260607.csv
pdv_channel_1,0.0005557682542606166,1.1002542606165485e-06,outside_analysis_window,outside_analysis_window,outside_analysis_window,,,,,,,,hann,768,640,128,4096,39999999986.359764,100000000.0,2000000000.0,0.000554668,0.00055545,"first difference and time slope from adjacent refined candidate frames; second difference from three adjacent refined candidate frames; no thresholding, smoothing, interpolation, or ridge modification",D:\Code\Python_Projects\DPS_Studio\data\raw\20260607.csv
pdv_channel_1,0.0005557714542606177,1.1034542606176397e-06,outside_analysis_window,outside_analysis_window,outside_analysis_window,,,,,,,,hann,768,640,128,4096,39999999986.359764,100000000.0,2000000000.0,0.000554668,0.00055545,"first difference and time slope from adjacent refined candidate frames; second difference from three adjacent refined candidate frames; no thresholding, smoothing, interpolation, or ridge modification",D:\Code\Python_Projects\DPS_Studio\data\raw\20260607.csv
pdv_channel_1,0.0005557746542606188,1.106654260618731e-06,outside_analysis_window,outside_analysis_window,outside_analysis_window,,,,,,,,hann,768,640,128,4096,39999999986.359764,100000000.0,2000000000.0,0.000554668,0.00055545,"first difference and time slope from adjacent refined candidate frames; second difference from three adjacent refined candidate frames; no thresholding, smoothing, interpolation, or ridge modification",D:\Code\Python_Projects\DPS_Studio\data\raw\20260607.csv
pdv_channel_1,0.0005557778542606198,1.1098542606198221e-06,outside_analysis_window,outside_analysis_window,outside_analysis_window,,,,,,,,hann,768,640,128,4096,39999999986.359764,100000000.0,2000000000.0,0.000554668,0.00055545,"first difference and time slope from adjacent refined candidate frames; second difference from three adjacent refined candidate frames; no thresholding, smoothing, interpolation, or ridge modification",D:\Code\Python_Projects\DPS_Studio\data\raw\20260607.csv
pdv_channel_1,0.0005557810542606209,1.1130542606209133e-06,outside_analysis_window,outside_analysis_window,outside_analysis_window,,,,,,,,hann,768,640,128,4096,39999999986.359764,100000000.0,2000000000.0,0.000554668,0.00055545,"first difference and time slope from adjacent refined candidate frames; second difference from three adjacent refined candidate frames; no thresholding, smoothing, interpolation, or ridge modification",D:\Code\Python_Projects\DPS_Studio\data\raw\20260607.csv
pdv_channel_1,0.000555784254260622,1.1162542606220046e-06,outside_analysis_window,outside_analysis_window,outside_analysis_window,,,,,,,,hann,768,640,128,4096,39999999986.359764,100000000.0,2000000000.0,0.000554668,0.00055545,"first difference and time slope from adjacent refined candidate frames; second difference from three adjacent refined candidate frames; no thresholding, smoothing, interpolation, or ridge modification",D:\Code\Python_Projects\DPS_Studio\data\raw\20260607.csv
pdv_channel_1,0.0005557874542606231,1.1194542606230958e-06,outside_analysis_window,outside_analysis_window,outside_analysis_window,,,,,,,,hann,768,640,128,4096,39999999986.359764,100000000.0,2000000000.0,0.000554668,0.00055545,"first difference and time slope from adjacent refined candidate frames; second difference from three adjacent refined candidate frames; no thresholding, smoothing, interpolation, or ridge modification",D:\Code\Python_Projects\DPS_Studio\data\raw\20260607.csv
pdv_channel_1,0.0005557906542606242,1.122654260624187e-06,outside_analysis_window,outside_analysis_window,outside_analysis_window,,,,,,,,hann,768,640,128,4096,39999999986.359764,100000000.0,2000000000.0,0.000554668,0.00055545,"first difference and time slope from adjacent refined candidate frames; second difference from three adjacent refined candidate frames; no thresholding, smoothing, interpolation, or ridge modification",D:\Code\Python_Projects\DPS_Studio\data\raw\20260607.csv
pdv_channel_1,0.0005557938542606253,1.1258542606252782e-06,outside_analysis_window,outside_analysis_window,outside_analysis_window,,,,,,,,hann,768,640,128,4096,39999999986.359764,100000000.0,2000000000.0,0.000554668,0.00055545,"first difference and time slope from adjacent refined candidate frames; second difference from three adjacent refined candidate frames; no thresholding, smoothing, interpolation, or ridge modification",D:\Code\Python_Projects\DPS_Studio\data\raw\20260607.csv
pdv_channel_1,0.0005557970542606264,1.1290542606263694e-06,outside_analysis_window,outside_analysis_window,outside_analysis_window,,,,,,,,hann,768,640,128,4096,39999999986.359764,100000000.0,2000000000.0,0.000554668,0.00055545,"first difference and time slope from adjacent refined candidate frames; second difference from three adjacent refined candidate frames; no thresholding, smoothing, interpolation, or ridge modification",D:\Code\Python_Projects\DPS_Studio\data\raw\20260607.csv
pdv_channel_1,0.0005558002542606275,1.1322542606274607e-06,outside_analysis_window,outside_analysis_window,outside_analysis_window,,,,,,,,hann,768,640,128,4096,39999999986.359764,100000000.0,2000000000.0,0.000554668,0.00055545,"first difference and time slope from adjacent refined candidate frames; second difference from three adjacent refined candidate frames; no thresholding, smoothing, interpolation, or ridge modification",D:\Code\Python_Projects\DPS_Studio\data\raw\20260607.csv
pdv_channel_1,0.0005558034542606286,1.1354542606285519e-06,outside_analysis_window,outside_analysis_window,outside_analysis_window,,,,,,,,hann,768,640,128,4096,39999999986.359764,100000000.0,2000000000.0,0.000554668,0.00055545,"first difference and time slope from adjacent refined candidate frames; second difference from three adjacent refined candidate frames; no thresholding, smoothing, interpolation, or ridge modification",D:\Code\Python_Projects\DPS_Studio\data\raw\20260607.csv
pdv_channel_1,0.0005558066542606297,1.138654260629643e-06,outside_analysis_window,outside_analysis_window,outside_analysis_window,,,,,,,,hann,768,640,128,4096,39999999986.359764,100000000.0,2000000000.0,0.000554668,0.00055545,"first difference and time slope from adjacent refined candidate frames; second difference from three adjacent refined candidate frames; no thresholding, smoothing, interpolation, or ridge modification",D:\Code\Python_Projects\DPS_Studio\data\raw\20260607.csv
pdv_channel_1,0.0005558098542606308,1.1418542606307343e-06,outside_analysis_window,outside_analysis_window,outside_analysis_window,,,,,,,,hann,768,640,128,4096,39999999986.359764,100000000.0,2000000000.0,0.000554668,0.00055545,"first difference and time slope from adjacent refined candidate frames; second difference from three adjacent refined candidate frames; no thresholding, smoothing, interpolation, or ridge modification",D:\Code\Python_Projects\DPS_Studio\data\raw\20260607.csv
pdv_channel_1,0.0005558130542606318,1.1450542606318255e-06,outside_analysis_window,outside_analysis_window,outside_analysis_window,,,,,,,,hann,768,640,128,4096,39999999986.359764,100000000.0,2000000000.0,0.000554668,0.00055545,"first difference and time slope from adjacent refined candidate frames; second difference from three adjacent refined candidate frames; no thresholding, smoothing, interpolation, or ridge modification",D:\Code\Python_Projects\DPS_Studio\data\raw\20260607.csv
pdv_channel_1,0.0005558162542606329,1.1482542606329168e-06,outside_analysis_window,outside_analysis_window,outside_analysis_window,,,,,,,,hann,768,640,128,4096,39999999986.359764,100000000.0,2000000000.0,0.000554668,0.00055545,"first difference and time slope from adjacent refined candidate frames; second difference from three adjacent refined candidate frames; no thresholding, smoothing, interpolation, or ridge modification",D:\Code\Python_Projects\DPS_Studio\data\raw\20260607.csv
pdv_channel_1,0.000555819454260634,1.151454260634008e-06,outside_analysis_window,outside_analysis_window,outside_analysis_window,,,,,,,,hann,768,640,128,4096,39999999986.359764,100000000.0,2000000000.0,0.000554668,0.00055545,"first difference and time slope from adjacent refined candidate frames; second difference from three adjacent refined candidate frames; no thresholding, smoothing, interpolation, or ridge modification",D:\Code\Python_Projects\DPS_Studio\data\raw\20260607.csv
pdv_channel_1,0.0005558226542606351,1.1546542606350992e-06,outside_analysis_window,outside_analysis_window,outside_analysis_window,,,,,,,,hann,768,640,128,4096,39999999986.359764,100000000.0,2000000000.0,0.000554668,0.00055545,"first difference and time slope from adjacent refined candidate frames; second difference from three adjacent refined candidate frames; no thresholding, smoothing, interpolation, or ridge modification",D:\Code\Python_Projects\DPS_Studio\data\raw\20260607.csv
pdv_channel_1,0.0005558258542606362,1.1578542606361904e-06,outside_analysis_window,outside_analysis_window,outside_analysis_window,,,,,,,,hann,768,640,128,4096,39999999986.359764,100000000.0,2000000000.0,0.000554668,0.00055545,"first difference and time slope from adjacent refined candidate frames; second difference from three adjacent refined candidate frames; no thresholding, smoothing, interpolation, or ridge modification",D:\Code\Python_Projects\DPS_Studio\data\raw\20260607.csv
pdv_channel_1,0.0005558290542606373,1.1610542606372816e-06,outside_analysis_window,outside_analysis_window,outside_analysis_window,,,,,,,,hann,768,640,128,4096,39999999986.359764,100000000.0,2000000000.0,0.000554668,0.00055545,"first difference and time slope from adjacent refined candidate frames; second difference from three adjacent refined candidate frames; no thresholding, smoothing, interpolation, or ridge modification",D:\Code\Python_Projects\DPS_Studio\data\raw\20260607.csv
pdv_channel_1,0.0005558322542606384,1.1642542606383728e-06,outside_analysis_window,outside_analysis_window,outside_analysis_window,,,,,,,,hann,768,640,128,4096,39999999986.359764,100000000.0,2000000000.0,0.000554668,0.00055545,"first difference and time slope from adjacent refined candidate frames; second difference from three adjacent refined candidate frames; no thresholding, smoothing, interpolation, or ridge modification",D:\Code\Python_Projects\DPS_Studio\data\raw\20260607.csv
pdv_channel_1,0.0005558354542606395,1.167454260639464e-06,outside_analysis_window,outside_analysis_window,outside_analysis_window,,,,,,,,hann,768,640,128,4096,39999999986.359764,100000000.0,2000000000.0,0.000554668,0.00055545,"first difference and time slope from adjacent refined candidate frames; second difference from three adjacent refined candidate frames; no thresholding, smoothing, interpolation, or ridge modification",D:\Code\Python_Projects\DPS_Studio\data\raw\20260607.csv
pdv_channel_1,0.0005558386542606406,1.1706542606405553e-06,outside_analysis_window,outside_analysis_window,outside_analysis_window,,,,,,,,hann,768,640,128,4096,39999999986.359764,100000000.0,2000000000.0,0.000554668,0.00055545,"first difference and time slope from adjacent refined candidate frames; second difference from three adjacent refined candidate frames; no thresholding, smoothing, interpolation, or ridge modification",D:\Code\Python_Projects\DPS_Studio\data\raw\20260607.csv
pdv_channel_1,0.0005558418542606417,1.1738542606416465e-06,outside_analysis_window,outside_analysis_window,outside_analysis_window,,,,,,,,hann,768,640,128,4096,39999999986.359764,100000000.0,2000000000.0,0.000554668,0.00055545,"first difference and time slope from adjacent refined candidate frames; second difference from three adjacent refined candidate frames; no thresholding, smoothing, interpolation, or ridge modification",D:\Code\Python_Projects\DPS_Studio\data\raw\20260607.csv
pdv_channel_1,0.0005558450542606428,1.1770542606427377e-06,outside_analysis_window,outside_analysis_window,outside_analysis_window,,,,,,,,hann,768,640,128,4096,39999999986.359764,100000000.0,2000000000.0,0.000554668,0.00055545,"first difference and time slope from adjacent refined candidate frames; second difference from three adjacent refined candidate frames; no thresholding, smoothing, interpolation, or ridge modification",D:\Code\Python_Projects\DPS_Studio\data\raw\20260607.csv
pdv_channel_1,0.0005558482542606439,1.180254260643829e-06,outside_analysis_window,outside_analysis_window,outside_analysis_window,,,,,,,,hann,768,640,128,4096,39999999986.359764,100000000.0,2000000000.0,0.000554668,0.00055545,"first difference and time slope from adjacent refined candidate frames; second difference from three adjacent refined candidate frames; no thresholding, smoothing, interpolation, or ridge modification",D:\Code\Python_Projects\DPS_Studio\data\raw\20260607.csv
pdv_channel_1,0.0005558514542606449,1.1834542606449202e-06,outside_analysis_window,outside_analysis_window,outside_analysis_window,,,,,,,,hann,768,640,128,4096,39999999986.359764,100000000.0,2000000000.0,0.000554668,0.00055545,"first difference and time slope from adjacent refined candidate frames; second difference from three adjacent refined candidate frames; no thresholding, smoothing, interpolation, or ridge modification",D:\Code\Python_Projects\DPS_Studio\data\raw\20260607.csv
pdv_channel_1,0.000555854654260646,1.1866542606460114e-06,outside_analysis_window,outside_analysis_window,outside_analysis_window,,,,,,,,hann,768,640,128,4096,39999999986.359764,100000000.0,2000000000.0,0.000554668,0.00055545,"first difference and time slope from adjacent refined candidate frames; second difference from three adjacent refined candidate frames; no thresholding, smoothing, interpolation, or ridge modification",D:\Code\Python_Projects\DPS_Studio\data\raw\20260607.csv
pdv_channel_1,0.0005558578542606471,1.1898542606471026e-06,outside_analysis_window,outside_analysis_window,outside_analysis_window,,,,,,,,hann,768,640,128,4096,39999999986.359764,100000000.0,2000000000.0,0.000554668,0.00055545,"first difference and time slope from adjacent refined candidate frames; second difference from three adjacent refined candidate frames; no thresholding, smoothing, interpolation, or ridge modification",D:\Code\Python_Projects\DPS_Studio\data\raw\20260607.csv
pdv_channel_1,0.0005558610542606482,1.1930542606481938e-06,outside_analysis_window,outside_analysis_window,outside_analysis_window,,,,,,,,hann,768,640,128,4096,39999999986.359764,100000000.0,2000000000.0,0.000554668,0.00055545,"first difference and time slope from adjacent refined candidate frames; second difference from three adjacent refined candidate frames; no thresholding, smoothing, interpolation, or ridge modification",D:\Code\Python_Projects\DPS_Studio\data\raw\20260607.csv
pdv_channel_1,0.0005558642542606493,1.196254260649285e-06,outside_analysis_window,outside_analysis_window,outside_analysis_window,,,,,,,,hann,768,640,128,4096,39999999986.359764,100000000.0,2000000000.0,0.000554668,0.00055545,"first difference and time slope from adjacent refined candidate frames; second difference from three adjacent refined candidate frames; no thresholding, smoothing, interpolation, or ridge modification",D:\Code\Python_Projects\DPS_Studio\data\raw\20260607.csv
pdv_channel_1,0.0005558674542606504,1.1994542606503763e-06,outside_analysis_window,outside_analysis_window,outside_analysis_window,,,,,,,,hann,768,640,128,4096,39999999986.359764,100000000.0,2000000000.0,0.000554668,0.00055545,"first difference and time slope from adjacent refined candidate frames; second difference from three adjacent refined candidate frames; no thresholding, smoothing, interpolation, or ridge modification",D:\Code\Python_Projects\DPS_Studio\data\raw\20260607.csv
pdv_channel_1,0.0005558706542606515,1.2026542606514675e-06,outside_analysis_window,outside_analysis_window,outside_analysis_window,,,,,,,,hann,768,640,128,4096,39999999986.359764,100000000.0,2000000000.0,0.000554668,0.00055545,"first difference and time slope from adjacent refined candidate frames; second difference from three adjacent refined candidate frames; no thresholding, smoothing, interpolation, or ridge modification",D:\Code\Python_Projects\DPS_Studio\data\raw\20260607.csv
pdv_channel_1,0.0005558738542606526,1.2058542606525587e-06,outside_analysis_window,outside_analysis_window,outside_analysis_window,,,,,,,,hann,768,640,128,4096,39999999986.359764,100000000.0,2000000000.0,0.000554668,0.00055545,"first difference and time slope from adjacent refined candidate frames; second difference from three adjacent refined candidate frames; no thresholding, smoothing, interpolation, or ridge modification",D:\Code\Python_Projects\DPS_Studio\data\raw\20260607.csv
pdv_channel_1,0.0005558770542606537,1.20905426065365e-06,outside_analysis_window,outside_analysis_window,outside_analysis_window,,,,,,,,hann,768,640,128,4096,39999999986.359764,100000000.0,2000000000.0,0.000554668,0.00055545,"first difference and time slope from adjacent refined candidate frames; second difference from three adjacent refined candidate frames; no thresholding, smoothing, interpolation, or ridge modification",D:\Code\Python_Projects\DPS_Studio\data\raw\20260607.csv
pdv_channel_1,0.0005558802542606548,1.2122542606547411e-06,outside_analysis_window,outside_analysis_window,outside_analysis_window,,,,,,,,hann,768,640,128,4096,39999999986.359764,100000000.0,2000000000.0,0.000554668,0.00055545,"first difference and time slope from adjacent refined candidate frames; second difference from three adjacent refined candidate frames; no thresholding, smoothing, interpolation, or ridge modification",D:\Code\Python_Projects\DPS_Studio\data\raw\20260607.csv
pdv_channel_1,0.0005558834542606559,1.2154542606558323e-06,outside_analysis_window,outside_analysis_window,outside_analysis_window,,,,,,,,hann,768,640,128,4096,39999999986.359764,100000000.0,2000000000.0,0.000554668,0.00055545,"first difference and time slope from adjacent refined candidate frames; second difference from three adjacent refined candidate frames; no thresholding, smoothing, interpolation, or ridge modification",D:\Code\Python_Projects\DPS_Studio\data\raw\20260607.csv
pdv_channel_1,0.000555886654260657,1.2186542606569236e-06,outside_analysis_window,outside_analysis_window,outside_analysis_window,,,,,,,,hann,768,640,128,4096,39999999986.359764,100000000.0,2000000000.0,0.000554668,0.00055545,"first difference and time slope from adjacent refined candidate frames; second difference from three adjacent refined candidate frames; no thresholding, smoothing, interpolation, or ridge modification",D:\Code\Python_Projects\DPS_Studio\data\raw\20260607.csv
pdv_channel_1,0.000555889854260658,1.2218542606580148e-06,outside_analysis_window,outside_analysis_window,outside_analysis_window,,,,,,,,hann,768,640,128,4096,39999999986.359764,100000000.0,2000000000.0,0.000554668,0.00055545,"first difference and time slope from adjacent refined candidate frames; second difference from three adjacent refined candidate frames; no thresholding, smoothing, interpolation, or ridge modification",D:\Code\Python_Projects\DPS_Studio\data\raw\20260607.csv
pdv_channel_1,0.0005558930542606591,1.225054260659106e-06,outside_analysis_window,outside_analysis_window,outside_analysis_window,,,,,,,,hann,768,640,128,4096,39999999986.359764,100000000.0,2000000000.0,0.000554668,0.00055545,"first difference and time slope from adjacent refined candidate frames; second difference from three adjacent refined candidate frames; no thresholding, smoothing, interpolation, or ridge modification",D:\Code\Python_Projects\DPS_Studio\data\raw\20260607.csv
pdv_channel_1,0.0005558962542606602,1.2282542606601972e-06,outside_analysis_window,outside_analysis_window,outside_analysis_window,,,,,,,,hann,768,640,128,4096,39999999986.359764,100000000.0,2000000000.0,0.000554668,0.00055545,"first difference and time slope from adjacent refined candidate frames; second difference from three adjacent refined candidate frames; no thresholding, smoothing, interpolation, or ridge modification",D:\Code\Python_Projects\DPS_Studio\data\raw\20260607.csv
pdv_channel_1,0.0005558994542606613,1.2314542606612884e-06,outside_analysis_window,outside_analysis_window,outside_analysis_window,,,,,,,,hann,768,640,128,4096,39999999986.359764,100000000.0,2000000000.0,0.000554668,0.00055545,"first difference and time slope from adjacent refined candidate frames; second difference from three adjacent refined candidate frames; no thresholding, smoothing, interpolation, or ridge modification",D:\Code\Python_Projects\DPS_Studio\data\raw\20260607.csv
pdv_channel_1,0.0005559026542606624,1.2346542606623797e-06,outside_analysis_window,outside_analysis_window,outside_analysis_window,,,,,,,,hann,768,640,128,4096,39999999986.359764,100000000.0,2000000000.0,0.000554668,0.00055545,"first difference and time slope from adjacent refined candidate frames; second difference from three adjacent refined candidate frames; no thresholding, smoothing, interpolation, or ridge modification",D:\Code\Python_Projects\DPS_Studio\data\raw\20260607.csv
pdv_channel_1,0.0005559058542606635,1.2378542606634709e-06,outside_analysis_window,outside_analysis_window,outside_analysis_window,,,,,,,,hann,768,640,128,4096,39999999986.359764,100000000.0,2000000000.0,0.000554668,0.00055545,"first difference and time slope from adjacent refined candidate frames; second difference from three adjacent refined candidate frames; no thresholding, smoothing, interpolation, or ridge modification",D:\Code\Python_Projects\DPS_Studio\data\raw\20260607.csv
pdv_channel_1,0.0005559090542606646,1.241054260664562e-06,outside_analysis_window,outside_analysis_window,outside_analysis_window,,,,,,,,hann,768,640,128,4096,39999999986.359764,100000000.0,2000000000.0,0.000554668,0.00055545,"first difference and time slope from adjacent refined candidate frames; second difference from three adjacent refined candidate frames; no thresholding, smoothing, interpolation, or ridge modification",D:\Code\Python_Projects\DPS_Studio\data\raw\20260607.csv
pdv_channel_1,0.0005559122542606657,1.2442542606656533e-06,outside_analysis_window,outside_analysis_window,outside_analysis_window,,,,,,,,hann,768,640,128,4096,39999999986.359764,100000000.0,2000000000.0,0.000554668,0.00055545,"first difference and time slope from adjacent refined candidate frames; second difference from three adjacent refined candidate frames; no thresholding, smoothing, interpolation, or ridge modification",D:\Code\Python_Projects\DPS_Studio\data\raw\20260607.csv
pdv_channel_1,0.0005559154542606668,1.2474542606667445e-06,outside_analysis_window,outside_analysis_window,outside_analysis_window,,,,,,,,hann,768,640,128,4096,39999999986.359764,100000000.0,2000000000.0,0.000554668,0.00055545,"first difference and time slope from adjacent refined candidate frames; second difference from three adjacent refined candidate frames; no thresholding, smoothing, interpolation, or ridge modification",D:\Code\Python_Projects\DPS_Studio\data\raw\20260607.csv
pdv_channel_1,0.0005559186542606679,1.2506542606678358e-06,outside_analysis_window,outside_analysis_window,outside_analysis_window,,,,,,,,hann,768,640,128,4096,39999999986.359764,100000000.0,2000000000.0,0.000554668,0.00055545,"first difference and time slope from adjacent refined candidate frames; second difference from three adjacent refined candidate frames; no thresholding, smoothing, interpolation, or ridge modification",D:\Code\Python_Projects\DPS_Studio\data\raw\20260607.csv
pdv_channel_1,0.000555921854260669,1.253854260668927e-06,outside_analysis_window,outside_analysis_window,outside_analysis_window,,,,,,,,hann,768,640,128,4096,39999999986.359764,100000000.0,2000000000.0,0.000554668,0.00055545,"first difference and time slope from adjacent refined candidate frames; second difference from three adjacent refined candidate frames; no thresholding, smoothing, interpolation, or ridge modification",D:\Code\Python_Projects\DPS_Studio\data\raw\20260607.csv
pdv_channel_1,0.00055592505426067,1.2570542606700182e-06,outside_analysis_window,outside_analysis_window,outside_analysis_window,,,,,,,,hann,768,640,128,4096,39999999986.359764,100000000.0,2000000000.0,0.000554668,0.00055545,"first difference and time slope from adjacent refined candidate frames; second difference from three adjacent refined candidate frames; no thresholding, smoothing, interpolation, or ridge modification",D:\Code\Python_Projects\DPS_Studio\data\raw\20260607.csv
pdv_channel_1,0.0005559282542606711,1.2602542606711094e-06,outside_analysis_window,outside_analysis_window,outside_analysis_window,,,,,,,,hann,768,640,128,4096,39999999986.359764,100000000.0,2000000000.0,0.000554668,0.00055545,"first difference and time slope from adjacent refined candidate frames; second difference from three adjacent refined candidate frames; no thresholding, smoothing, interpolation, or ridge modification",D:\Code\Python_Projects\DPS_Studio\data\raw\20260607.csv
pdv_channel_1,0.0005559314542606722,1.2634542606722006e-06,outside_analysis_window,outside_analysis_window,outside_analysis_window,,,,,,,,hann,768,640,128,4096,39999999986.359764,100000000.0,2000000000.0,0.000554668,0.00055545,"first difference and time slope from adjacent refined candidate frames; second difference from three adjacent refined candidate frames; no thresholding, smoothing, interpolation, or ridge modification",D:\Code\Python_Projects\DPS_Studio\data\raw\20260607.csv
pdv_channel_1,0.0005559346542606733,1.2666542606732918e-06,outside_analysis_window,outside_analysis_window,outside_analysis_window,,,,,,,,hann,768,640,128,4096,39999999986.359764,100000000.0,2000000000.0,0.000554668,0.00055545,"first difference and time slope from adjacent refined candidate frames; second difference from three adjacent refined candidate frames; no thresholding, smoothing, interpolation, or ridge modification",D:\Code\Python_Projects\DPS_Studio\data\raw\20260607.csv
pdv_channel_1,0.0005559378542606744,1.269854260674383e-06,outside_analysis_window,outside_analysis_window,outside_analysis_window,,,,,,,,hann,768,640,128,4096,39999999986.359764,100000000.0,2000000000.0,0.000554668,0.00055545,"first difference and time slope from adjacent refined candidate frames; second difference from three adjacent refined candidate frames; no thresholding, smoothing, interpolation, or ridge modification",D:\Code\Python_Projects\DPS_Studio\data\raw\20260607.csv
pdv_channel_1,0.0005559410542606755,1.2730542606754743e-06,outside_analysis_window,outside_analysis_window,outside_analysis_window,,,,,,,,hann,768,640,128,4096,39999999986.359764,100000000.0,2000000000.0,0.000554668,0.00055545,"first difference and time slope from adjacent refined candidate frames; second difference from three adjacent refined candidate frames; no thresholding, smoothing, interpolation, or ridge modification",D:\Code\Python_Projects\DPS_Studio\data\raw\20260607.csv
pdv_channel_1,0.0005559442542606766,1.2762542606765655e-06,outside_analysis_window,outside_analysis_window,outside_analysis_window,,,,,,,,hann,768,640,128,4096,39999999986.359764,100000000.0,2000000000.0,0.000554668,0.00055545,"first difference and time slope from adjacent refined candidate frames; second difference from three adjacent refined candidate frames; no thresholding, smoothing, interpolation, or ridge modification",D:\Code\Python_Projects\DPS_Studio\data\raw\20260607.csv
pdv_channel_1,0.0005559474542606777,1.2794542606776567e-06,outside_analysis_window,outside_analysis_window,outside_analysis_window,,,,,,,,hann,768,640,128,4096,39999999986.359764,100000000.0,2000000000.0,0.000554668,0.00055545,"first difference and time slope from adjacent refined candidate frames; second difference from three adjacent refined candidate frames; no thresholding, smoothing, interpolation, or ridge modification",D:\Code\Python_Projects\DPS_Studio\data\raw\20260607.csv
pdv_channel_1,0.0005559506542606788,1.282654260678748e-06,outside_analysis_window,outside_analysis_window,outside_analysis_window,,,,,,,,hann,768,640,128,4096,39999999986.359764,100000000.0,2000000000.0,0.000554668,0.00055545,"first difference and time slope from adjacent refined candidate frames; second difference from three adjacent refined candidate frames; no thresholding, smoothing, interpolation, or ridge modification",D:\Code\Python_Projects\DPS_Studio\data\raw\20260607.csv
