channel_name,window_name,window_length_samples,overlap_samples,hop_samples,nfft,time_absolute_s,time_relative_s,quality_flag,refinement_status,discrete_frequency_bin_index,discrete_frequency_hz,refined_frequency_hz,frequency_bin_offset,peak_magnitude,discrete_apparent_velocity_m_s,refined_apparent_velocity_m_s,display_velocity_m_s,velocity_origin
pdv_channel_1,hann,768,640,128,4096,0.0005539698542600033,-6.981457399967165e-07,pre_event,pre_event,-1,,,,,,,0.0,assumed_pre_event_zero
pdv_channel_1,hann,768,640,128,4096,0.0005539730542600044,-6.949457399956253e-07,pre_event,pre_event,-1,,,,,,,0.0,assumed_pre_event_zero
pdv_channel_1,hann,768,640,128,4096,0.0005539762542600055,-6.917457399945341e-07,pre_event,pre_event,-1,,,,,,,0.0,assumed_pre_event_zero
pdv_channel_1,hann,768,640,128,4096,0.0005539794542600066,-6.885457399934429e-07,pre_event,pre_event,-1,,,,,,,0.0,assumed_pre_event_zero
pdv_channel_1,hann,768,640,128,4096,0.0005539826542600077,-6.853457399923516e-07,pre_event,pre_event,-1,,,,,,,0.0,assumed_pre_event_zero
pdv_channel_1,hann,768,640,128,4096,0.0005539858542600088,-6.821457399912604e-07,pre_event,pre_event,-1,,,,,,,0.0,assumed_pre_event_zero
pdv_channel_1,hann,768,640,128,4096,0.0005539890542600099,-6.789457399901692e-07,pre_event,pre_event,-1,,,,,,,0.0,assumed_pre_event_zero
pdv_channel_1,hann,768,640,128,4096,0.0005539922542600109,-6.75745739989078e-07,pre_event,pre_event,-1,,,,,,,0.0,assumed_pre_event_zero
pdv_channel_1,hann,768,640,128,4096,0.000553995454260012,-6.725457399879868e-07,pre_event,pre_event,-1,,,,,,,0.0,assumed_pre_event_zero
pdv_channel_1,hann,768,640,128,4096,0.0005539986542600131,-6.693457399868956e-07,pre_event,pre_event,-1,,,,,,,0.0,assumed_pre_event_zero
pdv_channel_1,hann,768,640,128,4096,0.0005540018542600142,-6.661457399858043e-07,pre_event,pre_event,-1,,,,,,,0.0,assumed_pre_event_zero
pdv_channel_1,hann,768,640,128,4096,0.0005540050542600153,-6.629457399847131e-07,pre_event,pre_event,-1,,,,,,,0.0,assumed_pre_event_zero
pdv_channel_1,hann,768,640,128,4096,0.0005540082542600164,-6.597457399836219e-07,pre_event,pre_event,-1,,,,,,,0.0,assumed_pre_event_zero
pdv_channel_1,hann,768,640,128,4096,0.0005540114542600175,-6.565457399825307e-07,pre_event,pre_event,-1,,,,,,,0.0,assumed_pre_event_zero
pdv_channel_1,hann,768,640,128,4096,0.0005540146542600186,-6.533457399814395e-07,pre_event,pre_event,-1,,,,,,,0.0,assumed_pre_event_zero
pdv_channel_1,hann,768,640,128,4096,0.0005540178542600197,-6.501457399803482e-07,pre_event,pre_event,-1,,,,,,,0.0,assumed_pre_event_zero
pdv_channel_1,hann,768,640,128,4096,0.0005540210542600208,-6.46945739979257e-07,pre_event,pre_event,-1,,,,,,,0.0,assumed_pre_event_zero
pdv_channel_1,hann,768,640,128,4096,0.0005540242542600219,-6.437457399781658e-07,pre_event,pre_event,-1,,,,,,,0.0,assumed_pre_event_zero
pdv_channel_1,hann,768,640,128,4096,0.000554027454260023,-6.405457399770746e-07,pre_event,pre_event,-1,,,,,,,0.0,assumed_pre_event_zero
pdv_channel_1,hann,768,640,128,4096,0.000554030654260024,-6.373457399759834e-07,pre_event,pre_event,-1,,,,,,,0.0,assumed_pre_event_zero
pdv_channel_1,hann,768,640,128,4096,0.0005540338542600251,-6.341457399748921e-07,pre_event,pre_event,-1,,,,,,,0.0,assumed_pre_event_zero
pdv_channel_1,hann,768,640,128,4096,0.0005540370542600262,-6.309457399738009e-07,pre_event,pre_event,-1,,,,,,,0.0,assumed_pre_event_zero
pdv_channel_1,hann,768,640,128,4096,0.0005540402542600273,-6.277457399727097e-07,pre_event,pre_event,-1,,,,,,,0.0,assumed_pre_event_zero
pdv_channel_1,hann,768,640,128,4096,0.0005540434542600284,-6.245457399716185e-07,pre_event,pre_event,-1,,,,,,,0.0,assumed_pre_event_zero
pdv_channel_1,hann,768,640,128,4096,0.0005540466542600295,-6.213457399705273e-07,pre_event,pre_event,-1,,,,,,,0.0,assumed_pre_event_zero
pdv_channel_1,hann,768,640,128,4096,0.0005540498542600306,-6.18145739969436e-07,pre_event,pre_event,-1,,,,,,,0.0,assumed_pre_event_zero
pdv_channel_1,hann,768,640,128,4096,0.0005540530542600317,-6.149457399683448e-07,pre_event,pre_event,-1,,,,,,,0.0,assumed_pre_event_zero
pdv_channel_1,hann,768,640,128,4096,0.0005540562542600328,-6.117457399672536e-07,pre_event,pre_event,-1,,,,,,,0.0,assumed_pre_event_zero
pdv_channel_1,hann,768,640,128,4096,0.0005540594542600339,-6.085457399661624e-07,pre_event,pre_event,-1,,,,,,,0.0,assumed_pre_event_zero
pdv_channel_1,hann,768,640,128,4096,0.000554062654260035,-6.053457399650712e-07,pre_event,pre_event,-1,,,,,,,0.0,assumed_pre_event_zero
pdv_channel_1,hann,768,640,128,4096,0.000554065854260036,-6.0214573996398e-07,pre_event,pre_event,-1,,,,,,,0.0,assumed_pre_event_zero
pdv_channel_1,hann,768,640,128,4096,0.0005540690542600371,-5.989457399628887e-07,pre_event,pre_event,-1,,,,,,,0.0,assumed_pre_event_zero
pdv_channel_1,hann,768,640,128,4096,0.0005540722542600382,-5.957457399617975e-07,pre_event,pre_event,-1,,,,,,,0.0,assumed_pre_event_zero
pdv_channel_1,hann,768,640,128,4096,0.0005540754542600393,-5.925457399607063e-07,pre_event,pre_event,-1,,,,,,,0.0,assumed_pre_event_zero
pdv_channel_1,hann,768,640,128,4096,0.0005540786542600404,-5.893457399596151e-07,pre_event,pre_event,-1,,,,,,,0.0,assumed_pre_event_zero
pdv_channel_1,hann,768,640,128,4096,0.0005540818542600415,-5.861457399585239e-07,pre_event,pre_event,-1,,,,,,,0.0,assumed_pre_event_zero
pdv_channel_1,hann,768,640,128,4096,0.0005540850542600426,-5.829457399574326e-07,pre_event,pre_event,-1,,,,,,,0.0,assumed_pre_event_zero
pdv_channel_1,hann,768,640,128,4096,0.0005540882542600437,-5.797457399563414e-07,pre_event,pre_event,-1,,,,,,,0.0,assumed_pre_event_zero
pdv_channel_1,hann,768,640,128,4096,0.0005540914542600448,-5.765457399552502e-07,pre_event,pre_event,-1,,,,,,,0.0,assumed_pre_event_zero
pdv_channel_1,hann,768,640,128,4096,0.0005540946542600459,-5.73345739954159e-07,pre_event,pre_event,-1,,,,,,,0.0,assumed_pre_event_zero
pdv_channel_1,hann,768,640,128,4096,0.000554097854260047,-5.701457399530678e-07,pre_event,pre_event,-1,,,,,,,0.0,assumed_pre_event_zero
pdv_channel_1,hann,768,640,128,4096,0.000554101054260048,-5.669457399519766e-07,pre_event,pre_event,-1,,,,,,,0.0,assumed_pre_event_zero
pdv_channel_1,hann,768,640,128,4096,0.0005541042542600491,-5.637457399508853e-07,pre_event,pre_event,-1,,,,,,,0.0,assumed_pre_event_zero
pdv_channel_1,hann,768,640,128,4096,0.0005541074542600502,-5.605457399497941e-07,pre_event,pre_event,-1,,,,,,,0.0,assumed_pre_event_zero
pdv_channel_1,hann,768,640,128,4096,0.0005541106542600513,-5.573457399487029e-07,pre_event,pre_event,-1,,,,,,,0.0,assumed_pre_event_zero
pdv_channel_1,hann,768,640,128,4096,0.0005541138542600524,-5.541457399476117e-07,pre_event,pre_event,-1,,,,,,,0.0,assumed_pre_event_zero
pdv_channel_1,hann,768,640,128,4096,0.0005541170542600535,-5.509457399465205e-07,pre_event,pre_event,-1,,,,,,,0.0,assumed_pre_event_zero
pdv_channel_1,hann,768,640,128,4096,0.0005541202542600546,-5.477457399454292e-07,pre_event,pre_event,-1,,,,,,,0.0,assumed_pre_event_zero
pdv_channel_1,hann,768,640,128,4096,0.0005541234542600557,-5.44545739944338e-07,pre_event,pre_event,-1,,,,,,,0.0,assumed_pre_event_zero
pdv_channel_1,hann,768,640,128,4096,0.0005541266542600568,-5.413457399432468e-07,pre_event,pre_event,-1,,,,,,,0.0,assumed_pre_event_zero
pdv_channel_1,hann,768,640,128,4096,0.0005541298542600579,-5.381457399421556e-07,pre_event,pre_event,-1,,,,,,,0.0,assumed_pre_event_zero
pdv_channel_1,hann,768,640,128,4096,0.000554133054260059,-5.349457399410644e-07,pre_event,pre_event,-1,,,,,,,0.0,assumed_pre_event_zero
pdv_channel_1,hann,768,640,128,4096,0.00055413625426006,-5.317457399399731e-07,pre_event,pre_event,-1,,,,,,,0.0,assumed_pre_event_zero
pdv_channel_1,hann,768,640,128,4096,0.0005541394542600611,-5.285457399388819e-07,pre_event,pre_event,-1,,,,,,,0.0,assumed_pre_event_zero
pdv_channel_1,hann,768,640,128,4096,0.0005541426542600622,-5.253457399377907e-07,pre_event,pre_event,-1,,,,,,,0.0,assumed_pre_event_zero
pdv_channel_1,hann,768,640,128,4096,0.0005541458542600633,-5.221457399366995e-07,pre_event,pre_event,-1,,,,,,,0.0,assumed_pre_event_zero
pdv_channel_1,hann,768,640,128,4096,0.0005541490542600644,-5.189457399356083e-07,pre_event,pre_event,-1,,,,,,,0.0,assumed_pre_event_zero
pdv_channel_1,hann,768,640,128,4096,0.0005541522542600655,-5.15745739934517e-07,pre_event,pre_event,-1,,,,,,,0.0,assumed_pre_event_zero
pdv_channel_1,hann,768,640,128,4096,0.0005541554542600666,-5.125457399334258e-07,pre_event,pre_event,-1,,,,,,,0.0,assumed_pre_event_zero
pdv_channel_1,hann,768,640,128,4096,0.0005541586542600677,-5.093457399323346e-07,pre_event,pre_event,-1,,,,,,,0.0,assumed_pre_event_zero
pdv_channel_1,hann,768,640,128,4096,0.0005541618542600688,-5.061457399312434e-07,pre_event,pre_event,-1,,,,,,,0.0,assumed_pre_event_zero
pdv_channel_1,hann,768,640,128,4096,0.0005541650542600699,-5.029457399301522e-07,pre_event,pre_event,-1,,,,,,,0.0,assumed_pre_event_zero
pdv_channel_1,hann,768,640,128,4096,0.000554168254260071,-4.99745739929061e-07,pre_event,pre_event,-1,,,,,,,0.0,assumed_pre_event_zero
pdv_channel_1,hann,768,640,128,4096,0.000554171454260072,-4.965457399279697e-07,pre_event,pre_event,-1,,,,,,,0.0,assumed_pre_event_zero
pdv_channel_1,hann,768,640,128,4096,0.0005541746542600731,-4.933457399268785e-07,pre_event,pre_event,-1,,,,,,,0.0,assumed_pre_event_zero
pdv_channel_1,hann,768,640,128,4096,0.0005541778542600742,-4.901457399257873e-07,pre_event,pre_event,-1,,,,,,,0.0,assumed_pre_event_zero
pdv_channel_1,hann,768,640,128,4096,0.0005541810542600753,-4.869457399246961e-07,pre_event,pre_event,-1,,,,,,,0.0,assumed_pre_event_zero
pdv_channel_1,hann,768,640,128,4096,0.0005541842542600764,-4.837457399236049e-07,pre_event,pre_event,-1,,,,,,,0.0,assumed_pre_event_zero
pdv_channel_1,hann,768,640,128,4096,0.0005541874542600775,-4.805457399225136e-07,pre_event,pre_event,-1,,,,,,,0.0,assumed_pre_event_zero
pdv_channel_1,hann,768,640,128,4096,0.0005541906542600786,-4.773457399214224e-07,pre_event,pre_event,-1,,,,,,,0.0,assumed_pre_event_zero
pdv_channel_1,hann,768,640,128,4096,0.0005541938542600797,-4.741457399203312e-07,pre_event,pre_event,-1,,,,,,,0.0,assumed_pre_event_zero
pdv_channel_1,hann,768,640,128,4096,0.0005541970542600808,-4.7094573991924e-07,pre_event,pre_event,-1,,,,,,,0.0,assumed_pre_event_zero
pdv_channel_1,hann,768,640,128,4096,0.0005542002542600819,-4.6774573991814877e-07,pre_event,pre_event,-1,,,,,,,0.0,assumed_pre_event_zero
pdv_channel_1,hann,768,640,128,4096,0.000554203454260083,-4.6454573991705755e-07,pre_event,pre_event,-1,,,,,,,0.0,assumed_pre_event_zero
pdv_channel_1,hann,768,640,128,4096,0.0005542066542600841,-4.6134573991596633e-07,pre_event,pre_event,-1,,,,,,,0.0,assumed_pre_event_zero
pdv_channel_1,hann,768,640,128,4096,0.0005542098542600851,-4.581457399148751e-07,pre_event,pre_event,-1,,,,,,,0.0,assumed_pre_event_zero
pdv_channel_1,hann,768,640,128,4096,0.0005542130542600862,-4.549457399137839e-07,pre_event,pre_event,-1,,,,,,,0.0,assumed_pre_event_zero
pdv_channel_1,hann,768,640,128,4096,0.0005542162542600873,-4.5174573991269267e-07,pre_event,pre_event,-1,,,,,,,0.0,assumed_pre_event_zero
pdv_channel_1,hann,768,640,128,4096,0.0005542194542600884,-4.4854573991160145e-07,pre_event,pre_event,-1,,,,,,,0.0,assumed_pre_event_zero
pdv_channel_1,hann,768,640,128,4096,0.0005542226542600895,-4.4534573991051023e-07,pre_event,pre_event,-1,,,,,,,0.0,assumed_pre_event_zero
pdv_channel_1,hann,768,640,128,4096,0.0005542258542600906,-4.42145739909419e-07,pre_event,pre_event,-1,,,,,,,0.0,assumed_pre_event_zero
pdv_channel_1,hann,768,640,128,4096,0.0005542290542600917,-4.389457399083278e-07,pre_event,pre_event,-1,,,,,,,0.0,assumed_pre_event_zero
pdv_channel_1,hann,768,640,128,4096,0.0005542322542600928,-4.357457399072366e-07,pre_event,pre_event,-1,,,,,,,0.0,assumed_pre_event_zero
pdv_channel_1,hann,768,640,128,4096,0.0005542354542600939,-4.3254573990614536e-07,pre_event,pre_event,-1,,,,,,,0.0,assumed_pre_event_zero
pdv_channel_1,hann,768,640,128,4096,0.000554238654260095,-4.2934573990505414e-07,pre_event,pre_event,-1,,,,,,,0.0,assumed_pre_event_zero
pdv_channel_1,hann,768,640,128,4096,0.0005542418542600961,-4.261457399039629e-07,pre_event,pre_event,-1,,,,,,,0.0,assumed_pre_event_zero
pdv_channel_1,hann,768,640,128,4096,0.0005542450542600972,-4.229457399028717e-07,pre_event,pre_event,-1,,,,,,,0.0,assumed_pre_event_zero
pdv_channel_1,hann,768,640,128,4096,0.0005542482542600982,-4.197457399017805e-07,pre_event,pre_event,-1,,,,,,,0.0,assumed_pre_event_zero
pdv_channel_1,hann,768,640,128,4096,0.0005542514542600993,-4.1654573990068926e-07,pre_event,pre_event,-1,,,,,,,0.0,assumed_pre_event_zero
pdv_channel_1,hann,768,640,128,4096,0.0005542546542601004,-4.1334573989959805e-07,pre_event,pre_event,-1,,,,,,,0.0,assumed_pre_event_zero
pdv_channel_1,hann,768,640,128,4096,0.0005542578542601015,-4.1014573989850683e-07,pre_event,pre_event,-1,,,,,,,0.0,assumed_pre_event_zero
pdv_channel_1,hann,768,640,128,4096,0.0005542610542601026,-4.069457398974156e-07,pre_event,pre_event,-1,,,,,,,0.0,assumed_pre_event_zero
pdv_channel_1,hann,768,640,128,4096,0.0005542642542601037,-4.037457398963244e-07,pre_event,pre_event,-1,,,,,,,0.0,assumed_pre_event_zero
pdv_channel_1,hann,768,640,128,4096,0.0005542674542601048,-4.0054573989523317e-07,pre_event,pre_event,-1,,,,,,,0.0,assumed_pre_event_zero
pdv_channel_1,hann,768,640,128,4096,0.0005542706542601059,-3.9734573989414195e-07,pre_event,pre_event,-1,,,,,,,0.0,assumed_pre_event_zero
pdv_channel_1,hann,768,640,128,4096,0.000554273854260107,-3.9414573989305073e-07,pre_event,pre_event,-1,,,,,,,0.0,assumed_pre_event_zero
pdv_channel_1,hann,768,640,128,4096,0.0005542770542601081,-3.909457398919595e-07,pre_event,pre_event,-1,,,,,,,0.0,assumed_pre_event_zero
pdv_channel_1,hann,768,640,128,4096,0.0005542802542601092,-3.877457398908683e-07,pre_event,pre_event,-1,,,,,,,0.0,assumed_pre_event_zero
pdv_channel_1,hann,768,640,128,4096,0.0005542834542601102,-3.845457398897771e-07,pre_event,pre_event,-1,,,,,,,0.0,assumed_pre_event_zero
pdv_channel_1,hann,768,640,128,4096,0.0005542866542601113,-3.8134573988868586e-07,pre_event,pre_event,-1,,,,,,,0.0,assumed_pre_event_zero
pdv_channel_1,hann,768,640,128,4096,0.0005542898542601124,-3.7814573988759464e-07,pre_event,pre_event,-1,,,,,,,0.0,assumed_pre_event_zero
pdv_channel_1,hann,768,640,128,4096,0.0005542930542601135,-3.749457398865034e-07,pre_event,pre_event,-1,,,,,,,0.0,assumed_pre_event_zero
pdv_channel_1,hann,768,640,128,4096,0.0005542962542601146,-3.717457398854122e-07,pre_event,pre_event,-1,,,,,,,0.0,assumed_pre_event_zero
pdv_channel_1,hann,768,640,128,4096,0.0005542994542601157,-3.68545739884321e-07,pre_event,pre_event,-1,,,,,,,0.0,assumed_pre_event_zero
pdv_channel_1,hann,768,640,128,4096,0.0005543026542601168,-3.6534573988322976e-07,pre_event,pre_event,-1,,,,,,,0.0,assumed_pre_event_zero
pdv_channel_1,hann,768,640,128,4096,0.0005543058542601179,-3.6214573988213854e-07,pre_event,pre_event,-1,,,,,,,0.0,assumed_pre_event_zero
pdv_channel_1,hann,768,640,128,4096,0.000554309054260119,-3.589457398810473e-07,pre_event,pre_event,-1,,,,,,,0.0,assumed_pre_event_zero
pdv_channel_1,hann,768,640,128,4096,0.0005543122542601201,-3.557457398799561e-07,pre_event,pre_event,-1,,,,,,,0.0,assumed_pre_event_zero
pdv_channel_1,hann,768,640,128,4096,0.0005543154542601212,-3.525457398788649e-07,pre_event,pre_event,-1,,,,,,,0.0,assumed_pre_event_zero
pdv_channel_1,hann,768,640,128,4096,0.0005543186542601222,-3.4934573987777367e-07,pre_event,pre_event,-1,,,,,,,0.0,assumed_pre_event_zero
pdv_channel_1,hann,768,640,128,4096,0.0005543218542601233,-3.4614573987668245e-07,pre_event,pre_event,-1,,,,,,,0.0,assumed_pre_event_zero
pdv_channel_1,hann,768,640,128,4096,0.0005543250542601244,-3.4294573987559123e-07,pre_event,pre_event,-1,,,,,,,0.0,assumed_pre_event_zero
pdv_channel_1,hann,768,640,128,4096,0.0005543282542601255,-3.397457398745e-07,pre_event,pre_event,-1,,,,,,,0.0,assumed_pre_event_zero
pdv_channel_1,hann,768,640,128,4096,0.0005543314542601266,-3.365457398734088e-07,pre_event,pre_event,-1,,,,,,,0.0,assumed_pre_event_zero
pdv_channel_1,hann,768,640,128,4096,0.0005543346542601277,-3.333457398723176e-07,pre_event,pre_event,-1,,,,,,,0.0,assumed_pre_event_zero
pdv_channel_1,hann,768,640,128,4096,0.0005543378542601288,-3.3014573987122636e-07,pre_event,pre_event,-1,,,,,,,0.0,assumed_pre_event_zero
pdv_channel_1,hann,768,640,128,4096,0.0005543410542601299,-3.2694573987013514e-07,pre_event,pre_event,-1,,,,,,,0.0,assumed_pre_event_zero
pdv_channel_1,hann,768,640,128,4096,0.000554344254260131,-3.237457398690439e-07,pre_event,pre_event,-1,,,,,,,0.0,assumed_pre_event_zero
pdv_channel_1,hann,768,640,128,4096,0.0005543474542601321,-3.205457398679527e-07,pre_event,pre_event,-1,,,,,,,0.0,assumed_pre_event_zero
pdv_channel_1,hann,768,640,128,4096,0.0005543506542601332,-3.173457398668615e-07,pre_event,pre_event,-1,,,,,,,0.0,assumed_pre_event_zero
pdv_channel_1,hann,768,640,128,4096,0.0005543538542601343,-3.1414573986577026e-07,pre_event,pre_event,-1,,,,,,,0.0,assumed_pre_event_zero
pdv_channel_1,hann,768,640,128,4096,0.0005543570542601353,-3.1094573986467904e-07,pre_event,pre_event,-1,,,,,,,0.0,assumed_pre_event_zero
pdv_channel_1,hann,768,640,128,4096,0.0005543602542601364,-3.077457398635878e-07,pre_event,pre_event,-1,,,,,,,0.0,assumed_pre_event_zero
pdv_channel_1,hann,768,640,128,4096,0.0005543634542601375,-3.045457398624966e-07,pre_event,pre_event,-1,,,,,,,0.0,assumed_pre_event_zero
pdv_channel_1,hann,768,640,128,4096,0.0005543666542601386,-3.013457398614054e-07,pre_event,pre_event,-1,,,,,,,0.0,assumed_pre_event_zero
pdv_channel_1,hann,768,640,128,4096,0.0005543698542601397,-2.9814573986031417e-07,pre_event,pre_event,-1,,,,,,,0.0,assumed_pre_event_zero
pdv_channel_1,hann,768,640,128,4096,0.0005543730542601408,-2.9494573985922295e-07,pre_event,pre_event,-1,,,,,,,0.0,assumed_pre_event_zero
pdv_channel_1,hann,768,640,128,4096,0.0005543762542601419,-2.9174573985813173e-07,pre_event,pre_event,-1,,,,,,,0.0,assumed_pre_event_zero
pdv_channel_1,hann,768,640,128,4096,0.000554379454260143,-2.885457398570405e-07,pre_event,pre_event,-1,,,,,,,0.0,assumed_pre_event_zero
pdv_channel_1,hann,768,640,128,4096,0.0005543826542601441,-2.853457398559493e-07,pre_event,pre_event,-1,,,,,,,0.0,assumed_pre_event_zero
pdv_channel_1,hann,768,640,128,4096,0.0005543858542601452,-2.8214573985485807e-07,pre_event,pre_event,-1,,,,,,,0.0,assumed_pre_event_zero
pdv_channel_1,hann,768,640,128,4096,0.0005543890542601463,-2.7894573985376685e-07,pre_event,pre_event,-1,,,,,,,0.0,assumed_pre_event_zero
pdv_channel_1,hann,768,640,128,4096,0.0005543922542601473,-2.7574573985267564e-07,pre_event,pre_event,-1,,,,,,,0.0,assumed_pre_event_zero
pdv_channel_1,hann,768,640,128,4096,0.0005543954542601484,-2.725457398515844e-07,pre_event,pre_event,-1,,,,,,,0.0,assumed_pre_event_zero
pdv_channel_1,hann,768,640,128,4096,0.0005543986542601495,-2.693457398504932e-07,pre_event,pre_event,-1,,,,,,,0.0,assumed_pre_event_zero
pdv_channel_1,hann,768,640,128,4096,0.0005544018542601506,-2.66145739849402e-07,pre_event,pre_event,-1,,,,,,,0.0,assumed_pre_event_zero
pdv_channel_1,hann,768,640,128,4096,0.0005544050542601517,-2.6294573984831076e-07,pre_event,pre_event,-1,,,,,,,0.0,assumed_pre_event_zero
pdv_channel_1,hann,768,640,128,4096,0.0005544082542601528,-2.5974573984721954e-07,pre_event,pre_event,-1,,,,,,,0.0,assumed_pre_event_zero
pdv_channel_1,hann,768,640,128,4096,0.0005544114542601539,-2.565457398461283e-07,pre_event,pre_event,-1,,,,,,,0.0,assumed_pre_event_zero
pdv_channel_1,hann,768,640,128,4096,0.000554414654260155,-2.533457398450371e-07,pre_event,pre_event,-1,,,,,,,0.0,assumed_pre_event_zero
pdv_channel_1,hann,768,640,128,4096,0.0005544178542601561,-2.501457398439459e-07,pre_event,pre_event,-1,,,,,,,0.0,assumed_pre_event_zero
pdv_channel_1,hann,768,640,128,4096,0.0005544210542601572,-2.4694573984285467e-07,pre_event,pre_event,-1,,,,,,,0.0,assumed_pre_event_zero
pdv_channel_1,hann,768,640,128,4096,0.0005544242542601583,-2.4374573984176345e-07,pre_event,pre_event,-1,,,,,,,0.0,assumed_pre_event_zero
pdv_channel_1,hann,768,640,128,4096,0.0005544274542601594,-2.4054573984067223e-07,pre_event,pre_event,-1,,,,,,,0.0,assumed_pre_event_zero
pdv_channel_1,hann,768,640,128,4096,0.0005544306542601604,-2.37345739839581e-07,pre_event,pre_event,-1,,,,,,,0.0,assumed_pre_event_zero
pdv_channel_1,hann,768,640,128,4096,0.0005544338542601615,-2.341457398384898e-07,pre_event,pre_event,-1,,,,,,,0.0,assumed_pre_event_zero
pdv_channel_1,hann,768,640,128,4096,0.0005544370542601626,-2.3094573983739857e-07,pre_event,pre_event,-1,,,,,,,0.0,assumed_pre_event_zero
pdv_channel_1,hann,768,640,128,4096,0.0005544402542601637,-2.2774573983630735e-07,pre_event,pre_event,-1,,,,,,,0.0,assumed_pre_event_zero
pdv_channel_1,hann,768,640,128,4096,0.0005544434542601648,-2.2454573983521613e-07,pre_event,pre_event,-1,,,,,,,0.0,assumed_pre_event_zero
pdv_channel_1,hann,768,640,128,4096,0.0005544466542601659,-2.2134573983412491e-07,pre_event,pre_event,-1,,,,,,,0.0,assumed_pre_event_zero
pdv_channel_1,hann,768,640,128,4096,0.000554449854260167,-2.181457398330337e-07,pre_event,pre_event,-1,,,,,,,0.0,assumed_pre_event_zero
pdv_channel_1,hann,768,640,128,4096,0.0005544530542601681,-2.1494573983194248e-07,pre_event,pre_event,-1,,,,,,,0.0,assumed_pre_event_zero
pdv_channel_1,hann,768,640,128,4096,0.0005544562542601692,-2.1174573983085126e-07,pre_event,pre_event,-1,,,,,,,0.0,assumed_pre_event_zero
pdv_channel_1,hann,768,640,128,4096,0.0005544594542601703,-2.0854573982976004e-07,pre_event,pre_event,-1,,,,,,,0.0,assumed_pre_event_zero
pdv_channel_1,hann,768,640,128,4096,0.0005544626542601714,-2.0534573982866882e-07,pre_event,pre_event,-1,,,,,,,0.0,assumed_pre_event_zero
pdv_channel_1,hann,768,640,128,4096,0.0005544658542601724,-2.021457398275776e-07,pre_event,pre_event,-1,,,,,,,0.0,assumed_pre_event_zero
pdv_channel_1,hann,768,640,128,4096,0.0005544690542601735,-1.9894573982648638e-07,pre_event,pre_event,-1,,,,,,,0.0,assumed_pre_event_zero
pdv_channel_1,hann,768,640,128,4096,0.0005544722542601746,-1.9574573982539516e-07,pre_event,pre_event,-1,,,,,,,0.0,assumed_pre_event_zero
pdv_channel_1,hann,768,640,128,4096,0.0005544754542601757,-1.9254573982430395e-07,pre_event,pre_event,-1,,,,,,,0.0,assumed_pre_event_zero
pdv_channel_1,hann,768,640,128,4096,0.0005544786542601768,-1.8934573982321273e-07,pre_event,pre_event,-1,,,,,,,0.0,assumed_pre_event_zero
pdv_channel_1,hann,768,640,128,4096,0.0005544818542601779,-1.861457398221215e-07,pre_event,pre_event,-1,,,,,,,0.0,assumed_pre_event_zero
pdv_channel_1,hann,768,640,128,4096,0.000554485054260179,-1.829457398210303e-07,pre_event,pre_event,-1,,,,,,,0.0,assumed_pre_event_zero
pdv_channel_1,hann,768,640,128,4096,0.0005544882542601801,-1.7974573981993907e-07,pre_event,pre_event,-1,,,,,,,0.0,assumed_pre_event_zero
pdv_channel_1,hann,768,640,128,4096,0.0005544914542601812,-1.7654573981884785e-07,pre_event,pre_event,-1,,,,,,,0.0,assumed_pre_event_zero
pdv_channel_1,hann,768,640,128,4096,0.0005544946542601823,-1.7334573981775663e-07,pre_event,pre_event,-1,,,,,,,0.0,assumed_pre_event_zero
pdv_channel_1,hann,768,640,128,4096,0.0005544978542601834,-1.701457398166654e-07,pre_event,pre_event,-1,,,,,,,0.0,assumed_pre_event_zero
pdv_channel_1,hann,768,640,128,4096,0.0005545010542601844,-1.669457398155742e-07,pre_event,pre_event,-1,,,,,,,0.0,assumed_pre_event_zero
pdv_channel_1,hann,768,640,128,4096,0.0005545042542601855,-1.6374573981448298e-07,pre_event,pre_event,-1,,,,,,,0.0,assumed_pre_event_zero
pdv_channel_1,hann,768,640,128,4096,0.0005545074542601866,-1.6054573981339176e-07,pre_event,pre_event,-1,,,,,,,0.0,assumed_pre_event_zero
pdv_channel_1,hann,768,640,128,4096,0.0005545106542601877,-1.5734573981230054e-07,pre_event,pre_event,-1,,,,,,,0.0,assumed_pre_event_zero
pdv_channel_1,hann,768,640,128,4096,0.0005545138542601888,-1.5414573981120932e-07,pre_event,pre_event,-1,,,,,,,0.0,assumed_pre_event_zero
pdv_channel_1,hann,768,640,128,4096,0.0005545170542601899,-1.509457398101181e-07,pre_event,pre_event,-1,,,,,,,0.0,assumed_pre_event_zero
pdv_channel_1,hann,768,640,128,4096,0.000554520254260191,-1.4774573980902688e-07,pre_event,pre_event,-1,,,,,,,0.0,assumed_pre_event_zero
pdv_channel_1,hann,768,640,128,4096,0.0005545234542601921,-1.4454573980793566e-07,pre_event,pre_event,-1,,,,,,,0.0,assumed_pre_event_zero
pdv_channel_1,hann,768,640,128,4096,0.0005545266542601932,-1.4134573980684444e-07,pre_event,pre_event,-1,,,,,,,0.0,assumed_pre_event_zero
pdv_channel_1,hann,768,640,128,4096,0.0005545298542601943,-1.3814573980575322e-07,pre_event,pre_event,-1,,,,,,,0.0,assumed_pre_event_zero
pdv_channel_1,hann,768,640,128,4096,0.0005545330542601954,-1.34945739804662e-07,pre_event,pre_event,-1,,,,,,,0.0,assumed_pre_event_zero
pdv_channel_1,hann,768,640,128,4096,0.0005545362542601965,-1.317457398035708e-07,pre_event,pre_event,-1,,,,,,,0.0,assumed_pre_event_zero
pdv_channel_1,hann,768,640,128,4096,0.0005545394542601975,-1.2854573980247957e-07,pre_event,pre_event,-1,,,,,,,0.0,assumed_pre_event_zero
pdv_channel_1,hann,768,640,128,4096,0.0005545426542601986,-1.2534573980138835e-07,pre_event,pre_event,-1,,,,,,,0.0,assumed_pre_event_zero
pdv_channel_1,hann,768,640,128,4096,0.0005545458542601997,-1.2214573980029713e-07,pre_event,pre_event,-1,,,,,,,0.0,assumed_pre_event_zero
pdv_channel_1,hann,768,640,128,4096,0.0005545490542602008,-1.1894573979920591e-07,pre_event,pre_event,-1,,,,,,,0.0,assumed_pre_event_zero
pdv_channel_1,hann,768,640,128,4096,0.0005545522542602019,-1.1574573979811469e-07,pre_event,pre_event,-1,,,,,,,0.0,assumed_pre_event_zero
pdv_channel_1,hann,768,640,128,4096,0.000554555454260203,-1.1254573979702347e-07,pre_event,pre_event,-1,,,,,,,0.0,assumed_pre_event_zero
pdv_channel_1,hann,768,640,128,4096,0.0005545586542602041,-1.0934573979593225e-07,pre_event,pre_event,-1,,,,,,,0.0,assumed_pre_event_zero
pdv_channel_1,hann,768,640,128,4096,0.0005545618542602052,-1.0614573979484104e-07,pre_event,pre_event,-1,,,,,,,0.0,assumed_pre_event_zero
pdv_channel_1,hann,768,640,128,4096,0.0005545650542602063,-1.0294573979374982e-07,pre_event,pre_event,-1,,,,,,,0.0,assumed_pre_event_zero
pdv_channel_1,hann,768,640,128,4096,0.0005545682542602074,-9.97457397926586e-08,pre_event,pre_event,-1,,,,,,,0.0,assumed_pre_event_zero
pdv_channel_1,hann,768,640,128,4096,0.0005545714542602085,-9.654573979156738e-08,pre_event,pre_event,-1,,,,,,,0.0,assumed_pre_event_zero
pdv_channel_1,hann,768,640,128,4096,0.0005545746542602095,-9.334573979047616e-08,pre_event,pre_event,-1,,,,,,,0.0,assumed_pre_event_zero
pdv_channel_1,hann,768,640,128,4096,0.0005545778542602106,-9.014573978938494e-08,pre_event,pre_event,-1,,,,,,,0.0,assumed_pre_event_zero
pdv_channel_1,hann,768,640,128,4096,0.0005545810542602117,-8.694573978829372e-08,pre_event,pre_event,-1,,,,,,,0.0,assumed_pre_event_zero
pdv_channel_1,hann,768,640,128,4096,0.0005545842542602128,-8.37457397872025e-08,pre_event,pre_event,-1,,,,,,,0.0,assumed_pre_event_zero
pdv_channel_1,hann,768,640,128,4096,0.0005545874542602139,-8.054573978611129e-08,pre_event,pre_event,-1,,,,,,,0.0,assumed_pre_event_zero
pdv_channel_1,hann,768,640,128,4096,0.000554590654260215,-7.734573978502007e-08,pre_event,pre_event,-1,,,,,,,0.0,assumed_pre_event_zero
pdv_channel_1,hann,768,640,128,4096,0.0005545938542602161,-7.414573978392885e-08,pre_event,pre_event,-1,,,,,,,0.0,assumed_pre_event_zero
pdv_channel_1,hann,768,640,128,4096,0.0005545970542602172,-7.094573978283763e-08,pre_event,pre_event,-1,,,,,,,0.0,assumed_pre_event_zero
pdv_channel_1,hann,768,640,128,4096,0.0005546002542602183,-6.774573978174641e-08,pre_event,pre_event,-1,,,,,,,0.0,assumed_pre_event_zero
pdv_channel_1,hann,768,640,128,4096,0.0005546034542602194,-6.454573978065519e-08,pre_event,pre_event,-1,,,,,,,0.0,assumed_pre_event_zero
pdv_channel_1,hann,768,640,128,4096,0.0005546066542602205,-6.134573977956397e-08,pre_event,pre_event,-1,,,,,,,0.0,assumed_pre_event_zero
pdv_channel_1,hann,768,640,128,4096,0.0005546098542602216,-5.8145739778472753e-08,pre_event,pre_event,-1,,,,,,,0.0,assumed_pre_event_zero
pdv_channel_1,hann,768,640,128,4096,0.0005546130542602226,-5.4945739777381535e-08,pre_event,pre_event,-1,,,,,,,0.0,assumed_pre_event_zero
pdv_channel_1,hann,768,640,128,4096,0.0005546162542602237,-5.1745739776290316e-08,pre_event,pre_event,-1,,,,,,,0.0,assumed_pre_event_zero
pdv_channel_1,hann,768,640,128,4096,0.0005546194542602248,-4.85457397751991e-08,pre_event,pre_event,-1,,,,,,,0.0,assumed_pre_event_zero
pdv_channel_1,hann,768,640,128,4096,0.0005546226542602259,-4.534573977410788e-08,pre_event,pre_event,-1,,,,,,,0.0,assumed_pre_event_zero
pdv_channel_1,hann,768,640,128,4096,0.000554625854260227,-4.214573977301666e-08,pre_event,pre_event,-1,,,,,,,0.0,assumed_pre_event_zero
pdv_channel_1,hann,768,640,128,4096,0.0005546290542602281,-3.894573977192544e-08,pre_event,pre_event,-1,,,,,,,0.0,assumed_pre_event_zero
pdv_channel_1,hann,768,640,128,4096,0.0005546322542602292,-3.574573977083422e-08,pre_event,pre_event,-1,,,,,,,0.0,assumed_pre_event_zero
pdv_channel_1,hann,768,640,128,4096,0.0005546354542602303,-3.2545739769743e-08,pre_event,pre_event,-1,,,,,,,0.0,assumed_pre_event_zero
pdv_channel_1,hann,768,640,128,4096,0.0005546386542602314,-2.9345739768651784e-08,pre_event,pre_event,-1,,,,,,,0.0,assumed_pre_event_zero
pdv_channel_1,hann,768,640,128,4096,0.0005546418542602325,-2.6145739767560565e-08,pre_event,pre_event,-1,,,,,,,0.0,assumed_pre_event_zero
pdv_channel_1,hann,768,640,128,4096,0.0005546450542602336,-2.2945739766469346e-08,pre_event,pre_event,-1,,,,,,,0.0,assumed_pre_event_zero
pdv_channel_1,hann,768,640,128,4096,0.0005546482542602346,-1.9745739765378127e-08,pre_event,pre_event,-1,,,,,,,0.0,assumed_pre_event_zero
pdv_channel_1,hann,768,640,128,4096,0.0005546514542602357,-1.654573976428691e-08,pre_event,pre_event,-1,,,,,,,0.0,assumed_pre_event_zero
pdv_channel_1,hann,768,640,128,4096,0.0005546546542602368,-1.334573976319569e-08,pre_event,pre_event,-1,,,,,,,0.0,assumed_pre_event_zero
pdv_channel_1,hann,768,640,128,4096,0.0005546578542602379,-1.014573976210447e-08,pre_event,pre_event,-1,,,,,,,0.0,assumed_pre_event_zero
pdv_channel_1,hann,768,640,128,4096,0.000554661054260239,-6.945739761013252e-09,pre_event,pre_event,-1,,,,,,,0.0,assumed_pre_event_zero
pdv_channel_1,hann,768,640,128,4096,0.0005546642542602401,-3.745739759922033e-09,pre_event,pre_event,-1,,,,,,,0.0,assumed_pre_event_zero
pdv_channel_1,hann,768,640,128,4096,0.0005546674542602412,-5.457397588308141e-10,pre_event,pre_event,-1,,,,,,,0.0,assumed_pre_event_zero
pdv_channel_1,hann,768,640,128,4096,0.0005546706542602423,2.6542602422604047e-09,candidate,refined,71,693359374.7635604,694114488.1782206,0.07732361368757376,0.018099436444237147,537.3535154417593,537.938728338121,537.938728338121,refined_candidate_measurement
pdv_channel_1,hann,768,640,128,4096,0.0005546738542602434,5.854260243351624e-09,candidate,refined,72,703124999.7602302,703206631.6553943,0.008359106067657399,0.02685646012160524,544.9218748141784,544.9851395329306,544.9851395329306,refined_candidate_measurement
pdv_channel_1,hann,768,640,128,4096,0.0005546770542602445,9.054260244442842e-09,candidate,refined,73,712890624.7569001,708211970.0917404,-0.4790942378757334,0.03136838907203983,552.4902341865976,548.8642768210988,548.8642768210988,refined_candidate_measurement
pdv_channel_1,hann,768,640,128,4096,0.0005546802542602456,1.2254260245534061e-08,candidate,refined,73,712890624.7569001,709340242.260327,-0.36355916777305625,0.03267121334674162,552.4902341865976,549.7386877517534,549.7386877517534,refined_candidate_measurement
pdv_channel_1,hann,768,640,128,4096,0.0005546834542602466,1.545426024662528e-08,candidate,refined,73,712890624.7569001,710272116.245977,-0.26813527160995637,0.033363120384898054,552.4902341865976,550.4608900906322,550.4608900906322,refined_candidate_measurement
pdv_channel_1,hann,768,640,128,4096,0.0005546866542602477,1.86542602477165e-08,candidate,refined,73,712890624.7569001,713687626.3313776,0.08161296125433477,0.0339222925025926,552.4902341865976,553.1079104068176,553.1079104068176,refined_candidate_measurement
pdv_channel_1,hann,768,640,128,4096,0.0005546898542602488,2.1854260248807718e-08,candidate,refined,74,722656249.75357,720022376.0064663,-0.2697086717953888,0.03442350200748089,560.0585935590167,558.0173414050114,558.0173414050114,refined_candidate_measurement
pdv_channel_1,hann,768,640,128,4096,0.0005546930542602499,2.5054260249898937e-08,candidate,refined,74,722656249.75357,727332779.2860163,0.4788766242858118,0.03485446155865497,560.0585935590167,563.6829039466627,563.6829039466627,refined_candidate_measurement
pdv_channel_1,hann,768,640,128,4096,0.000554696254260251,2.8254260250990156e-08,candidate,refined,75,732421874.7502398,734076428.2315992,0.16942627654897865,0.035675641700584564,567.6269529314359,568.9092318794894,568.9092318794894,refined_candidate_measurement
pdv_channel_1,hann,768,640,128,4096,0.0005546994542602521,3.1454260252081374e-08,candidate,refined,75,732421874.7502398,736502459.2672336,0.4178518546826511,0.03600041090797581,567.6269529314359,570.7894059321061,570.7894059321061,refined_candidate_measurement
pdv_channel_1,hann,768,640,128,4096,0.0005547026542602532,3.465426025317259e-08,candidate,refined,75,732421874.7502398,735204837.3365192,0.28497536893218794,0.036166293748180096,567.6269529314359,569.7837489358024,569.7837489358024,refined_candidate_measurement
pdv_channel_1,hann,768,640,128,4096,0.0005547058542602543,3.785426025426381e-08,candidate,refined,75,732421874.7502398,733803706.6409029,0.14149958565214574,0.03632750884773022,567.6269529314359,568.6978726466997,568.6978726466997,refined_candidate_measurement
pdv_channel_1,hann,768,640,128,4096,0.0005547090542602554,4.105426025535503e-08,candidate,refined,75,732421874.7502398,734262256.5148808,0.18845509276349454,0.03654432796635261,567.6269529314359,569.0532487990326,569.0532487990326,refined_candidate_measurement
pdv_channel_1,hann,768,640,128,4096,0.0005547122542602565,4.425426025644625e-08,candidate,refined,75,732421874.7502398,736583659.2562573,0.4261667335615162,0.036692664487743144,567.6269529314359,570.8523359235994,570.8523359235994,refined_candidate_measurement
pdv_channel_1,hann,768,640,128,4096,0.0005547154542602576,4.745426025753747e-08,candidate,refined,76,742187499.7469097,739109101.1363542,-0.3152280178283826,0.03694031686651519,575.1953123038551,572.8095533806745,572.8095533806745,refined_candidate_measurement
pdv_channel_1,hann,768,640,128,4096,0.0005547186542602587,5.065426025862869e-08,candidate,refined,76,742187499.7469097,739374495.7379495,-0.2880516106157582,0.03682785051243215,575.1953123038551,573.0152341969108,573.0152341969108,refined_candidate_measurement
pdv_channel_1,hann,768,640,128,4096,0.0005547218542602597,5.3854260259719906e-08,candidate,refined,76,742187499.7469097,737860694.3608377,-0.44306487168486736,0.03643969086120652,575.1953123038551,571.8420381296492,571.8420381296492,refined_candidate_measurement
pdv_channel_1,hann,768,640,128,4096,0.0005547250542602608,5.7054260260811125e-08,candidate,refined,75,732421874.7502398,737287185.46936,0.4982078178077907,0.0362341123659841,567.6269529314359,571.397568738754,571.397568738754,refined_candidate_measurement
pdv_channel_1,hann,768,640,128,4096,0.0005547282542602619,6.025426026190234e-08,candidate,refined,75,732421874.7502398,737101598.6506939,0.47920372756990676,0.03607878554110258,567.6269529314359,571.2537389542878,571.2537389542878,refined_candidate_measurement
pdv_channel_1,hann,768,640,128,4096,0.000554731454260263,6.345426026299356e-08,candidate,refined,75,732421874.7502398,734653716.9208355,0.2285406383469229,0.03572109637867392,567.6269529314359,569.3566306136476,569.3566306136476,refined_candidate_measurement
pdv_channel_1,hann,768,640,128,4096,0.0005547346542602641,6.665426026408478e-08,candidate,refined,75,732421874.7502398,730854731.8262048,-0.16047543547591978,0.03510290918047004,567.6269529314359,566.4124171653087,566.4124171653087,refined_candidate_measurement
pdv_channel_1,hann,768,640,128,4096,0.0005547378542602652,6.9854260265176e-08,candidate,refined,75,732421874.7502398,728072679.8802987,-0.44535755483383627,0.0344295933102347,567.6269529314359,564.2563269072315,564.2563269072315,refined_candidate_measurement
pdv_channel_1,hann,768,640,128,4096,0.0005547410542602663,7.305426026626722e-08,candidate,refined,74,722656249.75357,726108667.3800573,0.3535275650728592,0.0341199760780032,560.0585935590167,562.7342172195445,562.7342172195445,refined_candidate_measurement
pdv_channel_1,hann,768,640,128,4096,0.0005547442542602674,7.625426026735844e-08,candidate,refined,74,722656249.75357,725187387.1813109,0.25918847268905987,0.03396918933049862,560.0585935590167,562.0202250655159,562.0202250655159,refined_candidate_measurement
pdv_channel_1,hann,768,640,128,4096,0.0005547474542602685,7.945426026844966e-08,candidate,refined,74,722656249.75357,726601866.18193,0.4040311224018435,0.033804211940640844,560.0585935590167,563.1164462909957,563.1164462909957,refined_candidate_measurement
pdv_channel_1,hann,768,640,128,4096,0.0005547506542602696,8.265426026954088e-08,candidate,refined,75,732421874.7502398,729183582.1917033,-0.33160115810722135,0.03391753957945066,567.6269529314359,565.11727619857,565.11727619857,refined_candidate_measurement
pdv_channel_1,hann,768,640,128,4096,0.0005547538542602707,8.58542602706321e-08,candidate,refined,75,732421874.7502398,730668505.5055994,-0.17954501071241044,0.03410446921666643,567.6269529314359,566.2680917668395,566.2680917668395,refined_candidate_measurement
pdv_channel_1,hann,768,640,128,4096,0.0005547570542602717,8.905426027172331e-08,candidate,refined,75,732421874.7502398,731077037.641506,-0.13771131998131372,0.03427613991162197,567.6269529314359,566.5847041721671,566.5847041721671,refined_candidate_measurement
pdv_channel_1,hann,768,640,128,4096,0.0005547602542602728,9.225426027281453e-08,candidate,refined,75,732421874.7502398,731462812.0673147,-0.09820801876502563,0.03451843217786642,567.6269529314359,566.8836793521689,566.8836793521689,refined_candidate_measurement
pdv_channel_1,hann,768,640,128,4096,0.0005547634542602739,9.545426027390575e-08,candidate,refined,75,732421874.7502398,731331937.360618,-0.11160958873533254,0.034654990674989845,567.6269529314359,566.7822514544789,566.7822514544789,refined_candidate_measurement
pdv_channel_1,hann,768,640,128,4096,0.000554766654260275,9.865426027499697e-08,candidate,refined,75,732421874.7502398,729463344.7114984,-0.3029534760704371,0.03446309455268006,567.6269529314359,565.3340921514113,565.3340921514113,refined_candidate_measurement
pdv_channel_1,hann,768,640,128,4096,0.0005547698542602761,1.0185426027608819e-07,candidate,refined,74,722656249.75357,725966224.0236942,0.3389413653762973,0.03404768809160787,560.0585935590167,562.623823618363,562.623823618363,refined_candidate_measurement
pdv_channel_1,hann,768,640,128,4096,0.0005547730542602772,1.0505426027717941e-07,candidate,refined,74,722656249.75357,723337155.8463277,0.06972478392216766,0.0338355588075454,560.0585935590167,560.5862957809039,560.5862957809039,refined_candidate_measurement
pdv_channel_1,hann,768,640,128,4096,0.0005547762542602783,1.0825426027827063e-07,candidate,refined,74,722656249.75357,724639548.3527128,0.2030897766214824,0.033840296030817424,560.0585935590167,561.5956499733524,561.5956499733524,refined_candidate_measurement
pdv_channel_1,hann,768,640,128,4096,0.0005547794542602794,1.1145426027936185e-07,candidate,refined,75,732421874.7502398,729000846.9705077,-0.3503132447640232,0.034115195676361766,567.6269529314359,564.9756564021435,564.9756564021435,refined_candidate_measurement
pdv_channel_1,hann,768,640,128,4096,0.0005547826542602805,1.1465426028045306e-07,candidate,refined,75,732421874.7502398,731812060.0205717,-0.06244502833930833,0.034524134401455395,567.6269529314359,567.1543465159431,567.1543465159431,refined_candidate_measurement
pdv_channel_1,hann,768,640,128,4096,0.0005547858542602816,1.1785426028154428e-07,candidate,refined,75,732421874.7502398,730628705.3368585,-0.18362054799286537,0.034397662814835195,567.6269529314359,566.2372466360654,566.2372466360654,refined_candidate_measurement
pdv_channel_1,hann,768,640,128,4096,0.0005547890542602827,1.210542602826355e-07,candidate,refined,75,732421874.7502398,728236460.7660503,-0.4285863921271506,0.0340857361140184,567.6269529314359,564.383257093689,564.383257093689,refined_candidate_measurement
pdv_channel_1,hann,768,640,128,4096,0.0005547922542602837,1.2425426028372672e-07,candidate,refined,75,732421874.7502398,727674317.2989504,-0.48614988317781593,0.03399874385845438,567.6269529314359,563.9475959066866,563.9475959066866,refined_candidate_measurement
pdv_channel_1,hann,768,640,128,4096,0.0005547954542602848,1.2745426028481794e-07,candidate,refined,75,732421874.7502398,728867148.1716443,-0.36400400177230613,0.034132585800701165,567.6269529314359,564.8720398330244,564.8720398330244,refined_candidate_measurement
pdv_channel_1,hann,768,640,128,4096,0.0005547986542602859,1.3065426028590916e-07,candidate,refined,75,732421874.7502398,729360848.0809696,-0.3134491310401659,0.03411615618746989,567.6269529314359,565.2546572627514,565.2546572627514,refined_candidate_measurement
pdv_channel_1,hann,768,640,128,4096,0.000554801854260287,1.3385426028700038e-07,candidate,refined,75,732421874.7502398,728312886.2513032,-0.42076042243460066,0.033863674697775986,567.6269529314359,564.44248684476,564.44248684476,refined_candidate_measurement
pdv_channel_1,hann,768,640,128,4096,0.0005548050542602881,1.370542602880916e-07,candidate,refined,75,732421874.7502398,727686669.676185,-0.48488499974856974,0.033647034903243556,567.6269529314359,563.9571689990433,563.9571689990433,refined_candidate_measurement
pdv_channel_1,hann,768,640,128,4096,0.0005548082542602892,1.4025426028918282e-07,candidate,refined,75,732421874.7502398,728373401.3615035,-0.41456367514797016,0.03363436132936924,567.6269529314359,564.4893860551651,564.4893860551651,refined_candidate_measurement
pdv_channel_1,hann,768,640,128,4096,0.0005548114542602903,1.4345426029027403e-07,candidate,refined,75,732421874.7502398,729173651.4594195,-0.3326180650934289,0.033708731183745906,567.6269529314359,565.1095798810501,565.1095798810501,refined_candidate_measurement
pdv_channel_1,hann,768,640,128,4096,0.0005548146542602914,1.4665426029136525e-07,candidate,refined,75,732421874.7502398,729339373.9520321,-0.3156480818441085,0.033738588542382826,567.6269529314359,565.2380148128249,565.2380148128249,refined_candidate_measurement
pdv_channel_1,hann,768,640,128,4096,0.0005548178542602925,1.4985426029245647e-07,candidate,refined,75,732421874.7502398,729104641.238979,-0.3396847116689433,0.03371011974285929,567.6269529314359,565.0560969602087,565.0560969602087,refined_candidate_measurement
pdv_channel_1,hann,768,640,128,4096,0.0005548210542602936,1.530542602935477e-07,candidate,refined,75,732421874.7502398,728161993.5134534,-0.43621183879569286,0.033556661304906386,567.6269529314359,564.3255449729263,564.3255449729263,refined_candidate_measurement
pdv_channel_1,hann,768,640,128,4096,0.0005548242542602947,1.562542602946389e-07,candidate,refined,74,722656249.75357,726908925.6543121,0.43547401238449424,0.033432003977224865,560.0585935590167,563.3544173820919,563.3544173820919,refined_candidate_measurement
pdv_channel_1,hann,768,640,128,4096,0.0005548274542602958,1.5945426029573013e-07,candidate,refined,74,722656249.75357,726315456.2314501,0.37470274346269866,0.033372515837790585,560.0585935590167,562.8944785793738,562.8944785793738,refined_candidate_measurement
pdv_channel_1,hann,768,640,128,4096,0.0005548306542602968,1.6265426029682135e-07,candidate,refined,74,722656249.75357,725825124.1612011,0.32449273945208496,0.033275350101542145,560.0585935590167,562.5144712249308,562.5144712249308,refined_candidate_measurement
pdv_channel_1,hann,768,640,128,4096,0.0005548338542602979,1.6585426029791257e-07,candidate,refined,74,722656249.75357,724679138.1147529,0.20714376825576972,0.03316175638790505,560.0585935590167,561.6263320389335,561.6263320389335,refined_candidate_measurement
pdv_channel_1,hann,768,640,128,4096,0.000554837054260299,1.6905426029900378e-07,candidate,refined,74,722656249.75357,724364677.1762886,0.17494296814604102,0.03306021751540538,560.0585935590167,561.3826248116237,561.3826248116237,refined_candidate_measurement
pdv_channel_1,hann,768,640,128,4096,0.0005548402542603001,1.72254260300095e-07,candidate,refined,74,722656249.75357,726002857.9256989,0.34269267694285516,0.03294670839662513,560.0585935590167,562.6522148924166,562.6522148924166,refined_candidate_measurement
pdv_channel_1,hann,768,640,128,4096,0.0005548434542603012,1.7545426030118622e-07,candidate,refined,75,732421874.7502398,727690157.9216962,-0.48452780340809853,0.03280672256830754,567.6269529314359,563.9598723893146,563.9598723893146,refined_candidate_measurement
pdv_channel_1,hann,768,640,128,4096,0.0005548466542603023,1.7865426030227744e-07,candidate,refined,75,732421874.7502398,728091602.223218,-0.44341990691825256,0.03268418047335511,567.6269529314359,564.2709917229939,564.2709917229939,refined_candidate_measurement
pdv_channel_1,hann,768,640,128,4096,0.0005548498542603034,1.8185426030336866e-07,candidate,refined,75,732421874.7502398,727613010.884512,-0.49242766001846233,0.03248824451483604,567.6269529314359,563.9000834354968,563.9000834354968,refined_candidate_measurement
pdv_channel_1,hann,768,640,128,4096,0.0005548530542603045,1.8505426030445988e-07,candidate,refined,74,722656249.75357,726663819.342277,0.41037512602354664,0.03247833388981189,560.0585935590167,563.1644599902647,563.1644599902647,refined_candidate_measurement
pdv_channel_1,hann,768,640,128,4096,0.0005548562542603056,1.882542603055511e-07,candidate,refined,74,722656249.75357,726291628.9008256,0.3722628248059219,0.03259489942234067,560.0585935590167,562.8760123981399,562.8760123981399,refined_candidate_measurement
pdv_channel_1,hann,768,640,128,4096,0.0005548594542603067,1.9145426030664232e-07,candidate,refined,74,722656249.75357,727372186.6017171,0.48291193341494426,0.03269759398123582,560.0585935590167,563.7134446163308,563.7134446163308,refined_candidate_measurement
pdv_channel_1,hann,768,640,128,4096,0.0005548626542603078,1.9465426030773354e-07,candidate,refined,75,732421874.7502398,728508166.3064699,-0.40076374477870613,0.03288997195336606,567.6269529314359,564.5938288875142,564.5938288875142,refined_candidate_measurement
pdv_channel_1,hann,768,640,128,4096,0.0005548658542603088,1.9785426030882475e-07,candidate,refined,75,732421874.7502398,728699565.2871482,-0.38116448915055784,0.03294224419025795,567.6269529314359,564.7421630975399,564.7421630975399,refined_candidate_measurement
pdv_channel_1,hann,768,640,128,4096,0.0005548690542603099,2.0105426030991597e-07,candidate,refined,75,732421874.7502398,728229023.1284269,-0.4293480062200567,0.03285980374793735,567.6269529314359,564.3774929245309,564.3774929245309,refined_candidate_measurement
pdv_channel_1,hann,768,640,128,4096,0.000554872254260311,2.042542603110072e-07,candidate,refined,74,722656249.75357,727079632.0273554,0.4529543449900972,0.032773725679470685,560.0585935590167,563.4867148212005,563.4867148212005,refined_candidate_measurement
pdv_channel_1,hann,768,640,128,4096,0.0005548754542603121,2.074542603120984e-07,candidate,refined,74,722656249.75357,725895219.6389341,0.33167051637438766,0.03285116299181151,560.0585935590167,562.5687952201739,562.5687952201739,refined_candidate_measurement
pdv_channel_1,hann,768,640,128,4096,0.0005548786542603132,2.1065426031318963e-07,candidate,refined,74,722656249.75357,726393095.8603327,0.3826530414629972,0.032951412423976645,560.0585935590167,562.9546492917578,562.9546492917578,refined_candidate_measurement
pdv_channel_1,hann,768,640,128,4096,0.0005548818542603143,2.1385426031428085e-07,candidate,refined,75,732421874.7502398,728133805.7497555,-0.4390982657993343,0.03310807573457955,567.6269529314359,564.3036994560605,564.3036994560605,refined_candidate_measurement
pdv_channel_1,hann,768,640,128,4096,0.0005548850542603154,2.1705426031537207e-07,candidate,refined,75,732421874.7502398,729318010.130738,-0.3178357371453718,0.03327934434374315,567.6269529314359,565.2214578513219,565.2214578513219,refined_candidate_measurement
pdv_channel_1,hann,768,640,128,4096,0.0005548882542603165,2.2025426031646329e-07,candidate,refined,75,732421874.7502398,729376691.9397396,-0.3118267199015626,0.033260536186001624,567.6269529314359,565.2669362532981,565.2669362532981,refined_candidate_measurement
pdv_channel_1,hann,768,640,128,4096,0.0005548914542603176,2.234542603175545e-07,candidate,refined,75,732421874.7502398,729244756.2120883,-0.32533693841765404,0.03327614233797483,567.6269529314359,565.1646860643684,565.1646860643684,refined_candidate_measurement
pdv_channel_1,hann,768,640,128,4096,0.0005548946542603187,2.2665426031864572e-07,candidate,refined,75,732421874.7502398,729897322.7586147,-0.25851412403057256,0.033447409101537144,567.6269529314359,565.6704251379264,565.6704251379264,refined_candidate_measurement
pdv_channel_1,hann,768,640,128,4096,0.0005548978542603198,2.2985426031973694e-07,candidate,refined,75,732421874.7502398,730713073.0384994,-0.17498129534190154,0.03363693854041933,567.6269529314359,566.302631604837,566.302631604837,refined_candidate_measurement
pdv_channel_1,hann,768,640,128,4096,0.0005549010542603209,2.3305426032082816e-07,candidate,refined,75,732421874.7502398,730383108.954088,-0.20876961759714827,0.0336842882700393,567.6269529314359,566.0469094394182,566.0469094394182,refined_candidate_measurement
pdv_channel_1,hann,768,640,128,4096,0.0005549042542603219,2.3625426032191938e-07,candidate,refined,75,732421874.7502398,729103975.3348069,-0.3397529002561855,0.033583672079277836,567.6269529314359,565.0555808844754,565.0555808844754,refined_candidate_measurement
pdv_channel_1,hann,768,640,128,4096,0.000554907454260323,2.394542603230106e-07,candidate,refined,75,732421874.7502398,728429012.426335,-0.40886910210728705,0.03354738734724949,567.6269529314359,564.5324846304096,564.5324846304096,refined_candidate_measurement
pdv_channel_1,hann,768,640,128,4096,0.0005549106542603241,2.426542603241018e-07,candidate,refined,75,732421874.7502398,728924793.0939119,-0.35810116173009476,0.033619430464481216,567.6269529314359,564.9167146477818,564.9167146477818,refined_candidate_measurement
pdv_channel_1,hann,768,640,128,4096,0.0005549138542603252,2.4585426032519304e-07,candidate,refined,75,732421874.7502398,729425544.143195,-0.306824254266024,0.03363112978001837,567.6269529314359,565.3047967109761,565.3047967109761,refined_candidate_measurement
pdv_channel_1,hann,768,640,128,4096,0.0005549170542603263,2.4905426032628426e-07,candidate,refined,75,732421874.7502398,729193167.5904654,-0.33061961327364797,0.033534839658458104,567.6269529314359,565.1247048826107,565.1247048826107,refined_candidate_measurement
pdv_channel_1,hann,768,640,128,4096,0.0005549202542603274,2.522542603273755e-07,candidate,refined,75,732421874.7502398,728744241.6877661,-0.3765896257257385,0.03340499265845169,567.6269529314359,564.7767873080187,564.7767873080187,refined_candidate_measurement
pdv_channel_1,hann,768,640,128,4096,0.0005549234542603285,2.554542603284667e-07,candidate,refined,75,732421874.7502398,728339377.5068692,-0.4180477178637111,0.03327706495056999,567.6269529314359,564.4630175678236,564.4630175678236,refined_candidate_measurement
pdv_channel_1,hann,768,640,128,4096,0.0005549266542603296,2.586542603295579e-07,candidate,refined,75,732421874.7502398,727707739.7006313,-0.48272742924452733,0.03312951944978534,567.6269529314359,563.9734982679893,563.9734982679893,refined_candidate_measurement
pdv_channel_1,hann,768,640,128,4096,0.0005549298542603307,2.6185426033064913e-07,candidate,refined,75,732421874.7502398,727555362.1566738,-0.49833088975109374,0.033051522308979044,567.6269529314359,563.8554056714222,563.8554056714222,refined_candidate_measurement
pdv_channel_1,hann,768,640,128,4096,0.0005549330542603318,2.6505426033174035e-07,candidate,refined,75,732421874.7502398,727643223.0906574,-0.48933393010811577,0.03297202432506979,567.6269529314359,563.9234978952594,563.9234978952594,refined_candidate_measurement
pdv_channel_1,hann,768,640,128,4096,0.0005549362542603329,2.6825426033283157e-07,candidate,refined,74,722656249.75357,726904939.364142,0.4350658162709349,0.03286770427070505,560.0585935590167,563.35132800721,563.35132800721,refined_candidate_measurement
pdv_channel_1,hann,768,640,128,4096,0.0005549394542603339,2.714542603339228e-07,candidate,refined,74,722656249.75357,726103093.103869,0.3529567591909796,0.03284046992858592,560.0585935590167,562.7298971554984,562.7298971554984,refined_candidate_measurement
pdv_channel_1,hann,768,640,128,4096,0.000554942654260335,2.74654260335014e-07,candidate,refined,74,722656249.75357,726830961.2593491,0.4274904583375578,0.032919468080960836,560.0585935590167,563.2939949759956,563.2939949759956,refined_candidate_measurement
pdv_channel_1,hann,768,640,128,4096,0.0005549458542603361,2.778542603361052e-07,candidate,refined,75,732421874.7502398,728774346.2461748,-0.37350691894362326,0.033245681065183094,567.6269529314359,564.8001183407855,564.8001183407855,refined_candidate_measurement
pdv_channel_1,hann,768,640,128,4096,0.0005549490542603372,2.8105426033719644e-07,candidate,refined,75,732421874.7502398,730708784.8489873,-0.17542040594807812,0.03361184090571212,567.6269529314359,566.2993082579652,566.2993082579652,refined_candidate_measurement
pdv_channel_1,hann,768,640,128,4096,0.0005549522542603383,2.8425426033828766e-07,candidate,refined,75,732421874.7502398,732055408.9043097,-0.03752610263604384,0.0338142635544776,567.6269529314359,567.3429419008401,567.3429419008401,refined_candidate_measurement
pdv_channel_1,hann,768,640,128,4096,0.0005549554542603394,2.874542603393789e-07,candidate,refined,75,732421874.7502398,732425587.0779033,0.0003801423528663897,0.03388639107168524,567.6269529314359,567.6298299853751,567.6298299853751,refined_candidate_measurement
pdv_channel_1,hann,768,640,128,4096,0.0005549586542603405,2.906542603404701e-07,candidate,refined,75,732421874.7502398,731791366.8616003,-0.0645640078187036,0.033843858507732784,567.6269529314359,567.1383093177402,567.1383093177402,refined_candidate_measurement
pdv_channel_1,hann,768,640,128,4096,0.0005549618542603416,2.938542603415613e-07,candidate,refined,75,732421874.7502398,730591759.2548589,-0.18740382679092124,0.03368803904504252,567.6269529314359,566.2086134225156,566.2086134225156,refined_candidate_measurement
pdv_channel_1,hann,768,640,128,4096,0.0005549650542603427,2.9705426034265254e-07,candidate,refined,75,732421874.7502398,729555075.5653535,-0.2935602366324627,0.033497442723171185,567.6269529314359,565.405183563149,565.405183563149,refined_candidate_measurement
pdv_channel_1,hann,768,640,128,4096,0.0005549682542603438,3.0025426034374376e-07,candidate,refined,75,732421874.7502398,728784447.2144308,-0.37247257979385734,0.033325517488681594,567.6269529314359,564.8079465911838,564.8079465911838,refined_candidate_measurement
pdv_channel_1,hann,768,640,128,4096,0.0005549714542603449,3.03454260344835e-07,candidate,refined,75,732421874.7502398,728085065.1779213,-0.44408930035686006,0.033173455562356645,567.6269529314359,564.265925512889,564.265925512889,refined_candidate_measurement
pdv_channel_1,hann,768,640,128,4096,0.000554974654260346,3.066542603459262e-07,candidate,refined,74,722656249.75357,727371443.0063533,0.48283578924966003,0.033040058081960144,560.0585935590167,563.7128683299238,563.7128683299238,refined_candidate_measurement
pdv_channel_1,hann,768,640,128,4096,0.000554977854260347,3.098542603470174e-07,candidate,refined,74,722656249.75357,727327292.9845414,0.4783148270145861,0.032981326423570434,560.0585935590167,563.6786520630196,563.6786520630196,refined_candidate_measurement
pdv_channel_1,hann,768,640,128,4096,0.0005549810542603481,3.1305426034810863e-07,candidate,refined,75,732421874.7502398,728400126.4750692,-0.4118270235179131,0.03307419757909275,567.6269529314359,564.5100980181786,564.5100980181786,refined_candidate_measurement
pdv_channel_1,hann,768,640,128,4096,0.0005549842542603492,3.1625426034919985e-07,candidate,refined,75,732421874.7502398,729885295.2656032,-0.25974573931536515,0.03328890190020393,567.6269529314359,565.6611038308424,565.6611038308424,refined_candidate_measurement
pdv_channel_1,hann,768,640,128,4096,0.0005549874542603503,3.1945426035029107e-07,candidate,refined,75,732421874.7502398,730611727.186953,-0.1853591105437909,0.03345964972215619,567.6269529314359,566.2240885698885,566.2240885698885,refined_candidate_measurement
pdv_channel_1,hann,768,640,128,4096,0.0005549906542603514,3.226542603513823e-07,candidate,refined,75,732421874.7502398,730771041.9160833,-0.16904528227527074,0.03357813112629701,567.6269529314359,566.3475574849646,566.3475574849646,refined_candidate_measurement
pdv_channel_1,hann,768,640,128,4096,0.0005549938542603525,3.258542603524735e-07,candidate,refined,75,732421874.7502398,731129358.473931,-0.13235366673915874,0.033672276680790376,567.6269529314359,566.6252528172964,566.6252528172964,refined_candidate_measurement
pdv_channel_1,hann,768,640,128,4096,0.0005549970542603536,3.2905426035356473e-07,candidate,refined,75,732421874.7502398,731312212.1956092,-0.11362944563292514,0.03370340771126628,567.6269529314359,566.7669644515971,566.7669644515971,refined_candidate_measurement
pdv_channel_1,hann,768,640,128,4096,0.0005550002542603547,3.3225426035465595e-07,candidate,refined,75,732421874.7502398,730500626.9531509,-0.19673577448900298,0.033611992841874765,567.6269529314359,566.1379858886919,566.1379858886919,refined_candidate_measurement
pdv_channel_1,hann,768,640,128,4096,0.0005550034542603558,3.3545426035574717e-07,candidate,refined,75,732421874.7502398,728894893.391297,-0.3611628912789038,0.033400948172782156,567.6269529314359,564.8935423782551,564.8935423782551,refined_candidate_measurement
pdv_channel_1,hann,768,640,128,4096,0.0005550066542603569,3.386542603568384e-07,candidate,refined,75,732421874.7502398,727703780.954354,-0.4831328048634616,0.03319583306124012,567.6269529314359,563.9704302396244,563.9704302396244,refined_candidate_measurement
pdv_channel_1,hann,768,640,128,4096,0.000555009854260358,3.418542603579296e-07,candidate,refined,75,732421874.7502398,728019441.1787384,-0.4508091978754861,0.03315871309791209,567.6269529314359,564.2150669135223,564.2150669135223,refined_candidate_measurement
pdv_channel_1,hann,768,640,128,4096,0.000555013054260359,3.450542603590208e-07,candidate,refined,75,732421874.7502398,729441966.6374661,-0.30514259085209555,0.033249487277142185,567.6269529314359,565.3175241440362,565.3175241440362,refined_candidate_measurement
pdv_channel_1,hann,768,640,128,4096,0.0005550162542603601,3.4825426036011204e-07,candidate,refined,75,732421874.7502398,730329214.2072985,-0.214288439670263,0.0332296981625007,567.6269529314359,566.0051410106563,566.0051410106563,refined_candidate_measurement
pdv_channel_1,hann,768,640,128,4096,0.0005550194542603612,3.5145426036120326e-07,candidate,refined,75,732421874.7502398,729824543.7624646,-0.26596669323887456,0.03295088104363409,567.6269529314359,565.6140214159101,565.6140214159101,refined_candidate_measurement
pdv_channel_1,hann,768,640,128,4096,0.0005550226542603623,3.546542603622945e-07,candidate,refined,75,732421874.7502398,728433114.3780789,-0.40844906224856264,0.032476165356125436,567.6269529314359,564.5356636430112,564.5356636430112,refined_candidate_measurement
pdv_channel_1,hann,768,640,128,4096,0.0005550258542603634,3.578542603633857e-07,candidate,refined,74,722656249.75357,727009526.915073,0.4457755814899223,0.03207838900219386,560.0585935590167,563.4323833591816,563.4323833591816,refined_candidate_measurement
pdv_channel_1,hann,768,640,128,4096,0.0005550290542603645,3.610542603644769e-07,candidate,refined,74,722656249.75357,726162490.5376241,0.35903905640957856,0.03187640882080623,560.0585935590167,562.7759301666587,562.7759301666587,refined_candidate_measurement
pdv_channel_1,hann,768,640,128,4096,0.0005550322542603656,3.6425426036556813e-07,candidate,refined,74,722656249.75357,726285861.5265394,0.37167224567881413,0.03171135647240601,560.0585935590167,562.871542683068,562.871542683068,refined_candidate_measurement
pdv_channel_1,hann,768,640,128,4096,0.0005550354542603667,3.6745426036665935e-07,candidate,refined,74,722656249.75357,727210623.7360485,0.4663678959648288,0.031552954559741817,560.0585935590167,563.5882333954376,563.5882333954376,refined_candidate_measurement
pdv_channel_1,hann,768,640,128,4096,0.0005550386542603678,3.7065426036775057e-07,candidate,refined,75,732421874.7502398,728461321.3993148,-0.405560663273031,0.03150974949049949,567.6269529314359,564.5575240844689,564.5575240844689,refined_candidate_measurement
pdv_channel_1,hann,768,640,128,4096,0.0005550418542603689,3.738542603688418e-07,candidate,refined,75,732421874.7502398,729607716.3829035,-0.2881698169135082,0.031459139622041214,567.6269529314359,565.4459801967502,565.4459801967502,refined_candidate_measurement
pdv_channel_1,hann,768,640,128,4096,0.00055504505426037,3.77054260369933e-07,candidate,refined,75,732421874.7502398,730203669.5704185,-0.22714421049116076,0.0313209820862957,567.6269529314359,565.9078439170743,565.9078439170743,refined_candidate_measurement
pdv_channel_1,hann,768,640,128,4096,0.000555048254260371,3.8025426037102423e-07,candidate,refined,75,732421874.7502398,729801716.8156214,-0.26830417259642786,0.031091148922584178,567.6269529314359,565.5963305321065,565.5963305321065,refined_candidate_measurement
pdv_channel_1,hann,768,640,128,4096,0.0005550514542603721,3.8345426037211545e-07,candidate,refined,75,732421874.7502398,728022201.6538061,-0.450526525228451,0.030731838196613247,567.6269529314359,564.2172062816998,564.2172062816998,refined_candidate_measurement
pdv_channel_1,hann,768,640,128,4096,0.0005550546542603732,3.8665426037320667e-07,candidate,refined,74,722656249.75357,725823170.5000687,0.3242926845520551,0.030536849328782534,560.0585935590167,562.5129571375533,562.5129571375533,refined_candidate_measurement
pdv_channel_1,hann,768,640,128,4096,0.0005550578542603743,3.898542603742979e-07,candidate,refined,74,722656249.75357,724916376.2249697,0.23143695075026313,0.030377607517060614,560.0585935590167,561.8101915743515,561.8101915743515,refined_candidate_measurement
pdv_channel_1,hann,768,640,128,4096,0.0005550610542603754,3.930542603753891e-07,candidate,refined,74,722656249.75357,725693200.5076598,0.31098375732484257,0.030269165090155942,560.0585935590167,562.4122303934363,562.4122303934363,refined_candidate_measurement
pdv_channel_1,hann,768,640,128,4096,0.0005550642542603765,3.962542603764803e-07,candidate,refined,74,722656249.75357,727003113.7249703,0.4451188708231851,0.030230458145888657,560.0585935590167,563.427413136852,563.427413136852,refined_candidate_measurement
pdv_channel_1,hann,768,640,128,4096,0.0005550674542603776,3.9945426037757154e-07,candidate,refined,75,732421874.7502398,728073127.7909552,-0.4453116887826029,0.030305667269149936,567.6269529314359,564.2566740379903,564.2566740379903,refined_candidate_measurement
pdv_channel_1,hann,768,640,128,4096,0.0005550706542603787,4.0265426037866276e-07,candidate,refined,75,732421874.7502398,728654042.5050418,-0.3858260220398496,0.030418800652302343,567.6269529314359,564.7068829414075,564.7068829414075,refined_candidate_measurement
pdv_channel_1,hann,768,640,128,4096,0.0005550738542603798,4.05854260379754e-07,candidate,refined,75,732421874.7502398,728643780.6611217,-0.3868768348576183,0.030456578766020426,567.6269529314359,564.6989300123694,564.6989300123694,refined_candidate_measurement
pdv_channel_1,hann,768,640,128,4096,0.0005550770542603809,4.090542603808452e-07,candidate,refined,75,732421874.7502398,728212241.7884954,-0.4310664154296226,0.03041176004541769,567.6269529314359,564.364487386084,564.364487386084,refined_candidate_measurement
pdv_channel_1,hann,768,640,128,4096,0.000555080254260382,4.122542603819364e-07,candidate,refined,75,732421874.7502398,727861686.4098634,-0.4669632862137855,0.030405968675861556,567.6269529314359,564.092806967644,564.092806967644,refined_candidate_measurement
pdv_channel_1,hann,768,640,128,4096,0.000555083454260383,4.1545426038302764e-07,candidate,refined,75,732421874.7502398,728089598.1956365,-0.4436251193426637,0.030588744048422684,567.6269529314359,564.2694386016183,564.2694386016183,refined_candidate_measurement
pdv_channel_1,hann,768,640,128,4096,0.0005550866542603841,4.1865426038411886e-07,candidate,refined,75,732421874.7502398,728901224.2144358,-0.36051461498926995,0.03090933447724874,567.6269529314359,564.8984487661877,564.8984487661877,refined_candidate_measurement
pdv_channel_1,hann,768,640,128,4096,0.0005550898542603852,4.218542603852101e-07,candidate,refined,75,732421874.7502398,729789259.9176749,-0.2695797589465749,0.03118663557095444,567.6269529314359,565.586676436198,565.586676436198,refined_candidate_measurement
pdv_channel_1,hann,768,640,128,4096,0.0005550930542603863,4.250542603863013e-07,candidate,refined,75,732421874.7502398,730168951.7560654,-0.23069931468213772,0.03131956748493339,567.6269529314359,565.8809376109507,565.8809376109507,refined_candidate_measurement
pdv_channel_1,hann,768,640,128,4096,0.0005550962542603874,4.282542603873925e-07,candidate,refined,75,732421874.7502398,729955235.5229954,-0.25258385695597385,0.03132571501446933,567.6269529314359,565.7153075303214,565.7153075303214,refined_candidate_measurement
pdv_channel_1,hann,768,640,128,4096,0.0005550994542603885,4.3145426038848373e-07,candidate,refined,75,732421874.7502398,729415232.2054074,-0.307880196695829,0.03120108992786563,567.6269529314359,565.2968049591907,565.2968049591907,refined_candidate_measurement
pdv_channel_1,hann,768,640,128,4096,0.0005551026542603896,4.3465426038957495e-07,candidate,refined,75,732421874.7502398,728888895.8352321,-0.3617770410201551,0.030968112327023522,567.6269529314359,564.8888942723049,564.8888942723049,refined_candidate_measurement
pdv_channel_1,hann,768,640,128,4096,0.0005551058542603907,4.3785426039066617e-07,candidate,refined,75,732421874.7502398,728198288.2852331,-0.4324952541641659,0.030690248777874133,567.6269529314359,564.3536734210556,564.3536734210556,refined_candidate_measurement
pdv_channel_1,hann,768,640,128,4096,0.0005551090542603918,4.410542603917574e-07,candidate,refined,74,722656249.75357,727181548.8098761,0.46339062352376337,0.030440379383146695,560.0585935590167,563.565700327654,563.565700327654,refined_candidate_measurement
pdv_channel_1,hann,768,640,128,4096,0.0005551122542603929,4.442542603928486e-07,candidate,refined,74,722656249.75357,726156436.0666511,0.358419078581736,0.030282086166860626,560.0585935590167,562.7712379516546,562.7712379516546,refined_candidate_measurement
pdv_channel_1,hann,768,640,128,4096,0.000555115454260394,4.474542603939398e-07,candidate,refined,74,722656249.75357,725670752.640537,0.308685095730695,0.03015377538072946,560.0585935590167,562.3948332964162,562.3948332964162,refined_candidate_measurement
pdv_channel_1,hann,768,640,128,4096,0.000555118654260395,4.5065426039503104e-07,candidate,refined,74,722656249.75357,725844038.595319,0.3264295775064133,0.030148477442426082,560.0585935590167,562.5291299113723,562.5291299113723,refined_candidate_measurement
pdv_channel_1,hann,768,640,128,4096,0.0005551218542603961,4.5385426039612226e-07,candidate,refined,74,722656249.75357,726140283.9047029,0.3567650971976753,0.03024039185011486,560.0585935590167,562.7587200261447,562.7587200261447,refined_candidate_measurement
pdv_channel_1,hann,768,640,128,4096,0.0005551250542603972,4.570542603972135e-07,candidate,refined,74,722656249.75357,725911997.3778222,0.3333885568371177,0.030269433619668603,560.0585935590167,562.5817979678121,562.5817979678121,refined_candidate_measurement
pdv_channel_1,hann,768,640,128,4096,0.0005551282542603983,4.602542603983047e-07,candidate,refined,74,722656249.75357,725249629.0391895,0.2655620389379921,0.030066233193046604,560.0585935590167,562.0684625053718,562.0684625053718,refined_candidate_measurement
pdv_channel_1,hann,768,640,128,4096,0.0005551314542603994,4.634542603993959e-07,candidate,refined,74,722656249.75357,724620523.5226641,0.2011416340238218,0.029676783681493676,560.0585935590167,561.5809057300646,561.5809057300646,refined_candidate_measurement
pdv_channel_1,hann,768,640,128,4096,0.0005551346542604005,4.6665426040048714e-07,candidate,refined,74,722656249.75357,724668175.6243933,0.2060212092425683,0.029378397411587338,560.0585935590167,561.6178361089048,561.6178361089048,refined_candidate_measurement
pdv_channel_1,hann,768,640,128,4096,0.0005551378542604016,4.6985426040157836e-07,candidate,refined,74,722656249.75357,725491593.7881161,0.2903392292365358,0.0293836171720008,560.0585935590167,562.25598518579,562.25598518579,refined_candidate_measurement
pdv_channel_1,hann,768,640,128,4096,0.0005551410542604027,4.730542604026696e-07,candidate,refined,74,722656249.75357,726082224.0404636,0.35081976709753093,0.029628699963514395,560.0585935590167,562.7137236313592,562.7137236313592,refined_candidate_measurement
pdv_channel_1,hann,768,640,128,4096,0.0005551442542604038,4.762542604037608e-07,candidate,refined,74,722656249.75357,725794337.7324997,0.3213402091519898,0.02986065407550186,560.0585935590167,562.4906117426873,562.4906117426873,refined_candidate_measurement
pdv_channel_1,hann,768,640,128,4096,0.0005551474542604049,4.79454260404852e-07,candidate,refined,74,722656249.75357,725338626.007607,0.2746753285070517,0.029911000446001586,560.0585935590167,562.1374351558954,562.1374351558954,refined_candidate_measurement
pdv_channel_1,hann,768,640,128,4096,0.000555150654260406,4.826542604059432e-07,candidate,refined,74,722656249.75357,724944543.2785482,0.234321257037682,0.02990768077468306,560.0585935590167,561.8320210408749,561.8320210408749,refined_candidate_measurement
pdv_channel_1,hann,768,640,128,4096,0.0005551538542604071,4.858542604070345e-07,candidate,refined,74,722656249.75357,724319711.8590046,0.17033851965459013,0.030040008824353072,560.0585935590167,561.3477766907286,561.3477766907286,refined_candidate_measurement
pdv_channel_1,hann,768,640,128,4096,0.0005551570542604081,4.890542604081257e-07,candidate,refined,74,722656249.75357,723999306.2276862,0.13752898299639293,0.03029542519617427,560.0585935590167,561.0994623264568,561.0994623264568,refined_candidate_measurement
pdv_channel_1,hann,768,640,128,4096,0.0005551602542604092,4.922542604092169e-07,candidate,refined,74,722656249.75357,724417326.8469439,0.1803342944229875,0.03050207880653493,560.0585935590167,561.4234283063815,561.4234283063815,refined_candidate_measurement
pdv_channel_1,hann,768,640,128,4096,0.0005551634542604103,4.954542604103081e-07,candidate,refined,74,722656249.75357,724921903.5256493,0.23200294634003443,0.03049132954956863,560.0585935590167,561.8144752323782,561.8144752323782,refined_candidate_measurement
pdv_channel_1,hann,768,640,128,4096,0.0005551666542604114,4.986542604113993e-07,candidate,refined,74,722656249.75357,724686544.0831108,0.20790213941588018,0.03025376707929065,560.0585935590167,561.6320716644109,561.6320716644109,refined_candidate_measurement
pdv_channel_1,hann,768,640,128,4096,0.0005551698542604125,5.018542604124905e-07,candidate,refined,74,722656249.75357,723778269.3995427,0.11489481178678446,0.029881405216503926,560.0585935590167,560.9281587846456,560.9281587846456,refined_candidate_measurement
pdv_channel_1,hann,768,640,128,4096,0.0005551730542604136,5.050542604135818e-07,candidate,refined,74,722656249.75357,722963749.1028019,0.03148793337209024,0.02945957871490418,560.0585935590167,560.2969055546715,560.2969055546715,refined_candidate_measurement
pdv_channel_1,hann,768,640,128,4096,0.0005551762542604147,5.08254260414673e-07,candidate,refined,74,722656249.75357,722997755.3341248,0.03497017146073824,0.029120520930203925,560.0585935590167,560.3232603839467,560.3232603839467,refined_candidate_measurement
pdv_channel_1,hann,768,640,128,4096,0.0005551794542604158,5.114542604157642e-07,candidate,refined,74,722656249.75357,723838953.8242209,0.12110889687594985,0.028978948613998162,560.0585935590167,560.9751892137712,560.9751892137712,refined_candidate_measurement
pdv_channel_1,hann,768,640,128,4096,0.0005551826542604169,5.146542604168554e-07,candidate,refined,74,722656249.75357,724749627.4166348,0.21436187277093646,0.02901179738441655,560.0585935590167,561.680961247892,561.680961247892,refined_candidate_measurement
pdv_channel_1,hann,768,640,128,4096,0.000555185854260418,5.178542604179466e-07,candidate,refined,74,722656249.75357,724853674.8715287,0.225016332155712,0.029056280437311118,560.0585935590167,561.7615980254348,561.7615980254348,refined_candidate_measurement
pdv_channel_1,hann,768,640,128,4096,0.0005551890542604191,5.210542604190379e-07,candidate,refined,74,722656249.75357,724070848.2172549,0.14485488273072578,0.028902435641112754,560.0585935590167,561.1549073683725,561.1549073683725,refined_candidate_measurement
pdv_channel_1,hann,768,640,128,4096,0.0005551922542604202,5.242542604201291e-07,candidate,refined,74,722656249.75357,722632807.250369,-0.002400512328603503,0.02849074324380937,560.0585935590167,560.0404256190359,560.0404256190359,refined_candidate_measurement
pdv_channel_1,hann,768,640,128,4096,0.0005551954542604212,5.274542604212203e-07,candidate,refined,74,722656249.75357,719837663.9339019,-0.288623188032437,0.027825091000762286,560.0585935590167,557.874189548774,557.874189548774,refined_candidate_measurement
pdv_channel_1,hann,768,640,128,4096,0.0005551986542604223,5.306542604223115e-07,candidate,refined,73,712890624.7569001,715169722.4568789,0.2333796045574196,0.02714025604512122,552.4902341865976,554.2565349040811,554.2565349040811,refined_candidate_measurement
pdv_channel_1,hann,768,640,128,4096,0.0005552018542604234,5.338542604234027e-07,candidate,refined,73,712890624.7569001,709815177.884513,-0.31492575983981963,0.026477900275302658,552.4902341865976,550.1067628604976,550.1067628604976,refined_candidate_measurement
pdv_channel_1,hann,768,640,128,4096,0.0005552050542604245,5.37054260424494e-07,candidate,refined,72,703124999.7602302,706075145.9070249,0.3020949655347933,0.02604737577489316,544.9218748141784,547.2082380779443,547.2082380779443,refined_candidate_measurement
pdv_channel_1,hann,768,640,128,4096,0.0005552082542604256,5.402542604255852e-07,candidate,refined,72,703124999.7602302,704369050.9127017,0.12739083805653087,0.02593577728381634,544.9218748141784,545.8860144573438,545.8860144573438,refined_candidate_measurement
pdv_channel_1,hann,768,640,128,4096,0.0005552114542604267,5.434542604266764e-07,candidate,refined,72,703124999.7602302,703154676.2261912,0.003038870115440046,0.026034114863488163,544.9218748141784,544.9448740752981,544.9448740752981,refined_candidate_measurement
pdv_channel_1,hann,768,640,128,4096,0.0005552146542604278,5.466542604277676e-07,candidate,refined,72,703124999.7602302,701007390.5555341,-0.2168431826348224,0.026130356834130307,544.9218748141784,543.2807276805389,543.2807276805389,refined_candidate_measurement
pdv_channel_1,hann,768,640,128,4096,0.0005552178542604289,5.498542604288588e-07,candidate,refined,71,693359374.7635604,697781615.643884,0.452837466299551,0.02600805799643597,537.3535154417593,540.7807521240101,540.7807521240101,refined_candidate_measurement
pdv_channel_1,hann,768,640,128,4096,0.00055522105426043,5.5305426042995e-07,candidate,refined,71,693359374.7635604,693747945.3433899,0.039789627388108324,0.025927989959182947,537.3535154417593,537.6546576411272,537.6546576411272,refined_candidate_measurement
pdv_channel_1,hann,768,640,128,4096,0.0005552242542604311,5.562542604310413e-07,candidate,refined,71,693359374.7635604,688875081.663315,-0.45919161362170874,0.025503932181603323,537.3535154417593,533.8781882890692,533.8781882890692,refined_candidate_measurement
pdv_channel_1,hann,768,640,128,4096,0.0005552274542604322,5.594542604321325e-07,candidate,refined,70,683593749.7668905,683229135.0225604,-0.03733654983213896,0.025320509842215823,529.7851560693401,529.5025796424843,529.5025796424843,refined_candidate_measurement
pdv_channel_1,hann,768,640,128,4096,0.0005552306542604332,5.626542604332237e-07,candidate,refined,69,673828124.7702206,677705184.7587409,0.39701094295985734,0.025008307440833537,522.2167966969209,525.2215181880242,525.2215181880242,refined_candidate_measurement
pdv_channel_1,hann,768,640,128,4096,0.0005552338542604343,5.658542604343149e-07,candidate,refined,69,673828124.7702206,673148779.4859717,-0.06956495713081592,0.024905006075870765,522.2167966969209,521.690304101628,521.690304101628,refined_candidate_measurement
pdv_channel_1,hann,768,640,128,4096,0.0005552370542604354,5.690542604354061e-07,candidate,refined,69,673828124.7702206,669099121.3174983,-0.4842499537238963,0.024495172801856507,522.2167966969209,518.5518190210612,518.5518190210612,refined_candidate_measurement
pdv_channel_1,hann,768,640,128,4096,0.0005552402542604365,5.722542604364974e-07,candidate,refined,68,664062499.7735507,664413035.9404132,0.035894903498963876,0.024198565776458306,514.6484373245019,514.9201028538203,514.9201028538203,refined_candidate_measurement
pdv_channel_1,hann,768,640,128,4096,0.0005552434542604376,5.754542604375886e-07,candidate,refined,67,654296874.7768809,658723247.616566,0.4532605789383147,0.02354063517174216,507.08007795208266,510.5105169028386,510.5105169028386,refined_candidate_measurement
pdv_channel_1,hann,768,640,128,4096,0.0005552466542604387,5.786542604386798e-07,candidate,refined,67,654296874.7768809,652191077.8196284,-0.215633608496192,0.02291631969922265,507.08007795208266,505.448085310212,505.448085310212,refined_candidate_measurement
pdv_channel_1,hann,768,640,128,4096,0.0005552498542604398,5.81854260439771e-07,candidate,refined,66,644531249.7802111,644977440.4269317,0.0456899222397748,0.022032980160606053,499.5117185796636,499.8575163308721,499.8575163308721,refined_candidate_measurement
pdv_channel_1,hann,768,640,128,4096,0.0005552530542604409,5.850542604408622e-07,candidate,refined,65,634765624.7835412,637356474.6171892,0.26530302305601977,0.02090109100155027,491.94335920724444,493.9512678283216,493.9512678283216,refined_candidate_measurement
pdv_channel_1,hann,768,640,128,4096,0.000555256254260442,5.882542604419535e-07,candidate,refined,64,624999999.7868713,629266164.8541867,0.4368553030420611,0.01962459594963492,484.37499983482525,487.68127776199464,487.68127776199464,refined_candidate_measurement
pdv_channel_1,hann,768,640,128,4096,0.0005552594542604431,5.914542604430447e-07,candidate,refined,64,624999999.7868713,620453920.4851632,-0.46551852065365223,0.018400245916550297,484.37499983482525,480.8517883760015,480.8517883760015,refined_candidate_measurement
pdv_channel_1,hann,768,640,128,4096,0.0005552626542604442,5.946542604441359e-07,candidate,refined,63,615234374.7902014,611006654.0404022,-0.43291860492706735,0.017292139677913345,476.8066404624061,473.53015688131165,473.53015688131165,refined_candidate_measurement
pdv_channel_1,hann,768,640,128,4096,0.0005552658542604453,5.978542604452271e-07,candidate,refined,62,605468749.7935315,600893286.8282146,-0.468527407808224,0.01621505954577471,469.2382810899869,465.69229729186634,465.69229729186634,refined_candidate_measurement
pdv_channel_1,hann,768,640,128,4096,0.0005552690542604463,6.010542604463183e-07,candidate,refined,60,585937499.8001919,590049712.3058724,0.4210905607252899,0.015122077661367781,454.1015623451487,457.28852703705115,457.28852703705115,refined_candidate_measurement
pdv_channel_1,hann,768,640,128,4096,0.0005552722542604474,6.042542604474095e-07,candidate,refined,59,576171874.803522,578331698.6824775,0.22116596528046592,0.013946574837369084,446.53320297272955,448.20706647892,448.20706647892,refined_candidate_measurement
pdv_channel_1,hann,768,640,128,4096,0.0005552754542604485,6.074542604485008e-07,candidate,refined,58,566406249.8068521,565696434.1613487,-0.07268512212433713,0.012621060928154263,438.96484360031036,438.41473647504523,438.41473647504523,refined_candidate_measurement
pdv_channel_1,hann,768,640,128,4096,0.0005552786542604496,6.10654260449592e-07,candidate,refined,57,556640624.8101822,552115555.2958235,-0.4633671184283524,0.011213791437159424,431.3964842278912,427.88955535426317,427.88955535426317,refined_candidate_measurement
pdv_channel_1,hann,768,640,128,4096,0.0005552818542604507,6.138542604506832e-07,candidate,refined,55,537109374.8168426,538125947.4108435,0.10409703366119422,0.010031734260512671,416.259765483053,417.0476092434037,417.0476092434037,refined_candidate_measurement
pdv_channel_1,hann,768,640,128,4096,0.0005552850542604518,6.170542604517744e-07,candidate,refined,54,527343749.82017267,524511187.75998694,-0.2900543550619306,0.00895613533952287,408.6914061106338,406.49617051398985,406.49617051398985,refined_candidate_measurement
pdv_channel_1,hann,768,640,128,4096,0.0005552882542604529,6.202542604528656e-07,candidate,refined,52,507812499.82683295,510963751.82250583,0.3226882044669445,0.007944469993697786,393.55468736579553,395.996907662442,395.996907662442,refined_candidate_measurement
pdv_channel_1,hann,768,640,128,4096,0.000555291454260454,6.234542604539569e-07,candidate,refined,51,498046874.83016306,496071901.19641715,-0.20223730016454636,0.006910705945622223,385.9863279933764,384.4557234272233,384.4557234272233,refined_candidate_measurement
pdv_channel_1,hann,768,640,128,4096,0.0005552946542604551,6.266542604550481e-07,candidate,refined,49,478515624.83682334,479703482.51149905,0.12163662592826831,0.005868198217206054,370.8496092485381,371.77019894641177,371.77019894641177,refined_candidate_measurement
pdv_channel_1,hann,768,640,128,4096,0.0005552978542604562,6.298542604561393e-07,candidate,refined,47,458984374.8434836,462310083.2152457,0.34055253738456653,0.004910226052782994,355.7128905036998,358.2903144918154,358.2903144918154,refined_candidate_measurement
pdv_channel_1,hann,768,640,128,4096,0.0005553010542604573,6.330542604572305e-07,candidate,refined,46,449218749.84681374,444962799.8265165,-0.4358092822270479,0.0040668266063243075,348.14453113128064,344.8461698655503,344.8461698655503,refined_candidate_measurement
pdv_channel_1,hann,768,640,128,4096,0.0005553042542604583,6.362542604583217e-07,candidate,refined,44,429687499.853474,426268032.25615925,-0.35015348208443486,0.003253644317187116,333.00781238644237,330.3577249985234,330.3577249985234,refined_candidate_measurement
pdv_channel_1,hann,768,640,128,4096,0.0005553074542604594,6.39454260459413e-07,candidate,refined,41,400390624.8634644,404457166.8670674,0.41641390131094436,0.002510300667060777,310.3027342691849,313.45430432197725,313.45430432197725,refined_candidate_measurement
pdv_channel_1,hann,768,640,128,4096,0.0005553106542604605,6.426542604605042e-07,candidate,refined,39,380859374.8701247,384371056.3990315,0.35959618868268006,0.001978128218796591,295.1660155243466,297.8875687092494,297.8875687092494,refined_candidate_measurement
pdv_channel_1,hann,768,640,128,4096,0.0005553138542604616,6.458542604615954e-07,candidate,refined,38,371093749.87345487,368791174.4454343,-0.23578372390971078,0.0016054256940826266,287.59765615192754,285.81316019521154,285.81316019521154,refined_candidate_measurement
pdv_channel_1,hann,768,640,128,4096,0.0005553170542604627,6.490542604626866e-07,candidate,refined,36,351562499.8801151,352637736.9185599,0.11010427277429657,0.0012931619686355007,272.4609374070892,273.2942461118839,273.2942461118839,refined_candidate_measurement
pdv_channel_1,hann,768,640,128,4096,0.0005553202542604638,6.522542604637778e-07,candidate,refined,34,332031249.8867754,333085027.31417733,0.10790680860276042,0.0010667723614492378,257.3242186622509,258.1408961684874,258.1408961684874,refined_candidate_measurement
pdv_channel_1,hann,768,640,128,4096,0.0005553234542604649,6.55454260464869e-07,candidate,refined,33,322265624.89010555,319070994.43232346,-0.327130158988441,0.0009727568205626106,249.7558592898318,247.2800206850507,247.2800206850507,refined_candidate_measurement
pdv_channel_1,hann,768,640,128,4096,0.000555326654260466,6.586542604659603e-07,candidate,refined,32,312499999.89343566,313823654.2621008,0.13554220739753445,0.0009708594305958111,242.18749991741262,243.21333205312814,243.21333205312814,refined_candidate_measurement
pdv_channel_1,hann,768,640,128,4096,0.0005553298542604671,6.618542604670515e-07,candidate,refined,32,312499999.89343566,309901331.84109974,-0.26610360864994387,0.0010273818932217584,242.18749991741262,240.1735321768523,240.1735321768523,refined_candidate_measurement
pdv_channel_1,hann,768,640,128,4096,0.0005553330542604682,6.650542604681427e-07,candidate,refined,31,302734374.89676577,303684185.55674195,0.09726061161472666,0.001114067753769459,234.61914054499346,235.35524380647502,235.35524380647502,refined_candidate_measurement
pdv_channel_1,hann,768,640,128,4096,0.0005553362542604693,6.682542604692339e-07,candidate,refined,30,292968749.90009594,297216019.2986466,0.43492038655990056,0.001209405944229512,227.05078117257435,230.34241495645114,230.34241495645114,refined_candidate_measurement
pdv_channel_1,hann,768,640,128,4096,0.0005553394542604703,6.714542604703251e-07,candidate,refined,30,292968749.90009594,292731405.6511149,-0.02430405110394722,0.001298661942401572,227.05078117257435,226.86683937961402,226.86683937961402,refined_candidate_measurement
pdv_channel_1,hann,768,640,128,4096,0.0005553426542604714,6.746542604714164e-07,candidate,refined,30,292968749.90009594,289718544.8323264,-0.33282099905309365,0.0013398398113088977,227.05078117257435,224.53187224505297,224.53187224505297,refined_candidate_measurement
pdv_channel_1,hann,768,640,128,4096,0.0005553458542604725,6.778542604725076e-07,candidate,refined,29,283203124.90342605,287114165.3078996,0.400490537554662,0.001355363200434919,219.48242180015518,222.51347811362217,222.51347811362217,refined_candidate_measurement
pdv_channel_1,hann,768,640,128,4096,0.0005553490542604736,6.810542604735988e-07,candidate,refined,29,283203124.90342605,283672585.53689533,0.04807276888364629,0.0013537577250804073,219.48242180015518,219.8462537910939,219.8462537910939,refined_candidate_measurement
pdv_channel_1,hann,768,640,128,4096,0.0005553522542604747,6.8425426047469e-07,candidate,refined,29,283203124.90342605,280349801.02663684,-0.2921803650828478,0.0013325335311062004,219.48242180015518,217.27109579564356,217.27109579564356,refined_candidate_measurement
pdv_channel_1,hann,768,640,128,4096,0.0005553554542604758,6.874542604757812e-07,candidate,refined,29,283203124.90342605,278397343.99871063,-0.4921119648106744,0.0012966457438970778,219.48242180015518,215.75794159900073,215.75794159900073,refined_candidate_measurement
pdv_channel_1,hann,768,640,128,4096,0.0005553586542604769,6.906542604768725e-07,candidate,refined,28,273437499.9067562,277560304.9279048,0.4221752343095791,0.0012741801213171848,211.91406242773607,215.1092363191262,215.1092363191262,refined_candidate_measurement
pdv_channel_1,hann,768,640,128,4096,0.000555361854260478,6.938542604779637e-07,candidate,refined,28,273437499.9067562,276677381.7992273,0.3317639059021716,0.001262128579173818,211.91406242773607,214.42497089440116,214.42497089440116,refined_candidate_measurement
pdv_channel_1,hann,768,640,128,4096,0.0005553650542604791,6.970542604790549e-07,candidate,refined,28,273437499.9067562,275736639.491033,0.23543189351023033,0.0012618779372606417,211.91406242773607,213.6958956055506,213.6958956055506,refined_candidate_measurement
pdv_channel_1,hann,768,640,128,4096,0.0005553682542604802,7.002542604801461e-07,candidate,refined,28,273437499.9067562,274202262.33736926,0.07831167292148218,0.001283236622914015,211.91406242773607,212.50675331146118,212.50675331146118,refined_candidate_measurement
pdv_channel_1,hann,768,640,128,4096,0.0005553714542604813,7.034542604812373e-07,candidate,refined,28,273437499.9067562,273127305.1963311,-0.0317639383583669,0.0012991779740784588,211.91406242773607,211.67366152715658,211.67366152715658,refined_candidate_measurement
pdv_channel_1,hann,768,640,128,4096,0.0005553746542604824,7.066542604823286e-07,candidate,refined,28,273437499.9067562,272957881.8181949,-0.04911289228542332,0.0012861035210801192,211.91406242773607,211.54235840910107,211.54235840910107,refined_candidate_measurement
pdv_channel_1,hann,768,640,128,4096,0.0005553778542604834,7.098542604834198e-07,candidate,refined,28,273437499.9067562,273957217.88574123,0.05321912106621452,0.0012389190170392435,211.91406242773607,212.31684386144946,212.31684386144946,refined_candidate_measurement
pdv_channel_1,hann,768,640,128,4096,0.0005553810542604845,7.13054260484511e-07,candidate,refined,28,273437499.9067562,274618241.0291927,0.12090789097872366,0.0011892104406218977,211.91406242773607,212.82913679762433,212.82913679762433,refined_candidate_measurement
pdv_channel_1,hann,768,640,128,4096,0.0005553842542604856,7.162542604856022e-07,candidate,refined,28,273437499.9067562,274636910.21217775,0.12281961531704912,0.001154072854242175,211.91406242773607,212.84360541443775,212.84360541443775,refined_candidate_measurement
pdv_channel_1,hann,768,640,128,4096,0.0005553874542604867,7.194542604866934e-07,candidate,refined,28,273437499.9067562,275657769.3843303,0.2273555945811152,0.0011103847407886883,211.91406242773607,213.63477127285597,213.63477127285597,refined_candidate_measurement
pdv_channel_1,hann,768,640,128,4096,0.0005553906542604878,7.226542604877846e-07,candidate,refined,28,273437499.9067562,277761869.7862425,0.442815475810397,0.0010442227591353236,211.91406242773607,215.26544908433792,215.26544908433792,refined_candidate_measurement
pdv_channel_1,hann,768,640,128,4096,0.0005553938542604889,7.258542604888759e-07,candidate,refined,28,273437499.9067562,278162375.08826303,0.4838272187512886,0.0009780693597868353,211.91406242773607,215.57584069340385,215.57584069340385,refined_candidate_measurement
pdv_channel_1,hann,768,640,128,4096,0.00055539705426049,7.290542604899671e-07,candidate,refined,28,273437499.9067562,277383890.87883836,0.40411043567901395,0.0009344090762814907,211.91406242773607,214.97251543109974,214.97251543109974,refined_candidate_measurement
pdv_channel_1,hann,768,640,128,4096,0.0005554002542604911,7.322542604910583e-07,candidate,refined,28,273437499.9067562,277463495.47729194,0.41226194656344106,0.0009186459296700431,211.91406242773607,215.03420899490126,215.03420899490126,refined_candidate_measurement
pdv_channel_1,hann,768,640,128,4096,0.0005554034542604922,7.354542604921495e-07,candidate,refined,29,283203124.90342605,278451483.83760077,-0.48656804530643416,0.0008931432930054605,219.48242180015518,215.7998999741406,215.7998999741406,refined_candidate_measurement
pdv_channel_1,hann,768,640,128,4096,0.0005554066542604933,7.386542604932407e-07,candidate,refined,29,283203124.90342605,279669596.6392858,-0.36183329437134754,0.0008618894250236254,219.48242180015518,216.7439373954465,216.7439373954465,refined_candidate_measurement
pdv_channel_1,hann,768,640,128,4096,0.0005554098542604944,7.41854260494332e-07,candidate,refined,29,283203124.90342605,280409495.442854,-0.28606765686012764,0.0008403426142503231,219.48242180015518,217.31735896821183,217.31735896821183,refined_candidate_measurement
pdv_channel_1,hann,768,640,128,4096,0.0005554130542604954,7.450542604954232e-07,candidate,refined,28,273437499.9067562,278294873.8946141,0.49739509652626196,0.000824825322511462,211.91406242773607,215.67852726832592,215.67852726832592,refined_candidate_measurement
pdv_channel_1,hann,768,640,128,4096,0.0005554162542604965,7.482542604965144e-07,candidate,refined,28,273437499.9067562,276131061.87550294,0.27582074569372056,0.0008089973652492801,211.91406242773607,214.00157295351477,214.00157295351477,refined_candidate_measurement
pdv_channel_1,hann,768,640,128,4096,0.0005554194542604976,7.514542604976056e-07,candidate,refined,29,283203124.90342605,278470127.3054255,-0.48465895420052485,0.0007644930536548165,219.48242180015518,215.81434866170477,215.81434866170477,refined_candidate_measurement
pdv_channel_1,hann,768,640,128,4096,0.0005554226542604987,7.546542604986968e-07,candidate,refined,29,283203124.90342605,282826456.07017666,-0.03857088853789182,0.0007327154692485317,219.48242180015518,219.1905034543869,219.1905034543869,refined_candidate_measurement
pdv_channel_1,hann,768,640,128,4096,0.0005554258542604998,7.578542604997881e-07,candidate,refined,29,283203124.90342605,283064893.22448426,-0.014154923928466668,0.0007234047117941036,219.48242180015518,219.3752922489753,219.3752922489753,refined_candidate_measurement
pdv_channel_1,hann,768,640,128,4096,0.0005554290542605009,7.610542605008793e-07,candidate,refined,29,283203124.90342605,282170746.58829534,-0.1057155395054359,0.0007241874469659288,219.48242180015518,218.6823286059289,218.6823286059289,refined_candidate_measurement
pdv_channel_1,hann,768,640,128,4096,0.000555432254260502,7.642542605019705e-07,candidate,refined,29,283203124.90342605,283719041.6505019,0.052829874918583944,0.0007071596803582666,219.48242180015518,219.88225727913897,219.88225727913897,refined_candidate_measurement
pdv_channel_1,hann,768,640,128,4096,0.0005554354542605031,7.674542605030617e-07,candidate,refined,29,283203124.90342605,284447676.6937791,0.12744210337561057,0.000682419302549997,219.48242180015518,220.4469494376788,220.4469494376788,refined_candidate_measurement
pdv_channel_1,hann,768,640,128,4096,0.0005554386542605042,7.706542605041529e-07,candidate,refined,29,283203124.90342605,283719960.90614885,0.05292400669686334,0.0006583829496842926,219.48242180015518,219.88296970226537,219.88296970226537,refined_candidate_measurement
pdv_channel_1,hann,768,640,128,4096,0.0005554418542605053,7.738542605052441e-07,candidate,refined,29,283203124.90342605,283499442.31682986,0.03034290314289637,0.0006384176702579855,219.48242180015518,219.71206779554313,219.71206779554313,refined_candidate_measurement
pdv_channel_1,hann,768,640,128,4096,0.0005554450542605064,7.770542605063354e-07,candidate,refined,29,283203124.90342605,286449242.5788202,0.33240245007371355,0.0006027438335404089,219.48242180015518,221.99816299858568,221.99816299858568,refined_candidate_measurement
pdv_channel_1,hann,768,640,128,4096,0.0005554482542605074,7.802542605074266e-07,candidate,refined,30,292968749.90009594,291167162.0464346,-0.1844825962778306,0.0005559252082899487,227.05078117257435,225.6545505859868,225.6545505859868,refined_candidate_measurement
pdv_channel_1,hann,768,640,128,4096,0.0005554514542605085,7.834542605085178e-07,outside_analysis_window,outside_analysis_window,-1,,,,,,,,outside_analysis_window
pdv_channel_1,hann,768,640,128,4096,0.0005554546542605096,7.86654260509609e-07,outside_analysis_window,outside_analysis_window,-1,,,,,,,,outside_analysis_window
pdv_channel_1,hann,768,640,128,4096,0.0005554578542605107,7.898542605107002e-07,outside_analysis_window,outside_analysis_window,-1,,,,,,,,outside_analysis_window
pdv_channel_1,hann,768,640,128,4096,0.0005554610542605118,7.930542605117915e-07,outside_analysis_window,outside_analysis_window,-1,,,,,,,,outside_analysis_window
pdv_channel_1,hann,768,640,128,4096,0.0005554642542605129,7.962542605128827e-07,outside_analysis_window,outside_analysis_window,-1,,,,,,,,outside_analysis_window
pdv_channel_1,hann,768,640,128,4096,0.000555467454260514,7.994542605139739e-07,outside_analysis_window,outside_analysis_window,-1,,,,,,,,outside_analysis_window
pdv_channel_1,hann,768,640,128,4096,0.0005554706542605151,8.026542605150651e-07,outside_analysis_window,outside_analysis_window,-1,,,,,,,,outside_analysis_window
pdv_channel_1,hann,768,640,128,4096,0.0005554738542605162,8.058542605161563e-07,outside_analysis_window,outside_analysis_window,-1,,,,,,,,outside_analysis_window
pdv_channel_1,hann,768,640,128,4096,0.0005554770542605173,8.090542605172476e-07,outside_analysis_window,outside_analysis_window,-1,,,,,,,,outside_analysis_window
pdv_channel_1,hann,768,640,128,4096,0.0005554802542605184,8.122542605183388e-07,outside_analysis_window,outside_analysis_window,-1,,,,,,,,outside_analysis_window
pdv_channel_1,hann,768,640,128,4096,0.0005554834542605195,8.1545426051943e-07,outside_analysis_window,outside_analysis_window,-1,,,,,,,,outside_analysis_window
pdv_channel_1,hann,768,640,128,4096,0.0005554866542605205,8.186542605205212e-07,outside_analysis_window,outside_analysis_window,-1,,,,,,,,outside_analysis_window
pdv_channel_1,hann,768,640,128,4096,0.0005554898542605216,8.218542605216124e-07,outside_analysis_window,outside_analysis_window,-1,,,,,,,,outside_analysis_window
pdv_channel_1,hann,768,640,128,4096,0.0005554930542605227,8.250542605227036e-07,outside_analysis_window,outside_analysis_window,-1,,,,,,,,outside_analysis_window
pdv_channel_1,hann,768,640,128,4096,0.0005554962542605238,8.282542605237949e-07,outside_analysis_window,outside_analysis_window,-1,,,,,,,,outside_analysis_window
pdv_channel_1,hann,768,640,128,4096,0.0005554994542605249,8.314542605248861e-07,outside_analysis_window,outside_analysis_window,-1,,,,,,,,outside_analysis_window
pdv_channel_1,hann,768,640,128,4096,0.000555502654260526,8.346542605259773e-07,outside_analysis_window,outside_analysis_window,-1,,,,,,,,outside_analysis_window
pdv_channel_1,hann,768,640,128,4096,0.0005555058542605271,8.378542605270685e-07,outside_analysis_window,outside_analysis_window,-1,,,,,,,,outside_analysis_window
pdv_channel_1,hann,768,640,128,4096,0.0005555090542605282,8.410542605281597e-07,outside_analysis_window,outside_analysis_window,-1,,,,,,,,outside_analysis_window
pdv_channel_1,hann,768,640,128,4096,0.0005555122542605293,8.44254260529251e-07,outside_analysis_window,outside_analysis_window,-1,,,,,,,,outside_analysis_window
pdv_channel_1,hann,768,640,128,4096,0.0005555154542605304,8.474542605303422e-07,outside_analysis_window,outside_analysis_window,-1,,,,,,,,outside_analysis_window
pdv_channel_1,hann,768,640,128,4096,0.0005555186542605315,8.506542605314334e-07,outside_analysis_window,outside_analysis_window,-1,,,,,,,,outside_analysis_window
pdv_channel_1,hann,768,640,128,4096,0.0005555218542605325,8.538542605325246e-07,outside_analysis_window,outside_analysis_window,-1,,,,,,,,outside_analysis_window
pdv_channel_1,hann,768,640,128,4096,0.0005555250542605336,8.570542605336158e-07,outside_analysis_window,outside_analysis_window,-1,,,,,,,,outside_analysis_window
pdv_channel_1,hann,768,640,128,4096,0.0005555282542605347,8.602542605347071e-07,outside_analysis_window,outside_analysis_window,-1,,,,,,,,outside_analysis_window
pdv_channel_1,hann,768,640,128,4096,0.0005555314542605358,8.634542605357983e-07,outside_analysis_window,outside_analysis_window,-1,,,,,,,,outside_analysis_window
pdv_channel_1,hann,768,640,128,4096,0.0005555346542605369,8.666542605368895e-07,outside_analysis_window,outside_analysis_window,-1,,,,,,,,outside_analysis_window
pdv_channel_1,hann,768,640,128,4096,0.000555537854260538,8.698542605379807e-07,outside_analysis_window,outside_analysis_window,-1,,,,,,,,outside_analysis_window
pdv_channel_1,hann,768,640,128,4096,0.0005555410542605391,8.730542605390719e-07,outside_analysis_window,outside_analysis_window,-1,,,,,,,,outside_analysis_window
pdv_channel_1,hann,768,640,128,4096,0.0005555442542605402,8.762542605401632e-07,outside_analysis_window,outside_analysis_window,-1,,,,,,,,outside_analysis_window
pdv_channel_1,hann,768,640,128,4096,0.0005555474542605413,8.794542605412544e-07,outside_analysis_window,outside_analysis_window,-1,,,,,,,,outside_analysis_window
pdv_channel_1,hann,768,640,128,4096,0.0005555506542605424,8.826542605423456e-07,outside_analysis_window,outside_analysis_window,-1,,,,,,,,outside_analysis_window
pdv_channel_1,hann,768,640,128,4096,0.0005555538542605435,8.858542605434368e-07,outside_analysis_window,outside_analysis_window,-1,,,,,,,,outside_analysis_window
pdv_channel_1,hann,768,640,128,4096,0.0005555570542605446,8.89054260544528e-07,outside_analysis_window,outside_analysis_window,-1,,,,,,,,outside_analysis_window
pdv_channel_1,hann,768,640,128,4096,0.0005555602542605456,8.922542605456192e-07,outside_analysis_window,outside_analysis_window,-1,,,,,,,,outside_analysis_window
pdv_channel_1,hann,768,640,128,4096,0.0005555634542605467,8.954542605467105e-07,outside_analysis_window,outside_analysis_window,-1,,,,,,,,outside_analysis_window
pdv_channel_1,hann,768,640,128,4096,0.0005555666542605478,8.986542605478017e-07,outside_analysis_window,outside_analysis_window,-1,,,,,,,,outside_analysis_window
pdv_channel_1,hann,768,640,128,4096,0.0005555698542605489,9.018542605488929e-07,outside_analysis_window,outside_analysis_window,-1,,,,,,,,outside_analysis_window
pdv_channel_1,hann,768,640,128,4096,0.00055557305426055,9.050542605499841e-07,outside_analysis_window,outside_analysis_window,-1,,,,,,,,outside_analysis_window
pdv_channel_1,hann,768,640,128,4096,0.0005555762542605511,9.082542605510753e-07,outside_analysis_window,outside_analysis_window,-1,,,,,,,,outside_analysis_window
pdv_channel_1,hann,768,640,128,4096,0.0005555794542605522,9.114542605521666e-07,outside_analysis_window,outside_analysis_window,-1,,,,,,,,outside_analysis_window
pdv_channel_1,hann,768,640,128,4096,0.0005555826542605533,9.146542605532578e-07,outside_analysis_window,outside_analysis_window,-1,,,,,,,,outside_analysis_window
pdv_channel_1,hann,768,640,128,4096,0.0005555858542605544,9.17854260554349e-07,outside_analysis_window,outside_analysis_window,-1,,,,,,,,outside_analysis_window
pdv_channel_1,hann,768,640,128,4096,0.0005555890542605555,9.210542605554402e-07,outside_analysis_window,outside_analysis_window,-1,,,,,,,,outside_analysis_window
pdv_channel_1,hann,768,640,128,4096,0.0005555922542605566,9.242542605565314e-07,outside_analysis_window,outside_analysis_window,-1,,,,,,,,outside_analysis_window
pdv_channel_1,hann,768,640,128,4096,0.0005555954542605576,9.274542605576227e-07,outside_analysis_window,outside_analysis_window,-1,,,,,,,,outside_analysis_window
pdv_channel_1,hann,768,640,128,4096,0.0005555986542605587,9.306542605587139e-07,outside_analysis_window,outside_analysis_window,-1,,,,,,,,outside_analysis_window
pdv_channel_1,hann,768,640,128,4096,0.0005556018542605598,9.338542605598051e-07,outside_analysis_window,outside_analysis_window,-1,,,,,,,,outside_analysis_window
pdv_channel_1,hann,768,640,128,4096,0.0005556050542605609,9.370542605608963e-07,outside_analysis_window,outside_analysis_window,-1,,,,,,,,outside_analysis_window
pdv_channel_1,hann,768,640,128,4096,0.000555608254260562,9.402542605619875e-07,outside_analysis_window,outside_analysis_window,-1,,,,,,,,outside_analysis_window
pdv_channel_1,hann,768,640,128,4096,0.0005556114542605631,9.434542605630787e-07,outside_analysis_window,outside_analysis_window,-1,,,,,,,,outside_analysis_window
pdv_channel_1,hann,768,640,128,4096,0.0005556146542605642,9.4665426056417e-07,outside_analysis_window,outside_analysis_window,-1,,,,,,,,outside_analysis_window
pdv_channel_1,hann,768,640,128,4096,0.0005556178542605653,9.498542605652612e-07,outside_analysis_window,outside_analysis_window,-1,,,,,,,,outside_analysis_window
pdv_channel_1,hann,768,640,128,4096,0.0005556210542605664,9.530542605663524e-07,outside_analysis_window,outside_analysis_window,-1,,,,,,,,outside_analysis_window
pdv_channel_1,hann,768,640,128,4096,0.0005556242542605675,9.562542605674436e-07,outside_analysis_window,outside_analysis_window,-1,,,,,,,,outside_analysis_window
pdv_channel_1,hann,768,640,128,4096,0.0005556274542605686,9.594542605685348e-07,outside_analysis_window,outside_analysis_window,-1,,,,,,,,outside_analysis_window
pdv_channel_1,hann,768,640,128,4096,0.0005556306542605696,9.62654260569626e-07,outside_analysis_window,outside_analysis_window,-1,,,,,,,,outside_analysis_window
pdv_channel_1,hann,768,640,128,4096,0.0005556338542605707,9.658542605707173e-07,outside_analysis_window,outside_analysis_window,-1,,,,,,,,outside_analysis_window
pdv_channel_1,hann,768,640,128,4096,0.0005556370542605718,9.690542605718085e-07,outside_analysis_window,outside_analysis_window,-1,,,,,,,,outside_analysis_window
pdv_channel_1,hann,768,640,128,4096,0.0005556402542605729,9.722542605728997e-07,outside_analysis_window,outside_analysis_window,-1,,,,,,,,outside_analysis_window
pdv_channel_1,hann,768,640,128,4096,0.000555643454260574,9.75454260573991e-07,outside_analysis_window,outside_analysis_window,-1,,,,,,,,outside_analysis_window
pdv_channel_1,hann,768,640,128,4096,0.0005556466542605751,9.786542605750822e-07,outside_analysis_window,outside_analysis_window,-1,,,,,,,,outside_analysis_window
pdv_channel_1,hann,768,640,128,4096,0.0005556498542605762,9.818542605761734e-07,outside_analysis_window,outside_analysis_window,-1,,,,,,,,outside_analysis_window
pdv_channel_1,hann,768,640,128,4096,0.0005556530542605773,9.850542605772646e-07,outside_analysis_window,outside_analysis_window,-1,,,,,,,,outside_analysis_window
pdv_channel_1,hann,768,640,128,4096,0.0005556562542605784,9.882542605783558e-07,outside_analysis_window,outside_analysis_window,-1,,,,,,,,outside_analysis_window
pdv_channel_1,hann,768,640,128,4096,0.0005556594542605795,9.91454260579447e-07,outside_analysis_window,outside_analysis_window,-1,,,,,,,,outside_analysis_window
pdv_channel_1,hann,768,640,128,4096,0.0005556626542605806,9.946542605805382e-07,outside_analysis_window,outside_analysis_window,-1,,,,,,,,outside_analysis_window
pdv_channel_1,hann,768,640,128,4096,0.0005556658542605817,9.978542605816295e-07,outside_analysis_window,outside_analysis_window,-1,,,,,,,,outside_analysis_window
pdv_channel_1,hann,768,640,128,4096,0.0005556690542605827,1.0010542605827207e-06,outside_analysis_window,outside_analysis_window,-1,,,,,,,,outside_analysis_window
pdv_channel_1,hann,768,640,128,4096,0.0005556722542605838,1.004254260583812e-06,outside_analysis_window,outside_analysis_window,-1,,,,,,,,outside_analysis_window
pdv_channel_1,hann,768,640,128,4096,0.0005556754542605849,1.0074542605849031e-06,outside_analysis_window,outside_analysis_window,-1,,,,,,,,outside_analysis_window
pdv_channel_1,hann,768,640,128,4096,0.000555678654260586,1.0106542605859943e-06,outside_analysis_window,outside_analysis_window,-1,,,,,,,,outside_analysis_window
pdv_channel_1,hann,768,640,128,4096,0.0005556818542605871,1.0138542605870856e-06,outside_analysis_window,outside_analysis_window,-1,,,,,,,,outside_analysis_window
pdv_channel_1,hann,768,640,128,4096,0.0005556850542605882,1.0170542605881768e-06,outside_analysis_window,outside_analysis_window,-1,,,,,,,,outside_analysis_window
pdv_channel_1,hann,768,640,128,4096,0.0005556882542605893,1.020254260589268e-06,outside_analysis_window,outside_analysis_window,-1,,,,,,,,outside_analysis_window
pdv_channel_1,hann,768,640,128,4096,0.0005556914542605904,1.0234542605903592e-06,outside_analysis_window,outside_analysis_window,-1,,,,,,,,outside_analysis_window
pdv_channel_1,hann,768,640,128,4096,0.0005556946542605915,1.0266542605914504e-06,outside_analysis_window,outside_analysis_window,-1,,,,,,,,outside_analysis_window
pdv_channel_1,hann,768,640,128,4096,0.0005556978542605926,1.0298542605925417e-06,outside_analysis_window,outside_analysis_window,-1,,,,,,,,outside_analysis_window
pdv_channel_1,hann,768,640,128,4096,0.0005557010542605937,1.0330542605936329e-06,outside_analysis_window,outside_analysis_window,-1,,,,,,,,outside_analysis_window
pdv_channel_1,hann,768,640,128,4096,0.0005557042542605947,1.036254260594724e-06,outside_analysis_window,outside_analysis_window,-1,,,,,,,,outside_analysis_window
pdv_channel_1,hann,768,640,128,4096,0.0005557074542605958,1.0394542605958153e-06,outside_analysis_window,outside_analysis_window,-1,,,,,,,,outside_analysis_window
pdv_channel_1,hann,768,640,128,4096,0.0005557106542605969,1.0426542605969065e-06,outside_analysis_window,outside_analysis_window,-1,,,,,,,,outside_analysis_window
pdv_channel_1,hann,768,640,128,4096,0.000555713854260598,1.0458542605979977e-06,outside_analysis_window,outside_analysis_window,-1,,,,,,,,outside_analysis_window
pdv_channel_1,hann,768,640,128,4096,0.0005557170542605991,1.049054260599089e-06,outside_analysis_window,outside_analysis_window,-1,,,,,,,,outside_analysis_window
pdv_channel_1,hann,768,640,128,4096,0.0005557202542606002,1.0522542606001802e-06,outside_analysis_window,outside_analysis_window,-1,,,,,,,,outside_analysis_window
pdv_channel_1,hann,768,640,128,4096,0.0005557234542606013,1.0554542606012714e-06,outside_analysis_window,outside_analysis_window,-1,,,,,,,,outside_analysis_window
pdv_channel_1,hann,768,640,128,4096,0.0005557266542606024,1.0586542606023626e-06,outside_analysis_window,outside_analysis_window,-1,,,,,,,,outside_analysis_window
pdv_channel_1,hann,768,640,128,4096,0.0005557298542606035,1.0618542606034538e-06,outside_analysis_window,outside_analysis_window,-1,,,,,,,,outside_analysis_window
pdv_channel_1,hann,768,640,128,4096,0.0005557330542606046,1.065054260604545e-06,outside_analysis_window,outside_analysis_window,-1,,,,,,,,outside_analysis_window
pdv_channel_1,hann,768,640,128,4096,0.0005557362542606057,1.0682542606056363e-06,outside_analysis_window,outside_analysis_window,-1,,,,,,,,outside_analysis_window
pdv_channel_1,hann,768,640,128,4096,0.0005557394542606068,1.0714542606067275e-06,outside_analysis_window,outside_analysis_window,-1,,,,,,,,outside_analysis_window
pdv_channel_1,hann,768,640,128,4096,0.0005557426542606078,1.0746542606078187e-06,outside_analysis_window,outside_analysis_window,-1,,,,,,,,outside_analysis_window
pdv_channel_1,hann,768,640,128,4096,0.0005557458542606089,1.07785426060891e-06,outside_analysis_window,outside_analysis_window,-1,,,,,,,,outside_analysis_window
pdv_channel_1,hann,768,640,128,4096,0.00055574905426061,1.0810542606100012e-06,outside_analysis_window,outside_analysis_window,-1,,,,,,,,outside_analysis_window
pdv_channel_1,hann,768,640,128,4096,0.0005557522542606111,1.0842542606110924e-06,outside_analysis_window,outside_analysis_window,-1,,,,,,,,outside_analysis_window
pdv_channel_1,hann,768,640,128,4096,0.0005557554542606122,1.0874542606121836e-06,outside_analysis_window,outside_analysis_window,-1,,,,,,,,outside_analysis_window
pdv_channel_1,hann,768,640,128,4096,0.0005557586542606133,1.0906542606132748e-06,outside_analysis_window,outside_analysis_window,-1,,,,,,,,outside_analysis_window
pdv_channel_1,hann,768,640,128,4096,0.0005557618542606144,1.093854260614366e-06,outside_analysis_window,outside_analysis_window,-1,,,,,,,,outside_analysis_window
pdv_channel_1,hann,768,640,128,4096,0.0005557650542606155,1.0970542606154573e-06,outside_analysis_window,outside_analysis_window,-1,,,,,,,,outside_analysis_window
pdv_channel_1,hann,768,640,128,4096,0.0005557682542606166,1.1002542606165485e-06,outside_analysis_window,outside_analysis_window,-1,,,,,,,,outside_analysis_window
pdv_channel_1,hann,768,640,128,4096,0.0005557714542606177,1.1034542606176397e-06,outside_analysis_window,outside_analysis_window,-1,,,,,,,,outside_analysis_window
pdv_channel_1,hann,768,640,128,4096,0.0005557746542606188,1.106654260618731e-06,outside_analysis_window,outside_analysis_window,-1,,,,,,,,outside_analysis_window
pdv_channel_1,hann,768,640,128,4096,0.0005557778542606198,1.1098542606198221e-06,outside_analysis_window,outside_analysis_window,-1,,,,,,,,outside_analysis_window
pdv_channel_1,hann,768,640,128,4096,0.0005557810542606209,1.1130542606209133e-06,outside_analysis_window,outside_analysis_window,-1,,,,,,,,outside_analysis_window
pdv_channel_1,hann,768,640,128,4096,0.000555784254260622,1.1162542606220046e-06,outside_analysis_window,outside_analysis_window,-1,,,,,,,,outside_analysis_window
pdv_channel_1,hann,768,640,128,4096,0.0005557874542606231,1.1194542606230958e-06,outside_analysis_window,outside_analysis_window,-1,,,,,,,,outside_analysis_window
pdv_channel_1,hann,768,640,128,4096,0.0005557906542606242,1.122654260624187e-06,outside_analysis_window,outside_analysis_window,-1,,,,,,,,outside_analysis_window
pdv_channel_1,hann,768,640,128,4096,0.0005557938542606253,1.1258542606252782e-06,outside_analysis_window,outside_analysis_window,-1,,,,,,,,outside_analysis_window
pdv_channel_1,hann,768,640,128,4096,0.0005557970542606264,1.1290542606263694e-06,outside_analysis_window,outside_analysis_window,-1,,,,,,,,outside_analysis_window
pdv_channel_1,hann,768,640,128,4096,0.0005558002542606275,1.1322542606274607e-06,outside_analysis_window,outside_analysis_window,-1,,,,,,,,outside_analysis_window
pdv_channel_1,hann,768,640,128,4096,0.0005558034542606286,1.1354542606285519e-06,outside_analysis_window,outside_analysis_window,-1,,,,,,,,outside_analysis_window
pdv_channel_1,hann,768,640,128,4096,0.0005558066542606297,1.138654260629643e-06,outside_analysis_window,outside_analysis_window,-1,,,,,,,,outside_analysis_window
pdv_channel_1,hann,768,640,128,4096,0.0005558098542606308,1.1418542606307343e-06,outside_analysis_window,outside_analysis_window,-1,,,,,,,,outside_analysis_window
pdv_channel_1,hann,768,640,128,4096,0.0005558130542606318,1.1450542606318255e-06,outside_analysis_window,outside_analysis_window,-1,,,,,,,,outside_analysis_window
pdv_channel_1,hann,768,640,128,4096,0.0005558162542606329,1.1482542606329168e-06,outside_analysis_window,outside_analysis_window,-1,,,,,,,,outside_analysis_window
pdv_channel_1,hann,768,640,128,4096,0.000555819454260634,1.151454260634008e-06,outside_analysis_window,outside_analysis_window,-1,,,,,,,,outside_analysis_window
pdv_channel_1,hann,768,640,128,4096,0.0005558226542606351,1.1546542606350992e-06,outside_analysis_window,outside_analysis_window,-1,,,,,,,,outside_analysis_window
pdv_channel_1,hann,768,640,128,4096,0.0005558258542606362,1.1578542606361904e-06,outside_analysis_window,outside_analysis_window,-1,,,,,,,,outside_analysis_window
pdv_channel_1,hann,768,640,128,4096,0.0005558290542606373,1.1610542606372816e-06,outside_analysis_window,outside_analysis_window,-1,,,,,,,,outside_analysis_window
pdv_channel_1,hann,768,640,128,4096,0.0005558322542606384,1.1642542606383728e-06,outside_analysis_window,outside_analysis_window,-1,,,,,,,,outside_analysis_window
pdv_channel_1,hann,768,640,128,4096,0.0005558354542606395,1.167454260639464e-06,outside_analysis_window,outside_analysis_window,-1,,,,,,,,outside_analysis_window
pdv_channel_1,hann,768,640,128,4096,0.0005558386542606406,1.1706542606405553e-06,outside_analysis_window,outside_analysis_window,-1,,,,,,,,outside_analysis_window
pdv_channel_1,hann,768,640,128,4096,0.0005558418542606417,1.1738542606416465e-06,outside_analysis_window,outside_analysis_window,-1,,,,,,,,outside_analysis_window
pdv_channel_1,hann,768,640,128,4096,0.0005558450542606428,1.1770542606427377e-06,outside_analysis_window,outside_analysis_window,-1,,,,,,,,outside_analysis_window
pdv_channel_1,hann,768,640,128,4096,0.0005558482542606439,1.180254260643829e-06,outside_analysis_window,outside_analysis_window,-1,,,,,,,,outside_analysis_window
pdv_channel_1,hann,768,640,128,4096,0.0005558514542606449,1.1834542606449202e-06,outside_analysis_window,outside_analysis_window,-1,,,,,,,,outside_analysis_window
pdv_channel_1,hann,768,640,128,4096,0.000555854654260646,1.1866542606460114e-06,outside_analysis_window,outside_analysis_window,-1,,,,,,,,outside_analysis_window
pdv_channel_1,hann,768,640,128,4096,0.0005558578542606471,1.1898542606471026e-06,outside_analysis_window,outside_analysis_window,-1,,,,,,,,outside_analysis_window
pdv_channel_1,hann,768,640,128,4096,0.0005558610542606482,1.1930542606481938e-06,outside_analysis_window,outside_analysis_window,-1,,,,,,,,outside_analysis_window
pdv_channel_1,hann,768,640,128,4096,0.0005558642542606493,1.196254260649285e-06,outside_analysis_window,outside_analysis_window,-1,,,,,,,,outside_analysis_window
pdv_channel_1,hann,768,640,128,4096,0.0005558674542606504,1.1994542606503763e-06,outside_analysis_window,outside_analysis_window,-1,,,,,,,,outside_analysis_window
pdv_channel_1,hann,768,640,128,4096,0.0005558706542606515,1.2026542606514675e-06,outside_analysis_window,outside_analysis_window,-1,,,,,,,,outside_analysis_window
pdv_channel_1,hann,768,640,128,4096,0.0005558738542606526,1.2058542606525587e-06,outside_analysis_window,outside_analysis_window,-1,,,,,,,,outside_analysis_window
pdv_channel_1,hann,768,640,128,4096,0.0005558770542606537,1.20905426065365e-06,outside_analysis_window,outside_analysis_window,-1,,,,,,,,outside_analysis_window
pdv_channel_1,hann,768,640,128,4096,0.0005558802542606548,1.2122542606547411e-06,outside_analysis_window,outside_analysis_window,-1,,,,,,,,outside_analysis_window
pdv_channel_1,hann,768,640,128,4096,0.0005558834542606559,1.2154542606558323e-06,outside_analysis_window,outside_analysis_window,-1,,,,,,,,outside_analysis_window
pdv_channel_1,hann,768,640,128,4096,0.000555886654260657,1.2186542606569236e-06,outside_analysis_window,outside_analysis_window,-1,,,,,,,,outside_analysis_window
pdv_channel_1,hann,768,640,128,4096,0.000555889854260658,1.2218542606580148e-06,outside_analysis_window,outside_analysis_window,-1,,,,,,,,outside_analysis_window
pdv_channel_1,hann,768,640,128,4096,0.0005558930542606591,1.225054260659106e-06,outside_analysis_window,outside_analysis_window,-1,,,,,,,,outside_analysis_window
pdv_channel_1,hann,768,640,128,4096,0.0005558962542606602,1.2282542606601972e-06,outside_analysis_window,outside_analysis_window,-1,,,,,,,,outside_analysis_window
pdv_channel_1,hann,768,640,128,4096,0.0005558994542606613,1.2314542606612884e-06,outside_analysis_window,outside_analysis_window,-1,,,,,,,,outside_analysis_window
pdv_channel_1,hann,768,640,128,4096,0.0005559026542606624,1.2346542606623797e-06,outside_analysis_window,outside_analysis_window,-1,,,,,,,,outside_analysis_window
pdv_channel_1,hann,768,640,128,4096,0.0005559058542606635,1.2378542606634709e-06,outside_analysis_window,outside_analysis_window,-1,,,,,,,,outside_analysis_window
pdv_channel_1,hann,768,640,128,4096,0.0005559090542606646,1.241054260664562e-06,outside_analysis_window,outside_analysis_window,-1,,,,,,,,outside_analysis_window
pdv_channel_1,hann,768,640,128,4096,0.0005559122542606657,1.2442542606656533e-06,outside_analysis_window,outside_analysis_window,-1,,,,,,,,outside_analysis_window
pdv_channel_1,hann,768,640,128,4096,0.0005559154542606668,1.2474542606667445e-06,outside_analysis_window,outside_analysis_window,-1,,,,,,,,outside_analysis_window
pdv_channel_1,hann,768,640,128,4096,0.0005559186542606679,1.2506542606678358e-06,outside_analysis_window,outside_analysis_window,-1,,,,,,,,outside_analysis_window
pdv_channel_1,hann,768,640,128,4096,0.000555921854260669,1.253854260668927e-06,outside_analysis_window,outside_analysis_window,-1,,,,,,,,outside_analysis_window
pdv_channel_1,hann,768,640,128,4096,0.00055592505426067,1.2570542606700182e-06,outside_analysis_window,outside_analysis_window,-1,,,,,,,,outside_analysis_window
pdv_channel_1,hann,768,640,128,4096,0.0005559282542606711,1.2602542606711094e-06,outside_analysis_window,outside_analysis_window,-1,,,,,,,,outside_analysis_window
pdv_channel_1,hann,768,640,128,4096,0.0005559314542606722,1.2634542606722006e-06,outside_analysis_window,outside_analysis_window,-1,,,,,,,,outside_analysis_window
pdv_channel_1,hann,768,640,128,4096,0.0005559346542606733,1.2666542606732918e-06,outside_analysis_window,outside_analysis_window,-1,,,,,,,,outside_analysis_window
pdv_channel_1,hann,768,640,128,4096,0.0005559378542606744,1.269854260674383e-06,outside_analysis_window,outside_analysis_window,-1,,,,,,,,outside_analysis_window
pdv_channel_1,hann,768,640,128,4096,0.0005559410542606755,1.2730542606754743e-06,outside_analysis_window,outside_analysis_window,-1,,,,,,,,outside_analysis_window
pdv_channel_1,hann,768,640,128,4096,0.0005559442542606766,1.2762542606765655e-06,outside_analysis_window,outside_analysis_window,-1,,,,,,,,outside_analysis_window
pdv_channel_1,hann,768,640,128,4096,0.0005559474542606777,1.2794542606776567e-06,outside_analysis_window,outside_analysis_window,-1,,,,,,,,outside_analysis_window
pdv_channel_1,hann,768,640,128,4096,0.0005559506542606788,1.282654260678748e-06,outside_analysis_window,outside_analysis_window,-1,,,,,,,,outside_analysis_window
